S01B00006275696C642F72656C656173652F7A69676265652E73333714
S214004000081000206D740000F9B60000993E030009
S214004010993E030001B7000009B70000993E03006F
S214004020993E0300993E0300993E0300993E030023
S2140040300DB70000EC820400993E0300993E030091
S214004040993E0300993E0300993E0300856F0000E9
S214004050993E0300993E0300993E0300993E0300F3
S214004060993E0300993E03000DBC0000993E0300F4
S214004070993E0300993E0300993E0300993E0300D3
S214004080993E0300993E0300993E0300993E0300C3
S214004090993E0300993E0300993E0300993E0300B3
S2140040A0993E03003578000019780000993E030019
S2140040B0993E0300993E0300993E03005D0B020003
S2140040C05999030055990300C10202006F99030035
S2140040D05D9903001D0B02006199030051EF01007A
S2140040E09D0B0200993E0300993E0300993E030093
S2140040F0993E0300993E0300993E0300993E030053
S214004100993E0300993E0300993E0300993E030042
S214004110993E0300993E0300993E0300993E030032
S214004120993E0300993E0300993E0300993E030022
S208004130993E0300AC
S214004134F0B5114A114C124E00F00105E3695F0711
S21400414413D40DB9334213D103EA00078F4207D1C3
S2140041540B4A1A40002A14BF6FF001000020F0BD7D
S214004164013AEBD16FF00200F9E74FF0FF30F6E7C3
S2140041746FF00100F3E700BF80969800000003503C
S214004184020001000B4B70B5D96911F480310DD1D2
S21400419401244FF48072084E084DF46020462C64C7
S2140041A41A61FFF7C5FF3464EC6070BD6FF0010060
S2140041B4FBE700BF0000035000100350002003502C
S2140041C438B541F6713301220C4C0021E569E363EE
S2140041D40B4B05F48035DA600223606121202361ED
S2140041E4FFF7A6FF10B92120FFF7A2FF0122054B17
S2140041F4DA600DB10023E36338BD00BF000003504E
S214004204001003500020035070B5134C6061E3693E
S2140042145B071ED40E4656F8043B8D18A361AE42C7
S2140042240BD10423002121202361FFF781FF58B915
S214004234BDE870402120FFF77BBF08210846FFF742
S21400424477FF10B10423236170BD56F8043BA361C5
S214004254E5E74FF0FF30F7E7000003502DE9F84399
S214004264154641F67132164B8946DF69DA63012238
S214004274064603F58053DFF8508007F48037DA608B
S21400428455B9284601220F4BDA601FB10022A3F568
S2140042940053DA63BDE8F88306F5005404EA08041C
S2140042A4A41BAC4228BF2C46494622463046FFF79C
S2140042B4ABFF0028E6D12644A1442D1BE0E700BF4F
S2100042C4000003500020035000E0FFFF45
S2140042D02DE9F04F4FF0FD0BC9B09A460DF11B09C2
S2140042E09DF8503108AFCDF80C90CDF808B0019786
S2140042F0059303890446009383790E4690464188C9
S2140043008288407811F048F9054650B10090A3889D
S214004310002062883A4911F083FC284649B0BDE87F
S214004320F08F99F8000032F033FE38B12846A388A3
S2140043306288344911F074FC8D25EEE75A463946FA
S21400434099F8000032F0CCFD8346002851D0529BED
S2140043501BB1BDF84C3198424BD8002399F8009019
S2140043600793A9F14102012A5FFA8BF123D8384658
S2140043700139254ADFF898C05FFA81FE734513DBE2
S214004380059B04210792C3B907AF18221F489FED6B
S2140043901A7B02FB060420460A460830394684ED9E
S2140043A0027B16F093F911E010F8011F013351401B
S2140043B00CFB01F2E2E7059B33B123464A4638463A
S2140043C000960FF011F8A8E70829DED9B8F1000F1B
S2140043D001D088F80090BAF1000F01D0AAF800B01A
S2140043E0529B002B99D05A46184608A916F06EF92B
S2140043F093E7012591E700BF0000000000000000E1
S214004400A42C0400D92C0400C59D1C81801000201B
S21400441093010001000000002DE9F04F93B0CDE9B4
S2140044200A32DDE91C530E9353EC102BCDE908013C
S214004430104619468DED060B1E9E15F0D1FB80B179
S214004440DDE906014FF0FF32C54B15F0F1FB40B930
S214004450DDE906014FF0FF326FF4801315F0CAFB5A
S21400446070B1DDE908019DED060B0E9B1E96CDE9A9
S2140044701C53DDE90A3213B0BDE8F04F00F088B9EE
S2140044800022DDE90601002315F0B4FB002800F049
S2140044903381DDE906A303F1004BCBF30A5016F493
S2140044A08063A0F2FF3008BF06250F9315F0C6F80C
S2140044B09BA3D3E9002315F02BF99BA3D3E9002394
S2140044C014F070FFCBF31304894644F07F51804606
S2140044D00022A44B504641F4401114F061FF94A30F
S2140044E0D3E9002315F014F902460B464046494628
S2140044F014F058FF15F0A6FB044615F09FF88EA39F
S214004500D3E900238046894615F002F90022964B2F
S21400451014F048FF15F096FB89A3D3E9002307465D
S2140045204946404615F0F4F880463846894615F068
S21400453085F885A3D3E9002315F0EAF802460B4672
S2140045404046494614F02CFF02460B46CDE90C23A4
S21400455015F0DEF8DDE90C2380468946104619463C
S21400456014F020FF0022CDE91001804B404649465A
S21400457015F0F8F900227E4B14F014FF02460B46A5
S2140045804046494615F0EEF900227A4B14F00AFF31
S21400459002460B464046494615F0E4F9DDE90C2391
S2140045A08046894600204FF0804114F0F9FE02460E
S2140045B00B464046494614F0F5FE02460B46DDE93A
S2140045C0100115F0CFF907F2FF3700226A4B14F0FE
S2140045D0E9FE00223B0515F09BF852465B468046F6
S2140045E0894615F025FB002840F08980CDE90C8926
S2140045F004F16303C62B8CBF0527042731051BD5A2
S21400460053A3D3E900235046594615F007FB00286C
S2140046107FD051A3D3E900235046594615F0EAFA55
S214004620002876D00027A542C6BF2C1B04F1FF3514
S21400463000253C4646F480660E9B9F422CBF4FF0FA
S2140046400008A3EB070816F0020903D0002F18BFD6
S2140046504FF000083CB1DDE90C235046594615F0F2
S21400466081F982468B46DDE906010022002315F01B
S214004670C1FA10B10BF100439B46DDE9080126F4B0
S2140046800063CDE90183DDE90A324BEC10AB0095FF
S21400469000F07EF802465FB3DDE9091316F0200F3E
S2140046A000F10105089E0CBF65204520B047DDE9F6
S2140046B008010523002205930A23002CCDE90232C7
S2140046C007F1FF374FEAD473B8BF64422A46019316
S2140046D004970A9B009434F0B7FA0246B9F1000F2B
S2140046E006D00B9BC41A0B9B1A190E9BA34245D8E7
S2140046F0104613B0BDE8F08FDDE906ABCDE600222C
S214004700404649461A4B15F02DF9013CCDE90C01FF
S2140047106EE7002D90D00F9B002B8DD0013D8BE7D0
S214004720FB799F501344D33FB3C8608B288AC63F9B
S21400473061436F63A787D23F71A379094F930A40FD
S2140047401655B5BBB16B0240EF39FAFE422EE63F76
S2140047502D431CEBE2361A3F0000000080842E41F9
S214004760FFFFEF7F0000F83F0000E03F00002C4016
S21400477000002440000018400000F03F2020DDE943
S2140047800913089DA8470134ADE700BF00000000EC
S2140047902DE9F04F5BEC10AB97B0CDE90501DDE9F4
S2140047A02058CDE90723504652465B465946229F7D
S2140047B015F016FA70B90323CDE902870193AA4BC8
S2140047C00093DDE90501DDE9072334F06FF917B042
S2140047D0BDE8F08F4FF0FF326FF480135046594615
S2140047E015F008FA28B10423CDE9028701939F4B00
S2140047F0E6E74FF0FF32504659469D4B15F018FA43
S21400480068B19C4A07F00403002B08BF03229A4BAA
S2140048101CBF13460422CDE902870192D0E750461A
S2140048208DA3D3E90023594615F002FA38B98CA3B4
S214004830D3E900235046594615F0DCF968B1DDE9A6
S2140048400723DDE905014BEC10ABCDE92187209568
S21400485017B0BDE8F04FFFF7DFBD0022002350463B
S214004860594615F0C7F9002800F091805B4652467D
S2140048700020002114F094FD012382468B46099304
S21400488017F4806400F08580092D40F285800024AE
S21400489030210EABA5F109020134202C03F8011BD0
S2140048A0A5EB040901D09442F6D15946504615F0BE
S2140048B0C9F9724B054603EBC90393ED007B8DEDFA
S2140048C00A7B14F0BBFE02460B465046594614F0CF
S2140048D067FDDDE90A2314F01BFF02460B46CDE90F
S2140048E00C2315F0D7F9064614F098FE02460B4640
S2140048F0DDE90C0114F054FD02460B46CDE90C230D
S21400490000225F4B15F094F9002848D00136304657
S21400491014F084FE02460B46DDE90A0115F074F930
S21400492008B100260135B9F1000F45D1284614F02C
S21400493085FE02460B465046594614F031FD0022CD
S2140049404F4B15F057F910B9E90700D501350A2184
S2140049500EAB1A19202C0AD095FBF1F001FB10556E
S214004960303502F8015B013405460028F2D107F025
S2140049700302012A55D1B8F1000F52D0099A12B994
S21400498017F00C0F01D008F1FF38302240E00990F4
S21400499076E74FF0060988E7A946002485E7002257
S2140049A0DDE90C01364B15F025F90028BBD10EB118
S2140049B0F007B8D50136B6E70A210EAB1A19202C37
S2140049C00DD0B6FBF1F001FB1063092E03F13003A6
S2140049D009F1FF3904F1010402F8013B11D8302136
S2140049E0A1440EAA202CB2D04C4504F101030AD1F2
S2140049F004F158020DEB02042E2204F8202C1C466B
S214004A00A5E70646DBE7A1541C46EBE71A5501343A
S214004A10444506D2202CF9D1CDE9028701940EAB8D
S214004A20CEE6202CF8D0099B3BB12D2204F158038A
S214004A306B4403F8202C0134EEE77A0704D504F122
S214004A4058032B226B44F4E73B07E5D504F15803E3
S214004A5020226B44EDE700BF0000000065CDCD418D
S214004A600000000065CDCDC1934A0400974A0400BB
S214004A70FFFFEF7F8A4A04008F4A0400209204005A
S214004A800000E03F0000000070B58EB02C22002130
S214004A9003A815F08BFC64234FF002320893CDE98F
S214004AA005230B2301218DF834305B4B8DF8101055
S214004AB01D880D4040F0A980084638F083FB0A2286
S214004AC0564B574C1A704FF42873ADF812304FF00F
S214004AD0FF332360534B54491B8820460B82534BAD
S214004AE0534A1B68CD828B61524B0D621B884B82EA
S214004AF0514B1B68CB611CF0C7F820B14FF41B71FB
S214004B004E4839F09DFC0521206834F086FA20B125
S214004B1040F27D21494839F093FC206814F0FCFBF4
S214004B20474B2068196834F03BFB0C2538F0B2FF81
S214004B306843099038F0AEFF68430DEB0501079017
S214004B40206816F0F5FA20B140F295213B4839F07E
S214004B5077FC25681EF042FC00220146284634F009
S214004B6097FB20B140F29721344839F069FC40F2B7
S214004B700353344D344E2B80052396F90000AB705A
S214004B807F2801D11CF076F93378EB7038F082FF7D
S214004B9000EB80008000A88038F07CFF0023C00077
S214004BA04FF0FF31E880AB604FF0FF3018A3D3E939
S214004BB0002338F059FC2549206834F022FB206891
S214004BC002A934F03EFF20B14FF434711B4839F08F
S214004BD037FC042220680DEB020134F0B6FA0428F4
S214004BE004D040F2D721154839F02AFC01A901204B
S214004BF033F0C1FE06F0C4FD01201CF0CDFD2FF001
S214004C00A7FE1CF0F3FD1CF0CDF80EB070BD00BF83
S214004C100A0020FF42030000EE5B002044630020F1
S214004C202054002052AB0400F069002058AB04006A
S214004C30EDD1030050AB040054AB0400C281040065
S214004C404067002014540020026D002061D203004B
S214004C500348044B834202D0034B03B11847704706
S214004C60346D0020346D002000000000064B07491C
S214004C70C91A891048BF0131491003D0044B0BB143
S214004C8001481847704700BF346D0020346D00207F
S214004C900000000010B5064C237843B9FFF7D8FF94
S214004CA0044B13B10448AFF300800123237010BDFA
S214004CB06816002000000000F8CE040008B5044B7B
S214004CC01BB104490448AFF30080BDE80840CDE7B7
S214004CD0000000006C160020F8CE0400A3F5803A11
S214004CE0704700BF154B002B08BF114B9D46FFF7C2
S214004CF0F5FF00218B460F461148124A121A15F08E
S214004D0055FB0C4B002B00D098470B4B002B00D0CC
S214004D1098470020002104000D000B4815F08CFE7B
S214004D2015F01CFB200029002EF005FE15F072FE83
S214004D30000008000000000000000000081000202E
S214004D4008100020A8630020A1AA010007B50121D1
S214004D5020200DF1070200F0D7FE50B101212020DF
S214004D600DF107028DF8071000F0DEFE03B05DF8C7
S214004D7004FB9DF807100129F8D00122084814F01A
S214004D8003FA01210DF1070220208DF8071000F02C
S214004D90CBFE2EF054FD4FF4FA6000F0C5FDE5E7BB
S214004DA088E8030038B501F027F8012805D001F09F
S214004DB023F8022801D001F037F8064D2B783BB9CE
S214004DC001F01AF80128044602D12EF0ABFD2C7033
S214004DD038BD00BFDA5C002070B50C46088800F0CD
S214004DE00FFE94F844300546834214D004F11C06A6
S214004DF030462EF033FD84F844502EF033FD322139
S214004E00A06430462EF025FD94F844100248BDE814
S214004E10704014F0B9B970BDB0E8030010B5044690
S214004E20008800F0EDFDA37884F84400834202BFBA
S214004E300123E3702371074B04F11C00C4E9073417
S214004E4000F0B8FE224620880349BDE8104000F076
S214004E50EFBD00BF1F360300D94D000070B5C37804
S214004E6004460D461646002B34D1D1B1214814F025
S214004E708BF90123E370E36CA6600BB1E06D9847F5
S214004E80E368F61A63699E4221D2217E1A480131F0
S214004E90C9B2217614F078F9A36D13B1217EE06DC6
S214004EA09847E5702EF0DEFC15B3237903BBA268A5
S214004EB0238A801A83421BD201231048237114F0E0
S214004EC063F9236DA3B1E06DBDE870401847012378
S214004ED02376E6E70029E4D1094814F055F9636D16
S214004EE0E660E5702571002BDBD0E06D9847D8E7CB
S214004EF070BD00BFCDE80300DEE803000CE9030048
S214004F00F9E80300F8B51E46838804460D461746A2
S214004F100BB18680F8BD817800882EF0A1FB0123B6
S214004F20E370084BE5802781A680C4E903340C347F
S214004F30204600F03FFE29462046BDE8F8402EF009
S214004F4088BC00BF6B36030010B501790446B1FA81
S214004F5081F1008849092EF0FAFB21796088B1FAC0
S214004F6081F149092EF0F3FB034B1A68A24204BFF5
S214004F7000221A6010BD00BF8416002070B5437969
S214004F800446A3B100880E4E04F10805336813B139
S214004F900C4B1B786BB121792EF0D9FB64210A4BA0
S214004FA03460A3602846BDE870402EF052BC4088AE
S214004FB0E9E7064814F0E8F8054B3221A360F1E76C
S214004FC084160020DB5C0020494F000022E9030025
S214004FD07D4F000010B50446E0B10F4814F0D4F839
S214004FE001236371A37953B9217920882EF0AFFB92
S214004FF0236B7BB1606B0121BDE81040184720464B
S214005000FFF7A2FF04F108002EF028FC2046FFF769
S214005010B5FFEDE710BD00BF58E9030010B5044624
S214005020F8B1104814F0B0F800236371A3796BB997
S21400503021792088B1FA81F149092EF088FB236B8B
S2140050407BB1606B0021BDE8104018472046FFF793
S2140050507BFF04F108002EF001FC2046FFF78EFFD0
S214005060EDE710BD63E9030010B5044668B10748D4
S21400507014F08AF8637920461BB1BDE81040FFF7AC
S214005080CDBFBDE81040FFF7A5BF10BD6FE9030018
S21400509010B50E4C0E48214614F076F882210D48C5
S2140050A014F072F882210220A21E00F03DFD014697
S2140050B030B134F8022C0848BDE8104014F064B84B
S2140050C00648BDE8104014F05FB800BF72550020D7
S2140050D07EE9030099E90300A4E90300E8E9030078
S2140050E038B5114C82212246022000F00DFDA51C89
S2140050F0014688B122880D4814F046F82A460C4B23
S21400510003F1240153F8040B8B4242F8040BF9D147
S2140051101B7813702423238035F8021C054A0648A2
S214005120BDE8384014F030B870550020F3E90300AD
S21400513073EA03007255002051EA030010B50446D6
S2140051400146084814F020F8012C074805D12EF037
S214005150E4FABDE8104001F05DBABDE810402EF05C
S214005160DEBA00BF98EA0300CC66002070B50024C3
S214005170184D194E3378A34217DC0024174D184EED
S2140051803378A34217DC0024164D174E3378A3421B
S21400519017DC00F031FE0128144818D12EF0BDFAB5
S2140051A0BDE87040124800F039BE2846FFF736FECC
S2140051B001346035DEE728462EF095FA01343435A2
S2140051C0DEE728462EF0C8FA01343835DEE72EF042
S2140051D0A6FAE5E758210020E15C002078250020AB
S2140051E0E25C0020281F0020E05C0020CC66002047
S2140051F03D5100002DE9F04F87B0FFF771FFAC4B33
S21400520005A805932EF0D1FA054614F0CBFFA94C5D
S214005210C2B21F2A627004D9A74813F0B5FF00F087
S21400522077FB2946A01C15F051FA05A82EF0BDFA0A
S214005230054614F0B7FFC2B21F2A84F8212001D910
S2140052409E48EAE7294604F1220015F03FFA05A831
S2140052502EF0ABFA002604462578002D40F0848018
S214005260974CFFF783FF2378DFF894A2DFF8948249
S214005270944E00939AF8003098F8002031789248BF
S21400528013F082FF98F800203378904F13449AF872
S21400529000204FF48270134422784FF6FF711344B7
S2140052A0DBB2012B38BF01233A4602932B463D461C
S2140052B0029C01339C4213705080918002F10C02D4
S2140052C0F6DC4FF0000B824C80497A48AC6000F068
S2140052D059FEE879AB6800EB400003EB800000F075
S2140052E05DFCEB79DFF8FC910133EB7133785B45BD
S2140052F000F34A8200274FF00C09764ADFF8CCB15B
S21400530098F800003178B84200F3528247180C2112
S214005310002501FB07B19AF800009423A8426E4AC4
S21400532000F364820C2598F8003000274FF07008D0
S2140053303678DFF8D4A11E44064405FB06B5604B5C
S2140053401B78BB4200F365820299604800F094FC2B
S214005350059B57491A468B4240F06E825F4807B05D
S214005360BDE8F04F13F010BF532D0FD163784C2BD0
S21400537040F00C81A378502B40F008810122584B56
S2140053801A7005A82EF011FA044665E7582D35D890
S214005390412DF6D9423D162DF3D801A353F825F03A
S2140053A029540000FD56000083530000835300007C
S2140053B08353000083530000835300000D55000004
S2140053C08353000083530000655400000F54000010
S2140053D08353000083530000835300008353000070
S2140053E0FB5500008D5500008353000083530000DA
S2140053F0835300008353000067560000692DC0D118
S214005400601C2EF0DFF980B22EF015FAB9E72D4BAE
S214005410012019780023334A994202F1A402B0DD34
S21400542002F8A20C0133F7E7601C00F055FB0546B6
S214005430E01C2EF0E9F901210246284600F09AFA0F
S21400544060222948294C03785A43A118A5524FF4E4
S214005450FA620A824FF448724A61254A0A650133A5
S21400546003708EE7601C00F037FB0022342680466F
S214005470204F114600F07EFA38781F4D06FB00F3E9
S21400548025F80380EA18E3781046693B18BF012325
S21400549093702EF028F93B78002103FB0655012671
S2140054A0164A33441560516016743B7069E700BFB6
S2140054B072550020EC650020B7EA0300CEEA030030
S2140054C0DC5C0020DF5C0020DEEA0300881600209B
S2140054D0001700208C1B0020D01900202EEB0300A4
S2140054E0DB5C00208C1C0020E15C002058210020A2
S2140054F08B370300E25C002078250020CC66002075
S214005500DD5C0020DE5C002080180020601C00F0BF
S214005510E3FA00221146804600F02CFA3422CB4DE6
S214005520CB4F287802FB00F327F80380F918E378BE
S2140055300846693B18BF01238B702EF0D4F8C54A85
S21400554000231146906BB8B901EB831134232A78F7
S21400555002FB03738B635EB9BF4A3346114652F8AB
S214005560040B78B93422287800FB027241F8232015
S2140055702B7801332B7004E70133042B02F1400231
S214005580E0D1E8E70133042BE9D1F1E7601C00F035
S214005590A3FA0746E01C2EF037F9012102463846EA
S2140055A000F0E8F96023AD4DAD4C2A78A4205343B3
S2140055B0E118E7524FF44873AA4F0B824B61AA4B8F
S2140055C0DFF8C8C28B653B7858430CEB00010CF83B
S2140055D000304FF40070488003200871887102EB99
S2140055E0420004EB401432200133DBB201324B712F
S2140055F08C6081F8A0002A7057E7601C00F06CFAF7
S21400560000224FF038088146984F114600F0B2F954
S2140056103B78974D08FB03F325F803904FF00109FC
S214005620EA1882F80490E3786BB1E01C00F054FAB4
S21400563000220446114600F09DF93B7808FB035310
S2140056405C8083F806908B48824A0378990153540D
S214005650397802EB8314C1EBC10205EBC202626328
S2140056604A1C3A70FBE6601C00F036FA0746E01C5F
S21400567000F032FA0546601D2EF0C6F804460246D3
S2140056800121384600F076F922466024284601219A
S21400569000F070F9DFF8C4C1714A9CF80030DFF8FA
S2140056A0C8E104FB03F0111817524FF44870C1F814
S2140056B058E008824861591CC9B24C431719155363
S2140056C094246D4D38827861981C8CF800002878F8
S2140056D0C7F858E04443694F03EB430301EB41012D
S2140056E007EB040C02EB431302EB41123855CCF8DF
S2140056F00430CCF808200130287042E6601C00F028
S214005700EBF90746E01C00F0E7F9002205461146D3
S214005710384600F02FF9002238241146284600F0BB
S21400572029F95248524A03784FF0010E04FB03FC55
S21400573002EB0C0122F80C704FF0000C81F804E02C
S21400574081F806C003EB0E01C9B24C431719155376
S2140057509C1C047070244A4D87F806C0287887F889
S21400576004E04443474FC3EBC303C1EBC10107EB5F
S214005770040C02EBC30302EBC1023855CCF804302C
S214005780CCF808207044B7E7BBF1000F06D017F836
S214005790053C03EB430304EB8304BC6039464846F0
S2140057A001F0E6F90BF1010B09F1A4090C379DE5B0
S2140057B079180AD0481E09FB00B0C07900EB4000FB
S2140057C004EB800409FB01B08460104609FB01511C
S2140057D0039200F0CFFF31782B48394409FB015182
S2140057E000F0FEFE039A0137403289E5FD4218BFFD
S2140057F011F8050C03911EBF00EB400004EB80047B
S2140058008C6003FB052000F003FE039901350C3184
S21400581081E5F74218BF15F8053C29461CBF03EB87
S214005820430304EB830408FB07A018BFAC6000F03A
S214005830C5FC01370C3582E513F8011D00297FF4FD
S21400584088AD3B2102F8011C83E500BFE25C002026
S214005850782500208C1B0020CC660020E15C002010
S21400586058210020DF5C00208F370300E05C00201A
S214005870281F0020DE5C0020DD5C0020D019002000
S214005880DC5C0020801800201C1F00208C1C0020E0
S21400589007B5022101200DF1060200F035F938B9EE
S2140058A0044813F071FCBDF8060003B05DF804FB75
S2140058B00020FAE74BEB030007B50221ADF806001F
S2140058C00DF10602012000F02FF9014610B1034841
S2140058D013F05AFC03B05DF804FB00BF6CEB03004A
S2140058E010B5FFF7D5FF04460146074813F04CFCF9
S2140058F00121064813F048FC24B9BDE810400120F9
S214005900FFF7DABF10BD00BF9CEB0300AEEB030051
S21400591008B5044813F038FC00F016F92DF08FFF98
S2140059202DF08AFFC4EB030038B50446084D094B3A
S21400593028462B6000F03EF9002C18BF214628466A
S214005940BDE8384008BF4FF496712DF082BF00BF07
S2140059507C260020E337030010B5044C237823B9D7
S214005960034838F019FD0123237010BDE45C0020C5
S2140059704885040073B506460D461446FFF7ECFF4F
S2140059800E4A330AD35C8DF805608DF804307DB17D
S214005990012C04D0032C09D00022012101E022466C
S2140059A0022101A801F01AFE02B070BD0022F7E73E
S2140059B004212A460DEB0100F4E700BFC78204006D
S2140059C007B5064A030AD35C8DF8050001A88DF8D2
S2140059D0043001F037FE03B05DF804FBC782040014
S2140059E007B5064A030AD35C8DF8050001A88DF8B2
S2140059F0043001F053FE03B05DF804FBC7820400D8
S214005A0007B50A4A030AD35C8DF805008DF8043002
S214005A1000230DF1030101A88DF8033001F06AFEA2
S214005A209DF8030003B05DF804FB00BFC7820400C6
S214005A302DE9F043214C85B0064688469146FFF78F
S214005A408BFF23781BB901F0ADFD012323701C4AA0
S214005A50330AD35C30228DF80C300023194F8DF8B2
S214005A600D6002FB03F4395DE51901BB01233B55CC
S214005A704FF0FF3304F1100013493844AB606E80DA
S214005A80C5F80480C5F80C9008F09AFD04F10801EA
S214005A90042239440D4B009503A801F059FEA9686D
S214005AA002460B4813F070FB05B0BDE8F0830133E7
S214005AB0102BD6D1074813F067FBF5E7E35C002010
S214005AC0C7820400A4260020E9370300FB37030042
S214005AD0D1EB0300FFEB030080B10278A2F1410393
S214005AE0032B0BD840783038C0B2082806D8054BB0
S214005AF0134413F8413C40EA032070474FF6FF700A
S214005B00704700BFC782040008B50B4642B1014685
S214005B100448006802F060FFBDE808402DF085BE2E
S214005B20022008BD3867002008B50B4642B1014682
S214005B300448006803F0D8F8BDE808402DF075BEAC
S214005B40022008BD38670020F0B50026124F8DB041
S214005B50FF2300930A223346386802A92EF0ADFCD4
S214005B60C0B102AB1D4603EB800404E055F8043BCD
S214005B70B34228BF5E1CAC423868E9D9296803F0F6
S214005B8039FA0028F2D02D28F0D00DB0BDE8F0404C
S214005B902DF04BBE0DB0F0BD3867002028B1034B8A
S214005BA00360034B436000238360704719000003C3
S214005BB0E0660020FF2307B50021044A0093083062
S214005BC008F082FC03B05DF804FB00BF4D3803000C
S214005BD00B460449024608680349097808B12DF0C7
S214005BE048BE7047AC290020E65C0020F8B50C469D
S214005BF018B122210E4838F023FC246823685E7909
S214005C005F8830463946FFF7E3FF08B98120F8BDC4
S214005C108568002DFAD0A368E27C39463046A8474E
S214005C2004460028F2D131F01FFF2046EFE700BF00
S214005C3027EC0300F8B515460D4A044610680D4AD1
S214005C400B46117850B122462DF013FE034628B1BC
S214005C5000210C27C678B14201DB0020F8BD07FB07
S214005C6001F45A681019125BAA42F7D00131F2E724
S214005C70AC290020E65C00202DE9F74F04460D46CF
S214005C800026454B454F1860454B197033010021DF
S214005C90F85C01360FF06EFA0C2EF7D10C2D28BFEB
S214005CA00C254FF0000901953C4EDFF800A13D4D54
S214005CB0DFF8FC80019B4B4502DC03B0BDE8F08FAB
S214005CC023784FF0000B337063887380A388B3800B
S214005CD0A379C6F80880B371E379C8F8005088F84D
S214005CE004304FF00003A768A8F80630E3795B4558
S214005CF00ADC012116F8100B0FF03CFA08F1080830
S214005D0009F101090C34D5E74FF0000338886B81A0
S214005D102880FB784FF0000C2B81BA78C5F804A0D9
S214005D20002A00920CBF802240222A7379680AF16A
S214005D300C02634513DC03EB43030AEB830ABB68E0
S214005D4043B1009A4FF6FF71B2FA82F2164B52092F
S214005D5031F01AFE14350BF1010B0C37C6E7B1F81B
S214005D6000E00CF1010C22F80CEC91F802E00C3289
S214005D7002F816EC91F804E00C3102F815EC11F874
S214005D8009ECBEF1010F14BF4FF0100E4FF0110ECC
S214005D9002F814ECCDE700BFAC29002074400020C8
S214005DA0E65C0020B02F0020ED5B0000B02900204C
S214005DB030320020014B1860704700BFA829002031
S214005DC070B5128805460E46FFF734FF044670B1DC
S214005DD002790499806814F03BFB064B1B680BB9EC
S214005DE0002070BD3146284622889847F8E786206E
S214005DF0F7E700BFA829002008B50EF057FA0228DA
S214005E0006D0012806D0044B18784000C0B208BD62
S214005E100120FCE70220FAE7E55C0020014B186051
S214005E20704700BFA4290020034B1A781AB9012234
S214005E301A700AF041BA7047E55C00200022064B53
S214005E4010B51A70054B1C682CB1FFF7D5FF23461A
S214005E50BDE81040184710BDE55C0020A4290020CE
S214005E6037B50446002832D00EF020FA022830D18A
S214005E70608932F076F9E079237A003818BF01207D
S214005E80012B637A08BF40F008000BB140F0100009
S214005E9063890BB140F00400257CA188A2790DB17E
S214005EA0E36873B90C4B0FF041FD217808460FF0FC
S214005EB0B9FD31F060FC002814BF0320002003B0B9
S214005EC030BDCDE90035054B0FF030FDEDE7022083
S214005ED0F5E70120F3E700BFBD390400C008040061
S214005EE008B50CF047FB014630B1044813F04CF9F6
S214005EF0BDE808400CF0E2BE08BD00BF99EC030008
S214005F00034B044A5B7C012103201370FFF70CBE91
S214005F10CC660020E75C002010B50446FFF7F0FFD3
S214005F20B4F57F4F0BD100240A4B1A8813449C709B
S214005F30FFF7AEF82046BDE81040FFF7F5BC4FF679
S214005F4001739C4204D1BDE8104003482DF0CDBB40
S214005F5010BD00BF70550020CC66002010B5074C61
S214005F60012122460320FFF7CFFD28B92378044AF3
S214005F70003B18BF0123537410BD00BFE75C002030
S214005F80CC6600200822F8B532244B4B33251A7015
S214005F9030225C70DC7036249A705A71DA714FF4D5
S214005FA000121C711C72454C4264C464444C0122AD
S214005FB00465444C9D718465434C8518C465434C08
S214005FC0C5674466424C434D8466434CC0F88050D7
S214005FD00467424C80F848204467202480F87840C4
S214005FE080F8844000F12104C0F888403C4C80F8DA
S214005FF05420C0F88C403B4C80F86020C0F8944099
S214006000394C80F86C20C0F8984080F89020374CC7
S21400601080F89C20C0F8B830354BC0F8A440C0F8D3
S214006020BC300F24022380F8A84080F8C030314CE2
S214006030314BC0F8AC40C0F8C430304C304BC0F8E0
S214006040B040C0F8C830092482232E4D80F8B440F2
S21400605080F8CC302C7C2C4BC0F8A000C0F8D03098
S21400606044B12A4B80F8D820C0F8D43005F111038B
S214006070C0F8DC304FF0000CCA798E6802EB4203A1
S2140060809F00443006EB830326F807C058600120C3
S2140060900C349870DC701318CB71FFF75FFFFFF7B6
S2140060A0ABFE012806D12B7C23B1BDE8F84015488D
S2140060B02DF01BBBF8BD00BFE85C0020E0820400AA
S2140060C001002000DF82040002002000DE820400BF
S2140060D00300200005004200DD82040004004200A8
S2140060E007003000DC82040012001001004042006D
S2140060F0FDFF2100CB820400DA8204000600420085
S21400610000FF4401CC6600207055002001FF1001FE
S214006110437B044A0121137000781130C0B2FFF7A8
S21400612003BD00BFF25C002038B504460078054D7C
S21400613011302A460121C0B2FFF7E6FC08B92B78D9
S214006140637338BDF25C0020024B53F820002DF03C
S21400615077BC00BF90320020012908B506D002297E
S21400616007D049B92DF063FC002008BD2DF062FC75
S214006170FAE72DF062FCF7E7024813F005F8012075
S214006180F3E700BFC6EC030011461A46024B53F86D
S2140061902000FFF7E1BF00BF90320020002310B5BB
S2140061A0044683810364A0F844304830FFF702FDBC
S2140061B0014BC4E9123410BD273A030038B5044633
S2140061C00B781A4A43700D4642F82300FFF7E6FFA5
S2140061D02046FFF7A9FF4FF4401323610123144A1A
S2140061E02375A261134A84F82030E261124A84F8CB
S2140061F02C306262114A84F83830A26204F10C0234
S21400620022630F4A04F10D036263E363EA79A86828
S21400621002EB420300EB830110344C60094C40F85B
S2140062202340094B8B60531CEB7138BD9032002025
S214006230F15C002008002000A46C002000FF300065
S21400624001FF1001020101048961000010B47024EE
S214006250427B0D48013A012904FB020006D00229C0
S21400626008D059B95DF8044B2DF0E1BB5DF8044B3E
S2140062702DF0E0BB5DF8044B2DF0DFBB03485DF866
S214006280044B12F081BF00BF80180020E2EC030030
S214006290B0F85C302DE9F0418B4204460E4638D00B
S2140062A0437B077C8BB31C4A12789A422DD3702509
S2140062B01A4A013B05FB032390F80F801B7B4246DE
S2140062C02DF0CCFBB845054601D1FF281FD13A4634
S2140062D03146204694F890302DF0C0FB2F460546F8
S2140062E0552212216078A4F85C602DF0E4FAFF2FA6
S2140062F003D039462046FFF7A9FFFF2D09D02946CF
S2140063002046BDE8F0412DF0E9BBFF25DFE7074654
S214006310E6E7BDE8F08100BFDC5C002080180020C6
S21400632041688268C978D27849B112B10321FFF773
S214006330AFBF837B002B0CBF01210221F7E72AB1F8
S214006340837B002B0CBF02210121F0E7014812F0ED
S2140063501BBF00BFF3EC0300037BD3B14368DA78BE
S21400636012B18268D278A2B91B7933B1837B002B35
S2140063700CBF04210521FFF78BBF83681B792BB167
S214006380837B002B0CBF05210421F4E7014812F0A3
S214006390FBBE704725ED0300084A437B05211370BA
S2140063A0837B5370C37B9370037CD370037B137122
S2140063B000780E30C0B2FFF7B7BB00BFF35C00201A
S2140063C038B5044600780C4D0E302A460521C0B27A
S2140063D0FFF79AFB20B1BDE83840084812F0D4BE5B
S2140063E02B7863736B78A373AB78E373EB782374C3
S2140063F02B79237338BD00BFF35C002061ED0300EA
S214006400024B53F820002DF0B3BB00BFB83200207B
S214006410F8B504460B78424A43700D4642F823000E
S214006420404E2DF0C3FBFFF7CBFF6268A3683E48E3
S2140064303E49D6641165D4655065C3E91410DE6420
S214006440DC654FF0987302266361012304F10C01AA
S214006450E16137491032216204F10D01A16235492C
S2140064602376E16204F10E016163334984F8243037
S214006470A16304F10F012164304984F8303061646F
S21400648004F11001E1642E4984F83C3084F8483069
S214006490216584F85460A265E879A96800EB40029B
S2140064A001EB820704F1140CC7F804C04FF4817C9A
S2140064B0244F41F82270C218D2B202EB420241F8D1
S2140064C022C001EB820700227A601F4A84F87030EF
S2140064D022661E4A84F88830A2661D4A1D4BE26674
S2140064E01D4AC4F88C3062671C4A8319A26704F1FF
S2140064F05C02C4F88020DBB2194A03EB4303C4F8FD
S214006500842084F8646084F87C6001EB8302603445
S2140065105460144A033041F82320E871F8BD00BFE8
S214006520B832002021630000333B030059630000AB
S21400653001002001020010010300300104003001B8
S2140065400500210101FC01064A002100E282040048
S21400655051001000E4820400E5820400550021008A
S2140065606F0018001200010470B50D46064614466A
S21400657013460A460146164812F006FE25B920467E
S214006580BDE87040FFF7C8BC072D05D12146304650
S214006590BDE8704000F0B2BA4FF601439D4205D107
S2140065A021463046BDE87040FFF72ABF062D05D1CC
S2140065B021463046BDE8704000F096B8B5F5817FBC
S2140065C005D121463046BDE87040FFF7BDBD70BD21
S2140065D090ED03000148FFF7EDBB00BF69650000C2
S2140065E04FF4C01330B5036001230371074B8C686A
S2140065F08360CA7902EB420304EB830568600448B3
S21400660044F82300531CCB7130BD00BFE682040063
S2140066100400010138B50024044D55F8040B08B1F8
S2140066202DF0D4FA01340A2CF7D138BDE032002020
S214006630042908B509D15AB113781BB92DF0F1FA1F
S214006640002008BD2DF0E3FAFAE7024812F09CFDA0
S2140066500120F6E7C3ED030011461A46024B53F835
S2140066602000FFF7E5BF00BFE03200200229024607
S21400667008B50ED004D839B910462DF0D2FA06E087
S2140066804029F9D0412907D110462DF0C0FA002044
S21400669008BD2DF0D0FAFAE7024812F075FD012089
S2140066A0F6E700BFE3ED030011461A46024B53F827
S2140066B02000FFF7DBBF00BFE0320020426B094B33
S2140066C052791A7082785A70C2789A70826B12B1B8
S2140066D090F83C20DA70007804210930014AC0B2F4
S2140066E0FFF722BAF85C0020024B53F820002DF08A
S2140066F0BEBA00BFE032002038B504460078084D28
S21400670009302A460421C0B2FFF7FEF930B96B788B
S214006710A370AB78E370EB7884F83C3038BD00BFEC
S214006720F85C002038B504460078114D09302A463A
S2140067300421C0B2FFF7E8F9C8B9A3782A78022B7B
S2140067400CD004D863B920462DF06BFA01E0FF2B7D
S2140067500AD02046BDE838402DF038BA002AF2D1DB
S21400676020462DF054FAF4E7002AF9D1EBE738BDBD
S214006770F85C0020F8B504460B78284A0D4642F827
S21400678023004370FFF7B8FF636B254A5C631A6308
S2140067902046FFF7C7FF20462DF018FA4FF4801367
S2140067A063600123626BA66B0532E2601D4A2372AA
S2140067B02261A21C2375A26166B11B4A84F82030B0
S2140067C0E261E21C6262194A84F82C3004F13C0350
S2140067D0A26223630627EA79A96802EB4203002E29
S2140067E021F8237001EB83000CBF02230423C3703F
S2140067F0012383700E4B04348360531C4460DBB269
S2140068000C4C03EB430341F8234001EB83000023C9
S2140068104360094B02328360EA71F8BDE032002023
S2140068204B3C03000340300101FF300102FF100122
S214006830A96600000800010059660000024641797A
S214006840D37808480139042B00EB811008D8012BB7
S21400685004D80BB92DF0DBB92DF0E3B92DF0EBB968
S214006860704700BF8C1B002002464179D378084849
S2140068700139042B00EB811008D8012B04D80BB982
S2140068802DF0CFB92DF0C3B92DF0D5B9704700BFA4
S2140068908C1B002030B587B004464579FFF7ACFA6C
S2140068A0012822D1E2786B1E042A1ED8DFE802F007
S2140068B00431031F2800104663784FF480728DF869
S2140068C004304FF48273ADF806300623ADF8083076
S2140068D001238DF80B3000238DF80A0001A8CDE9BE
S2140068E003238DF81430FFF7BBFA07B030BD0A4A11
S2140068F002EB83135B6B5B79181E18BF0120DBE786
S214006900054A02EB83135B6B5B79B3FA83F04009AD
S214006910D2E70020D0E700BF8C1B002030B587B040
S21400692004464579FFF768FA012829D1E3786A1EFC
S214006930042B25D8DFE803F00B0B0B032600164BC1
S21400694003EB82135B6B5B79003B18BF0123627815
S2140069508DF80A308DF804204FF482720123ADF8CA
S214006960062006228DF80B30ADF8082000234FF4E1
S214006970807201A8CDE903238DF81430FFF770FA72
S21400698007B030BD044B03EB82135B6B5B79B3FA45
S21400699083F35B09DBE700BF8C1B002010B586B0D5
S2140069A00446FFF729FA012812D16378094A8DF8C0
S2140069B004304FF48273ADF806304FF48073CDE99F
S2140069C00223002301A804938DF81430FFF748FA39
S2140069D006B010BD0800070110B586B00446FFF7E4
S2140069E00BFA012820D16278104B8DF804204FF462
S2140069F0827294F8A01094F8A10059701870ADF83F
S214006A00062004934FF480720223094901A88DF8EA
S214006A101430CDE90212FFF723FA94F8A130013BB7
S214006A2018BF012384F8A13006B010BDFC5C00201E
S214006A300800050110B583780446E3B10379022BFC
S214006A4006D143790C48013B00EB83102DF0F3F898
S214006A50A379022B02D12046FFF71CFF2046FFF742
S214006A60BBFF02236078A4F86C305522BDE81040C6
S214006A7012212CF020BF10BD8C1B00204388094A31
S214006A80082113808388538083681B8A938090F83C
S214006A90A03093718379D37100780430C0B2FFF7C9
S214006AA043B800BFF255002038B50D4604460178BD
S214006AB0104812F069FB4FF602739D420CD16379C1
S214006AC01BB10D4A12789A4201D201236371204607
S214006AD0BDE83840FFF7D2BFB5F57F4FF7D1204667
S214006AE02DF022F9A378022B0CBF01220022A36806
S214006AF09A70ECE7FFED0300DE5C0020024B53F8D3
S214006B002000FFF7D1BF00BF0833002038B5044689
S214006B100078134D04302A460821C0B2FEF7F4FF71
S214006B2020B1BDE838400F4812F02EBB2B8863809A
S214006B306B88E978A380AA88A3681A82AB7984F860
S214006B40A030EB79A37119B1074B1B788B4205D2A5
S214006B50064812F019FB23780133637138BD00BF75
S214006B60F255002019EE0300DE5C002042EE030022
S214006B70F8B504460B78474A0D4642F823004370A2
S214006B80FFF7C4FFA268444BD465D364434B022688
S214006B905365434BA11C13654FF44013E360012378
S214006BA06161E1623F49103221632265211D3E4A40
S214006BB0A1633E483E49626504F1A002A061E1631C
S214006BC0E265E01C611D3B4A206261643A483B492D
S214006BD02266A21D2374237784F8283084F8343084
S214006BE084F84030A16484F84C6084F8583084F807
S214006BF064306062A266E879AA6800EB400102EBA6
S214006C00810704F10C0CC7F804C04FF0060C2C4F9B
S214006C1042F82170C118C9B201EB410142F821C007
S214006C2002EB810700217960264F84F880302767C1
S214006C30254F84F89830A767244F254BE767254FE4
S214006C4084F8746084F88C60C4F89C3004F16C0698
S214006C50831CC4F88470C4F890601F4F1F4EDBB2CC
S214006C6003EB4303C4F89460C4F8887002EB830611
S214006C707034746008261A4C42F82340C31CDBB2FA
S214006C8003EB430302EB8304043042F823606160A5
S214006C90E871F8BD08330020953C0300D73C03009C
S214006CA0356A000001FF300104FF200110003001AA
S214006CB002FF200105FF300100FF300103FF210124
S214006CC0070001084A002100E88204005100100075
S214006CD0EA820400EB820400550021006F001800D1
S214006CE01200010400239B6AB3F5804F03D2196893
S214006CF0064A914203D00023037083607047012246
S214006D0002709A689B694260F7E700BF07B0CD5EE5
S214006D10024B034A1A602EF08FBB00BF0000002013
S214006D2002020FF073B53F4B04461A781AB10222DE
S214006D301A7002B070BDCDE900220028F9D00126F5
S214006D401E7037F08BFA384D384B186016F0FEFF81
S214006D502B785BB902F0F2F940B935480823354A7A
S214006D603549006801F038FE00B92E70334B5A687A
S214006D70E260334A9A601A6E22605A6E6260D3F8F6
S214006D807021A2601B6E5C042CD52E4AD368D807EF
S214006D90FCD42D4B1A68531C29D04FF48013934013
S214006DA02A4A13660423294C4FF0804223664FF488
S214006DB080632366102323664FF4005368462366D9
S214006DC001A9226663662CF0C7FF009B2366019B21
S214006DD063662B78002BACD0164B1A6822665B686D
S214006DE06366A6E71A4AD368D907FCD4D1E7194BDD
S214006DF01B78002BD6D1184B5A68144B12B94FF497
S214006E0080121A66154A526812B94FF400121A66B2
S214006E10134B5B68002BC5D14FF480020B4B1A66F0
S214006E20C0E700BFFF5C0020005D0020403300206C
S214006E3038670020443300200071080000800044BA
S214006E4055CEAC00000004400467002000900044CB
S214006E5000000450FE5C00200080055000C0055075
S214006E600000065038B5224D04462B78012B02D080
S214006E7001232B7038BD0028FCD02CF092FF013087
S214006E8009D02CF08EFF40F20113984203D0194A25
S214006E90D368DB07FCD42268174B1A6662685A660A
S214006EA0A268C3F87021E268D40744BF00229A6043
S214006EB0124B1A68013213D1114A127882B911495D
S214006EC04968C80748BF1A600F4A5268D10744BFCE
S214006ED001221A600D4A5268D20744BF02221A6085
S214006EE016F03CFF0A4B186837F0B3F90023C0E7EA
S214006EF0FF5C00200000044000800044046700207F
S214006F00FE5C00200080055000C0055000000650C2
S214006F104033002070B50024A36AB3F5804F23D217
S214006F201A68134B9A421FD1124E337813F0FD05A0
S214006F3018D14FF480341048FFF7F4FE032004F015
S214006F40CBF90E4B0320DC6004F0AAF90C4B1C6155
S214006F50AB6ADB69984704460748FFF783FF0CB91E
S214006F6001233370204670BD4FF48174FAE700BFEA
S214006F7007B0CD5EFE5C00203033002000A0004449
S214006F800090004413B5204B1B7803B9FEE700239E
S214006F901E4CCDE900336A4608231D49206801F0DF
S214006FA01BFDF8B91B4AD2F84031D2F840211F2BFE
S214006FB04FF0010311D9203A9340019A1A430192E7
S214006FC008236A461249206801F08EFE124B134AC7
S214006FD01A602EF031FA02B010BD9340009A1A43A0
S214006FE00092EDE72D28F1D10A4AD2F84031D2F8C6
S214006FF040211F2B4FF0010385BF203A934093405A
S214007000019398BF0093DBE7FF5C00203867002001
S2140070100071080000800044000000200B020FF002
S21400702038B50025AB6A0446B3F5804F10D21B6B0B
S214007030B3F5804F0CD20748FFF774FEAB6A2046C4
S2140070401B6B5B689847BDE838400248FFF70ABFED
S21400705038BD00BF4C33002013B50024A36A01904E
S214007060B3F5804F13D21B6BB3F5804F0FD2094890
S214007070FFF758FEA36A01211B6B01A89B6998477E
S21400708004460448FFF7EEFE204602B010BD4FF45B
S2140070908174F9E74C33002070B50026B36A0446C5
S2140070A0B3F5804F0D4612D21B6BB3F5804F0ED250
S2140070B00848FFF737FEB36A20461B6B29469B69D4
S2140070C0984704460348FFF7CDFE204670BD4FF4B0
S2140070D08174FAE74C33002070B50026B36A044684
S2140070E0B3F5804F0D4612D21B6BB3F5804F0ED210
S2140070F00848FFF717FEB36A20461B6B2946DB6974
S214007100984704460348FFF7ADFE204670BD4FF48F
S2140071108174FAE74C330020F8B50027BB6A0446B2
S214007120B3F5804F0D46164611D21B6B7BB109484E
S214007130FFF7F8FDBB6A20461B6B324629465B6AA2
S214007140984704460348FFF78DFE2046F8BD4FF4E7
S2140071500174FAE74C33002070B50026B36A044683
S214007160B3F5804F0D4612D21B6BB3F5804F0ED28F
S2140071700848FFF7D7FDB36A20461B6B29469B6A73
S214007180984704460348FFF76DFE204670BD4FF44F
S2140071900174FAE74C330020F0B50027BB6A0446BA
S2140071A0B3F5804F0D461646ADF5337D20D21B6BEA
S2140071B0B3F5804F1CD21048FFF7B4FDBB6A2046DB
S2140071C01B6B40F2C1225B6A01A99847044630B1A6
S2140071D00948FFF747FE20460DF5337DF0BD836A6C
S2140071E032461B6B2946DB6A01A898470446EFE740
S2140071F04FF40174EFE700BF4C33002010B50024B5
S214007200A36AB3F5804F10D21B6BB3F5804F0CD238
S2140072100748FFF787FDA36A1B6B1B6B984704465E
S2140072200348FFF71FFE204610BD0124FBE700BF02
S2140072304C330020F0B58FB0044601A80E46154624
S214007240FFF7EEFE9DF80C30012B12D1B5F5402F5E
S21400725027D8B4F5402F24D86319B3F5402F20D88B
S21400726021462A46304613F031FA002420460FB055
S214007270F0BD0027BB6AB3F5804F15D21B6BB3F584
S214007280804F11D20A48FFF74DFDBB6A2A461B6B9A
S214007290314620465B6B984704460548FFF7E2FDFB
S2140072A0E4E740F20244E1E740F20114DEE700BF03
S2140072B04C330020F0B58FB0044601A80E461546A4
S2140072C0FFF7AEFE9DF80C30012B1FD1B5F5402F11
S2140072D006D8B4F5402F03D86319B3F5402F13D959
S2140072E040F2024420460FB0F0BDE258013225D1EC
S2140072F004339D42F9D82A46314620462CF081FDBB
S2140073000028EDD00024EDE70023F2E70027BB6A53
S214007310B3F5804F15D21B6BB3F5804F11D20A48D8
S214007320FFF700FDBB6A2A461B6B314620469B6B67
S214007330984704460448FFF795FDD3E740F2034418
S214007340D0E740F20114CDE74C33002070B58EB084
S214007350044601A80D46FFF763FE9DF80C30012B8E
S21400736022D144EA0503C3F30C03002B33D1B5F551
S214007370402F04D940F2024420460EB070BDB4F54A
S214007380402FF7D82544B5F5402FF3D8204604F50E
S21400739000542CF02FFDAC4202D00028F6D1E9E7CD
S2140073A00028E7D00024E7E70026B36AB3F5804F4D
S2140073B014D21B6BB3F5804F10D20A48FFF7B2FC0D
S2140073C0B36A29461B6B2046DB6B98470446054884
S2140073D0FFF748FDD0E740F20444CDE740F2011441
S2140073E0CAE700BF4C330020BFF34F8F0549064B5A
S2140073F0CA6802F4E0621343CB60BFF34F8F00BF4E
S214007400FDE700BF00ED00E00400FA0570B5D0B15E
S214007410C9B10E4E431E013913F8014F2046325DA6
S21400742002F00302012A11F8012F08BF04F1200020
S214007430B55C05F00305012D08BF2032801A01D186
S214007440002CE9D170BD0120FCE700BF41AA040072
S2140074500348044A0449121A92102CF01EBD00BFBD
S21400746034410000D04200004464002008B5154BAB
S21400747083F30A8800F030F8FFF7EAFF124B13494F
S2140074808B4212D30020124B12498B4218D3FDF7C1
S21400749029FC186850F82240586840F8224001320B
S2140074A098688242F5D30C33EAE70022F8E71C68B6
S2140074B044F8220001325C68A242F8D30833E4E7BD
S2140074C00022F8E70800002000CF04000CCF0400DC
S2140074D00CCF04000CCF0400124B134A70B59A6010
S2140074E0D3F88820114D42F47002C3F888206FF05C
S2140074F0010205F50054226641F2FF72626602221E
S214007500C3F8D020BFF34F8FBFF36F8F4FF44036D2
S214007510032003F0E1FE0320E66003F0C1FE2E61C7
S21400752070BD00BF00ED00E0004000000080004499
S214007530014B1860704700BF0C670020054B1860B1
S214007540054B1B6F03F00703032B01D134F038BF44
S214007550704700BF14670020008000502DE9F041FE
S21400756004464FF001080C250D4E0CB9BDE8F0811D
S21400757094FAA4F0B0FA80F00F2808FA00F2C8BF18
S214007580103824EA0204CABF05FB006205FB00624D
S214007590B4325768002FE8D09168C0B2B847E4E725
S2140075A05C33002008B50C4836F0F6FE192003F0D0
S2140075B085FE28B1192003F08FFE192003F070FE17
S2140075C01A2003F07BFE28B11A2003F085FE1A204D
S2140075D003F066FE002008BD488504002DE9F04152
S2140075E00E461746054618B30F2923D80378DBB195
S2140075F0013BDBB2022B19D8104AD35C6A78D34021
S214007600DB0717D50E4BD3F81043ACB936F026FE81
S21400761080463A462846314602F0BEFB404636F0E3
S21400762018FE2046BDE8F0817F23E7E70023E5E764
S2140076302224F6E72124F4E70224F2E73C83040040
S21400764000C0035010B5044610B30378E3B1013B05
S214007650DBB2022B1AD8104AD35C6278D340DB0721
S21400766018D536F0FBFD0122617823788A40302158
S2140076704B4341F2100103F1A04303F570335A5017
S21400768036F0E7FD002010BD7F23E6E70023E4E7A1
S2140076902220F8E72120F6E73C83040010B50446D4
S2140076A010B30378E3B1013BDBB2022B1AD8104AC1
S2140076B0D35C6278D340DB0718D536F0CFFD0122C5
S2140076C0617823788A4030214B4342F2100103F15F
S2140076D0A04303F570335A5036F0BBFD002010BDB2
S2140076E07F23E6E70023E4E72220F8E72120F6E7F9
S2140076F03C83040038B50D46044618B311B303782E
S214007700E3B1013BDBB2022B1AD8104AD35C627895
S214007710D340DB0718D536F0A1FD3022237853433B
S21400772003F1A04303F570335B696278D34003F03E
S21400773001032B7036F08DFD002038BD7F23E6E771
S2140077400023E4E72220F8E72120F6E73C83040044
S2140077502DE9F0410D4616469846044600284FD0BF
S21400776000294DD00178002940D04B1EDBB2022BF9
S2140077703ED8254AD25C6378DA40D20701D4FF2986
S21400778040D1022E01D9042E3CD136F067FD237875
S2140077900746FF2B05D032462046296802F042FBFA
S2140077A028602B68013309D12378FF2B06D1174BAD
S2140077B06078D3F824142DF0AFF8286029684B1CA5
S2140077C018D00C23124A03FB0122069BC2F8048041
S2140077D093602378FF2B04D001230E4A8B40C2F817
S2140077E02434384636F035FD002007E07F22C2E715
S2140077F00022C0E7384636F02CFD2D20BDE8F0818B
S2140078002220FBE72120F9E73C83040000C0035058
S2140078105C33002000D0035008B502F0B3FA044BE6
S21400782000F05530C3F82004BDE80840FFF796BEC8
S21400783000E0035008B502F0A5FA044B00F0AA30A9
S214007840C3F82004BDE80840FFF788BE00E00350F8
S2140078502DE9F04F144605460E469B46C36B87B08F
S21400786001225B6902A960689847EB6B01225B699D
S21400787003A93046984702A82CF00EFF074648B1E9
S2140078800023A37563754FF0FF33A360002007B095
S214007890BDE8F08F03A82CF00CFF0123A375237E10
S2140078A004EBC303DE611F846368B3420ED120601D
S2140078B003A82CF020FF4FF0FF332075A360237D34
S2140078C0043B022B26D80023A375DFE723681A1A89
S2140078D053425341A37503A82CF00DFF237D83422A
S2140078E018BFA77503A82CF0E8FE074602A82CF0E0
S2140078F0E4FE874218BF002303A818BFA3752CF028
S214007900E4FE074602A82CF0E0FE87421CBF0023D8
S214007910A375D4E703A82CF0D0FE80B1EB6B02224F
S21400792030465B6904A9984704A82CF0D5FE0346A8
S214007930207D032839D8DFE800F03838040903A88A
S214007940F3E7CC22237E04EBC3031A8401F06EFC1B
S214007950109B187003A8277E2CF0A3FE04EBC70725
S21400796087F82200237E03A804EBC303B3F8209015
S21400797093F822702CF0A1FE804603A82CF0A5FEFA
S2140079808246B8F1000F15D0EB6B022230465B69D9
S21400799004A9984704A82CF064FE6075637D6BB953
S2140079A00023A3754FF0000838E0227E04EBC202E5
S2140079B01384CBE703A82CF03FFEEEE794F816807E
S2140079C0B8F1000FEED0B9F1000F09D1DFB10123F5
S2140079D0E375637E002B4FD1012F42D1677614E00A
S2140079E06B6C06EB0A015A4286EA010010421CBF85
S2140079F00022A2755A1E0A409B1A9945D0D8A37D2C
S214007A00002BE3D1CEE7E37D43B94FF000084B46A9
S214007A105246314628462CF08AFBA060A27D12B161
S214007A2023694B4423611A49237E097899422AD94F
S214007A3001332376BBF1000F27D032B3E37D23B3A7
S214007A40B8F1000F21D1032F1FD0A1684B1C1CD00A
S214007A50109B2246009328460123FFF7F9FEA075E7
S214007A6013E095F8343063B9EB6A0133CFD1032FB6
S214007A70CDD10123A376C8E7012FCFD0032FC4D1E1
S214007A80F7E79846C3E70023A375A07DFFE600BF8F
S214007A90608304002DE9F04F0E46984600238BB015
S214007AA004464FF0FF31104617468DF8133001F0AC
S214007AB0A7FBB6F5801F20D2314605AA04F10800C0
S214007AC02CF03CFD451C014603D1237CBBB92D2080
S214007AD010E0384601F094FB0122394620460DF1AD
S214007AE013032CF076FB0028EFD09DF8133088F8AF
S214007AF0003000200BB0BDE8F08FB01CE5D1E56A81
S214007B00691C36D12046616A2CF057FA0546B31C2C
S214007B1018BF0123DFF8CC900193636A626C02936E
S214007B20236805A902FB053AE36B05225B6950460C
S214007B30984705A82CF04BFE2CF06EFE50462CF015
S214007B4076FE4FF0000B824601464B1C05D0636C58
S214007B5081EA0A025B42134211D0294620462CF0E5
S214007B602CFA029BAB422CD0BBF1000F2CD1054661
S214007B70D3E72368ED1A636CB5FBF3F5C7E7484611
S214007B8001F03EFB0DF1130349462046019A2CF006
S214007B9020FB034690B1B21C03D0D9F80020B242B5
S214007BA00CD19DF8132003930D4B88F8002049460E
S214007BB01A68384612F08AFD039B9B46D9F80810CF
S214007BC0C3E7BBF1000F82D0B6F5801F91D23146D5
S214007BD098F800307A6804F1080001F03FFA88E768
S214007BE05C830400383B00202DE9F3410446174629
S214007BF098460E46184D816AE36A8B4201D04B1CAC
S214007C0002D102B0BDE8F081284601F0F9FA01225F
S214007C10294620460DF107032CF0DBFA38B143461F
S214007C20294620469DF80720B8470028E9D0A968CD
S214007C304A1C04D1696820462CF04CFA0146012EF5
S214007C40DAD16B6881EA0302636C5B421A4218BFA2
S214007C504FF0FF31D0E700BF0C3B00202DE9F04F7E
S214007C604FF0FF334FF6FF720025044600F108067A
S214007C70C0E909238BB0C3620562056330468846B7
S214007C802CF02DFC20462CF068F960BB20464146BF
S214007C902CF0E3F920462CF060F960BB5E200BB0B8
S214007CA0BDE8F08F2368E26B606C576900FB053017
S214007CB0052205A9B84705A82CF089FD0128074626
S214007CC00CD1294620462CF099F9012F024600D106
S214007CD00132294620462CF05FF903E02CF0A1FD86
S214007CE00028EED10135E3699D42DBD320462CF017
S214007CF034F90028CAD000254FF0FF394FF6FF733D
S214007D00CA46A846C4E90853E36998450AD3A5EBD2
S214007D100905012D2CD84FF6FF72636A93423CD1B9
S214007D206720BCE72368E26B606C576900FB08308D
S214007D30052205A9B84705A82CF049FD834605A8E5
S214007D402CF01CFD074658462CF066FD68B15745DA
S214007D5038BFC4F82480B94528BFB946BD4238BFED
S214007D603D46BA46236A0133236208F10108CBE791
S214007D704FF6FF7300256362E3699D42CBD2676CC2
S214007D802068E36B052207FB05005B6905A9984799
S214007D9005A82CF0F3FC0135EEE7E26B676C206873
S214007DA0694607FB030055690522A84768462CF07C
S214007DB0E5FC626A2368606C4B4D00FB02302CF0D9
S214007DC036FD4FF0FF33A062E3622A466FF00101F2
S214007DD0204605ABFFF75EFE002846D1AD68294673
S214007DE02046E5622CF095F8206320B92046E16A2B
S214007DF02CF070F9E062294620462CF06BF9054617
S214007E00A36A9D4233D120462CF056F800278046C0
S214007E10B946E36999453CD3B84559D92046616AC5
S214007E202CF0CBF80026054604F1400AB74212D8DB
S214007E30626C2368694602FB0539E36B05225B69C1
S214007E404846984768462CF099FC534602464946F1
S214007E50E06B2CF0EEFC294620462CF0AEF80136FE
S214007E60B0450546E2D1642019E7A56AB7E729467A
S214007E7020462CF04EF8236B29460344074623631E
S214007E8020462CF027F90546002FB9D1C4E90B0788
S214007E90B6E7636C2568052203FB0955E36B05A965
S214007EA05B692846984705A82CF091FC2CF0B4FC9A
S214007EB058B128462CF0BBFC014620462CF029F889
S214007EC0636C143B984208BF013709F10109A0E72B
S214007ED030462CF004FB002320461946034AFFF7E1
S214007EE083FE0020DBE600BF643B0020C1410300A8
S214007EF02DE9F041036B9046826B07689A4288BF73
S214007F008363426C436A90B002FB0377C36B0E46F2
S214007F10052201A95B6904463846984701A82CF05B
S214007F2056FC01280146307057D0656CE26B23681A
S214007F30606AD2F814C005FB0030052206A9E047A7
S214007F4006A82CF044FC01284FF0000523D0D4E905
S214007F500A3201219342CDE90B458DF834800E9507
S214007F608DF83C102AD1194620462CF0B3F8236B26
S214007F70626C14339B1AE06223630C9B53B99DF822
S214007F803C303BB1626A616C2368E06B01FB0231F6
S214007F902CF0D5FB0C9DE36B05225B6901A93846E6
S214007FA0984701A82CF013FC30702846236BA26B70
S214007FB09A4288BFA36310B0BDE8F081237C33B932
S214007FC01C490BAA04F1080001F096F8D5E72046F4
S214007FD0194A0BABFFF708FECFE7237C23BB2246EC
S214007FE0164904F1080001F087F8616A20462CF073
S214007FF005F8616A421C20462BF0CEFF054620B9E4
S214008000236B626C1344143B23632046A16A2CF056
S21400801061F82368A062C01A636CB0FBF3F060627C
S21400802020462CF09AF8B6E700232046044AFFF7CD
S214008030DBFDDAE795870000118700005B4203004E
S214008040F741030073B50D46D11E4A421C461B7EFF
S2140080504A419A4226D129682368994222D3636806
S21400806099421FD8114E0DF107033246FFF712FD55
S214008070C0B972686B689A4214D19DF80730DA1E50
S21400808053425341227E93420CD1636901336361AC
S214008090D4E90323934205D22968A26842F8231044
S2140080A001332361012002B070BD00BF643B002095
S2140080B02DE9F04F9B4689B09DF848309046514ACE
S2140080C00193136907465B450D46C0F09580D94677
S2140080D053680093B9F1000F7BD0FB6B01225B69FC
S2140080E005A90098984705A82CF0E3FA454B1B68AD
S2140080F0984240F0848005A82CF0E7FA042806464B
S21400810015D105A82CF0E8FA009B04461E44019BF6
S214008110002B3ED1804512D91C46A8EB00083846F5
S21400812000992BF0D7FFA9EB04090090D2E7FB6B70
S21400813002225B69009806A9984706A8E2E7A0EB2A
S21400814008045C4528BF5C46032C4644ABEB040B96
S2140081501DD9FB6B294630465B69A208984724F078
S214008160030304F0030A1E441D44DDF80480BAF13C
S214008170000FD4D0FB6B012206A930465B699847F6
S2140081805246284606A912F0A1FA5544C7E7A24669
S214008190EBE7824600F0030302932B180393064492
S2140081A0039BA6EB0A00A3EB0A05029B9A4514D193
S2140081B0BAF1000FB3D0FB6B012206A95B699847A2
S2140081C05246284606A912F03DFC0028DDD04FF0A6
S2140081D03609484609B0BDE8F08FFB6B012206A9B8
S2140081E05B6998470422284606A912F02BFC002853
S2140081F0EDD1AAF1040AD3E74FF06309E9E74FF09F
S2140082006F09E6E7903B00202DE9F0410F46164641
S2140082109846044688B060B390F83450FDB101210A
S2140082202BF090FE00210E9BCDE90511CDE902371B
S2140082309DF83C30CDF804808DF81C30237C0496E5
S2140082408BB90D4901AA04F1080000F055FFDDE9DD
S2140082500553E06B002E08BF1D462CF00CF8284690
S21400826008B0BDE8F0812046044A01ABFFF7BCFC2D
S214008270EDE70546F3E700BF254203004580000012
S2140082807FB590F84260044601920DF10B030A4652
S214008290304611492BF0F7FF012E0546E36B17D148
S2140082A032465B6903A998479DF80B10039B019A19
S2140082B059B19BB243EA0243012228460393E36B7B
S2140082C003A99B69984704B070BD62F30F03F3E7F8
S2140082D001229B6901A9F5E7903B00202DE9F04FAC
S2140082E099B00E460D920A69416C0B931439D31D52
S2140082F0B3FBF1F3013302EBC302036B0446934274
S214008300C0F001820023DFF804940893E36A48462D
S2140083101946059300F074FFD6E9033707930B9BC5
S214008320022B4DD1CC2F40F0D7810D9B3BB131466F
S21400833020462BF0FEFF656C1490012044E00120DF
S214008340079B656C1B68149300F0010000280CBFA7
S21400835004230823782F0E9349D8059A6B1E1340E2
S214008360ED1A3B1D9D423CD2002F3DD0082D3ED835
S2140083700023042506934FF0040A336806990B98E9
S214008380C9F80030C9F810702CF0B9F94FEA9A0312
S2140083900F93059B89F814000393002309930C930D
S2140083A004930A93616C039B4A1E1A408B1A27B3E8
S2140083B05544AB4223D8236B5B1A134423632FE147
S2140083C0782F656CB9D8F07D0D9B002BBCD0E36B85
S2140083D001225B69706816A9984716A82CF06DF9FB
S2140083E0B4E700250695C6E704250697C3E70123EC
S2140083F000254FF0080A0693BFE75345DBD3A3EBEF
S2140084000A029742039BB84628BF904697425344B9
S21400841028D90122D9F8101089F817208F4226D1C2
S2140084200399C9F80410049299F817200AB399F82A
S21400843018100398CA1C09EBC20250600498013158
S214008440A2F80880907289F81810B8F1000F07D0CB
S2140084500B9A022A40F08180099A72B10122099291
S2140084609B46ABE0049A002A18BF0322DBE70222F1
S214008470D9E7039AC9F80420E7E70C9A4244032A8E
S214008480EED9E26B1846956914A901220993A8470C
S214008490099B05460028E1D03D2D40F01E8104F1E1
S2140084A0080303932368059A606CA2EB030ABAFBE1
S2140084B0F0FA00FB0A302CF0BAF9E16A8046204652
S2140084C02BF008FEA26A824200F00F81626CD9F897
S2140084D00830511E0B40216B2768891A0B44236312
S2140084E0089BE062DF1BB7FBF2F7BA4540F0FA8064
S2140084F0059BB3EB080A12D0E36B4FEA9A0241469B
S2140085009B6998478346E36A059A5344E362236B64
S21400851003989B1A434423632BF0E1FFDA46236853
S214008520616CE06B01FB07312CF0F6F820462BF06F
S21400853014FD20462BF011FE2063BAF1000F00F068
S214008540D4803269616CD31D1439B3FBF1F3013367
S21400855002EBC3029042A5D2BFE00D9A002A77D163
S214008560B8F1030F4FEA98026ED9E16B18468D6991
S21400857007991093A847109B0546C0B918F0030545
S21400858015D0079A28F0030B02EB0B019B444FF023
S214008590FF3215A815922A46109312F097F8E26B50
S2140085A05846956915A90122A8470546109B9B4683
S2140085B0079A42440792002D40F08B80049B16A831
S2140085C00193069B009399F814204346316800F007
S2140085D0CDFDE36B0F9A9B69039816A99847039AFB
S2140085E0051E089B18BF134608934346524620466E
S2140085F003992BF09CFD236B08F10302A3EB0A03FF
S21400860022F003029B1AC9F808002363002D7FF4AA
S21400861043AF0C9BA7EB080743440C93CDF80CB074
S214008620204603992BF056FD00250390002F7FF47B
S214008630B9AE364A3168936804F10800E3625268BE
S2140086400B9B00F00BFD49E09B46454607999EE7CD
S2140086509B4606F120021092F27D7068A2B10022BD
S21400866096F818C00A99D5B2AC4511D9109D02F1FA
S214008670010E35F832508D4228D90E9806EBC2020C
S2140086800144D069084403E00E9A0A990A4410444B
S214008690E26B15A9556901221193A847159A0A9B02
S2140086A01392E26B043395695846012213A90A9384
S2140086B0A847119B054603EB0802A2EB0B02042A0F
S2140086C07FF679AF28B90BF1040BC5E77246491B54
S2140086D0C9E7CDF820B088E770252F46384619B090
S2140086E0BDE8F08F4FF0000A19E73269616CD31DC0
S2140086F01439B3FBF1F3013302EBC302236B93424D
S214008700BFF404AEE9E71C27E8E700BF383B0020CB
S214008710032A2DE9F34106460D4617461C4606D1A8
S214008720237A012B23D0012002B0BDE8F081DFF8C8
S2140087306080096842460DF10703FFF7ABF96060F9
S2140087400028EDD19DF80720237A032AE8D0D8F830
S21400875004106A689142E3D1012B2969D4F80CC051
S21400876007D172690CEB0103934202D92074207C76
S214008770DAE708316144E1603B460122294630468B
S214008780FFF7ACFD60600028CAD00020CCE700BF31
S214008790643B00202DE9F341089C032A174626680F
S2140087A006D1237A012B24D0012002B0BDE8F08147
S2140087B0DFF89080304642460DF10703FFF76AF96E
S2140087C060600028EDD12568D8F80400A96AD5F8BD
S2140087D044C04840CCF100031840227AE1D1012A77
S2140087E009D1E268D8F8103013447269934202D96E
S2140087F02074207CD9E72868EB6A1B1A081AB3FB9A
S214008800FCF3B0FBFCF083420BD1706CF36A421EA3
S2140088101340326B121A1344284633632BF05AFC6B
S214008820E862D8F81020E36808321344E3600122B7
S2140088303B4604492068FFF751FD60600028B0D031
S2140088400020B2E7643B00202DE9F0410025604B94
S2140088500E46D3F8008004461D6018B92125284628
S214008860BDE8F08190F8347007B30A6803689A424E
S21400887040F0A3804A6843689A4240F09E808A6827
S21400888083689A4240F09980CA68C3689A4240F06A
S21400889094800A6943699A4240F08F808A69C36B64
S2140088A09A4240F08A804B698361D8E7682239464D
S2140088B0856B11F07BFDD6E90212336804F10800DF
S2140088C023607368A5636360336963617369A3613A
S2140088D02BF017FEB36904F14000E3639B689847EA
S2140088E020B9676C17B16368B3FBF7F794F84330A9
S2140088F0E761002BB2D00023656C2366002D64D0A0
S214008900002F62D02368B3FBF5F205FB1233002B71
S21400891055D16668B6FBF5F305FB1363002B4ED105
S21400892020462BF0E6FAA369043303449E4248D35C
S21400893040F634726369CC3B934244D8B5F5805F09
S21400894043D3032120462BF0FDFAD4E90001E36B64
S2140089501B6898470546E36B0220DB689847CDB94D
S21400896041462046FFF77AF96428054604D1414679
S2140089702046FFF773F90546666C5DB9236A204604
S214008980143E5E432BF0B5FAA369043303449E42BB
S21400899038BF5A25002D0CBF0123002384F834303D
S2140089A007D1D4E900010B4A1368013313602BF09A
S2140089B042FEE06B2BF05FFC51E75D254FE7592543
S2140089C04DE75A254BE75F2549E75B2547E700BF9C
S2140089D0C8340020C43400202DE9FF410C4616465A
S2140089E01F46054680B390F834307BB3B1F5801F40
S2140089F02ED2DFF8608001212BF0A4FA21464246F1
S214008A0028460DF10F03FFF745F8044670B99DF8A8
S214008A100F30012B11D1D8F81030BB4212D10246CC
S214008A20009031462846FFF743FB0446E86B2BF0E0
S214008A3022FC204604B0BDE8F081022B14BF2D2492
S214008A406024F3E76324F1E72124F2E71124F0E73A
S214008A502924EEE7903B00202DE9F04385B00C4634
S214008A6017461E460546DDF8308098B390F8343039
S214008A7093B3B1F5801F31D2DFF8649001212BF05B
S214008A8061FA21464A4628460DF10F03FFF702F821
S214008A90044688B99DF80F30012B14D1D9F8102060
S214008AA006EB08039A4213D30090434632463946F3
S214008AB02846FFF7FDFA0446E86B2BF0DCFB204661
S214008AC005B0BDE8F083022B14BF2D246024F3E725
S214008AD06324F1E72124F2E71124F0E72924EEE7E6
S214008AE0903B002073B50C461646054630B390F80A
S214008AF034302BB3B1F5801F24D201212BF022FA9B
S214008B0021462846104A0DF10703FEF7C3FF044628
S214008B1080B99DF80730032B0CD0022B0CD12846C9
S214008B2009492BF006FC3060E86B2BF0A4FB2046CE
S214008B3002B070BD2D24F7E76124F5E72124F6E79F
S214008B401124F4E72924F2E7903B00202DE9F341B5
S214008B501E4600230C4617460546336050B390F871
S214008B6034304BB3B1F5801F28D2DFF85480012192
S214008B702BF0E8F92146424628460DF10703FEF79A
S214008B8089FF0446A0B99DF80730032B10D0022BAE
S214008B9003BF01233B600423D8F8103018BF3860A9
S214008BA03360E86B2BF067FB204602B0BDE8F0812F
S214008BB02D24F6E72124F7E71124F5E72924F3E727
S214008BC0903B002073B50446056B2BF092F9636E5C
S214008BD003449D422CBF00230123854294BF0025F9
S214008BE02D1A207C84F85030656584F85800A8B1AA
S214008BF000230C4E1A461946204600962BF05DFCC4
S214008C00002305461A461946204600962BF05EFCC1
S214008C10E3682844984294BF0020C01AE06502B07A
S214008C2070BD00BFFFFF0F002DE9F3471E464369E6
S214008C300446B342884617469DF828904ED3002532
S214008C408DF8075020462BF054F9D4F830A0824512
S214008C500AD2236AB5EB430F06D2002220460DF156
S214008C600701FFF745F9B8B39DF80730012B05D18A
S214008C70002220460DF10701FFF73AF9B9F1030F7C
S214008C8006D0314620462BF024F9256B854227D3A3
S214008C90144D4FF0FF31284600F0B2FA4B462946F5
S214008CA000222046C5E90376C5F80080FFF716FBCC
S214008CB0236E054663B12046FFF784FF94F85030D4
S214008CC013B994F858301BB1236E04F1500098473E
S214008CD0284602B0BDE8F0870135B3E76225F7E71E
S214008CE01C25F5E7643B00202DE9FF410F46904622
S214008CF01E46054698B390F8343093B3B1F5801FFE
S214008D0031D21A4C02212BF01DF92246394628464C
S214008D100DF10F03FEF7BEFE024678B10123424670
S214008D200093394633462846FFF77EFF0446E86B35
S214008D302BF0A1FA204604B0BDE8F0819DF80F3074
S214008D40012BEBD12169B142E8D10093414633466D
S214008D502846FFF7ADF904460028DFD1E7E72124CF
S214008D60E8E71124E6E72924E4E700BF903B00206B
S214008D702DE9F04790F8423086B0012B0546039166
S214008D80A1EB020740F0AA80FF2F03D81E464FF043
S214008D90640807E00226012B14BF4FF032084FF09C
S214008DA06408013600244FF6FF79DFF844A195F8F1
S214008DB04230012B14BF322364239C4202D35FFA55
S214008DC088F40DE005AB2246514628462BF08FFA74
S214008DD095F84230012B059B34D14B452DD1E4B29A
S214008DE095F84230012B14BF32226422121BB24285
S214008DF017D3012E39D10022012B05978DF81320A9
S214008E0027D1082205A90DF113002BF02CFD9DF8A3
S214008E101330059A42EA032221462846FFF730FA25
S214008E2040B10223324900932846CC23096803AA9E
S214008E30FFF7FAFE06B0BDE8F087DBB203B90234EE
S214008E400134B4E7591CCAD09BB2002BF8D10134C8
S214008E50F6E7102205A90DF113002BF004FD9DF88E
S214008E601330059A42EA0342D6E7039A012B05928D
S214008E7023D10823202205A90DF113008DF8133005
S214008E802BF0F1FC9DF81320120221462846FFF72E
S214008E90F7F995F84230611C012BC9B21AD10028A7
S214008EA0BFD12846BDF81420FFF7EAF90028B8D14C
S214008EB00234BDF81620E1B2AFE71023202205A940
S214008EC00DF113008DF813302BF0CDFC9DF8132018
S214008ED01204DAE70028A4D1059A9EE7B7F5803F8A
S214008EE04FF00106BFF457AF4FF032085AE700BF05
S214008EF0903B002070B586B00E4605460392A0B3A0
S214008F0090F834309BB3B1F5801F32D202212BF09B
S214008F1019F831462846184A0DF11703FEF7BAFD30
S214008F20044618B99DF81730032B0ED1022331469C
S214008F3000932846CC2303AAFFF776FE0446E86B88
S214008F402BF099F9204606B070BD022B0BD10A49CA
S214008F5028462BF0EEF9039902468142EFD02846C8
S214008F60FFF706FFEAE76124E9E72124EAE7112490
S214008F70E8E72924E6E700BF903B0020F7B50C465B
S214008F801646054668B390F8343063B3B1F5801FD3
S214008F902BD202212AF0D6FF21462846144A0DF18C
S214008FA00703FEF777FDC0B99DF80730032B14D0F2
S214008FB0022B14D10E4928462BF0BBF9471C02465B
S214008FC039462846FFF7D4FE044606B13760E86BFC
S214008FD02BF051F9204603B0F0BD2D24F7E76124AD
S214008FE0F5E72124F6E71124F4E72924F2E700BF89
S214008FF0903B002030B50C46054685B028B390F867
S214009000343023B3B1F5801F23D202212AF09AFF11
S2140090100DF10F03214628460F4AFEF73BFD034697
S21400902088B99DF80F20032A0DD00322214600920E
S21400903002462846FFF7F8FD0446E86B2BF01BF9BE
S214009040204605B030BD2D24F7E72124F8E711248B
S214009050F6E72924F4E700BF903B00202DE9F04313
S214009060466886B3056898464FF0000CA946AE469B
S21400907055F83C400CF1010CC4F31307013401D041
S214009080B94217D0B4450EF1080EF1D12F46002490
S21400909003E0B44207F1080712D055F83430013423
S2140090A00133F6D1C1F3130141EA0851C7E90012B2
S2140090B0BDE8F08341EA0851CEE90012BDE8F0832E
S2140090C0B8F1030F03D101230372BDE8F083002338
S2140090D003E0B34209F10809F5D055F833400133EF
S2140090E0C4F30754032CF4D1C1F3130343EA085323
S2140090F0C9E90032BDE8F0832DE9F0410646406834
S21400910082B0B8B10F4690460024336853F8345006
S21400911003EBC403C5F30752C5F31301013506D0AC
S2140091205B683046CDF80080B84718B170680134E7
S2140091308442EAD302B0BDE8F08100BF024B196852
S214009140024B1868FFF780BB1867002038670020BE
S21400915008B535F076F8014B186008BDBC3B00201A
S214009160014B186835F068B8BC3B002073B5044660
S2140091702248012A00EAC1119DF8185023F07C40CD
S21400918007D9961E012E28D9073303F07F0319430B
S21400919008E09DF81C300A43DB0603F0C053134377
S2140091A043F060410023C4E900108DF80730B5B1E4
S2140091B0202221460DF107002BF055FB1A220DF157
S2140091C00700211D2BF04FFB082063689DF8072041
S2140091D043EA8263636002B070BD1143E2E71B227C
S2140091E00DF1070021462BF03EFB23689DF8072073
S2140091F0042043EAC2632360EDE700BF80FFFF0759
S21400920038B5094B0D461A680021044611F0CEF811
S21400921000234FF0FF322383C4E900252361A260B8
S214009220E382A37638BD00BF5C8304000138C0B279
S21400923005289ABF014B185C012070476183040023
S2140092402DE9F0410746154600240E46596888B0B9
S214009250490A012922464FEA510104F10104F8D8CF
S214009260DC78997824031B88C90201F4006104F4B1
S21400927080540C43C3F30A035203234492B24FF0C4
S21400928000089C18274B6FEA0444039325F07843A4
S214009290ED4302A90DF107001B2202938DF807800B
S2140092A02BF0E1FA9DF80720029B02A943EAC2636D
S2140092B00DF107001B2225F07845049302958DF8E2
S2140092C007802BF0D0FA9DF80720029B6FEA144423
S2140092D043EAC26305934FF0FF330794069307A94A
S2140092E0BB69012206F110009847BB6905A9044630
S2140092F0012206F108009847BB69404518BF04469E
S21400930004A90122301D98470122404518BF044693
S214009310BB69304603A99847404508BF204608B0B9
S214009320BDE8F08101009AB238B5104B0546D3F877
S21400933000310C4603F00303022B0BD0032B0DD099
S214009340012B0FD133F056F8032305B1286004B182
S214009350236038BD33F098F80723F6E734F084FF2F
S2140093600623F2E701230020EFE700BF008000504D
S21400937038B5134B0546D3F820010C4600F007001D
S21400938004281AD8DFE800F003090D1115000123A0
S21400939005B1286004B1236038BD32F0F1FF042324
S2140093A0F6E733F027F80323F2E733F029F805232E
S2140093B0EEE733F01BF80223EAE700231846E7E758
S2140093C00080005038B5104B0546D3F840310C46A7
S2140093D003F00303022B0BD0032B0DD0012B0FD170
S2140093E034F044FF082305B1286004B1236038BD7B
S2140093F033F04AF80723F6E734F03BFF0923F2E799
S21400940001230020EFE700BF0080005038B5104B66
S2140094100546D3F860310C4603F00303022B0BD04D
S214009420032B0DD0012B0FD134F020FF082305B1FC
S214009430286004B1236038BD33F026F80723F6E72A
S21400944034F017FF0923F2E701230020EFE700BFFF
S2140094500080005041F6713210B5104C104BA042FF
S21400946094BF00240124D969DA639A6801F4803134
S21400947022F4401242EA04529A600A4A90420A4A89
S214009480D2F818028CBF40F0020020F00200C2F8AA
S214009490180209B10022DA6310BD00BF005A62024A
S2140094A00000035080F0FA0200C007502E4B98428E
S2140094B04AD022D82D4B984240D014D82C4B9842F4
S2140094C039D00AD82B4B984232D02B4B98422FD00B
S2140094D02A4B98422CD000207047294B9842FAD14C
S2140094E0284B186F7047284B98422AD0274B984233
S2140094F0F1D1244BD3F880007047254B98422BD0EF
S21400950009D8244B984223D0234B9842E3D11D4BD5
S214009510D3F88C007047214B984221D003F5740392
S21400952003F510539842D6D1164BD3F898007047DF
S214009530144B986D7047134B586E7047114B586F0D
S2140095407047104B986F70470E4BD3F884007047E7
S2140095500C4BD3F8880070470A4BD3F8900070473E
S214009560084BD3F8940070470048E8010024F40044
S214009570C0CF6A0080841E0000093D0040420F00F4
S214009580405DC6000080E00FC0EA210180BA8C0171
S214009590007E560380D54302006CDC020090D003A8
S2140095A037B50C460021114B0191D3F880310546A2
S2140095B003F00303022B0ED0032B11D0012B03D193
S2140095C001A8FFF7D5FE0D210DB1019B2B6004B15C
S2140095D0216003B030BD32F013FF05210190F3E7A0
S2140095E032F004FF02210190EEE700BF0080005039
S2140095F038B5104B0546D3F840320C4603F003034B
S214009600022B0BD0032B0DD0012B0FD134F02EFEE6
S214009610082305B1286004B1236038BD32F034FF5A
S2140096200723F6E734F025FE0923F2E70023184661
S214009630EFE700BF0080005038B5144B0546D3F85E
S21400964000020C4600F0070004281BD8DFE800F0F4
S21400965003090D111500012305B1286004B123602C
S21400966038BD34F003FE0823F6E732F00DFF07237B
S214009670F2E734F0FEFD0923EEE732F0A1FE0C23FC
S214009680800AE9E700231846E6E700BF008000509E
S21400969038B5144B0546D3F808020C4600F0070010
S2140096A004281BD8DFE800F003090D11150001237C
S2140096B005B1286004B1236038BD34F0D7FD082317
S2140096C0F6E732F0E1FE0723F2E734F0D2FD092395
S2140096D0EEE732F075FE0C23800AE9E70023184611
S2140096E0E6E700BF00800050032814D005D8012804
S2140096F005D0022809D0002005E00F28FBD1084B32
S214009700186FC0F3013001307047054BD3F8900056
S214009710C0F30460F7E7024B186FC0F38020F2E74F
S214009720008000501FB500230193252817D8DFE8D6
S21400973000F0131A1D272C363B51565B60656A787D
S214009740161A401616561A272C27361A5127783B13
S2140097503B3B3B2727275B6032F018FE01900198C1
S21400976005B05DF804FB32F02BFEF7E732F00EFE94
S21400977002460220FFF7B8FFB2FBF0F20192EEE7D6
S21400978032F01EFE02460320F4E732F019FE0246CF
S2140097900320FFF7A9FFB2FBF0F25208EEE7002124
S2140097A001A8FFF7FDFEDAE7002101A8FFF7E0FDBC
S2140097B0D5E702934FF0E0231B695B0705D532F02F
S2140097C0FFFD0290029B0193C9E703A902A8FFF7D9
S2140097D0F9FDF7E7002101A8FFF7F4FDBFE7002138
S2140097E001A8FFF713FEBAE7002101A8FFF724FF40
S2140097F0B5E7002101A8FFF74BFFB0E7002101A85D
S214009800FFF792FDABE7094BD3F8803003F0030374
S214009810022BA8D0032B01D000209FE732F0F0FDEA
S2140098209CE7002101A8FFF7E3FE98E700800050C0
S21400983008B50120FFF776FFBDE8084003498842D7
S21400984094BF01210221032000F002B880F0FA0242
S214009850032810B50C4627D004D8012804D00228C7
S21400986017D010BD0F28FCD12BF01BF82BF021F8D9
S214009870124A013C136F23F4405343EA0433136740
S21400988032F09EFD0021FFF7E5FDBDE81040FFF732
S214009890CFBF0A4A4C1ED2F8903023F0F85343EA62
S2140098A00463C2F89030DCE7044A4C1E136F23F4BE
S2140098B0806343EA84231367D3E700BF0080005029
S2140098C01FB500230193252821D8DFE800F01320D8
S2140098D02020202A2F454A4F54595E7120203420DC
S2140098E0204A202020202A204520712F2F2F2F208D
S2140098F020204F54314B1B6F03F00703013B032B13
S21400990005D8DFE803F00C02080A04230193019847
S21400991005B05DF804FB0323F8E70623F6E7022309
S214009920F4E7002001A9FFF73BFEF0E7002001A9BD
S214009930FFF71EFDEBE702934FF0E0231B695B0782
S21400994005D532F03DFD0B230393039BDEE703A909
S21400995002A8FFF737FDF8E7002001A9FFF732FD60
S214009960D5E7002001A9FFF751FDD0E7002001A9A7
S214009970FFF762FECBE7002001A9FFF789FEC6E7E6
S214009980002001A9FFF7D0FCC1E70C4BD3F88030CC
S21400999003F00303022B03D0032B05D00023B5E707
S2140099A032F00EFD0B23B1E732F02AFD0523ADE7BA
S2140099B0002001A9FFF71CFEA9E700BF00800050A9
S2140099C008B50320FFF790FE034B18702AF069FFD6
S2140099D0BDE808402AF06DBF015D002010B50446C2
S2140099E032F0EEFC0021FFF735FD1CB1BDE810405B
S2140099F0FFF71EBF034B0320BDE810401978FFF7A2
S214009A0027BF00BF015D002038B50546FFF74EFDB5
S214009A10204B04465A68012A04D11F494A609A69B5
S214009A209207FCD10020FFF74BFF042803D12AF051
S214009A3038FF2AF03EFF194A24F0407395421FD0A3
S214009A40174A95421FD0174AD16811F0060FFBD16E
S214009A509068936091684B4013F4F81F16D128461F
S214009A60FDF766FD0020FFF72BFF042810D132F02B
S214009A70A7FC0021FFF7EEFCBDE83840FFF7D8BE94
S214009A8043F00073DFE743F08073DCE79060E9E7BC
S214009A9038BD00BF00C0015000E0015040420F003A
S214009AA080841E000000015070B504460020FFF7B9
S214009AB007FF03287CD045F60E030221414AC2F870
S214009AC08030414B9962012103F580539962936D72
S214009AD0D903FCD4D4E900131B0543EA0163E17BF8
S214009AE094F823500B43217B43EA0143617B43EA0E
S214009AF00133A17B43EA811313619169D4E904031E
S214009B001B0643EA806301F000410B43A17EE07E22
S214009B100B43217E43EA0143617E43EA01239361BE
S214009B20E169136A002923F00D0343EA010314BF19
S214009B300121002143EA800343EAC103136294F83B
S214009B40203094F82200916A4FEA431331D194F8FA
S214009B50216021F0330143EA06130B4343F001036F
S214009B6093621A49174A936D31EA0303FBD1022127
S214009B70154B9962936D5B00FCD41369A16823F4BE
S214009B80700343EA015313614FF000420E4B9A6193
S214009B9018B9022203F580539A6215B901220C4BBC
S214009BA09A6294F824301BB1064B0A4AC3F8802008
S214009BB070BD21F0330129430B4343EA400393620F
S214009BC0EFE700BF00C0005000D000500300014087
S214009BD000E00050F1A7FFFF014B93F9000070472B
S214009BE0025D0020014B1880704700BF606C0020AB
S214009BF00C4A10B51369044643F00403136132F0AF
S214009C004FFF2AF05AFE084B084AC3F8202430BFFC
S214009C102AF054FE01F0E2FE1CB9BDE8104032F016
S214009C20CFBB10BD00ED00E000E003500000FFFFDA
S214009C30034A0179D36E23F030030B43D366704793
S214009C400040005041F67132034BDA63012203F5FF
S214009C500053DA60704700BF0000035041F67132CF
S214009C600121044BDA6303F50052D1600022DA6367
S214009C70704700BF00000350044B1868421C02BF28
S214009C80034AD2F894001860704700BF3C67002073
S214009C9000400050CB784A7810B55B010C7843EA58
S214009CA082030A79234343EA02130C22424302F159
S214009CB0B0421363012C02BF8A78024B43F820207F
S214009CC010BD00BFD080035008B54FF0B0435A68AF
S214009CD002B960B15B680BB12AF0F9FD4FF0B041F4
S214009CE030B10120074B58602AF0F1FDC86008BD6E
S214009CF02AF0EDFD0223CB602AF0E9FD0122024B9B
S214009D005A60F4E700100058002000584FF0B041A9
S214009D104B6810B50BB12AF0DAFD01220B4BC47864
S214009D205A608378934043EA840344782343047953
S214009D3043EA0413447943EAC4038B60044B5A6035
S214009D400378C3F10203CB6010BD00BF00200058AB
S214009D5000100058054B5B69C3F38512827003F050
S214009D603F021B0B42700370704700BF00C00750D5
S214009D700120034B9B680A3303F01F03984070478B
S214009D800080E00F034BD3F82424D3F820041040BF
S214009D90704700BF00C003502DE9F8431E4B054630
S214009DA0D3F810334B1E0E2B0E46174690F8009035
S214009DB044781DD909B34FF000082846D7B134F0CF
S214009DC05BFA09EB4903072C4FF00F014FEA031328
S214009DD015D8A400114808FA04F2A14018442AF045
S214009DE07EFDBEB928468FB1BDE8F84334F044BACC
S214009DF08846E2E72AF082FDE3E78846E1E7083C8A
S214009E00A400074808FA04F2A140E7E7BDE8F843D3
S214009E102AF074BDBDE8F88300C0035004C00350A8
S214009E200CC003502DE9F041204B1646D3F8102302
S214009E304A1C05460C46407804D1D3F824142AF070
S214009E406BFD0446002C2EDB072C14DC03274FEAA0
S214009E5084082A7807FA08F73946154802FA08F2FD
S214009E602AF03DFD6A78394602F00302114802FAEC
S214009E7008F22AF034FD012316F0050F0E4A18BF2B
S214009E800E4903FA04F30CBFC2F81034C1F81034BC
S214009E9016F0060F18BF094AC2F814340123064A02
S214009EA0A340C2F820342046BDE8F08100C003502D
S214009EB000C4035008C4035000E0035000D0035011
S214009EC070B504462FF07DF9064630B90FCC044D28
S214009ED00FC594E80F0085E80F00304670BD00BF40
S214009EE0C03B002047F6FF739A42F0B570D00229B7
S214009EF070D8394B5B5C022B6CD8384DDE0005EB16
S214009F00C304A77815F83330012F394638BF01212E
S214009F10012B16D1E078401A0021884205D8012F7F
S214009F202CBFC0190130C0B2F0BD431A6568A0EB63
S214009F30530335F913509542D4BF194603F1FF3049
S214009F40EBE760680028EFD0B0F90040944204DBED
S214009F50B0F902409442B8BF144683883544FF2BBC
S214009F6019BFC8232827B0F90630B0F90870A3EB4C
S214009F7004030CBF0122002293FBF7F36E78134410
S214009F801BB29E4201DD002B01DA731E1BB24FF49A
S214009F907A7C00EBC305EA88AD685F1C14FB0252AE
S214009FA01D4622EAE2723BB25C329E42B2FBFCF2F3
S214009FB004DD00EBC307BF889742EAD200EBC50377
S214009FC09888904228BF1046884238BF0846AAE7BD
S214009FD0FF20A9E70020A7E767830400C03B002016
S214009FE00229F0B560D8314B595C02295CD8304B59
S214009FF013F83100012816D103EBC1039C78D878FA
S21400A000012C214638BF0121904294BFC1EB0001CC
S21400A010C1EB0201001BCAB28242C8BF00225B68C5
S21400A02033F91200F0BD002A3CD003EBC103596897
S21400A030002939D09878904202D3B1F90200F1E7AE
S21400A040DC78B1F900009442ECD95C788B88013C4E
S21400A050A3F1FF06734201F10405E4B2734101F176
S21400A0600C07DEB2B44216D805EBC3034FF47A757C
S21400A0706A43B3F902405B68D21A04EBD47302EB6E
S21400A080630292FBF4F29042CCDBB1F902009042FC
S21400A090C8DC10B2C6E737F833C05E1C9445E3D37D
S21400A0A03346DEE70348BDE70348BBE767830400A3
S21400A0B0C03B00200CFEFFFF0080FFFF08B50448F1
S21400A0C0FFF7FEFEBDE8084001202FF080B800BF75
S21400A0D06C8304007FB51422002101A810F066F9F5
S21400A0E0044B01A94FF0FF3002932FF0B6F807B0EB
S21400A0F05DF804FB006A18002DE9F0418CB0884634
S21400A100DDE912761D460446002847D0002945D0D2
S21400A110002F43D0002E41D013F00F033ED120482D
S21400A1202049A360002A08BF01462362C4E9001341
S21400A130404609A92AF082FC68BB2046099934F0FB
S21400A140F6F82946204634F0F2F8694640462AF0EA
S21400A15004FD00BB694620462AF02FFD404603A9B1
S21400A1602AF006FDB8B9204603A92AF026FD069770
S21400A1700127204645F0005506A9079708952AF0BE
S21400A1801CFD204609A909960A970B9534F0F5F8A8
S21400A190204634F0AFF80CB0BDE8F0812120FAE795
S21400A1A000010004000101042DE9F04F97B0894634
S21400A1B090461F460546DDF880A0002800F0BB80CC
S21400A1C0002900F0B8803AB1229B002B00F0B38043
S21400A1D0239B002B00F0AF80BAF1000F00F0AB809D
S21400A1E0219B002B00F0A78067B13C680026229BCD
S21400A1F043440293464507D307B13C60002017B09E
S21400A200BDE8F08F3C46F1E75CB1229B219A9B5D4E
S21400A210125D01345340239A04F00F04935501361F
S21400A220E8E7A8EB060BBBF10F0F58D9434B48469F
S21400A230C5E90034AC602C6213A92AF0FFFB0028A5
S21400A240DDD1284613992BF00F0B34F070F85946E1
S21400A250284634F06CF8484604A92AF07EFC00280C
S21400A260CDD1284604A92AF0A8FC484607A92AF01A
S21400A2707FFC0028C3D1284607A92AF09EFC0123AC
S21400A28022992F4ACDF828A00B930C928A190D928A
S21400A29028464BF000520AA90E9303920F922AF01A
S21400A2A08CFC28460DA92AF088FC239B039A991952
S21400A2B00123109111931292214A284610A9CDF835
S21400A2C04CA01493159234F058F8284613A934F08D
S21400A2D054F8284634F00EF85E4400288FD1229BAE
S21400A2E003EB060B239B1E44029B9B4501D146466F
S21400A2F080E7ACB9219B2246CDE900A3494610234E
S21400A3002846FFF7F9FE00287FF479AF0AF110021D
S21400A31012F8013D0133DBB213700BB95245F7D189
S21400A320219A1BF8013B125D0134534006F8013BAD
S21400A33004F00F04D8E7212061E700BF0303000400
S21400A340100000207FB50E461D460446F0B102B947
S21400A350E3B901230192029345F0005303930023CF
S21400A3600B4AA360C4E900232362204601A92AF011
S21400A37024FC3146204633F0DAFF2046294633F0E7
S21400A380D6FF204633F0B6FF04B070BD2120FBE7B1
S21400A39000000943084B984202D0084B984207D168
S21400A3A00B88B3F5105F14BF6FF085000020704770
S21400A3B06FF08500704700BF004440040013C004DF
S21400A3C01038102808D8064BC34013F0010F0CBFF6
S21400A3D06FF08600002070476FF08600704700BF61
S21400A3E0010101002DE9F04FA7B008AFCDE9050146
S21400A3F0DDE93295DDE9346A0021079238461022FD
S21400A4009846DDF8D8B00FF0D1FF102200210CA836
S21400A4100FF0CCFF069B2BB96FF08604204627B0C2
S21400A420BDE8F08F079B002BF6D0B9F1000F01D1E5
S21400A430002DF1D1309B13B9319B002BECD116B90E
S21400A440BAF1000FE8D1BBF1000FE5D04046059900
S21400A450FFF7A0FF04460028E0D1014628221CA8EA
S21400A4600FF0A4FF2022214614A80FF09FFF1CA87F
S21400A47033F053FF002840F0AF80DDE90612059860
S21400A48014AB2AF0E6FB04460028C7D11498FFF761
S21400A49097FF04460028C1D115B9CBF80000BDE7E8
S21400A4A0B14518D209EB05039E4214D25545B3D8E0
S21400A4B02A46494630460FF0CBFF554B984526D0E6
S21400A4C006D3544B984524D003F54073984520D0C6
S21400A4D06FF08504A2E74F4B98451BD003F54073F9
S21400A4E0984517D04A4B9845F2D1554594D815F063
S21400A4F00F0291D12B46CDE9009614A91CA8FFF7B0
S21400A500FBFD814600285CD1CBF8005086E7B146BB
S21400A510EDE7B1461022002110A80FF047FF554581
S21400A5203FF67AAF3C4B9845319B39D10D2B7FF4E3
S21400A53073AF01238DF84030309B0DF1410203F1DB
S21400A5400C0153F8040B8B4242F8040BF9D11B782C
S21400A550137001238DF84F3015F00F0842D025F008
S21400A5600F034B440DF1300C03F1100E62461868D1
S21400A5705968083303C273459446F7D10F2D33D874
S21400A58025F00F03334403930CABCDE9017310ABF6
S21400A59000934246002314A91CA8FFF705FEB0E767
S21400A5A0102B7FF439AF309B10AA03F1100E94469F
S21400A5B0186859680833ACE8030073456246F6D15C
S21400A5C0CAE75246002130460FF0F0FE0023B9F1EC
S21400A5D0010FCBF8003002D06FF092041EE76FF048
S21400A5E08B041BE70F2D8FD910ABCDE90296009395
S21400A5F00197002325F00F0214A91CA8FFF7D4FD2D
S21400A60081460028DDD1B8F1000F3FF47DAFB7E7F3
S21400A610004440040010C0040013C0042DE9F04FAD
S21400A6208A46A1B00021DDE92A56DDE92C7905909D
S21400A630934606A8102298460FF0B8FE1022002176
S21400A6400AA80FF0B3FEBAF1000F05D16FF086042A
S21400A650204621B0BDE8F08FBBF1000FF6D00DB953
S21400A660002EF3D117B9B9F1000FEFD12E9B002BB6
S21400A670ECD040460599FFF78DFE04460028E7D14A
S21400A6800146282216A80FF091FE202221460EA889
S21400A6900FF08CFE16A833F040FE002854D15A4620
S21400A6A0514605980EAB2AF0D4FA04460028CFD1BE
S21400A6B00E98FFF785FE04460028C9D116B92E9BD2
S21400A6C01860C5E7BD4216D2AB199F4213D24E455D
S21400A6D0BCD83246294638460FF0BAFE3A4B984563
S21400A6E05BD003F54073984531D0384B984511D070
S21400A6F06FF08504ACE7344B98454FD003F54073B4
S21400A700984525D0314B9845F2D14E4503D96FF088
S21400A71089049DE73D46330798D133460122CDE9AB
S21400A72000570EA916A8FFF7E7FC2E9B05461E60ED
S21400A73000288DD04A46002138460FF037FE002309
S21400A7402E9A012D13603BD06FF0920480E73D46B1
S21400A7500D3E4E45DBD801238DF828302B460DF1F3
S21400A760290205F10C0153F8040B8B4242F8040B46
S21400A770F9D11B780D3513704FF48073ADF8363071
S21400A78006AB01930AAB009332460023CDE902578D
S21400A7900EA916A8FFF708FDC7E73D46103E4E4532
S21400A7A0B5D82B460DF1280C05F1100E6246186838
S21400A7B05968083303C273459446F7D11035DFE76E
S21400A7C06FF08B0444E700BF0010C0040044400450
S21400A7D010B54FF42F72002104460FF0E7FD8023DA
S21400A7E0C4F88C30054B04F19C00C4F88430012377
S21400A7F084F88830BDE8104029F013BB77EE0300DC
S21400A80010B5D0F8A0400A468CB92AF038FC0446A9
S21400A81010B90024204610BD2D2896BF064B0749C8
S21400A82053F82010064A07482AF06FFDF2E7D0F8E2
S21400A830A4101046A047ECE7588404007AEE030004
S21400A840CFEB0300AAEF0300F8B590F8806004464B
S21400A85016B100263046F8BD2AF044FA0028F8D192
S21400A860012384F8803094F8883033B1D4F884100B
S21400A8701F4884F888602AF048FD4FF0FF37D4F868
S21400A880B402421C1FD0C4F8B47210F0FF052CD0DE
S21400A89020462AF024FA2946204600F0A7FB002886
S21400A8A0EDD020462AF029FA94F888303BB1D4F847
S21400A8B084100F482AF029FD002384F888300023EE
S21400A8C084F88030C6E72AF005FD431CDDD1D4F8B5
S21400A8D08C30D4F89420013B9A4204DB054A0649A2
S21400A8E006482AF012FD0126E9E70126C7E700BF61
S21400A8F045010400CFEB030088EE0300AAEF030037
S21400A900F8B50B780446302B0D46164604D14B7826
S21400A91003F0DF03582B11D0284F6A1E12F8011FD0
S21400A920002934D128460A220FF030FC202C03469A
S21400A9300D4631D1B1FA81F040091AE04A1C1F4990
S21400A94012F8013F8BB928460FF02CFC1C4B02383E
S21400A9502340032B12D10134A41084420AD1A878D4
S21400A96037288CBF0020012003E0CB5C13F04400A6
S21400A970E6D1F8BDCCBF01200020FAE7002CB8BF16
S21400A9800334B0EBA40FD4BF01200020F1E77B5CBA
S21400A99013F00400C2D1ECE726B1084302D0013B15
S21400A9A061F100050122A240013A1A40002D08BFBD
S21400A9B09A420CBF01200020DBE700BF41AA04003A
S21400A9C003000080F0B5037801467B2B17D10646BE
S21400A9D0022400220B4F16F8015F7D2D05D10B5D7A
S21400A9E06BB9D24302F0010008E07B5D13F044002F
S21400A9F002D001320134EEE7202DFBD0F0BD00205E
S21400AA00FCE700BF41AA040070B506460D460FF0ED
S21400AA10C9FB044630462AF078FC044EAC4200D30C
S21400AA2070BD30462AF071FC0134F7E71DF80300CC
S21400AA302DE9F84F044602215148FFF7E5FF1E2195
S21400AA402068FFF7E1FF636858682AF05EFC4D480F
S21400AA502AF05BFC67683B7BFD2B12D8D7F8088092
S21400AA604FF0FF3640460FF09DFB0546DFF810918D
S21400AA70DFF870A1DFF84CB10C3717F8013BFF2B5D
S21400AA8001D1BDE8F88F212B18D8212B36D8DFE866
S21400AA9003F0377274111B1D1F21353535353535DA
S21400AAA03535232527292B2D2F31353535353535A9
S21400AAB035353D33344C002D2BD12EE0334C344A03
S21400AAC0FE2B08BF1446F6E7324CF4E7324CF2E7AA
S21400AAD0324CF0E7324CEEE7324CECE7324CEAE729
S21400AAE0324CE8E7324CE6E7324CE4E7324CE2E739
S21400AAF0324CE0E7324CDEE7324CDCE7234CDAE758
S21400AB00314CD8E72AF0F5FB01362AE0002DB4D008
S21400AB102E4C202B06F10106AFD002214846FFF747
S21400AB2073FF1E214846FFF76FFF50462AF0EDFBE5
S21400AB30594620460FF090FE2549002818BF2146AA
S21400AB4024482AF0E2FB3B78202B02D12B202AF067
S21400AB50D0FB21482AF0D9FB4DB118F806301F2B40
S21400AB6005D018F806001F2801D0AE42CADB0548FB
S21400AB702AF0CBFB81E7194C9DE7194C9BE700BFF9
S21400AB80BD390400CFEB030032EF030044EF0300AF
S21400AB90290904008FEF030096EF030087EF0300F8
S21400ABA083EF03007AEF030070EF030066EF030005
S21400ABB07BEF030071EF030067EF03005CEF030019
S21400ABC055EF03004CEF030031EF030037EF0300AF
S21400ABD042EF030045010400BBF203008EEF0300C2
S21400ABE095EF0300110A04002DE9F04F9BB00546CF
S21400ABF08B460024009203930FF0D4FA249F039B05
S21400AC0004901C6028463C600AAA09A92AF09FFB0B
S21400AC10064658B90A980FF0C5FA3446B046039B64
S21400AC201860D5F89C300293029B1BB920461BB0D7
S21400AC30BDE8F08F029BD3F80890B9F1000F6CD0F6
S21400AC402E4416F8013B202B11D000260C2373430C
S21400AC5009EB030A59F803300193002B58D0099BDF
S21400AC60434555DB9AF808202AB1721C39E03B6848
S21400AC7001333B60E5E73968D5F894200793039BDA
S21400AC80521A1A601AAB03EB880151F8403C01993E
S21400AC90184605930FF0A0FD06900028E5D1019810
S21400ACA00FF080FADDE906230146DAF80400D7F84B
S21400ACB000A090F80CC0BCF1FE0F16D103F1FF3EC9
S21400ACC0C64512D0D0F80090059801920FF06AFAA7
S21400ACD00AF1010A019A50442B5C23B1386008F14E
S21400ACE001081646B2E70130F6E7D5F8942005913C
S21400ACF0A2EB0A028A4220DC58460FF053FA059966
S21400AD0001447B290DD958461F4A009929F0B0F80E
S21400AD102B46049A2A4493422CD1029B1B6802932A
S21400AD2082E7DDE90012584629F0A2F85846174A8D
S21400AD300099013429F09CF897E7BCF1FE0F94D1F6
S21400AD40013B434591D1D0F800A0DFF840905AF877
S21400AD500C2B22B9049B3B60039B1A60D8E758462D
S21400AD60009929F085F84A465846009929F080F857
S21400AD700134ECE713F8011B0029CCD14FF0200179
S21400AD8003F8011CC7E700BF9CEF03001DF8030093
S21400AD902DE9F047002486B01C60DDE90EA80646C3
S21400ADA089468AF800401168154888F8004017461A
S21400ADB01D468DF81740FCF729FB18B901242B68AF
S21400ADC001332B600020D6F89C6036B914B10123FD
S21400ADD088F8003006B0BDE8F087B06868B14B462A
S21400ADE00021CDE902A8CDE900750DF117022AF081
S21400ADF0E5F89DF81730002BE8D13668E5E700BF88
S21400AE00A1EF03002DE9F0470446ADF5447D80220E
S21400AE10002104A802AF0FF0C9FA8022204600974E
S21400AE2003AB04A9FFF7E0FE01283DD104A80FF00C
S21400AE30B9F903993B68461A0B4426EAE67623449A
S21400AE40054604A83246014418460FF03FFC00228F
S21400AE508255D4F89060039B3968D4F89020194442
S21400AE60B14212DCD4F89410E81A0244C4F89020D8
S21400AE70014404AAC4F89410D41825182B1B002BE0
S21400AE800DDC0DF5447DBDE8F087A05C2AF031FAB4
S21400AE90D4F8903001360133C4F89030DBE714F86C
S21400AEA0010B2AF026FAE9E7EBDD24AD802200212B
S21400AEB028460DF5887A0FF079FA0DF110094FF44F
S21400AEC00072002150460FF071FA4FF001084A4612
S21400AED0002312F8016BA6B904A84AF828300FF030
S21400AEE061F92946334698451CDB19F8016B0DF5C8
S21400AEF0887C5CF8042B82420CD101F8016B01338C
S21400AF00F1E7202E03F1010304BF4AF8283008F1C8
S21400AF100108DEE70DF1100E7244D25CB242E8D0B2
S21400AF200022EA54D4F89060039BB3422FDC2346F9
S21400AF302C4A04A92C482AF0E8F928460FF032F9E2
S21400AF400646039B3F68F61A1F4426EAE672E01997
S21400AF5017441D44E11904F1900399423CD904F1C9
S21400AF609803984238D26A1E81190B1A002B27DDE7
S21400AF7012F8013F00F8013BD4F890300133C4F8D2
S21400AF809030D4F894300133C4F89430EDE7D4F818
S21400AF9090300136E05C2AF0ACF9D4F890300133FA
S21400AFA0C4F89030C0E7D4F89020013B0132C4F8D2
S21400AFB09020D4F894200132C4F89420002BF2DCC0
S21400AFC000232E44E355731B002B7FF75AAF15F86A
S21400AFD0010B2AF08EF9F6E729460FF077FB334689
S21400AFE0ECE700BF77EE0300A6EF03002DE9F84379
S21400AFF0D0E9245604460F46002294F89830012BD8
S21400B00007D10A2F07D1002384F898300020BDE826
S21400B010F88300F29F801B2F01D10223F4E70D2F47
S21400B0200DD1012384F898300D202AF062F90A2009
S21400B0302AF05FF900230120C4E92433E7E74FF044
S21400B0400008082F84F8988034D1454530DDB54295
S21400B0500FD138462AF04DF920202AF04AF9013D52
S21400B06038462AF046F9013E04F80580C4E924561D
S21400B070CCE7FBDA05F1FF3938462AF03AF904EB5B
S21400B0800903A6EB0902611918460FF0E1F904F866
S21400B09006800146013E48482AF037F935464D45B8
S21400B0A001DC4D46E2E708202AF023F9013DF6E7E9
S21400B0B0ACD0DBE77F2F1CD1002EA7DDB542A5DA8A
S21400B0C06319691C21441846721B0FF0C1F904F875
S21400B0D00680014639482AF018F90820013E2AF071
S21400B0E008F9B542F9D1D4F89430013BC4F894304D
S21400B0F08CE70A2F98D0092F03D12046FFF782FE4F
S21400B10084E7D4F88C30013BB3427FF77FAFB5427B
S21400B11004EB050805F101090CDB384688F80070D9
S21400B120D4F89430C4F890900133C4F894302AF0E0
S21400B130E0F86BE74146721B04EB09000FF088F954
S21400B14040462AF0E2F80820013E2AF0D2F8B5423E
S21400B150F9DDE2E7022B06D15B2F01D1032353E78B
S21400B16084F8982049E7032B7FF450AF413F84F8DA
S21400B1709820032F3FF64AAFDFE807F002070A16CB
S21400B180012120462AF066F840E74FF0FF31F8E745
S21400B190B542BFF63BAF605D2AF0ABF8D4F890300E
S21400B1A00133C4F8903031E7002D7FF72FAF013D13
S21400B1B00820C4F89050BAE7AFEF0300A9F30300E5
S21400B1C008B50248FEF720FC002008BD00B4C40401
S21400B1D030B58BB06C46174D0FCD0FC40FCD0FC4D6
S21400B1E095E8030084E80300134BD3F84C211203C0
S21400B1F01CD5A3F5FE431C884FF6FF739C4208BF80
S21400B2008C248DF81940FEF7E7FC204480F30800F4
S21400B2108DF818000948FCF791F96846FEF744FCDB
S21400B2203220FEF7DFFC00200BB030BDD3F85041D3
S21400B230E4B2E6E7108504000080E00F00F0490263
S21400B2400028ACBF00F16040064B4FEA0111C9B2BE
S21400B250ABBF00F5614000F00F0080F800131954F2
S21400B260704700BF14ED00E008B532F0F7FF0B4B57
S21400B2701A7872B901221A7032F0EBFF6FF00402EE
S21400B28010460132052152B2FFF7DAFF3D2AF7D108
S21400B29008BDBDE8084032F0DCBF00BF035D0020FB
S21400B2A0002807DB01234109034A00F01F00834002
S21400B2B042F82130704700BF00E100E0054B421124
S21400B2C053F8223000F01F0023FA00F0C04300F0CD
S21400B2D00100704700E100E0002808DB0122430976
S21400B2E0034900F01F008240603341F82320704776
S21400B2F000E100E010B5044632F0A3FF024B1C60EC
S21400B30032F09AFF002010BDE83B002010B532F066
S21400B31098FF034B1C6832F08FFF204610BD00BF1D
S21400B320E83B002038B50C461546014610B9FFF735
S21400B330EDFF01462B46224603480DF047FF002846
S21400B340D4BF3720002038BDA554030008B500F050
S21400B350E3FB18B16A21024833F072F8002008BDFA
S21400B360B4EF030008B500F049F80C4A536A43F4FA
S21400B37070235362EFF308834FF0CD31084A043B45
S21400B380934208D200F070FAFFF7E0FFBDE80840ED
S21400B3900448FEF795BD43F80419F1E700ED00E018
S21400B3A0080000206C83040007B5042200200DEB83
S21400B3B002012DF0CAFE042803D0D721044833F03A
S21400B3C03FF8019800F0DCF903B05DF804FB00BF1D
S21400B3D0B4EF0300082310B50C0A41400648C9B272
S21400B3E041F30002013B024013F0FF0382EA5101E1
S21400B3F0F6D184EA010010BD2083B8ED38B5FEF71B
S21400B4003BFC044629F05DFAE3072AD401221046E5
S21400B410114600FA01F3234002F1010223D01D4B2E
S21400B42033F811301C48062B028844881B4920D16B
S21400B4304FF20F039C4219D1B2F5406F28BF4FF46C
S21400B440C0624CF23C330A80438040F201730A88A3
S21400B4509A4201BF124B134AD2E90001C3E9000128
S21400B46015E00021DBE7102AD2D1DBE74FF4C062FB
S21400B470E7E740F20725AB420AD14FF20F05AC4290
S21400B48006D19A4204D14CF23C320B80428038BD41
S21400B4900B80DAE7D086040040640020FA550020CE
S21400B4A0EC3B002038640020014B1888704700BF32
S21400B4B0FA550020014B1888000A7047FA550020FC
S21400B4C0044B05481B881A0AB3F5406F38BF00EBDB
S21400B4D082007047FA550020A0860400044B1888A6
S21400B4E0044B020A53F82230C0B203EB80007047C8
S21400B4F0FA5500207086040010B5044632F0A5FE0A
S21400B5004FF20F02044B1C805A80BFF35F8FBDE8DA
S21400B510104029F091BF00BF406400206D4A2DE91D
S21400B520F0416D4B55686D4C5D65516A99656C4987
S21400B530D1F80002D865D1F80412586B1966916AE2
S21400B54010F0040F5966D16A4FF000009966116B2F
S21400B550D966516B1967D26BD8645A67D3E90E1255
S21400B56018BF11465F4A91421A655DD301F120006B
S21400B570A04259D88869C5F308051864CE69062D17
S21400B5805E6455D1584DA84252D3584DA8424FD26A
S21400B59005884DF6426085424AD11868C3F8900087
S21400B5A05868C3F8940040F20170A242154604D2CF
S21400B5B02E680432B6F1CD3FF7D00022C3E91E2232
S21400B5C0C3E92022C3E92222641BDFF81CC1434DD5
S21400B5D0DFF818E19C648D422DD8D3E91EC7D3E965
S21400B5E02065D3E922414FF0000E013AD2B2FF2A7D
S21400B5F03CD1BEF1000F05D0C3E91EC7C3E92065E4
S21400B600C3E92241B3F85430C3F308030C2B3BD8EC
S21400B610022B54D9DA1E092A51D8DFE802F0315736
S21400B620404350505050504D0021C3E910112D4951
S21400B6304FF42060B9E755F8044D6445CBD3744504
S21400B640C9D2E607C7D50026294F57F8048FA0456C
S21400B650C1D00136062EF8D132B1013AD2B202F18B
S21400B6601E0643F82640B6E70522F8E7E0464FF008
S21400B670010EBC4637462E4625460C464146B4E7E4
S21400B68040F60120BDE8F0813B2B18D1194B9B6991
S21400B69013F0020F40F2025318BF1846F2E740F6C6
S21400B6A00320EFE740F6042240F20173B0F5206F66
S21400B6B00CBF10461846E5E740F60520E2E740F6E0
S21400B6C00722013B4B2B98BF1046DBE740F60220D3
S21400B6D0D8E700BF00ED00E0A863002008100020B7
S21400B6E000E100E008000020D042000060E803000F
S21400B6F01C6400200080015A00F00CB800F00AB864
S21400B70000F008B800F006B800F004B800F002B880
S21400B71000F000B872B61EF0080F09D01EF0040F35
S21400B7200DD0DFF850E0AEE8FF1F6FF002000CE02F
S21400B730DFF840E0AEE8FF1F6FF00E0005E0DFF830
S21400B74034E0AEE8FF1F6FF006006946EFF30982AB
S21400B7508EE8070086460848084C854501D3A5456F
S21400B76001D384F30888FFF7D9FE84F30888FFF72F
S21400B770C3FE0000A8630020480000200810002038
S21400B7804BF6EF6283B2002B08BF1346044A000C48
S21400B79013804FF6CE2308BF1846024B188070471A
S21400B7A0646C0020626C00200B4BB3F900201888F4
S21400B7B0002AB8BF80F0620042001A80074AB2F939
S21400B7C0001013880029BCBF83F4805383F00B035A
S21400B7D05900118058407047646C0020626C00204D
S21400B7E007B5684600F01AF8DDE900010022034BB1
S21400B7F003B05DF804EB2AF01BB900BFF43B002051
S21400B80007B5009313460A460146034829F0C4FECE
S21400B81003B05DF804FB00BFF43B00200249034A76
S21400B8200160521A42607047386D00200000012007
S21400B83000487047F43B002038B54160044632F0BB
S21400B84000FD05462146044828F0EEFA2846BDE8E5
S21400B850384032F0F1BC00BF1C3C0020014828F004
S21400B860E0BA00BF1C3C00200222014B1A6770475A
S21400B8700040005070B532F0E4FC174E05461748FD
S21400B88032F08AFD3378CBB900F046F9044620B191
S21400B890284632F0D1FC204670BDFFF7DFFF32F0BD
S21400B8A042FE0F4B1C6031F077FA0E4B0E4A1860C2
S21400B8B0536F43F0010353672AF0D6F800F028F8D8
S21400B8C02AF0E9F8094B0024186001232846337053
S21400B8D032F0B2FCDFE700BF0F5D002048850400B1
S21400B8E0203C0020483C002000400050243C002023
S21400B8F0054B1B685843054B00F5742000F23F20AB
S21400B900B0FBF3F0704700BF483C002040420F00F9
S21400B910294B2A4AD3F8003170B503F003031360AD
S21400B92030F0D0FF4FF4C870FFF7E2FF0022244B40
S21400B93024491860244C0B680132D2B20A2A44F813
S21400B940040BF9D1034400EBC00003440B601F4B0B
S21400B9501F4D1B7813B3184BD3F8003103F00303C5
S21400B960022B22D0032B23D0012B17D130F042FD1F
S21400B970024698B1174B184EDC6800231946C4F3EC
S21400B9800B04013404EB84040138E4FB06010EF0DA
S21400B990A1F9FFF7ADFF2B6803442B601F20FFF7CC
S21400B9A0A7FF2B6803442B6070BD30F06DFDDFE70A
S21400B9B032F05AFCDCE700BF00800050883C0020D4
S21400B9C04C3C0020503C0020543C0020135D0020DE
S21400B9D0803C002000C0015040420F000122154B61
S21400B9E010B55A67144B154C1B7813B3022032F06F
S21400B9F08BFDF0B131F056FAD8B1A36DD90302D55C
S21400BA00E36D9A0715D40D4B9B6DDB0711D401220D
S21400BA100B4B1A7032F06CFDBDE81040094B0A4A19
S21400BA201860136F23F0070343F00303136730F027
S21400BA30C7BC10BD00D00050145D002000C00050F0
S21400BA40115D00207C3C0020008000500122014B4C
S21400BA501A707047145D002007B5FFF7C1FE01A8F5
S21400BA60FEF778F99DF80530012B25D1234B9A6D0A
S21400BA70D20311D45A6B6FF3162242F4BC1242F46E
S21400BA80A0625A631A6B22F4704242F440421A6370
S21400BA901A6B42F4E0621A639DF8043063B94FF003
S21400BAA000531B68164B1B68164B1B68164B1B680F
S21400BAB0164B1B68164B1B68164AD2F8803043F0AC
S21400BAC00303C2F8803029F0EEFFFFF7CDFBFFF747
S21400BAD077FBFFF77DFB0DF0C3FBFFF7CBFE00F017
S21400BAE01BF829F0E1FFFFF73DFC29F0ECFF2DF0F5
S21400BAF066F903B05DF804EB29F0D7BF00C000502C
S21400BB00004000200080002000C00020000001202F
S21400BB10004001200080005070B532F09FFB144EAC
S21400BB2005463478FCB9134B1C60134B1C60134B52
S21400BB301C6000F031F8012031F0A2FA31F094FADE
S21400BB400F4B0246186020B9284632F082FB2320AD
S21400BB5070BD234640F2E7310A480EF0BBF80A4BA8
S21400BB60186001233370284632F073FB0020EFE79D
S21400BB70175D0020983C0020943C0020A03C00204C
S21400BB809C3C002018FCFFFF903C0020014B1868EE
S21400BB90704700BF903C00201FB50024184B186863
S21400BBA09A880290D3F806009B7A00901548ADF864
S21400BBB00C208DF8043032F0EFFB02A88DF8084018
S21400BBC08DF80C40FEF7A2F8694601208DF800407B
S21400BBD0FEF760F81F220C4B9A615A614FF0B04294
S21400BBE0936A13F00803FBD113620120FEF76CF88A
S21400BBF00A20FFF771FB0A20FFF752FB04B010BDC6
S21400BC00F9860400448504000020005810B532F080
S21400BC1025FB4FF0B04304465B691A07074A03F05A
S21400BC20010003F00D0348BF40F00200536131F0FD
S21400BC304FF92046BDE8104032F00BBB00200058FC
S21400BC4021282DE9F341054604D82C46204602B0AB
S21400BC50BDE8F08100240B4E0B4FDFF83080002348
S21400BC60CDF800801A461946386828F026FC84422B
S21400BC70EBD2222CE9D056F8043BAB42E6D0013496
S21400BC80EDE700BF188A040038670020FFFF0F00AA
S21400BC902DE9F04F644E654D89B029F060FF31689C
S21400BCA02868FCF7D1FD0446002827D03368002416
S21400BCB0D3E900019A6912689047336804A89B6923
S21400BCC09B689847336802209B69DB689847326810
S21400BCD005985368E7B2B3FBF0F3BB42916904F1F1
S21400BCE001044ED8CB680020984733689B695B6890
S21400BCF0984731682868FCF7A7FD04460027DFF858
S21400BD0044A1DFF84481DFF84491F4B9484B286831
S21400BD10DB5D002B00F08380D8F8006002AB314674
S21400BD2003AAFCF713FF2D2807D070B9039B012B3D
S21400BD300BD031462868FDF75DF9DAF80030314659
S21400BD401A682868FDF7D6F804460137222F0AF14C
S21400BD50040A08F1040809F10109D6D1B4FA84F3FB
S21400BD60344A5B0913702B681B7C33B129F0C3FE81
S21400BD7018B1DB21304832F063FB204609B0BDE83D
S21400BD80F08F12680B6907FB002098479FE7D8F8EA
S21400BD90003003AA194402AB0191FCF7D7FE2D2808
S21400BDA0034601992BD0286813B30BF1010B5FFAF9
S21400BDB08BF18E422868EAD8204BDB5D002BC4D07E
S21400BDC0F3B27E2B2868C0D8D8F8003003AA06EB5A
S21400BDD0030B594602ABFCF7B9FE2D28B5D05946E1
S21400BDE02868FDF707F9013604460028E8D0ACE7D6
S21400BDF0039B7BB999F80020029B9A42D5D099F80C
S21400BE000030DAF800202868FCF76EFF0028CCD057
S21400BE100446D1E70191FDF7EDF80199EFE7084BED
S21400BE20A346DE5DC3E700BF186700203867002022
S21400BE30F4890400195D00203BF00300D289040059
S21400BE408E89040004870400188A0400B089040060
S21400BE50F8B51F46214B04461B780D46164623B1FF
S21400BE6000F47E23B3F50E2F2BD02046FFF7E8FE16
S21400BE702128044614D81A4B53F82010194B1B7867
S21400BE80ABB1194B212C18681DD8184B1B5DD3B1CC
S21400BE903268FDF72FF8044650B129F02BFE07E074
S21400BEA0FF2807D93A46314680B229F037FB0024EE
S21400BEB02046F8BD4FF4A9710D4832F0C1FA0021B2
S21400BEC0DCE70146DAE77F2D08BF00253B46324611
S21400BED051FA85F1FCF708FFDDE700BF185D00208A
S21400BEE0188A0400195D002038670020F4890400D1
S21400BEF03BF0030030B5134600F07E62B2F17E6F71
S21400BF008BB00DD10A46C0F30B016846FEF71AFA4D
S21400BF1020B140F29311094832F092FA0BB030BDCE
S21400BF205A0829F0EAFD0028F8D04FF49C7103481F
S21400BF300BB0BDE8304032F083BA00BFCCF003004F
S21400BF402DE9F743C70705460E46144604D540F2CA
S21400BF50E311494832F074FAE10704D54FF4F27160
S21400BF60454832F06DFA454B93F80080B8F1000F63
S21400BF7020D043F260239D4208D1224631464048F5
S21400BF800EF0A4FB002003B0BDE8F083C5F30B075A
S21400BF9005F44055B5F5805F14BF4FF40F204FF4FD
S21400BFA00E20234632467F21384303B0BDE8F043D7
S21400BFB0FFF74EBF05F47043B3F5805F3FD1C5F37E
S21400BFC00B05304A05F17E65631E2B44934230D83C
S21400BFD02F46DFF8A49007EB0408474542D1AA078E
S21400BFE00ED04FF6FF7336F8022BA81E43EA024324
S21400BFF004220DEB02010193FFF77CFF0235023CA1
S21400C000A3070ED0023C24F00103F35A04226FEA81
S21400C01003436FEA13430DEB020128190193FFF760
S21400C02069FF002CAED0224631462846FFF762FF55
S21400C030A8E740F2FD11104832F002FAC8E705F40E
S21400C0406043B3F5005F04D1C5F30B0505F53E2547
S21400C050BEE740F20521084832F0F2F96FF00F070C
S21400C0604546B6E717F8013BFF2BB6D04FF40471F0
S21400C070484632F0E5F9B0E7CCF00300185D002042
S21400C080666C0020FF03E00F10B500F077F829F08B
S21400C09080FD044618B100F079F8204610BD00F087
S21400C0A07BF804460028F6D10122014B1A70F2E70D
S21400C0B01A5D0020054B1B7833B1054BC0F3130106
S21400C0C000221868FCF75ABF112070471A5D00203E
S21400C0D038670020144B2DE9F0411B7805460E46C4
S21400C0E01746FBB129F03CFD012805D9841EE4B2B1
S21400C0F0012C09D9212412E03B4631462846BDE8EA
S21400C100F041002200F052B800F038F83B4600221A
S21400C1103146284600F076F8044600F037F8204608
S21400C120BDE8F0811124FAE71A5D0020124B70B5C5
S21400C1301B7804460D461646E3B129F011FD01288A
S21400C14005D9831EDBB2012B08D9212410E0324624
S21400C15029462046BDE8704000F040B800F00EF8D2
S21400C16020463246294629F016FD044600F00EF811
S21400C170204670BD1124FBE71A5D002008B532F09A
S21400C18060F8014B186008BDA43C0020014B1868FD
S21400C19032F052B8A43C0020024B1968024B1868D3
S21400C1A0FCF752BB186700203867002037B50546F5
S21400C1B00C46C0F313010848ED02006805D5224678
S21400C1C003B0BDE83040FCF78DBC00931346224612
S21400C1D0FCF742FC03B030BD3867002030B405469B
S21400C1E01346074A0C46C0F313011068EA0203D54B
S21400C1F0226830BCFCF77EBE224630BCFCF774BD1D
S21400C20038670020F7B505460F4614461E461BB98C
S21400C2102125284603B0F0BD0029F9D029F0A0FC5E
S21400C2204BF23462ABB2934220D14FF0FF3322463A
S21400C2306946CDE9003325483346FFF7E3FF082279
S21400C2400546234968460EF0FDFB38B933462246BC
S21400C250694641F2F010FFF7D5FF0546002DD8D10C
S21400C2603246694638460EF031FAD2E741F2F0120D
S21400C27093420FD1174B311908299A6CDB6CC7D83B
S21400C280CDE9002332460DEB040138460EF01EFAC7
S21400C2900025BEE702280BD1C5F30C4332199342A2
S21400C2A0B6D3C5F30B0104F17E6432462144ECE7B5
S21400C2B0032809D1C5F30C4332199342A8D3C5F31A
S21400C2C00B0104F53E24F0E70125A2E7021008C0A2
S21400C2D0A48A04000080E00F10B52BF010FF2CF0AD
S21400C2E0C6FFBDE81040034601210220014A02F0C5
S21400C2F00BBC00BF63F1030013B5D0E9023253F85C
S21400C30022301C7820462BF00CFF2346009001219B
S21400C3100220024A02F0F8FB02B010BD77F10300DB
S21400C320014B18782BF0D2BA1B5D0020FF232DE9B5
S21400C330F04F8FB01122002108A88DF813300EF0B0
S21400C34035F808A82AF07EFC01210220B04A08AB86
S21400C35002F0DAFB41F24903AE4A0121022002F064
S21400C360D3FB06A82AF09DFD08A90DF113002AF0BC
S21400C370A3FD02200021A84A02F0C6FB00202BF0F5
S21400C380D6FA10B106A809F0CDFB9DF92A30012196
S21400C3900220A24A00939DF82B3002F0B5FB2BF04A
S21400C3A0AAFE831EDBB2FC2B054631D801210220F3
S21400C3B09B4A02F0A9FB01249A4E9B4FDFF8D082DD
S21400C3C0234632460021022002F09EFB05A9E0B279
S21400C3D02BF093FE034650B1A0F11602012A40F25C
S21400C3E0AA8042460121022002F08EFB0CE09DF955
S21400C3F014303A4601939DF816300121009302202E
S21400C4009DF8153002F080FB0134E3B29D42D7D888
S21400C410BDF8284007F072FF23460021834A0090AB
S21400C420022002F071FB02200021814A02F06CFB20
S21400C43000202BF07CFA10B108A809F073FB01214C
S21400C4407C4A022002F060FB2BF0B3FD04462BF082
S21400C450AEFD23460121784A0090022002F054FBEC
S21400C46008F024FC00210220744A02F04DFB9DF8DF
S21400C4701330FF2B65D000210220714A02F044FBE6
S21400C48001216C4A022002F03FFB2AF01AFD01212E
S21400C49003466C4A022002F037FB07F007FF002134
S21400C4A00346694A022002F02FFB2AF010FD0446DC
S21400C4B02AF00FFD23460121644A0090022002F074
S21400C4C023FB31F0CAFF08F099FC01210346604ABD
S21400C4D0022002F019FB0025DFF8B88108F08EFC78
S21400C4E0ECB2A04233D831F0B8FF0123594A1946BE
S21400C4F0022002F009FB00202BF0E8F9564B574CBF
S21400C5000093012100230220554A02F0FDFA236819
S21400C51063B1012102201B78524A02F0F5FA236823
S21400C520012102205B78504A02F0EEFA2BF0D3F994
S21400C5300FB0BDE8F08F012102204C4A02F0E4FA69
S21400C54062E7002102204A4A02F0DEFA98E7494BE9
S21400C550204603EB0416D6F8089008F009FD82463C
S21400C560204608F051FC444F00280CBFC346BB468B
S21400C570204608F0FDFC0AF0B7FA002808BF474638
S21400C580534600210220CDE900B73C4A02F0BCFA2F
S21400C590B37901210293B388022001937388384A45
S21400C5A00093337B02F0B0FA0026DFF8ECB099F87F
S21400C5B00430F4B2A34203D831F04FFF01358DE7C3
S21400C5C014235C43D9F8007002203A5B07EB040A98
S21400C5D09AF90C3000922B4A002132EA230228BF37
S21400C5E05A461346284A02F08FFA00202BF09FF98D
S21400C5F038B150463C5B2AF0D3FC014620460AF090
S21400C600C1FA01210220214A02F07EFA0136CEE765
S21400C610B8F10300C7F10300E3F103000FF20300D3
S21400C620EAF1030000F2030007F203003CF2030005
S21400C6305CF20300A6F2030065F2030087F2030033
S21400C640A810040092F20300A8F20300BEF2030052
S21400C650D4F203004DF3030065F3030040410020CD
S21400C66059F3030073F3030087F3030024F2030077
S21400C67044EF0300744000208FF10300DFF2030054
S21400C680FFF20300ACF1030035F30300BD390400EC
S21400C6902FF2030097F10300A0F103002DE9F74302
S21400C6A00025134EDFF8588008F0A8FBECB2A04235
S21400C6B002D803B0BDE8F0832701204616F807909D
S21400C6C008F0A2FB0B4A4B46002808BF4246002152
S21400C6D002200092084A02F017FAF05D2AF0FDFBED
S21400C6E001210220054A02F00FFA0135DCE700BFFF
S21400C6F07440002056400400A2F30300BD39040035
S21400C7006040040008B583685A681178C26853F818
S21400C7102230A1F1650251425141187808F02AFDF5
S21400C72030B9BDE8084001210220024A02F0ECB907
S21400C73008BD00BFADF3030000210220014A02F04D
S21400C740E3B900BFC7F3030000210220014A02F04C
S21400C750DBB900BFF5F3030010B5044686B0182217
S21400C760002168460DF022FE68462BF02CF8D4E92E
S21400C770022052F8203002EB80021B788DF80B3036
S21400C780516891F900108DF80A1091680988ADF883
S21400C79008106168091A032907DDD26803F01F0331
S21400C7A0127843EA42138DF80B30684607F054FEC1
S21400C7B000210346024A022002F0A6F906B010BD88
S21400C7C011F4030007B500202BF059FC002100905F
S21400C7D0034B0220034A02F097F903B05DF804FB0E
S21400C7E01EF4030024F4030013B5D0E9023253F814
S21400C7F0221003EB82035B68087819680023094C53
S21400C800A222994208BF2146C01A18BF01202BF069
S21400C8102AFC01210090044B0420044A02F074F91B
S21400C82002B010BD00F8FF07EB35040036F5030034
S21400C83013B5D0E9023203EB820153F82230D1E976
S21400C84001141878FF22003818BF012023780968E1
S21400C8502BF009FC01210090034B0420034A02F050
S21400C86053F902B010BD00BF2FF4030036F50300E5
S21400C87008B5002101230C4A2BF067FA0A482AF073
S21400C880C5FF0020094909F0E5F900202BF04FF814
S21400C89010B1054809F046F9BDE80840012104201A
S21400C8A0034A02F031B900BF4C62002044F4030092
S21400C8B0BD39040010B52AF00EFB034630B1BDE8C2
S21400C8C0104001210420054A02F01EB90121BDE8EE
S21400C8D010400420024A02F017B900BF52F40300C9
S21400C8E063F4030010B52AF095FFBDE81040034638
S21400C8F001210220014A02F007B900BF6EF40300CE
S21400C90010B52AF056FFBDE810400346012102206C
S21400C910014A02F0F9B800BF84F4030037B5D0E945
S21400C9200232012453F822304FF6FF701D78FE22A3
S21400C93004FA05F100232BF00AFC2B460090214652
S21400C9400420024A02F0E0F803B030BD98F4030079
S21400C950D0E9023253F822301B7823B1012102209D
S21400C960024A02F0D1B8024A13707047B7F40300C7
S21400C9701B5D002007B568462AF093FA07F0BEFC58
S21400C98001210346084A022002F0BEF8684609F074
S21400C990C9F807F027FF01210346044A022002F0E7
S21400C9A0B3F803B05DF804FBCDF40300E7F403002E
S21400C9B037B5D0E90245406854F82530401B0328B7
S21400C9C0D8BF002004EB8504C8BFE0681978636808
S21400C9D0C8BF00781A78A36893F900300090012049
S21400C9E02BF02FFB38B901210220084A03B0BDE81E
S21400C9F0304002F089B8064B0190009301210220D6
S21400CA00044B054A02F080F803B030BDF8F403008A
S21400CA1000F503009A21040014F5030007B5012071
S21400CA202BF017FB48B9009001210220084B094A59
S21400CA3002F06AF803B05DF804FB054B0190009322
S21400CA4001210220044B054A02F05EF8F2E700BF1F
S21400CA5000F503002BF50300494E040014F503000F
S21400CA6008B5D0E9023253F8223018782BF0A5FA30
S21400CA7030B9044A0121BDE80840042002F044B859
S21400CA80014AF7E740F503005CF5030008B5D0E976
S21400CA90023253F8223018882BF08DFA30B9044A47
S21400CAA00121BDE80840042002F02EB8014AF7E74D
S21400CAB07BF50300ABF5030073B50378044613F06B
S21400CAC0050F0ED04588062D17D1836801215B68B7
S21400CAD0174A1B780193838804200093154B02F0B5
S21400CAE013F82378012B20D001210420114B124A81
S21400CAF002B0BDE8704002F007B835B9838801215E
S21400CB0004200E4A02F000F8EBE7012DE9D1866812
S21400CB100B49002009F09EF8304609F003F8294634
S21400CB200420084A01F0F0FFDBE702B070BD00BF4A
S21400CB30E1F50300D8F5030033F60300FEF5030025
S21400CB401BF60300BD3904002DE9F04F00268FB018
S21400CB50364D09AC0FCD0FC42B6801210220344A94
S21400CB60236001F0D1FF3446DFF8DC902AF0ADF9FF
S21400CB70F5B2A8420BD82AF0A8F923460090012166
S21400CB8002202C4A01F0C0FF0FB0BDE8F08F284607
S21400CB9005A92BF0F4F90346002841D19DF814307E
S21400CBA0032B39D904238DF814302B46002102209C
S21400CBB0214A01F0A9FF9DF814300EAA02EB830368
S21400CBC000214A4653F8143C022001F09DFF2846F7
S21400CBD09DF821A09DF815B09DF81870BDF8168038
S21400CBE02BF0CFF95346CDE9028000210220CDE993
S21400CBF000B7124A01F088FF01340020E4B22AF0A0
S21400CC0096FE18B10DF1190008F08CFF00210220E5
S21400CC100B4A01F079FF01E0002BC6D10136A5E7EB
S21400CC2000210220074A01F06FFFF7E7AC8A0400F4
S21400CC3045F60300BEF6030002F2030072F6030098
S21400CC40CFEB030099F6030045010400C368826831
S21400CC50013BDBB252F8233002201B78652B14BF51
S21400CC6000220121044B1BBF01211A70034A044A0B
S21400CC7008BF197001F048BFCD6C0020D5F6030040
S21400CC80E3F60300D0E9023253F822301A88014B4B
S21400CC901A807047686C002007B5D0E9023103EBB4
S21400CCA0810253F8213052681988054B05481288CE
S21400CCB000930088012309F029FC03B05DF804FB0B
S21400CCC0B9CA0000686C0020C3688268013BDBB20A
S21400CCD052F823305B78A3F1660253425341014A6F
S21400CCE013707047D06C002030B5D0E9023253F88C
S21400CCF0223089B01D78012302AA194604462BF07B
S21400CD0024F801230093102302210DEB0302204692
S21400CD102AF0FCFF284604AA02A92BF032FA0446A1
S21400CD2000202AF004FE18B12146044807F076FBDE
S21400CD300020034908F074FF09B030BDF2F6030086
S21400CD40BD390400002330B58FB00221009309AA34
S21400CD50122305462AF0DAFF05AA014609A807F0BD
S21400CD60E1F8044698B1232805D1134A012104208E
S21400CD7001F0CAFE09E0212801D1104AF6E7034671
S21400CD80012104200E4A01F0BFFE0FB030BD012382
S21400CD902846194603AA2AF0D8FF05A903A82BF0AF
S21400CDA0F2F9054620462AF0C2FD18B12946054884
S21400CDB007F034FB044AD9E7FFF6030022F7030026
S21400CDC05DF703007EF70300BD390400F0B5D0E937
S21400CDD0023253F8221003EB82039B6805461F7845
S21400CDE087B038460E782AF082FD044608BBD5E99F
S21400CDF0022101238DF80830194452F8210002EB75
S21400CE00810200888DF809709268ADF80A001278E1
S21400CE1004218DF80C2028460DF10D022AF095FF0E
S21400CE20304602A98DF815402BF0ADF804462AF0DE
S21400CE3052FD334601210420024A009401F064FEAC
S21400CE4007B0F0BD93F703002DE9F04101218EB045
S21400CE500220274A01F058FE002005AB01AA09A9C6
S21400CE602BF089F900250446224E234FDFF89880E0
S21400CE701CB128460EB0BDE8F08102202B46324693
S21400CE80214601F041FE20462AF051FD10B10AA8C5
S21400CE9008F048FE3A46002102209DF8303001F0A6
S21400CEA033FE424600210220079B01F02DFE0021A2
S21400CEB00220BDF82030114A01F026FEBDF81430DD
S21400CEC000210F4A022001F01FFE013501A82AF0BA
S21400CED029FDEDB2012102200A4A01F015FE28467E
S21400CEE005AB01AA09A92BF046F90446C0E700BF26
S21400CEF0C5F703000BF8030013F80300C71004007F
S21400CF0028F80300BD3904001FF803002DE9F04798
S21400CF10064698B0C0B929F0D6FF074600250EA8E9
S21400CF202BF033F901210220384A01F0EDFD2C46A2
S21400CF30DFF8E080DFF8E090DFF8E0A0BC4205D341
S21400CF40284618B0BDE8F0870127E7E713A82BF0BE
S21400CF501CF9002E4CD0022306A913A88DF84C30DD
S21400CF60FE242BF004F900283FD102A913A82BF0C9
S21400CF7004F99DF8593043F001038DF85930002E1E
S21400CF803DD1234631460220214A01F0BDFD9DF8E1
S21400CF9059300AA943F0010313A88DF859302BF035
S21400CFA0ECF800202AF0C3FC10B114A808F0BAFD73
S21400CFB00C9B42460021022001F0A6FDBDF8282069
S21400CFC0002112F4007F0CBF4C23412312F0100FF7
S21400CFD00CBF6E227922022000924A4601F094FD90
S21400CFE006A82AF09FFC0135EDB20134E4B2A5E7AD
S21400CFF020460AAB06AA13A92BF0BBF8B3E75246A5
S21400D0000021022001F080FDC1E700BF32F80300D6
S21400D0100BF803001FF803006EF8030067F8030020
S21400D02030B5012499B00EA82BF0AFF813A88DF8F0
S21400D03038402BF040F8C0B9BDF84C1011EA040592
S21400D04013D121460220444A01F05EFD2946022003
S21400D050424A01F059FD214602203F4A01F054FDA4
S21400D060214602203C4A01F04FFD06A90EA82BF0EF
S21400D0707EF820B11022FF2106A80DF097F904A82B
S21400D0802BF07DF8059B01210220354A0093354B95
S21400D09001F03AFD9DF8123001210220324A009339
S21400D0A0304B01F031FD00212E4B304A022001F0BA
S21400D0B02BFD06A82AF036FC13A82BF066F80223F0
S21400D0C00AA913A88DF84C302BF057F800283FD14A
S21400D0D00B9B009301210220254B264A01F014FDEC
S21400D0E00121234B244A022001F00EFD0120FFF708
S21400D0F00DFF01211E4B214A022001F005FD0020F4
S21400D100FFF704FF044629F0DEFE234600900121C7
S21400D11002201B4A01F0F8FC01211A4B174A022094
S21400D12001F0F2FCFFF790FE174902280346174865
S21400D130174A28BF0A46084928BF01460092CDE98B
S21400D140013102200121134A01F0DEFC19B030BD86
S21400D1504FF0FF33BDE700BFBD39040081F8030080
S21400D160BFF80300B7F80300CFF80300242004003C
S21400D1704B2E0400E2F80300F2F80300F9F803006F
S21400D18002F9030016F903007DF803008E1504006B
S21400D190E015040024F9030010B5D0E9023253F874
S21400D1A022301C78201E18BF01202AF070FF054A86
S21400D1B0054B0020002C18BF1A46BDE81040034956
S21400D1C008F02EBD51F903004CF903005AF903008C
S21400D1D0D0E9023210B553F822301C8820462AF0D7
S21400D1E058FF2246BDE810400020014908F018BD4F
S21400D1F09BF9030037B5044607F058F8014638B1E6
S21400D20000200D4A0D4903B0BDE8304008F008BDC7
S21400D210E368A268013BDBB252F8233008481D7869
S21400D2200123084A00936C2D08BF024610232046AF
S21400D2302AF06CFD03B030BDE9F90300F1F90300F4
S21400D240B66C0020A66C002013B583689A68127826
S21400D250672A22D101A82AF02EFF0446A8B9BDF8F5
S21400D2600420174908F0DCFCBDF80430DA070AD4BD
S21400D27013F0020F134B144A18BF1A461349002026
S21400D28008F0CEFC19E0124AF8E7024611490020E1
S21400D29008F0C6FC22461049F1E7C26801A953F817
S21400D2A0220003EB82035B6800681B68ADF804305D
S21400D2B02AF007FF04460028ECD102B010BD00BFDC
S21400D2C024FA030017FA03008121040045FA03003C
S21400D2D007FA030057FA030083FA0300034A0449D7
S21400D2E01388C85401331380704700BF0A560020C5
S21400D2F0215D002073B5154D01242B78144E13F0D4
S21400D300040F0CBF02230423124A214614703288ED
S21400D31002200192EB5C104A0093104B5B8801F0F0
S21400D320F3FB002102200E4A01F0EEFB0D4B2946CE
S21400D330009332882346022001F02CFC214602206E
S21400D340094A02B0BDE8704001F0DEBB215D002056
S21400D3500A560020205D002092FA0300FC550020AB
S21400D360B7FA0300D9FA0300BD39040070B51646B3
S21400D3704FF48A52114B124DDA805980114B1B889C
S21400D3801A1E18BF012240EA82000F4A1278003A9D
S21400D39018BF012240EA0210287063B103246B70A4
S21400D3A01B0AAB7009F00EFC631C2855EE54074BA5
S21400D3B002341C8070BD0124F4E700BFFC55002039
S21400D3C0215D0020085600201F5D00200A56002020
S21400D3D038B5D1E902320C46054653F822300246EB
S21400D3E019880C4B1878FFF7C1FFE368A268013371
S21400D3F052F82330188828F010FC4DB1E368A26874
S21400D400023352F823301878BDE83840FFF766BF7D
S21400D41038BD00BF1C5D0020F0B50546EB68AA6865
S21400D420023352F8233008461C78294685B0FFF7A9
S21400D430CFFF204629F0A0FD204E214F78B320468E
S21400D44029F0A6FD0321441C03AA284627F04CFC1D
S21400D4503288E4B2C2F1FF0303991B1B9BB28B42D6
S21400D46022443CBFC2F1FF03039301230321009330
S21400D4703A449DF80C3028462AF048FC039A022CC1
S21400D480338804BF0F48110AFA5408BFC154134426
S21400D4901C44348005B0BDE8F040FFF72BBF2046A3
S21400D4A007F00CFC01233288044600930321034650
S21400D4B03A4428462AF02AFC3388E9E70A56002030
S21400D4C0215D0020225D0020052307B50121009381
S21400D4D00220044B044A01F017FB03B05DF804EB8E
S21400D4E0FFF79EBDC0FA0300C7FA030013B5044653
S21400D4F02AF0DDFD38B1CDE9004001210220034BC2
S21400D500034A01F001FB02B010BD00BFE9F90300B9
S21400D510DEFA0300194B37B51B783BB90121022010
S21400D520174A03B0BDE8304001F0EEBAD0E9023247
S21400D530144C53F8223001211D7863880220009392
S21400D540114A2B4601F0E0FA104B25711B78104D5E
S21400D55063B1012102200F4A01F0D6FA20460E4A96
S21400D560298803B0BDE8304029F0A7BA20460A4A09
S21400D570298803B0BDE8304029F061BB205D00205B
S21400D580F5FA0300FC55002003FB03001D5D002098
S21400D5900A5600201AFB0300215D00202DE9F04109
S21400D5A0D0E9023253F8221003EB82035A680C7853
S21400D5B017889A68DB68B2F80080C6B01D7800212C
S21400D5C0304B0220304A0094CDE9017801F09CFAF5
S21400D5D0002D0CBF6E237923012102202B4A01F077
S21400D5E093FAFF23002D0DF1170606AD0193204692
S21400D5F00CBF8023402342463946029600952AF007
S21400D60001F80446002835D1307829F0BBFC0746DF
S21400D610B0B128462AF04AF91D4BFD28A8BFFD20C8
S21400D6200093234682B20DF11901022001F0B2FAEE
S21400D63001210220174A01F067FA46B0BDE8F081E2
S21400D640307829F0A5FC60B128462AF034F9FD2888
S21400D650A8BFFD200E4B82B200930DF11A013B4687
S21400D660E3E7307807F02AFB0B4B02460093294687
S21400D6700123DAE7009001210220084B084A01F056
S21400D68043FADAE7E72E040034FB030059FB0300F5
S21400D6906B430400BD390400D9FA0300E10304001B
S21400D6A063FB0300D0E9023253F8221003EB820337
S21400D6B02DE9F04F5A680F78B2F800809A68C7B024
S21400D6C0B2F80090DA681B6992F800A01E78002174
S21400D6D02F4B304A0446CDE901890220009701F01D
S21400D6E013FABAF1000F0CBF6E2379230121022032
S21400D6F0294A009606AD01F007FAFF2200212846C7
S21400D7000CF054FE304629F03DFC834608B3002357
S21400D710052100932046FD230DF119022AF0F6FAA2
S21400D7202870BAF1000F0CBF802340234A464146BA
S21400D7303846CDE9005629F030FF0146144806F079
S21400D7406DFE01210220154A01F0DEF947B0BDE862
S21400D750F08F304629F01CFC60B1FD2305212046E1
S21400D760CDF800B00DF11A022AF0D0FA85F801B013
S21400D7702870D6E70590304607F0A0FA059A0346CB
S21400D780009205212A4620462AF0C0FAC9E700BFC3
S21400D790DA2E040034FB030074FB0300BD390400DA
S21400D7A02DE9FF471C465B68E5685B1B00255FFAB2
S21400D7B083F803952E46FFF7D9FDEBB298450BD9B3
S21400D7C00C9B9B5D282B39D8202B00F2CB80013692
S21400D7D0F6B2002B40F0C980FFF78CFD04B0BDE820
S21400D7E0F087132A2FD801A151F822F0B3D80000F1
S21400D7F0C5D80000D7D800000BD90000D9D7000044
S21400D800D9D70000D9D70000D9D7000047D80000E4
S21400D81047D8000047D8000047D8000047D8000087
S21400D82047D8000047D8000047D8000047D8000077
S21400D83047D8000057D8000031D90000A3F13102C4
S21400D840D1B21329CDD90136F6B2A3F14102032A8B
S21400D850C2D8422B6CD06C4F00213A88DFF8B0A1BA
S21400D860C2F1FE039BB2FF2B28BFFF2301320091BB
S21400D870DBB22046524469B22AF024FA3B880AF802
S21400D880030001331844388011E04FF00409E368C0
S21400D890A2682B4452F823301F68F8B209F1FF390A
S21400D8A0FFF71CFD19F0FF094FEA1727F5D10135E0
S21400D8B083E7E368A2682B4452F823301878FFF712
S21400D8C00DFDF4E7E368A2682B4452F8233018886D
S21400D8D028F0A3F9EBE7E368A2682B4452F823305C
S21400D8E01F68B7F1807F09D2F8B2FFF7F7FCC7F3DD
S21400D8F00720FFF7F3FCC7F30740E0E72B460121BC
S21400D9000820424A01F000F966E74FF00409E36890
S21400D910A2682B4452F823301F68F8B209F1FF3989
S21400D920FFF7DCFC19F0FF094FEA1727F5D1BEE731
S21400D930294603AA204627F0D7F90021324F344A59
S21400D9403B88DDF80C9002EB030CCAB2914501F15E
S21400D950010102D84B443B80A9E710F802A00CF85E
S21400D96002A0F2E7242B3FF670AF013B232B3FF6D5
S21400D97033AF01A252F823F0B3D80000C5D8000098
S21400D980D7D800008BD80000D9D70000D9D7000020
S21400D990D9D70000D9D70000D9D70000D9D70000C2
S21400D9A0D9D70000D9D70000D9D70000D9D70000B2
S21400D9B0D9D70000D9D70000B3D80000C5D80000DA
S21400D9C0D7D800000BD90000D9D70000D9D700005F
S21400D9D0D9D70000D9D70000D9D70000D9D7000082
S21400D9E0D9D70000D9D70000D9D70000D9D7000072
S21400D9F0D9D70000D9D70000B3D80000C5D800009A
S21400DA00D7D800008BD800000A5600208DFB0300F4
S21400DA10215D0020094B1B7823B101210820084A0C
S21400DA2001F072B8D0E9023253F82230054A1B885A
S21400DA30012113800820044A01F066B8205D00200A
S21400DA40B3FB030008560020F5FB0300D0E90232C2
S21400DA5053F82230054A1B780121003B18BF0123EA
S21400DA6008201370024A01F04FB800BF1E5D002068
S21400DA701BFC0300D0E9023253F82230034A1B781D
S21400DA80012113700820024A01F03EB81F5D0020F5
S21400DA904AFC030010B5D0E90232044653F822309F
S21400DAA0132219880B4B1878FFF760FCE368A2680E
S21400DAB0013352F823301878FFF710FCE368A268A9
S21400DAC0023352F823301878FFF708FCBDE8104000
S21400DAD0FFF710BC1C5D002010B5D0E902320446EA
S21400DAE053F82230112219880B4B1878FFF73EFCAA
S21400DAF0E368A268013352F823301878FFF7EEFB8C
S21400DB00E368A268023352F823301878FFF7E6FB82
S21400DB10BDE81040FFF7EEBB1C5D0020D0E90232E6
S21400DB2053F82230034A1B78003B18BF0123DB0062
S21400DB30137070471C5D002010B5D0E9023253F810
S21400DB402230044619880E4B06221878FFF70EFC82
S21400DB500120FFF7C3FBE368A268034452F82330B2
S21400DB60188828F05AF8E368A268023352F823307F
S21400DB70188828F052F8BDE81040FFF7BBBB00BF7E
S21400DB801C5D00202DE9F043D0E902324FF0FD097C
S21400DB90013253F8221003EB82035A68C7B0178885
S21400DBA09A68B1F80080147853F8043C002C0DF104
S21400DBB0170506AE18783A4614BF40238023414620
S21400DBC00295CDF80490009629F01CFD034638B166
S21400DBD0184A0121082000F097FF47B0BDE8F083FF
S21400DBE0201E18BF01200A224146C000FFF7BEFBD8
S21400DBF0384628F012F82878FFF770FB4A46314678
S21400DC00287829F06DF9044628B10B4F3D88C5F1F8
S21400DC10FF03984202DD2346084ADAE70246084830
S21400DC203146284425440CF051FD3D80FFF762FB49
S21400DC30D3E700BF80FC03000A5600209CFC0300CC
S21400DC40215D002010B5D0E90232044653F8223098
S21400DC50082219880B4B1878FFF788FBE368A26840
S21400DC60023352F823301878FFF738FBE368A268CF
S21400DC70013352F82330188827F0CFFFBDE8104054
S21400DC80FFF738BB1C5D002073B5D0E902320546AD
S21400DC90023253F8221003EB820353F8042C53F895
S21400DCA0083C0C781988234B168818780622FFF74C
S21400DCB05DFB0020FFF712FB304627F0AEFF204644
S21400DCC0FFF70CFBEB68AA68033352F8233018887A
S21400DCD027F0A3FFEB68AA68043352F823301888AD
S21400DCE027F09BFF204609F06DF9E8B9204606F0BC
S21400DCF0E5FF05210446019001AA284626F0F4FF18
S21400DD00019B01469C4206D0224631460A480BF04B
S21400DD103BFA02B070BD094D09482E8822463044B1
S21400DD2034440CF095FB2C8002B0BDE87040FFF741
S21400DD30E1BA00BF1C5D0020C8FC03000A560020A4
S21400DD40215D002073B5D0E902324FF48A5153F8B2
S21400DD502230104D1A88104BD9805A8000232A464C
S21400DD6000930121FF2329F0D1FF2B78044613F0FE
S21400DD70040F0A4B08BF01261B7818BF032613B1F1
S21400DD8008F020FFA855064B1C8002B0BDE8704086
S21400DD90FFF7B0BA215D0020FC5500201E5D002074
S21400DDA00A560020D0E9023253F82230034A1B7884
S21400DDB0003B18BF01231370704700BF1D5D002095
S21400DDC010B50C4608B907F089FE024B18715C7155
S21400DDD010BD00BFFC55002002462DE9F341D0E9F6
S21400DDE00253526855F82310D21A0C8805EB8301AB
S21400DDF0013BDBB255F82380294D022A4868C8BF8C
S21400DE008A682B78D8BFFF210078C8BF11783BB945
S21400DE1001210220234A02B0BDE8F04100F074BEA2
S21400DE20FFF7CEFF06F06AFA1F4F204E3B880146EA
S21400DE30224600931E48334629F0D0FC0246C8B955
S21400DE4098F804103B885F2917D1CDE900364FF6C5
S21400DE50FF712046164B28F024FE28B10346012108
S21400DE600220144A00F050FE0023134A2B70138041
S21400DE70124A137002B0BDE8F0814FF6FB718C4277
S21400DE8008D9CDE900362146094B4FF6FF7028F039
S21400DE9066FEE2E72146064A009628F092FEDCE798
S21400DEA0205D002013FD03000A560020215D00209F
S21400DEB0FC5500201AFD0300085600201F5D0020B8
S21400DEC0002210B50A2104461046FFF74FFA00203C
S21400DED027F0A3FE0122044B1A70FFF70BFA204628
S21400DEE0BDE81040FFF778BF4962002038B51C46F1
S21400DEF015460123224629F028FF60B92146284608
S21400DF002AF0FFF8044620B101210420034A00F05D
S21400DF10FBFD204638BD0024FBE700BF41FD0300A3
S21400DF202DE9F0430C4615461F46D0E9022352F869
S21400DF30231002EB830293680E8893F80080D36860
S21400DF408BB0B3F800903246012106ABFFF7CEFF48
S21400DF50F0B90DF1200CF4B101232A884021CDE957
S21400DF6002C2CDE90471CDE900932221434606AAF8
S21400DF70304629F021FF0B4B0B4A00930B4B0190C8
S21400DF80002C08BF134601210420094A00F0BCFDFE
S21400DF900BB0BDE8F083624628686968032303C2B5
S21400DFA02246DBE7A0FD030085FD03007FFD03009E
S21400DFB08DFD030007B501236A46002129F0C5FE42
S21400DFC06846034908F04EFB03B05DF804FB00BF4B
S21400DFD0B9CA0000D0E9023253F822300149188845
S21400DFE008F012BBB9CA000010B5D0E9023203EB44
S21400DFF08201496853F8223009784FF48A5218880B
S21400E00029F0CAFEBDE81040034601210420014A5B
S21400E01000F07ABDAAFD0300D0E9023253F82230A0
S21400E02002214FF48A5210B5188829F0A7FEBDE8E1
S21400E0301040034601210420014A00F065BD00BFE0
S21400E040C3FD03001FB5D0E9023203EB820153F88B
S21400E0502230496818884FF48A5309880293094B7E
S21400E060094A0193094B1B7800931278084B29F054
S21400E070FBFE012103460420064A05B05DF804EBCA
S21400E08000F042BD0C560020215E0020205E0020DD
S21400E09016560020DAFD03002DE9F043D0E90232DF
S21400E0A053F8221003EB82035A680E8817789A6892
S21400E0B0DB688BB092F80090B3F8008032460421FB
S21400E0C006AB0446FFF712FF28BB08AD01232A461D
S21400E0D00521204629F039FE38B9042001210F4ACF
S21400E0E000F012FD284628F0DCFE4FF48A53CDE9F6
S21400E0F004930023CDE9025303232121CDE90083B5
S21400E10006AA3B46304629F057FE01210346044A3C
S21400E110042000F0F9FC0BB0BDE8F083F2FD03002C
S21400E12021FE030038B5D0E9024303F18043023BE9
S21400E13002220F4954F823009D000CF083FC60B9BE
S21400E1400C4B0D491A78042A0BD82C44A06800887A
S21400E15021F8120001321A7038BD084B08491A78A7
S21400E160F1E70121BDE838400420064A00F0CCBCA7
S21400E17015270400215E002016560020205E002091
S21400E1800C56002033FE030008B5C368806803F110
S21400E1908043023B0222064950F823000CF052FC52
S21400E1A010B9044B187008BD0022034B1A70FAE72A
S21400E1B015270400215E0020205E002037B5D0E938
S21400E1C0023153F821208C0015784268521A012A31
S21400E1D0C5BF1B195B686C091C78DCBF44F01804CB
S21400E1E005F01F052946204629F002FD034640B1EA
S21400E1F02346012104200E4A009500F085FC03B05A
S21400E20030BD0121A94074B92346FE224FF6FF70A7
S21400E21029F09DFF012103460420064A03B0BDE80D
S21400E220304000F071BCFE2241EAC461EEE700BF58
S21400E23049FE030069FE030070B5D0E9021551F8E7
S21400E240253001EB8501044618884B681A788B68E0
S21400E250052A1B8802D85E1E072E0BD90121042032
S21400E2600C4A00F051FCBDE87040012104200A4A27
S21400E27000F04ABC6468641B032CCABFC96807491F
S21400E280096829F064FFBDE8704002460449002092
S21400E29007F0E0BC87FE0300A7FE030000F8FF07B8
S21400E2A0C4FE030008B5D0E9023253F8220003EB9F
S21400E2B082035968FF22038809684FF6FF7029F029
S21400E2C046FFBDE8084002460149002007F0C2BCF0
S21400E2D0D7FE030008B5D0E9023253F822300521F4
S21400E2E04022188829F04AFDBDE808400246024947
S21400E2F0002007F0AFBC00BFF8FE030008B5D0E969
S21400E300023203EB8201486853F822100278402359
S21400E3100988312029F085FDBDE8084002460249FB
S21400E320002007F097BC00BF19FF030008B5D0E92E
S21400E330023203EB8201486853F822100278402329
S21400E3400988332029F06DFDBDE8084002460249E1
S21400E350002007F07FBC00BF33FF03001FB5D0E9E5
S21400E360023253F8221003EB82039B6808881A785F
S21400E3700023D21A18BF0122CDE9023302A9402396
S21400E380D20129F05DFD01210090044B0420044ACF
S21400E39000F0BAFB05B05DF804FB00BFA0FD03006B
S21400E3A051FF030007B5D0E9023253F822300321AB
S21400E3B04022188829F0E2FC01210090034B04203B
S21400E3C0034A00F0A1FB03B05DF804FBA0FD0300C8
S21400E3D060FF030037B5C3688268053352F8233000
S21400E3E004211D786A460123044629F0AEFC38B99C
S21400E3F004200121064A00F087FB684628F051FDFC
S21400E4002B466A4600212046FFF78AFD03B030BD42
S21400E4107AFF030007B5D0E9023203EB82014868B1
S21400E42053F82210027840230988322029F0F9FC9C
S21400E43001210090034B0420034A00F065FB03B063
S21400E4405DF804FBA0FD0300ABFF030070B5856913
S21400E4500446EA0705F0020605D476B1C5F30720A0
S21400E46029F045FA09E01EB1B2210F482FF0E8FF67
S21400E470A069C0F3810029F029FAE3691BB9BA2123
S21400E48009482FF0DDFF204614F0D0F9E3693EB1CD
S21400E490607E9847AB0706D0BDE8704029F01BBAEF
S21400E4A020469847F6E770BDC0FF030008B514F095
S21400E4B0D1FD28B1BDE80840472102482FF0C0BF73
S21400E4C008BD00BFC0FF03002DE9F041FF2B044646
S21400E4D00F4690461D469DF8186005D0FF2E03D0C7
S21400E4E0D52111482FF0ACFF0023FF2D18BFAD003B
S21400E4F00E4A1CBF45F00105EDB222600C4AC4E985
S21400E500063818BFA561FF2EC4E901232361E76022
S21400E51007D0A36943F0020323F47F4343EA0623AC
S21400E520A361BDE8F08100BFC0FF0300A83C002047
S21400E5304DE40000002310B5054C03610460054C53
S21400E540C261C0E901430123C160836110BD00BF01
S21400E550A83C00204DE4000070B58669044606F02D
S21400E5600303032B0D4603D1FC2114482FF068FF4C
S21400E570FF2D16D0B20704D440F201110F482FF039
S21400E5805FFF284628F04DFEFF28054604D14FF4CD
S21400E59082710A482FF054FF2DB204EB4514204632
S21400E5A070BDF307FBD5A36913F00C0FF7D040F24C
S21400E5B00B1102482FF044FFF1E700BFC0FF030035
S21400E5C00023054AC0E9063103610260C360034ABE
S21400E5D0034B426083607047A83C00204DE4000077
S21400E5E0F927020001482BF0B2BC00BFA83C00206F
S21400E5F001482BF0B8BC00BFA83C002013B50E485D
S21400E6002BF07FFC27F085FB2AF02DFC2AF049FC36
S21400E6102AF050FCFCF748FF0446FCF75FFF234651
S21400E620009001210420054A00F06EFA02B0BDE811
S21400E6301040FCF73FBF00BFA83C0020530004007A
S21400E640022808B503D12FF0F4FE014B186008BD70
S21400E650D83C002008B50CF00FFF0122044B1A70BE
S21400E6602FF070FFBDE8084002490348FDF7E4B804
S21400E670235E002044670020DC3C0020014B18701D
S21400E680704700BF225E0020024B187808B105F0E4
S21400E69019BE7047C66C002008B5074B1B780BB137
S21400E6A0002008BDFFF7F0FF0028F9D106F0E4F9D6
S21400E6B0023818BF0120F4E7225E002070B5FFF78D
S21400E6C0EBFF174D20B1FFF78DFF0428044613D843
S21400E6D02B781BB92FF036FF01232B7027F027FB72
S21400E6E00446D8B12B781BB9F7210E482FF0A8FEA8
S21400E6F0BDE87040FFF776BF27F01BFB0028E7D089
S21400E7002B785BB12FF09DFD0646002101202DF0F1
S21400E7105DFF30462FF090FD00232B70204670BD25
S21400E720235E0020740004001FB5FFF7C7FF0446F1
S21400E730FDF72CFAA04228BF204688B103A92EF088
S21400E74031FB034638B9CDE90000064A039906486E
S21400E7502FF08BFE18B18E2104482FF071FE012099
S21400E76004B010BD2D5D0300B83C0020740004000A
S21400E7700D4B70B51B780D4D0D4C0121002B0CBFB9
S21400E7802B46234602200B4A00F0BEF90A4B012115
S21400E7901B780220002B0CBF2B462346BDE870409A
S21400E7A0064A00F0B1B900BFC66C0020342704004A
S21400E7B0532704000A010400225E002029010400F9
S21400E7C010B5D0E9023253F8223002201B7801211E
S21400E7D0002B15BF01240024044A054A00F094F9D2
S21400E7E02046BDE81040FFF749BF00BF48010400BF
S21400E7F065010400D0E9023253F82230034A1B7840
S21400E800003B18BF01231370704700BFC66C002082
S21400E81038B50125084B1D702FF013FD0446294618
S21400E82028462DF0D3FE20462FF006FDBDE83840E2
S21400E83002490348FDF700B8245E00204C6700201C
S21400E840043D002070B514F08BFC10F0070F1D4D32
S21400E85011D02B785BB901262E702FF0F2FC0446FF
S21400E860314630462DF0B2FE20462FF0E5FCBDE8DE
S21400E870704014F039B929F046FC0228E9D1124C50
S21400E8802378032BE5D914F06BFC10B92378032BFF
S21400E89014D814F029F904460028DAD02B785BB196
S21400E8A000262E702FF0CDFC0546314601202DF0B7
S21400E8B08DFE28462FF0C0FC204670BD4FF0FF347A
S21400E8C0ECE700BF245E0020C86200201FB5FFF7FB
S21400E8D0B9FF0446FDF75AF9A04228BF204688B182
S21400E8E003A92EF05FFA034638B9CDE90000064AC0
S21400E8F0039906482FF0B9FD18B18C2104482FF073
S21400E9009FFD012004B010BDF9620300E43C002026
S21400E9108401040010B5094C0949002007F080F96D
S21400E92023681B68587928F0B2FC23681B6858795E
S21400E93027F0EBFC04F092FE002010BD04420020FD
S21400E9401202040008B529F0CEFB024628B1BDE845
S21400E95008400020014907F063B908BD35020400ED
S21400E96008B529F0D6FB024628B1BDE808400020CD
S21400E970044907F055B95422BDE80840FF21024873
S21400E9800BF014BD4D0204002056002038B5044696
S21400E9900D4629F0C2FB024628B1BDE838400020EB
S21400E9A0034907F03DB9034B23F8145038BD00BFA8
S21400E9B06B020400205600202DE9F34100240C4E83
S21400E9C00C4DDFF838800C4F56F8043B0BB9D8F8DE
S21400E9D0003035F8022B39460092002022460134DA
S21400E9E007F01EF92A2CEFD102B0BDE8F08100BF77
S21400E9F058670020745600208702040054670020E1
S21400EA0008B52A21034829F080FBBDE80840FFF737
S21400EA10D3BF00BF7456002007B5D0E9023253F8C2
S21400EA2022301A78292A0DD8084B53F822300BB911
S21400EA30074B1B680749002031F812100091064961
S21400EA4007F0EEF803B05DF804FB00BF586700203F
S21400EA5054670020745600208702040008B52A2157
S21400EA60034829F054FBBDE80840FFF7A5BF00BFE8
S21400EA707456002038B5D0E9023253F8221003EB62
S21400EA8082035B680C781D880020044907F0C8F8EC
S21400EA9029462046BDE83840FFF778BF92020400BA
S21400EAA02DE9F34100240C4E0C4DDFF838800C4F56
S21400EAB056F8043B0BB9D8F8003035F8022B394627
S21400EAC0009200202246013407F0AAF82A2CEFD143
S21400EAD002B0BDE8F08100BF586700202056002035
S21400EAE0870204005467002010B5024627F023FC76
S21400EAF020B9044C236811B11343236010BD23EAE8
S21400EB000203FAE7046800200CB413B502460C466C
S21400EB1027F011FC60B9094B1B681A4208D005A9FA
S21400EB20049801910AF044FB14B105482AF027F92D
S21400EB3002B0BDE8104002B0704700BF0468002075
S21400EB4091050400034610B5D3E9023253F822308B
S21400EB5008461C78211E18BF0121FFF7C5FF014695
S21400EB6048B9084A084B0220002C08BF1346074A3B
S21400EB70FFF7CAFF10BD00210220054AFFF7C4FFB9
S21400EB80F8E700BF97F103008FF103009305040038
S21400EB90A90504002DE9F04105461F460C46DFF89E
S21400EBA02C808E18B44201D1BDE8F08100212846A1
S21400EBB014F8013B069AFFF7A7FF002FF2D0424653
S21400EBC000212846FFF7A0FFECE700BF1DF8030072
S21400EBD002460249002007F023B800BFBA05040029
S21400EBE010B5234C2348FF2127F085F8207802280B
S21400EBF01ED003282ED0012804D02120BDE81040C6
S21400EC00FFF7E6BF1C4B19780029F7D002231B4AF2
S21400EC1023701378052B0EBF00230133DBB2994215
S21400EC20137003D1052313700020E7E7052BFBD0F4
S21400EC30124B1B78052B02D103232370DDE7104A05
S21400EC40104932F8230007F0DFFC03232370002866
S21400EC50D4D110BD094B0C4A1878094B03EB800140
S21400EC60897833F8200007F09FFC0123EEE700BF09
S21400EC70255E00200C3D00202E5E0020C86C002083
S21400EC80C856002069EE000015EE00002DE9F04F92
S21400EC900D46144695B00490112200210FA89946FF
S21400ECA0DFF86C810BF082FB04EB45030393D9F885
S21400ECB000301C2B02D0039B9C4202D115B0BDE84D
S21400ECC0F08F0123DFF844A18DF81C3023884C4ACE
S21400ECD0ADF81E309AF800304A4D08EB83039B7857
S21400ECE028788DF8203013688DF81D00CDF8213077
S21400ECF05368CDF8253028F0F0FD049B8DF82900E8
S21400ED0021882878002B4AD128F0B2FA002844D06F
S21400ED109AF800300FAA38F8230007A927F027FB37
S21400ED2000283AD028F0D1F84FF0000B07460646E8
S21400ED301C255FFA8BF2974234D8B7422BD99DF840
S21400ED401C30032B1AD10FAB0193BDF821300022E3
S21400ED500421009301202C4B06F0E8FD9AF80030C1
S21400ED6008EB83039978274B187806F05BFE9AF831
S21400ED700030002038F8231028F000FD5DB107A908
S21400ED80304629F000F9214B05461B78304638F806
S21400ED90231029F0FAF8C9F80050023487E728F063
S21400EDA05EFAB3E710460BA9059229F0E8F830B9E9
S21400EDB09DF82C1031B9059AB74208BF16460BF1DC
S21400EDC0010BB6E7BDF82E00BDF81E209042F6D126
S21400EDD09DF830009DF820209042F0D19DF81C2030
S21400EDE08A42ECD1032A14BF082202220DF1210127
S21400EDF00DF131000BF026FE002808BF0025DEE7E7
S21400EE00265E0020C76C002037080400C86C00206F
S21400EE10C856002013B503460020114A9C68127895
S21400EE200190052A03D01B78032B00D12CB90120B2
S21400EE3002B0BDE81040FFF7CBBE6268217801AB98
S21400EE40FFF724FF217A0120E26801ABFFF71EFFDF
S21400EE50FF21044802B0BDE8104026F044BF00BFC2
S21400EE60C86C00200C3D0020094B1B78052B02D0F7
S21400EE700378032B02D00120FFF7AABE8168054A5B
S21400EE800B68054813604B68FF21536026F02BBFC4
S21400EE90C86C0020265E00200C3D002038B50024FB
S21400EEA0114B124D1870124BFF211C702C7006F07F
S21400EEB0B9FD0122032110460E4B06F037FD4FF632
S21400EEC0FF712246084628F05CFC044648B940F626
S21400EED0B832FF21084826F0FDFE01232B7020469D
S21400EEE038BDFFF775FEFAE7C76C0020255E0020E8
S21400EEF02E5E0020BD3904000C3D0020144BF0B5FA
S21400EF001A68144913680978587988420BD112494F
S21400EF10D78808460022114D1E792B78D4B2A3421A
S21400EF2003D8052C0AD10020F0BD0C88BC4202D1C3
S21400EF308C78B442F7D001320431EFE7A342F2D125
S21400EF4020F82270013300EB820086702B70EAE70F
S21400EF5004420020C76C0020C85600202E5E002009
S21400EF60FF2307B50021044A04480093FFF7ACFAD4
S21400EF7003B05DF804FB00BFE1EB00000C3D002091
S21400EF801FB5B42303210446ADF80E3028F067F908
S21400EF9098B1212320460093002203210DF10E0391
S21400EFA028F00CFB04460020054B064A0649009450
S21400EFB006F036FE204604B010BD8624F3E700BFF8
S21400EFC0E4050400F105040006060400D0E9023258
S21400EFD053F82230034A1B78012113700220024A9C
S21400EFE0FFF792BDE36C0020150604000122014BDA
S21400EFF01A707047E36C00200A4B90F805111B78D6
S21400F00090F8082119448A42BCBFB2FBF3F103FB17
S21400F01011234FF0FF32B8BFDBB202FA03F380F8D9
S21400F0200A317047E36C00202DE9FF410446057F56
S21400F030867EDFF870806E43237F98F800201344A6
S21400F0409D4212DB607F60B9238B02936369019354
S21400F050237C00936288A31D217805F0EFFDFF2333
S21400F0602370002004B0BDE8F081E37EAB42E9D90E
S21400F070A77E228BF1199142A4BF921BD7B205EB53
S21400F0800323E3813A4633462946204627F089F98A
S21400F0900028E7D1637F3744013301356377BEB27A
S21400F0A0EDB2C9E7E36C002037B5054628F0A1FFAE
S21400F0B00D4B04461B6869461B78032B82BF0B4B1F
S21400F0C01B881B18284688BF9CB229F01AF838B946
S21400F0D0684628F090FF18B9044B1B8823449CB25E
S21400F0E0204603B030BD00BF40410020706C0020B9
S21400F0F0084B1B78FF2B0BD1074B1B78FF2B07D138
S21400F100064B1B78022B03D04FF4807028F07BBB95
S21400F110704700BF086800205C3E00202C3D0020A1
S21400F12010B50446FF2126F0E6FD054B9C4202BFC3
S21400F1300023A4F588742370BDE81040FFF7D8BFFD
S21400F1403C3E00202DE9F0479A462A4B81461B7824
S21400F15088461646BDF82050002B49D0FF2D3ED9D4
S21400F16038252846BDE8F087234B0C223146A01DE3
S21400F170636184F80090A4F802800BF069F9A28914
S21400F180414642F4004242F040022046A28127F067
S21400F1901AF92A46514660690BF05AF94146484624
S21400F1A0A21D258328F066FCA0760028D8D005444A
S21400F1B0013DB5FBF0F0FF28D2DC0023E0762046C8
S21400F1C0A383FFF731FF054680B923794FF480709B
S21400F1D0B37228F0D9FA227C099B1A80C1E7074C43
S21400F1E02778FF2FC0D040F60345BAE72770F2E72E
S21400F1F00225B6E7E36C0020305E00205C3E00206F
S21400F200B0F9063010B5002B25DA144C2278237C92
S21400F210FF2A02D0827A9A4207D0114C2378FF2B1D
S21400F22017D0827A237C9A4213D169B9637F013B57
S21400F230DBB263775BB90B4A237F12782046134410
S21400F2402377FFF7F1FE0146204627F0CBF8FFF7BD
S21400F2504FFF012010BD0020FCE700BF5C3E0020F1
S21400F26008680020E36C00202DE9F04F9A46B1F9BB
S21400F270063091B0002B0D461746DDF868800490E6
S21400F28080F22981B8F80030FF2B04D94FF4B8710A
S21400F290A6482FF0D5F8A64B00241A7893F8040158
S21400F2A0B3F80211002A40F0A5802E7AA14A1278FF
S21400F2B0B24240F2AF800222A3F802711A70AA7A14
S21400F2C0FF2483F804210022A3F8084183F80521CF
S21400F2D0A3F80621B8F80020954883F80C21FFF71C
S21400F2E08BFE3846FFF7E0FE214600EB40029248D0
S21400F2F026F0F0FC4FF4807028F046FA8C4C94F818
S21400F3000A91B9F1FF0F20D18A4A94F80531127894
S21400F3101344B34219DC94F80C1184F80531B4F8A0
S21400F3200631204601FB0233A4F80631FFF764FEDF
S21400F3300122824B38461A70FFF7B6FE494600EBAC
S21400F340400204F5887026F0C5FC94F80531B342F7
S21400F35060D8DFF8E0B19BF800C00CEB03029642E1
S21400F36058DA764994F808210878013A002853D0EC
S21400F370964205DAB8F8002084F80C2100220A70BC
S21400F380B6FBFCF901220CFB196994F80A015FFA36
S21400F39089F902FA09F2D1B2024076B92889000A40
S21400F3A0844584F8080108D92046CDE9062105934E
S21400F3B0FFF722FEDDE90621059B94F80A010143CA
S21400F3C084F80A1182B994F80921B4F806C101320A
S21400F3D084F80921B8F80020DAF800100CEB0200D7
S21400F3E0FF2826DD0323237094F80831013B9E4254
S21400F3F030D138E0AE7A864202D18F4200D11C4628
S21400F4002E7A002C7FF47BAF002A3FF44FAF012A00
S21400F4103FF44CAF01205FE09642B1DA94F80C114D
S21400F42098F800209142ABD004F58870FFF778FE7C
S21400F430F0E794F80CE1F31A0EFB03C3A01C10FAD5
S21400F44083F005920BF004F894F80831059A013B16
S21400F4509E4244D0012394F80A2103FA09F3013BA3
S21400F4601343FF2B04D122462946384626F0ACFF2C
S21400F47094F8083194F809219A42CBD19BF80030D1
S21400F480B2FBF3F103FB112212F0FF0218BF134682
S21400F4902278022A26D1264A02341078517801288A
S21400F4A004BF01315170012224F8022CEA88B4F816
S21400F4B0041122F04002EA8094F809210A44591EF9
S21400F4C094F80A3113FB01F31344A8F80030CAF885
S21400F4D00040FFF70DFE002011B0BDE8F08F84F865
S21400F4E00B21C0E76979002994D0032A92D1B4F899
S21400F4F0062194F80B1108AE11445A1E94F80C31EC
S21400F500284613FB02F30B4400219BB2A21CA8F86A
S21400F5100030CAF80020CDE900710296049907F081
S21400F5205FFD8921304628F0A2FA7DE73C060400FC
S21400F5302C3D0020E36C00203C3E00202F5E002087
S21400F54013B5044618B101280BD002B010BDFF2336
S21400F55001460093064A0748FEF7B6FF064B1C70A6
S21400F560F3E7FFF743FDFF22044B1A70EDE700BFF9
S21400F57021F100003C3E00202C3D00205C3E002097
S21400F58013B501A909F0D2FE044648B9BDF8063005
S21400F5909DF80420034906F043FB204602B010BD48
S21400F5A08120FBE7D306040013B5694609F0CAFEBE
S21400F5B0044688B9BDF802309DF80020074906F0D9
S21400F5C049FB2046019906F09DFA2046044906F0BC
S21400F5D027FB204602B010BD8120FBE7F70604009B
S21400F5E01D07040037B5694609F0D0FE044618BB6F
S21400F5F09DF801309DF80020104906F02BFB104DB9
S21400F6009DF80120E3B29A4206D800200D4906F084
S21400F61007FB002003B030BD0198630003F4FF73BE
S21400F62002220021184428F03BF929460246002011
S21400F63006F010FB0134E3E78120EBE71F07040028
S21400F6404E070400BD39040013B501A909F074FE85
S21400F650044648B9BDF806309DF80420034906F074
S21400F660DFFA204602B010BD8120FBE758070400F1
S21400F67030B500240B4D85B06946E0B228F07FFC1B
S21400F68050B99DF80030032B06D12946BDF8053049
S21400F6909DF8012006F0C4FA0134202CECD105B008
S21400F6A030BD00BF7F07040008B50020034906F000
S21400F6B0B7FABDE80840FF2000F0DEBA9107040064
S21400F6C02DE9F04F85B006460D46174626F0CAFED1
S21400F6D0044640B130463A46294626F0ADFE0020A4
S21400F6E005B0BDE8F08F4FF003094FEA15285FFA22
S21400F6F084FA6946504628F042FCB8B99DF800B036
S21400F700BBF1000F12D1694650468DF800908DF877
S21400F71005508DF806808DF8016028F034FC02460E
S21400F7200028D7D05846064906F07AFA0134202C2D
S21400F730DDD10020034906F073FA8920D0E700BF28
S21400F740A6070400CD0704001FB5002304468DF865
S21400F7500F3026F072FE28B19DF80F3063F07F035D
S21400F7608DF80F30182301930DF10F03002200933C
S21400F77004214023204627F010FF024618B100203F
S21400F780024906F04DFA04B010BD00BFE8070400B9
S21400F7901FB502A909F0E8FD044688BBBDF808209D
S21400F7A0184906F057FA2046039906F0ABF92046AA
S21400F7B0154906F035FA4FF6F672BDF80810134CE8
S21400F7C04B1E9BB2934219D82368039A1B6858793C
S21400F7D0FFF776FF23681B79012B0BD8BDF808309E
S21400F7E00022CDE900030421094B092006F09EF80B
S21400F7F028F037F96FF0FF0004B010BD8720E9E766
S21400F8008120F9E7070804001D07040004420020D1
S21400F8101E08040070B504468AB005AD112200210A
S21400F82028460AF0C3FD204604A909F091FD0446C7
S21400F83000283AD11E4EBDF810201E4906F0F0F9F9
S21400F84032681379012B28D84FF6F670BDF81010E1
S21400F8504B1E9BB2834224D81368587926F002FECA
S21400F86008B333682A461B68BDF81010587926F08E
S21400F870E2FDBDF8103001220421CDE90043092045
S21400F8800D4B029506F052F828F0EBF8034620B12F
S21400F89000200A4A0A4906F0C3F96FF0FF000AB0D2
S21400F8A070BD8724E5E78B24E3E78120F7E700BFF8
S21400F8B00442002021080400360804003A08040028
S21400F8C0450804002DE9F0479AB004A909F058FD50
S21400F8D00446002840F0B5809DF810205B4906F0ED
S21400F8E0B9F925465A4E9DF81020EBB29A4254D8E4
S21400F8F00020584906F094F99DF81050002D40F06D
S21400F90099802C462E46544F06A9F0B228F037FBB5
S21400F910C8B99DF81830032B15D13B689DF81920FF
S21400F9201B685B799A420ED19DF81D2005F168038D
S21400F9306B4403F8402C9DF81E200235013403F872
S21400F9403F2CEDB2E4B20136202EDDD19DF810300A
S21400F9500BB1002C77D00AABCDE90143FF2302227E
S21400F9600421009309203D4B039505F0DFFF28F0A6
S21400F97078F8034660B19DF81020002A5FD0384A18
S21400F9803849002C08BF0A460020374906F048F9D7
S21400F9906FF0FF001AB0BDE8F08705986B0003F41F
S21400F9A0FF7302220021184427F07AFF31460246F0
S21400F9B0002006F04FF9013595E70598730003F42B
S21400F9C0FF7302220021184427F06AFF00278046B2
S21400F9D05FFA80FA06A9F8B228F0D1FA00BB9DF8C3
S21400F9E01830032B1CD1D9F800309DF819201B685D
S21400F9F05B799A4214D19DF81D30534510D19DF87D
S21400FA001E30C8F307229A420AD105F168036B44F8
S21400FA100235013403F840AC03F83F2CEDB2E4B2F3
S21400FA200137202FD6D101369DF81020F3B29A4226
S21400FA30C3D88BE70025DFF820902E46F4E7084A67
S21400FA40A2E78120A6E78B20A4E700BF9F0804005A
S21400FA504E070400BD39040004420020BE0804001E
S21400FA60700804008E080400C20804002DE9F04364
S21400FA7089B002A909F072FC0446002867D1BDF8D7
S21400FA800820344906F0CCF84FF6F672BDF8085058
S21400FA90DFF8D4906B1E9BB2934254D8D9F800304E
S21400FAA029461B685F79384626F0DCFC00284CD0D7
S21400FAB026465FFA86F8404603A928F060FA28B979
S21400FAC02946384603AA26F0BAFC20B90136202E6D
S21400FAD0EFD14FF0FF08404628F04FFA014658BBDA
S21400FAE0112203A80AF062FC2946384603AA26F02B
S21400FAF0A3FCD9F800301A79012A18D81B68BDF87B
S21400FB000810587927F08DFEBDF80830032204212E
S21400FB10CDE900430920104B05F008FF27F0A1FFB0
S21400FB20034620B100200D4A0D4906F079F86FF023
S21400FB30FF0009B0BDE8F08302460A49002006F03F
S21400FB406FF80124D5E78724D3E78B24D1E78120FB
S21400FB50EFE700BFE40804001E08040022090400C2
S21400FB6045080400FB080400044200202DE9F04389
S21400FB70DFF894800020D8F8003021491B688BB04D
S21400FB805E79002506F04CF801275FFA85F94846AD
S21400FB9001A928F0F4F9044690B99DF80430032B27
S21400FBA00ED19DF80530B3420AD1484628F0E5F953
S21400FBB00146A0B102461349204606F031F8274612
S21400FBC00135202DE1D1D8F8003000211B68587986
S21400FBD027F027FE87F001000BB0BDE8F083112266
S21400FBE005A80AF0E3FBBDF809403046214605AA01
S21400FBF026F022FC2146304627F013FEE0E700BF41
S21400FC002F090400FB0804000442002037B56946AB
S21400FC1009F0B0FB044638BBBDF80020134906F0D7
S21400FC2019F8134D2046019905F06CFF204611493E
S21400FC3005F0F6FF2B681B68587927F001FF70B1B6
S21400FC404FF6F672BDF800104B1E9BB2934209D8D1
S21400FC502B68019A1B685879FFF732FD0446204648
S21400FC6003B030BD8724FAE78120F9E74309040092
S21400FC70044200201D0704007FB505460024E6B2B6
S21400FC806946304628F07BF9A8B99DF80030032B6A
S21400FC9011D19DF80130AB4204D0FF2D0BD19DF859
S21400FCA00D3043B9304628F068F9024618B10020F6
S21400FCB0034905F0B5FF0134202CE0D104B070BD37
S21400FCC0FB080400034B1B681878012808BF0220B5
S21400FCD0704700BF40410020D0E9023253F822307E
S21400FCE01A78024B1A7000F0E7BA00BF2F5F0020A8
S21400FCF070B5D0E902456B1EDBB254F82300032230
S21400FD001B490AF09FFE54F8253004EB8504197849
S21400FD1063681A78A2F10B030F2B05D9154900204A
S21400FD20BDE8704005F07CBF01290FD1124C914010
S21400FD30236840B90B43114A23600020BDE8704099
S21400FD400F4905F06DBF23EA0103F4E702290CD141
S21400FD5001230C4903FA02F20B6818B913430A4A46
S21400FD600B60EAE723EA0203F9E70A460749D6E703
S21400FD70670904006B0904002C6800208109040050
S21400FD8089090400286800209C090400A6090400CC
S21400FD9007B5D0E9023103EB810253F821300B4955
S21400FDA01B785268012B0A4B08BF0B4612684FF0AF
S21400FDB000001A600092074A074B084918BF13460E
S21400FDC0074A05F02DFF03B05DF804FB2C68002001
S21400FDD028680020C1090400B9090400CB09040002
S21400FDE0D08A040038B5254A254B264C00202649E3
S21400FDF005F016FF0020254905F012FF2268244969
S21400FE00002005F027FF2068224C234D05F0E2FE77
S21400FE102146002005F004FF2A682049002005F04E
S21400FE2019FF286805F0D6FE2146002005F0F8FEEA
S21400FE301B4B1C491A781C4B002053F8223005F047
S21400FE40EFFE00F00DF919490246002005F0E8FE25
S21400FE50174B00201A78174905F0E2FE164B174993
S21400FE601A78002005F0DCFE04F020FABDE83840E1
S21400FE7002461349002005F0D3BE00BFD08A040016
S21400FE80E50904002C680020EC090400F4090400CD
S21400FE90020A0400A6F2030028680020130A0400E1
S21400FEA05D5F0020240A040030680020370A040042
S21400FEB0425F00204B0A0400415F00205D0A0400F8
S21400FEC06F0A040007B500F071F8054B0090054A6C
S21400FED00020054905F0A4FE03B05DF804FB00BF52
S21400FEE0850A0400D08A040006060400F8B5044615
S21400FEF00B4F0C4E0C4D00200C4A0D4905F090FEA1
S21400FF0020463B7829783278F5F798FF00233B7037
S21400FF1033702B70FF21BDE8F840064825F0EBBE95
S21400FF205D5F0020415F0020425F0020D08A040011
S21400FF308A0A04007C3E002037B51248FF2125F0CF
S21400FF40DAFE114B187810F0100505D0002003B02B
S21400FF50BDE8304003F01CBF0121B42004F020FBB4
S21400FF6004460A4B0A4A0B490090284605F058FEFC
S21400FF702046FFF7BBFF4FF4806003B0BDE830407B
S21400FF8027F041BC7C3E00205D5F0020A10A0400F3
S21400FF90D08A0400060604000021024A0248FEF742
S21400FFA0C9BA00BF39FF00007C3E002008B5054BEB
S21400FFB01B7823B11720FFF799FF002008BD022009
S21400FFC0FCE700BF5D5F002010B550B1054B00F1A7
S21400FFD0100250F8044B904243F8044BF9D1024B00
S21400FFE0197010BD435F0020535F002037B5174DD2
S21400FFF004462B78DB0626D50090154B0020154AC4
S214010000154905F00DFE1E2C0BD0652C09D0032CCE
S21401001019D0002028F033F840F61C40FFF766FFA1
S2140100200DE028F054F84FF4FA63B0FBF3F202FB4C
S2140100301300C218FF21094892B225F04BFE2B7817
S21401004023F010032B7003B030BD00BF5D5F0020AE
S214010050BA0A0400D08A0400060604007C3E00208A
S214010060014B1879704700BFDC56002070B54C4E26
S2140100708EB0337803F0FB02A3F10905022AEDB234
S21401008058D0042B41F6041257D0A3F108014B4275
S2140100904B415B0013434348ADF80C3026F012FA8F
S2140100A048B9414B3F4A03F1100153F8040B8B4208
S2140100B042F8040BF9D13D4B1B78002B3FD03C4B4B
S2140100C00DF10E0203F1100153F8040B8B4242F8B6
S2140100D0040BF9D103A827F0F2FF2328044610D118
S2140100E0012D49D80020334A334905F099FDBDF862
S2140100F00C3003A823F40053ADF80C3027F0DFFFD3
S2140101000446002C41D14FF40C7027F0D6FF04466C
S21401011000283AD103F0FAFE012D36D8274A01AB62
S2140101201068516803C3264901A828F02CF878B353
S21401013019242AE043F60412A7E70223AAE7337834
S214010140042B0DD0082B0BD01E4B0DF10E0203F124
S214010150100153F8040B8B4242F8040BF9D1B9E7AE
S214010160104A0DF10E0302F1100152F8040B8A42F7
S21401017043F8040BF9D1ADE7337803F0FB03022B08
S21401018003D10020104905F04BFD20460EB070BD8E
S214010190044901A827F0F7FF04460028C8D1F4E770
S2140101A05D5F0020315F0020870B0400535F002055
S2140101B0435F0020D08A0400DE0A0400980B040086
S2140101C0C08A0400A10B0400390B040070B5002698
S2140101D086B00446252027F058FF1622002116482F
S2140101E00AF0E4F8154B1E60154B1878FFF76AFD08
S2140101F0022814BF0123042303208DF8083027F0BA
S21401020092FF04238DF810300E4B02A80593039439
S21401021003F030FD05460C4B0C4A19680C4B304672
S214010220A14208BF134600940A4A0B4905F0F8FCA0
S214010230284606B070BD00BFDC5600209C3E00205C
S2140102405D5F00202D0501002C680020B90904001F
S214010250C1090400D08A0400B20B040008B5134A91
S2140102601378042B09BF124B01331B78C3F1060325
S214010270DBB2137003F0FD02092A04D11720FFF741
S21401028035FE172008BD0A4A1278002A14BF052237
S21401029006229A4207D1074B18680028EED0FFF7CE
S2140102A095FF4D20EEE70020ECE700BF5D5F0020E4
S2140102B0535F00202868002073B51E4C1E4E23682D
S2140102C03268134334D01D4B1B6853B31C4D2B7837
S2140102D03BBB03F0EBFFF8B94FF4806027F054FA0C
S2140102E0184B24681B7894B1C3F102032B7003F0FA
S2140102F047FD2046FFF76AFF04460020124B134ACB
S2140103001349009405F08CFC204602B070BDC3F181
S214010310060334682B70EAE70121B42004F040F9A3
S214010320EAE70020094A0B4905F07AFC0224E4E7D3
S2140103300224E9E72C6800202868002040410020BC
S2140103405D5F0020535F0020FA0B0400D08A040092
S21401035006060400E00B04002DE9F347384D394E3C
S21401036000202A792B88384905F05AFC326828790A
S21401037022FA00F010F0010002D1344905F050FCD9
S214010380334F3C783CB10822324933480AF05AFBD5
S214010390041E18BF0124DFF8DC80DFF8A490DFF824
S2140103A0B4A014E098F8000049460130C0B288F8BD
S2140103B0000027F05CFE002835D13C783CB10822CD
S2140103C0514625480AF03EFB041E18BF01242A792F
S2140103D03368D340DB07E5D5002CE3D100922B88A8
S2140103E01E4A1F49204605F01BFC1E4B1878FFF7D6
S2140103F069FC01230322124927F03FFE1A4A0546EB
S21401040013780133137010B902B0BDE8F0872046A7
S2140104102B46124A154905F003FC284602B0BDE8F2
S214010420F047FFF763BD0020114905F0F9FBFFF720
S21401043015FF0028E8D102B0BDE8F04700F01CB86F
S214010440DC5600209C3E0020000C0400310C040009
S2140104505C5F0020545F0020EA560020D08A04002A
S214010460000D04005D5F0020415F0020A10C040028
S214010470CA0C0400305F00202DE9F041214C224DCA
S2140104802378002055F82330204A214905F0C8FB7F
S214010490FFF7ECFD03461D4E1E4FDFF874802BB9A7
S2140104A02378042B15D8B3B91B4B15E032463946D1
S2140104B0002005F0B5FBFFF7D1FE00BB23783246DE
S2140104C055F82330414605F0ABFBFFF7CFFD034659
S2140104D0E5E7092BE8D1114B00201B68104A1149AA
S2140104E01360114B187027F0C2FD20B1BDE8F04132
S2140104F00120FFF7FBBCBDE8F041FFF72DBFBDE8CB
S214010500F08100BF5D5F002030680020D08A0400C3
S214010510200D04002D0D0400286800202C68002002
S2140105209C3E0020DC560020305F002070B51C4C3D
S21401053023789BB3838913F4407F2FD0056835B1A8
S2140105402A46BDE870400020164905F069BB27F031
S2140105508CFD154E03463070144A2846144905F0A2
S2140105605FFB33781BB1BDE87040FFF785BF23788A
S214010570082B0CD8042B0CD80E4B1B78C3F10603A2
S21401058023700D4BBDE870401868FFF71FBE0A2B9D
S214010590F2D1BDE870401820FFF7A8BC70BD00BFBF
S2140105A05D5F0020580D0400425F0020D08A0400E1
S2140105B0850D0400535F00202868002030B5464DA5
S2140105C003460446454A0020454987B005F028FB06
S2140105D02B782BBB01A827F0D8FD022301A88DF8A4
S2140105E0043027F0C0FDB0B93E4901A827F0BDFD93
S2140105F088B1152C0FD127F06AFD47F23153B0FBB5
S214010600F3F202FB130000F51C50103080B203F029
S214010610BFFB07B030BD162CFBD103F0F3FBF8E7A8
S214010620152C2AD100202D4A2F4905F0F9FA2B78EE
S214010630042B11D0082B0FD02C4B1B78DA070BD4C8
S21401064001A827F036FD18B9BDF804309B0703D47E
S2140106502B7843F010032B7027F039FD4FF4FA6323
S214010660B0FBF3F2FF2102FB1300C218204892B23E
S21401067007B0BDE8304025F02DBB27F05AFD0446F3
S2140106800028C6D12B78013B092B1ED8134A1949DD
S21401069005F0C6FA184A194913780133D8B2107012
S2140106A027F0E5FC60B12046154905F0B9FAFFF7D9
S2140106B0D5FD0028ADD107B0BDE83040FFF7DCBE60
S2140106C007B0BDE83040FFF747BE40F61C4007B014
S2140106D0BDE83040FFF70ABC5D5F0020D08A040009
S2140106E0A90D0400C08A0400C00D04002F5F00207D
S2140106F07C3E0020D30D0400305F0020DC56002035
S214010700CA0C04002DE9F0410B4686B004460E469D
S21401071017463A490246002005F082FA4FF00008D3
S2140107200123CDE901380DF116030093424640231B
S2140107300621204626F066FF054640B102463049AE
S214010740404605F06DFA284606B0BDE8F0819DF8F2
S21401075016202AB936B900202A4905F061FAF2E7CF
S214010760012EF8D082F00103002027498DF81730BA
S21401077005F056FA9DF817300DF1170633B310231E
S2140107800022CDE9006306214023204626F005FF1E
S214010790064630B1324600201C4905F041FA35467E
S2140107A0D1E74FB90821204626F059FD20B1204651
S2140107B09DF8171027F036F80521204626F04FFD44
S2140107C00028C0D0204627F02AF8BCE74FB90821F8
S2140107D0204626F044FD20B120469DF8171027F04C
S2140107E021F810230022CDE900630621402320468C
S2140107F026F0D3FE06460028DED0CBE70210040022
S2140108001E1004003710040057100400771004006F
S214010810002208B5034B11461B681B685879FFF781
S21401082071FF08BD0442002008B5044B00221B6876
S21401083001211B685879FFF765FF08BD04420020B7
S21401084008B5044B00221B6802211B685879FFF784
S21401085059FF08BD0442002010B50123002488B0CA
S21401086001A88DF80430CDE90244F6F73BFA20469C
S2140108709DF80420124905F0D3F92046039A114940
S21401088005F0CEF92046029A0F4905F0C9F9102263
S2140108900E4B0DEB0201188840F0604040F48010CA
S2140108A0FBF718FC20460A4905F0D4F904A827F0FE
S2140108B039F82046074905F0B3F908B010BD00BF66
S2140108C090100400AF100400CE100400A08A0400AB
S2140108D0ED100400BD39040008B525F024FE002003
S2140108E0024905F09DF9012008BD00BF0A11040068
S2140108F00023054A8360C360044BC0E9002311B19D
S2140109004FF6FF730B807047491015B20130021184
S21401091010B5044660B10020064905F081F9052CA2
S21401092006D002F0CBF904490246002005F078F91A
S214010930012010BD1E1104002F11040037B500213F
S2140109406A4601AB054625F0AFFE044668B10022B3
S2140109500F49104605F064F902F0B0F90D49024658
S214010960002005F05DF903B030BD0B4905F058F9DC
S214010970012024F0B1FD01F099FF431C02D008F0DC
S21401098025F8F0E721462846FFF7A6FFEBE700BF6C
S214010990581104002F110400A011040038B50546B3
S2140109A001F084FF044626F003FF4DB100200E49F6
S2140109B005F036F9631C14BF2046002007F0C8FF77
S2140109C025F0BFFD0228044605D0012805D10020E8
S2140109D0064905F025F9204638BD0020044905F0F2
S2140109E01FF90024F7E700BFBD110400D71104006A
S2140109F0F011040008B50020034A044905F010F977
S214010A00BDE8084000F050BD9A2104000912040018
S214010A1008B50020034A044905F002F9BDE808407C
S214010A2001F0CAB928120400091204001FB5D0E962
S214010A30023253F8223068461C78214601F0D0FB7A
S214010A40684601F073FC28B92246044905F0E8F827
S214010A5004B010BD6846FFF771FFF9E72E120400D7
S214010A600020014905F0DCB84A1204007FB50DF1FB
S214010A70060102A8FFF73CFF0020264905F0D0F842
S214010A800020BDF80820244905F0CAF80020BDF86A
S214010A900A20224905F0C4F8039A0020204905F0EF
S214010AA0BFF800201F4905F0D5F84FF6FF73BDF8D3
S214010AB006209A4229D000201B4905F0B1F80020F3
S214010AC01A4A1B4905F0ACF800201A4A1A4905F0E3
S214010AD0A7F800221949104605F0A2F80020154A89
S214010AE0174905F09DF80A220020164905F098F8E6
S214010AF00A220020144905F093F80A22002013491F
S214010B0005F08EF807B05DF804FB0020104905F0EB
S214010B1087F8D4E759120400711204008A120400FF
S214010B20A3120400BC120400C7100400E0930400E2
S214010B30D2120400C0270900F112040010130400A9
S214010B402F1304004E1304006D1304008B130400CE
S214010B50CF12040008B50020034905F061F8BDE88E
S214010B600840012001F0FAB9A913040008B50020D5
S214010B70034905F055F8BDE80840002001F0EEB93C
S214010B80C213040030B5104B104D1B5C85B08DF8B8
S214010B900F302B780446834206D00D4B0D4953F88F
S214010BA02020002005F03CF830232C700A480193E1
S214010BB00DF10F030093062280231921007826F0F9
S214010BC0ECFC05B030BD00BFE78A0400655F00207D
S214010BD0F48A0400DA130400CA6C00201FB523232C
S214010BE003900193064803AB009301228023192149
S214010BF0007826F0D2FC039805B05DF804FB00BF30
S214010C00CA6C002073B5164D04462B78154ECBB131
S214010C1025F0B8FC012815D0346040F6B244124BDA
S214010C201B78072B17D02D78C5B925F0ABFC031E12
S214010C3018BF01230D48009522461921007826F099
S214010C4030F803E000233360002CE8D1201E18BFE3
S214010C50012002B070BD02250123EBE70025FBE76A
S214010C60625F0020A03E0020655F0020CA6C002065
S214010C7008B50448FFF7C6FFBDE808400220FFF7A5
S214010C8081BF00BFC027090010B5064C208826F09A
S214010C90CAFD608826F0C7FD6068BDE8104026F0F2
S214010CA0D1BD00BFA43E00207FB523238DF81330AD
S214010CB00DF11303029304230648019305AB009339
S214010CC0012280231921007826F09CFC059807B0A4
S214010CD05DF804FBCA6C00202DE9F047DFF84C9163
S214010CE0044699F8000090460F4626F09AFA0B281B
S214010CF099F8002005D9BDE8F04700203F4904F0E7
S214010D008FBF00263E4B3F4D1E803F4BDFF820A194
S214010D1003EB00135B8801202B802A7104F0A8FEE8
S214010D2005F050FF04F0A4FE204604F0A1FE0123C6
S214010D30042C8AF800300BD8022C45D89C4216D0D9
S214010D402346BDE8F0470020304A314904F068BF29
S214010D50062CF5D130462F4904F062FF384604F0E0
S214010D6087FEFFF791FF97B18AF800600FE04FF614
S214010D70FF76294F3888801B18BF012004F078FEC3
S214010D80FFF782FF3888B04201D026F04CFD1923C8
S214010D906B8099F8003000202B71204B1B786B710B
S214010DA0EB8843F04003EB801D4B198826F0E6FCE8
S214010DB0034620B1224600201A4904F031FF40467E
S214010DC0BDE8F047FFF71EBF304604F051FEFFF7BF
S214010DD05BFFFFF769FF26F035FD134B1B78002BF1
S214010DE00CBF3F20202004F043FE042CCFD14FF44B
S214010DF0806026F018FD3220C7E700BFED1304001F
S214010E00005700200457002074400020E10304002E
S214010E10391404001C140400F4560020C96C002088
S214010E206A6C002052140400615F0020CA6C002026
S214010E30625F002038B5044605200D46FFF7A2FE86
S214010E40184B1A884FF6FD739A4207D100201649AF
S214010E5004F0E6FEBDE83840FFF70ABF65B1134A65
S214010E6013780133DBB2092B137014D90A22002040
S214010E700F4904F0D5FEEDE7012C0ED10B4B1D708A
S214010E800C490D48FFF734FDBDE83840002101202C
S214010E900A4AFFF721BF012CF2D0BDE838400748C7
S214010EA0FFF7B0BE6A6C00208C140400645F00205B
S214010EB0B7140400F4560020A43E0020E09304007A
S214010EC008B50649002004F0ABFE0548FFF736FDDD
S214010ED0BDE8084000210846FFF7ACBFFB1404003C
S214010EE0A43E0020814237B50346154608D20020AD
S214010EF000910F4A0F4904F093FE002003B030BD65
S214010F000C1A224600200C4904F08AFE40F6BB5318
S214010F1022460020094904F083FE4FF47A735C43AD
S214010F20074B01209C4294BF2C602B60E6E700BF74
S214010F30E10304000C1504004915040064150400BF
S214010F4080EE360010B504460820FFF71BFE0D4B59
S214010F503CB91C700021BDE8104006200A4AFFF784
S214010F60BBBE1B78092BF5D90A220020074904F0DD
S214010F7057FE0020064904F053FEBDE81040FFF777
S214010F809FBF00BF645F0020C027090090150400C2
S214010F90D115040073B51F4D2C7834B100201E49BD
S214010FA002B0BDE8704004F03BBE0220FFF7EAFD48
S214010FB0FF221A4E1A4B30781A7026F032F90B2897
S214010FC007D920463278174902B0BDE8704004F0D0
S214010FD027BE154B1549009301EB00110123192279
S214010FE04FF6FD70498805F091FA70B12046104918
S214010FF004F016FE00220F4B0F481C700F4B1A70A0
S21401100002B0BDE87040FFF7FDBD01240C492C700D
S214011010EEE700BF635F0020E2150400CA6C002003
S214011020C96C0020ED130400251301007440002054
S21401103023160400625F0020C0270900645F0020B9
S2140110404916040038B5144D04462B78052B21D9D2
S2140110501249FFF75DFC24B918B9114904F0E0FD07
S2140110600424104B195D21B9BDE838400846FFF746
S21401107069BF032C06D02B78052B03D006200A4A1D
S214011080FFF72AFE0021094B08461970BDE83840D3
S214011090FFF7D0BE38BD00BF655F0020A43E00202C
S2140110A06B160400DD8A0400C0270900625F002079
S2140110B030B5044689B00720FFF764FD052C0AD138
S2140110C000222A4B03A91A7002A804AA01F0FEFD09
S2140110D030B1022045E09CB90122244B1A7002244B
S2140110E0224D287878B1421E504221495041FFF7DF
S2140110F055FC022304462B70022C0ED10A200FE069
S214011100022CE6D1EBE7631F5A424FF0050018495F
S2140111105A4125F03EFA0446EEE7032C04D100209E
S214011120FFF770FD09B030BD062C06D1002011492D
S21401113004F076FD01232B70E0E70F4A0F4B287869
S214011140002C18BF13460E490E4A0094002808BF0B
S2140111500A4600200C4904F063FD201E18BF01203A
S214011160400009B0BDE83040FFF76CBF605F00206B
S214011170A43E0020A61604009F160400981604003C
S2140111808716040091160400E116040013B51F4CDF
S2140111900620FFF7F7FC2278092A09D900201C4906
S2140111A004F03EFD042002B0BDE81040FFF74ABF40
S2140111B0184B1B782BB3002024F0B2F925F0E2F986
S2140111C068B9FFF771FD144B196825F0D2F902468C
S2140111D00420002102B0BDE81040FFF77DBD01A844
S2140111E025F0CEF9FF2809D14FF4FA6023780133B0
S2140111F0237002B0BDE81040FFF704BD0198FFF769
S214011200EDFC4FF4FA620320E3E700BF645F0020C1
S214011210FC160400615F0020B43E0020F023F0B508
S21401122089B0CDE9000334488023002219210078D3
S214011230324E334F26F0B1F90020324904F0F0FC6B
S2140112403246394603A801F041FD032804462E4DD7
S2140112501CD10626039A2D49002004F0E1FC0398D0
S214011260FFF7BCFC0020396800F0ACFE2E7001F0E0
S2140112709FF900220446264B30461A70FFF782FC7F
S21401128084BB09B0BDE8F040FFF780BF28BB726899
S214011290204904F0C5FC214604A8FFF729FB059B5D
S2140112A0726893420BD020461B4904F0B9FC072311
S2140112B005202B7009B0BDE8F040FFF7F9BE1A46CD
S2140112C02046164904F0ACFC0523002101202B70B2
S2140112D009B0BDE8F040FFF7ADBD0020104904F0AD
S2140112E09FFCF1E7042C05D0042009B0BDE8F040CE
S2140112F0FFF7A8BE09B0F0BDCA6C0020A43E0020CE
S214011300B43E002034170400655F00206517040012
S214011310645F0020A0170400D91704002D180400EC
S21401132069180400F7B50446876800202378364D0F
S214011330012B287004D0354B3549187004F070FC29
S21401134026785EBB334B1B78FF2B04D103B0BDE878
S214011350F040FFF78DBC304B1B78032B11D82F4C78
S2140113600320FFF70FFC6946208826F0CAFE0028F6
S21401137043D02B49208805F047F920B12E70FFF79E
S21401138077FC03B0F0BD0124204B26491C7004F005
S21401139047FC0320FFF7F6FB2C70F2E7012E25D160
S2140113A03B78002BEDD01B4D2B78FF2BE9D1A6887F
S2140113B002F0A4FF864206D100201B4903B0BDE817
S2140113C0F04004F02DBC194BA2881B783BB132B11A
S2140113D01749002003B0BDE8F04004F021BC7B684B
S2140113E014491B782B700D4B1A80F2E7032E08D197
S2140113F008226846A16809F02BF86846FFF70EFF39
S214011400BFE700232B70A1E7625F0020635F002027
S21401141084180400C96C0020655F00206A6C0020F7
S2140114202513010049160400A41804005F5F00207C
S214011430CA180400F51804007FB5094B1A78FF2A6C
S2140114400AD1187001F088FB0022064B0DF1060147
S21401145002A81A80FFF74CFA07B05DF804FB00BF3C
S214011460CA6C0020F2560020152838B517D10C4B4F
S2140114701D78A5B926F02BFEC4B2012C38BF012475
S2140114800120FFF77FFB28462246064904F0C8FBE9
S2140114904FF47A706043BDE83840FFF7B3BB38BD00
S2140114A0655F002012190400034B1B78022B01D83C
S2140114B0FFF770BD704700BF655F002070B5284C10
S2140114C025F05BF82578274EBDB10020264904F0AB
S2140114D0A7FB264A13780133137000232370337851
S2140114E0062B0AD1BDE87040214B1868B0F5FA6F9B
S2140114F038BF4FF4FA60FFF785BB3378013B082B02
S2140115002CD8DFE803F005090D2B13191D2227003F
S214011510BDE87040FFF7C8BFBDE87040FFF73ABDB1
S21401152000232370BDE87040FFF7A2BB2946BDE843
S21401153070400120FFF77EBCBDE87040FFF726BE75
S2140115400220BDE87040FFF7B3BD0120BDE8704042
S214011550FFF7F8BCBDE87040FFF7B2BC70BD00BF36
S214011560625F0020655F002041190400645F00206F
S214011570A03E002010B90520FFF764BD034B1B7881
S214011580062B01D1FFF79ABF704700BF655F0020A9
S2140115902DE9F0478E68054633189A780C46092AD5
S2140115A08EB008D90020A34904F03AFB85242046D2
S2140115B00EB0BDE8F08750B98B899F49895C8B4294
S2140115C005D200919D4904F02BFB8024EFE79C4B4C
S2140115D0E7881B889F4236D09A490978012932D973
S2140115E032B13A460020984904F01AFB7E24DEE721
S2140115F0964B1A70934B26791B78052B03D0012B3B
S2140116003AD8FFF751FF5EB93146204626F02FFA49
S2140116100346002851D030468D4A8E4904F000FB1F
S214011620D4F80880A48998F8037098F80450002E1E
S2140116304CD13046884A894904F0F2FA002101204B
S214011640FFF7F8FB4FE00021804B1970072A00F2E4
S2140116508A8301A353F822F0F5150100A3170100B0
S214011660A3170100B5190100B5190100B51901004C
S2140116704B1C01004B1C0100022B17D102F03EFE51
S2140116808742B3D00020764A764904F0C9FAFFF7BC
S21401169081FC46BB3146204626F0E9F9034610B3E5
S2140116A06B4A6C49002004F0BBFA1CE06E4A00202D
S2140116B06E4904F0B5FA012479E7A3681B78DA06C7
S2140116C0AED432466A4904F0ABFAA9E700210AA86B
S2140116D0FFF70EF9032F08D95F4B664A6649009754
S2140116E0002004F09DFA002461E76B1E632B04D9E9
S2140116F0594B604A61490095F2E7614BE4B2DB5D04
S2140117009C4209D0CDE901430020534B594A5D491B
S214011710009704F085FAE6E757B3A4B222460521FE
S214011720404626F0BDF8BDF82830834203D04A4B28
S214011730554A5649B6E7012F1AD022460721404698
S21401174026F0AEF8BDF82A30834203D0424B4E4A0B
S2140117504F49A7E7032F0BD122460921404626F021
S2140117609CF80B9B984203D13B4B474A494999E762
S214011770642D3FF463AF26F0AAFC6423C0B2B0FB2D
S214011780F3F203FB12030133DBB29D42BFF456AF03
S214011790CDE900530020304B3B4A3F4904F040FA64
S2140117A0A1E7284B1B78052B01D03C4A7FE7EB1CB1
S2140117B0DBB2277BF45C44B123460020374A384924
S2140117C004F02EFA00210C460BE00F2F0DD8102343
S2140117D0204634490093314A3B4604F021FA8024DE
S2140117E001210020FFF726FBE1E60435EDB2204695
S2140117F02A4A2D4904F014FA7A1B7119D2B206A8A6
S21401180024F0CEFE05443A46E9B2304626F045F8C5
S214011810264D069A2B68264F9A42386001D1002839
S2140118204AD1244900201D4A04F0FAF985240121F1
S214011830D7E700BF5E190400208B04007619040068
S2140118406A6C0020655F0020A5190400625F002015
S2140118501B1A0400231A0400AB1A0400C01A040061
S214011860E9190400F61904004B1A0400581A04007A
S214011870751A0400D51A0400DD1A0400F71A0400CC
S214011880E38A0400151B04006A1F04004F1B0400B2
S214011890791B0400A11B0400C81B0400FC1B0400E8
S2140118A0161C0400451C04005C1C0400A43E002019
S2140118B0B43E0020851C040000F08EFF3E68B04256
S2140118C00AD200F089FF9D4903463246204604F0BD
S2140118D0A7F98924012184E7079A6B689A4205D102
S2140118E02046974A974904F09BF96BE79649097891
S2140118F059B19A4209D22046944904F091F99621A9
S2140119000620934AFFF7E8F95CE7924A924905A850
S21401191001F0DCF9079E48B96A68964206D88F49F5
S21401192004F07EF90520FFF7C3FB40E632460020AF
S2140119308B4904F075F939680027002000F042FB56
S21401194000206E60FFF74AF9864B06201F80FFF7DE
S21401195019F9854B1F7001F0B1F90646F8B94FF633
S214011960FF73824A0AA81188994214BF13463B4660
S2140119706A88298801F012F90AA800F0D7FC58B144
S2140119800AA801F0DDF938B13046794904F048F982
S2140119900420FFF757FB0AE6FFF7F8FB07E60428E3
S2140119A005D1744B1921187825F092F9FFE53846D0
S2140119B07149EBE7714B1B78062B01D0704A76E62E
S2140119C0DFF8A0A1EB1C94F80C90BAF80080DBB20B
S2140119D02EB930466B4904F023F98724E7E5F75C16
S2140119E02C1D972FE4B22FD025D8812F71D0952F9B
S2140119F067D017BBB9F1100F7FF6E7AD31194A462C
S214011A000AA824F0CDFD0444E4B221464A463046F5
S214011A1025F043FF231DDBB2053416F803A0E4B21C
S214011A20A9EB04035345054666DA00933846534648
S214011A30534A5549C7E5982F43D03B460020504AA4
S214011A40524904F0EDF8C8E7B9F10A0F7FF6BDADCB
S214011A501FFA89F721463A46304625F01EFF05F162
S214011A60080104463A46C9B2304625F016FF0AAACE
S214011A7001462046FFF736FA08B9454B0A93B9F1F5
S214011A800C0F12D905F10C013A46C9B23046DDF801
S214011A90288025F005FF044602463E49002004F052
S214011AA0BFF8AAF8004044440A940A9C3A492246E0
S214011AB0002004F0B5F82046FFF7A4F824F068FDEE
S214011AC011E63649002004F0ABF80320FFF7BAFA16
S214011AD009E6334C23786BB124F04DFD50B100205C
S214011AE0304904F09DF80023237024F051FDFFF7E0
S214011AF04DFBF8E52C49E5E7DFF8A49099F80030AE
S214011B0043B9FFF7D1F88542034607D01C4A274957
S214011B100095E5E524F036FD0128F2D110220D48A6
S214011B200AA908F08FFF10B9BAF13F0F42D9144A3B
S214011B301F49002004F074F84FE700BFA41C0400FE
S214011B40FC1B0400DC1C04005E5F0020111D040069
S214011B50C0270900A43E0020B43E0020A0170400C0
S214011B60521D0400F2560020645F0020F456002047
S214011B70741D0400CA6C0020931D0400655F0020DC
S214011B80B91D0400CE1D0400FB1E0400DD1E04006A
S214011B90E0930400091E0400341E0400531E0400D2
S214011BA0615F00206F1E0400AE1E0400371F040094
S214011BB0731F04006D4B187099F800304BB124F078
S214011BC0DAFC30B1284624F0D9FC042807463FF455
S214011BD08AAD51462846321924F013FE28B100205A
S214011BE0634904F01DF8042070E799F80030554465
S214011BF063B124F0C0FC48B1FF2FF4D0012F3FF4AD
S214011C0072AD032F16D124F0C1FC05462846FEF717
S214011C10E5FF044602460521564824F0E8FC564BEB
S214011C201B689C420AD3204624F0E6FD0520FFF7F8
S214011C303FFA58E524F0A8FC8046E7E74046FEF761
S214011C40E1FF00287FF44FAD51E74C4B1B7803F0C2
S214011C50FD03082B01D04A4A29E5A48935B1F2785B
S214011C6022B10020474903F0DBFF2EE7E4B222460B
S214011C70F11C0AA824F094FC434BBDF828201988CF
S214011C80054691420DD04FF6FF718A4209D03C4A73
S214011C9000203E4B3E4903F0DDFFBDF828203D49BC
S214011CA047E7BDF82A20598891420CD04FF6FF71BC
S214011CB08A4208D0324A0020374B354903F0CAFF22
S214011CC0BDF82A20EBE70B9A5B689A420AD00132EC
S214011CD008D02B4A2E490020304B03F0BBFF0B9A4D
S214011CE02F4926E7A4B2E91C2246C9B2304625F0A0
S214011CF0D4FDE91DC9B207462246304625F0CDFD82
S214011D00431C014606D10820FEF73CFF2548FEF796
S214011D1079FFE8E4384606AAFFF7E4F8A8B9214BAC
S214011D200693214B00221978204B187824F014FCD6
S214011D30069C2046FEF766FF224600201C4903F05B
S214011D406FFF0920FEF71EFFCDE440F6B733069A73
S214011D509A42E6D840F6B8320020164903F060FFF2
S214011D6040F6B833DCE7812421E400BF645F00203D
S214011D70A61F0400C91F0400B43E0020655F0020B2
S214011D80D21F0400E71F0400A43E0020691B0400C4
S214011D900E200400C7100400931B04002920040031
S214011DA02628040080EE3600C96C0020CA6C00208C
S214011DB0612004003620040008B50420FFF742F92C
S214011DC00020FEF7DFFE0023054A19211370054A9D
S214011DD01370054B1878BDE8084024F079BF00BFA2
S214011DE0625F0020635F0020CA6C002010B5164BAE
S214011DF0164C1A78164B002053F82220154903F08A
S214011E000FFF2178144B154A0020002918BF1A46E7
S214011E10134903F005FF23782BB1124B00201A68F3
S214011E20114903F0FDFEFEF73FFF0446FEF73CFFB7
S214011E300E4B196824F0CEFB2246BDE8104003463F
S214011E400B49002003F0ECBE655F0020625F0020B6
S214011E50F48A04007D20040053270400342704007C
S214011E608A200400A03E0020A4200400B43E0020E6
S214011E70BD20040038B5014604460020FFF788FB64
S214011E80054698B1E37C00200A4A0B4903F0C8FED8
S214011E902379042B0AD02946204625F0E8FD03467F
S214011EA020B10020054A064903F0BAFE6FF0FF0094
S214011EB038BD00BFE1030400E52004001B1A04003E
S214011EC0231A040010B51346094A127882420DD12E
S214011ED063B1084A002014680A46074903F0A0FEC9
S214011EE02146BDE810400120FFF752BB10BD00BFE0
S214011EF0CA6C0020044200200721040010B50D4BD7
S214011F001C782CB1BDE8104000200B4903F088BEB8
S214011F106420FEF763FE4FF6F0716FF00F02074B79
S214011F200320C3E9001222462146BDE81040FEF711
S214011F30D3BE00BF655F002040210400A43E002000
S214011F40014B1870704700BF615F0020002106201A
S214011F50014AFEF7C1BE00BFC0270900014B187039
S214011F60704700BF5E5F0020114B2DE9F041074628
S214011F700D4618680F49101A096824F02BFBDFF884
S214011F8040800D4E98F800400346FF2C307004D078
S214011F90A8420AD32C44A04207DB3A460020074950
S214011FA003F03EFE337888F800303078BDE8F081E3
S214011FB0BC3E0020B83E0020665F00206E22040072
S214011FC0CB6C002050EA010208D0FF22054B091A0B
S214011FD01A70054B1860054B19607047114610467C
S214011FE0FFF7C2BFCB6C0020BC3E0020B83E0020ED
S214011FF02DE9F04FAFB006AD284600F0FDFD0026F6
S214012000624FDFF8D091284600F090F9044648B9AF
S21401201000F0BEFD5E490246204603F001FE2FB0E9
S214012020BDE8F08F39460020F2B203F0F9FD2846EC
S21401203016A900F0FFFD044620B15649002003F022
S214012040EFFD8FE0BDF85820534903F0E9FD4946FE
S2140120502046BDF85A2003F0E3FD2046BDF85C207B
S2140120604E4903F0DDFD2046BDF85E204C4903F0E5
S214012070D7FD2046BDF860204A4903F0D1FD204631
S214012080199A494903F0CCFD2046BDF86820474916
S21401209003F0C6FD204646490DF16A0203F0C0FD75
S2140120A044492046239A03F0BBFDBDF85C30D907AE
S2140120B005D520469DF890203F4903F0B1FDBDF8B7
S2140120C05C309A0714D500203C4903F0C3FDBDF8E7
S2140120D05830B3F5807F4FD1002025F028FC18B189
S2140120E00DF1910003F01EFD0020354903F098FD27
S2140120F0BDF85C305B070BD50020BDF8B220314936
S21401210003F08EFD0020BDF8B4202F4903F088FDB2
S214012110062228460DF116030AA924F08AFA044677
S21401212090BBBDF81620294903F07AFDDFF8A8A078
S214012130DFF8A8B00DF12808BDF81610A2B291423A
S21401214010D9B8F800205146002003F069FD01348B
S214012150D8F804205946002003F062FD062C08F149
S2140121600808E9D16C46204600F05AFD94E80F00B5
S214012170013685E80F0046E70123202200200DF1F5
S214012180910103F0B1FCAFE7114957E78022040043
S2140121904D24040089220400AD220400E12204003B
S2140121A0FA220400132304002C2304004523040010
S2140121B05E230400732304008F230400A823040075
S2140121C0BD390400BB230400D4230400ED2304001E
S2140121D020240400C6220400FE2304000E2404006A
S2140121E02DE9F04188B004AD04462846884600270C
S2140121F000F002FD6E46474507D195E80F0084E8DA
S2140122000F00204608B0BDE8F081304600F008FD1A
S21401221096E80F0085E80F00284600F087F801379A
S2140122200028E8D1014B0FCBE9E700BF988D0400E9
S2140122301FB5D0E9023253F8223068461978FFF705
S214012240CFFF684600F07CFD48B1042809D1074A53
S2140122500020074903F0E4FC05B05DF804FB054ADD
S214012260F6E70020044903F0DBFCF5E7E92D04005E
S214012270682404009F270400741D040010B5D0E9EB
S214012280023203EB8201496853F8223098B00C6899
S21401229004A81978FFF7A4FF03AB40220093214658
S2140122A008AB04A800F0E2FC024628B100200E4963
S2140122B003F0B6FC18B010BD039808A900F0070497
S2140122C00122C0F3C70003F055FC039908A8091BB7
S2140122D00144064801232246008803F005FC044811
S2140122E003F03EFCE6E700BF782404001057002008
S2140122F0BD390400F0B504460D460B4BEF880FCBF5
S21401230084E80F00AB882E899B0741BFD5F83900BA
S214012310D5F83D1004F1080303C3EA682046278078
S21401232066806260F0BD00BF2C8B0400102208B5E9
S214012330034908F087FB003818BF012008BD00BF1D
S214012340988D040008B526F049FBC288FF21920843
S214012350012A38BF0122024823F0BCFC012008BD37
S214012360CC3E002038B5134690B10120274A1070A4
S214012370274A00201160274A13600A46264903F0BF
S2140123804FFC02F09DFB254B1870022002F09EFBCD
S21401239026F03FFBE8B91D4D1D4C2B782BB926F0D6
S2140123A01DFB2268C368134423601A4B24681B680C
S2140123B09C4229D226F012FBC168204606F0AAF8F4
S2140123C0002402462C7050B926F023FBFFF7BAFF13
S2140123D003E0FFF7B7FF0028DDD0012038BD204617
S2140123E00F4903F01DFC0D4B187802F06FFB00201F
S2140123F00C4903F015FC00F091F908B900F0AEF9AC
S2140124002046FFF7B7F8E8E70124ECE7685F00200D
S214012410C43E0020C03E00209F240400675F0020C9
S214012420CB240400EB24040038B500F04BFA044634
S21401243000F042FA241A26F0D1FA054618B9B1215D
S2140124401B482BF0FDFFAB8803F00303032B03D0DF
S214012450B22117482BF0F4FF00F02EFA054624F0BF
S2140124605BF901238340013B2B4203D0B421104882
S2140124702BF0E6FF24F050F901238340013B234271
S21401248003D0B5210A482BF0DBFF05F019FE0546FF
S21401249024F042F94FF48063B3FBF5F3C440A34242
S2140124A005D2BDE83840BA2101482BF0C9BF38BD76
S2140124B001250400FF2108B5044823F01CFCBDE8F3
S2140124C00840002211461046FFF74CBFCC3E0020C4
S2140124D0F7B504460E4600F089F8054626F07EFA62
S2140124E0C3682B449C4220D324F016F92C44C440E4
S2140124F0013C114F3B68DEB1A34219D101340023E0
S214012500ADF8043000F0E4F9054605F0D9FD1035C4
S21401251004FB005405F0D4FD01A90246204605F04F
S21401252021FE24F009F9386004E04FF0FF34E0E7BB
S214012530A342E4DB03B0F0BD5C6800204FF0FF323D
S2140125400A4B10B51A600022094B1A7000F0B4F954
S214012550044600F0B7F9214602460120FFF702FFC4
S21401256000280CBF0120042010BD00BF5C680020BD
S214012570695F002038B500F0D1F808B9002038BDF1
S214012580094D0A4C2B7823B924F0D6F80123206094
S2140125902B70246824F0C0F801348440EED000F09B
S2140125A025F82044EBE700BF695F00205C68002047
S2140125B070B50D4C2368002B01DA012070BD00F0C8
S2140125C07BF9054626F00AFA2468C66824F0A4F8C2
S2140125D0013404FA00F1294401208A19FFF7C2FEEA
S2140125E00028EAD00420E9E75C680020024B18685E
S2140125F00C3024F0D1B800BF60680020FF2307B577
S2140126000021044A04480093FBF75EFF03B05DF81F
S21401261004FB00BFB5240100CC3E00200E4B70B574
S2140126201C680546036804F582641C440E46FFF7E1
S214012630DDFF2B68834208D232681A44824208D9E9
S214012640C31A012033602C6070BD044A126813441B
S2140126501C1A0020F7E700BF60680020C83E002073
S2140126602DE9F04FB3F5803F87B00F4698460190AD
S21401267003D3002007B0BDE8F08F03A904A8CDE975
S2140126800332FFF7CBFF0024824600F10109DFF891
S21401269088B05FFA89F9019BDDE90356AAB27BB1DE
S2140126A03046109926F0A1F90028E2D1B9F1020FBF
S2140126B02BD1DBF800300493019B03BB2F4421E0B0
S2140126C03946304605F04EFD0028D2D1BAF1000F4A
S2140126D0ECD0002CEDD105F0F3FC2E44B6FBF0F364
S2140126E003FB10600028E4D005F0EAFC05A90246C9
S2140126F03046059405F036FD0028DAD0B9E7109B80
S2140127002B441093A8EB05050395631C4B454FF02E
S2140127100104C0D32046ADE7C83E00207FB56B4616
S2140127200C4A1068516803C390680C2218600A4B63
S2140127300DEB0201186826F058F90C2268460DEBDD
S214012740020108F07FF9B0FA80F0400907B05DF8A1
S21401275004FB00BF3C8B0400606800201FB5084ADC
S21401276001AB1068516803C3906801A91860054B56
S2140127700C22186805F0F6FC05B05DF804FB00BFF6
S2140127803C8B040060680020F7B5044615460E46EB
S21401279081B9072A03D80024204603B0F0BD0D4BAB
S2140127A080791968E379063000EB03200C3180B29A
S2140127B023F0FCFF002721462B4632463846009779
S2140127C0FFF74EFF04460028E5D039467019FFF79B
S2140127D07FFEE1E760680020024B1868A0F5006004
S2140127E0704700BF6C68002010B58AB0684606F0D6
S2140127F09DF810F0FF0027D1009BFBB1174C01A9F3
S214012800206006F00BF810F0FF001DD12268009B37
S2140128109A4204D34FF4DD7111482BF011FE019B4F
S214012820104A11491360029A13440B600F49A3F52D
S21401283000630A600E4A1360009B63B940F2CF1131
S21401284007482BF0FDFD06E0044A03461268002007
S214012850084903F0E5F90AB010BD00BF646800201E
S214012860B4250400C83E0020686800206C6800207B
S214012870606800205C26040008B5FFF7B5FF26F067
S214012880ADF850B126F0AAF8064B02691B689A42C9
S21401289003D2B32104482BF0D3FDFFF7C5FD012079
S2140128A008BD00BF6C680020B4250400014B186801
S2140128B0704700BF64680020014B1868704700BF6E
S2140128C0C83E0020014B1868704700BF68680020AA
S2140128D0014B1868704700BF6068002010B5FFF70D
S2140128E049FE04462849002003F09AF900202749AA
S2140128F003F096F90020264903F092F900202549B5
S21401290003F08EF9244B00201A68244903F088F955
S21401291022462349002003F083F9FFF767FE214989
S2140129200246002003F07CF91F4B00201A681F495D
S21401293003F076F91E4B1F4C1A6800201E4903F05F
S2140129406FF9226800201D4903F06AF94FF480628E
S21401295000201B4903F064F922680020194910324F
S21401296003F05EF92268002017490C3203F058F98B
S21401297022680020154902F5826203F051F9BDE88C
S214012980104005F0D1BA00BFDB260400182704006A
S21401299037270400572704006468002082270400B4
S2140129A0A1270400C4270400C83E0020E72704002E
S2140129B068680020606800200A2804002D280400AA
S2140129C0502804007328040096280400B92804003F
S2140129D02DE9F04194B004460D460020482102AA94
S2140129E023F0F5FE18B9534903F01AF919E06022ED
S2140129F00021204607F0DAFC04224F4902A808F01D
S214012A0021F890B16DB19DF80B30002001939DF82F
S214012A100A309DF80820009348499DF8093003F0D4
S214012A20FFF8012014B0BDE8F081BDF80C20B2F526
S214012A30807F228003D0424903F0F2F8F1E7BDF827
S214012A401420BDF80E102281DDF816206180E260A8
S214012A500499BDF81A206160228284F8320007AD1D
S214012A6004F112020FAE2B4603CBB3421060516045
S214012A701D4602F10802F6D10F9B324A63631360CA
S214012A80314B10221846002107F090FCE288A388FB
S214012A90028022894280E26842600BB90020C1E7C9
S214012AA000263546A388D90709D536B105F1500267
S214012AB06A4412F8482C84F838200135EDB29A079A
S214012AC014D5208823F099FD07466EB102AB03EBBF
S214012AD005080246414604F1390007F0F7FD3A467B
S214012AE041461A4807F0F2FD2F44FDB2A3885B0762
S214012AF00DD556B105F150036B4433F8482C33F825
S214012B00463CA4F85A20A4F85C300435EDB2002EF9
S214012B10C4D1482D02D930460D4965E729463820EB
S214012B2002AA23F054FE08B90A495DE738250126B2
S214012B30B8E700BFDC280400488B04000E29040017
S214012B4044290400EC3E0020F03E0020F83E002020
S214012B505F290400AF29040030B50B4C99B02578E5
S214012B606DB9FFF789FE68B129466846FFF730FF61
S214012B70B0FA80F0054B400918700123237000203D
S214012B8019B030BD0120FBE76A5F00206B5F0020B3
S214012B90014B1878704700BF6B5F002070B51E466A
S214012BA0134B044618881D46884298B002D15B88AC
S214012BB0934206D00F4B0FCB84E80F00204618B087
S214012BC070BD96B100216846FFF702FF0028F1D1DB
S214012BD0BDF804305B0708D53388BDF85A209A4201
S214012BE0E8D8BDF85C209A42E4D395E80F00E3E705
S214012BF0F03E0020988D0400064B10B51B78044665
S214012C002BB9054B0FCB84E80F00204610BD034BB4
S214012C10F8E700BF6B5F0020988D0400F03E0020AF
S214012C2010B50446024B0FCB84E80F00204610BDBA
S214012C30988D04000B4B10B51B78044608467BB1F3
S214012C400021FFF7C5FE48B910222146064807F0C5
S214012C50F9FE003818BF0120C0B210BD0120FBE705
S214012C600120FAE76B5F0020F03E00202DE9F041DD
S214012C700E4690460E4910221F4607F0E3FE044614
S214012C8070B90C4B3A461D683046AD1B454528BF0A
S214012C904546294623F09BFD28B9074902F0C0FFA7
S214012CA00120BDE8F081069B20461D60F9E700BFC4
S214012CB0F03E0020EC3E0020AF2904000022024B2B
S214012CC01A70FFF73BBC00BF6B5F00202DE9F04197
S214012CD09CB00F4616468046FFF74CFC054602465A
S214012CE01549002002F09CFF382D20D9012104A8A7
S214012CF0FFF76EFE0446D0B9119B04A93B606F46F0
S214012D003846FFF7F7FA97E80F0086E80F00119BA1
S214012D10AB4297BF01210324084AC8F8003094BF8C
S214012D201170C8F8005020461CB0BDE8F0810022A2
S214012D30024B01241A70F6E7E12904006B5F0020BC
S214012D4070B5084D00262B7853B1FFF7F7FB044604
S214012D501022002104482E7007F028FB204670BD83
S214012D603446F5E76B5F0020F03E002008B50020F2
S214012D70064902F055FF064B00201A78054902F075
S214012D804FFFBDE80840FFF7A9BD00BF002A0400B9
S214012D906B5F00202A2A040003460120024AC3E989
S214012DA0032000221A7070470100FEFF2DE9F04152
S214012DB00024264E264FDFF8A88088B000F0D4F90C
S214012DC0A5B2854202D308B0BDE8F081284603A922
S214012DD023F033FDA2B23146002002F03BFF9DF8FE
S214012DE00D2012B39DF81210BDF81030402914BF03
S214012DF06E2179210020CDE900313946BDF80E302B
S214012E0002F028FFBDF814201AB10020114902F083
S214012E1021FF9DF80C00BDF8182070B9079B0E49DC
S214012E200093BDF81A3002F015FF00200B4902F09E
S214012E30F7FE01342BF011FBC0E7BDF81C3041460C
S214012E40009300209DF81A30EDE700BF432A0400E6
S214012E50492A04006C2A0400762A0400BD390400BD
S214012E609D2A040010B500F0ABFABDE810400346F9
S214012E70024A0020024902F0D3BE00BF1836040001
S214012E8036F50300D0E9023253F8223010B518881F
S214012E9000F086FABDE810400346024A00200249C7
S214012EA002F0BEBEC52A040036F5030010B5D0E90F
S214012EB00232002486B08DF8044053F8221003EB4A
S214012EC08203097801A88DF805105A681288ADF8B2
S214012ED006209A681288ADF80820DA681278ADF8EC
S214012EE00C40A24214BF402280228DF80A201A69A3
S214012EF01288ADF810205A699B691288ADF8122025
S214012F001B68059300F0D0FB034A0346034920469D
S214012F1002F086FE06B010BD6709040036F5030010
S214012F2038B50024064D2BF084FA45F82400063403
S214012F30C02CF8D10020BDE83840024902F070BE2E
S214012F4080100020CC2A040030B5002087B020492C
S214012F5002F066FE00201F4902F062FE00201E49B4
S214012F6002F05EFE2BF065FA00240546A0B201A928
S214012F70013423F062FC202CF8D12BF05AFA1749C1
S214012F80421B002002F04CFE1549002002F048FECC
S214012F902BF04FFA0446012000F09EF82BF049FA78
S214012FA00E49021B002002F03BFE0E49002002F0F3
S214012FB037FE2BF03EFA044623F030FC2BF039FAAC
S214012FC0021B0020054907B0BDE8304002F028BECC
S214012FD0F82A0400272B0400572B0400742B040046
S214012FE0832B04009D2B040010B50C4603F07CFDDA
S214012FF008B9032C12D101F059F904280ED001F0BA
S21401300055F905280AD0064802F0BAFC1C2801D159
S21401301024F0B1FBBDE8104002F0C2BC10BD00BFF9
S214013020276803002DE9F04F00274FF0FF36DFF841
S214013030A4B0264C87B0BBF80030B8B2834209D89A
S214013040731C3BD03246FF21214807B0BDE8F04F44
S21401305022F040BE01A923F0F0FB9DF8050001F027
S2140130605BFFF8B19DF80480B8F1000F1AD1BDF8E6
S21401307010A0BDF812902BF0DCF918210246BBB265
S2140130804B43E018E158007C4FF47A73A2EB010C35
S21401309050B103FB0AF363450ED30B44981A8642DC
S2140130A028BF06460137C6E74D466B43FAD063454F
S2140130B0F5D31944881AF2E74046F0E7FF210448A1
S2140130C007B0BDE8F04F22F016BE00BF801000200A
S2140130D0003F0020F65600202DE9F041014688B059
S2140130E058B1022810D023F0C2FB78B3D221194878
S2140130F008B0BDE8F0412BF0A3B9FF23164A1748E4
S2140131000093FBF7E1F9EEE700244FF001082746AC
S214013110134EA5B2284603A98DF80D7023F08DFB3A
S2140131209DF80D0068B101F0F7FE20B19DF80C3056
S2140131300BB986F810800134202C06F11806E8D168
S2140131402546084B1D80FFF76DFFCCE708B0BDE8AC
S214013150F08100BFBD2B04008D340100003F00202C
S21401316080100020F6560020014B1888704700BFDB
S214013170F65600202DE9F04F634A077D89B00446D4
S2140131806249002002F066FD002024F0D0FB20B149
S2140131902368218A588803F0F5FC00205C4902F078
S2140131A03FFD637DDFF87491002B236808BF08207C
S2140131B05988574B18BF00200093228A4FF0090305
S2140131C014BF4FF080084FF0400802F089FBA28937
S2140131D0BB1C93420CDB24F044FC034620B10020C8
S2140131E04C4A4D4902F01CFD012009B0BDE8F08FA4
S2140131F0A068791C89B2C55D24F052FB0337012D06
S2140132000646BFB213D82368324659885879238AAE
S2140132100093434623F08AFF824600283ED186204B
S21401322002F026FC284602F023FC304668E08520A2
S214013230F6E703A923F001FB9DF80C30AB4223D13E
S21401324023689DF80D105A7991421DD1BDF80E10D4
S2140132505A88914218D1BDF81020B24214D19DF877
S2140132601220424510D1BDF81410228A91420BD18A
S214013270002D38D0BDF81810E288914204D19DF88F
S2140132801A201B799A422ED00BF1010BB9F80030A7
S2140132905FFA8BF08342CCD88B20C1E74FF0000B4E
S2140132A0F4E79AF8020002F0E3FBBDF8180024F0F8
S2140132B0BAFABDF81A0024F0B6FA9AF8020003F03A
S2140132C081FE002883D19AF8020001F0F7FC05463A
S2140132D0079E002D3FF47BAFF0B2013D02F0C8FB24
S2140132E0360AEDB2F5E7002002F0C2FB284602F0EE
S2140132F0BFFB304624F097FA012DD2D1BDF81C0051
S21401330024F091FA63E700BF4C2C0400242004004B
S214013310BD390400592C0400762C0400F656002012
S2140133202DE9F04391B06946804623F086FA0023E2
S214013330194F8DF801303888431E98B28045388081
S21401334009D16946404623F080FA684623F064FABC
S21401335011B0BDE8F0834FF0180905A923F06DFA06
S2140133600E4C3E880AAD09FB06460FCE0FC596E801
S214013370030009FB084485E803000AAE404605A998
S21401338023F063FA0FCE0FC495E8030084E8030028
S21401339069463888D7E700BFF6560020801000201F
S2140133A008B5064B1B88834205D9FFF7B9FFFFF71F
S2140133B039FE002008BD2720FCE700BFF656002096
S2140133C038B5074D2C882CB9FF21064822F093FC0E
S2140133D0204638BD601E80B2FFF7A2FFF2E700BFAD
S2140133E0F6560020003F00202DE9F3479A461823A1
S2140133F09DF82890244FCDE9001203FB097314466B
S214013400D3E9022324F00CFC064620460D4603F0C1
S214013410D9FD04F0FD03382B80460FD100943246C7
S2140134202B460021DAF8100023F032FAB8F1010F2A
S2140134301BD135431ED102B0BDE8F087392CDAF82E
S21401344010300BD107EE906A07EE103AF4EEC77A09
S214013450F1EE10FAACBF01200020E7E79E4275F1BD
S21401346000032CBF01200020E0E7B8F1000FE2D1F5
S2140134700028E0D0182303FB097701233B7402B030
S214013480BDE8F047FFF7CEBD801000202DE9F04FD4
S21401349000252E46A846AA462C46DFF8BC91D1B098
S2140134A0694BA8B21B88834209D81CB16188207970
S2140134B0FFF79AFDFFF7B6FD51B0BDE8F08F0BA9F7
S2140134C023F0BBF92AF0B5FF1823AFB27B4309EB13
S2140134D0030B59F8033005909DF82D00049301F075
S2140134E01BFD002800F0AE809DF82C10002940F04E
S2140134F0A980DDE90432D01A4FF47A72BDF838306B
S2140135005343834200F29E809BF8103043B9BDF8C6
S2140135103A30002B00F096805343834200F29280AB
S214013520FD230022CDE9013210AB00930DF1190203
S2140135300DF11A03E9B20BA8F0F7CAFE002877D1FD
S214013540BDF81A30DA1C0493D2B214B33F4B9DF87F
S2140135502D101B8813442279914214D1BDF82E10E8
S214013560628891420FD19DF83220B8EBD21F0AD162
S214013570BDF83420524506D1B3424DDD0020344912
S21401358002F04EFB01E0B342F8DC61882079FFF7D8
S2140135902BFD02F041FA04469DF932002D4BC04343
S2140135A0C00F0093BDF834200A23BDF82E10C000CA
S2140135B09DF8328002F094F99DF82D304FF0000B03
S2140135C023714FF48A53FF26BDF834A04FEAD8186A
S2140135D0E38007A95FFA8BF024F0D1FCC0B2B0B942
S2140135E09DF81D109DF82D20914210D1BDF81E109A
S2140135F0BDF82E2091420AD122469DF829109DF849
S2140136001C0024F037FAB04228BF3046C6B20BF190
S214013610010BBBF1200FDCD1BDF8300024F003F91B
S2140136209DF8190002F024FA049910A802F034FA61
S214013630182300225F4309EB07031A742AF0F9FEE8
S21401364049F8070001352BE7F65600200057002001
S214013650352D0400BD3904008010002070B500240B
S2140136600126104D8AB02B88A0B2834204D80AB036
S214013670BDE87040FFF7D6BC05A923F0DEF89DF83B
S214013680150001F049FC50B19DF814303BB91A46BB
S214013690CDE901360093E1B205A8F0F719FE013431
S2140136A0E1E700BFF65600202DE9F0430389DFF875
S2140136B058818BB0B8F800900093044683798288CD
S2140136C04188407823F032FD002800F09580E78994
S2140136D027B1A389BB4200F291800027B8F80030D9
S2140136E0BDB2AB4214D84D4601264FF6FF73E289B0
S2140136F09A4226D146B9B8F80030AB4202D92846DC
S214013700FFF70EFEFFF78EFC00200BB0BDE8F0833E
S214013710284605A923F091F89DF814307BB9226854
S214013720059B5340FF2B0AD86368069E5E4036F021
S2140137307F4604D1BDF81C2023899A42D5D0013793
S214013740CCE7E2689A422BD0002E53D1D4E903236A
S214013750CDE9082305A823F05FF80028D5D1B8F8ED
S2140137600030AB4204BF6B1CA8F800302AF061FEA3
S21401377018236B43234AE9B2D050D418002305A876
S2140137801A46CDE901330093F0F7A2FD18B10022E5
S2140137900023C4E90223284605A923F056F8B1E719
S2140137A0234605AA04F1100C174618685968083311
S2140137B003C763453A46F7D11868386005A823F071
S2140137C02EF80028C0D01F2D1AD800238DF81430EB
S2140137D063788DF815306388ADF81630A388ADF898
S2140137E01830A3798DF81A302389ADF81C300028DB
S2140137F0B0D1ABE70020E6E7862086E7872084E79E
S214013800892082E780100020F65600202DE9F04F2F
S214013810B04A90F814908DB00446AF49002002F0EB
S21401382019FA002024F083F820B12368218A5888E9
S21401383003F0A8F90020A94902F0F2F9637DDFF848
S214013840B8A2002B14BF802340230293236808BF2D
S21401385008205988A14B18BF00200093228A07230D
S21401386002F03EF800230393A28909F1030595426D
S21401387011DB039B13B9184602F0FAF824F0F1F8AD
S214013880034620B10020964A964902F0C9F9012064
S2140138900DB0BDE8F08FA06809F1010189B210F8FA
S2140138A0096023F0FDFF3246804603468E4900201C
S2140138B0ADB202F0B5F98EB1012E00F08A808527EF
S2140138C0384602F0D5F8304602F0D2F8404623F0EA
S2140138D0AAFF852FD2D00123039376E0A06809F1D1
S2140138E00401A28989B2475D23F0DAFF09F10601D6
S2140138F0A289049089B2A06823F0D2FF3A460590C7
S2140139000090049B3046794902F08AF909F10809CA
S21401391038461FFA89F503F055FB002857D138467B
S21401392001F0CCF9294603468146A289A06823F016
S214013930A8FF6F498346304602F08CF9A1684A46D3
S21401394029443346304602F0CFF83046634902F048
S21401395067F9A9441FFA89F52368424659885879B8
S214013960238A0093029B23F0E1FB18B18378BB42C4
S21401397040F0AC80483FFFB2092F05D840F2113322
S214013980FB40DB0700F1A48000238DF81C30236880
S21401399007A85A798DF81D205B88ADF82080ADF810
S2140139A01E30029BCDF82CB08DF82230238AADF85C
S2140139B02430049BADF82830059BADF82A30FFF77C
S2140139C073FE074600287FF47BAFA9464CE7B34653
S2140139D0C2E72946A289A06823F062FF4FF0000BD8
S2140139E0024607464349002002F01AF909F1050983
S2140139F0BAF800301FFA89F5BAF800201FFA8BF9D9
S214013A004A4503D81F2B31D9892759E7484607A9C4
S214013A10049322F012FF9DF81C20049B012A22D158
S214013A2022689DF81D00517988421CD1BDF81E0000
S214013A305188884217D1BDF82010414513D19DF811
S214013A402210029881420ED1BDF82400218A8842B4
S214013A5009D1BDF82800E188884204D19DF82A10D2
S214013A60127991421BD00BF1010BC5E70122994651
S214013A708DF81C20226851798DF81D105188ADF8FB
S214013A802080ADF81E1002998DF82210218AADF81B
S214013A902410E188ADF8281012798DF82A2007A89D
S214013AA0ADF82C7022F0B8FE074600287FF408AF68
S214013AB0BAF800304846994508BF09F1010307A93D
S214013AC008BFAAF8003022F0C0FE7EE78D27F7E691
S214013AD08C27F5E6602D040024200400BD3904007F
S214013AE0C12D0400762C0400682D0400852D0400E9
S214013AF0A62D0400B12D0400F65600202DE9F04F46
S214013B00074688469146002589B09A46BDF848B0D2
S214013B109DF84C60149C224B1A88A8B2824235D973
S214013B2003A922F08AFE9DF80C201D4BB2BB9DF81E
S214013B300D10B94232D1BDF80E1041452ED1BDF857
S214013B40101049452AD19DF81210514526D1BDF8CD
S214013B501410594522D13046029201F0AFF8A6F171
S214013B604103012B01460AD8204623F09FFE0D4B48
S214013B700D4A204484420CD10421029302ACEDB2DA
S214013B8032462046009503ABFFF72EFC09B0BDE890
S214013B90F08F14F8011F4B405343EBE70135BBE7A9
S214013BA0F6560020C59D1C81930100011FB50F4CE0
S214013BB02478C4B142EA03229DF818308DF8051026
S214013BC042EA43220A4BADF80C201A78094B8DF8CD
S214013BD00610079903EB021300908DF80400DB68CA
S214013BE068460291984704B010BD00BF6C5F002084
S214013BF06E5F0020203F002073B51A4DFF211A4842
S214013C0022F079F82B7853B3184C194E2378180103
S214013C1006EB03131A7A5968305C24F03CFA4D28F7
S214013C201DD0E0B1012300212278CDE90031120137
S214013C30B25CC0B2FFF7BAFF0A2223780A48013302
S214013C40DBB2B3FBF2F102FB1133FF2123702B78B9
S214013C50013B2B7002B0BDE8704022F044B802B0C0
S214013C6070BD00BF6C5F0020C03F00206E5F00206B
S214013C70203F0020F8B5104F3E780A2E1AD00FC804
S214013C80DFF840C00D4D9CF80040013605EB0415E9
S214013C9085E80F000A230134E4B2B4FBF3F203FB18
S214013CA012440748FF218CF800403E7022F01BF8B2
S214013CB00020F8BD0120FCE76C5F0020203F0020BB
S214013CC0C03F00206D5F00200021024A0248FAF73B
S214013CD031BC00BFF93B0100C03F0020002337B5CF
S214013CE00C46124D12492A78CDE9003312018A5C3E
S214013CF001230146E0B2FFF759FFA4B90D490A783E
S214013D008AB10A202B78013A0133DBB2B3FBF0F417
S214013D100A70FF2100FB143307482B7003B0BDE87F
S214013D20304021F0E0BF03B030BD00BF6E5F002021
S214013D30203F00206C5F0020C03F002008B500F047
S214013D40BDF850B1054B064A0649052808BF1A4674
S214013D50BDE80840002001F063BF08BDD52D040072
S214013D60BD390400F62D040008B5032024F0ADF992
S214013D7010B90122014B1A7008BD00BF6F5F002009
S214013D800022024B18781A70704700BF6F5F002040
S214013D900246FF21014821F09DBF00BFE03F002001
S214013DA0114B37B51D78C5B9FF21104821F0A3FF87
S214013DB0FFF7DAFF044600900D4B28460D4A0E49E0
S214013DC001F02EFF4CB10D4B1B78DB0605D52846BE
S214013DD024F055F9204622F090FB094B186803B0F1
S214013DE0BDE83040FFF7D4BF6F5F0020E03F002002
S214013DF0132E0400412E0400060604005D5F002019
S214013E0070680020FF21014821F075BFE03F0020C7
S214013E1070B51A4E054633780C466BB30020184A27
S214013E20184901F017FF032C01D0652C20D1164943
S214013E30002001F00FFF22460020144901F0F0FE99
S214013E400020134901F006FF01232946082200201D
S214013E5001F04AFE00200F4901F0E2FE032C88BF64
S214013E600023204688BF3370BDE87040FCF7BEB81B
S214013E70012CE0D00849DBE770BD00BF6F5F002072
S214013E80412E0400F0090400542E0400A71004007B
S214013E90722E0400BD3904006A2E0400014B18601E
S214013EA0704700BF706800200021024A0248FAF7F6
S214013EB041BB00BFA13D0100E03F0020054B10B50E
S214013EC01C782CB90448FF2121F00DFF204610BDB7
S214013ED00520FCE76F5F0020E03F0020F8B50024D6
S214013EE0074B084E1D68084FE3B29D4204F10104DA
S214013EF000D8F8BD394656F8230021F0B3F8F3E7A9
S214013F00F0A80400F4A804003C69002010B5044C95
S214013F1023780BB124F0C9F80123237010BD00BF2C
S214013F20CC6C00202DE9F743254B0D46164604467A
S214013F30019350B14AB1042301AA12F8011BA94208
S214013F4035D0013B13F0FF03F7D1212003B0BDE8C4
S214013F50F08317F8010F90FAA0F0000E21F0BEFAD8
S214013F60014608EB07039945F3DCCAB2C1F30F23F8
S214013F7092FAA2F293FAA3F3120E1B0E03EB02239C
S214013F80DB43621912F8020C99B2DBB298420CD1EB
S214013F9012F8013CB3EB112F07D1324621462846D1
S214013FA003B0BDE8F04323F0E0BF2320CEE74FF691
S214013FB0FF71671EA5F10209C4F10108D1E700BF30
S214013FC0080A0E12F0B515468FB00E4607462AF0BF
S214013FD0DCFA254B02A81C7824F06BF815F0FD0FCF
S214013FE03BD028B9BDF808309B0701D5032D36D044
S214013FF01DF0A4FE58B309A824F0C7F803233068BF
S21401400071688DF824300AAB03C39DF83130012D59
S21401401043F002038DF8313019D105A909A824F01F
S214014020ACF8002818BF022423F055FC032D18D83D
S2140140300E4B0F4A0020CDE9004753F8243052F8C2
S21401404025200C4901F0ECFD20460FB0F0BD032DF4
S214014050EAD1042C08BF0024E6E70324E4E72C4653
S214014060E2E70324F0E700BF705F00203C8D040008
S2140140702C8D040079350400014B1870704700BF81
S214014080715F0020024B1A6818608260704700BF9B
S21401409074680020024B186800B14068704700BF82
S2140140A07468002070B5044600250A4B1B687BB176
S2140140B000211E8807E05A6802EB0110013145B95C
S2140140C0021B554255418AB29642F4D89B68EEE7E8
S2140140D0184670BD746800202DE9F04F1E46002377
S2140140E093B0022E074688461446DDF870909DF878
S2140140F074A0ADF81A3040F2C08099F800305A0723
S21401410029D5042E40F2B98099F804B000255F4BFA
S21401411033F83520002A00F0B68001350A2DF7D194
S214014120209B002B40F0AD80FF250023207908AAB4
S2140141300DF119018DF8193023F043FB70B1BDF86C
S2140141402C309DF81900238023F0C0FB0790C0B1E6
S21401415013B0BDE8F08F99F802B0D7E7207923F0C5
S21401416060F80B28059000F28A80207923F0BFFBC7
S21401417007900028ECD1464A059B02EB03135B88A7
S21401418023804FF6FF73002F08BF43466288002145
S214014190CDE9002358465246238802F0FDFD18B1AA
S2140141A0E38843F02003E380209B07A90DA8CDE90F
S2140141B00D34CDF83C90ADF84080ADF842608DF8F6
S2140141C044708DF845A023F00FFB08B10798BFE7B0
S2140141D0484602F025FDA01D02F010FD224641468C
S2140141E0384623F047FCB04227D3E3882246C3F380
S2140141F00E03E3809DF87C3041460393BDF878308A
S214014200384602930DF11A03CDE90093F3B222F07A
S2140142107BFD209B079003B3F8B9BDF81A2042B185
S214014220092D06D81B4B03EBC5018A80209A43F85B
S2140142303520112023F0A8FA1CE0BAF1000F0AD1AC
S2140142400DF11A03CDE9006322464B464146384636
S214014250FAF778FFDDE73820DBE7052807D1E388A2
S214014260DB0607D5002301200793FFF705FF079B11
S214014270002BDED023F02FFBA8E7012068E72120E2
S21401428066E71C2064E7EDB24FE700BF0840002058
S21401429074400020044000204FF6FF72024B1A8043
S2140142A05A809A80704700BFF856002010B5044C1B
S2140142B02379FF2B02D123F026FF2071207910BD30
S2140142C0F856002010B50C4C2379FF2B08D100209E
S2140142D023F0FCFA20B923F016FF207123F0FBFA35
S2140142E02079022805D00438012894BF0020012037
S2140142F010BD0020FCE700BFF85600204FF6FF7304
S21401430010B5044C22889A4202D123F0F2FE208096
S214014310208810BDF856002010B5FFF7BDFF40F607
S2140143201D439842044607D8B0F5416F05D21828B8
S21401433026D8152848D829D010BDA0F541630D2BE5
S214014340FAD801A252F823F08D4301008D430100F3
S2140143503943010039430100394301003943010063
S2140143603943010039430100DD430100EF430100F9
S2140143708943010089430100894301008943010003
S21401438040F606439842D7D11C4920E0FFF7B6FF16
S2140143901B490246002001F043FC152C05D123F0F1
S2140143A092FEBDE8104023F028BA164B164A17496C
S2140143B0B4F5416F08BF1A46002001F031FC23F026
S2140143C01BFA23F01AFAECE71628DDD11049002073
S2140143D001F026FCBDE8104023F034BB22F07BFD43
S2140143E0BDE8104002460B49002001F019BC002030
S2140143F0BDE81040084901F013BC00BF9D3604001B
S2140144004A360400BD390400453604006636040009
S21401441086360400B2360400DA36040007B5094AC7
S2140144200346108831B9084A084903B05DF804EB21
S21401443001F010BC0091064A064901F00BFC03B0DE
S2140144405DF804FB105700203D030400FA36040013
S214014450E1030400060604000D4B37B51B6804464D
S21401446093B11D780389012D08BF02250093C37AF5
S214014470084A0020084901F0D3FB2146284603B02C
S214014480BDE8304023F0F7BD022003B030BD00BFC9
S214014490404100206F3704001E370400002010B58D
S2140144A023F014FA0D4B1B6863B15A78052A03D81A
S2140144B062B1052402220AE0FF2AFAD00020084948
S2140144C001F0AEFBBDE8104023F005BA14461046D5
S2140144D023F02DFE204623F028FEF3E7404100207E
S2140144E07437040013B5134C002023F0EFF9FFF7DF
S2140144F0D3FE23689BB101A822F0E0FC78B92368BB
S2140145001A789DF804309A4209D0D91E032906D993
S214014510D11E012903D9012A07D1022B05D1032374
S21401452001A8ADF8043023F0ACFD02B0BDE81040A0
S21401453023F0D1B94041002000231946034A013334
S2140145400A2B918042F8081BF9D1704704400020DD
S2140145507FB50E46054623F096FD2A4604460346D9
S2140145600D49002001F05CFB96B10C4B36211A88F0
S2140145709B78ADF80C208DF80E30032300220093B3
S2140145804FF6FC7003AB8DF80D5023F0BDFC0446CE
S214014590204604B070BD00BF95370400A88D040006
S2140145A0FF2810B50C4604D10020044901F038FB61
S2140145B0FE202146BDE81040FFF7CABFAE37040013
S2140145C0F8B51E460B8807460C461546002B64D1E7
S2140145D04A88B1F9021000200029B8BF6B7830492B
S2140145E001F01EFB6288132A1DD002F5FF437F33BC
S2140145F09BB2052B23D8A2F50042013A052A1ED804
S214014600DFE802F0193F1D033C09264A264900202F
S21401461001F006FB13E0254A2349002001F01AFBAE
S2140146202A792349F3E7022E94BF4FF6FF72B5F8B5
S21401463001202049EBE700201F4901F0F1FA33463B
S2140146402A462146384624F087FC70B933462A4666
S2140146502146384624F082FC48F2210362889A42B9
S21401466003D13846697823F0B5F86388B3F5004F6F
S21401467002D9082023F0C7F80120F8BD2A790F498E
S214014680C5E70F4A0849002001F0E4FA032E94BF5B
S2140146904FF6FF726A880B49B9E70020EDE700BFC5
S2140146A0E9370400113804001838040029380400DA
S2140146B02F3804003D380400553804006F380400D4
S2140146C091380400963804002DE9F04116888AB026
S2140146D0DFF88C80ADF80E300DF10E03C8F800201F
S2140146E015460093324610AB07460C46FAF7BCFD5A
S2140146F090BB109B8DF824000693BDF80E3004A8DD
S214014700ADF81C30AB898DF81070ADF820306B8990
S2140147100594ADF81E60ADF8223023F063F8D8B9E1
S21401472021463046BDF80E30109A01F0C9FF98B9FF
S21401473021463046BDF80E30109AFFF741FF58B9B2
S214014740CDE9006039462046BDF80E30109A02F0D9
S21401475049FB08B9C8F800000AB0BDE8F08100BFFF
S21401476000400020F0B585B004AB03E90300002348
S2140147701C469DF80D609DF80E70154AD9B202EBE5
S214014780C1004568EDB99DF80C30284600939DF8A8
S2140147900A209DF80B300F4901F05CFA26B132462B
S2140147A028460D4901F056FA0C4A0020002C18BF85
S2140147B02246BDF808300A4905B0BDE8F04001F0D0
S2140147C02FBA12F831100133B94208BF2C46D5E78B
S2140147D0508D0400A8380400B9380400AC02040067
S2140147E0BD3804004FF6FF7310B5084C88B06288D8
S2140147F09A4207D102A90DF1070022F05DFBBDF830
S21401480010306380608808B010BD00BFF8560020E5
S2140148102DE9F04F85B0894692461C460746BDF8FD
S2140148203850BDF83C80109E002833D00346464AD7
S2140148300020464901F00EFA2388002B76D040F27C
S2140148400912934274D0424A4249B3F5827F08BFA7
S2140148500A46CDF804806188002000913E4901F0A7
S214014860F9F9238893B1B8F1020F0FD933783B4990
S21401487013F0010F3A4A18BF0A4659074FF00000D5
S2140148804CBF3379B378374901F0E4F90020364953
S21401489001F0C6F90023354931F83320AA4249D13F
S2140148A0334A52F833B0002331F83300DA00A84215
S2140148B046D100202E490A44908041F8330047B97A
S2140148C0238833B9B4F90230002B02DB082022F02A
S2140148D05BFF012022F097FF9EB13578EB0710D5DC
S2140148E015F0040004D042460121304622F0D8FFDC
S2140148F0CDE901704346224651464846009622F0CD
S214014900EDFCBBF1000F06D0434622465146484611
S214014910CDE90067D8474346224651464846CDE989
S214014920006722F0A1F905B0BDE8F08F114A90E7C3
S214014930114A8EE701330A2BAED14FF0000BB2E7D6
S21401494001330A2BB0D1BAE7E9F90300E4380400D1
S214014950AD020400D2380400F2380400D538040051
S214014960DD38040023390400BD3904000840002066
S21401497004400020CB380400CF3804000D4BF0B5BE
S2140149804FF00C0C1F88054600230B4EDCB2BC42D0
S21401499001D30020F0BD0CFB04F43019345DAC42A9
S2140149A005D144888C4202D104799442F2D0013375
S2140149B0ECE700BF6C6C00208468002073B501260C
S2140149C02B4D2C4C2A462046FF2300210096F9F752
S2140149D07BFD2A462046FF2300210096F9F774FD49
S2140149E02A462046FF2300210096F9F76DFD2A4648
S2140149F02046FF2300210096F9F766FD2A46204649
S214014A00FF2300210096F9F75FFD2A462046FF2383
S214014A1000210096F9F758FD2A462046FF2300217B
S214014A200096F9F751FD2A462046FF2300210096FD
S214014A30F9F74AFD2A462046FF2300210096F9F79A
S214014A4043FD2A462046FF2300210096F9F73CFD48
S214014A502A462046FF2300210096F9F735FDFF235D
S214014A602A46002120460096F9F72EFD02B070BDB9
S214014A7097650300544000202DE9F84300244FF0C9
S214014A800C090C4B0C4F1E78DFF830803A88E5B2E3
S214014A90954202D33046BDE8F88309FB0585FF2120
S214014AA0A86821F02FF918B9AB799E4238BF1E4687
S214014AB00134EBE7725F00206C6C002084680020F4
S214014AC0014B1878704700BF725F0020014B1870C9
S214014AD0704700BF725F0020F8B506460C4622F00C
S214014AE06EFE0546C8B9304622F09BFB0B2815D84A
S214014AF00B4B03EB00131F7B87B95A8801212280D9
S214014B009A88304662809B79237100F037FA3946DD
S214014B106071304600F032FAA07101252846F8BDD2
S214014B207440002070B504460E46154622F079FB07
S214014B300B2802D94FF6FF7070BD094B03EB00132B
S214014B401A7B002AF6D146B901222946204600F0F2
S214014B503DFA0028EED00088EEE7012EEAD1F4E710
S214014B6074400020FF2313B50DF1070104468DF8AC
S214014B70073022F022FE18B19DF8070002B010BDE2
S214014B80074B03EB04131B7B0BB1FF20F6E7204614
S214014B9000F03AF90028F8D0204600F0E9F9EDE7F0
S214014BA07440002013B5F6F785FC0446F6F788FC3A
S214014BB0224603461249002001F032F800F084FF35
S214014BC0FFF7BAFC00F0A6F80221084602F074FDD1
S214014BD0FFF764FC41F2490023F0C3FA4FF0FF13DC
S214014BE00093FF2368468DF8043023F098FA4FF4BB
S214014BF0004023F076FA002023F093FA02B010BDAD
S214014C007239040038B5054622F0F9FD90B92846F8
S214014C1023F0B3F9044628B140F60443984214BF82
S214014C2088248D2423462A460020034900F0F8FFF5
S214014C30204638BD8D24FBE78A3904002DE9FF475D
S214014C4005460E4617469846BDF83090DDF834A066
S214014C50BDF83840CDF80090CDE9014AE4B2FFF73F
S214014C60D7FD43463A4631462846CDE90094CDF86D
S214014C7008A024F03AF9FF21034B044A044804B083
S214014C80BDE8F04700F01ABE045700200057002088
S214014C904A610020044B01461888102240F040402B
S214014CA040F48010F7F716BAA28A0400024B18687F
S214014CB05968FFF757BD00BFD6CD04000123064A49
S214014CC0D15C814202D1054AD05C704702335F2B2A
S214014CD0F6D10020704700BFAA8D0400AB8D0400FA
S214014CE070B500220446094B1D78094BD0B28542A7
S214014CF001D8FF2070BD1E78A64204D10029F9D044
S214014D005E7BF607F6D401321033EFE7735F0020BF
S214014D10744000202DE9F04198B06B46304A106887
S214014D20516803C390680CAA18602E4B14469C4623
S214014D3003F11806154618685968083303C5B342C7
S214014D402A46F7D112AA1746274B03F1180615462D
S214014D5018685968083303C5B3422A46F7D1234A6F
S214014D6003AB106851684FF0010E03C39068716879
S214014D701860DCF83000002206AB03C30C21EC46B9
S214014D80B068CDE909221860194BDFF86C801970FC
S214014D90184B0DEB01060B9206AD09A91CF8010B89
S214014DA00132187034F8020B0C2A588037F8020BBF
S214014DB083F80DE0988016F8010B03F1100303F851
S214014DC00A0C15F8010B08EBC00043F8080C11F8A3
S214014DD0010B03F8040CE1D118B0BDE8F08100BF67
S214014DE0A43904001A91040032910400B139040078
S214014DF0735F002074400020148E0400014B187865
S214014E00704700BF735F0020034B03EB0013587B12
S214014E1000F00100704700BF74400020F0B5044662
S214014E200846D9B100220E4B11461F780D4B1D4680
S214014E30D6B2B74201D8002010E01E78A64206D0AE
S214014E409E68F688314489B201321033F0E75E7B02
S214014E50F607F9D505EB02150180A868F0BD00BF7D
S214014E60735F0020744000202DE9F3478946904681
S214014E701D46074618B9002002B0BDE8F087002994
S214014E80F9D0002AF7D0002BF5D0002400780DF1D8
S214014E900601ADF80640FFF7C1FF0028EBD0394602
S214014EA00DF10602BDF8066022F0B0F807460028AC
S214014EB0E1D00DF10602BDF806A022F0CEF80028DA
S214014EC0D9D0C9F80070C8F80000037913F02002A1
S214014ED019D1DB0614D4BDF806300C4A564413FA31
S214014EE086F612FA86F20BE01A790C33920642BF66
S214014EF013F8092C891889B29842F5D8044A0A444D
S214014F0001202A60B8E72146024BF5E796600020AB
S214014F10745F00205490040008B50021FFF7E0FEFE
S214014F20FF2817BF044B084603EB0013587B18BF36
S214014F3000F0010008BD00BF744000202DE9F041DB
S214014F400D4616461F4622F06CF90B280AD8074C68
S214014F503B4604EB001032462946BDE8F041806826
S214014F6022F02CB90020BDE8F08100BF744000207B
S214014F70014B0001185C70477440002070B50C4668
S214014F8022F04FF90B281BD80F4B03EB00139A683E
S214014F90C2B10023142618461579D9B28D4200D81D
S214014FA070BD116806FB0311097B34B911F0800F3F
S214014FB01CBF0130C0B20133EFE711F0400FF7E735
S214014FC00020EDE71046EBE774400020F8B50D46EB
S214014FD0164622F026F90B280BD80F4B4FF0140C6F
S214014FE003EB00139A6800231C461779D9B28F4247
S214014FF001D80020F8BD10680CFB0300017B46B900
S21401500011F0800F03D0AC42F4D00134E4B2013386
S214015010ECE711F0400FF5E7744000202DE9F04F62
S214015020064600243A4B87B01B783A4F0093009B04
S2140150309C4207D2FF2E08D0304622F0F2F80B2809
S214015040044606D907B0BDE8F08F07EB04131B7BB7
S2140150502BBB23014FF00008019307EB041A14E061
S21401506014221B6802FB05352B89B3F5967F01D9FF
S21401507029F0F3F94FF000094FF00C0B29891FFABC
S21401508089F291420ED808F10108019B5FFA88F572
S214015090FB189B681A79AA42E2D8FF2ED2D10134B6
S2140150A0E4B2C4E71FFA89F00BFB00F06B6819182D
S2140150B00A7912F0100F23D19AF800E012F0400F8F
S2140150C08DF80CE0B5F800E0185AADF80EE00CBF0C
S2140150D04FF0400E4FF0800EADF8120028468DF8C6
S2140150E010E021F05FFF5307ADF81400C8780AD529
S2140150F00228896800D90968002203A822F02EF840
S21401510009F10109BAE702288CBF89680831F3E77B
S214015110735F002074400020052370B5094A068895
S2140151201488B44208D19578047B2C403F2C03D9CF
S2140151300D4201D0506870BD013B02F10802EFD16B
S2140151401846F8E7C490040070B50024074D084ED1
S2140151502B78E0B2834200D870BD06EB0010437B8B
S214015160DB0701D522F03CF90134F1E7735F00203B
S21401517074400020F8B50C4600210546FFF7B0FD47
S214015180FF2829D0154A060102EB00135B7B03F0CA
S21401519001016CB143F001031644A142737305D0BB
S2140151A0C4B100B202EB001022F01AF90120F8BDDA
S2140151B02346F1E77B4311682846CA18127BC95A71
S2140151C0D20921F079FD0134B268E3B2117999422E
S2140151D0F0D8EBE71427F7E70846E8E77440002025
S2140151E0F0B59446497D20B339B3012918BF04218F
S2140151F000254FF6FF702F462A46144E3488644524
S21401520011D196F803E01EEA010F0CD0B4789C4247
S21401521009D30AB1BC4206D81EF0100F03D08AB1DA
S214015220BC420CD370B90135072D06F10406E5D151
S214015230F0BD002908BF0821D8E70221D8E7274694
S2140152400020F0E727460122FAE700BFA8900400F5
S2140152502DE9F04F0A9FBDF824E09DF82C809DF8BB
S21401526030904C7D78B394B3012C18BF04240025EC
S214015270194800F11C0C068896421ED190F803B01E
S2140152801BEA040F19D08678464516D31BF0100F7B
S21401529091F80FA004D0BAF1000F0ED0B1F810A00B
S2140152A0BAF1000F09D1A94513D0AE4511D95E5503
S2140152B03E88013501363E80ADB204306045DAD114
S2140152C00120BDE8F08F002C08BF0824CDE702249A
S2140152D0CDE70020F5E700BFA89004002DE9F04FC8
S2140152E00024B1F57C4F0E4638BF4FF0010BA246A5
S2140152F0A1464FF6FF781F4628BF274B85B028BF2B
S214015300B3F800B0009001925C4503D3404605B067
S214015310BDE8F08FB6F57C4F0CD3204B3A4603EB35
S214015320840331465B880098FFF708FE054680B384
S21401533000232AE03A463146009821F0A2FFF5E71D
S2140153400C229CB254436A680199105B02EB040C70
S214015350884219D3B9F1000F01D0504514D86146DF
S2140153602846CDE9023221F01DFE029B60B1039A68
S214015370125BB9F1000F03D0524501D3804503D922
S214015380924680464FF0010901332A899CB2A24217
S214015390D6D80134A4B2B7E70A8E04000C8E0400F6
S2140153A02DE9F04F91461A4600238BB08DF8202048
S2140153B0BDF850208DF81C00ADF81E10ADF8242065
S2140153C005460F461A4604A907A8159C9DF858607D
S2140153D09DF85CA09DF860B09DF864800493ADF8DC
S2140153E0229021F067FE049850B92B46CDE900794A
S2140153F0644A654900F014FC86200BB0BDE8F08FC6
S214015400BAF1000F14D18378B34206D050465D4AF4
S2140154105E4900F005FC8D20EFE7037913F00103E8
S21401542006D11846574A5A4900F0FAFB8820E4E7A5
S21401543003795B072CD583685A689B6805920693A7
S214015440807822F0CFFB049B0546DF782146022FA9
S21401545003463A4610D805A822F080FB81462B4623
S2140154603A46214606A822F079FBB9F1010F01D090
S21401547001300DD18720C0E7059822F06FFB012887
S214015480F8D02B463A462146069822F067FBEFE70E
S214015490BBF1000F6FD1049F4FF6FF722146B8781B
S2140154A021F01EFD00286BD0BDF82430C5B2009354
S2140154B0CDE902549DF82030BDF82220BDF81E101B
S2140154C09DF81C00019622F087F9002895D1BDF8B9
S2140154D02430CDE902540093BDF822209DF82030F7
S2140154E0BDF81E109DF81C00019621F053FF002800
S2140154F083D121469DF8682007A821F02FFE0028B9
S2140155007FF47BAFB8F1000F07D03B462046BDF8CD
S2140155101E209DF81C1021F0C4FEBDF82430BDF8F5
S2140155202220BDF81E109DF81C000093CDE90164F1
S2140155309DF82030FEF7E2FABDF82430BDF82220AF
S214015540BDF81E109DF81C000093CDE902549DF88D
S2140155502030019622F03FF9BDF82430BDF8222014
S2140155600093BDF81E109DF820309DF81C0021F018
S214015570E9FE002041E70020064900F051FBF8E76C
S21401558001203AE7BE390400CA390400F63904009E
S2140155900A3A04001E3A04007FB500258DF808304B
S2140155A0BDF820308DF80400ADF80610ADF80A20DD
S2140155B0ADF80C306946BDF82830099A01A80B9E53
S2140155C0009521F077FD044630B916B1009B9B7813
S2140155D03370204604B070BD8928FAD128460249A6
S2140155E000F01EFBF5E700BF3B3A04002DE9F04F43
S2140155F04FF0000AC7B0FFF701FC5FFA8AF6B04227
S21401560002D847B0BDE8F08F5B4B36019A5D0020AB
S2140156105A4900F005FB0020594900F001FB002320
S2140156200593554B9DF8144033449B681A79A24262
S21401563002D80AF1010ADEE714224FF000091B68BE
S21401564002FB043422891FFA89F39A4202D8059B89
S2140156500133E5E70C231FFA89F803FB08F8D4F8B1
S21401566004B028F0FAFE0BEB08052B79454913F038
S214015670400F3BF8083022884FF000000093424B61
S21401568018BF0B46414900F0E5FA2946204621F0AD
S21401569089FC074600283CD13D4900F0DBFA297910
S2140156A0DFF814C111F0010F3A4818BF604611F037
S2140156B0020FAA78EB7832D1DFF800C111F0100F93
S2140156C0354918BF6146CDE900010020334900F095
S2140156D0C1FA2B793BF8082013F0400F4FF0000B6E
S2140156E04FF0FD030DF118082188CDE9023BCDE905
S2140156F0007821480CBF40238023805DFFF74CFFD4
S21401570086280ED12649002000F08AFA09F10109FF
S21401571098E702462349002000F09CFABFE7224999
S214015720D1E7A87821F02EFCD8B1404622F0BEF889
S214015730421C92B201234146002000F0D5F93946B9
S214015740208801F001FA4FF6FF73984207D0174BF5
S214015750174903EBC0035A68002000F061FA1549A7
S214015760D1E7A87821F014FC20B1404622F0A3F836
S214015770821CDEE7EA78DDE7744000208D3A0400FB
S2140157809B3A0400653A04006A3A0400DB3A0400D6
S214015790522B0400723A0400753A0400EF3A0400F2
S2140157A00B3B0400AC3F04007D3A040094910400D6
S2140157B0320A0400BD3904006F3A0400853A040039
S2140157C02DE9F04FC7B0BDF844A10646BAF1040F63
S2140157D00D4614461F46BDF840B163D9CDE9013BDD
S2140157E000920B4602463049002000F019FAFD23CC
S2140157F00DF117090DF118083046029322463B4673
S2140158002946CDE900B8CDF80C90FFF7C5FE06464F
S214015810B8B9FD22414699F8000021F061FB074620
S214015820C0B1AAF10403834238BF8926204621F07D
S214015830FAFF8EB1304600F01BF9304647B0BDE89E
S214015840F08F009023462A460020184900F0E8F918
S2140158500027EBE78926E9E7DFF85CA0BA1CBAF86F
S2140158600030C3F1FF039A4219DA304600F000F91E
S21401587099F8000000F0FCF8BAF800900C483A4697
S21401588041464844B94404F021FFAAF80090234653
S2140158902A4630460749009700F0C2F9CDE789202D
S2140158A000F0E6F88926C8E7173B0400523B0400DF
S2140158B04A610020793B04000057002010B5044CD3
S2140158C020600448018004490A60044A136010BD40
S2140158D03C410020FE560020384100203441002083
S2140158E030B587B00AAC0D4654F8041B0093CDE9D9
S2140158F001141346094902460948098800680594B7
S21401590021F08FFE4FF48A52064B1B681880064B17
S2140159101B685D80DA8007B030BD00BFFE560020F0
S2140159203C410020384100203441002008B410B525
S21401593087B009AB0C4653F8041B0092CDE901135E
S21401594002460B490B48059309880023006821F09D
S21401595068FE4FF48A52084B1B681880074B1B6879
S2140159605C80DA8007B0BDE8104001B0704700BF28
S214015970FE5600203C4100203841002034410020E2
S214015980044A034611680448044A098812680068F4
S21401599021F020B938410020344100203C4100204C
S2140159A0044B054A1B6812681988044B186821F0D5
S2140159B084B800BF384100203C410020344100201B
S2140159C007B5074B1B681B880192064A12680092AE
S2140159D0054A126821F0D2F803B05DF804FB00BF57
S2140159E0384100203C410020344100201FB51446B8
S2140159F0064A12681288CDE901430091044B054915
S214015A001B68096821F096F804B010BD38410020E3
S214015A103C41002034410020014B1868704700BF0C
S214015A2034410020024B1B6818715971704700BF42
S214015A303441002010B50024084B1C70FEF75EFCB4
S214015A40074BFF2218802146064804F0AFFC064BA0
S214015A501C80064B1C605C609C6010BD546200207C
S214015A60025700204A6100200057002004570020FA
S214015A7007490B88FE2B9FBF064AD054581C80B29C
S214015A809DBF088000F1FF3080180020704700BFDE
S214015A90005700204A610020F8B5094F0D463B88A3
S214015AA05C18FE2C0ADC074E0A46A4B20146F01822
S214015AB004F0CEFC3C80641BA019F8BD0020FCE776
S214015AC0005700204A610020024B034A00201A605A
S214015AD0704700BF40410020108E0400014B18782B
S214015AE0704700BF7440002030B4044D044C002BB6
S214015AF00CBF2B46234630BC21F001BFD9FA030068
S214015B004C3C040070B5054608460C4621F0CEFE16
S214015B10611C0246024B2846BDE8704021F0EFBEEC
S214015B206B43040000B5037889B0069343783E22A0
S214015B300593837808490493C37803930379029302
S214015B404379019383790093C3790448008800F070
S214015B5081F809B05DF804FBA73B0400105700204C
S214015B60024B02460249188800F05AB81057002026
S214015B70450104002DE9F04705460E461746002468
S214015B80DFF84480DFF844A0DFF84490AC4201D14E
S214015B90BDE8F087B8F8000006EBC40153460822BA
S214015BA021F0ADFE0134B8F800003FB9044AA54221
S214015BB008BF4A46034900F04DF8E7E74A46F9E7C9
S214015BC0BD39040044010400105700204C3C040079
S214015BD0CEEB03002DE9F0410E4E0446308821F04D
S214015BE0A6FEA8B100250C4FDFF83080E3070AD5E2
S214015BF018B94146308800F02DF830882A463946D3
S214015C0000F028F8002001351B2D4FEA5404EDD191
S214015C10BDE8F081105700209E270400EF380400ED
S214015C200EB417B505A9044651F8040B019103F00B
S214015C30BFFA01210220054AF8F766FF044B1C80D3
S214015C4003B0BDE8104003B0704700BFBD39040083
S214015C50105700200EB417B505A9044651F8040BD9
S214015C60019103F0A5FA034B1C8003B0BDE8104078
S214015C7003B070471057002013B5036804465879DF
S214015C8000F032FF90B923685A88032A0ED0E17CCF
S214015C905B79CDE900211649164AFFF7C1FF0121BC
S214015CA0204621F0E4FE012002B010BD637D012BE9
S214015CB00AD0637D33B92368228A5988587921F03E
S214015CC0BCFA48B9C3200AE02368228A5988587961
S214015CD021F0BCFA0028ECD0204621F02AFE064B23
S214015CE01B78002BDFD110F5807FDCD0C1B2D7E75F
S214015CF0D43B0400CC3B04004B620020002970B565
S214015D000F491D460F4B14460CBF6E227922002800
S214015D1008BF0B4600200C49FFF79CFF0B4E25449D
S214015D20AC4205D1BDE8704000200949FFF778BFB5
S214015D303146002014F8012BFFF78CFFF0E700BF77
S214015D400D3C0400033C0400163C04004A3C0400DD
S214015D50DB1E04002DE9F04FC27C8BB00592427D1C
S214015D600368002A14BF80224022077D0446856806
S214015D7086895879B846B3F80290069200F0B4FEC8
S214015D80A0B9059B052B05D86FF02D03059A134185
S214015D90DB070BD5B9F1030F08D0AB490020FFF79D
S214015DA03FFF0121204621F062FE76E0E37B1BB136
S214015DB0228A002A00F0B781607D0022B0FA80F0C6
S214015DC05B4203F00403DFF88CB2400943EAC000EB
S214015DD0ABF80020FFF74CFEE37B1BB3208A21F0D3
S214015DE022FD8246A07CFFF743FE059A162A00F2A2
S214015DF09A81DFE812F019009E016C005600D2016C
S214015E006C009201D9019A01E001E701EE01390126
S214015E1002029801980198011402580214027002B5
S214015E20390102029A46DDE700204B46874A884937
S214015E30FFF7F6FE0120FFF71BFE08F10207B74247
S214015E4029D841463246284621F02AFD8046236855
S214015E5042465879BBF800304946C3F1FF039BB26E
S214015E600193238A0093069B23F079F810B11FFA59
S214015E7087F8E2E7236842465879BBF8003049467E
S214015E80C3F1FF039BB20193238A0093069BFFF79E
S214015E9097FC8928EBD121F0E4FD01200BB0BDE889
S214015EA0F08F4FF0000B0420FFF7E2FDF31E08937E
S214015EB0089B984552D3BBF1000FECD1E37B94F8D5
S214015EC01480002B0CBF02220422624B1A804FF072
S214015ED0000B0420FFF7CCFD5F4608F1030A564588
S214015EE040F29D8032464146284621F0D9FC05EB1A
S214015EF008039B78F21EAA44A2EB080207905146BB
S214015F00184692B2099320F0EBFF0890002879D04A
S214015F102268099B5079CDE901A3238A494600935B
S214015F20DDE9063221F00BFB82464A460020079B3C
S214015F304949FFF78FFEBAF1000F55D10BF1010366
S214015F40504646495FFA83FBFFF76AFE089B08F155
S214015F50030813FA88F81FFA88F8BEE73246414666
S214015F60284621F09DFC05EB08039F78089B08F165
S214015F700301A3EB08022944824692B238460991EE
S214015F8020F0AEFF079068B3236809995879029705
S214015F900191238A524600934946069B21F01FFB36
S214015FA00746B8B10BF1010338465FFA83FBFFF7EA
S214015FB05FFD504621F037FC53464A4600202649ED
S214015FC0FFF72EFE3A4600202549FFF729FE802FCF
S214015FD03FF471AF079B08F1030813FA88F81FFA1C
S214015FE088F865E78027DDE75046FFF741FD07980B
S214015FF021F019FC0137524600201949FFB2FFF77C
S2140160000FFEA3E78720FFF733FD079821F00BFC6F
S2140160100137872212490898FFB2FFF701FE059B58
S214016020052B3FF43AAF002F7FF435AFBBF1000FDD
S21401603005D10C495846FFF7F3FD8021B2E63846F4
S214016040FFF716FD27E700BF97F10300573C040052
S214016050A43C040000570020613C0400A43B04005B
S2140160607D3C0400873C04000599A84AA84B002003
S214016070152918BF1346CDF80090A64AA649FFF782
S214016080CFFD059B0C2B14BF16200D20FFF7F0FC4F
S21401609032462846394621F003FC059B3D440C2B2D
S2140160A00646AD7835D1192D28BF1925E37BB3B146
S2140160B04FF6FF73278A9F4211D120683246494620
S2140160C0069B4079FFF70AF9B84208D0BAF1000FEB
S2140160D005D020828AF80000000A8AF80100002014
S2140160E0BBF80070FFF7C4FC236832465879059B5D
S2140160F04946A3F1150CDCF1000343EB0C03CDE993
S2140161000153238A0093069B21F08DF9834BD855C2
S214016110C1E6132D28BF1325C8E72046FDF776FBF9
S21401612000287FF4BAAE81213CE62046FDF722F82E
S214016130F6E7B9F10A0F05EB0708A6EB070A21D126
S214016140DFF8DCB19BF80030E3B1E37BD3B9BAF1F9
S214016150080F17D132463946284621F0A1FB88B9E7
S21401616098F8023073B998F80320E22A0AD1324629
S214016170391D2846059321F090FB21F05DFC059B17
S2140161808BF80030414648461FFA8AF222F0E9FEB3
S21401619000287FF482AE002104E6F21B484692B244
S2140161A0E91921F03AFBF3E7F21B484692B2E919E6
S2140161B021F0F4FAECE7F21B484692B2E91921F015
S2140161C019FBE5E7F21B484692B2E91922F0CBFE2D
S2140161D0DEE72368EE5D5879238A0137ED5D01938A
S2140161E0069B3246494600932B4621F05BF82A4629
S2140161F03146484621F0D4FA4FE605987A1CE95D07
S214016200B31AA0F11606704270410039009018BF0B
S214016210012148469BB22A4421F0C4FAB8E7059BFF
S214016220EE5D112B3D446F7838D11220FFF720FC2C
S2140162300025E37BB3B14FF6FF73B4F810809845A1
S21401624010D133464A4621462846FEF7C9FF404547
S21401625008D0BAF1000F05D020828AF80000000AA3
S2140162608AF80100BBF80080DFF8B0A0C8F1FE0292
S21401627092B208F10103009253444A462146284649
S214016280CDE90267CDF804B0FEF7E2FFBBF80030B7
S2140162900AF808000133ABF80030FCE51420FFF7DC
S2140162A0E7FB0125C5E77B1C9E422CD3EF5D1D4411
S2140162B0003F18BF0127F31A9EB233462A463946D5
S2140162C00020FFF71BFD00962B463A464846218ADA
S2140162D021F06CFA5CE77B1C9E4214D3EF5DF61A44
S2140162E0003F18BF01271D44B6B233462A46394639
S2140162F00120FFF703FD00962B463A464846218AC1
S21401630021F052FA44E70020C8E500BFBD39040079
S214016310523C0400983C0400A23C04004A61002060
S2140163204962002038B54FF6FB750446A9424FF086
S21401633001019DF8100098BF43F4004321702381AA
S2140163406260A07202230020084A0949FFF768FC30
S214016350E07A084B40F6CA0203EB4010FF211FF01B
S214016360B9FCBDE83840042021F00EBAB23C040066
S214016370BD3C04008441002030B5054685B028B9EF
S2140163801D4905B0BDE83040FFF74ABC0024007B3C
S21401639021F09CFA2046194A19492C70FFF740FC57
S2140163A0184BE87AFF2103EB40101FF0A4FC2046AF
S2140163B0154B02019A5C22B901300428F9D121F06B
S2140163C022FA696899B1B5F908302A899B1303F056
S2140163D002038DF80430C2F30E03ADF806304FF613
S2140163E0FF73ADF80830002301A80393884705B072
S2140163F0BDE8304021F06FBAE83C0400B23C04002E
S2140164001A3D0400844100204441002009480378D5
S21401641073B91946084AD3720133042B11731170EC
S21401642051601181917202F11002F4D101230370BF
S214016430704700BF4A6200204441002008B5FFF7BC
S214016440E5FF002305491A018A5C01EB03101AB126
S2140164500133042BF7D1002008BD00BF44410020C2
S21401646070B50D460646FFF7D1FF0023094800EB3D
S2140164700514A17AB14205D1217819B12B4400EB5C
S214016480031070BD0133042B04F11004F1D1002078
S214016490F7E700BF4441002010B50446FFF7B6FFFA
S2140164A00E4B9C4212D003F12002944210D003F10D
S2140164B0400294420ED060339C420DD1032308481B
S2140164C000EB0310BDE81040FFF756BF0023F6E7C8
S2140164D00123F4E70223F2E70020F3E784410020DA
S2140164E04441002070B50024064D074E284632462A
S2140164F000210134F8F71EF8042C05F12005F5D12A
S21401650070BD00BF84410020996401002DE9F3416C
S21401651005460C4617469846FFF790FF064640B9D3
S2140165201C4A1D49FFF77CFB0224204602B0BDE849
S214016530F0814FF6FB739D420AD94FF6FD739D42DB
S21401654004D00020134A1549FFF76AFB4FF6FD7584
S214016550434621463A46284621F056FA044600F0BC
S2140165602FFE804634B1234600200A4A0C49FFF725
S21401657057FBDAE73B462046064A0A49FFF750FB37
S214016580062329463046089ACDF80080FFF7CAFE52
S214016590CBE700BFB23C0400273D0400513D040098
S2140165A0863D0400AF3D0400F7B506460C46174687
S2140165B0FFF744FF054638B9104A1149FFF730FB8B
S2140165C00224204603B0F0BD21464FF48A523046DD
S2140165D021F0E2FB044600F0F3FD34B1234600202F
S2140165E0064A0849FFF71CFBEBE7009004233A46EE
S2140165F031462846FFF796FEE3E700BFB23C0400AB
S214016600273D0400D73D0400F7B506460F46FFF7C1
S21401661015FF054638B9104A1049FFF701FB022459
S214016620204603B0F0BD002240231146304621F03B
S21401663092FD044621F08DFD34B123460020064A22
S2140166400749FFF7EDFAEBE7009001233A4631469A
S2140166502846FFF767FEE3E7B23C0400273D040047
S2140166600A3E040073B504460E46FFF7E7FE0546EC
S21401667038B9104A1049FFF7D3FA0224204602B06F
S21401668070BD00222046114621F067FD044621F028
S21401669060FD34B123460020064A0849FFF7C0FAD8
S2140166A0ECE70090234632464FF6FC712846FFF78A
S2140166B039FEE3E7B23C0400273D0400383E0400FF
S2140166C02DE9F0418846107800219EB014461D46FB
S2140166D0FFF7C6FE0646002800F0FD800778002F6B
S2140166E07BD0B8F80010002940F0F5800389B8F88F
S2140166F0022043F40040824240F0ED806178002998
S2140167006BD1A2F50042062A00F2E580DFE812F01E
S214016710A100A100E300E3000700B8006900E388D8
S2140167200D3DADF82430238915F00105ADF826306E
S21401673063798DF82830E37A03F1060214F8122003
S2140167408DF814308DF81C2042D10BA98E46069187
S21401675004F10C005FFA85FC9C4500F1020009D2A9
S21401676010F8018C10F802CC01350CEB082C2EF831
S21401677002CBEFE701EB43011A440891D2B259006C
S21401678001F10D009A42C0B20BD025186D78205C3D
S2140167907831694400EB0520013321F84C0CDBB25B
S2140167A0EDE7B6F908203389002AACBF012203229F
S2140167B0C3F30E038DF808206288ADF80A3005ABE6
S2140167C0ADF80C20049302A9304621F008F904E044
S2140167D0424A43490020FFF723FA38461EB0BDE877
S2140167E0F081042D02D83D4A3E49F3E72379053D61
S2140167F0ADB29D42B4F8028002D0384A3A49E9E780
S2140168003A4A3B4B0020002D08BF13463949334A0C
S214016810CDF80080FFF704FA05348DF81450B6F968
S2140168200830069485B1002BACBF012303238DF8F5
S2140168302C303389ADF83080C3F30E03ADF82E301B
S21401684005AB0D930BA9BFE7002BACBF06230523B1
S214016850EDE70B2DC7D9D4F80200D4F8061013F4CF
S214016860004F05AA03C20CBF042203228DF82C2078
S2140168706289C3F30E03ADF83020ADF82E30DFE7A2
S214016880042DB0D96388ADF8303023790533DBB2F7
S2140168909D4206D00020114A17490095FFF7C0F91E
S2140168A09BE70E4A00201549FFF7BAF9B6F908200A
S2140168B03389002AACBF01220322C3F30E03ADF8CD
S2140168C02E3005AB0D93631D069323798DF82C208E
S2140168D08DF81430B6E700277FE700BFB23C04000E
S2140168E0653E04008D3E0400A13E040055F90300F8
S2140168F0BD390400C83E0400E53E0400263F0400FE
S214016900304BF0B5B0FBF3F24FF4616503FB1200B8
S214016910B0FBF5F3DCB205FB13033C25B3FBF5F343
S214016920DBB2A0EB04104B71C3EB0313A0EB8300A7
S2140169304FF4FA630B8040F201134B8001230C7174
S2140169401F4600246425204E8871944200D1F0BD74
S21401695091F802C013B1BCF1020F2BD006EB0C006C
S21401696010F801ECC87870450BBF012001300CF11E
S214016970010CC0B208BF81F802C0C87088780D2823
S21401698016D10B888F7001339BB298070B8014D1F8
S214016990B3FBF5F005FB103080B280B94FF4C87038
S2140169A0B3FBF0FC00FB1C339BB2B3FA83F35B0929
S2140169B00134CAE74FF01D0ED4E70023F8E70123A0
S2140169C0F6E700BF805101005691040010B5044659
S2140169D088B006A9FFF794FF9DF81E300A48039376
S2140169E09DF81D30049402939DF81C309DF81A20E2
S2140169F00193BDF818300549009300889DF81B30B7
S214016A00FFF70EF908B010BD105700203F3F0400F5
S214016A10026808B51188154B19805188598051793B
S214016A201971117959714FF48A51D980D28812F0AF
S214016A30200F0CBF0A464FF48B528169DA800C4A4C
S214016A40137831B9C0880B4923F00203088013700C
S214016A5008BD43F002031370074B15221846013197
S214016A6003F0F6FC002200F8012CF1E704570020A1
S214016A7054620020025700201357002010B5184C0E
S214016A802368587920F0CDFB0B2822D8154B03EB51
S214016A900010027B237F9A421BD123684288198803
S214016AA08A4205D04FF6FF70814212D1120410D4EB
S214016AB02279023A012A06D9A37B63B9BDE81040C0
S214016AC00748FFF747B9198958791FF0E0FC0028F5
S214016AD0F2D1002010BD0248BDE81040FFF7CCB847
S214016AE0084200207440002008B520F09AFB0B28CD
S214016AF096BF024B0020185C08BD00BF59620020FB
S214016B0008B5002020F0E2FEFF2020F0BDFB20F0BB
S214016B10E2FE20F085FDFEF771F9012102460648E6
S214016B2003F044FC054BFF21054A0648FEF7C6FE66
S214016B30BDE80840FEF708BB596200200457002054
S214016B40005700204A610020F0B5002204464FF6A7
S214016B50FF750B4F90B237F830600346AE4201D155
S214016B602846F0BDA64209D1B4F57C4FF9D307EB10
S214016B70C3035B888B42F4D00029F2D00132E9E7E7
S214016B809491040010B50446FFF7DEFF094A034658
S214016B9010884FF6FF72934214BF074A2246BDE89B
S214016BA0104017BF02EBC30304495A680449FFF7B4
S214016BB051B800BF1057002094910400623F0400B2
S214016BC0320A0400034B18780130C0B2187000F086
S214016BD07F007047CE6C0020044A137818B143F04A
S214016BE001031370704703F0FE03FAE754620020B6
S214016BF0014B1870704700BF5762002038B1074B31
S214016C001B78012B04D1038843F0400303807047AF
S214016C10022BFCD1038823F04003F7E757620020DC
S214016C2068B1074A1378012B07D1064B1B781370FE
S214016C30037843F01003037001E0022BF8D070478D
S214016C4056620020556200207FB50121264B274E53
S214016C50197033780246D90744D42549096881B1A9
S214016C600868C1888D0641BF224CE18841F02001A9
S214016C70E180C1884C0641BF1E48C18841F04001F1
S214016C80C1801D4D1D492878097840074CBFE97021
S214016C9069701B4913F00204098809D0164A19487D
S214016CA020F094FD337823F00203337004B070BDF6
S214016CB0154B18884FF6FB73984208D80B46CDE95A
S214016CC0005201460B4A20461FF058FFEEE74FF6EA
S214016CD0FF73CDE9014200930A46074B05491FF0B1
S214016CE029FFE3E70020E1E74B6200205462002021
S214016CF004420020045700204A610020CF6C002087
S214016D0000570020125700200257002070B5037963
S214016D100446012B0D46164631D883681B78DB06E0
S214016D2000D561B3A37B13B9E37C0B2B27D00022DC
S214016D30144B1A80637DB3FA83F35B09D800E37BB7
S214016D40ABB9FEF795FEA07CFEF792FE0B20FEF790
S214016D508FFEE07CFEF78CFE2846FEF789FE204675
S214016D60FFF756FE3046BDE87040FFF76DBF40F0B6
S214016D700400FEF77DFE208A20F055FDE3E70020A3
S214016D8070BD00BF00570020024B0A460146186836
S214016D90FFF7BCBF04420020F0B4054618460F4B6F
S214016DA00C461B78BDF81010012B0D4E01D037781C
S214016DB027B1002333700020F0BC70470CB9002ABD
S214016DC0F9D143B14FF65743994204D02B46224698
S214016DD0F0BC20F0E1BC0120EEE700BFD06C002043
S214016DE0586200202DE9F04F684C4FF0000A254606
S214016DF08446964698460F46654B664E83F800A035
S214016E000FCE0FC596E80F0085B085E80F00DDF8B8
S214016E103C90BDF83830724600933946434660468A
S214016E20CDE9019400F0DCF8DFF89081064670B9F0
S214016E300025FEF7FFFD16220021574803F0B6FA9B
S214016E4000232846C8F8003005B0BDE8F08F534B44
S214016E50A27CC8F800401A70514B1B78002B36D024
S214016E6020F0ECFD4F4902465046FEF7F3FE22683D
S214016E705046537952884C490092A289FEF7EAFEA1
S214016E80504620F054FD20B12368218A5888FFF728
S214016E9079FEE37B23B10020228A4449FEF7DAFE1D
S214016EA0A36800201A78E37C41490093A37CFEF78F
S214016EB0D1FE207DA289A168121A01440123002077
S214016EC092B2FEF711FE00203A49FEF7A9FE2F48BE
S214016ED0FFF79EFD2D4822F03DF8054630BBB9F17F
S214016EE0000F25D12168E0880B8801904988BA1ED9
S214016EF0032A00918CBF002201220121E07CFFF7CA
S214016F004BFF38B923685B79FF2B3AD0FFF7B6FD04
S214016F1005468EE72368DB889A06F3D40121264CC2
S214016F201A48217020F0A3FD84F80090354680E7CA
S214016F30B9F814309B07E5D47AE75846FEF718F8F7
S214016F4082465846FDF760FF88B123685046228A7C
S214016F50598820F069F950B13846FFF759FD236882
S214016F6089F804A083F805A0FFF788FD00B9284634
S214016F7005460136FDF742FF5FFA86FB5845DCD829
S214016F8057E70026014FDFF83890F3E70842002064
S214016F904B6200207491040012570020CF6C002031
S214016FA0CD6C00207B3F0400843F0400A53F040015
S214016FB0B13F0400A6F203005862002004420020FC
S214016FC0045700200023054AD15C814202D31A44AB
S214016FD0507870470233DBB2F6E700BF62910400D7
S214016FE073B515462E781A4616F0040F0CBF032605
S214016FF005269E42089C08D9224A2349009600206D
S214017000FEF70EFE002002B070BDBDF818302171EB
S2140170102060E380A560A2812B7803F00103A373AF
S2140170202B7803F00403002B14BF01210021E17328
S2140170302978C1F3C00161754FF00101217518D09F
S214017040284620F02DFC237D208202332375227DE5
S214017050531CDBB22375A95C0232D2B2A17422752D
S214017060EB5CE374A3899A4205D900920749054A65
S214017070C5E72382EBE7079B0120A3610023237763
S214017080C1E700BFE9F90300F43F04001040040023
S2140170902DE9F7430024204FDFF89C80DFF89C9011
S2140170A0E0B220F08CFFFF2805460FD123460121D0
S2140170B002201A4AF7F728FD194B013418781EF0FA
S2140170C00BFA152CECD103B0BDE8F08346B238EAD2
S2140170D0260328BF4B4601210093022057F824308F
S2140170E0104AF7F711FD002EE6DA0923E340DB0725
S2140170F00AD50D4A0D4B15F0010F18BF1A4601218E
S2140171000220F7F701FDD7E70A2CD5D1084A094B2B
S21401711015F0010FF1E700BFAC91040069400400CF
S214017120D16C002091400400424004002C40040031
S2140171305E4004005440040055F90300BD390400C4
S21401714008B554220021024803F030F9002008BD9A
S2140171500058002008B55422FF21024803F026F902
S214017160002008BDAC570020024B23F81010002069
S214017170704700BFAC570020002310B4074ADCB2AA
S214017180A14203D85DF8044BFFF7DABF2A2BF9D0EA
S21401719032F8024B20F813400133F0E70058002084
S2140171A0002310B5054A994201DD2A2B00D110BDF6
S2140171B032F8024B20F813400133F4E70058002060
S2140171C0024B187800F07F00704700BF6562002010
S2140171D0034B18780130C0B2187000F07F0070477A
S2140171E06562002030B51C4600238BB0ADF8222026
S2140171F0021D92B2012A0E9DADF82030ADF81E1088
S214017200ADF81C3003D94FF6FF7290420FD1002221
S214017210CDE90352CDE90124094B01461B784FF60F
S214017220FF70009307AB20F0E8FE0BB030BD0146BF
S214017230CDE901531846009407AA20F0FAFEF4E7B8
S214017240D26C002038B505464FF480500C4603F04A
S214017250B3FA4FF480532860236030B940F2A51189
S214017260BDE83840014827F0EBB838BD804104003E
S21401727000487047DE5A0020014B1878704700BF5F
S214017280EE6C0020014B1888704700BF746C00201C
S214017290014B1878704700BFE76C0020014B187847
S2140172A0704700BFDE6C0020014B1878704700BFA6
S2140172B0E16C0020014B1878704700BF6A6200201D
S2140172C0014B1870704700BF6A620020014B1878A6
S2140172D0704700BF69620020014B1870704700BFFD
S2140172E069620020014B1878704700BFE26C0020ED
S2140172F0014B1888704700BF726C00202DE9F74FCC
S214017300414B424A0193424BDFF844911B78DFF828
S2140173104481DFF844E1DFF844C13E4F3E4E3F4D25
S2140173203F49404802EB431A019B524503F12003B3
S21401733009F1200908F120080EF1200E0CF1200CAD
S21401734007F1200706F1200605F1200501930FD16C
S21401735000221146344B324D1C78344E344B314F9B
S214017360D0B2844203F1200346D803B0BDE8F08FC3
S214017370304B314C5360002349E907432F4CDFF86B
S214017380E0B048E907432E4CC2E902304EE9074314
S2140173902C4C11604CE907432B4C136147E907431A
S2140173A02A4C49E9050348E905034EE905034CE97A
S2140173B0050347E9050349F8201C48F8201C4EF848
S2140173C0201C4CF8201C47F8201C46F8201C46E9D7
S2140173D00743019C45E907B3DFF888B046E9050392
S2140173E045E9050344E907B344E9050345F8201CCC
S2140173F044F8201C203297E743E9085643E906176C
S21401740043F8101C0132ABE75045002070460020BF
S214017410F56C0020B0450020904500207045002006
S214017420EC540020BD390400EC6C002069BA02005F
S214017430F0450020C1630200B1A6030021780200D6
S214017440490303000BB70300099B0200697F030091
S214017450504600203046002010460020D04500202F
S21401746079300300C5600200002208B5074B1A6098
S2140174705A6020F060FD064B187020F05CFD054B4D
S2140174801870054B1A78054B1A7008BD8E540020EB
S214017490C5620020C4620020DF6C0020C3620020A9
S2140174A0002100B593B008466A460AF0FBF901468A
S2140174B0C8B90E4B0E4A09930E4B0D920A930E4A0B
S2140174C00E4B0E920B930E4A0E4BCDE90F230C93E7
S2140174D00D4B6A4611930AF09BFC003818BF012039
S2140174E013B05DF804FB0120FAE700BFC5A1030055
S2140174F0BD710200C9A30300ED3A0200AB7F030091
S214017500BD88020029A403000D6C0200084B187800
S214017510112806D8012809D9064BC34003F00100FB
S2140175207047A0F143035842584170470020704706
S214017530C76200203400020008B5064B1B78013BE9
S214017540022B05D80020FFF7E1FF0138C0B208BDC5
S214017550FF20FCE7C8620020044B00F1100250F83F
S214017560041B904243F8041BF9D17047C9620020FE
S214017570044B03F1100253F8041B934240F8041B1A
S214017580F9D17047C962002030B5002491B0114B83
S2140175900546214614220BA8CDE9094302F006FF51
S2140175A0102209ABCDE900440693CDE90452CDE99A
S2140175B00252094B09490AA81DF08DFB04460AA888
S2140175C021F06FFA1CB1A021054826F039FF11B051
S2140175D030BD00BF0024800000444004C962002082
S2140175E00B42040070B5002490B0154B05460E46BC
S2140175F0142221460BA8CDE9094302F0D7FE10223A
S21401760009ABCDE9004406933146CDE90452CDE9F4
S21401761002520C4B0AA81DF05EFB04460AA821F094
S21401762040FA1CB1BA21084826F00AFF099B102B24
S21401763003D0BB21044826F003FF10B070BD00BF85
S21401764000248000004440040B42040030B50D467F
S21401765000218FB0124B0446142209A8CDE9071366
S21401766002F0A4FE102207ABCDE90242CDE90042AA
S214017670049329460B4B08A81DF02FFB044608A8C7
S21401768021F00FFA1CB1D121074826F0D9FE079B3D
S214017690102B03D0D221044826F0D2FE0FB030BD05
S2140176A000248000004440040B420400014B93F97F
S2140176B05A007047245400200022034B1870034BD5
S2140176C01970034B1A707047DA620020DB620020E3
S2140176D0D96200202DE9F04FDFF89080064698F831
S2140176E000300D4685B0002B3AD04FF6FB7398421A
S2140176F036D84FF0000B1C4FDFF874A03C7898F892
S21401770000305FFA8BF94B459AF8000011D94844CE
S21401771002AA0DF10601C0B216F028FA082229467F
S2140177200DEB020003F08EF90BF1010B0028E6D1F8
S2140177304C463B78A34208D198F80020631CDBB284
S2140177409A423B7004BF00233B70324629469AF8A2
S21401775000301C44E0B205B0BDE8F04F16F0F4BAB4
S21401776005B0BDE8F08F00BFD9620020DB620020C3
S214017770DA6200202DE9F74F06460D4614461F46ED
S2140177804FF0010BDFF8789003F10C0A15B903B03E
S214017790BDE8F08F102DA84628BF4FF010083A46D6
S2140177A0164B5FFA88F152F8040B524543F8040B66
S2140177B0F9D101919AF8002011481A70002389F82E
S2140177C00F4089F800B089F80E30FFF7DDFE32462B
S2140177D001340B480199E4B212F801CB10F8013BD1
S2140177E083EA0C0302F8013C931BDBB28B42F3D312
S2140177F0A5EB080816461FFA88F5C7E7DD620020E4
S214017800DC6200202DE9F04F9046914685B000904D
S214017810981A029383B20193009B0F46354903F1F0
S2140178200C0453F8045BA34241F8045BF9D11B78BE
S214017830314E0B7049233370019BF0731B0A30469F
S214017840B373FFF7A1FE0221BB460D46737888EAA3
S214017850030373704FF0000A1DE0C5F11004A9EB95
S2140178600A039BB2A4B29C4228BF1C4600231FFAFF
S21401787083FCE8186445C0B21FD82544EDB2A34482
S214017880102D54441FFA84FA05D100253046039181
S214017890FFF77AFE0399D145DFD807EB080B25B130
S2140178A015480391FFF770FE039901294FF0000573
S2140178B00DD00121DDF80490CCE71BF803C016F8C3
S2140178C000E001338CEA0E0C06F800C0CFE7029BFD
S2140178D009491F44094B38461C78224602F0F6FE39
S2140178E02A4621463846009B05B0BDE8F04FFFF713
S2140178F041BF00BFDD620020DC620020F66C002084
S21401790030B540780C4601284FF0110387B001F1DD
S214017910100516D1144A01A90BF002F8234601AC52
S214017920224618685968083303C2AB421446F7D199
S21401793011230D4A002001A90AF0F2FF002007B02A
S21401794030BD0120094A01A90AF0EAFF234601AC2D
S214017950224618685968083303C2AB421446F7D169
S2140179601123024AE6E700BF75E4010079EB010046
S21401797030B50C46407887B001284FF011030DBF93
S2140179800B4A0C4A012001A918BF01A90AF0C8FF39
S214017990234601AA05AD144603CCAC4218605960D3
S2140179A0224603F10803F6D1002007B030BD00BF20
S2140179B075E4010079EB010010B50C4688B01A2376
S2140179C00C4A01A901200AF0ABFF21460DF10E0376
S2140179D004F1100251F8040B914243F8040BF9D15B
S2140179E01A230020034A01A90AF09AFF002008B0D2
S2140179F010BD00BF24E10100F0B58BB004460D4672
S214017A0022F055FBA8B101A813F082FE88B1667B6F
S214017A10271D16F0020F05D00822384601A903F0EB
S214017A2011F8D0B901AB46F0020603CB606079606D
S214017A3066731A230A4A03A901200AF071FF294630
S214017A400DF116030DF1260253F8040B934241F88B
S214017A50040BF9D100200BB0F0BD2D20FBE700BFD1
S214017A6024E10100F0B50546071D00220C46384604
S214017A70082193B022F0ADFA6A7B0646D0070BD5F3
S214017A80687808A920F03EFFDDF83D306B60DDF830
S214017A9041307B6080B10BE0910709D5D20001210E
S214017AA0384602F0800220F03AFFFF28687002D1C3
S214017AB02D2013B0F0BDD6B1687801A920F0B7FE2D
S214017AC09DF81C305B0604D54FF4C6710A4826F0B3
S214017AD0B7FC234603AD07AC2A4603CAA242186088
S214017AE05960154603F10803F6D10020E1E708A91D
S214017AF020F008FFCEE700BF894204002DE9F041DF
S214017B0006468AB01F480F4615460024FFF730FD8B
S214017B10002C01A914BF4FF05C0C4FF0360C10235B
S214017B208846184A12F8010B013B8CEA000013F054
S214017B30FF0301F8010BF5D105A823F0B0F8424682
S214017B40102105A823F0AFF8C4B93946324605A876
S214017B5023F011F92A460DF1140C0DF1240E63469B
S214017B6003CB7345106051609C4602F10802F6D1C2
S214017B7014B10AB0BDE8F0810124C9E72A461021F4
S214017B80E5E700BF0C6300202DE9F04791460D465E
S214017B90C0B09DF82041DDF828811E46DFF87CA0A4
S214017BA09DF8243107462246494640468AF8003069
S214017BB002F08CFD9DB12346324641463846FFF71A
S214017BC021FEB44207D9A11B3B46012289B208EB2C
S214017BD00600FFF7CFFD002040B0BDE8F087A11BEF
S214017BE03B46012289B208EB0600FFF7C3FD224699
S214017BF04146684602F06AFD3246694638462346E3
S214017C00FFF700FE9AF800200DEB040109EB0400D3
S214017C1002F018FF0028DED02C20DDE7F66C0020ED
S214017C2038B50346104601F1100451F8045BA14231
S214017C3042F8045BF9D104491BB1FFF7D3FC0020DD
S214017C4038BDFFF703FDFAE70C63002030B50546A3
S214017C5089B0694620F060FC6B8804ACABB1224663
S214017C602946684620F0F8FB0E4A08AD234603CBAA
S214017C70AB42106051601C4602F10802F6D1094879
S214017C80FFF76AFC002009B030BD6B46054D1A4669
S214017C9003CAA24228606960134605F10805F6D1B9
S214017CA0EDE700BF0C63002050B10B4B0B4A03F10C
S214017CB0100153F8040B8B4242F8040BF9D17047BC
S214017CC0064B054A03F1100153F8040B8B4242F8A8
S214017CD0040BF9D1704700BF0C630020EC62002052
S214017CE008B51022024802F0B3FB002008BD00BF11
S214017CF0FC62002008B508461022024902F0A8FBE3
S214017D00002008BDFC62002010B5044686B001A91B
S214017D10114A112301200AF003FE9DF8143001A830
S214017D20E37023F0B2FB80F001000C4A01A96070F9
S214017D30112301200AF0F4FD9DF8143001A8A37068
S214017D4023F0A3FB80F00100207012F06DF8606054
S214017D50002006B010BD00BF75E4010079EB0100FC
S214017D6010B5044686B01123134A012001A90AF072
S214017D70D7FDA3789DF814209A4207D08DF81430C9
S214017D80002011230C4A01A90AF0CAFD11230B4A4F
S214017D90012001A90AF0C4FDE3789DF814209A4257
S214017DA007D08DF8143000201123044A01A90AF0E7
S214017DB0B7FD06B010BD00BF79EB010075E4010008
S214017DC02DE9F04186B0064603A80C4614F0EEFCF9
S214017DD0054600284AD1BDF80C30980646D5102233
S214017DE02946204602F0E2FA01A813F091FCC0B140
S214017DF0777B06F1040817F0020F06D008224046EA
S214017E0001A902F01FFE00282ED101AB47F00207A0
S214017E1003CB7060C8F804107773238843F0080317
S214017E202380238843F00203238013F041F8606027
S214017E3022F03DF930B10E4B1B68A360238843F056
S214017E40040323800B4B1A68D1035EBF238843F0DB
S214017E5010032380130203D5238843F40063238091
S214017E60284606B0BDE8F0812D25F9E72425F7E779
S214017E70A0460020A446002010B5D0E9023253F8EF
S214017E80223090B01C6840226946204620F0ADFDA5
S214017E90034630B1224600200549FDF7C1FE10B069
S214017EA010BD012269460820FDF764FEF7E700BF12
S214017EB01F43040070B500F0B1F800280CBF6E2215
S214017EC0792200201349FDF7ABFE00F0A7F8F0B1C8
S214017ED020F09FFD00280CBF6E22792200200E495B
S214017EE0FDF79EFE082200200C49FDF799FE0025AD
S214017EF00B4C0C4E234654F8042C31460020033517
S214017F00FDF78EFE182D04F10C04F3D170BD3F224F
S214017F10E4E700BF574304006E4304007E430400B9
S214017F20C84700209D43040070B520F057FD044665
S214017F3021490020FDF774FE2CB92046BDE87040AB
S214017F401E49FDF76DBE00F0BBF805461C4B626985
S214017F500020002A08BF1A461A492668FDF760FE67
S214017F60A28800201849FDF75BFE1849E288002028
S214017F70FDF756FEA388228913F010001ABF0020D1
S214017F8013491449FDF74CFEE26800201249FDF73B
S214017F9047FE226900201149FDF742FE104A114BA7
S214017FA00020B6F5817F38BF13460F492A46BDE843
S214017FB07040FDF735BE00BFD2430400DF43040026
S214017FC0CF120400004404001E4404003F44040091
S214017FD05C4404007944040097440400B54404005A
S214017FE0CA430400C0430400D344040038B5014624
S214017FF000230C25084A05FB03F4A0181459013484
S21401800004D10C2202F024FA002038BD0133082BDB
S214018010F1D10120F9E700BFC4470020034B1878CF
S214018020012894BF00200120704700BF1E63002076
S21401803038B50446044D2878A04203D0214620F0E6
S214018040ADFC2C7038BD00BF1E63002000B58FB09C
S2140180503422002101A802F0A9F901A8EEF7E0FFF9
S2140180600598D0B182680E4BB2F5803F34BF92B20C
S214018070C2F38F2241881A81028828BF41F010017D
S2140180801A6042689980DA80C268DA6002691A6109
S21401809042695A61027E18461A760FB05DF804FBF3
S2140180A048470020054B1B7820B1012B04D802203D
S2140180B0FFF7BEBF012BFBD8704700BF1E63002031
S2140180C010B5084C237853B920F088FC012323709F
S2140180D028B10368B3F5817F24BF037E237020781F
S2140180E010BD00BF1D63002070B5184B1B78012B17
S2140180F02BD820F056FC164D024616490020FDF7F7
S2140181008FFD0120FFF7CEFF2E78FF2E1DD1FFF742
S2140181109DFFC8B1848860223146C4F340040E48EE
S2140181202C7002F043F9602231460C4802F03EF909
S2140181305CB1FFF7C5FF042807D9BDE8704040F2DF
S2140181402B11074826F07CB9287070BD1E630020ED
S214018150F76C0020F6440400C44700206447002062
S214018160084504002DE9F04FDFF884928DB003AB8B
S21401817007468846144699E8070083E80700FFF794
S214018180B3FFFFF79DFF944B06461D784B46012D26
S21401819040F07081012840F27281B7FBF0F200FBDB
S2140181A01272002A00F06B818C4900228B46D1F8AE
S2140181B000C0BCF1FF3F04D0087A6044874200F05B
S2140181C019810132082A01F10C01F0D193E8070068
S2140181D006AE0DF1240A86E807008AE80700FFF7D5
S2140181E06FFFB7FBF0FB00FB1B7BA0EB0B094A46BE
S2140181F0414606460AA809978DF82C9002F066FAC1
S21401820000224FF00C0E764902E00132082A0ED009
S2140182100EFB02F000EB010C08580130F5D19AE88C
S21401822007008CE807006F490A7801320A70A145F9
S21401823004DD4FF4E2716C4826F002F9A41B5C449D
S2140182404F44A1B217FA84F4B4FBF6F206FB1242CD
S214018250C8448E1A91B1A41A08EB060107A88DF836
S2140182602020069402F032FA06A8FFF7BFFEFF2888
S21401827004D140F2D9115C4826F0E2F8B6B2B6B1A4
S2140182800320FFF7D5FE802E0AD8324641465748CE
S21401829002F01CFA32463846544920F08AFB05465D
S2140182A00220FFF7C5FE28460DB0BDE8F08F002579
S2140182B0F9E74FF40E714C4826F0C2F8464B1B788E
S2140182C0012B00F0E380002C36D00320FFF7B0FE30
S2140182D0802C2FD822464146444802F0F7F9224620
S2140182E03846424920F065FB05460220FFF7A0FE0E
S2140182F0DFF8F09099F8003093B1039CFFF7E0FEA9
S214018300374B002798461A68511C04D0197A411A2F
S214018310521A944224D00137082F03F10C03F2D1EC
S214018320002DC0D1039B0133C1D003A8FFF75EFE29
S2140183300546B8E70125D8E72546D9E740F26D217D
S214018340294826F07DF8012524E0012D30D0802E25
S2140183502FD832462549039820F02BFB054628E006
S214018360002DA0D10C247C4308EB04039DF814A037
S21401837093F808B00AEB0B03802BDFDC1B4B52464D
S21401838004A9184602F0A2F9211D5A464144504458
S21401839002F09CF90C2303FB07839DF814201B7A3B
S2140183A013449E42D1D040F273210F4826F048F87C
S2140183B001250220FFF73CFE99F8003013B1013B7E
S2140183C089F800304FF0FF3308EB040248F8043018
S2140183D0C2E9013367E700BFF76C0020C4470020FD
S2140183E0644700201C63002008450400C84600209E
S2140183F0109204004FF00C0A0AFB02B3187AA6EB9F
S21401840000095FFA89F9A14501D35FFA84F90AFBED
S21401841002FA0AF1040528444A464146584402F045
S21401842055F90BEB0A031A7AA4EB09044A44D2B2B3
S214018430B242A4B21A7219D103200193FFF7F8FDD4
S21401844032460BEB05015BF80A0020F0B2FA05464E
S2140184500220FFF7EDFD4FF0FF32019B4BF80A209B
S214018460C3E90122002D7FF41EAFC844002C3FF45F
S2140184701EAF4F44104B1B78012B7FF424AFB7FB84
S214018480F6F306FB1373002B7FF413AFE319B3FB6C
S214018490F6F506FB1535002D3FF415AF641B5B1B87
S2140184A008EB04012A4604A80393A4B202F00EF9CD
S2140184B08DF8145007E700BFF76C002070B5134B1A
S2140184C01B78012B0CD1FFF70FFE0026104D55F837
S2140184D0043C013306D10336182E05F10C05F6D1FE
S2140184E0002411E00320FFF7A3FD55F8044CFFF725
S2140184F0E7FD29460246204620F05BFA04460220A4
S214018500FFF796FD002CE6D0204670BDF76C0020E4
S214018510C847002070B505460C46FFF7E5FD052067
S214018520FFF786FD2146284620F051FA064602202E
S214018530FFF77EFD00220A4B2C441968481C08D020
S214018540A94206D3A1423EBF4FF0FF31C3E9001155
S21401855099600332182A03F10C03EED1304670BD40
S214018560C4470020D0E9023253F8223010B51C6807
S214018570204600F095FA28B12146BDE81040024891
S21401858000F002BE10BD00BF8645040008B5D0E964
S214018590023253F82230186800F06CF920B1BDE8B9
S2140185A00840024800F0F0BD08BD00BFA845040021
S2140185B02DE9F041D0E9023253F8221003EB820391
S2140185C05B680F681D789AB0642D04D96421114840
S2140185D000F0DAFD64252A46384601A900F002F9C2
S2140185E0044698B90C4800F0CFFDDFF8348001AEA0
S2140185F0013DA54202DC1AB0BDE8F08139194046BA
S21401860016F8012B00F0C0FD0134F2E7034800F034
S214018610BBFDF0E7CB450400EB450400154604001E
S214018620024604002DE9F04700252D4FDFF8E080D3
S214018630DFF8E0908CB0284603A900F0EFF810B1FF
S2140186400CB0BDE8F087049B2946039A0093384690
S21401865000F09AFD404600F097FD059910290CD8C8
S21401866010290CD8DFE801F00F14320B340B0B0B7A
S214018670360B0B0B0B0B0B0B3A0020292CD0194891
S21401868000F082FD07E0184800F07EFD0135D2E7D4
S214018690164800F079FD0699484600F075FD0799E1
S2140186A0134800F071FD134800F06EFD1024DFF84A
S2140186B068A00DF11F06504616F8011F013C00F098
S2140186C063FD14F0FF04F6D10B48DDE70B48E0E745
S2140186D00B48DEE70B48DCE70B48DAE70B48D8E740
S2140186E030460400D546040085460400954604003D
S2140186F0FB46040013470400CFEB03009D4604002D
S214018700A5460400AE460400B9460400D04604005F
S21401871074460400E44604002447040010B50B4CDC
S2140187208EB023785BB9EEF7F5FB014650B901230D
S21401873001A82370EEF774FC054B049A1A602078A2
S2140187400EB010BD034800F01FFDF8E71F630020C0
S214018750084B00202A47040000B58FB0FFF7DEFF64
S214018760002829D001A8EEF75BFC059B1448198860
S21401877000F00AFD059B13485969134B002908BFF1
S214018780194600F001FD059B1048598800F0FCFCD5
S214018790059B0F48196900F0F7FC059B0D48D96841
S2140187A000F0F2FC059B0C48197E00F0EDFC0B4B2B
S2140187B00B48196800F0E8FC0FB05DF804FB00BF39
S2140187C06747040079470400CF1204008B47040072
S2140187D09F470400B3470400C7470400084B002026
S2140187E0DB47040070B5064615460C4679B172B1F2
S2140187F0FFF794FF68B121462A463046EEF71AFD88
S214018800014618B1044800F0BFFC012070BD2120CC
S214018810FCE71120FAE700BFED47040037B505462F
S2140188200C46FFF77BFFE0B1114B1B68AB421AD930
S214018830CCB100212422204601F0B8FD214628466D
S2140188401BF0A1FA88B9284601AA04F10801EEF73F
S214018850A3FC20B140F20643C01A18BF012003B0A2
S21401886030BD1120FBE72120F9E70120F7E700BF23
S214018870084B0020F0B593B00546FFF74FFF0028E0
S21401888045D0254B1A68AA4207D829462348013AFB
S21401889000F07AFC212013B0F0BD05A8EEF7C0FB6E
S2140188A0284603A91BF06FFA98BB049A22F4FF57D7
S2140188B0C2F30C0327F01F072BB14FF400532946D0
S2140188C0174800F061FC039E7FB125F0C6FD3046D7
S2140188D04FF40051EEF73AFD3346044606F50056CE
S2140188E050B9039BF31ABB42EFD32A4639460D48CB
S2140188F000F04AFC002406E000902A464FF400519E
S214018900094800F041FC201E18BF0120C3E71120D2
S214018910C1E70120BFE700BF084B00201B48040049
S214018920C9480400884904003749040010B50446C4
S21401893038B1FFF7F3FE30B10020044B1B6823600B
S21401894010BD2120FCE71120FAE700BF084B0020EC
S21401895010B50446FFF7E2FEB0B10C4B1A68A2420E
S21401896006D821460A48013A00F00EFC212010BD27
S21401897025F073FD40F2C12220460649EEF7CCFBF6
S214018980003818BF0120F2E71120F0E7084B00205D
S2140189901B4804004448002010B50446FFF7BEFEFD
S2140189A070B121460848EEF7D7FB40F20323984200
S2140189B008D040F2012398420CBF0520012010BDCB
S2140189C01120FCE70020FAE7444800202DE9F04199
S2140189D02D4D04462F68FFF7A1FE002851D02968C7
S2140189E0A14207D84A1E2948214600F0CDFB212086
S2140189F0BDE8F0812648EEF76FFBDFF8948002466B
S214018A00B0B943462E68964222D1BE4214BF3A46BA
S214018A1006F1FF3212BB31461D48C8F80040EEF79A
S214018A203BFB014600B31B4800F0AEFB0120DFE72D
S214018A302046EEF711FB044638B10146164800F011
S214018A40A3FB201E18BF0120D2E7EEF761F9F8E775
S214018A5053F8041B8C42DDD00132D4E70C49920056
S214018A60081D01F0F5FCD6E729680948EEF734FB46
S214018A70044610B101460948D6E7EEF749F9204603
S214018A80B6E71120B4E700BF084B00201B480400DE
S214018A9024480020CE490400A4490400014A0400E9
S214018AA0F8B50446FFF73AFE002845D0234B1A686E
S214018AB0A24207D821462248013A00F065FB21244C
S214018AC02046F8BD1F4800F05FFB25F0C6FC40F2CB
S214018AD0C1221D492046EEF71FFB40F2032705463B
S214018AE025F0BBFC184E65B140F203239D421AD017
S214018AF02946164800F048FB0124154800F044FBBF
S214018B00DEE725F0AAFC29463046EEF725FBB842FB
S214018B1009D040F20123984203D10E4800F034FBFD
S214018B20E1E70546DFE721460B4800F02DFB20462E
S214018B30FFF74CFF0446E0E71124C1E7084B00208D
S214018B401B480400384A040044480020584A0400E0
S214018B50CFEB0300DB1E0400704A040010B50A4682
S214018B60044619B1024B00211B68984710BD00BF8F
S214018B701C92040010B5114C2378580744BF23F00B
S214018B80040323702378990705D500F05DF8237850
S214018B9023F00203237063781BB10023084A636045
S214018BA053600023082106486370FFF7D7FF237838
S214018BB0DA0744BF23F00103237010BD0C4B0020DD
S214018BC0104B002038B51A4C62782378022A01D15E
S214018BD0072B11D0DD0712D52378980707D400F0AC
S214018BE02BF82378054643F00203237080B9627898
S214018BF0237882B15A0716D50025284638BD1BF0C2
S214018C00E8FF2378054643F0010323700028E3D0EC
S214018C10FFF7B0FFF1E7D907ECD5064962604A6075
S214018C2002226270E6E743F004032370E4E700BF24
S214018C300C4B0020104B00200122024B002083F831
S214018C40F0207047184B00202DE9F0410A4C002512
S214018C5026464FF0010803272046C4F81C802776D5
S214018C6001351FF001FF062D04F12804F4D100237D
S214018C7086F8F030BDE8F081184B00202DE9F04F62
S214018C80984691B00B1E0A93B44B914614BF834687
S214018C909B4600251A9E98F8000070B94D4538BFCE
S214018CA02A464B464FF000000A9928BF09F1FF32C9
S214018CB0D847284611B0BDE8F08F252808F10108ED
S214018CC006D02A464B460A996C1CD8472546E2E749
S214018CD00023414611F8012B2B2A16D00AD8202A48
S214018CE016D0232A17D0A2F13000092834D800273D
S214018CF00A2418E02D2A05D0302AF4D143F00103C6
S214018D008846E6E743F00203FAE743F00403F7E791
S214018D1043F00803F4E743F01003F1E7884604FB49
S214018D200722A2F13007414611F8012BA2F13000CB
S214018D300928F3D998F800202E2A52D198F8011064
S214018D4008F10102A1F13000092843F480633ED8FE
S214018D5000244FF00A0E11E02A2A08D156F8047BA7
S214018D608846002FBCBF43F002037F42E2E700279C
S214018D70E0E702460EFB0411A1F13004104610F89C
S214018D80011BA1F1300CBCF1090FF2D99046424605
S214018D9012F8011B6C292DD025D8682933D06A29F1
S214018DA03BD04246904618F8010B672860D85728F2
S214018DB036D8452808D084D9462800F01881472897
S214018DC07FF47FAF43F4006343F0200327E12A29B1
S214018DD006D156F8044B08F1020824EAE474D6E7F3
S214018DE090460024D3E7742901D07A29D9D143F4D7
S214018DF08073D7E798F801106C29F8D143F44073D3
S214018E0008F10202CEE798F80110682902D043F073
S214018E108003C7E743F0C003F2E743F40073C1E7FA
S214018E20A0F158020F2A3FF64CAF01A151F822F0EB
S214018E30D18E0100C38C0100C38C0100C38C0100DC
S214018E40C38C0100C38C0100C38C0100C38C0100DC
S214018E50C38C0100C38C0100D18E01003D9001003E
S214018E60D18E010013900100F38F010013900100D1
S214018E70A0F16901C9B20F293FF623AF012249F2D9
S214018E80410C8A4012EA0C0218D10A2900F0158119
S214018E9007297FF416AF43F0210305930823CDE994
S214018EA003431023CDE9012356F8043B2A460093D9
S214018EB058464B460A991FF0C7FEA8E06F2800F0F7
S214018EC05E8110D9782808D1102223F00C0310E017
S214018ED0582839D0622800F054810A2223F0100362
S214018EE0642806D0F1E769284FF00A0223F0100340
S214018EF0F6D1590548BF23F00103692803F4007130
S214018F0001D0642840D111B3073626F00706B246D1
S214018F1070685AF8081BCDE9077300230593C30F41
S214018F200028029306940B46049202DA4B4260EB49
S214018F304000CDE900304B462A4658460A991FF0B4
S214018F40C5FE05465646A6E643F02003BCE7D9050E
S214018F5006F1040A04D5316805E000BFAB8A0300B8
S214018F6058060CD53178CDE90224CDE904730029E1
S214018F704FEAD1730193B8BF4942009120E0190628
S214018F80E9D5B6F90010EEE779B1CDE9077300230C
S214018F90CDE9042306F1070A2AF0070A069402938C
S214018FA0FAE80223CDE90023C5E7D80506F1040A4D
S214018FB00DD5CDE90473CDE9022401913368009300
S214018FC04B462A4658460A991FF03EFEB9E759060F
S214018FD007D53178CDE904730023CDE90224019346
S214018FE0CBE7316813F0800F18BF89B2F2E743F080
S214018FF02003CDE90173073626F007060094B6EC88
S214019000020B4B462A4658460A99EBF7C1FB054622
S21401901041E600F0DF00472801D143F40063CDE9C3
S2140190200173073626F007060094B6EC020B4B4692
S2140190302A4658460A99EBF7EFF9E8E713F00204D7
S21401904026D04FF0010A6B1C0B932A464B460A9911
S21401905016F8040BD84774B354460B9A21E04B46D6
S21401906020200A99D8470AEB05020AF1010A57455A
S214019070F5D83A1E18BF0122002A07F1FF3308BFB0
S214019080002307F1010A1D4408BF4FF0020ADAE780
S214019090A246E8E7551C4B4620200A99D8472A469F
S2140190A00134BC42F6D3A7EB0A03574538BF002369
S2140190B00B9A1A440B920B9DEDE53246002C52F8A2
S2140190C0046B14BF21464FF0FF310B9232463144F8
S2140190D0107808B1914211D1A2EB060A13F480620E
S2140190E00C9202D0A24528BFA24613F002030D93AC
S2140190F01BD1AAEB05032A460F9308E00132E7E7E6
S214019100531C0E9320204B460A99D8470E9A0F9B64
S214019110D318BB42F4D3A7EB0A03574538BF002345
S2140191200AF101021D4403EB020AAB1B0E9304E095
S2140191301C464B462A460A99D8470E9BF51816F840
S214019140010B28B10C9B002BF3D0631E002CEFD132
S2140191500D9B93B12A46AAEB050405E0561C4B4627
S21401916020200A99D84732461319BB42F6D3A7EBFB
S2140191700A03574538BF00231D440B9E8BE5082282
S214019180A3E60222A1E600BF0FB41FB506AA52F855
S214019190043B02A90392009204484FF0FF32FFF706
S2140191A06DFD05B05DF804EB04B070476D8D0300EE
S2140191B01FB5034600914FF0FF3203A90248FFF79F
S2140191C05DFD05B05DF804FB6D8D03001FB5CDE9AF
S2140191D00201009302A9134603484FF0FF32FFF73E
S2140191E04DFD05B05DF804FB758D03001FB5094BF9
S2140191F0094A1868094B01A91860094B1360094A06
S2140192000192094A1268CDE902231BF089FD05B0D7
S2140192105DF804FB24690020E03B0020E43B0020CD
S21401922018690020D9800400C84E0020014B186838
S2140192301BF08ABD2469002038B5F2F767F80446AA
S214019240064D2B68D3F8B002F2F754F828681BF0E5
S2140192508EFD2046BDE83840F2F74CB82469002060
S21401926010B51F4CF0F7ACFB236F012023F007036A
S21401927043F002032367F0F7B1FBD4F82031002056
S21401928023F0070343F00103C4F82031D4F840313A
S21401929023F0030343F00103C4F84031D4F86031EE
S2140192A023F0030343F00103C4F86031D4F84032DD
S2140192B023F0030343F00103C4F84032D4F800322C
S2140192C023F0070343F00103C4F80032D4F8083250
S2140192D023F0070343F00103C4F8083210BD00BFB2
S2140192E000800050064B1B681A7A022A01D81AB968
S2140192F07047032A00D070471B68024A1360704704
S21401930028690020C84E00200022024B5A60DA600D
S2140193101A607047CC4E002008B501F037FF0022D6
S214019320014B1A7008BD00BF206300200A460149A0
S2140193301FF08ABD39AA04000A4601491FF084BD00
S21401934034AA04000A4601491FF07EBD2DAA040076
S2140193500A4601491FF078BD2AAA04000A460149B7
S2140193601FF072BD27AA04000A4601491FF06CBD12
S21401937022AA04000A4601491FF066BD1DAA040080
S2140193800A4601491FF060BD18AA04000A460149B1
S2140193901FF05ABD11AA040081F0004102E000BF8F
S2140193A083F0004330B54FEA41044FEA430594EA9F
S2140193B0050F08BF90EA020F1FBF54EA000C55EADA
S2140193C0020C7FEA645C7FEA655C00F0E2804FEAAB
S2140193D05454D4EB5555B8BF6D420CDD2C4480EA8D
S2140193E0020281EA030382EA000083EA010180EABD
S2140193F0020281EA0303362D88BF30BD11F0004F0B
S2140194004FEA01314FF4801C4CEA113102D0404240
S21401941061EB410113F0004F4FEA03334CEA13337B
S21401942002D0524263EB430394EA050F00F0A78093
S214019430A4F10104D5F1200E0DDB02FA0EFC22FA8E
S21401944005F2801841F1000103FA0EF2801843FA82
S21401945005F359410EE0A5F120050EF1200E012A73
S21401946003FA0EFC28BF4CF0020C43FA05F3C018B1
S21401947051EBE37101F0004507D54FF0000EDCF12A
S214019480000C7EEB00006EEB0101B1F5801F1BD3D3
S214019490B1F5001F0CD349085FEA30004FEA3C0CD7
S2140194A004F101044FEA445212F5800F80F09A80CD
S2140194B0BCF1004F08BF5FEA500C50F1000041EBD1
S2140194C0045141EA050130BD5FEA4C0C404141EBD5
S2140194D00101013C28BFB1F5801FE9D291F0000FD0
S2140194E004BF01460020B1FA81F308BF2033A3F17F
S2140194F00B03B3F120020CDA0C3208DD02F1140C76
S214019500C2F10C0201FA0CF021FA02F10CE002F1B0
S2140195101402D8BFC2F1200C01FA02F120FA0CFCA9
S214019520DCBF41EA0C019040E41AA2BF01EB0451F2
S214019530294330BD6FEA04041F3C1CDA0C340EDCF0
S21401954004F11404C4F1200220FA04F001FA02F333
S21401955040EA030021FA04F345EA030130BDC4F1F1
S2140195600C04C4F1200220FA02F001FA04F340EAE6
S2140195700300294630BD21FA04F0294630BD94F097
S214019580000F83F4801306BF81F480110134013D7E
S2140195904EE77FEA645C18BF7FEA655C29D094EAEF
S2140195A0050F08BF90EA020F05D054EA000C04BF6D
S2140195B01946104630BD91EA030F1EBF0021002058
S2140195C030BD5FEA545C05D14000494128BF41F0F7
S2140195D0004130BD14F580043CBF01F5801130BD5B
S2140195E001F0004545F0FE4141F470014FF00000E6
S2140195F030BD7FEA645C1ABF194610467FEA655C97
S2140196001CBF0B46024650EA013406BF52EA033538
S21401961091EA030F41F4002130BD00BF90F0000F26
S21401962004BF0021704730B54FF4806404F1320462
S2140196304FF000054FF0000150E700BF90F0000F1B
S21401964004BF0021704730B54FF4806404F1320442
S21401965010F0004548BF40424FF000013EE700BF12
S21401966042004FEAE2014FEA31014FEA02701FBFA2
S21401967012F07F4393F07F4F81F06051704732F0D4
S2140196807F4208BF704793F07F4F04BF41F400212B
S214019690704730B54FF4607401F0004521F0004189
S2140196A01CE700BF50EA010208BF704730B54FF013
S2140196B000050AE050EA010208BF704730B511F014
S2140196C0004502D5404261EB41014FF4806404F14C
S2140196D032045FEA915C3FF4D8AE4FF003025FEAD2
S2140196E0DC0C18BF03325FEADC0C18BF033202EB56
S2140196F0DC02C2F1200300FA03FC20FA02F001FAB0
S21401970003FE40EA0E0021FA02F11444BDE600BF52
S21401971070B54FF0FF0C4CF4E06C1CEA11541DBF01
S2140197201CEA135594EA0C0F95EA0C0F00F0DEF8CC
S2140197302C4481EA030621EA4C5123EA4C5350EAB1
S214019740013518BF52EA033541F4801143F4801302
S21401975038D0A0FB02CE4FF00005E1FB02E506F093
S2140197600042E0FB03E54FF00006E1FB03569CF0E8
S214019770000F18BF4EF0010EA4F1FF04B6F5007FEE
S21401978064F5407404D25FEA4E0E6D4146EB060660
S21401979042EAC62141EA55514FEAC52040EA5E50E9
S2140197A04FEACE2EB4F1FD0C88BFBCF5E06F1ED893
S2140197B0BEF1004F08BF5FEA500E50F1000041EBCA
S2140197C0045170BD06F0004646EA010140EA020077
S2140197D081EA0301B4EB5C04C2BFD4EB0C0541EA99
S2140197E0045170BD41F480114FF0000E013C00F3AE
S2140197F0AB8014F1360FDEBF002001F0004170BDD2
S214019800C4F10004203C35DA0C341BDC04F11404EA
S214019810C4F1200500FA05F320FA04F001FA05F276
S21401982040EA020001F0004221F0004110EBD37043
S21401983021FA04F642EB06015EEA430E08BF20EA6F
S214019840D37070BDC4F10C04C4F1200500FA04F312
S21401985020FA05F001FA04F240EA020001F00041A4
S21401986010EBD37041F100015EEA430E08BF20EA17
S214019870D37070BDC4F1200500FA05F24EEA020E5F
S21401988020FA04F301FA05F243EA020321FA04F08E
S21401989001F0004121FA04F220EA020000EBD37045
S2140198A05EEA430E08BF20EAD37070BD94F0000F45
S2140198B00FD101F00046400041EB010111F4801F79
S2140198C008BF013CF7D041EA060195F0000F18BF2A
S2140198D0704703F00046520043EB030313F4801F66
S2140198E008BF013DF7D043EA0603704794EA0C0F20
S2140198F00CEA135518BF95EA0C0F0CD050EA410636
S21401990018BF52EA4306D1D181EA030101F00041B2
S2140199104FF0000070BD50EA410606BF10461946DA
S21401992052EA430619D094EA0C0F02D150EA0136E6
S21401993013D195EA0C0F05D152EA03361CBF104627
S21401994019460AD181EA030101F0004141F0FE41C6
S21401995041F470014FF0000070BD41F0FE4141F44A
S214019960780170BD70B54FF0FF0C4CF4E06C1CEA4A
S21401997011541DBF1CEA135594EA0C0F95EA0C0FFF
S21401998000F0A7F8A4EB050481EA030E52EA0335BA
S2140199904FEA013100F088804FEA03334FF08055DB
S2140199A045EA131343EA12634FEA022245EA111508
S2140199B045EA10654FEA00260EF000419D4208BFB9
S2140199C0964244F1FD0404F5407402D25B084FEA66
S2140199D03202B61A65EB03055B084FEA32024FF412
S2140199E080104FF4002CB6EB020E75EB030E22BF6F
S2140199F0B61A754640EA0C005B084FEA3202B6EB2F
S214019A00020E75EB030E22BFB61A754640EA5C00DD
S214019A105B084FEA3202B6EB020E75EB030E22BF6D
S214019A20B61A754640EA9C005B084FEA3202B6EB6E
S214019A30020E75EB030E22BFB61A754640EADC002D
S214019A4055EA060E18D04FEA051545EA16754FEA8F
S214019A5006164FEAC30343EA52734FEAC2025FEAAD
S214019A601C1CC0D111F4801F0BD141EA00014FF03C
S214019A7000004FF0004CB6E711F4801F04BF01430D
S214019A800020B4F1FD0C88BFBCF5E06F3FF6AFAE29
S214019A90B5EB030C04BFB6EB020C5FEA500C50F1B9
S214019AA0000041EB045170BD0EF0004E4EEA11313C
S214019AB014EB5C04C2BFD4EB0C0541EA045170BD43
S214019AC041F480114FF0000E013C90E645EA060E87
S214019AD08DE60CEA135594EA0C0F08BF95EA0C0FB5
S214019AE03FF43BAF94EA0C0F0AD150EA01347FF4FD
S214019AF034AF95EA0C0F7FF425AF104619462CE7D4
S214019B0095EA0C0F06D152EA03353FF4FDAE104636
S214019B10194622E750EA410618BF52EA43067FF487
S214019B20C5AE50EA41047FF40DAF52EA43057FF417
S214019B30EBAE12E74FF0FF3C06E000BF4FF0010C22
S214019B4002E000BF4FF0010C4DF804CD4FEA410C86
S214019B507FEA6C5C4FEA430C18BF7FEA6C5C1BD053
S214019B6001B050EA410C0CBF52EA430C91EA030FD4
S214019B7002BF90EA020F0020704710F1000F91EA31
S214019B80030F58BF994208BF90422CBFD8176FEAFF
S214019B90E37040F0010070474FEA410C7FEA6C5CCD
S214019BA002D150EA013C07D14FEA430C7FEA6C5CD4
S214019BB0D6D152EA033CD3D05DF8040B704700BF00
S214019BC08446104662468C461946634600E000BF4E
S214019BD001B5FFF7B7FF002848BF10F1000F01BD20
S214019BE04DF808EDFFF7F4FF0CBF012000205DF8EB
S214019BF008FB00BF4DF808EDFFF7EAFF34BF012070
S214019C0000205DF808FB00BF4DF808EDFFF7E0FF08
S214019C1094BF012000205DF808FB00BF4DF808ED59
S214019C20FFF7CEFF94BF012000205DF808FB00BFC0
S214019C304DF808EDFFF7C4FF34BF012000205DF8A2
S214019C4008FB00BF4FEA410212F5001215D211D5EA
S214019C506FF47873B3EB625212D94FEAC12343F023
S214019C60004343EA505311F0004F23FA02F018BFA5
S214019C70404270474FF00000704750EA013005D16E
S214019C8011F0004008BF6FF0004070474FF0000031
S214019C90704700BF4A0011D212F5001211D20DD53D
S214019CA06FF47873B3EB62520ED44FEAC12343F0DC
S214019CB0004343EA505323FA02F070474FF0000086
S214019CC0704750EA013002D14FF0FF3070474FF035
S214019CD00000704753B94AB9002908BF00281CBFC5
S214019CE04FF0FF314FF0FF3000F08CB9ADF1080CAA
S214019CF06DE904CE00F006F8DDF804E0DDE90223A4
S214019D0004B070472DE9F04F099D0E4604460F46F4
S214019D10002B47D18A429446B2FA82F35AD943B10C
S214019D2002FA03FCC3F120029F409C4020FA02F293
S214019D3017434FEA1C461FFA8CFE220CB7FBF6F1BE
S214019D4006FB117701FB0EF042EA0742904208D962
S214019D501CEB020201F1FF3702D2904200F23C8175
S214019D603946121AA4B2B2FBF6F006FB102200FB2B
S214019D700EFE44EA0244A64508D91CEB040400F191
S214019D80FF3202D2A64500F22A81104640EA01407F
S214019D90A4EB0E0400211DB1DC400023C5E90043FD
S214019DA0BDE8F08F8B4205D90DB1C5E90001002150
S214019DB00846F5E7B3FA83F100294FD1B342C0F064
S214019DC00281824240F2FF800846002DE8D0C5E9B4
S214019DD00047E5E7002B40F0AF808A1A4FEA1C4E99
S214019DE01FFA8CF70121B2FBFEF60EFB1620220CA1
S214019DF042EA004207FB06F090420FD91CEB020232
S214019E0006F1FF382CBF4FF001094FF000099042D0
S214019E1003D9B9F1000F00F0DC804646121AA4B24D
S214019E20B2FBFEF00EFB102200FB07F744EA0244E9
S214019E30A7420FD91CEB040400F1FF322CBF4FF0F0
S214019E40010E4FF0000EA74203D9BEF1000F00F03D
S214019E50C9801046E41B40EA06409CE7C1F1200495
S214019E608B4006FA01FC00FA01FE22FA04F7E640EE
S214019E708A401F4320FA04F34FEA174843EA0C03CB
S214019E801FFA87FC4FEA1349B6FBF8F008FB106689
S214019E9049EA064600FB0CF9B1450ED9BE1900F198
S214019EA0FF3A2CBF4FF0010B4FF0000BB14503D921
S214019EB0BBF1000F00F0A2805046A6EB09061FFA80
S214019EC083F9B6FBF8F308FB136603FB0CFC49EABF
S214019ED00646B4450ED9BE1903F1FF382CBF4FF024
S214019EE001094FF00009B44503D9B9F1000F00F09C
S214019EF08280434643EA0040A6EB0C06A0FB028C98
S214019F0066454346E14602D307D1C64505D2B8EBBE
S214019F1002036CEB070C0138E1465DB1BEEB0302B0
S214019F2066EB090606FA04F422FA01F3CE401C4356
S214019F30C5E90046002133E702FA03FCC3F120021B
S214019F4099409C40D6404FEA1C4E20FA02F21FFA76
S214019F508CF7B6FBFEF00A430EFB1066110C41EAC5
S214019F60064100FB07F68E420ED91CEB010100F1FB
S214019F70FF382CBF4FF001094FF000098E4202D97D
S214019F80B9F1000F34D04046891B92B2B1FBFEF600
S214019F900EFB161142EA014206FB07F191420ED969
S214019FA01CEB020206F1FF382CBF4FF001094FF0FF
S214019FB00009914202D9B9F1000F16D04646521A4D
S214019FC046EA00410FE7841A66EB030201201746B2
S214019FD0FBE6023E624421E702396244C1E664447C
S214019FE00238D3E66444023834E7023E6244E6E7C8
S214019FF002386144C8E7023B3E447BE702383E44F0
S21401A0005BE700BF704700BF2DE9F04F924685B071
S21401A01089461E460D46554A0390294615F8014BBA
S21401A020135D13F00803F8D12D2C7CD02B2C4ED0C9
S21401A0304FF0FF3102936FF00043CDE9001336F085
S21401A040100851D037464FEAE6783A464346DDE9EE
S21401A0500001FFF73FFE002383468E461846194649
S21401A060A44613E0ACF13704A6421FDD002B09DB42
S21401A07083457EEB010305D38E4508BF83453BD15F
S21401A080A24239DA4FF0FF3315F801CBACF13004B8
S21401A090092CE9D9ACF14104192CE3D9ACF16104DE
S21401A0A0192C03D8ACF15704A642DFDC5A1C2FD07A
S21401A0B0029A12B1404261EB4101BAF1000F03D09E
S21401A0C0002B48D1CAF8009005B0BDE8F08F4FF0DC
S21401A0D0FF30029336F010086FF000432C7801F140
S21401A0E00205CDE90003ADD1302C25D0002E3AD1A2
S21401A0F00A27B0463E46A8E700FB08F307FB0133F4
S21401A100A0FB07010B44201843EBE4710123BBE7D6
S21401A1102223039A1360BAF1000F17D005F1FF3915
S21401A120DDE90001CEE74FF00047009301232C78CC
S21401A1308D1CCDE9017382E72B7803F0DF03582BE2
S21401A1400CD086B90827B0463E467EE7DDE9000119
S21401A15005B0BDE8F08FCDE90001DFE710276C7888
S21401A16002353E4671E710273E466EE741AA0400D7
S21401A1704AE700BF10B4044C13460A46014620685D
S21401A1805DF8044B40E700BF5869002010B4044C4A
S21401A19013460A46014620685DF8044B34E700BFC3
S21401A1A05869002020F0030110F00300C0F1000000
S21401A1B051F8043B00F1040C4FEACC0C6FF000029E
S21401A1C01CBF22FA0CF213434FF0010C4CEA0C2C84
S21401A1D04CEA0C4CA3EB0C0222EA030212EACC1264
S21401A1E004BF51F8043B0430F4D0C2F1000102EA86
S21401A1F00102B2FA82F2C2F11F0200EBD2007047EE
S21401A2002DE9F04780460C464548264614F801EBF2
S21401A21010F80EC01CF0080CF7D1BEF12D0F5BD064
S21401A220BEF12B0F3AD0654633F010003ED04FF00A
S21401A230FF379A46B7FBF3F703FB07F96FEA0909FD
S21401A240002630460EE0AEF1370C63451DDD002ECC
S21401A25004DBB84202D833D1CC4531DD4FF0FF36AE
S21401A26014F801EBAEF1300CBCF1090FEDD9AEF1EB
S21401A270410CBCF1190FE6D9AEF1610CBCF1190F16
S21401A28003D8AEF1570C6345E1DC731C1CD005B155
S21401A29040420AB1F6B91160BDE8F08733F010000C
S21401A2A094F800E0654606F10204C0D1BEF1300F15
S21401A2B017D06BBB0A234FF005091A4F9A46BFE722
S21401A2C000FB0AC00126CBE722233046C8F800303F
S21401A2D0002AE1D0611EDEE794F800E00125B41CF7
S21401A2E0A2E7207800F0DF00582807D083B90823BA
S21401A2F04FF007096FF060479A46A1E7102394F8DC
S21401A30001E04FF00F0902346FF070479A4697E765
S21401A31010234FF00F096FF070479A4690E700BF81
S21401A32041AA0400999999196AE700BF10B4044C30
S21401A33013460A46014620685DF8044B60E700BFF5
S21401A3405869002010B4044C13460A46014620689A
S21401A3505DF8044B54E700BF586900200F4B70B5F9
S21401A3600F4DAB42A3EB050607D0B610002401340F
S21401A37055F8043B9847A642F9D80A4D24F070FADE
S21401A380094B5E1BAB424FEAA60606D000240134F9
S21401A39055F8043B9847A642F9D870BD2C6D0020AD
S21401A3A02C6D00202C6D0020306D002070B58607C6
S21401A3B047D0541E002A3ED0CAB2034601E0013CF3
S21401A3C039D303F8012B9D07F9D1032C2CD9CDB233
S21401A3D00F2C05EB052505EB054535D9A4F1100C29
S21401A3E003F1100E1A462CF00F064FEA1C1CB64459
S21401A3F0C2E90055C2E9025510327245F8D10CF196
S21401A400010214F00C0F04F00F0C03EB021213D030
S21401A410ACF1040323F003030433134442F8045B52
S21401A4209342FBD10CF003042CB1C9B21C4403F8CF
S21401A430011BA342FBD170BD64461346002CF4D128
S21401A440F9E703461446C0E71A46A446E0E700BF0C
S21401A45088420ED98B1883420BD900EB020C002AD6
S21401A4606ED0624613F801CD994202F801CDF9D1BA
S21401A47070470F2A0FD8034602F1FF3C002A5FD02F
S21401A4800CF1010C013B8C4411F8012B614503F8DA
S21401A490012FF9D1704740EA01039B0751D1A2F180
S21401A4A0100301F1200C70B523F00F0501F1100E19
S21401A4B000F110041B09AC445EF8105C0EF1100E9E
S21401A4C0103444F8205C5EF81C5C44F81C5C5EF8B2
S21401A4D0185C44F8185C5EF8145CE64544F8145CB5
S21401A4E0EAD1013312F00C0F02F00F0C01EB03114D
S21401A4F000EB031329D0ACF1040C1C1F8E462CF084
S21401A50003064FEA9C0C1E445EF8045B44F8045FA5
S21401A510B442F9D10CF1010402F0030203EB840307
S21401A52001EB840102F1FF3C4AB10CF1010C013B45
S21401A5308C4411F8012B614503F8012FF9D170BD48
S21401A540704702F1FF3C03469AE76246EAE700BF1E
S21401A5502DE9F04F82468E463F4875461EF801BBF0
S21401A56010F80B4014F00804F7D1BBF12D0F5BD0A7
S21401A570BBF12B0F6FF0004904BF9EF800B005F148
S21401A580020E33F0100010D1BBF1300F04D0002BB7
S21401A5905ED10A231F4609E09EF8000000F0DF00A6
S21401A5A058284ED0002B53D108231F460025B9FB4F
S21401A5B0F7F6284607FB16980EE0ABF1370C634515
S21401A5C01DDD002D04DB864202D321D1E0451FDAD2
S21401A5D04FF0FF351EF801BBABF1300CBCF1090F93
S21401A5E0EDD9ABF1410CBCF1190FE6D9ABF1610C19
S21401A5F0BCF1190F03D8ABF1570C6345E1DC6B1CBA
S21401A6000AD004B140420AB1CDB91160BDE8F08F5D
S21401A61007FB00C00125DDE72223CAF800305AB146
S21401A6200EF1FF314846F0E79EF800B04FF00049C2
S21401A63005F1020E0124A4E74846BDE8F08F8146E5
S21401A640EEE710239EF801B00EF1020E1F46ADE7AD
S21401A65010231F46AAE700BF41AA0400242B02D8F4
S21401A660012B00D074E710B500F02EFA1623036014
S21401A670002010BD10B5242A084C1346246807D8BC
S21401A680012A05D00A4601462046BDE810405FE78C
S21401A69000F01AFA16230360002010BD5869002046
S21401A6A010B5242A084C1346246807D8012A05D079
S21401A6B00A4601462046BDE8104049E700F004FA84
S21401A6C016230360002010BD58690020844641EA25
S21401A6D0000313F0030349D1403A23D30B68036008
S21401A6E04B6843608B688360CB68C3600B6903610A
S21401A6F04B6943618B698361CB69C3610B6A0362F2
S21401A7004B6A43628B6A8362CB6AC3620B6B0363D9
S21401A7104B6B43638B6B8363CB6BC36340304031BE
S21401A720403ADBD230320BD30B6803604B68436090
S21401A7308B688360CB68C36010301031103AF3D257
S21401A7400C3205D351F8043B40F8043B043AF9D2E5
S21401A750043208D0D2071CBF11F8013B00F8013BB8
S21401A76001D30B8803806046704700BF082A13D3C5
S21401A7708B07B1D010F00303AED0C3F10403D21A95
S21401A780DB071CBF11F8013B00F8013BA4D331F8ED
S21401A790023B20F8023B9FE7043AD9D3013A11F86D
S21401A7A0013B00F8013BF9D20B7803704B784370FC
S21401A7B08B78837060467047024B014618681BF021
S21401A7C095B800BF58690020024B014618681BF077
S21401A7D090B800BF58690020CAB384460B4630B50E
S21401A7E004460843800719D09CF800000C78A04264
S21401A7F012D150B3012A28D0E64603E01CEB030F22
S21401A80023D010B31EF8010F11F8014FA2EB0E036F
S21401A810A04203F1FF33F1D0001B30BD032A07D855
S21401A820E2E7043A11D01EF0803F0ED1032A10D978
S21401A8302068194653F8045BA446A0F1013E04348F
S21401A840A8422EEA000EECD0CEE7002030BD10461E
S21401A8507047A4461946C7E780EA010C1CF0030FAF
S21401A86037D110F0030C20F0030021F0030150F85B
S21401A870042B08BF51F8043B0ED08CF0030C6FF08C
S21401A8807F434FEACC0C23FA0CFC51F8043B42EA16
S21401A8900C0243EA0C0300BFA2F1013C9A4201BF3D
S21401A8A02CEA020C1CF0803F50F8042B51F8043BB4
S21401A8B0F2D04FEA02604FEA1222012828BFB0EB1D
S21401A8C0036F08BF1B0AF4D003F0FF03000EC01A83
S21401A8D0704710F0030F0AD010F8012B11F8013B56
S21401A8E0012A28BF9A42F4D0A2EB030070474DF824
S21401A8F0045D50F8042B01F0030521F0030151F823
S21401A900043B022D26D04DD822F07F45B5EB132F00
S21401A910A2F1013C2CEA020C0DD11CF0803C08BFD0
S21401A92051F8043B0AD185EA0205B5EB036F0CD159
S21401A93050F8042BE8E74FEA13235BE03CF07F4C2A
S21401A94054D10B784FEA126554E04FEA126503F0D2
S21401A950FF034FE04FEA0245A2F1013C4FEA1545DD
S21401A9602CEA020CB5EB134F18D11CF0803C08BF43
S21401A97051F8043B07D185EA0205B5EB034F09D12F
S21401A98050F8042BE6E75FEA0C4C2FD10B884FEA10
S21401A99012452FE04FEA03434FEA12454FEA1343AD
S21401A9A028E000BF02F0FF05B5EB136FA2F1013CF2
S21401A9B02CEA020C0DD11CF0803C08BF51F8043B78
S21401A9C00AD185EA0205B5EB032F0AD150F8042B0C
S21401A9D0E8E74FEA13630DE012F0FF0F06D051F8D7
S21401A9E0043B4FEA122523F07F4303E04FF00000BB
S21401A9F020BC704705F0FF0203F0FF00012828BFC6
S21401AA00904204BF2D0A1B0AF4D0A2EB000020BC22
S21401AA10704700BF08B5064B044613B1002100F08D
S21401AA20AFF8044B1B6803B19847204619F033FA78
S21401AA3081AB010014500020002301461A46184637
S21401AA4000F048B8032A30B415D941EA0004844618
S21401AA500B46A40704D0541E0FE0043A032A08D973
S21401AA601946604653F8044B5CF8045BA542F4D0E3
S21401AA70F1E760461946541E7AB1431E01390219A0
S21401AA8001E09A4209D013F8010F11F801CF604591
S21401AA90F7D0A0EB0C0030BC7047002030BC7047EC
S21401AAA038B5074D074C2C1BA41005D0013C55F8B2
S21401AAB0043D9847002CF9D1BDE8384023F0D6BEB6
S21401AAC0346D0020306D0020014B1868704700BFC0
S21401AAD058690020F0B5264C83B006460F46256817
S21401AAE005B36C681F2C3FDCA6B1D5F8880048B3C7
S21401AAF0D0F800114FF0010C40F82420022E00EB94
S21401AB0084020CFA04FC4CEA0101C0F80011C2F8F8
S21401AB10803010D0631C002002346B6045F824702E
S21401AB2003B0F0BD13491448216010B10068C1F8A4
S21401AB308800104DD5E7D0F8043143EA0C03C0F87D
S21401AB400431E7E70D49CDE9002369B14FF484707C
S21401AB50FFF732FE40B100216C68C0E94011DDE923
S21401AB600023C5F88800C5E74FF0FF30D8E700BFDF
S21401AB70A45000201850002000000000B9A70100D2
S21401AB802DE9F04FDFF8B49083B0D9F8006096B3A2
S21401AB90884601907568D6F888706C1E2BD40135EE
S21401ABA007F1800B06EB8505B8F1000F26D1736817
S21401ABB02A68013BA3423BD000232B60BAB1D6F8EA
S21401ABC004A05FB30123D7F80011A3400B4225D0A0
S21401ABD0D7F8040157F8241003422BD10198904767
S21401ABE07368D9F8002053451ED1B2421CD1013CEE
S21401ABF0043D631CD8D103B0BDE8F08F4FB15BF8BC
S21401AC0024304345D3D0013C043D621CF3D0002FD1
S21401AC10F5D1013CEFD3013CFBD2ECE790477368DA
S21401AC20D9F800205345E0D0002AE4D01646B1E713
S21401AC307460C3E708469047D2E700BFA4500020DF
S21401AC40431E033306D8044B984228BF184664288F
S21401AC5038BF6420704700BF40420F0038B5194B1B
S21401AC6005461B680C4603B1984744B1236833B1C7
S21401AC701B68013303D0E3680BB1A3684BB91EF020
S21401AC809FFD00204FF4C172412100F0FFF9212001
S21401AC9038BD204602F04AFC00230B4A85F83C31B9
S21401ACA0C5E93743C2E9003363694BB1074A42211C
S21401ACB010684FF4D272C31A5842584100F0E6F9B0
S21401ACC00020E5E714530020E065002078530020BB
S21401ACD0F8B5044623F0B5FA002607460E4B1B6866
S21401ACE093B19E68AEB196F82420D20711D43546AA
S21401ACF00FCC0FC50FCC0FC523682B6096F82430F8
S21401AD0043F0010386F82430384623F095FA30469E
S21401AD10F8BD1B68E4E700BFAC69002010B5044627
S21401AD2018B9054B054A136010BD00F0D9FCD4F8DC
S21401AD30E830002BF6D1F4E76B8F0300A8690020FA
S21401AD40014B1868704700BFE065002008B5024651
S21401AD500868FFF775FF08604868FFF771FF4860ED
S21401AD608868FFF76DFF8860C868FFF769FF0B69A1
S21401AD70C860581C03D00B48834228BF03460B61AA
S21401AD804B69581C03D00748834228BF034688698D
S21401AD904B61FFF755FFBDE808408861104601F09A
S21401ADA07BBC00BF40420F00D0F8E0302DE9F041F7
S21401ADB005460C4613B1C38D8B424CD0D5F8DC301A
S21401ADC0002B4BD09E68002E48D0D868002845D06E
S21401ADD0013800B200281ADB002106E0128A591C4D
S21401ADE0A24217D209B2884211DB0B1803EBD373C8
S21401ADF05B1003EBC30206EB8202B2F80EC003F14E
S21401AE00FF3EA445EAD90FFA8EF08842EDDA2120FA
S21401AE10BDE8F0814FF6FF7299B29142F7D09BB22E
S21401AE2003EBC30306EB83062846B6F9122095F812
S21401AE303011D5F8F080EFF755F80746B8F1000F56
S21401AE4004D00023324628461946C047EC85C5F88B
S21401AE50E06085F839710020BDE8F0810E20BDE87C
S21401AE60F08100BF2DE9F04782B004460F46164632
S21401AE7001F086FE002863D14F4D2B68D4F8DCA084
S21401AE80D4F8E0800BB1534576D04FF00009AF609F
S21401AE9001F09EFE0128074665D120461EF0CFFB35
S21401AEA0002851D12B68DAF80010D8F8002013B129
S21401AEB0186888426BD020461EF073FBC5E900A8CF
S21401AEC0D4F8F0508DF80760002D67D00022204698
S21401AED011460DF10703A847204600F0EDFF054691
S21401AEE0B9F1000F0FD076B9D4F88C300BBB012F17
S21401AEF005D025B1314B002103205B6898472846D1
S21401AF0002B0BDE8F087B5FA85F040F2075233216A
S21401AF10400900F0BBF83146204601F00BFA284BF9
S21401AF2005461B68414620469847D4F88C30002BCE
S21401AF30DDD000224FF40073204600F0E1FBD6E797
S21401AF4000231D4D6B6098E794F82530DA07A9D5E4
S21401AF50D4F894305B05A5D51A4B01220021204672
S21401AF601B6898479EE70021012000F001FC01F0D4
S21401AF702FFE0128FBD190E76B68002B85D0434557
S21401AF8083D1AB689F4215D04FF001097FE769680E
S21401AF9011B10968914291D059688CE794F82A104A
S21401AFA094F839313246994228BF1946204600F0B6
S21401AFB0D1FE91E70025A2E7E0650020B4690020F4
S21401AFC0A869002018530020F8B50F46054623F05F
S21401AFD038F9394606462846FFF7E6FE044620B10C
S21401AFE0304623F029F92046F8BD01F0A7FD224698
S21401AFF039462846FFF736FF04460028F0D1284692
S21401B0001EF01DFB0028EBD095F8253013F0010348
S21401B0100DD0D5F8942052050DD5B5F82A21BA429F
S21401B02005D0B5F82C31DB1BB3FA83F35B09034A71
S21401B03082F8C430D4E72346F9E700BF001E00B00B
S21401B04013B5044669461EF0BEF820461EF002FA05
S21401B050FF28024606D020469DF80010EEF7C0FFF6
S21401B06002B010BD0048FBE70080FFFF38B5044D75
S21401B070044C054B286021601A6022F037FD38BD6C
S21401B080A8520020B0690020AC52002010B550B97B
S21401B0900548064B0160064802601868054B1860B3
S21401B0A01868FFF7E3FF10BDB069002004540020C4
S21401B0B0AC520020A85200202DE9F0418AB001AC24
S21401B0C005460B462746194A02F1200C264610680B
S21401B0D05168083203C662453446F7D1002B08BFD3
S21401B0E03B46002710681C463060384603F10C06C4
S21401B0F090B95FFA87F84246284621881EF0A2FAE0
S21401B10050B942462846E1881EF0ADFA20B94246BB
S21401B110314628461EF0B9FA0137032F06F1080614
S21401B12004F10204E4D10AB0BDE8F08164AB040086
S21401B130F0B589B005460E461EF0B6FA044600BBC9
S21401B14001AC06F10C070FCF0FC497E8070084E89F
S21401B150070001A92846FFF7F9FD2846311D1EF014
S21401B1607DFC044648B92846074901F057FA0446CB
S21401B17018B9284601F0C6FD044628463168FFF78F
S21401B1809BFF204609B0F0BD5CAB040001491EF0F0
S21401B1906DB800BFD5CC010070B5164E0328044625
S21401B1A00D4633781ED023FA04F202F00102AA42B9
S21401B1B01DD053B10122A240A54023EA02032B432E
S21401B1C0DBB233704BB1012070BD2DB10A4B0120AB
S21401B1D01B6898473378EDE73570074B00201B68EE
S21401B1E09847F0E79A07DED003F0FC03E9E7002072
S21401B1F070BD00BF21630020EC52002038B5044624
S21401B2000D4605F077FD60B101F0C6FC48B9012D89
S21401B21007D801201EF0F3F90D4B1B6823B15B68BC
S21401B22098470C4B1C7038BD23F062F90A4B1A681C
S21401B230801A186021F0D4FD4FF47A72074B1B6810
S21401B24002FB00301EF010F8012001F0ADFCE8E72B
S21401B25010530020F96C0020E4520020E852002030
S21401B260F8B505460C4622F0ECFF104F06463B7833
S21401B27033B1012D04D01CB90D4821F003FD3C70FB
S21401B28021462846FFF788FF0A4B04461B783BB940
S21401B2903B782BB91EF0A7F910B1074B1B689847EE
S21401B2A0304622F0C9FF2046F8BD00BF22630020C9
S21401B2B0C052002021630020B4690020054A0B46D5
S21401B2C0117831B100211170034A012152681878B2
S21401B2D01047704722630020B4690020124B0239E0
S21401B2E0012910B518701ED805F004FDD8B101F07B
S21401B2F053FCC0B101F034FAA8B90C4B1C6834B148
S21401B30023689847BDE8104000201EF078B91DF06C
S21401B310A9FF074B186023F0EBF8064B1860204690
S21401B32001F042FCEEE710BDF96C0020105300203E
S21401B330E8520020E452002038B5044680B122F0DD
S21401B34080FF01210446084621F040F901210B4AFD
S21401B35008461AF09FFB2046BDE8384022F06CBF35
S21401B36022F06FFF05462146012021F02FF901202A
S21401B3702146024A1AF08EFB2846EDE7BD810400FD
S21401B380F0B585B022F05DFF344D04462B7823B12D
S21401B390334821F077FC002852D121F0FDFC02AAA7
S21401B3A003A91EF00AF90346002838D01EF019F941
S21401B3B0029B98421CD100202A4B03991B682A4EF7
S21401B3C09942307020D90027C91A012324482B70CE
S21401B3D0264A3346CDE9007723F066F8002837D1B0
S21401B3E0234A1378D90701D53178F9B1204611E0FF
S21401B3F01EF0F5F8029B984228D0002318461949FA
S21401B400194A0968137003910121FFF7C5FE00234D
S21401B41020462B7022F010FF002005B0F0BD20461C
S21401B4202B7022F009FF212005B0F0BD03F0FE03CA
S21401B4301370002BDAD10F4B1B6898472046E9E7BB
S21401B440204622F0F9FE0E2005B0F0BD0220B3E73B
S21401B450032320462F703370F3E700BF22630020DA
S21401B460C0520020E0520020F86C0020BDB201005E
S21401B47021630020EC52002038B522F0E2FE0F4D89
S21401B48004462B789BB90E4A0E4913700E4B0F4A91
S21401B4900F481A600F4A5A60F0F7CEF90E490F4866
S21401B4A0F0F7CAF90E4B0F4A1A6001232B70F0F71A
S21401B4B0CDFA204622F0C0FE002038BD23630020CE
S21401B4C02263002088AB0400B469002081B3010028
S21401B4D0B052002061B2010090AB0400B8520020C7
S21401B4E0EC52002039B301002DE9F0438F788046F5
S21401B4F00F2F0C4685B003D9212005B0BDE8F08397
S21401B50027B90123374A00201370F6E70D784E78E5
S21401B510EDB9002EF0D194F90310E08803F00AF893
S21401B5202128E9D055EA0603A088DFF8C89013D091
S21401B53003F064F84FF60403B9F8002001469A4276
S21401B5404BD1AE42334638BF2B4600262DE0082DA0
S21401B550D2D8082ED0D8DEE703F050F84FF604050F
S21401B56001464FF60500204A136E9BB2AB4208BF58
S21401B5700346B1F5803FA9F800300FD9022308250C
S21401B580136680230126C2F880302B4649084FF601
S21401B590FF720139914228BF114608E08023012637
S21401B5A008251666C2F880302B460029EFD1002206
S21401B5B002920122013FFFB2009201972A4608F14A
S21401B5C0F80002F0B7FE1EB14FF48012074B5A6521
S21401B5D0074BA2681A60022394E703480266A9F89B
S21401B5E00030AEE72463002000C001B800D001B8E7
S21401B5F0F85200207C6C002010B50446D0F81821C3
S21401B6000B4B4FF40061C3F8A82090F82420D20118
S21401B61002F4006205F0D2FA94F8243013F0100F09
S21401B6204FF4007314BF034A034A136710BD00BFEB
S21401B630001E00B0001002B8002002B8431C07D05C
S21401B6406FF0FF02034B10401A62A3F58053186295
S21401B650704700BF00E000B8F8B504460F4616462E
S21401B66022F0EFFD0546A047044620B1284622F009
S21401B670E3FD2046F8BD04F07FFC04220549D1F81D
S21401B680D83E23EA07033343C1F8D83E024B1A6774
S21401B690ECE700BF001000B0002002B800F018036D
S21401B6A0182B0AD003070AD440F2011310F0100039
S21401B6B018BF1846034B186570470020FAE70120AB
S21401B6C0F8E700BF001F00B0044B1868830654BF9C
S21401B6D0C0F30F204FF6FF70704700BFE053002005
S21401B6E038B10368044A002B08BF1346034A1360A7
S21401B6F07047014BFAE700BFB3920300C069002010
S21401B70010B4D0E9544122400B4052EA030104D060
S21401B71003495DF8044B096808475DF8044B704718
S21401B720C06900200F2938B505460C460ED801F031
S21401B7304FFA01280CD1074A2846D36B23F00F0392
S21401B7402343D3631DF0BFFF002038BD2120FCE753
S21401B7500220FAE7001F00B0014B186C704700BFCB
S21401B760001F00B0014B002019647047001F00B095
S21401B77003282DE9F347884655D82C4B13F800903B
S21401B7802B4B1E5C2B4B13F800A022F05AFD0746EC
S21401B79004F03EFB054640B100230022CDE900330C
S21401B7A001200023002104F079F904F039FB48B1A7
S21401B7B000230022CDE90033002000234FF400418E
S21401B7C004F06CF96EB31C4BDC6C04F008041B4BE4
S21401B7D03146DC64484604F02DFC52463146484664
S21401B7E004F092FC164BDC646DB1164B1868D0F869
S21401B7F09410F83003F06EFA13490868FFF71EFF3D
S21401B8004FF0FF330B60B8F1000F04D00F4B00214F
S21401B81003205B689847384602B0BDE8F04722F03F
S21401B8200BBD3446D3E702B0BDE8F087A0AB0400F9
S21401B8309CAB040098AB0400004000B8006000B860
S21401B840005000B804540020BC690020B4690020F0
S21401B8500F4A136F13F0A00F15D1506F10F00400AC
S21401B86013D10C4BD3F8D83E23F07F4323F0FF03CC
S21401B8705BB1D368C3F30362092A07D0B2F10C00A7
S21401B88018BF01207047002070470120704700BF95
S21401B890000002B8001000B070B50D46064620B98B
S21401B8A01A4B1B68A3B10E2011E001F091F9012893
S21401B8B029D1174B93F90040C4F11C04641BC4F151
S21401B8C01C03002BB8BF5B42232B0CDD212070BD6F
S21401B8D081EAE173A3EBE173DBB2232BF6D80C4BC1
S21401B8E019700020F3E786F8285022F0AAFC094ACE
S21401B8F0E402D36904F4FF2423F4FF231C43D46138
S21401B90022F09AFCEDE70220E1E700BF0454002094
S21401B9102563002000C000B818B9034B93F9000056
S21401B920704790F9280070472563002010B504463B
S21401B9301DF085FE10B1012001F0D4F92046FFF775
S21401B9405BFE22F07EFC0A4A0121D2F8A0300446B2
S21401B95023F02003C2F8A0300222064B08469A6064
S21401B960054B5B689847204622F066FC002010BD18
S21401B970001E00B0001002B8B4690020064B5A6AD7
S21401B980920207D4D3F8803013F4706F14BF0120ED
S21401B9900020704701207047004001B8F8B50E46F8
S21401B9A0D0F8943002EA010423EA01032343C0F8E5
S21401B9B09430464A01F00B0323EA0401D164234084
S21401B9C0A2F58052D3647207054610D50121FFF710
S21401B9D0D5FF60B104F0D0FA4FF4007314F0040FF1
S21401B9E014BF3B4A3B4A536204223B4B1A67F30699
S21401B9F006D514F0100F14BF00221B22374B5A65D0
S21401BA0037061DD5200616D54FF40012304B1A62A4
S21401BA10012203F58053C3F8002122F012FC0E2107
S21401BA200746032003F09EF840F201222B4B3846CE
S21401BA30DA6222F001FC214605F1F80003F04AF92A
S21401BA40F10503D5E2052AD503F05CF8B30503D565
S21401BA50A70527D503F062F816F48C6F1DD014F4F1
S21401BA60806224D095F82530DC070CD5EA8DB5F830
S21401BA702A31934219D0B5F82C31981A43424341E2
S21401BA80174A82F8C430D5F8E41028461DF012FC97
S21401BA908022144BD864144B1A610020F8BD03F0C1
S21401BAA02BF8D3E703F034F8D6E70123E8E771056E
S21401BAB0E9D595F82530DB07E5D5094B114683F81E
S21401BAC0C4200A4B28461B689847DCE7006000B88C
S21401BAD0005001B8006001B8002002B8004000B86C
S21401BAE0001E00B0001F00B0000002B8185300206E
S21401BAF0014B1868704700BF0453002037B522F089
S21401BB00A0FB002401230022CDE9003400230546D2
S21401BB101946104603F0C2FF022002F0E7FA064B70
S21401BB2021461C60054B02205B689847284622F098
S21401BB3083FB204603B030BD0C530020B4690020BF
S21401BB402DE9FF4102290D4616469846039004D179
S21401BB50FFF7D4FF04B0BDE8F08122F072FB1E4F60
S21401BB6004463B683BB1B34205D022F065FB002397
S21401BB7021203B60EEE7194B0022C3F800803E60AF
S21401BB80002301264FF0000810461946CDE900664D
S21401BB9003F084FF124B022083F8008002F0A6FA1D
S21401BBA043462A46022003A902F0BEFA0D4B039A29
S21401BBB01A6008B92046D8E70B4D2B68984721280C
S21401BBC004D0204622F038FB0020C3E731466B68DC
S21401BBD002209847F5E700BF0C53002008530020C9
S21401BBE02763002004530020B4690020044B5B6ED9
S21401BBF05B054EBF0120034B187800F0010070472B
S21401BC0000C001B8276300200A78022A11D0101F4D
S21401BC104242424152004B781201022B0BD0191FAF
S21401BC204B424B415B000549054842EA8312FFF748
S21401BC3013BD0122EFE70123F5E700BFF0FFFF0088
S21401BC4019CC01000B78022B10D0181F4342434138
S21401BC505B004A78022A0BD0111F4A424A41520021
S21401BC600F21044843EA8202FFF7F6BC0123F0E7FE
S21401BC700122F5E745CC01002DE9F8430E7804468C
S21401BC80042E0D4690F830810BD100275FFA87F914
S21401BC90484601F07DFD08B14E4602E00137042F0B
S21401BCA0F4D1304601F074FD002849D094F83031C3
S21401BCB0B34209D1AA88D4F8A8309A4204D16A8836
S21401BCC0B4F832319A4238D084F83061AB883046C5
S21401BCD0A4F834316B88A4F83231AB8804F5987532
S21401BCE0C4F8A830FF2384F82B301DF09DFD84F89E
S21401BCF02A00284601F078FC18BB284601F03EFDD4
S21401BD00F8B9D4F8E03053B194F83011414506D073
S21401BD102046B3F91220EEF7E5F884F839012046FB
S21401BD2001F09AFE0949A4F834010123084AD1F822
S21401BD30FC1004F1F80003F0AFFC0020BDE8F88326
S21401BD4021200C2384F83031F8E700BF001F00B033
S21401BD50581F00B0F8B5054690F830010C460C287F
S21401BD60164623D0FF2923D01AB14FF0FF32114BCC
S21401BD701A601DF059FD074695F8300101F068FD7F
S21401BD80844228BF0446E4B2BC4238BF3C46E0B217
S21401BD9085F82B0001F002FEFF280CBF21240024A9
S21401BDA016B9284601F068FD2046F8BD0224FBE7D7
S21401BDB02124F9E7C469002010B590F83031044613
S21401BDC00C2B43D0D0F8E03080F82A10D3B3D0F84B
S21401BDD0F020CAB990F839318B421BD30022204695
S21401BDE0FFF7B8FF40BB1A4B1B78022B23D820461F
S21401BDF001F032FE17490123174AD1F8FC1004F16D
S21401BE00F80003F049FC16E0B0F94220B3F912300D
S21401BE109A42E3DD0022204694F83911FFF79AFF93
S21401BE2050B9C4F8E00020461DF047F94FF6FF73FD
S21401BE309842014601D1002010BD2046BDE81040C1
S21401BE40FFF7C2B8FF2380F82B30F4E70220F3E7B0
S21401BE50806C0020001F00B0581F00B0F0B51D46D2
S21401BE60144B04461B780F46164685B05BB1D0F8D6
S21401BE70E030E3B102AAB3F912300092002218F0C2
S21401BE806BFD05B0F0BD02A91DF09DF99DF80810E7
S21401BE903A462046EEF726F8014626B92A462046B7
S21401BEA0FFF758FFEDE72046FFF786FFE9E718465C
S21401BEB0E7E700BF6A830400D0F89C30012B01D16C
S21401BEC00020704770B5044665498CB01DF0E1FC52
S21401BED0D4F8E0600146E58DC4F8E40026B1336885
S21401BEE013B15B68002B71D122F0ABF922F0A4F9F3
S21401BEF00123D4F8E4108DF80630B389D6E9012081
S21401BF00EB1A9BB200FB03225648ADF804300368D7
S21401BF1000928B4207D020461DF0CCF98022524970
S21401BF20524BC8641A61514D00F052FE0128FBD1F4
S21401BF30AB689E06F8D420469DF80620009906AB0D
S21401BF4003F0E6F800283ED100F042FE0128FBD1BE
S21401BF50464A136FD801FCD493689906F9D468460B
S21401BF6006A903F08DFA054668BBE28D404B5A647C
S21401BF7094F8243060F3410384F8243000F0EEFF97
S21401BF80D4F8E0305969431E0E68DBB2FD2B0296E9
S21401BF9022D9F31C34D84B68FF2803935ED10126BF
S21401BFA0DA1C25D8024602A920461DF09BFBE6B9FD
S21401BFB0D4F8543199053FD494F8243043F0020361
S21401BFC084F8243011E002200CB070BD1A68032AF0
S21401BFD08AD99B6A5B0E8EE74B6801280393DED0F5
S21401BFE00246204602A91DF07DFB00200CB070BD64
S21401BFF00133204B5B6816D0DA1C23D80393D1E7B4
S21401C0001C4B01361B6818BF0126DD1C06D802939F
S21401C0104B68FF280393C3D00020C3E7FF284B6873
S21401C02019D00393C3E7DD1C0FD80246204602A9A8
S21401C03003931DF057FBBBE720464FF480311DF0FC
S21401C040D9FCD2E7FF28B2D1E6E7FF28B0D100221B
S21401C050204602A9EDE701200393A1E72A46C0E79F
S21401C060FC1F00B0F4520020001F00B0000002B810
S21401C070008001B8CC69002010B50C4619B11DF03E
S21401C080DEFA00B10434204602F0B8FA024B404210
S21401C090C3F8C80E002010BD001000B0838E70B526
S21401C0A093420C4615461CD3836C8B4208BF002472
S21401C0B022F0C7F84FF49C530B490646CA68C2F3F0
S21401C0C00362D340DA0702D50B6F9B0304D4012227
S21401C0D02946204601F016F8304622F0ADF8002039
S21401C0E070BD2120FCE700BF000002B82DE9F84F23
S21401C0F0064615460B4611B92120BDE8F88F002AE1
S21401C100FAD0032905D8002201F05EF9034600287B
S21401C110F2D01C889978B4F5804F01F0070080F0C2
S21401C120C580A0F1070C1A7993F805A0DF88DCF129
S21401C130000343EB0C0305282B7394BF0023C1F3C4
S21401C1400013C1F3801C6B738B0985F810C003F0D4
S21401C1500203C1F3C00C43EA0C03C1F340116B7434
S21401C160A974AF82002A40F0828096F81E31013B06
S21401C170DBB2EB74D6F89430DF0600F18380063824
S21401C18001287FD8B6F81280F76908F1FF38484BC6
S21401C190083C04EA08045B6D3B5D0134802B0EBF4E
S21401C1A06FF07F03323B5BB2AB730023AB6096F854
S21401C1B0279004EA0804B9F1000F61D1631D03EA70
S21401C1C008035A1C02EA0802BA5CFB5C43EA022333
S21401C1D0D9040FFA83FB4CD5D6F8E43013B11B68AB
S21401C1E0022B05D841F24D724C210020FEF74EFF7E
S21401C1F0D6F8E420CBF30B0392F82420DB000AB137
S21401C200B3FBF2F39A4508D83BB1CAEB0A2ABAFB4C
S21401C210F3FA6FEA0A0A5FFA8AF9D6F8EC3023B124
S21401C220484695F90E1098478146631C85F80F908D
S21401C23003EA0803F95C013303EA0803FA5C0133F5
S21401C24003EA080341EA0221FA5C013303EA080320
S21401C250F85C41EA0241002341EA00616A7C30460B
S21401C26003F0D8FA06232860AB71002045E7531E79
S21401C2707EE717F804904FEA49095FFA89F9CCE797
S21401C2809946D2E700230020EB730A4B5A69C2F3A2
S21401C2900723120448BF63F0FF035AB212F1800F5E
S21401C2A01CBF323B5AB2AA730346DCE7022024E7DE
S21401C2B0004000B800C000B838B5148811F0030576
S21401C2C04FEAC40422D13F2C20D9B4FA84F4C4F135
S21401C2D01903DBB2052B01D8192C15D0052B28BF65
S21401C2E0052301240633DBB29C40C4F3CF0313803D
S21401C2F003828161448700F02DFF054A631E2343B4
S21401C300C2F8A430284638BD2B46EAE72125F9E7CE
S21401C310001E00B011F5004F1FBF01F30E01044BC4
S21401C320C1F30E01002014BF99642120704700BF9D
S21401C330008001B8F8B504460E4619B990F82430C5
S21401C3405A063FD44FF6FF73618ED4F8E4709942D3
S21401C35004D0314B1B680BB1204698472F4D2B68F4
S21401C360BB424DD02E4B1B683BB11FB13A68002A29
S21401C37048D0BF683946204698470727204601F02F
S21401C3806BFB002E32D006270126264B94F9282077
S21401C39093F900302449C3F11C039B1ACA69DB02D6
S21401C3A022F4FF2203F4FF231343CB61D4F8E430D5
S21401C3B01E4A2B601E4B976720461E701DF083F9A0
S21401C3C00020F8BD4FF6FF71144DD0F8E4702A68CE
S21401C3D066F386139742418680F8243017D0104BB7
S21401C3E01B68002BC1D101F037FB072711493B46DB
S21401C3F0114AD1F8FC1004F1F80003F04DF9C2E738
S21401C4000127BBE71746204639469847B5E701F0AE
S21401C41023FB0127EAE700BF00530020F452002067
S21401C420FC5200202563002000C000B8006000B860
S21401C43026630020001F00B0581F00B0054A12688E
S21401C4401AB190F81E1119B91047084602F0AABB96
S21401C45001487047F052002000FEFFFF344B2DE9E3
S21401C460F7431C6801F4007900F00103174653EA0C
S21401C470090206460D4635D04FF000083BB30023AF
S21401C480002200210120CDE9008803F007FB0420EB
S21401C49001F02CFE41462046FFF7D0FF012241461F
S21401C4A0208610461CF0BBFDD4F8941004F1F80069
S21401C4B002F010FC1F490868FFF7C0F84FF0FF3381
S21401C4C00B6094F8243043F0040384F82430B9F167
S21401C4D0000F07D0012120461DF08CFA25F40075C7
S21401C4E006430D432B4632462046FFF709F9FB0764
S21401C4F00FD51149114A08680021136811600121FE
S21401C5000F4A117003B198470E4B002102205B6859
S21401C510984717F00E0F08D04FF409723B21002000
S21401C52003B0BDE8F043FEF7B1BD03B0BDE8F0834C
S21401C53004540020BC690020085300200C5300203E
S21401C54027630020B469002008B54822002102486C
S21401C550FDF72CFF002008BDDC1E00B073B5782166
S21401C5606422A0F8141182210C23C0E94112C0E90B
S21401C5704322C0F8002107224FF0FF35002680F83D
S21401C58030314FF6FF730446C28700F14C028264D5
S21401C5901E4AC385A0F8403080F82C30438642639B
S21401C5A0038780F82860C0F8A850458580F8265093
S21401C5B003F03EFC2046FFF7C7FF94F928102046FB
S21401C5C0FFF76AF9602340F6FF71114A2046D364EB
S21401C5D002F11C42D162D1650E4A2946D36440223B
S21401C5E00D4B1A67D4F89420FFF7D8F90E230022D2
S21401C5F0CDE9003340F202231046194603F04EFA05
S21401C60001F0E2F8304602B070BD00BF4000FFFF07
S21401C610004000B8005000B8002002B810B50C4623
S21401C620FFF792FFBCB1A378082B16D8E278082A48
S21401C63013D843EA021313F0FF030CBF19466168CF
S21401C640074AC2F8DC10217882F82011617882F856
S21401C650233182F82111002010BD2120FCE700BF04
S21401C660001E00B0012A10B512D8032B10D803EB18
S21401C67082020123074C934094F82201DBB221B1D8
S21401C6800343002084F8223110BD20EA0303F8E7B3
S21401C6902120F9E7001E00B0034670B50C68B0F81B
S21401C6A03421013408BFD3F800418D6808BF0C60FF
S21401C6B04C68F830013404BFD3F80C414C606E1C52
S21401C6C03CD1D3F80841CE688C60751C3CD1D3F8B8
S21401C6D004510E69CD60013604BFD3F8F8600E61CF
S21401C6E04E69013604BFD3F8FC604E618E6901368F
S21401C6F004BFD3F810618E618E695EB35A32B242BE
S21401C70038BF32460E688A6116B15A2E38BF5A268D
S21401C710C3F808414C68C3E94065C3E943420A6966
S21401C720C3F8F8204A690C49C3F8FC20D1F8FC107C
S21401C73007230A4A02F0B0FF002070BD02F15A0436
S21401C740AC4238BF2C46BEE702F17805B54238BF89
S21401C7503546BEE76422D5E7001F00B0581F00B07B
S21401C76070B521F06EFD04460B4E00F031FA01283B
S21401C77005D0204621F060FD0225284670BDF368ED
S21401C78013F0706FC3F30365EFD1B36ADB06ECD524
S21401C790204621F051FDF0E7000002B838B521F03F
S21401C7A050FD4FF6FF710A4A13888B4203D121F0E0
S21401C7B043FD0E2038BD074C074D1B046566A4F5E6
S21401C7C080546366118021F037FD0020F2E700BF38
S21401C7D07E6C0020006001B80000FFFF2DE9F743E2
S21401C7E004460F4615461E46FFF732F830B3A38AB5
S21401C7F023B320461CF029FD78B9002E40F0F280C4
S21401C800794BD3F8D83E03F03002102A00F0EA80C4
S21401C81003F0C003402B00F0E580DFF80082D8F873
S21401C8201430D90740F1DE8021F00BFD06460320C7
S21401C83001F058FD30B1304621F0FEFC022003B075
S21401C840BDE8F083D8F8142012F00608F3D130467C
S21401C85021F0F2FC644B4FF400612046D3F8D89ED9
S21401C860D3F8AC6E04F0BEF940B14FF4007201216A
S21401C8705E4B08461A6742461CF0D1FB94F82530F9
S21401C880DA0707D5D4F894305B0542BF4FF400228F
S21401C890574B1A6739462046FEF796FB524BC3F8AC
S21401C8A0D89EC3F8AC6E0028C9D194F824309806F7
S21401C8B001D4002D57D0C5F3400003F023FB02231B
S21401C8C015F4807F1BBF0021494A484A136717BFEA
S21401C8D0484A13675161136303F04EFB4FF48063BC
S21401C8E015F0040F14BF444A444A15F0400F536232
S21401C8F04FF004023D4B28461A674FF0400314BF21
S21401C9003F4A404AC2F88830FEF7C8FE20461CF06F
S21401C910C6FD38B14FF4807315F0010F14BF344AC9
S21401C920324A1367A90647D54FF6FF72B4F840306E
S21401C93093420FD0344A3549526E100CC2F301129D
S21401C9400132B3FBF2F308802B4A2C4930481B0412
S21401C95048665366003D18BF012594F8243065F3F8
S21401C960451384F8243020461CF069FEF0B12046B9
S21401C9701CF095FDD0B14FF40031204604F032F999
S21401C980431C03229BB2234801A91CF010FF9DF80B
S21401C990042002F00703052B9DF8053015D1120778
S21401C9A00DD443F480731C4AC2F8B830002003B09B
S21401C9B0BDE8F0431CF008BFFFF7F0FECAE713F02E
S21401C9C0040F09D19DF80630EBE703F03002202A68
S21401C9D005D113F0010FF4E74FF48073E3E79DF8F8
S21401C9E00630E0E70E202AE7001000B0002002B86B
S21401C9F0001002B800400054005001B8006001B8B1
S21401CA0000D000B800E000B8004001B87E6C0020FD
S21401CA100000FFFF08400054001E00B000C001B82F
S21401CA202DE9F3410646884615461F4621F009FCC6
S21401CA300446032001F056FC38B1204621F0FCFBE9
S21401CA400E24204602B0BDE8F081042001F04AFC25
S21401CA500028F2D1204621F0EFFB01232A46414669
S21401CA603046FFF7BBFE04460028EAD1DFF8C8804F
S21401CA705FB388F8000039463046FEF735FD0028DA
S21401CA804CD198F80030012B1CD02022244B1A6779
S21401CA90244BDB6CB3F5817F1FD201201CF0D5FE41
S21401CAA021F0CFFB204B06461B680193CBB901F062
S21401CAB093FC15F0800526D101F0E0FC284603F032
S21401CAC0F5F925E003F008FABBE798F80030012BEA
S21401CAD0F8D0002BD9D12124B3E78022134B1A6159
S21401CAE0DBE7042001F002FB00230122042001A958
S21401CAF001F01AFB0028DAD103F056FA2124304659
S21401CB0021F09AFB9DE70022094B9A6701F0B6FCDB
S21401CB10084B01215B6800209847F0E7044690E740
S21401CB20001002B8001F00B0F8520020000002B842
S21401CB3000C001B8B46900202463002008B50C4B7E
S21401CB40D3F84C114B1C12D011F080410FD1094B78
S21401CB501B6813B10320FEF70BFE4FF080624FF403
S21401CB600071054BDA67054AD16201225A6108BD98
S21401CB700080E00F04540020001002B8004000B806
S21401CB804FF40022034B186F03F500531A67C0F3E6
S21401CB90C0407047000002B8024B586900F001001F
S21401CBA0704700BF00C001B8084B5A69D10707D5C6
S21401CBB008B901F077BA5B69DA0706D401F064BAFE
S21401CBC05B69DB0701D40028F8D1704700C001B8C3
S21401CBD00F4BDB68C3F30363013B0B2B0FD8DFE876
S21401CBE003F006060C06060606080A0808080220D0
S21401CBF07047042070470520704703207047054B97
S21401CC005B6913F0060F0CBF01200420704700BFBC
S21401CC10000002B800C001B8094AD368C3F3036331
S21401CC200B2B08D06FF49050184100F0010080F0F3
S21401CC30010040007047106F10F48030EDD170474E
S21401CC40000002B80C4AD368C3F30363062B07D867
S21401CC50042BD8B20BD8C31E584258414000704727
S21401CC60072B06D1D2F830010028ECD170470220FC
S21401CC7070470020704700BF000002B8094BDB6810
S21401CC80C3F303639A1E012A8CBF00220122012BE3
S21401CC9002701EBF4FF4026222FA03F303F001038F
S21401CCA00B707047000002B8094AD368C3F30363E8
S21401CCB0032B01D0072B08D1536FDB0605D4906FE9
S21401CCC080F00800C0F3C00070470020704700BF26
S21401CCD0000002B8024B002219681CF091BC00BF8C
S21401CCE004AC0400024B1B6803B11847704700BF31
S21401CCF024530020024B1B6803B11847704700BF3E
S21401CD002053002010B5FF224FF6FF7104461CF099
S21401CD1099FC68B9FF224FF6FF7120461CF0A3FC70
S21401CD2030B92046BDE81040FF2202491CF0ADBCD8
S21401CD3010BD00BFA8AB04002DE9F0411C46184BFE
S21401CD4005461E680F46904646B1306801F01CFE47
S21401CD50F3681BB1B368186801F016FE114B1B6827
S21401CD602BB1DA681AB19B68186801F00DFE9DF8C0
S21401CD701830640744EA08425B0503F0BC6342EAE4
S21401CD80C7621A432846084942F4C87203F016FFE0
S21401CD90002228461146FFF781F90020BDE8F08100
S21401CDA000AC040004AC04009007E12D08B5FFF7C1
S21401CDB07BFF88B1094BDA6912030DD5186F10F4A1
S21401CDC0003009D19B6F13F0100F4FF010030CBF0A
S21401CDD0034A044A936708BD0220FCE7000002B834
S21401CDE0001002B8002002B838B50446F8B1124A5D
S21401CDF0D3691B031DD5556F104BC5F38115032D44
S21401CE00B3F8B4300DD10822083B9BB221460C483A
S21401CE101CF0CDFC0020084B25729B6F1B0A637229
S21401CE2038BD022D05D1023B2A469BB2EEE72120F2
S21401CE30F6E70220F4E700BF000002B8001E00B0CB
S21401CE4038400054431EDBB2FD2B14D9FF280B6873
S21401CE5001D14A68134313F0802F1EBF42F201022C
S21401CE60074BC3F8282251F82020054BC3F850225F
S21401CE70C3F8542270470128F5D10023E9E700BF23
S21401CE80004001B8F0B585B06D460E460F4B07461B
S21401CE9014460FCB85E80F000D4BD3F848020090DF
S21401CEA0D3F84C2201923EB1631EDBB2FD2B0AD9A8
S21401CEB03060FF2C00D172602246294638461CF0AD
S21401CEC011FC05B0F0BD012CF4E700BFB0AB0400C7
S21401CED00080E00FF0B585B06E460D4B07460D4657
S21401CEE00FCB86E80F0000F039F8314604460246BB
S21401CEF038461CF070FD4DB140B9FF2C1BBF04AB8A
S21401CF0003EB8404009B54F8103C2B6005B0F0BD85
S21401CF10B0AB040030B50C4B0546187085B008233D
S21401CF2080B90A4AC2F8FC3351B96C46084B0FCB9C
S21401CF3084E80F00074B2A4621461868FFF7A2FF30
S21401CF4005B030BD044AEDE7FA6C0020001002B8C7
S21401CF50C0AB040004540020002002B8014B18782E
S21401CF60704700BFFA6C0020124BD3F8E020D203C2
S21401CF701ED54FF480321049C1F8E020A1F580514A
S21401CF80C1F8EC201A6CD1B2C2F30722C3F88010A4
S21401CF90C3F880200422C3F880200022C3F8802032
S21401CFA0C3F88020C3F88020C3F88020C3F880200F
S21401CFB0704700BF0040005400600054F0220A4B46
S21401CFC001219A64A022A3F580539A64074B826CD0
S21401CFD0C3F8C010FC21C3F89810C3F89C204FF486
S21401CFE00052C3F8BC207047006000B800400054EF
S21401CFF0F8B50D461746064621F023F9012304210C
S21401D000084C094A2363A760E6602561C2F8E01070
S21401D010064AC2F8843121F00FF90DB102232363C9
S21401D020F8BD00BF004000540060005400E100E07D
S21401D0300222024B58611A63704700BF0040005439
S21401D0400122044B1A6640F6FF729963D863DA65CB
S21401D050704700BF004000542DE9F04F042A0546F2
S21401D0600B4683B039D901260978141F81615A7895
S21401D07003F1040982619A788261DB78836103682F
S21401D080D0F808B003F0070306339E4006F1FF3AD6
S21401D0900AEA0B084768A6EB0802944247F00057D5
S21401D0A00ED84946224607EB0800FDF70FFB46EA75
S21401D0B00A0604EB0B023240AA6003B0BDE8F08F0B
S21401D0C0494607EB08000192FDF700FB019A384636
S21401D0D009EB0201A21B4244E7E7013A032AECD816
S21401D0E0DFE802F00B08050213F8012B826113F842
S21401D0F0012BAA6113F8012BAA611B78AB6103B05F
S21401D100BDE8F08F38B50C46154601460F4B60B1A9
S21401D11001220F48C3F8C0202246FFF79DFF1DB12C
S21401D12004220A4BC3F8C02038BD64B1D3F8A4204A
S21401D130A24284BF0122C3F8C0200222C3F8A04045
S21401D140C3F8C020EBE70122FAE700BF0040005415
S21401D1509840005438B5044621F073F801211A4A64
S21401D160638F054611663BB3B3FA83F3C3F1190324
S21401D170DBB2A069C2F8901093660723D066C2F8A6
S21401D1808C304FF4A02302F50052C2F8E030A2F52D
S21401D1908052C2F8EC3000220C4B1A600C4B1B6F0D
S21401D1A05B0209D54FF480020A4B04F1F8001A67B6
S21401D1B0D4F8941001F08EFD4FF4E0232846E36383
S21401D1C0BDE8384021F038B800400054285300200C
S21401D1D0000002B8002002B82DE9F84305460C46C7
S21401D1E0B1B1D0F81880478F21F02BF8B5F83CC0C4
S21401D1F0791E01EA0C0323F00702032C0646DFF82A
S21401D200F8E042445CD1DEF8004024B921F014F87D
S21401D2100E20BDE8F88324F00104DEF8000020F0BB
S21401D2200100A04251D10023CEF800302388944259
S21401D2306FEA43436FEA534323803CD1EB8F08EBFD
S21401D24007091846083880B202F108044C4528BF81
S21401D2504446082804D9B4F800E0BEF5804F3ED213
S21401D26063440F431B1A3B409BB2AB87E887118888
S21401D27094781C4AC1F30C0151645367C2F88C00C0
S21401D2804FF48022184B04F00704C3F8E020012273
S21401D290164BC3F88421FFF767FE042C0BD14FF41D
S21401D2A08002134B05F1F8001B6F124B1A67D5F875
S21401D2B0941001F00FFD304620F0BEFF0020A8E7D5
S21401D2C0601E012898BF1446A7E7E88F4344E31A77
S21401D2D048BFDB1908389842A8DC304696E7224654
S21401D2E0B0E700BF004000540060005400E100E0D9
S21401D2F0000002B8002002B828530020144B10B5D5
S21401D3001968CA8F8B8F488F13440138073B8C6985
S21401D310034023F007031C4402F108030D4A9BB2A5
S21401D320CB87C2F88C304FF480220B4BC3F8E02039
S21401D33001220A4BC3F88421A07800F007000428D4
S21401D34003D1074AD3681B03FCD4064B1C6010BDEF
S21401D35004540020004000540060005400E100E046
S21401D360000002B82853002010B5064C216839B1D8
S21401D370CB0703D4044B1868FFF72EFF0023236066
S21401D38010BD00BF28530020045400204FF4803203
S21401D3900B4B0C49C3F8EC20A3F50053C1F8E02071
S21401D3A0D3F888109A6E012302F0070206329340E2
S21401D3B0C1F30C01083B994201D8FFF7D5BD704770
S21401D3C000600054005000542DE9F04780460C469A
S21401D3D016468769458F20F034FFB8F83C2005F1E2
S21401D3E0FF3C02EA0C0323F00701032C8246394472
S21401D3F0B8F83E0019D1494C24689CB90244073A52
S21401D40002EA0C0222F00702BC183B44E31A48BFAA
S21401D4105B19834210DB504620F00EFF00242046A5
S21401D420BDE8F08724F00104EFE7012C02D0022CBE
S21401D430EBD108380C46E8E7002E3DD08C423FD1B0
S21401D440374AD2F844903649B8F81270D1F8882095
S21401D450C2F30C02934247DA2588B5F5804FDAD23B
S21401D460A378C5F30C0503F007037A1EA5EB09059F
S21401D4703A43052B337005EA02052DD82DB2E84351
S21401D48040F241420421C00FFDF700FE7580E378AB
S21401D4903374D8F81C207B1E03EA0903D118B16047
S21401D4A0A9B213FA85F5AF422FBF0023FF1AB78042
S21401D4B0F26024BFB180F360504620F0BDFEAEE7B7
S21401D4C0A4F10802974284BFED0802EBC502B2F848
S21401D4D00090C9F30C09B6E7124B5B6D003B18BF11
S21401D4E00123A5EBC305C9E70B6C7A1EA3EB090361
S21401D4F03A431A400C4915B2002DCB680BDCC3F336
S21401D5000363D81E43424341DB0033708B6F728046
S21401D5101B0A3374BDE70823F7E700BF2853002032
S21401D52000400054004000B8000002B8054BA82295
S21401D530D3F84C013121431C0CBF0120C0F380708D
S21401D540FDF7A4BD0080E00F38B5094D04462868F4
S21401D55040F69702003818BF01202B21FDF796FDF3
S21401D560FA235C432B680A20B4FBF3F4604338BD0E
S21401D5705C530020174B30B51A68431C164B22D05B
S21401D580B2F1407F1FD3154D00F03F04D5F80021BE
S21401D59022F03F021443C3F8C84001F03F0422437F
S21401D5A0C3F8D020D5F804310D4A1A400D4B03EAD2
S21401D5B0500003EA510110431143074BC3F8CC0056
S21401D5C0C3F8D41030BD00200146C3F8C800C3F824
S21401D5D0D000F2E70080E00F001F00B0000002B8A4
S21401D5E01FF087E1E0FFFF7F73B5574E04463178A1
S21401D5F019B91C225548FCF7D9FE2378544A61888C
S21401D600137051804FF0FC62524CFF21C4F8FC208D
S21401D6104FF47F02C4F808214F4A022B4F4D117078
S21401D62033D1042307224E49C4F8FC23C5F8FC3342
S21401D630C4F800114FF4C071C5F80011C4F8FC23FA
S21401D6404FF48052C5F8FC33C5F870214FF40052F0
S21401D650C4F87021C4F808314FF4FF13C4F8FC3045
S21401D6604FF4BB13C5F8FC308023C4F8703148F280
S21401D670C8023C4BC3F8D8203B4B3C4A0020C3F8B9
S21401D680C02F0123337002B070BD394A012BC4F894
S21401D6900021384B27D14FF4C072C5F80021D3F8CA
S21401D6A03802D3F83C12FFF765FF0723C4F8FC33B2
S21401D6B00223C5F8FC334FF48053C5F870314FF49C
S21401D6C00053C4F870310423C4F808310DEB03008D
S21401D6D0ECF740FB9DF80530023B012B9CBF8023F5
S21401D6E0C5F87031C3E7244AC5F80021D3F83002E3
S21401D6F0D3F83412FFF73EFF0723C4F8FC330123A7
S21401D700C5F8FC338023C4F870314FF4805301A868
S21401D710C4F87031ECF71EFB9DF80530012B05D1DE
S21401D7209DF8043053B948F25D1309E0FBD9023B7A
S21401D730012B9CBF4FF40053C5F8703148F25813C3
S21401D740084AC2F8D83097E728630020C41F00B003
S21401D750806C0020002002B8FE6C0020001002B889
S21401D760C0F10F00001F00B0001000B030530020C1
S21401D770C0F70F000080E00FC0F60F00034B1A68D9
S21401D78002609B8883800020704700BF806C002069
S21401D79010B5044601F026F80A4BD3F8F83724B939
S21401D7A083F40023C3F3C04010BD012C05D113F44C
S21401D7B0C02F0CBF01200020F6E7A31E5842584197
S21401D7C0F2E700BF000002B86FF07F42154BD3F8B6
S21401D7D0FC37934208D0144A03F03F031370F12339
S21401D7E0124A1370124A13701249134B09781A68B9
S21401D7F0A9B1B2F1A06F12D3D3F850120F4A104B51
S21401D800B1F1FF3F18BF13460E4A136041F66A0294
S21401D8100D4B1B68B3FBF2F30C4A13607047084BC1
S21401D820F2E700BF000002B8FF6C0020006D002088
S21401D830016D0020FD6C00200080E00F5082E00F9B
S21401D840E4AB04002C530020785300205C530020E6
S21401D850012807D0022802D030B100207047034BC0
S21401D86018787047024BFBE7024BF9E7FF6C002084
S21401D870006D0020016D00200023F0B590F83041C6
S21401D88085B002462046CDE90133CDF80B30FFF7CF
S21401D890DFFF92F82B30411EC9B28B4228BF0B46E0
S21401D8A0002C3CD0012C38D1042418464FF00F0C24
S21401D8B0384E0DEB0405B0FBFCF7F75D013CC01BD1
S21401D8C0C0B2814238BF00206055002CF3D1052438
S21401D8D00F278DF80830B3FBF7F0305C0344DBB25A
S21401D8E08B4228BF0B462B5501340B2CF3D10F2648
S21401D8F002F1A800D43215F8013BB3FBF6F14C1C3B
S21401D900C1EB01115B1A0133DBB2E4B21B0443EA3B
S21401D910045340F8043F8242EDD105B0F0BD042423
S21401D92018464FF00F0C1C4F0DEB0406B0FBFCF530
S21401D930EDB27D5D013C401BC0B2814238BF002084
S21401D940A055002CF2D105240F258DF80830B3FB25
S21401D950F5F0385C0344DBB28B4228BF0B463355E7
S21401D96001340B2CF3D10F2502F1A804D43216F89A
S21401D970013BB3FBF5F1481CC1EB01115B1A013306
S21401D980DBB2C0B21B0443EA005344F8043FA24290
S21401D990EDD1C2E7DDAB0400D0AB040038B5284BAF
S21401D9A005461A7827490C2A02D1FF20087038BD8F
S21401D9B010461BF039FF04461046FFF749FFA84200
S21401D9C028BF2846C0B2A04238BF20460B78C0B256
S21401D9D08342ECD0087088B1431EDBB2022A1A4992
S21401D9E00ED14FF0FC62C1F8FC20A1F50051D1F830
S21401D9F0FC2042EA4353C1F8FC30D8E70346EDE782
S21401DA00124A134C1268AC32C4F8C02F4FF47F028E
S21401DA10C1F808210F49CA6FD202C8D40F22B3FB3E
S21401DA20F2F2551CC2EB02129B1A0133D1F80841DF
S21401DA301B0443EA05532343C1F80831B7E700BF87
S21401DA40806C0020FE6C0020002002B804540020E8
S21401DA50001000B0000002B82DE9F04F90F83051E8
S21401DA600646D0F8A82087B035BB1F2A38BF1F222C
S21401DA70093A4C24844B85481B6A96F82B10C3F34D
S21401DA808213DC400368DFF82CA29342DFF8288279
S21401DA907F4B04F0010414D11F78A74211D19AF8E4
S21401DAA00070AF420DD17B4F3F788F4209D1B8F855
S21401DAB0040007B0BDE8F08F032A38BF0322023AFC
S21401DAC0D7E7026098F800001C70FFF7C1FEFF2937
S21401DAD024D128461BF0A8FE07466F493CB3D6F86A
S21401DAE0E4702FB13B68082B40F2CB8097F8387072
S21401DAF01DBB0B6840F27121B3FBF1F353431922AE
S21401DB00B3FBF2F339462A4605A805931BF062FEDD
S21401DB1002023C04059842F0110988E0471E8F4234
S21401DB2028BF0F46012F38BF0127FFB2D5E7012DC9
S21401DB3029D0022D01D0B5B327460B6840F27121DA
S21401DB40B3FBF1F353431922B3FBF2F33946012237
S21401DB5007EB072405A8059307EB04241BF03AFE00
S21401DB607F00032F38BF0327020242EA001242EA6F
S21401DB700009033F00F01F0007FA00F0FFF7E4FC7E
S21401DB8000F5FA6758E00F23B7FBF3F3581CC3EB15
S21401DB900313FB1A0133DBB2C0B21B0443EA005382
S21401DBA0C3F30747C9E70C6840F27121B4FBF1F4EF
S21401DBB00F2354431922B7FBF3F3B4FBF2F43748AF
S21401DBC0374A0068A2FB0412013350FA83F313F8B4
S21401DBD0013C0392A3F140012A4603A801931BF0DE
S21401DBE0F9FD039F2F4AE41BA2FB0412009030218B
S21401DBF0049204A82A461BF0EDFDDDF810B081461C
S21401DC00A4EB0B0401220594102144F2100405A88C
S21401DC101BF0E0FD009B1A02019B42EA091244EA4E
S21401DC200344059B42EA000907EB0B001844FFF783
S21401DC308BFC00F50C57283740F6FF711A4B384617
S21401DC40C3F8C010A3F58053C3F8C090A3F5805362
S21401DC50C3F8C440154C276001F0B0FC4FF47A724B
S21401DC60134B4042986523680A49B3FBF2F3A8F8C0
S21401DC70043096F82B30B7FBF2F08AF800500B70A0
S21401DC8017E7002734E700BF004001B8C469002049
S21401DC9029630020FB6C0020785300202C530020C1
S21401DCA069C2F568911E856B006001B8605300205B
S21401DCB0001F00B0FC6C0020806C0020014B187027
S21401DCC0704700BFFD6C002010B5044603F012F843
S21401DCD078B1174B1B786BB964B1164B1B784BB1F7
S21401DCE0154B1B78013B012B04D84FF40042134B14
S21401DCF0DA6710BD124BDB6F1B04FAD420F0A1FAD1
S21401DD004FF400420F4B0446DA67A3F5A0435B6865
S21401DD102BB1FEF741FF10B102201BF096FD022247
S21401DD20094B2046BDE81040C3F8842420F084BA8D
S21401DD302A6300202B63002064530020002002B8D1
S21401DD40000002B8001002B800D003500122024BB6
S21401DD5000201A70FFF7B8BF2A6300200022024B8A
S21401DD6001201A70FFF7B0BF2A630020F7B50646F8
S21401DD70504C00F037FD504B2578504F1E7085BB38
S21401DD802846FFF7A1FF2378013B012B19D8E37B37
S21401DD9001A88DF80430237C8DF80530E9F77EFC68
S21401DDA0C7F884544FF6FF72454BC3F88420F82217
S21401DDB0A3F58053C3F884200022404BC3F8842483
S21401DDC00DE04FF6FF723E4BC7F88454C3F884202B
S21401DDD0F822A3F58053C3F88420C7F88454394B3E
S21401DDE05BE00020FFF770FF2378013B012B08D88A
S21401DDF0E37B01A88DF80430237C8DF80530E9F724
S21401DE004DFC0023C7F88434002ECBD062685AB389
S21401DE102D4B1B6803EB5203B3FBF2F3013B1B02D2
S21401DE2043F0F80326782649022E284A1ED0032EF0
S21401DE304FF6FF75214826D0012E34D143F0020358
S21401DE40C1F88450C2F884300723C0F88434E37BD9
S21401DE5001A88DF80430237C8DF80530E9F7F2FB34
S21401DE600120FFF731FF17E0F823DBE74FF6FF70DD
S21401DE7043F00103C1F88400C2F8843006220F4B38
S21401DE80C3F88424E3E743F00503C1F88450C2F8DD
S21401DE9084300423C0F884340D4B4FF080420020B8
S21401DEA0DA6703B0F0BDC1F88450C2F884300023AD
S21401DEB0F0E700BF645300202B63002000C003502E
S21401DEC0006000B8002002B878530020005000B867
S21401DED0001002B8F0B5294F06463D4604460FCE5F
S21401DEE00FC5336885B02B6000F07CFC0022244B04
S21401DEF0C3F88424A17A627A42EA0142C3F89024E4
S21401DF00217CE27B42EA0142C3F88C24217B627BBE
S21401DF1041EA0240C3F888043B78032B2AD8DFE89D
S21401DF2003F022020C178DF8041004218DF8052049
S21401DF300DEB01000022E9F751FBE37B00228DF88F
S21401DF400830237C042102A88DF80930E9F746FB46
S21401DF50637A01228DF80C30A37A042103A88DF888
S21401DF600D30E9F73BFB074B187805B0BDE8F040EC
S21401DF70FFF7FCBE212005B0F0BD00BF64530020B2
S21401DF8000C003502B630020034BDB6F002BBCBF8C
S21401DF90024BC3F888007047000002B8004000B882
S21401DFA02DE9F0471BF0B5FC4FF47A762D4BB0FB0C
S21401DFB0F6F618604FF4FA73734307462A48190EAB
S21401DFC01B021818294A4FF0000341F10001FBF724
S21401DFD081FE274BA0F5807205461A6320B94822B8
S21401DFE02B21FDF753F801254FF47A724FF0000A02
S21401DFF06A43534650083102FBF76CFE1C4B1D4A20
S21401E000B7F57A7F9A601C4B4FEA056819601B4B7F
S21401E0108946044618604FEA152505D29B222B2116
S21401E0205046FDF733F801264FF47A73A8FB030137
S21401E03003FB05117308C01841F1000100233246A5
S21401E040FBF748FE0E4B023419600E4B49F10009EE
S21401E050A408186044EA8974054B013C9C63BDE83A
S21401E060F08700BF7853002020A1070040420F0030
S21401E07000C001B80211010088530020845300201B
S21401E080805300207C5300201022044BC3F88421C7
S21401E0905A600122024BDA60704700BF00E100E0DF
S21401E0A000C001B81022064BC3F88421C3F88420AF
S21401E0B0BFF34F8FBFF36F8F0422024BDA607047B6
S21401E0C000E100E000C001B810B50446A242A2EB90
S21401E0D00000A3EB010104D2034B01399B6B013312
S21401E0E0184401F0030110BD00C001B838B5012580
S21401E0F00A4B02019D504FF480730446084A834040
S21401E100536620F09EF8074AA540137823EA0503D4
S21401E1101370BDE8384020F08FB800BF00E101B8A9
S21401E12000E001B8346300202DE9F84F1646054695
S21401E1308A461F4620F085F8022E00F09080804621
S21401E14020F08CF8594B5A4AD3F82090147D5A6E19
S21401E150E4B2520744BFD3F82090013404F003041C
S21401E16020F077F84846214600F036FA8446DAF879
S21401E1700000012E04BF01306044ACEB000C08BF68
S21401E180CAF80000BCF1804F7DD300F037FA814514
S21401E190A1EB040188BF454BDFF834C188BF01F10C
S21401E1A0FF3101F0030188BF9B6BA0EB090E0CF851
S21401E1B00510A1B1F90742BF41F61F723D4B5A67E0
S21401E1C0BA0742BF3B4B3C4A5A677B0742BF002215
S21401E1D0364B9A673C0742BF0022344B9A6511249E
S21401E1E04FF0010A314B05F11002120103EB051B3A
S21401E1F0CBF80C0131499C501A6A0AFA05F4586E9C
S21401E2000B78A2EB0902E4B2234372450B7025D3C7
S21401E2104FF48073AB40034220D11CF80520002A3E
S21401E22040D10EB3264AF807536607D541F61F714B
S21401E23040F201101F4B596750675967B90706D559
S21401E2401C4B1D4A1E491F485A6748675A677A077A
S21401E25042BF01221C4B1A613B071AD440461FF0ED
S21401E260EBFF0120BDE8F88F184A2D0142F805A002
S21401E27042F89C3C1FF0E5FF10490B7823EA0403A3
S21401E2800B701FF0D9FF40461FF0D6FF0020BDE8F7
S21401E290F88F2120FFF778FE4FF48032034B40467B
S21401E2A0DA60DCE7064A40465366D8E700C001B8A4
S21401E2B0E853002000E001B800001F1F346300206F
S21401E2C000D001B800000101000002B800E101B869
S21401E2D02C630020024B1878003818BF01207047C5
S21401E2E034630020034B10300001185800F0010081
S21401E2F0704700BF00C001B870B50646FEF74CFC7B
S21401E300044608B1FFF7CEFE0023084D3046AB6148
S21401E310EB612B6200F072F9054BC9B219752862E0
S21401E3200CB1FFF7B1FE002070BD00BF00C001B800
S21401E330E85300202DE9F0419DF818800D46B8F10C
S21401E340000F08BF0022214EB5F5803FB168074691
S21401E35021F4700141F4A001B1609DF820409DF8C0
S21401E3601C104FEA042444EA016444EA031444EA14
S21401E370084444EA02044FF0180140F2E9222CBF97
S21401E380002001207465FCF781FE3564B8F1000FAA
S21401E3901AD00F4BBC68D3F888305A2C38BF5A2491
S21401E3A05B0606D500F0F0FB18B10A4BB3FBF0F3A1
S21401E3B01C44204600F022F90130854238BF002275
S21401E3C0024B34BF5A645864BDE8F08100C001B8FE
S21401E3D000C000B800093D00214B10B51A6E1A6640
S21401E3E0596C59B11F49C96800292EDB596D4FF088
S21401E3F0FF3301F00F018B409A4326D110242020D1
S21401E400FFF7C2FD184B9C6002F088FB2022174BD9
S21401E410C3F8842101F0F4FC48B100220020082151
S21401E420FEF71CF8124B5C66A3F580531C670D4A79
S21401E430D36803F07063B3F1807FF9D9084B0D4AB6
S21401E4405A6741F201429A6710BD01F0D9FC0028D3
S21401E450F4D0094B064A5366A2F580521367EDE7DE
S21401E46000C001B8000002B8001002B800E100E0E8
S21401E47000E001B8011B01181000002008B521209A
S21401E480FFF782FD4FF48032014BDA6008BD00BF12
S21401E49000C001B8F8B5184D04462B6A1B0426D5F2
S21401E4A000F0E6FB2B6AA0FB044613F0787F4FEAE8
S21401E4B09367C3F34450C3F3044505D140F25A426F
S21401E4C02B21FCF7E3FD0120AD01B5FBF0F010EBCD
S21401E4D0871005D140F25F422B21FCF7D7FD0120C2
S21401E4E00246002320463146FBF7F4FBF8BD00F058
S21401E4F04BFBA0FB0401F9E700C000B8024601206F
S21401E50030B50B4CA0F12003C0F1200524FA05F527
S21401E51004FA03F32B4304FA00F595428B4100D32A
S21401E52030BD0F2801D00130ECE7FF20F8E700BF2F
S21401E53040420F0010B50C46FFF7ACFFC30943EA93
S21401E5404163C01A61EBD111FFF7D8FFFF2814D041
S21401E5500F220C4B40F01000C3F88820A3F580531F
S21401E560C3F88800A3F580531B6ADBB2802B06D064
S21401E5702046BDE8104000F067BB212010BD0220F8
S21401E580FCE700BF00E000B838B51FF067FE084B97
S21401E590084A1D6A147D5A6EE4B2520744BF1D6ACA
S21401E5A001341FF056FE284604F0030138BD00BFB3
S21401E5B000C001B8E85300200346064A103302EBB8
S21401E5C000111B01D1F80C01D158C1F340011BF019
S21401E5D047B900BF00C001B8064B1B68434303EBB5
S21401E5E08171054B1B68A3FB003013F1004341EB1F
S21401E5F000007047805300207C5300200C4A20F016
S21401E6004043014610B5002014684FF00042E4FB79
S21401E6100320084A890F126802FB0300064B9B6B16
S21401E620984204D901330131C01A01F0030110BD2B
S21401E630845300208853002000C001B8044B01F029
S21401E640F071103041F0030100011950704700BF0E
S21401E65000C001B808B52220FFF796FC4FF48022CF
S21401E660014BDA6008BD00BF00C001B808B5064B13
S21401E6704FF030401A6805499200FCF727F8BDE8CC
S21401E680084001F0E3B800BF20AC040024AC04004D
S21401E69070B50C68651C15D0C4F302669E42C4F3BF
S21401E6A0074530D1A4B294422DD804EB8506B24278
S21401E6B029D2141BA50824F003040E59340F04D0E4
S21401E6C0012C08D00022212402E06B1C51F82320E3
S21401E6D0C0E9002470BD0E4C34F8133042EA0343FF
S21401E6E01A686B1C51F8234001EB83014B682240EA
S21401E6F05E4036F0704404D11B0F032B04BF8B68B9
S21401E7001A430024E4E7013501EB8501C1E700BFA8
S21401E710F8AB040007B501A8EBF71CFB4822164B23
S21401E7205A65164AD2F8D43023F4FC33C2F8D430F2
S21401E730134B1B689DF80530023B012B19D840226C
S21401E740104BC3F8FC23104BD3F85C32DBB2FF2B23
S21401E75000D10623094A1B03D2F8FC139BB20B43D4
S21401E760C2F8FC33D2F83021084B1A6003B05DF8CA
S21401E77004FB00F0E7FEECE7008001B8000002B8F9
S21401E780002000B0001002B80080E00F1C530020EB
S21401E79000224FF400710F4B10B51A675A679A673B
S21401E7A00D4AD162012102F5E8325161DA6812F0B0
S21401E7B0706FFBD14FF0304201245A6602F5FC52CD
S21401E7C008329C66DA64054B1B689847044B5C610B
S21401E7D010BD00BF000002B8004000B8C8690020A4
S21401E7E0002002B801230F4A0F49C2F880328A6A14
S21401E7F022F002028A620D4A53600D4A53600D4AA6
S21401E8005360A2F580425360A2F54042536002F580
S21401E810C032536002F580425360A2F50042536055
S21401E820704700BF0080005000C0005000D000B804
S21401E83000500054005001B808B5FFF7D3FF0E4B47
S21401E8400E4ADA6700F076FEFFF764FF03220C4BF0
S21401E850C3F8E020012203F54043DA674FF4607203
S21401E8605A614FF40072DA67FEF778FBBDE808409C
S21401E8700021FEF74FBB00BF000002B80048F000C1
S21401E880005001B82DE9F04F054687B002900F46BB
S21401E89057F8044B631C06D1029B2C60E81A8010C3
S21401E8A007B0BDE8F08F5FEA147B18BF0123344A36
S21401E8B0C4F3016108BFC4F3074332F81120A4B2C0
S21401E8C04FEAC30A2F4844EA02440AF104022A44E2
S21401E8D082421BD20722CA4002F0010201929A002C
S21401E8E004EB830303930123B94603FA0BF808F0FC
S21401E8F0940305F1080604920593039B09F10409A4
S21401E900A34208D1049955443944C0E71D4A9542AB
S21401E910E0D80020C4E7059B53B918F0420F19D17F
S21401E92018F0280F0BD146F8084C59F8042C21E0B2
S21401E9304FF4206232210020FCF7A8FBF3E740F6F3
S21401E940042232210198FCF7A1FB04F5805246F817
S21401E950082CEAE740F60D2232210198FCF796FBD7
S21401E96004F50052BBF1010F46F8082CDDD159F829
S21401E970042CD24346F8042C04340836BDE700BF05
S21401E980F8AB0400003000B0F8B50546F0B100263B
S21401E990154B34461F46154953F8042BBAB9A00047
S21401E9A000F13040294600F50150FFF76BFF30B902
S21401E9B040F6AE323621BDE8F840FCF767BB0C4B9B
S21401E9C00134044447F8265023F81640F8BDAA42FD
S21401E9D0FCD001360C2E02D031F81640DCE740F6AA
S21401E9E0C83236210020E6E78C530020D25B002097
S21401E9F0D45B002070B50446A8B1C1B1384A52F8BC
S21401EA00043B984215D1002336498A689206FCD405
S21401EA109B00354A03F1304303F50153C2F8B03089
S21401EA202022324B9A6070BD01330C2B02D1304D3F
S21401EA3012E0012352F8041BA142F5D12D4A32F807
S21401EA401330E1E704D16268C3E90012083403E039
S21401EA50012A01D1043419602268531CE3D0C2F3A1
S21401EA60016335F81300110C93B211F0FE0F43EA5F
S21401EA70004360680DD00434CAB2022A2168E1D985
S21401EA80D4E90160033AC3E9001698600C340C33EC
S21401EA90F3E7120F072AD9D8DFE802F00704090DB9
S21401EAA01013181DC04303F500531860CEE71A680B
S21401EAB042401A60CAE703F58053F6E71AF0C5FE2E
S21401EAC0C4E7012203F580538240F2E7012203F5F1
S21401EAD000538240EDE71A6830EA0202FBD1B5E73F
S21401EAE08C530020000002B8001E00B0001002B8CF
S21401EAF0F8AB0400D25B00200122014BDA677047B5
S21401EB00001002B80122014BDA677047002002B8F4
S21401EB104022014BDA677047002002B84022014BC1
S21401EB20DA677047001002B80B4B1B68D3F8E43065
S21401EB3023B11A68022A01D9186A7047074B9A6DE1
S21401EB4090B238B1064BC2F307421B68DB08534349
S21401EB50B3FBF0F0704700BF04540020004001B83A
S21401EB6078530020064BDB68C3F30363984206D153
S21401EB70044AD36B23F0F00343EA0111D1637047D3
S21401EB80000002B8001F00B0054B1B68D3F8E43044
S21401EB9013B11A680A2A01D8FFF7C6BF186C704766
S21401EBA0045400202DE9F74306461AF047FE0024D8
S21401EBB08046DFF890901FF044FB0DF107010546F3
S21401EBC00DF10600FEF75AF89DF806308BB9721C57
S21401EBD029D01AF033FEA0EB080428461FF02CFBC0
S21401EBE09DF8063013B99DF807303BB3A642E2D82C
S21401EBF024E0D9F80C3013F4603FE8D0D9F81000BF
S21401EC001AF089FE731C074603D01AF017FEA0EB14
S21401EC10080428461FF010FB17F5007FE0D03846A1
S21401EC2003B0BDE8F08328461FF006FB9DF80630CA
S21401EC30002BC0D19DF80730002BBCD1004FEEE76A
S21401EC4000FEFFFF00C000B810F1800F04D04D2871
S21401EC50CEBF7F20323040B2FF22044BC0B21A62D0
S21401EC60A3F5805318620020704700BF00E000B88B
S21401EC700B4A10B5136E0B4C116E03F00703E35CE1
S21401EC80C1F3CD0101FB0333126E0748C2F34542BF
S21401EC9002FB033300688001B0FBF3F010BD00BF38
S21401ECA0004001B8F0AB040078530020084910B5C5
S21401ECB0D1F89C3040B11C46CA68D1F89C309C42C1
S21401ECC0F9D1C2F30362027003F00F0010BD00BF5A
S21401ECD0000002B8094B01F080011B6F03F48003AA
S21401ECE00B4309D14FF40012054B1A62837F1BB107
S21401ECF00122044BC3F80021704700BF000002B890
S21401ED00006001B8005001B82DE9F04F404F804631
S21401ED1085B038680C461AF098FA20B900242046C7
S21401ED2005B0BDE8F08F224600214046FBF73EFBCA
S21401ED30384B5D6915F00105F0D1FCF701F8064680
S21401ED400028EBD03F6838461AF0B7F94FF6FF7344
S21401ED50984234D04FF060512F4E304B304AD3F8A2
S21401ED602090D6F88C3011624FF00061A2F58052E7
S21401ED70116224220421C6F88C202A4A4FF4804BC3
S21401ED8091604FF480520027DFF8A4A0CAF868B05B
S21401ED90F262A7421ED30421234A9160A2F5F03203
S21401EDA0C2F88C304FF060521D4B1A6209EA02031A
S21401EDB01E4A13624FF480421D4B9A66AFE73146F6
S21401EDC038461AF01EF901463846FCF7FDF80028C9
S21401EDD0C0D0A3E7B26E5104FCD5B268D205F9D50E
S21401EDE0CAF868B0D6F890200135012D0392D0D923
S21401EDF0E21B042AA8BF042208EB070003A901931B
S21401EE000092FBF763FC009A019B3A4497B2C0E775
S21401EE1004540020000002B8004000B8004001B8C9
S21401EE20006001B8001002B8002002B8005001B816
S21401EE30006000B84FF604014FF60502044B0120AE
S21401EE401B6C9BB28B4208BF1346024A136670477F
S21401EE500080E00F00C001B82DE9F74F81460F464C
S21401EE604FF0FF35FFF790FB002601908A462C46AF
S21401EE703046DFF8D8B006F110031B015BF803300B
S21401EE8003F00308B8F1010F15D13046FFF794FBE4
S21401EE9002460B4601985146FFF716F9DBF8643037
S21401EEA006F10802D340DB0739D5002F40D00025F4
S21401EEB02C463E6040460136082EDCD160B3234A1C
S21401EEC00027D2F808C0916B0CF440330131A4FB43
S21401EED00141641941F10001B3F5003F30D1536B94
S21401EEE00CF4405C013347F10006BCF5805F22D18B
S21401EEF0156B15F5807505FB06F647F1000203FB59
S21401EF000266A5FB03323244594304FB0212A3FBFB
S21401EF1004341444C9E9003403B0BDE8F08FA842B4
S21401EF2071EB0403C6D207B13E6005460C46C1E745
S21401EF303D463C46BEE7320242EA13621B02E3E765
S21401EF40136B13F5807347F10002DDE700C001B8CB
S21401EF5008B51AF0F4FC044B5A7C012302329340A4
S21401EF60024A536108BD00BFE85300200020005844
S21401EF702DE9F34105460F4668461146FFF76CFF3B
S21401EF800646B0B1AFB1DDE900321B0A43EA0263BF
S21401EF90A5FB0384094B120A05FB02441A6812B941
S21401EFA01AF0B7FC0246002340462146FAF792FEC5
S21401EFB03860304602B0BDE8F08100BF78530020CB
S21401EFC037B50446FFF70EFCE17822791B4841EA83
S21401EFD00243C0F8CC34E579A37943EA0543C0F887
S21401EFE0D03423784BB18DF8041004218DF8052018
S21401EFF00DEB01000022E8F7F1FA63785BB104211A
S21401F000A37900228DF80430E3790DEB01008DF829
S21401F0100530E8F7E3FA227801235AB1084AC2F824
S21401F020C834627802233AB1054A0020C2F8C834CF
S21401F03003B030BD034AF2E7024AF6E700C00350C8
S21401F04000D0035000E0035070B52C4B0C461A78E4
S21401F05012B92B4A926D1A702A4AD26F52054AD5B6
S21401F0601D78294B05F00F06B0FBF3F040434FEA3D
S21401F070151505D140F27C622B21FCF707F801201B
S21401F080224A0A217243B2FBF0F34843B3FBF1F67E
S21401F09002EB5002B2FBF0F201FB1633042BD2B2A4
S21401F0A007D8C3EB8310C3EB80035BB283B96DB2A1
S21401F0B017E0C3F10B0303EB8303DBB2B3FBF1F3FE
S21401F0C02B44DDB20F2DF2D9013AD2B2053DEEE75F
S21401F0D0053B5BB293FBF1F31D44EBB26DB2002D21
S21401F0E004DB002042EA0512226070BD01320533BE
S21401F0F0D2B25DB2F5E70220F7E700BF3563002024
S21401F100008001B8000002B8403B250080969800B8
S21401F1104FF0000C2DE9F84FA2FB017BC84EDFF83B
S21401F1205CE3BE1999466BF10003B6457CEB03031D
S21401F13008D240F23E220E216046FBF7A7FF0220CE
S21401F140BDE8F88FD0F8E4A00C461546BAF1000FDA
S21401F15004D0DAF80030032B00F21B81B94BBA4A0F
S21401F1609B6BD2F8FCA0C3F31408B84BD3F8EC3071
S21401F1705E00B64B48BF48F400181B6E48EA456867
S21401F18058074EBF4FF440039B0503F0E07348EA6F
S21401F19003081DF02FF9012D0646D0D10028CED048
S21401F1A0AB4B984200F0048103F5122303F5F86394
S21401F1B0984200F00381A74B984200F02F8100256A
S21401F1C002462B4600204FF00071FAF783FD2B46CE
S21401F1D0013007FB03F3C8F3130100FB0B33A1FB5C
S21401F1E00662A7FB007001FB0522034420339B093E
S21401F1F0C9F80030F60C984B46EA423618F4801FE0
S21401F2001C6008BF7642954B954DC9F814403444AE
S21401F2101E602C60BAF1000F00F0B98000239149FE
S21401F220C8F381528A5C194618F0807F18BF6408BB
S21401F230002EB8BF764292066008C2FB060122463F
S21401F240FAF748FDDAF800300E2B08D97F4B7D4AD5
S21401F250926BD969D3F80C31C90600F1D68018F43F
S21401F260001814BFC42240F207127F49C0F31300EE
S21401F270A1FB04614FEA511102FB01F1C9F8040038
S21401F280DAF818004FF4FA73B1FBF0F118BF4FF03B
S21401F290000801FB03F3A4FB0262FA33A3FB003070
S21401F2A004FB0822B342904138BF0131C9B241F490
S21401F2B0006CC9F808C000297ED0DAF81C00A1FB52
S21401F2C0003624B1B4FA84F20E2A40F38880E203B1
S21401F2D0002E77D1B2FBF3F2530003FB0113A3FB1D
S21401F2E000764FEA044EBE454FEA144474EB060618
S21401F2F009D34E003344A0FB0371BE4574EB0101F4
S21401F30002F10102F6D2C2F30E024CEA023C4CF0C4
S21401F3100063C9F808301DF06DF82B68002B00F06B
S21401F3208880B3FA83F4D4F102044CBF1C4623FA56
S21401F33004F44E4B9C4288BF6408002846D0B4FBB8
S21401F340F0F3642100FB134201FB02F2904244D821
S21401F3505A1E52085B08013B120242EA0313C9F81F
S21401F3600C301DF013F800285CD0B4FBF0F26421D9
S21401F37000FB124401FB04F4A0425ED8531E5B0856
S21401F3805208013A1B0243EA0213C9F81030002062
S21401F390D6E6042BDAF828807FF4FBAE18F0807FDF
S21401F3A00CBF08F0E0734FF4400328F0E078EEE677
S21401F3B000232F481D460CE72120C1E600232D48D7
S21401F3C01D4606E70B46002289E7044640F2C24284
S21401F3D02B210020FBF75AFE2346013BB8E7C2F17A
S21401F3E00F0702F1110E06FA0EFEFB4043EA0E036A
S21401F3F0A7F1200E26FA0EFE43EA0E03FE40013365
S21401F40004FA02F246F1000662E702F4801203F4FF
S21401F41000131A4308BFC0F5801020E700231648E2
S21401F4201D46D6E640F2E5422B21FBF72FFE621E73
S21401F430A4E70028C9D01C46CFE71446F7E700BF6B
S21401F440006CCA88008001B8001F00B0004001B8F7
S21401F45000F04902005A6202C4530020C053002043
S21401F460BC53002008AC0400D34D62103FBE4025BB
S21401F4700A3BB2DF313641DCD694BFD6807C814A66
S21401F48010B50B46044686B039B982790168214821
S21401F4906B460068FFF73CFE6B461F4A19685163CE
S21401F4A01E4AD2F8FC2062B35A6842B11C4A1D4972
S21401F4B0C2F80C115968A2F58052C2F80C119A686C
S21401F4C042B1174A1849C2F8EC109968A2F5805261
S21401F4D0C2F8EC101549D868D1F8642122F4EE621E
S21401F4E00243C1F86421D1F85C21186922F4EE6266
S21401F4F00243C1F85C21A1F5FF4158692839FFF79D
S21401F500A3FD0020A2880A4B9A6203F5A033186473
S21401F51006B010BD04540020008001B8001F00B0E2
S21401F520006001B8FFFF0F00FFF8FF0F000002B8F0
S21401F530004000B84FF48062014BDA67704700BFA5
S21401F540001002B84FF48062034BDA67034B1B7856
S21401F5500BB1034A93657047002002B8356300205B
S21401F560008001B840B10368012B05D90069034B3F
S21401F570002808BF184670470048704710AC0400C2
S21401F58010B590B10468012C0FD902696AB11168EF
S21401F590094B102C196051685960916888BFD26870
S21401F5A0996094BFD960DA6010BD1022002102482C
S21401F5B0FAF7FCFEF8E700BFCC530020084BC11752
S21401F5C01A68A2FB000302FB013310F1807043F1BD
S21401F5D00003400E40EAC310803820EAE07070470E
S21401F5E0DC5300200722164B70B5DA66154B164A17
S21401F5F01D68164BEC08E005C0184FEA153141F1BD
S21401F60000010023FAF766FB114B124E18604EF606
S21401F6106020FFF7D3FF4042C6F884000E48FEF78D
S21401F620EDFF024658B1E301500818184FEA15716C
S21401F6304FF0000341F10001FAF74CFBF06570BD95
S21401F640000002B87853002065CD1D00B2E60E001A
S21401F650DC530020001F00B040420F0010B50446E6
S21401F66098B10B4BD3F8FC00FFF78AFF4FF47A737F
S21401F67003FB04F0074BA0F6AC50DA689B68104415
S21401F680C01ABDE81040FFF799BF4EF66020F8E7B4
S21401F690001F00B0CC5300202DE9F843054608466C
S21401F6A014461E46FFF76CFF0DB306F0020716F070
S21401F6B004061ED1DFB14FF47A706B685843002BF5
S21401F6C040F08C80FFF77AFF60626B69002B00F0D8
S21401F6D08C804B4AD0684FF47A7202FB0300A0F587
S21401F6E003501038FFF76AFF2062002E57D1BDE89D
S21401F6F0F8832869002868D04FF47A735843404B42
S21401F700A0F6AC509B68C01AFFF758FFE061A88BC3
S21401F71000285DD04FF47A735843394BA0F6AC50AD
S21401F7209B68C01AFFF74AFF2061364BE968D3F899
S21401F730008000294FD04FF47A735943304BA1F61D
S21401F740AC519A685B68891AC91A2F4BC8171A6890
S21401F750DFF8BC90A2FB011302FB003311F18071AC
S21401F76043F10003490E41EAC3118039274B616119
S21401F770DB6EA361D9F8003053B1404619F05FFF44
S21401F78030B12246D9F800301D49D8F8D80098473C
S21401F7900021A869FFF762FFA062002F8BD1A8683D
S21401F7A030BB47F23050FFF709FFA0604FF47A7084
S21401F7B02B6858432BB1124B1B6803F51C531033AF
S21401F7C01844FFF7FBFEE06091E74EF660209BE7EA
S21401F7D04EF66020A6E74EF66021B6E7084B1B689A
S21401F7E003F51C53103318446CE747F2305079E7A1
S21401F7F04FF47A735843A0F503501038D3E700BF8F
S21401F800CC53002004540020DC530020001F00B01D
S21401F810C853002038B5054608461C461AF031F88C
S21401F8200246D5F8E400FFF79DFE4368A018002BBA
S21401F830044AA8BF4FF4FA721A44034B92FBF3F240
S21401F840104438BD0CFEFFFF18FCFFFF70B5124CCC
S21401F85088B001AD0FCC0FC594E8070085E8070016
S21401F8608C2200210D48FAF7A1FDD42200210C4874
S21401F870FAF79CFD0B4B0C4A5A6301F04DFA0B4B01
S21401F8801B783BB1044E01AD0FCD0FC695E80700BE
S21401F89084E8070008B070BDC41F00B0A01E00B009
S21401F8A02C1F00B0001F00B010111111286300209A
S21401F8B008B51EF0C6FC0E4B1A78A2B90D4A12689E
S21401F8C012F4843F0FD10C4A1021D1671B7863B91B
S21401F8D0084B1B68DB0508D4074B2022DA67BDE816
S21401F8E008401EF0A9BC054AEEE7044BF5E700BF49
S21401F8F03B63002048160020002002B8001002B822
S21401F9000A4B197801F0FF0229B100211970084944
S21401F9109202C1F8B420597801F0FF0229B1002102
S21401F92059709302024AC2F8B83070473663002015
S21401F930005000B8064BD3F8D80E064B5B6F1A0181
S21401F94003D4054B9B6E1B0401D500F580707047F0
S21401F950001000B0000002B8004000B810B51EF05C
S21401F96070FC0E2104460320FFF7FCF840F201224A
S21401F970034B2046BDE81040DA621EF05DBC00BFB6
S21401F980004000B808B51EF05CFC4FF00042224B68
S21401F990C3F88020BFF34F8FBFF36F8F0122C3F8E8
S21401F9A08420BFF34F8FBFF36F8F0222C3F88420EA
S21401F9B0BFF34F8FBFF36F8F0422C3F88420BFF3CA
S21401F9C04F8FBFF36F8F0822C3F88420BFF34F8F8A
S21401F9D0BFF36F8F1022C3F88420BFF34F8FBFF39E
S21401F9E06F8F2022C3F88420BFF34F8FBFF36F8F32
S21401F9F04022C3F88420BFF34F8FBFF36F8F4FF4BD
S21401FA008072C3F88420BFF34F8FBFF36F8FBDE8BA
S21401FA1008401EF011BC00BF00E100E008B51EF072
S21401FA2010FC4FF00042094B1A6001225A60042272
S21401FA305A6008225A6010225A6020225A604022D8
S21401FA405A60BDE808401EF0F7BB00BF00E100E0C9
S21401FA50012370B5074C2370074B1E68074B3240D5
S21401FA60D3E9005319402840FCF7F8FC0023237023
S21401FA7070BD00BF39630020E45300204816002003
S21401FA800022044B1A70044B197811B11A70FFF753
S21401FA900FBF70473A6300203B6300202DE9F04713
S21401FAA0DDF820A003EA0108099B06460C4602EA97
S21401FAB0000703EA0A09BAF1000F40F04E81031F5E
S21401FAC00B4300F00E81052871F1000380F0E480FD
S21401FAD050EA010300F06081431E0B4300F02481CD
S21401FAE0FFF750FFAD4AD2E9005323EA040325EAA3
S21401FAF006053D4343EA0807A94BC2E900571E68BD
S21401FB00DFF8F48226EA0A0646EA09061E60FFF7CF
S21401FB10CFFE15F02A4F14BF48F202034FF40043FC
S21401FB20A04AB007D26EA04848BF43F4005383EA08
S21401FB30020122EA0302C2669C4A0B408166D36632
S21401FB40C5F380421203290348BF42F48072EB06D4
S21401FB5048BF42F40052964BAC0648BF42F40072CE
S21401FB606806D3F80C3248BF42F48062290648BFC3
S21401FB7042F400628F4882EA030123EA0203C0F8D6
S21401FB800C328D4B0A40C7F34024A404C0F8081277
S21401FB90C3F80C22EA0448BF44F48034AB0348BFE0
S21401FBA044F48014A80748BF44F4800415F4001FE9
S21401FBB006D0D8F8000019F098FF08B944F40024DC
S21401FBC0E90248BF44F40034FA0648BF44F400048E
S21401FBD073077A4B48BF44F004041A6A44F40014CD
S21401FBE084EA020323F0010375491A400A621C40A5
S21401FBF0CB61744B16F0010F1C62734B734A18BF2E
S21401FC001A46734B7C071B6F48BF42F0006271486F
S21401FC1082EA030123EA020303676F4B0A40416647
S21401FC201A676E4A05F00103516CA0F5803081EA2F
S21401FC30030221EA0301416482631A40684B2802E9
S21401FC405A64D8F8002048BF664B92F8F62058BF91
S21401FC50654B690748BF43F4806322B115F4C06F52
S21401FC6018BF43F480733207604A48BF43F000432D
S21401FC70D2F8EC105E4883EA010222F4A022114079
S21401FC80C0F8EC101340C0F8E0205A4ABDE8F0472F
S21401FC90C2F8EC30FFF7C2BEA0F580630B4306D076
S21401FCA020F48063A3F500730B437FF419AF1EF0B5
S21401FCB0C8FA3A49D1E9003223EA060322EA0402E5
S21401FCC042EA08023B43C1E900324B4A126892F805
S21401FCD0F610474A09B313F4C06F1ED04FF4807371
S21401FCE011E01EF0AEFA2D4AD2E9003123F00403EA
S21401FCF03B4341EA080157EA0807C2E900314FF4DD
S21401FD0080633B4A0BD0C2F8E030A2F58052C2F8BD
S21401FD10EC30BDE8F0471EF08FBA4FF48073C2F89E
S21401FD20EC30C2F8E030F4E71EF08BFA1B4AD2E959
S21401FD30003123F001033B4341EA0801C2E90031E7
S21401FD4001232E4A57EA08071BBF9363A2F5805288
S21401FD505364536408BF9363DBE750EA01037FF4FF
S21401FD60BFAEBAF1010F7FF4BBAE1EF06AFA0C4AC1
S21401FD70136823F0010343EA090313604FF4806319
S21401FD80144AB9F1000F04D05366A2F580521367E6
S21401FD90BFE713675366BCE7BDE8F0874816002047
S21401FDA0E4530020004000B8006000B8005000B8DE
S21401FDB0004001B8006001B8005001B8000002B868
S21401FDC0002002B8001002B8041C00030418000347
S21401FDD000C001B800E001B800D001B800C000B80A
S21401FDE000D000B80D0A0A09090A0A0900400054A1
S21401FDF000600054005000540454002000E000B895
S21401FE00024B5868C0F3C000704700BF4816002078
S21401FE10024B186800F00100704700BF481600202A
S21401FE20024B5868C0F3C030704700BF4816002028
S21401FE3010B50446FEF700FDFFF7A4FD2046FDF7CA
S21401FE40BDF8FEF7A5FCFEF7ABF8FEF71DF9FFF7C8
S21401FE50C9FB13490723134AD1F8FC1004F1F80033
S21401FE60FFF71AFC4FF080710020FEF7E7FB4FF01A
S21401FE7000720D4B4FF400110120C3F80021FEF76C
S21401FE80DDFBFEF7D7FF20B940F292321421FBF7D3
S21401FE90FDF819F05DFDBDE810400120FDF766BFD5
S21401FEA0001F00B0581F00B000D001B88023074AD9
S21401FEB01367082340B11367054AD2F8A03023F030
S21401FEC02003C2F8A0307047024AF4E7001002B8D7
S21401FED0001E00B0002002B810B51EF0B2F90121D4
S21401FEE004460020FFF7E2FF044B1961044B5B68F0
S21401FEF098472046BDE810401EF09EB9000002B8A3
S21401FF00B4690020F8B5194C0546207840F2E44261
S21401FF10B0FA80F03E214009FBF7B8F855B9607891
S21401FF2040F2E442BDE8F840B0FA80F03E214009D4
S21401FF30FBF7ACB84FF440660D4F0E4DD7F8B43012
S21401FF4040F2E442C3F381232370C5F8B4606078BD
S21401FF503E21B0FA80F04009FBF798F8D7F8B830A0
S21401FF60C3F381236370C5F8B860F8BD366300201B
S21401FF70004000B8006000B8F8B5084C084D236F83
S21401FF800423084F2B67236F5B0300D4F8BD0426B8
S21401FF9002203E6719F059FC2E67F4E7000002B80C
S21401FFA0001002B8002002B8A82238B51A4B1D6FFF
S21401FFB003F500531A6710229A60A3F5804302F1F5
S21401FFC000521A675A66FFF79BFC144B1B7813B94D
S21401FFD00320FEF78BF80024114B9C67FFF7CCFF3C
S21401FFE0104A114BD2F8D81E0B40C2F8D83E042254
S21401FFF00E4B1A670E4BAA06C3F8AC4008D503F59C
S2140200008073DB6CB3F5817F22BF8022024B1A61BC
S214020010BDE83840FCF7C2BB000002B838630020D7
S21402002000C001B8001000B0DF0000FF002002B8D8
S214020030001E00B010B549B930B3164AD3681B0E7D
S21402004013F00E0F20D193689A061DD4FFF786FC94
S214020050104C0020FEF72AFE032801D0092805D1FD
S214020060636FDB03F5D4E36D0C2BF2D9FFF784FF45
S2140200704FF40072084BDA62012203F5E8335A6144
S214020080042203F580531A674FF4C062034BDA6208
S21402009010BD00BF000002B8004000B8006001B802
S2140200A008B503210920FEF75DFD2022014B1A61E7
S2140200B008BD00BF000002B838B505461EF0C1F8FC
S2140200C00E4B04461868FDF745F835B1FFF7D8FC25
S2140200D02046BDE838401EF0AFB8094B1B78002B0F
S2140200E0F6D0084B1D78002DF2D1FFF7C9FC2A4640
S2140200F04FF480400021FFF7ABFCE9E704540020F0
S2140201003A630020396300202DE9F84F5C4B06461F
S2140201100D4614461B6F002A40F0AE8013F0A00F67
S21402012014BF4FF001094FF00009FCF737FBA0237C
S2140201304FF0000ADFF868810320C8F87030FDF738
S214020140D5FF0420FDF7D2FF4E4FFFF799FC4E4B2A
S2140201504FF0040B7B67C7F878A0FFF70DFF4B4BF9
S2140201604FF48071D3F8A020494842F02002C3F829
S214020170A020FF22C8F80820414A1161D0F8D82EE4
S21402018044491140C0F8D81EC8F870B0C3F8ACA0F5
S2140201907B6913F0060F04D0FEF75CFA5846FDF7AB
S2140201A0A5FFB9F1000F08D04FF400623A4B1A6768
S2140201B04FF40042A3F5E0339A6666B1374BDB6C28
S2140201C0180701D4FFF7CAFBFFF76AFF0420FDF702
S2140201D08DFFFFF795FB2A4B5A69D10747D5DA6898
S2140201E012F0706FFBD12E4B2E4A1A672E4AD36B33
S2140201F023F0F003D36315B12046FFF75DFF2B4BC8
S214020200D3F84C315A1C01D05B0002D50122244B94
S2140202105A6164B3214BDA6E03F500539A6603F50E
S214020220D0331B6A1E4A23F00103D361204BD3F856
S2140202300C1203F50053C3F8081203F50053D3F863
S214020240841003F5005399671A4BD3F8EC1003F5A4
S2140202500053C3F8E010184B596C03F5005399632A
S214020260164903F5803359664FF608431367002094
S214020270BDE8F84FFCF736BD4FF0000955E700BF62
S214020280000002B800C001B800000101001E00B064
S214020290001000B0DF0000FF001002B8004000B8F7
S2140202A0002002B810003000001F00B00080E00FEF
S2140202B0004001B80040005400C000B85000002FB3
S2140202C09B4B2DE9F04F9F6EDB6E85B01F40994B1E
S2140202D09F66994BD3F8E050D3F8EC301D40974B0D
S2140202E0C3F8E050964BD3F80822D3F80C3202EA51
S2140202F00309944BC3F8089203F52043DA691B6A94
S21402030002EA0308904B08F47702DA618F4BD3F8BF
S2140203100422D20605D4D3F80431C3F30016DB0652
S21402032051D51DF08EFF8A4B5A695E6E1B6F12F016
S214020330060F06EA0306874A26F0007314BF4FF03C
S214020340010A4FF0000A23F400637407536604D5CB
S214020350814A137D0133DBB213751DF06DFF002F4A
S21402036000F0E28017F4004300F0D3801DF069FF2E
S2140203700146FFF7DFFA0446784BD3F800B0DBF805
S2140203800020DBF800309A42FBD0DBF800209A42CD
S214020390FBD0FFF7CFFAA04217D108461DF04CFF5C
S2140203A06F4B1C606F4BD3F870B01BF4E0520ED14B
S2140203B024F07F4424F0DF040CB9FFF7F5FD4FF07C
S2140203C0807B002414E0B246C9E70446D7E70192D0
S2140203D0FFF7EAFD5C4B019A1BF480541A6740F063
S2140203E09A801BF4806F0CBF4FF0805B4FF0806BDF
S2140203F0B80715D55B4A5448126F02F4604101678C
S214020400002900F08B80110400F18B8012F4005F4B
S2140204100CBF4FF000524FF0006200244BEA020B72
S214020420C7F340377F00504A2A40002A4AD015F4C4
S214020430206F0AD040F6A31206210020FAF726FE05
S2140204400020FFF739FE25F48025EB0506D5FF21AF
S2140204503D4A4BF4C06B9160FFF780FA15F0090F26
S2140204600AD040F6B81208210020FAF70FFEFFF76E
S21402047017FE0121304A116315F0106F0CD040F6BA
S214020480C11209210020FAF701FEFFF709FE002239
S21402049011461046FCF736FE15F4202F0AD040F619
S2140204A0C91207210020FAF7F1FD0020FFF704FE2B
S2140204B025F48025E80301D5FCF768FF002DB8BFB8
S2140204C047F0080769070DD51B4AD26A12F4005F87
S2140204D04FF4005217BF19492449CA624BF4000B65
S2140204E008BFCA626A0548BF4BF0040B15F48023A6
S2140204F0019300F0A480FCF701FF0138062837D8E4
S214020500DFE810F028012B0128012E013101340109
S21402051034019B4655E74FF0804B52E74FF000728E
S2140205207BE74FF0004278E7BB463C467BE700BFDE
S214020530004000B8006000B800400054006000545C
S214020540004001B8006001B8002002B800E100E0F7
S21402055000C001B800E001B8E8530020A4AB0400D4
S214020560E0530020000002B8090B0B89005000542B
S21402057040F6FA1203210020FAF788FD0121854889
S214020580826ED0F8883002F00702063201FA02F2D2
S214020590C3F30C0CA2EB0C0292B2072A12D97E4AC3
S2140205A0126F53020ED47D4B826B806D5B6D5BB116
S2140205B002F0070206329140C0F30C00091A89B213
S2140205C0072901D84BF4007B754A1278002A36D0E8
S2140205D0704AD2F8E02012F4A02F30D1714A724944
S2140205E012789AB9F20411D40A787AB14FEADB0289
S2140205F06E4842EA447282F00102D0F8D80E02F047
S2140206000102520020FA02F2930718D10420FDF7E5
S2140206106DFD674A67485067FFF732FA62490A7803
S2140206204AB9654A127832B1644A654912680BEAD9
S21402063002020A4201D14BF4804B26F48056B9F1ED
S214020640000F1DD019F4805F18BF4BF4802B19F4ED
S214020650807F18BF4BF4002B19F4005F18BF4BF0D5
S214020660100B19F4007F18BF4BF0200B19F4806FA3
S21402067018BF4BF0400B19F4006F18BF4BF0800BFD
S214020680B8F1000F48D018F4001F0AD04D4A13687C
S2140206903BB1414A4C48116F00680022C1F3C06169
S2140206A0984718F4802F18BF44F4007418F4803F5B
S2140206B018BF4BF4805B18F4801F18BF4BF4003B46
S2140206C018F4800F18BF4BF0020B18F4003F18BF47
S2140206D04BF4801B18F4000F18BF44F0100418F4F3
S2140206E0002F19D0394AD2F8A02012F0C00F13D02A
S2140206F02949CA68C2F30362032A01D0072A05D130
S2140207004A6FD00602D48A6F120732D54FF4002100
S2140207102F4A28F40028D161002E00F01B813305F1
S21402072040F18F802B48DFF88890C2782A49002A49
S21402073058D04FF40063013AD2B24B66C27032B957
S214020740264A1278C2B140F60141254A5167002274
S214020750002173E04BF4803B10E74BF4006B0DE78F
S2140207604BF4806B0AE74BF4807B07E74BF0080BF1
S21402077004E74BF4001BCFE7D9F8782012F4A05F09
S21402078015BF4FF4807240F60142C9F85820C9F8E6
S2140207907820DCE700400054000002B8004000B8B1
S2140207A03B6300203A6300203D630020001000B047
S2140207B000C001B8000001013C630020481600207A
S2140207C0088D01001853002004540020001E00B0BB
S2140207D0002002B82C63002000E001B83863002035
S2140207E000D001B80320FDF781FCD9F81420A84BED
S2140207F012F0060F04BF41F61F72A649A64808BFAC
S2140208004A674FF40061A34A5166D9F8142012F0E1
S214020810060208BFC9F878205A8A12F4006162D02C
S21402082022F400625A82027802F0FF09002A5ED1A0
S214020830FDF710FFFFF7B8FB4A4620214BEA020BF2
S2140208400C43B00009D52E20FDF79EFB4FF0005159
S214020850904A44F0080411675166F10606D52B202B
S214020860FDF792FB10218B4A1167516616F0306F26
S21402087005D1F20463D5BAF1000F00F0C08033014F
S21402088017D52920FDF780FB844A526C12B110213D
S214020890834A9160FFF7B4FA48B1824A82487D499A
S2140208A04A66026700F54050C068400422D444F00D
S2140208B0040416F0007A28D00420FDF717FC27203F
S2140208C0FDF762FBFFF770FB4FF00071714A51664D
S2140208D0764AD2F8D82E520679D40221704A91600E
S2140208E044F0020428E002784FF40052A6E74FF4E0
S2140208F000422DE70A6720204A66FDF745FB2D20B9
S21402090044F00C04FDF740FBD3E716F0807FDFF8D7
S2140209108C9147D00420FDF7E9FB2820FDF734FB35
S214020920D9F87820002A3AD1FFF73EFB594A5D49AA
S21402093044F00104116751660021584A9165720518
S21402094008D55B498A78002A00F0D880013A8A7076
S21402095000221743574AD2F8A020130603D558465A
S2140209602146FCF7C7F93A4658462146FFF770F883
S214020970019B0BB1FCF7F8FC01224F4B05F0043546
S214020980C3F8E0504D4B18F4002FC3F884211EBF65
S2140209904FF40022424BDA6105B0BDE8F08FC9F889
S2140209A078A0C3E7F104C7D50420FDF79FFB444AAD
S2140209B0C9F87420FDF74EFED9F8642012F0407F85
S2140209C0BAD12A20FDF7E0FAFFF7EEFA80E7394AB5
S2140209D0D2F8A0108B0683D402203A4988603A499E
S2140209E0096891F82510C8077FF57AAF92F8C420F7
S2140209F0002A3FF475AF8021344A116170E7344A09
S214020A001268013202D04BF0010B98E728490A79A6
S214020A1052B1013AD2B20A7112B9234A2D4951672C
S214020A2000224BEA020B8AE70420FDF75FFB032055
S214020A30FDF75CFB194A224951671DF002FC81460C
S214020A400DF10F00FEF732F9234A824612780AB1F8
S214020A50FEF784FFBAF1030F0ED1DFF870A0002074
S214020A60FEF724F9032807D1DAF87420D103F6D466
S214020A70DAF85C200C2AF2D99DF80F20032A2FD12F
S214020A800121164A484611701DF0D6FBC8E700BF82
S214020A90E853002000E001B83863002000C001B827
S214020AA0002002B81000002000D001B8001000B0EC
S214020AB02C630020001E00B00060005400E100E03D
S214020AC000000101001002B804540020000002B821
S214020AD0BC6900200000010D3E6300203A6300203E
S214020AE0094AD2F8E02012F4A02FC9D1FEF7C8FFB7
S214020AF048461DF0A1FB4FF4804292E70220FDF724
S214020B00F5FA012225E700BF004000540122024BFD
S214020B101A62DA61704700BF002002B80D4B10B5AA
S214020B20DC691A6A14400C4A24F47F01D161E20798
S214020B3006D5D9684FF0FF30C1F3036118F012FFF3
S214020B40630706D5BDE81040042200200021FEF708
S214020B507FBF10BD000002B8002002B80C4A08B5DC
S214020B60936B526C13400B4A9363DB070FD50A4B09
S214020B7040F663421878122100F00100FAF786FA6E
S214020B80BDE80840002201200021FEF761BF08BD33
S214020B9000C000B800E000B848160020054AD2F8A7
S214020BA08430DB07FBD4936FD2F884201340024ACA
S214020BB093677047008001B800A001B870B514466C
S214020BC00D461DF03EFB064BD3F8A06074402C4049
S214020BD07440C3F8A0401DF02FFB06EA050070BD66
S214020BE0001E00B0034BD3F8A03099430CBF01207F
S214020BF000207047001E00B02DE9F04117460A4358
S214020C00012A1D469DF818409DF81C60DDF82080DC
S214020C1029D8B44227D2082E25D8032B23D8B8F1D8
S214020C20000F20D00A460021FBF71CFDFF21EB0037
S214020C309940C943DFF834C008F1FF38FF00E2B23A
S214020C40964202D80020BDE8F0813D190CEB8505DE
S214020C50D5F8E02018F8010F0A4098401043C5F86E
S214020C60E0000134EBE72120EDE700BF001E00B0F4
S214020C70034B1868034B002808BF1846704700BF8E
S214020C8000540020F4CC04002DE9F843DFF860900D
S214020C900646D9F8008008461746B8F1000F03D07A
S214020CA00E242046BDE8F88306B3336801331DD10F
S214020CB0E1B1FAF70DF805460028F1D0C9F80000B0
S214020CC0FAF72CF8284618F061F9044640B1404677
S214020CD0C9F80080FAF722F8284618F052F9E0E739
S214020CE03560002FDDD02846B847DAE72124D8E75A
S214020CF004540020024B1868003818BF01207047C1
S214020D0004540020002108B5024B08465B68984749
S214020D10002008BDB46900200523064AA2F84A301E
S214020D2092F8493003F0010363F0730382F8493006
S214020D30704700BF001F00B00023F0B585B0CDE9B4
S214020D4001330393124B134D1B78134E8DF8043068
S214020D501DF084FA2A78337804469A420F4F0CD054
S214020D603178386801AA297018F031FE50B140F681
S214020D7008210B481DF064FB04E0386818F007FEF3
S214020D800128EDD020461DF064FA05B0F0BD00BF84
S214020D90D36C00200A6D00200B6D0020205400202A
S214020DA0C2810400F8B52B4B1B7823B140F6FC3108
S214020DB029481DF045FB1DF051FA284B07461C88B2
S214020DC014F0060409D001214FF480701CF0FAF9E1
S214020DD03846BDE8F8401DF03CBA21464FF4807014
S214020DE01CF0F0F9204600F0ABFF022808D1802262
S214020DF01B4B8021186818F093F9FFF79DFFE7E771
S214020E00204600F09DFF054638B1012807D040F67F
S214020E10314111481DF014FBDAE70246E8E7FF22EB
S214020E200F4E104B30681A70FFF76CFF306818F0E0
S214020E30AEFD0128CCD02A462946306818F0A9FD16
S214020E4021462C201CF0EAF921460A201CF0E6F97D
S214020E50BEE700BF44630020C2810400EE5B0020B0
S214020E60205400200A6D0020002101481CF0F0BF2B
S214020E70346A00207F2837B5044610D14FF6FF7338
S214020E80022217480DF10601ADF80630EBF722F9FB
S214020E90BDF80640E2054CBF6FF04A0464B21DF08E
S214020EA0DDF9104B05461C700F4B1B88DB0710D56F
S214020EB00E4B1B78002B0E4B0CBF21466FF07F01AA
S214020EC0186818F052F920B140F6786109481DF00A
S214020ED0B7FA284603B0BDE830401DF0BAB900BFE5
S214020EE0641002C0026D0020EE5B00204563002005
S214020EF020540020C281040010B513F029FD60B111
S214020F0013F028FD0B4A80B141F20D03BDE81040F4
S214020F1041F20D0107481CF0A7BA074B1A781B7955
S214020F209A4204D100220023F0E70D23EEE7034A9B
S214020F30F9E700BF400D0300D36C0020488D010086
S214020F40F8B5164E0D46337802F0010423B140F28E
S214020F50C53113481DF074FA124B134F1D60134D22
S214020F60A4B1134B997801B1012120201CF02AF973
S214020F702B783B700F4B1C780F4B00211C70042300
S214020F8033700E48BDE8F8401CF062BF21462020B0
S214020F901CF018F92B783B70EEE700BF4463002084
S214020FA0C281040010540020416300200C6D002012
S214020FB0145400204263002043630020346A002059
S214020FC02DE9F8431DF04AF9DFF8A0810546B8F886
S214020FD00030614C13F4807F03D0237873BBFFF795
S214020FE0E1FE002108461CF019F95C4B1A78FF2A2C
S214020FF013D01A7802F0FF0632BBFF221A7023784B
S214021000052B0AD10023284623701DF022F930460C
S21402101018F06DFD1DF022F905462378504E062B7A
S21402102009D13378FF2B06D03378022B15D1002155
S2140210304C481CF00DFFFF2333702BE000214FF4C9
S21402104080701CF0BFF8CCE71A78012A4FF0FF0236
S21402105014BF33264C261A70D4E7337813B133788C
S214021060012B22D11CF04EF907463E4896F8009016
S21402107001F0DCFBFF235FFA89F9337077B1B9F12F
S214021080010F44D16421374884F800901CF0E0FE3A
S214021090FFF752FE28461DF0DCF806E028462770C9
S2140210A01DF0D7F8384618F022FDB8F800301B06B7
S2140210B005D5002180201CF085F817F00CF801F009
S2140210C0F1FA294E308000B32778012F42D11CF066
S2140210D0D3FD054610B301301DF090FA00F44060CF
S2140210E0B0F5006F1AD10422394628461CF004FDDA
S2140210F028441DF083FA4FF6FF7398420ED1002063
S214021100318800F0FFFC00233380BDE8F88300231B
S214021110284623701DF09DF83F20C4E7114801F0D1
S21402112085FB002108462170012500F09DFC2378EE
S2140211300BB9FFF737FE0020318800F0E3FC0023EE
S2140211403380002DE1D020780028DED1BDE8F843B8
S21402115018F018BE0025EAE744630020096D002057
S214021160086D0020346A0020EC5B0020EE5B002055
S21402117008B513460A461946064B186818F082F850
S21402118030B1BDE8084040F2F44103481DF058B9BA
S21402119008BD00BF20540020C281040008B51346D3
S2140211A00A461946064B186818F066F830B1BDE8CC
S2140211B0084040F2FB4103481DF042B908BD00BF9B
S2140211C020540020C2810400024B1878431E584265
S2140211D0584170474463002008B5064B1B7823B17C
S2140211E040F2255104481DF02BF9FFF7DBFD0020E5
S2140211F008BD00BF44630020C281040008B5054B49
S21402120001EB81011868490017F0B1FF002818BFEA
S214021210212008BD2054002008B5044B1868F9F7B1
S2140212200FFF0A2390FBF3F040B208BD20540020C3
S214021230014B1878704700BF0B6D002008B5044BB1
S214021240186817F0FFFEB0FA80F0400908BD00BF2C
S2140212502054002038B5124D0C462B78012B04D9A9
S21402126040F246510F481DF0EBF821460020FFF7EA
S214021270E5FF90B10C4B1C702B785BB9FFF792FD23
S2140212800A4B93F900100A4BC901186817F043FF7E
S214021290002038BDFFF750FDF2E72120F9E700BF36
S2140212A044630020C28104000B6D002046630020C8
S2140212B02054002008B5074B186817F0C1FE30B15D
S2140212C0054BB3FBF0F083B20BB1184608BD012004
S2140212D0FCE700BF2054002040420F002DE9F347F0
S2140212E05C4E01201DF0A9F83388990704D440F615
S2140212F03F4159481DF0A4F8DFF8808198F8003085
S214021300053B012B04D940F6414153481DF098F89D
S214021310524F3B6823B940F644414F481DF090F8BF
S214021320348814F0200478D0012122201BF076FFA6
S2140213304FF47A74FFF7BEFF3B681B7809334343CA
S21402134004EBC30498F80030A5B2062B0BD11CF0B0
S214021350A1FB0446FFF7AEFF602358430C2303FBB2
S2140213600400284485B2D7F800903D4B99F80080D7
S2140213701C7808F1FF381FFA88F8002C52D13388FF
S2140213805A0505D409F101001DF038F9C0F34014DE
S2140213903449354A887812784B7812FB00F2334F7C
S2140213A093423B70A4BF9B1A3B703B78CA78BD60E1
S2140213B0934238BF13463B7013F0D2FA002833D05C
S2140213C013F0CCFA012814BF102508252543002364
S2140213D0DFF8ACA00093802243464946DAF80000C4
S2140213E017F0F7FE20B14FF43B611B481DF028F8BA
S2140213F01F4BDAF8000019781E4B197033889B06CB
S21402140014D52A461C4B009718F0DFFAC0B9002004
S21402141002B0BDE8F0471DF010B8214622201BF0AE
S214021420FDFE87E70024B3E72546D0E72A460F4BA2
S21402143018F0C9FA014618B925201BF0EFFEE6E7B8
S214021440214626201BF0EAFE40F6F43102481CF044
S214021450F7FFDCE7EE5B0020C28104001054002098
S21402146047630020D36C002041630020E46900201B
S2140214700B6D00200A6D00201454002044630020E7
S21402148020540020184B10B51B889B0704D440F646
S214021490A66116481CF0D4FF154B1B78053B012BA2
S2140214A004D940F6A76111481CF0CAFF114B1B680D
S2140214B023B940F6A9610D481CF0C2FF00240E4B6A
S2140214C00E4921201C701BF0A9FE014618B9BDE882
S2140214D01040FFF703BF022804D12046BDE81040A3
S2140214E01BF032BF10BD00BFEE5B0020C2810400BD
S2140214F044630020105400203F6300209D16020023
S214021500F8B55A4C23889A0704D54FF43E715848CA
S2140215101CF096FF574801F089F91CF09FFE2388BD
S21402152005465B070DD54FF0FF3017F099FE524B7C
S2140215301B68C01AB0F5717F03D9002104201BF086
S21402154041FE28464D4D1CF084FE2B78042B32D1EA
S2140215501CF084FE238806465F0708D5454800210E
S2140215601CF076FC3046BDE8F8401CF072BE1CF05B
S21402157070FE1CF073FE424B06461B78414F13B9B1
S214021580238859050FD50523012102202B701BF055
S21402159019FEFFF777FF30461CF05BFE3B68DA78F1
S2140215A0394B1A70F8BD386801301DF027F88206EC
S2140215B0E9D50623E8E7062B4DD1344B1B78FF2BE3
S2140215C0F0D1334E13F0CEF93378002B3DD01CF019
S2140215D045FE238805465B0705D5264800211CF0F4
S2140215E037FC2846BFE71CF034FE3378013B3370E5
S2140215F01CF034FE0446012102201BF0E3FDFFF737
S21402160041FF20461F4C1CF024FE206801301CF0CF
S214021610F5FF00F44060B0F5006F13D12468012195
S214021620042220461CF068FA20441CF0E7FF01461C
S214021630184B04201A783378D21AD2B2BDE8F84092
S2140216401CF0A5BF4FF6FF71F2E740202B70BDE8F5
S214021650F84018F04CBA012BA4D100232B700E4B85
S2140216601868FFF74FFB3F20F1E700BFEE5B002054
S214021670C2810400346A00200C5400204463002017
S214021680476300201054002040630020086D0020AD
S214021690416300200C6D00202054002008B50A4B40
S2140216A01A7882B9012210281A7004D040F69D6179
S2140216B006481CF0C5FE002120201BF083FDBDE875
S2140216C00840FFF70BBE08BD3F630020C28104003E
S2140216D008B5094B1B88DB0604D440F2C351074801
S2140216E01CF0AEFE102000211BF06CFD044B1868A7
S2140216F0BDE8084018F060B9EE5B0020C281040025
S21402170020540020012208B5074B1146186818F02D
S21402171040F900212C201BF081FDBDE80840002185
S2140217200A201BF07BBD00BF20540020014B40085E
S214021730185C7047046D002008B513460A46194621
S214021740064B186817F0A4FD30B1BDE8084040F615
S214021750E94103481CF074BE08BD00BF20540020B7
S214021760C281040008B5044B186818F010F9013855
S21402177018BF012008BD00BF20540020054B10B53D
S2140217804C0022460146186817F0DFFC031B58423D
S214021790584110BD2054002070B505461CF05EFD71
S2140217A00E4B0F4E1B880446DA07357008D50D4BD4
S2140217B00D4D1B78012B08D90121286818F091F9E4
S2140217C02046BDE870401CF044BD1BB113F0BEF8C5
S2140217D0C305F1D4317881F00101EEE7EE5B00201B
S2140217E0036D002045630020205400200C4B10B5EA
S2140217F01B880446DB0711D5FFF77EFB094B84F0F6
S214021800010208211868D20017F08AFC30B1BDE840
S214021810104040F6367104481CF012BE10BD00BFE0
S214021820EE5B002020540020C281040008B5044B61
S2140218300146186817F037FD003818BF012008BDAA
S2140218402054002010B50A4C23787BB1FFF75AFFCC
S214021850002104201BF0B6FC002102201BF0B2FC83
S21402186000232370BDE81040FFF79CBA10BD00BFEE
S2140218704463002038B5094800F0E8FC0024084D0F
S21402188095F84430E0B2834200D838BD05EBC0007C
S214021890043000F0DBFC0134F2E700BFC454002041
S2140218A02454002008B5104602494822F8F70EFFD5
S2140218B0002008BD7C54002008B505481CF030FF07
S2140218C0014620B9BDE8084001481CF0C1BA08BD6F
S2140218D0546A0020002238B51C4B15461C461A7066
S2140218E00132082A5D609D8043F8085FF8D14822DD
S2140218F000211748F8F75AFD4FF6FE73A4F8683031
S2140219006FF48033E365134B00211A88124B186874
S214021910F8F74CFD114BC4E91255C4E9283584F892
S214021920445084F85050656584F8A850E9F73CFFA7
S214021930FF220B4B012118700A4B00201A70E3F7A6
S214021940A3F80020FFF7B8FF002038BD245400207B
S2140219507C540020766C0020146900200000FFFFF3
S214021960486300209D63002010B5AC24084B04FB9E
S2140219700030836C53B990F850403CB931B1C0E99D
S21402198012122046FFF798FF204610BD2120FCE7E2
S21402199024540020AC2370B503FB00F5094E7319DE
S2140219A093F850405CB9204610F0AAFC735D2046BE
S2140219B043F002037355FFF77FFF204670BD0120F8
S2140219C0FCE700BF24540020AC235843024A135CB1
S2140219D023F00303135470472454002070B51646B0
S2140219E01F4A04461278C2BBAC211E4D01FB0051B1
S2140219F08A6C92BB91F850203AB1022B2DD191F805
S214021A004410072907D91C2026E091F8441007291C
S214021A10F9D8012B08D0AC2000FB0450CA00011DE7
S214021A200C30F8F715FD0021AC2303FB04F000246C
S214021A309DF8143000EBC1012944CB71049B8E80C3
S214021A408B602B1893F84420204601328C7183F861
S214021A504420FFF731FF204670BD0120FCE700BF9F
S214021A604763002024540020F8B5234B04461B7815
S214021A700F46002B3ED1AC23204D03FB0053B3F898
S214021A80A03023B940F245311D481CF0D9FCAC22E7
S214021A9002FB0452D2F8A46036B192F8A33039465B
S214021AA00020B2F8A020B047AC2300216343EA1816
S214021AB0A2F8A010C2F8A410482192F8A82001FBB0
S214021AC002322A44D2F89820964213D0EB5C9B0747
S214021AD00CD5AC226243AB5C204623F0020343F0F3
S214021AE00103AB54BDE8F840FFF7E6BE10F02AFC4F
S214021AF00028EED1F8BD00BF476300202454002022
S214021B00198204002DE9F04F89B0059008460D466B
S214021B101CF0B2F8044618B9212009B0BDE8F08FCF
S214021B2028461CF0C5F8C0B20838215C221892F884
S214021B3002A00491D1785268277803920022B4F862
S214021B400130ADF81E20434A029192F800B0BBF174
S214021B50000F08D0404B1B681BB120464FFA8AF292
S214021B6098470020D9E703F00703022B70D0013410
S214021B700922594620461BF0BFFF023F3F1A3B068A
S214021B8006465FFA87F8C7D4344FD7F89090B9F173
S214021B90000F27D100210DF11E0B434622460846B0
S214021BA0CDF800B010F0E4FAC3B20546002B4BD1D4
S214021BB0BDF81E0017F0DFFFE0B9BDF81E0018F0F2
S214021BC0D6F88146BDF81E0017F0D5FFF0B906EB31
S214021BD0080201232146584692B200F07BFDD0B19E
S214021BE019209AE75B465A4601212846C84700282C
S214021BF0D0D191E7D7F89430BDF81E00002BDCD088
S214021C00A11998470028D8D1022086E742464846BE
S214021C10A119F8F75BFDBDF81E001CF02DF8029B1B
S214021C20059A0372049B80F809A08372039B1BBA71
S214021C30C360AC2303FB027393F85020BDF81E006A
S214021C4022B1DB6C03B19847E8B266E7BB6FF9E7EF
S214021C50012062E747630020085400202454002035
S214021C602DE9F84308460F46164602F1010918F018
S214021C7083F88046384617F077FF042856D1384650
S214021C8017F096FF48F661054FF6FF7248F64103D5
S214021C90294C904208BF1D46B4F85C10301D1CF05B
S214021CA0AFFC384617F084FF0146B01D1CF0A8FCB6
S214021CB0B4F85E1006F108001CF0A2FC06F10A0455
S214021CC038460DF067FF10B145F01005ADB2294653
S214021CD048461CF095FC384618F049F8424601463C
S214021CE02046F8F7F3FC384601211BF0FDFF44447A
S214021CF0074660B11BF0DCFF054638461BF0BCFF0A
S214021D00EDB201462A462046F8F7E0FC2C440B4A80
S214021D10A41B13780134591C1170F37034703046CA
S214021D20BDE8F843092201211BF0E6BE48461CF036
S214021D3065FC4C460546C3E7245400204863002051
S214021D40AC2210B548245043094B1A1892F8A81032
S214021D5004FB0100034493F87700022806D092F8A9
S214021D6050301BB9032818BF012010BD0020FCE725
S214021D702454002070B508B1012070BD234C94F89D
S214021D80A850002DF8D12946B4F85C20FFF706FAD1
S214021D9029462846B4F85E20FFF7EAF9294628467F
S214021DA004F16002FFF7C8FC94F87730002BE3D00A
S214021DB0284694F85860FFF73BFA864215D1002071
S214021DC094F95A50FFF728FA854216D10020FFF7F9
S214021DD0B7FF044600201BF045FE0028CDD0214662
S214021DE0BDE870400020FFF7F7B9284694F858106F
S214021DF0FFF730FA0028E2D0BFE7002094F95A1025
S214021E00FFF7FCF90028E1D0B7E700BF2454002012
S214021E100346AC2010B51446164A00FB032292F87D
S214021E20770002280CD1E07F022809D141B112497D
S214021E300978012913D992F85810227891420ED1C6
S214021E4018462178FFF7FAF990B1482221460B4846
S214021E50F8F73CFC00201BF005FE08B9002010BD78
S214021E60044B93F8A8000028F8D1FFF783FFF5E7A4
S214021E702120F4E724540020D96C00207C54002052
S214021E8038B5AC230D4C054603FB004300205A6DC3
S214021E90D86483F8500012B15865FFF719FCF5F7BD
S214021EA04BFBFF281EBFAC2303FB054484F8A800A7
S214021EB00020FFF75FFF002038BD00BF245400203B
S214021EC07FB51D4C94F8A83023B1002084F8A800F2
S214021ED0FFF750FF94F85A30B4F8A0608DF80F3030
S214021EE026B940F2FD2115481CF0AAFA144B3146D9
S214021EF01D6800202A46FFF7B3FEE46F02469CB137
S214021F000DF10F0301930023294630460093A047A4
S214021F1002462C7854B920462146FFF7A5FD2046F6
S214021F20FFF7CAFC04B070BD0122F2E72946002082
S214021F30FFF706F8F6E700BF2454002019820400D3
S214021F401469002038B5494B1C78002C58D14848F3
S214021F5000F06CFC20461BF085FD002850D0454C56
S214021F602378D90733D594F850201AB123F0030307
S214021F70237045E023F00103237010F0CBF9237899
S214021F8005469A0701D510F0BBF9294600200FF046
S214021F9053FF40B92378284643F001032370BDE877
S214021FA0384010F0ADB90023482284F8A33094F8E4
S214021FB0A83084F8A25002FB0343D3F89830A4F862
S214021FC0A000C4F8A430BDE83840FFF779BF94F803
S214021FD04400B0B104F1A003251D95E8030083E890
S214021FE00300FFF76DFF94F844202846D20004F160
S214021FF00C01F8F72DFA94F84430013B84F844308B
S21402200038BDA26C62B99B0711D52378002023F055
S214022010020343F001032370BDE83840FFF74CBCCF
S2140220200123A06484F85030904723789EE710F08E
S21402203089F90028E9D194F8A83073B1F5F77CFA4B
S21402204094F85030002BDBD1FF2818BF84F8A80084
S214022050BDE838400020FFF78DBED4F88C30002B48
S214022060ECD098470028CBD1E8E700BF47630020B2
S214022070546A00202454002070B5044600201BF049
S214022080F1FCAC235C430B4E351995F850300BB17E
S214022090002070BD0028FBD007481CF041FB00283A
S2140220A0F6D1335D002BF3D195F84400B0FA80F0F8
S2140220B04009EEE724540020546A002010B5084A6E
S2140220C0034617F067FE14684FF6FF7203EB4003F1
S2140220D09C42184603D9018802339142F8D010BDBB
S2140220E0E05400202DE9F047204F05463B88A3B375
S2140220F0B0F90230002B30DBDFF87C801C49D8F8C0
S2140221000000F8F7A9FB20B94FF4EA7119481CF051
S21402211097F90026DFF85CA0DFF860903A88B3B241
S2140221209A4204D84FF4EB7150461CF089F9D9F85C
S2140221300030B2B253F83200D8F8001003EBC204F3
S21402214068B943F83210A38828460133A38017F0F3
S21402215021FEE38803EB4003E380BDE8F087F8F74F
S2140221607BFB01360028D9D1EDE700BFF05B0020EB
S214022170E6810400F0810400746A0020D454002032
S21402218038B5094C094D22682B689A4204D94FF497
S214022190877107481CF054F928682368C01A20F093
S2140221A0010080B238BD00BFE0540020E854002091
S2140221B0F081040038B5124C124D21462846F5F738
S2140221C041F823680BB12B681BB9DE210E481CF0C0
S2140221D037F92A680D4B0E491A60236823F001036B
S2140221E013440B600B4B1A602AB9BDE83840F8213D
S2140221F005481CF025B9FFF7C3FF6428F5D938BD9A
S214022200D8540020DC540020F0810400E45400205E
S214022210E8540020E054002038B5094C094D2268E5
S2140222202B689A4204D34FF48A7107481CF008F9C7
S21402223028682368C01A20F0010080B238BD00BFAB
S214022240E4540020E8540020F08104002DE9F04117
S2140222501D4B04461B78012B24D100881BF0EEFC94
S2140222600546D8B10426DFF864802C461BF0F6FF3C
S21402227007462046FFF736FF638843EA0803638073
S214022280A05B1BF0DBFC044638461BF0E2FF1CB1E9
S214022290B4F90230002BE9DA062E01D1BDE8F0814E
S2140222A00626E2E7022BF9D11BF0D8FF0246208869
S2140222B01BF0C4FC18B10388C3F30E032380104638
S2140222C0BDE8F0411BF0C5BF496300200080FFFF58
S2140222D02DE9F04F0024BA4B97B006461C801BF03F
S2140222E0BDFF0123DFF8EC82B64F3B70B8F8003032
S2140222F0A8F80040ADF81630B34B1B6801931BF0EC
S214022300A8FFB24B21461A88B14BD2001868F8F7DC
S2140223104DF80DF11600FFF799FF002E3CD1DFF8BD
S214022320B8924FF0000B0125D9F80040019B9C4261
S21402233039D3BBF1000F39D1002DF2D0D9F80040C5
S214022340DFF898A225462246019B9A4273D30223BF
S2140223500DF116003B70FFF779FF002E40F08F80DC
S214022360D9F800603246AA4280F0A28090881BF01C
S21402237065FC18B10388C3F30E039380D0881BF064
S2140223805DFC18B10388C3F30E03D3801046FFF733
S21402239095FE0246E7E79847E3B256F82330013443
S2140223A0002BF8D1BBE7BBF1000F3ED00BF1FF3399
S2140223B05FFA83FB16AB03EB8B0252F8402CB2F9A2
S2140223C0020051880028B1DA4B04AFD4924641F499
S2140223D08040931D2AF8020F02933AF8020F1BF070
S2140223E02DFCF0B1B0F902E0B0F802C0BEF1000F69
S2140223F017DB6FEA4C4C6FEA5C4CA0F802C0039005
S214022400FFF770FEBBF10F0F8FBF002516AB039AC6
S21402241003EB8B009EBF0BF1010340F8402C5FFAE2
S21402242083FB029B9A45D8D180E72046FFF746FEFB
S21402243022460446C3E7104617F0ACFC8346B2F9C0
S2140224400200118800280AEA010108DA20461BF079
S214022450EBFB084381B204EB4B0402EB4B05104640
S2140224601180FFF72BFE02466EE798475FFA8AF363
S21402247056F823300AF1010A002BF6D170E74FF026
S214022480000AF3E73046FFF719FE82467EB1B6F938
S21402249002307188002B0ADA3088C0F30E001BF077
S2140224A0CDFB864203462DD1C1F30D0171805646FF
S2140224B0AE42E7D3DFF81CA11BF0D0FE0021064691
S2140224C0504617F0CAFC1BF0B9FB0546002800F080
S2140224D0878030461BF0BDFE284617F05BFC06469A
S2140224E020461BF0A1FB814676003246294620464E
S2140224F0F7F7AEFF002249460DF116001CF0E8F889
S2140225003444D9E71BD9304617F044FCC1F30D0119
S214022510420071801846314692B2F7F799FFC6E735
S2140225205046FFF7CBFDD146854203D9B0F90230BB
S214022530002B01DA824603E0FFF7C0FDF4E7B1465E
S214022540554507D9BAF80000C0F30E001BF076FB1B
S2140225508245E5D3B9F1000F30D0B9F80000C0F3D8
S2140225600E001BF06BFB034638B93346CB46994543
S21402257013D8B1459BD0D946ECE7484617F00AFC7B
S214022580B9F802204946C2F30D02A9F80220420019
S21402259092B21846F7F75CFFE7E718460193FFF793
S2140225A08DFD019B9B46854203D9B0F90230002B74
S2140225B001DA0346DBE7FFF781FDF4E7CB46DAE70D
S2140225C0F25B002049630020E0540020F05B00200C
S2140225D0D4540020F45B0020E45400200080FFFF67
S2140225E0BDF816303870A8F80030044B30461C6030
S2140225F01BF02FFE17B0BDE8F08F00BFE05400209E
S2140226002DE9F04105461BF019FB0F460446D8B1EA
S2140226101CF048F820B940F2FB4120481BF010FF9E
S21402262028461BF045FB05462046FFF747FDBD4200
S214022630064609D004D840F2035118481BF000FFA2
S2140226402588ED0B02D02781BDE8F0816780204601
S21402265017F0A0FB074604EB40081BF0FFFD104BEB
S2140226601A68B2420AD1C3F800801BF0F2FD2A466D
S2140226704046BDE8F041FF21F7F798BEA6EB0806F4
S214022680B5B21BF0E6FD072DF1D90023083D44F84C
S2140226901730C8F80430A8F80250D5E7F0810400D5
S2140226A0E054002038B51BF0D9FD00210546044849
S2140226B017F0D3FB044628461BF0CBFD204638BD58
S2140226C0F45B0020024B1888B0FA80F0400970478D
S2140226D0F45B00202DE9F74F044600881F461BF0E6
S2140226E0ADFA8846154606461BF0DCFF20B940F2D6
S2140226F0FE613F481BF0A4FE3388DB0B009306D036
S21402270033892B443381002003B0BDE8F08F208844
S2140227101BF0CEFA82463046FFF7D0FC01901BF043
S2140227209DFDDFF8D0B0019BDBF8002081469A427F
S2140227301DD1FFF725FDA84204D248461BF089FDAD
S2140227401A20E1E70AEB050373803FB120881BF0ED
S21402275093FA2A4641465044F7F7B8FF3046FFF749
S214022760ADFCCBF8000048461BF073FDCBE71BF030
S21402277070FD20881BF09CFA2844009980B21BF05A
S214022780EFFA06460028DBD01BF076FA8146208850
S2140227901BF072FA824620881BF08AFA51460246DD
S2140227A04846F7F793FF3046AFB11BF065FA074687
S2140227B020881BF07DFA2A4641463844F7F786FF02
S2140227C0012120881BF090FA0121024630461BF0B8
S2140227D09FFA268097E71BF04FFA804620881BF068
S2140227E067FA2A4639464044F7F7E0FDE8E700BFB5
S2140227F0F0810400E0540020342101481BF020BE82
S21402280004820400036910B55BB18268064B9A42E3
S21402281001D1002010BD44691BF00BFE201AF9D529
S214022820F7E74FF0FF30F5E7F927020082681C4B06
S21402283070B59A420446056819D11BF00FFD23694C
S21402284023B1A34206D100222A601A61BDE8704075
S2140228501BF0FFBC1A4611461269A242FBD12A6837
S214022860A24208BF29600B6100232361EEE70369D9
S21402287093B198426E6803D19D210A481BF0E0FD91
S2140228802B46B44209D122699D4218BF1A614FF005
S214022890000308BF6A60236170BD33463669F0E7FD
S2140228A0F9270200048204002DE9F04707460025B6
S2140228B04FF0010A154EDFF858808AB0347914B901
S2140228C00AB0BDE8F087D6F8009087B900972A4686
S2140228D0B8F80010234603A81BF091FF224648468C
S2140228E003A9E9F723FC2544EDB20836E6E72246BB
S2140228F003A94846E9F7EEFBCDF800A023462A4690
S214022900B8F8001003A81BF07AFFECE720CD04000D
S214022910F65B00200148FFF799BC00BFF65B00207B
S2140229209C46174BF7B5054608461988164611B158
S214022930144B1C78CCB1014662463046BDB103B09A
S214022940BDE8F040E9F7C6BB1C44E4B208373B7961
S214022950002BF0D03A689642F6D185F00105224661
S21402296000951BF04CFF03B0F0BD074FEFE7E9F709
S214022970DDFBB0B203B0BDE8F04015F0B0BB00BF5F
S214022980F65B00200D6D002020CD040010B5074C2C
S214022990238843B10020FFF787FF0020FF22044B65
S2140229A020801A7010BD0220FCE700BFF65B0020F4
S2140229B00D6D0020142810B518D8082805D115F07A
S2140229C007FCC401E4B2204610BD0E2802D115F061
S2140229D002FCF6E7064B53F82040002CF3D00A28F8
S2140229E02478F0D107F0C2FB0443EBE7FF24EAE7C2
S2140229F070CD0400014BB3F86800704724540020E1
S214022A00004870478E540020014B1878704700BF6C
S214022A10C0620020014B1878704700BFC3620020D6
S214022A20014B1870704700BFC3620020204B02287B
S214022A3010B5204C187002D00438012822D823780A
S214022A40042B0BD000211C481BF002FA2378033B10
S214022A50012B03D9002119481BF0FAF9184B1B6801
S214022A609A0022D513F0805F40F6114418BF4FF447
S214022A704164204615F061FFC8B92046BDE8104003
S214022A8015F02BBB0C48FFF7D1FE0C48FFF7CEFE25
S214022A9017F05CFC2378033B012B03D815F047FFA5
S214022AA01624E6E70DF0BAFFFAE71524E1E710BDB3
S214022AB0C7620020C8620020986A002010460020E4
S214022AC0A4460020024B187800F00F00704700BFA3
S214022AD0C7620020034B187800F00F00831E58428E
S214022AE058417047C762002008B517F01AFCC0B1FB
S214022AF017F030FCA8B10FF01BFD90B90A4817F08A
S214022B0063F970B1094817F05FF950B115F068FB28
S214022B1038B115F014FF20B9BDE80840044817F094
S214022B2016BA002008BD00BFF85B00202C5C00200F
S214022B30EC54002030B505460C4693B081B910B966
S214022B40002013B030BD1023214A69460120FFF74A
S214022B50E7FE9DF805305A1E052A28D91720F0E709
S214022B60182200212046F7F721FC002DEBD1FFF7B3
S214022B70B1FF30B315F0DCF96A4601460020FEF7D5
S214022B8091FEBDF80430204623819DF80230A372E0
S214022B909DF80030E37217F0A2FD002304F1140141
S214022BA0237304F1100004F0F7FDE081C8E7094A38
S214022BB09DF8041012789142D0D12B70002CD6D1F9
S214022BC0BEE7054B1B78033B022BD3D9C6E700BFF3
S214022BD064EE0100E06C0020C762002030B593B0BE
S214022BE005460C46FFF776FF20B90C4B1B78033BD5
S214022BF0022B10D815F09CF96A4601462846FEF7C5
S214022C0051FE00209DF80230607023709DF800305F
S214022C10A37013B030BD1720FBE700BFC7620020C9
S214022C20054B1878012805D000F0FD00A0F131030D
S214022C3058425841704700BFC76200202DE9F34151
S214022C400E46002105461BF03DFD0023124FADF84F
S214022C5006002B800DF1060017F0B6F8044610B1F8
S214022C6002B0BDE8F08121460DF1060017F0F5F836
S214022C7080461BF001F8438AB34207D99B1B438266
S214022C802246414628461BF023FDE3E743895B07BD
S214022C90E0D53B88F3E700BF786C002008B50A4809
S214022CA0FFF7C4FD09484FF47A71FFF7C7FF0748DC
S214022CB017F08AF830B9BDE808404FF47A71024836
S214022CC01BF0C6B808BD00BF786A0020866C0020DC
S214022CD01FB50146002201A81BF08AF9064801A981
S214022CE01BF053FD20B11AF0C7FF4089C0F3400025
S214022CF005B05DF804FB00BF866C002030B585B0D9
S214022D000D460022014601A81BF072F9084801A9E7
S214022D101BF03BFD50B11AF0AFFF044601460822F5
S214022D202846F7F795FB6089C0F3400005B030BD32
S214022D30866C002010B5044C204617F07CF8638899
S214022D40181A80B210BD00BF866C0020F8B5054682
S214022D50F8B100210F481BF0B5FC0446A8B10D4F90
S214022D6020461AF089FF06461BF02EF9830705D483
S214022D70082229463046F7F765FE38B1214638461E
S214022D801BF0C4FC04460028EAD10024201E18BF0B
S214022D900120F8BD866C002010B50C460146064898
S214022DA01BF0F3FC30B11AF067FF43891C4214BFD4
S214022DB00120002010BD00BF866C00201FB51446FF
S214022DC0024601A81BF014F9074801A91BF0DDFC16
S214022DD040B134B11AF050FF142201462046F7F7EC
S214022DE037FB012004B010BD866C00201FB50146DB
S214022DF0002201A81BF0FCF8094801A91BF0C5FC3B
S214022E0058B11AF039FF4389024613F0020004D083
S214022E10507B80F00800C0F3C00005B05DF804FBEC
S214022E20866C00200146014817F02BB9866C0020FC
S214022E30F8B504460E46142000211AF091FF054606
S214022E40204616F0F8FF6388834225D925B331461B
S214022E50204617F016F908BB28461AF00DFF07465B
S214022E600A223146F7F7F4FA082206F10A0107F1B8
S214022E700A00F7F7EDFA0A4B1B887B82238823B9F0
S214022E804FF47A7107481AF0E3FF204600222946DB
S214022E901BF01EFC0020F8BD1C20FCE72E20FAE7E3
S214022EA0786C0020786A002010B5044686B0B0B16F
S214022EB01BF08AF810F0020011D1CDF80E006168FE
S214022EC0CDF81200ADF81600206801AB03C32289C4
S214022ED0044801A91A80FFF7ABFF06B010BD2120F7
S214022EE0FBE700BF866C0020F8B50D4616461F4667
S214022EF0044648B31BF068F830BB2046FFF792FF43
S214022F00E0B1214611481BF040FC1AF0B5FE438999
S214022F1005734673877343F0020321894381204673
S214022F2001F0F2F9FF28044606D001F0F3F818B1D2
S214022F300022074B43F82420002004E02046FFF737
S214022F40B3FF0028DDD0F8BD2120FCE7866C002008
S214022F50E0430020F7B59DF824400D4601949DF805
S214022F602040064600941F460DF076FC4FF6FF7191
S214022F708842044610D0BB0711D4284600F0CCFF86
S214022F8020461BF099F8FF281FBF084A32F8103077
S214022F9023F4804322F81030204603B0F0BD0246E8
S214022FA02946304617F074F8EAE700BFBC5B0020FB
S214022FB073B50E46014614481BF0E7FB0546D8B12A
S214022FC01AF05AFE43890446334012D09B0736B2A3
S214022FD00BD5002E09DAA17B437B0289007B019187
S214022FE0012100912146FFF7B5FF638923EA060314
S214022FF06381628912B1012002B070BD294602487F
S21402300016F04AFFF7E700BF866C00200148FFF77C
S2140230101DB900BF866C00201FB50C460B4A014640
S21402302001A81AF0E5FF01A8FFF7FCFE60B101A9AE
S21402303007481BF0AAFB1AF01FFE036823604368CA
S2140230400020636004B010BD2D20FBE7DECD040037
S214023050866C002013B53E4C12F03CFAD4F8FC31D4
S2140230601020C3F307430193FFF7A4FC000650D5D4
S2140230700020FFF79FFC01064BD5019B802B3ED11B
S214023080236A9A0704D440F61544204602B010BDBF
S214023090E3699B07F7D52F4815F071FF012016F05C
S2140230A041FD12F02AFA04460028EED100F086F915
S2140230B0294816F026FF00F0F1F9E8F775F912F044
S2140230C008FA0AF0F1FC0AF043FDF4F717F9F4F7F0
S2140230D0CBF9F4F7E5F904F003FD15F07BF815F0EB
S2140230E07CF815F02FFC1D480CF00CFC07F092FE45
S2140230F015F0E7FB0028C8D015F0E5FBC5E7019BF5
S214023100812BC0D1D4F80C315B00BCD5D4F80C317D
S214023110BFE71020FFF74EFC0006BCD40020FFF7E6
S21402312049FC0106B7D5019B802B05D1084B1A6ACC
S214023130D207A8D5DB69ACE7019B812BA3D1044B50
S214023140D3F80C21002A9EDAD3F80C31A1E700BF8F
S2140231500080E00F690345ECEC540020D12C0200FD
S21402316010B517F0F0F870B301F0B8FB80F0010468
S214023170E4B20020FEF7F6FA44EA800424B217F01E
S214023180D0F810BB0220044316481BF0C9FA44EAE2
S214023190401415481BF0C4FA24B244EA001413483B
S2140231A01BF0BEFA24B244EA801411481BF0B8FAA7
S2140231B024B244EA40240F481BF0B2FA24B244EA8E
S2140231C0C02080B210BD0124D3E70B4816F0FCFDE8
S2140231D00028D7D0094816F0F7FD80F00100C0B2EB
S2140231E04000D0E7D86A0020BC6B0020A84600202A
S2140231F03C6B00209C6B0020F85B00202C5C0020BF
S21402320008B501F047F90EF0DFF8FDF7D9FE1548CC
S21402321016F0DAFD08B906F065F9134816F0D4FD83
S21402322008B907F0E1FD03F059FC0CF01DFD0F484C
S21402323016F099FE0E4B1B78043B022B09D80D485C
S2140232401BF06EFA28B1FFF78BFF102801D109F0A8
S2140232507DF914F0C7FF16F029FFBDE808400648BE
S214023260FFF736B8F85B00202C5C0020EC540020F8
S214023270C8620020BC6B0020E8CD0400014B186831
S214023280704700BF20540020F8B54FF6FF77104B6A
S21402329006461B780C46033B012B0F8009D83046A6
S2140232A00AF0BAFC4FF6FF73984220800ED0002038
S2140232B00DE00CF023FEB84205462080F7D13046DA
S2140232C000F002FDA8422080F1D1E8E72D20F8BDEB
S2140232D0C86200204FF6F77370B5984204460D4652
S2140232E086B05AD816F0E3FEA04207D108222C492F
S2140232F02846F7F7ADF8002006B070BD294EB6F89E
S2140233006830A3420AD10022082106F16A0016F0AC
S21402331060FE18B9082206F16A01E9E7ACB1224B51
S2140233201B78033B012B1AD800230122194620469C
S21402333000930AF01BFBFF2823D1294620460AF0F9
S214023340BFFC80F00100C0B2D6E7184B1B689B0793
S214023350E5D4284608F0DCF90028E0D0CBE7204682
S21402336000F06AFFFF2806D129462046FFF754FEE2
S2140233700028D9D1BFE7294600F080FF0028F3D005
S214023380B9E702A918F0C1F80028D6D1DDF80D3049
S2140233902B60DDF811306B60ADE70120ACE700BFB3
S2140233A04A63002024540020C8620020A44600205D
S2140233B0014B1870704700BFE06C002010B5054C3A
S2140233C0082221460448E8F785FE204616F0A9FEA4
S2140233D010BD00BF4A63002034B608C000487047DC
S2140233E04A630020082208B50349F7F72BFBB0FA18
S2140233F080F0400908BD00BF4A630020014B1870E8
S214023400704700BFBB620020074B44F6FF701A7875
S21402341040F6FF73012A18BF1846044B1B780BB1FF
S21402342040F40040704700BFC8620020BB62002024
S214023430F7B50D46044616461F460021284601F0FB
S214023440F1FF0B4B002183F859402A4633462046AB
S21402345000970EF0AFFC014630B10222204603B0C0
S214023460BDE8F04000F006B8012003B0F0BD00BF92
S2140234702454002013B513460C461AB1022A0CBF78
S214023480134601230021044A019100922246FEF7C8
S214023490A5FA02B010BD00BF29A4030000B50020A3
S2140234A093B0FEF717FA1E4B18880CF031FA1D4B34
S2140234B01D491A7800200EF0A1FD3422002168462C
S2140234C0F6F774FF0B238DF800306FF48033019308
S2140234D04FF6FE73ADF8103003238DF81D30134BF4
S2140234E0134A0893134B10680993134B51680D93B4
S2140234F0124B6A460E93124B0F93124B1093124BBB
S214023500119302AB03C300210846FEF781FC6A460C
S21402351001210020FEF77CFC13B05DF804FB00BF1F
S214023520706C0020F36C0020009204004539020003
S2140235304A630020C5A10300BD710200ED3A0200F5
S214023540BD88020029A403000D6C0200014B187806
S214023550704700BF52630020014B1888704700BFB7
S2140235608A6C00202DE9F74F814610460E4690469B
S2140235701BF044F8DFF840B105469BF8003033B93B
S2140235804A4B1B681BB94A4B1B68002B7FD015F4AD
S214023590406A05F040071BD19FBBB5F5804F61D24C
S2140235A04FF48074B9F1400F73D0B9F1800F63D035
S2140235B0B9F1100F6BD100239BF800003D4AD9B237
S2140235C0884264D932F8021B0133A142F7D166E081
S2140235D008F103001BF012F84FF6FF73984214BF6F
S2140235E00124022487B1052705F44043B3F5004FB2
S2140235F044F0080425D0B5F5804F24D244F48074F4
S21402360021E054460327EFE7B5F5804F4FF0050754
S214023610F4D3BAF5406F14BF022008203844404461
S2140236201AF0ECFF019016F05FFD019B05F4404591
S21402363098420CBF44F0080444F00404B5F5004F69
S21402364001D144F08004BAF5006F0FD108EB0700F1
S2140236501AF0D4FF054616F02AFDA842A2D144F07D
S21402366010049FE7544603270220D7E7BAF5406FB7
S21402367008BF44F0200495E70C4B1B683BB10022C0
S214023680D1B233F8110033F91110002903DA002001
S21402369008E0074BF1E7A04202F10102F0D106B1C1
S2140236A03480012003B0BDE8F08F00BFFC54002038
S2140236B000550020565C00209A630020034B1A78BF
S2140236C0022A04BF09221A70704700BF5363002003
S2140236D00C22034B1A211A700320002202F024B88F
S2140236E0536300200C2208B5054B1A211A700022DB
S2140236F0104602F019F80022024B1A6008BD00BFFD
S21402370053630020085500200C2270B50D4B054669
S2140237101E781A7030B93046BDE8704000221A2171
S21402372002F002B8084B1C78E1B21A29F3D825FA3F
S21402373004F3DB0703D54422304601F0F5FF0134DB
S214023740F2E700BF536300200F6D00200C22024BED
S2140237501A7015F0EDB800BF53630020F0B50C8860
S21402376005460E468BB0E4B94FF6FF77ADF82470E7
S21402377015F0F1F810B902200BB0F0BDCDE9034008
S214023780CDE90544134A0294B2F85C3060320193E4
S21402379000923B464CF60101FF2009AA18F0FEF9FA
S2140237A03080284616F019FE0B4C70B1237863B1B0
S2140237B0013BDBB22846237016F00FFE38B12078A4
S2140237C0B0FA80F04009C0B2D6E70523F2E701203E
S2140237D0F9E700BF245400200E6D0020034B11466B
S2140237E01B6803B1184714F036BC00BF085500200A
S2140237F00C22024B1A700AF0F1BC00BF5363002081
S2140238000148FEF723BD00BFFA5B00207FB50546E0
S2140238100C4616461AF000FD00286BD1062D03D87A
S2140238205223EB40DB071AD4B4F1006F05D3E30E44
S2140238301C3B032B18D94F202EE000222F4B1A6078
S2140238402F4B1D7016F0EEFB03460A2D54D8DFE808
S21402385005F02D183E49182518535341360002F03C
S2140238603BFCB4F1006FE2D20022244B042D1A6016
S214023870234B1D70E6D1022001F02EFC16F0D2FB7F
S2140238800346012202921F4A01921F4A00921F4AD1
S214023890314620460EF088FE04B070BD3146204602
S2140238A01B4A04B0BDE870400EF066BE31462046A4
S2140238B0184B194A04B0BDE870400EF041BE002213
S2140238C00292164A0192104A0092154AE0E7022234
S2140238D00B4B1A7000221046124904B0BDE8704025
S2140238E0FEF742B8002202920F4A0192064A00925E
S2140238F00E4ACDE74D20CFE70120CDE70855002040
S21402390053630020093702004539020015A403005C
S214023910F1370200E5360200DD3702004D370200BD
S2140239205D370200BD360200D1360200D7A303007F
S21402393008B50EF069FE0C22014B00201A7008BD75
S21402394053630020F0B585B0ADF8060018B97621AD
S21402395064481AF075FDBDF8060016F005F904462F
S214023960BDF8060016F000F9082846D00C2CBDF863
S214023970060042D116F0FBF907461AF03FFE0DF19B
S2140239800F010646BDF8060014F00DFC002879D09B
S2140239900922002138461AF0AFF89DF80F3010338E
S2140239A0C518BDF806001AF083F9EDB2854269D251
S2140239B02946BDF806000EF035FF06F44C4416F410
S2140239C04066054614D0F81C1AF018FE4FF6FF7330
S2140239D0984208BF44F04004B6F5006F08D1781D3F
S2140239E01AF00CFE4FF6FF73984208BF44F010041C
S2140239F09DF80F305BB3072D44D1BDF8060016F0D4
S214023A00A9F80446BDF8060016F0AEF8082817D046
S214023A10A30615D524F0200189B2BDF8060016F0DB
S214023A2084F8BDF8060016F0A2F9002109221AF061
S214023A3063F800F1100189B20DF1060018F0D7F90B
S214023A400022BDF8061028481AF042FE1AE0082D99
S214023A5016D8BDB1013D072D14D801A353F825F0A1
S214023A60BD3A0200C93A0200853A0200893A0200CB
S214023A70853A0200D53A0200FB390200DB3A020020
S214023A807C2D24D005B0F0BD24F48844A4B2B4F54D
S214023A90084FF7D1BDF8060016F061F8BDF806101B
S214023AA00BF0D0FF0028A8D0BDF8060016F0C2F82A
S214023AB00022014602201AF06AFDE3E724F480643D
S214023AC0A4B2B4F5484F97E7B4F54C4F94E7B4F573
S214023AD04C4F92D04CF6500301E04CF640439C42C9
S214023AE08AE700BF12820400F85B00202DE9F74344
S214023AF00F469046994606461AF0BEF804463046E9
S214023B001AF0D6F8C5B2083D2C44E178094BA278E3
S214023B101970094B31461A70002043463A46CDF8D2
S214023B20009012F08CF9003818BF012003B0BDE8EF
S214023B30F08300BF77630020766300202DE9F04F04
S214023B40DFF84081DFF8409198F8002099F80030BD
S214023B5006469A4285B004D340F2191142481AF03A
S214023B606FFC30460DF10F011AF05AFA20B14FF4ED
S214023B708E713D481AF064FC98F800709DF80F406C
S214023B803D1B15F0FF0530D04FF0FF3C374B0121AF
S214023B901B78A140184699F800304FF6FF790CFAC8
S214023BA003FC0023324A01F1FF3E0193C1F1000AF1
S214023BB09DF80430984243D8122004FB00002D4B97
S214023BC0A0F1120105EBC5025200194404F10109E5
S214023BD01844F6F73DFC4FEA89092748A9F1040183
S214023BE00144AA004844F6F733FC224904EBC40217
S214023BF001EB420321F81260204A013712784FF691
S214023C00FF71DA731A745A7412025A801C4A0D2013
S214023C1012781A7110225A7100229A73C3F806207B
S214023C20C3F80A20144B43F8242088F800701AF0D0
S214023C30AEFC0EB908F05CFF204605B0BDE8F08F7A
S214023C4013884B450AD053680AEA030B03EA0E03AD
S214023C500B4403EB4B0343EA0C035360019B08320D
S214023C6001330193A4E700BF25820400ED6C002017
S214023C703C440020AC590020E0430020776300203B
S214023C8054630020C1620020EB6C00202DE9F04155
S214023C90074600250A4B0B4E93F80080ECB2A0456F
S214023CA003D8FF242046BDE8F08108223846B11D1D
S214023CB0F6F7C8FE01350028F4D01236EEE700BF4C
S214023CC0C1620020AC59002008B5FFF7DFFFFF28CD
S214023CD01DBF00B2044B00EBC0004FF6FF7018BFCA
S214023CE033F8100008BD00BFAC59002007B50DF12F
S214023CF007011AF095F930B19DF80730034803EB37
S214023D00C30300EB430003B05DF804FBAC5900208C
S214023D102DE9F843294E044633785D1E2D1A834258
S214023D20EDB204D84FF4A17125481AF089FB01239D
S214023D30A3404FF0FF305F1E3B4400214FF6FF7E4C
S214023D406FEA03081F4A92F800C01F4A1278904092
S214023D501E4ACBB29C4523D8BDB127B204EBC4049D
S214023D601B48640005EBC50204F11201014452002F
S214023D702044F6F76DFBBF001648AA00391D014421
S214023D8002F0FC023844F6F763FB33780022013B6C
S214023D9033704FF6FF71BDE8F8430E201AF0F7BBFA
S214023DA01388734507D0536808EA03093B4003EBC0
S214023DB059030343536008320131CAE7C162002047
S214023DC025820400ED6C0020EB6C00203C440020B1
S214023DD0AC590020E043002010B50A4C207858B9B0
S214023DE0094B1B781A2B03D9992108481AF028FB8D
S214023DF00322074B1A7010BD0138C0B2FFF788FFC6
S214023E00ECE700BFC1620020EB6C002025820400B4
S214023E10BD6200202DE9F04705461AF0CCFCFF28CB
S214023E20044624D1DFF884901E4B99F800201B78B4
S214023E309A422BD22846BDE8F047FFF77FBE388865
S214023E403B79504518D86F2B4FEA131214D85B07EC
S214023E5010D0123708F1010899F800105FFA88F6B8
S214023E60B142ECD80023104ADEB28E4214D320466A
S214023E70BDE8F087022AECD90DF0E2F90028E8D175
S214023E8029463046BDE8F04716F0E8BA4FF000087B
S214023E904FF6F77A044FDFE7107901338F28EFD811
S214023EA01232E1E7EB6C0020AC590020C162002020
S214023EB04FF6F773984210B514D8FFF7ABFFFF28FA
S214023EC010D0134C00B200EBC00004EB400412F01A
S214023ED010FA104938B962880B7802EB0313A3EB89
S214023EE01213638010BD227C637C09789A42E273C7
S214023EF02374617407D98B4203D213468B4228BFC0
S214023F000B461B02EDE78A42F8D31346F9E700BFD9
S214023F10AC590020776300202DE9F04106460F4693
S214023F2000240E4DDFF8388098F80030A34201D8FE
S214023F30BDE8F081082229463046F6F783FD40B9EF
S214023F4035F8063CBB4204D02046FFF7E1FE013CB2
S214023F50E4B20134E4B21235E6E700BFB2590020FB
S214023F60C1620020F8B5054608460E46FFF78EFEEB
S214023F70FF2830D01D4B294653F820703046FFF7F5
S214023F80CBFF2846FFF746FFFF28044625D10CF054
S214023F9083F8FF280AD1164C207838B113F0CBFFED
S214023FA02378B0FBF3F202FB1300C0B2294616F0E8
S214023FB055FA044623B20F4D03EBC30305EB430544
S214023FC008223146A81DF6F743FA2B79204603F05D
S214023FD00F032B71F8BD0027D3E7074B1B78002B86
S214023FE018BF0027014B43F82070E3E7E0430020A8
S214023FF0EB6C0020AC590020106D002038B50B4B3E
S21402400004461B780D46834204D840F25A210848DB
S2140240101AF016FA074804EBC40400EB44002946DB
S214024020BDE8384008220630F6F712BAEB6C0020DC
S21402403025820400AC59002070B5044608460E4698
S2140240401AF0B9FBFF28054610D02046FFF71EFEE1
S214024050FF2807D0084B1B7823B9084B53F82020BB
S21402406043F8252021462846FFF7C8FF314620465A
S214024070BDE87040FFF750BF106D0020E0430020FF
S2140240802DE9F8430024804601272646114DDFF825
S2140240904C9099F80030A34210D83E430134E4B263
S2140240A01A2C4FEA470705F11205F2D14FF0FF30FE
S2140240B0094B1B7898403043BDE8F8832B8843456C
S2140240C0EBD0284616F022FA0328E6D82B796F2B77
S2140240D0E3D8E3E7AC590020EB6C0020C162002075
S2140240E010B5084C00EBC00004EB400423795B07D4
S2140240F007D1204616F00AFA237923F0070318435D
S214024100207110BDAC590020014B1878704700BFD3
S214024110116D0020014B1878704700BF106D00200B
S21402412070B51A48FEF782FB194B1B78033B012B2E
S21402413028D805F0A3FB03F057FBBDE870404FF408
S2140241407A51124819F084BE23798F2B4FEA131145
S21402415011D80131204616F009FA062901D803299A
S21402416009D12379002223F007034FF6FF710F20AF
S21402417023711AF00CFA123401353278EBB29A42F5
S214024180E2D8D6E70025034C034EF6E7986A0020ED
S214024190C8620020AC590020C16200200022084BF1
S2140241A01878084BD1B2884203F1120300D8704740
S2140241B013F80D1C013221F0100103F80D1CF1E773
S2140241C0C1620020AC5900202DE9F04702261227D2
S2140241D0DFF85C90DFF85C8099F8004000250CE080
S2140241E007FB05F338F803A00021504616F0A3F9A2
S2140241F010B15CB1013CE4B2013599F80030EAB284
S2140242009342EDD8A34204D14FF6FF7A5046BDE85A
S214024210F08713F090FE99F80030012EA3EB04030A
S21402422090FBF3F202FB1300C4B2EDD00126D5E7F1
S214024230C1620020AC59002010B504461AF0BBFA41
S214024240FF2808D1204619F037FFFF281FBF024B70
S2140242501B78C018C0B210BDEB6C0020044B0021C6
S2140242601A78044B04481B781A449200F6F79EB854
S214024270EB6C0020F26C0020E043002010B5134BDC
S2140242800C461B7886B0834212D9114900EBC00057
S21402429001EB4001082220460631F6F7D9F8002243
S2140242A00821204615F095FE80F00100C0B206E017
S2140242B0C01A01A9C0B20CF02BFA10B1002006B049
S2140242C010BD01AB03CB20606160E8E7EB6C002019
S2140242D0AC59002008B5074B024653F820308B42F3
S2140242E006D915204FF6FF711AF051F9002008BDC5
S2140242F00120FCE7E0430020024B013143F8201086
S214024300704700BFE04300202DE9F34781460C4684
S21402431000272A4EDFF8ACA09AF80030FDB2AB4276
S21402432010D86946204617F025FAC0B30822694617
S2140243304846F6F787FB90B34946204616F0BCFB84
S214024340FE2537E006F10608082241464846F6F7FB
S21402435079FB90B94FF6FF739C422BD03388A34269
S21402436028D0204619F0A8FEFF2814D14946204638
S21402437002B0BDE8F047FFF7F5BD14B912360137B3
S214024380CAE73388A342F9D100220821404615F035
S21402439020FE0028F2D12846FFF7BAFCCCE74946B1
S2140243A0002019F059FEFF28054603D0044B1B785F
S2140243B00344DDB2284602B0BDE8F087AC590020BF
S2140243C0EB6C0020C162002008B5FFF7E7FE054B44
S2140243D01B78013B012B03D8BDE808400CF084B9DA
S2140243E008BD00BFC86200200F4B1B7883420CD862
S2140243F0C01A0E4AC0B232F81030D90411D443F4AF
S214024400805322F8103001207047094B00EBC000A1
S21402441003EB40035A79D10603D442F010025A71D4
S214024420F1E70020704700BFEB6C0020BC5B002069
S214024430AC590020F0B5134B06461B78FBB100259D
S2140244401148DFF84CC090F800E0104807781F4487
S214024450E8B2864501D80020F0BD7C1B94FBF3F041
S21402446003FB10440CEBC4003CF83440B44204D1C5
S214024470002AF1D184788C42EED00135E8E718465E
S214024480EAE700BFED6C002090460020BF620020E5
S2140244903C44002070B511F00EF814250F49104E5A
S2140244A00B78328830809B1A03449BB2B3FBF5F438
S2140244B005FB14330B700B49E2B20B78934292BFA2
S2140244C000239B1ADBB2032A0B7088BF002306491F
S2140244D09EBFD2000B68D3400B6070BD57630020AE
S2140244E0FC5B0020BE62002090460020084B186845
S2140244F0084BC2B21B789A4208D2074BC0F3072079
S2140245001B78984234BF0020012070470120704774
S21402451090460020ED6C002056630020F8B5054654
S2140245201746FFF7E3FF064610B9184B1A783AB952
S214024530212001224FF6FF711AF029F80020F8BD5B
S2140245401348DFF854C003780133B3FBF2F402FBDE
S214024550143303700F48DCF8002000EBC30420F885
S214024560335002F10132A1703846CCF80020FFF732
S21402457087FDE670606015F09AFDA84201D1012021
S214024580DDE7E3780133E370F9E700BFED6C002066
S214024590BF6200203C4400209046002010B50B4C21
S2140245A00B4A2378063B137010F085FF0022094B56
S2140245B0FF211880084B09481A602278D200F5F7C6
S2140245C0F5FE0422064B1A7010BD00BFED6C0020EB
S2140245D056630020FC5B0020904600203C440020EE
S2140245E0BE62002048B139B1044B1B780B70044BF5
S2140245F01B780370012070470846704755630020F9
S214024600126D00202DE9F843074619F012FF054601
S2140246101A481AF085F81A4B48B31C683C1B2C44FF
S214024620A4B20022174BDFF864901B78164D99F857
S214024630006005EB03155FFA82F8464509D9AB8898
S21402464005F11000A34215D9B21A29461201F5F750
S214024650FFFE013689F80060AC80B8F1000F03D186
S2140246603946064819F0F4FB2846BDE8F8833C466E
S2140246701D60D6E705460132DDE700BFB86A0020B6
S2140246800C55002059630020E04200205A630020A7
S2140246902DE9F74F19F0CDFE4FF0000E284D294FA9
S2140246A02978294C97F800A004EB011303EB0A12B1
S2140246B00092F3465246DFF898801FFA80FC0646C0
S2140246C0B8F80000ACEB0009A0EB0C001FFA89F961
S2140246D001900098984217D1BEF1000F00D02970C1
S2140246E0524503D200203A70FDF7E6F83B7823B332
S2140246F02B78164804EB0314A188C8F8006003B0B0
S214024700BDE8F04F19F0A4BBB3F804C0CC450FD8EF
S2140247104FF0010E93F802C001310CF1FF3C013A52
S214024720A3F804B083F802C0C9B2D2B21033D0E7FD
S21402473001988444A3F804C0F8E703B0BDE8F08FFC
S214024740596300205A630020E0420020B86A002025
S2140247500C5500207FB56C461E4B1F4D1E78013E41
S214024760F6B21E7095E80F0084E80F001B4B284631
S2140247701A7805F1100132441201F5F769FE9DF828
S214024780026016F00F0511D1BDF808000EF0C4F94C
S214024790360918BF29464FF00002BDF8000008BFD0
S2140247A0039904B0BDE8704003F0F4BCBDF8040001
S2140247B0FFF728FF0346828804ADADF804202246A0
S2140247C003CAAA4218605960144603F10803F6D1D8
S2140247D004B070BD59630020E04200205A630020F6
S2140247E0F8B50024084D094F094E3B783178E2B2FD
S2140247F00B449A4204F1010400DBF8BD2846FDF79B
S21402480025FD1035F1E700BFE04200205A63002084
S2140248105963002070B5134B06460D4610461249E2
S2140248201A78124B09781B780B44934206DB1F203A
S2140248304FF6FF7119F0ABFE002070BDFFF7E2FEE7
S214024840013506808570044619F0EEFDE0800EF014
S21402485069F940F602432081E3600020FDF72CF858
S2140248600120EAE7EA6C00205A6300205963002020
S2140248702DE9F84386460023144FDFF85C803E7825
S21402488098F8005012497219DCB294421CDA4FEAC8
S214024890041C31F80C900133F14501EB0410F3D1FE
S2140248A0631CD21A0CF1100C12016144F5F7D0FD0C
S2140248B0A5428BBF05F1FF3506F1FF3688F800509A
S2140248C03E700CB9034B1C70BDE8F8835A63002097
S2140248D0E04200205863002059630020044B054A3A
S2140248E01B781278D3420CBF01200020704700BF0D
S2140248F0596300205A630020024B1878003818BF0C
S2140249000120704759630020002108B5084B09486A
S2140249101970094B1970094B1970094B1A78120154
S214024920F5F744FDBDE808400648FDF77FBF00BF27
S2140249305A630020E042002059630020586300209A
S214024940EA6C0020B86A002010B50B4C23784BB1F5
S2140249500A4803F0ABFD58B1084B0121188815F040
S214024960E8FC08B9002010BD0122054B1A70FAE7D0
S214024970FFF7F0FEEAE700BF59630020E04200209E
S2140249805863002010B50E4B1B78BBB10D4C238824
S21402499083424FF0000311D10B4AE160137049B90C
S2140249A0A3781033A37015F0BAFF18B9A37823F0D2
S2140249B00F03A370FFF7CEFE012010BD1846FCE7DA
S2140249C059630020E04200205863002070B592B080
S2140249D00C46064613F0ACFAE17A05460020FCF7D0
S2140249E02DFC28B394F90A0015F001FB10BB134BFB
S2140249F0E27A294683F85820A27A83F85A206A4631
S214024A00FCF750FF4FF6FE739E420CBF4FF6FF7345
S214024A1023896A4629460020ADF80660ADF80430C0
S214024A20FDF7F6F940B92289054B5A8012B070BDDF
S214024A305520FBE75620F9E72120F7E7245400200B
S214024A401055002010B50446014608220948F5F71D
S214024A50FFFC237B022B0AD8002B14BF3122012233
S214024A6005490B7017234B61044B1A7010BD0023C7
S214024A700122F5E71455002010550020C7620020D9
S214024A80014610230120014AFDF74ABF64EE0100E9
S214024A90014B5861704700BF10550020014B187833
S214024AA0704700BF1055002010B5054C2378112B17
S214024AB003D0E221034819F0C3FC4123237010BD42
S214024AC0C762002030820400064B01461B78042B86
S214024AD004D1054A137E053313767047034819F04E
S214024AE0B7B900BFC862002010550020D86A00205F
S214024AF008B50648FDF7AAFB0548FDF7A7FB13F025
S214024B005EFBBDE8084001F003BB00BFF85B002077
S214024B102C5C0020064B1878332806D000F0EF00F5
S214024B20A0F143035842584170470120704700BF26
S214024B30C7620020002208B5074B4FF6FE701A70B7
S214024B4015F0C1FA4FF6FF7015F0DAFA034B586902
S214024B50BDE8084013F0C1BAC76200201055002015
S214024B6008B5064B187838B10548FDF74BFE4FF4EA
S214024B707A73B0FBF3F0C0B208BD00BFBC6200207F
S214024B80504600202DE9F0438BB00746154698465E
S214024B900E469DF8489049B9104605AC19F08CFAB5
S214024BA021460BF0B5FD172818BF2646B9F1000FAF
S214024BB00AD1124B1B781BB9284616F000FED0B954
S214024BC02846FEF713F902E0284616F0F8FD80F0B4
S214024BD00104E4B29DF850302A4602939DF84C3008
S214024BE03146CDE9009338464346039415F0FFFC60
S214024BF00BB0BDE8F0834C46ECE700BFC362002072
S214024C002DE9F04F97B099469DF88830BDF880B0F0
S214024C10219D08939DF88C300E4658460FA90492A3
S214024C20079317F046FA05B3002800F0208195F89E
S214024C3001A00FACCAF3400A8E4B19F0800F1B7806
S214024C4014BF4F4649F08007022B17D04FF6FF7865
S214024C50002D40F087810225584614F080FF2B462F
S214024C604246214615F09CFABCE0584614F0F8FF7E
S214024C700446002800F0FB80AA46DDE71EB97E4BFC
S214024C801B78002BE2D00DF13A012046FEF7FCFA23
S214024C90584614F0F8FF012838BF0120C3B2059326
S214024CA095B3281D19F0AAFC804609F00203204697
S214024CB0069315F0D7F9214609908146002019F08F
S214024CC0CBF9069A099B12BBFF2820D1F2F7E6FA27
S214024CD06A4A1278824200F032814FF6FF72099BCE
S214024CE0934214D1FEF726F8002800F028814FF6EA
S214024CF0F773984523D915F0AFFE11A98146FEF742
S214024D00E9FA0028F7D02EE0BDF83A80CDE74FF654
S214024D10F772904520D8934211D898450FD019467D
S214024D2022460AA819F064F90A980B9913AB03C332
S214024D30BDF83020022113A81A80FEF739F9404642
S214024D4011A9FEF7C7FA024628B9082111A815F0DC
S214024D5040F9002866D0C1464FF6F67209F1FF33D5
S214024D609BB29342C7D8BAF1000F03D1444B1B78CB
S214024D70002B60D1584614F0F2FE059B4A4601937A
S214024D800123214600933B46FEF7E4F84FF6FF73F5
S214024D909842804600F0D380014600220AA819F005
S214024DA027F90A980B9913AB03C3BDF830200221EA
S214024DB013A81A80FEF7FCF8002D3FF44DAF002E24
S214024DC040F0D28045460123C7F3C0074246CDE9EC
S214024DD0016321462B4604980397CDF800A015F0F0
S214024DE006FCA846BAF1000F0FD04FF6FF7398459F
S214024DF00BD0404619F060F9FF281FBF214A32F84F
S214024E00103023F4804322F81030089B7BB315F051
S214024E104EF9249B014600934246234607980CF01F
S214024E20EDFC24E00822204611A9F5F70BFE002827
S214024E307FF461AF8FE7002D64D0134B1B68980791
S214024E4027D5049B0F2B21D0281D19F0D7FB022350
S214024E500121CDE901310023C7F3C00702460093C2
S214024E6021464FF6FF730498039715F0C0FB17B060
S214024E70BDE8F08FC7620020BC620020C06200203E
S214024E80C3620020BC5B0020A4460020079B012BC7
S214024E90DAD1281D19F0B2FB804619F00DF90990F7
S214024EA0404619F088FC4FF6FF71BDF83A208A4258
S214024EB056D04245099B53D1FF2B4AD0184616F0CE
S214024EC094FC784010F0EF0F14BF01230023BDF8C6
S214024ED03A00099319F0F0F80690BDF83A0019F076
S214024EE06AFC099B66B14FF6FF7CBDF83A10614535
S214024EF006D0414504D0069A0240D2B2FF2AA3D178
S214024F00002BA1D1224649460AA819F071F80A9840
S214024F100B9913AB03C3BDF8302058461A8014F021
S214024F201EFE3A460146059B13A8FDF7DDFF30B983
S214024F304FF6FF73BDF8548098457FF43DAF4FF6A9
S214024F40FF789DB10126281D19F058FB454680467C
S214024F5039E7FF2804D0069BB3FA83F35B09B6E76A
S214024F600023B4E70226EEE70026ECE7012573E607
S214024F700022014B1A7670471055002008B50B4BDD
S214024F801B78022B10D10A4B1B78033B012B0BD943
S214024F90084B187800F00100FEF730FA0023064AA4
S214024FA0C2E90133538008BD0020F3E7C762002040
S214024FB0C8620020BC6200201055002038B5174D8C
S214024FC02B78033B012B1CD8154BB3F868204FF601
S214024FD0FF739A4215D10320FDF728FD02F0CEFB9F
S214024FE0FFF7CCFF2B78033B012B01D909F0FCF825
S214024FF0002018F037FD78B1BDE83840002014F0E4
S214025000C4BEFDF7FDFC0446FDF7F4FC014620464F
S21402501008F05EFB0220DFE738BD00BFC862002052
S2140250202454002008B5114A114B58611378032BFB
S2140250301BD0D3B1332B01D0432B10D10D4B1B7891
S214025040033B012B05D803231370BDE8084013F079
S21402505044B813F042F8BDE80840FFF7AFBF21237B
S2140250601370BDE8084002F09DB908BDC762002073
S21402507010550020C862002038B504461348FDF7D4
S214025080D5FB134B1B78013B012B1DD8114D5CB988
S2140250902B7823B140F619402C7013F01EF800242A
S2140250A0FFF76CFF204638BDFF2C05D04FF47A710F
S2140250B00648614318F0CCFE2B78002BEFD1012373
S2140250C040F618402B70E8E70224E9E75046002035
S2140250D0C8620020BC62002038B5114D04462B7809
S2140250E0834218BF287013F02EFC80B124B92046E4
S2140250F013F02BFC02220DE0012013F026FC2B7885
S2140251001A1F012A05D9062BF4D1032202E0002C2D
S214025110F5D10122BDE838400021084615F08DB9C8
S214025120C862002030B5044685B068460D46FFF7D3
S214025130A7FC94B100212846144A02F043FB144B04
S21402514020681B7861688DF80430124B1B788DF846
S214025150053002AB03C306F0B1FA0F4B93F85820A2
S21402516093F85A308DF803208DF8023014F0BCFF05
S214025170ADF8000014F09BFF1023ADF80600694658
S2140251800020064AFDF7CCFB05B030BD00F8FF074D
S214025190E06C0020C86200202454002064EE010067
S2140251A010B5144B04461A78134B002083F8582087
S2140251B018F058FC10B1002014F0E7FD0021084654
S2140251C0FFF7B0FF0D4B1B78033B012B0ED813F0F5
S2140251D0AEFB2046FCF754FE40F6174012F07DFF69
S2140251E00023074A1380074A138010BD0BF016FCF3
S2140251F0EFE700BF5B63002024540020C862002053
S214025200D25B0020D05B00201FB504466846FFF73D
S21402521037FC54B100238DF8053010236946002070
S214025220064AFDF77DFB04B010BD14F040FFADF852
S214025230060014F059FFADF80000EEE764EE010038
S21402524010B5014604460020FBF7F8FF90B10C4B60
S2140252501B78023B032B0FD80A4B1C7018F0DCFF9E
S21402526060B9094A0949FCF77FFB003818BF0120DC
S214025270800010BD5520FCE70220FAE74D20F8E733
S214025280C76200205B63002065890200A15102000C
S214025290F8B5064618F0C0FF044668B918F0E2FBF7
S2140252A050B1064D204695F8587085F8586014F0AF
S2140252B06CFD10B185F858704D20F8BD24540020BE
S2140252C02DE9F04180461846033B012B0E46174651
S2140252D002D918B121243CE0FFF7FEFE294B1B78C9
S2140252E0012B4CD0284B1D78022D08D0032D46D119
S2140252F0B8F1000F03D1254B1B689B073FD4332020
S214025300FDF794FB01F0E8FCB6F1006F34BF204BCA
S214025310052231464FF0060038BF1A78FEF776FAB5
S214025320044628BB1B4D2873012000F029FF14F009
S214025330DBFE68802846B8F1000F0DD0022300F885
S214025340043B15F0CCF96C732F613946304612F0E7
S214025350FEFD2046BDE8F081012300F8043B15F06F
S214025360BEF96C732F613946304612F0EFFDF0E756
S2140253702846FDF75BFBB8F1000FF4D0E5E7022400
S214025380E7E700BFC8620020C7620020A4460020EC
S214025390136D002010550020034B187818B9034BE4
S2140253A0034A1B78D05C7047C6620020C8620020A1
S2140253B0DBCE040038B5174B04461B78033B012BA3
S2140253C006D8437BDB0703D590F9090013F0AEFA43
S2140253D00025114B83F859502079FFF759FFFFF744
S2140253E0DBFF61882488034622462846FEF720F81B
S2140253F0044620B11720FFF715FE204638BD1723B6
S214025400064DC82106486B6118F022FD03232B7651
S214025410F3E700BFC8620020245400201055002085
S214025420D86A0020F0B51A4D06460C4693B0A5F889
S214025430680005F16A0729BBC5F86A10796012F0A0
S21402544077FD6A4601460020FCF72CFAD5F86A304A
S214025450ADF81060CDF812307B68CDF8163012F039
S21402546067FD6A4601460020FCF7D2FC4FF6FF7342
S214025470B5F86800984203D014B1064912F06AFDE6
S21402548013B0F0BD08223846F4F7E2FFD7E700BFB4
S214025490245400208E5400202DE9F041DFF8B88015
S2140254A01F4698F8003005460C4616461BB10225E4
S2140254B02846BDE8F081531E052BF8D818F0ACFE3E
S2140254C00028F4D13B7B032B14D14FF6FE739C428B
S2140254D012D1012E09D0022EE9D114F0E8FD4FF6C2
S2140254E0FB73984203D814F0E2FD044604E015F07C
S2140254F0B3FAFAE7012EDAD0EDB939462046FFF7BD
S21402550065FA05460028D3D198F80030332B03D02D
S214025510532B1CBF0E4B18613046FFF7DDFD0021F2
S2140255204FF6FF70FFF77EFF0A4B1B78002BBFD0AB
S2140255300BF048FABCE7397B721ECB1E5942594122
S2140255405042504107F054F905460028D5D0AFE73F
S21402555010550020146D0020C76200202DE9F84384
S21402556005468846914614F0A2FD3F4E044633781F
S214025570033B012B06D86B7BDB0703D595F90900A5
S21402558013F0D4F914F093FD384B394F188014F009
S214025590ABFD384B1880FDF72DFA374B1880FDF718
S2140255A02FFA082201463548F4F752FF14F048FD58
S2140255B0334B18702879FFF76BFE00216888FFF7D7
S2140255C031FFFDF72DFB60B14FF6F672631E9BB2FC
S2140255D0934206D915F040FAB7F86830044683427B
S2140255E0F8D0204614F06FFD288814F089FD49464D
S2140255F0B7F86800C047044628B91920FFF712FD1D
S2140256001920BDE8F883B7F8681014F0E7FA00230B
S2140256101C4D87F859302B7803F0FB03022B02D07F
S214025620204614F0D4FF002220461146FFF7F2F877
S2140256300446A8B117236B613378042B09D1C8211D
S214025640114818F005FC03232B7684F00100C0B243
S214025650D7E74FF416710C4818F0FAFB0023F3E76D
S2140256601720FFF7DFFCF0E7C8620020025C00208C
S21402567024540020005C0020FE5B00205C630020B7
S2140256806463002010550020D86A0020F0B50C464E
S2140256901E460B462049074689B004F1140053F80B
S2140256A0045B834241F8045BF9D11B8802AD0B8090
S2140256B0D4F80E00D4F81210238803C5ADF81030C3
S2140256C023798DF812208DF8133000233A468DF890
S2140256D014304FF6FE71012002ABFFF7DDFEC8B9AB
S2140256E002A8FFF7AFF9237B4BB10C4D0C4B01AA76
S2140256F029460120019313F0F5F82A781AB92046B4
S214025700FFF758FE03E020460199FFF727FF08B986
S214025710044B1E7009B0F0BD045C0020105500203A
S214025720F5A603006563002001232DE9F341304E00
S21402573005460F4600202F491446737300F0EEFC10
S21402574013F0F6F8DFF8AC8038B9012D01D9042D34
S2140257500FD12146384612F084FC102000210AF0B0
S2140257607FFC00283CD0002002B0BDE8F041FCF7E8
S214025770A3B8002CF1D1204B1B78212B03D0062B8B
S21402578001D0532B02D101F00DFEE6E7FDF748FAF1
S2140257900028E2D000F0EEFC28B9307BC0F11800F9
S2140257A0FFF740FCD9E7154B41462046019300F02F
S2140257B0B5FC20B140F61901114818F041FE01AAC5
S2140257C00B4998F80C0013F08DF832781AB909488C
S2140257D0FFF7F0FDC1E701990648FFF7BFFEBCE7F9
S2140257E0FFF78AF80028BED102B0BDE8F08100BFFC
S2140257F010550020045C0020C7620020F5A60300B6
S214025800308204001FB5144B04461B88DB0707D4FE
S2140258104FF6FF700021FFF705FE002004B010BD12
S2140258200A230E4A012001A9FDF77AF84FF6FF7304
S214025830BDF80C209A42EBD00822FF2101A814F0F2
S214025840C8FB0028E4D10CB90120E7E7BDF80C003C
S21402585001A9FFF7E7FDF7E71C5C002026E101003F
S21402586038B50C46154614F02EFC03F0AFFE29465A
S2140258702046FFF7D7FD00F07DFC48B1074BDB79E9
S2140258800E2B28BF0E230133DBB2054A137038BD38
S214025890044B1B78013B18BF0123F6E7045C00208B
S2140258A07B630020C862002038B500220821044627
S2140258B014F08FFB0546C8B914F0F9FB2A464FF6DA
S2140258C0FF71FFF7CDFF2046217CFFF72BFC6269B4
S2140258D0E189207C01F076FF054B1B78012B01D174
S2140258E007F0F6F8FFF76AFB002038BD0120FCE758
S2140258F0C862002038B51D46FFF7CEFD0446C8B97B
S2140259002B7B2846032B03D1BDE83840FFF7CCBFDC
S214025910FFF798F8084B25469C8114F091FB01216D
S214025920064B81401A780620FDF770FF044608B140
S214025930034B1D70204638BD10550020136D002005
S214025940C762002030B5012087B0FFF75BFF6B46C9
S2140259500446144A1068516803C384B905F0BCFEB5
S21402596002A8FFF78DF84FF6FF752246BDF80E0027
S2140259702946FFF775FF12F0F3FA07B030BD6B4603
S214025980094AD2F86A00D2F86E10B2F8685003C319
S21402599005F0A2FE02A8FFF773F86A46BDF80E00ED
S2140259A0E6E700BF980B04002454002073B53A4B78
S2140259B004461B781BB10224204602B070BD18F0C4
S2140259C02BFC0028F7D100F0E5FB14B12288334BFC
S2140259D01A8000210DF10700FDF7ACF8002856D119
S2140259E014F06EFE04460028E6D12D4D9DF8070001
S2140259F0FFF772FB2B785A1E012A1FD8FFF7A2FF69
S214025A002B78033B012B01D801F014F9FFF7D6FAE5
S214025A10012014F0DCFA034600283AD12A78033A29
S214025A20012AC9D81D4A108810F0020521D0052285
S214025A3001201C49FFF744FC0446BDE7033B012B4B
S214025A4004D82046FFF7DEFE0028D7D12B78053B88
S214025A50012BB1D8FFF776FFFFF7B0FA2B78052BAC
S214025A600CBF04200520FCF7E1FF012014F0AFFA7A
S214025A70E2E70D4E0223314601200C4AFCF750FFA6
S214025A8033885B0798D5284601F0E8F894E7172490
S214025A9092E7044690E700BFC76200201C5C002025
S214025AA0C862002000F8FF07CE5B002027E1010055
S214025AB07FB50024184E194D3278E3B29A4201D8C7
S214025AC004B070BD4FF6FF73B5F868209A421AD03C
S214025AD0134B1B88DB0714D5124AB5F868301068DA
S214025AE05168ADF80C3001AB03C30F4A0A230020FD
S214025AF001A9FCF715FF022300200C4A0C49FCF70B
S214025B000FFF0134D8E700220821064814F061FA94
S214025B100028F6D1DCE700BFEC6C002024540020FD
S214025B201C5C00208E54002026E1010027E10100C3
S214025B30CE5B002010B501F0CFF802F013F8D8B112
S214025B400E48FCF773FE0E480E4C017A0E30FFF735
S214025B50E9FA23781BB100F0BFFA00232370002273
S214025B60094B1A73FFF72AFA08F056FD01F044F9BA
S214025B70BDE81040FFF79CBF10BD00BFD86A0020EA
S214025B80045C0020656300201055002010B52548EF
S214025B90FCF74CFE01F0E6FF30B1234B1B781BB935
S214025BA0BDE81040FFF7C6BF01F0DCFF78B11F4C1E
S214025BB0237E83B1C8211B4818F04AF90021237EB0
S214025BC00846013B2376BDE81040FBF7E3BEFDF72F
S214025BD027F80028EBD1FDF723F8154B1B7858B9A8
S214025BE0112B03D003F0FD03412B19D1BDE8104061
S214025BF00E4B5869FFF716BA332BF7D10D4B1888A0
S214025C0014F061FA0C4B188814F07AFA0B4B0C4914
S214025C101888FFF707FC0B4B1878FFF739FBE5E708
S214025C2010BD00BFD86A0020C362002010550020B5
S214025C30C7620020025C0020005C0020FE5B0020A1
S214025C405C630020646300202DE9F04F0F4685B0A8
S214025C5002AD044629463846914616F02AFA4FF017
S214025C60000B82463846CDF804B014F080F8467829
S214025C70022C804606F0020609D85CB1FCF7D0FF7B
S214025C800446002848D1754B01241B7865E0043C85
S214025C90022C3AD9FCF7C4FF384613F0E1FF002481
S214025CA00546A046DFF8D8A1384614F060F850F84A
S214025CB009300DF10500019318F0A0FC9DF807B01D
S214025CC00746B8F1000F4DD1BBF1000F5BD0DFF8ED
S214025CD08C9199F800300BB1002E63D0002C61D065
S214025CE05F4B1B78022B5DD1BBF1000F53D13846B8
S214025CF014F0E9F958465946FFF714FA08F08CFCF6
S214025D0040F6074012F0E9F934E014F0A8FCFCF77C
S214025D1087FF0446F8B15C464EB1524B1B78012B06
S214025D2002D0043B012B0BD805B0BDE8F08F4B4BDD
S214025D301B782BB14B4B1B7803F0FB03022BF3D0E3
S214025D40BAF1000F404608BF002516F0A5F94FF03D
S214025D5001088246A8E7414B1B78002BF0D0002EA4
S214025D60EED1E1E7BAF1000FAED05046FDF73AFBAE
S214025D700028A9D1002017F075FE0028D4D00020F4
S214025D8014F003F8D0E74FF6F7739F429FD9172017
S214025D90FFF748F9EEE7FCF743FF48B13248FCF755
S214025DA045FDF4E7FCF73CFF10B1BBF1000FF5D15F
S214025DB0FCF736FF0028DDD02846FDF767FFFF28F0
S214025DC0DFF89CA0294C03D09AF80030012B04D1AE
S214025DD02946B4F86800FEF7C5F8FEF781F92A46A8
S214025DE03846B4F86810FFF73BFD214B214A93F979
S214025DF006301B0213809AF80030012B19D0312B83
S214025E0014BF432311238AF800301B4B1648196827
S214025E1018F01EF800F00EFF0023124C99F800103E
S214025E20237641B9104818F013F840F61B43636115
S214025E30A0E71123E7E7B8F1000F03D016B1FFF78A
S214025E4079FEF2E70D4B1B78042BEED105210648AE
S214025E5017F0FEFF09232376E7E700BFC3620020A0
S214025E60C762002010550020D86A00202454002063
S214025E70045C00201A5C0020F86A0020C862002039
S214025E804A6300202DE9F043084693B00E4613F00D
S214025E906EFF09220021804617F02EFE0446304689
S214025EA013F0DEFE052207460DF1090330460AA965
S214025EB012F06DF9022881461DD09DF80930314650
S214025EC01C440023E4B204F1100218F80450012026
S214025ED00093D2B20FF0B3FF68B1072D09D855B1BF
S214025EE0013D062D07D8DFE805F00918068A0625C3
S214025EF041007C2D45D013B0BDE8F0835B4B1B7888
S214025F00013B012BF7D8304613F029FE0023324618
S214025F101946009414F0A7FBEDE7554B1B78012BAE
S214025F20E9D1544B18780028E5D122463146FFF7CE
S214025F308BFEE0E74D4B1B78013B012BDBD8384646
S214025F4009F0DCFF4FF6FF739842044606D030464F
S214025F5013F005FE2246394614F011F9444B1B781D
S214025F60022BC8D1384612F07AF8C4E73F4B1B78AA
S214025F70013B012BBFD8494630460AAA00F01EF95B
S214025F80B9E73A4B1B78013B012BB4D8A04498F8EA
S214025F90012098F80230652AADD16D2BABD1304680
S214025FA017F086FE1334E4B28442A4D2082239469D
S214025FB003A8F4F74DFA214630460DF10A0215F011
S214025FC0BBFF002897D1BDF80A30002B93D005A856
S214025FD009F0B0FA0123284DBDF80A002B7017F01D
S214025FE067FE0446BDF80A0017F046FEE2B2034614
S214025FF005A903A811F0CDFF00232B707BE71B4BEE
S2140260001B78013B012B3FF676AF06220021404665
S21402601017F072FD404418F0F1FA0746FCF758FEF6
S214026020044600287FF467AF304613F093FDC3049E
S2140260307FF561AF46F204030121ADF8143038460D
S2140260400223CDE9004405AA15F0C5FF054600283F
S2140260503FF451AF394613F0C1FD304613F07FFDD1
S21402606022462946FDF706FA45E700BFC862002029
S214026070C7620020105500209663002008B5084B22
S214026080187050B1074B1B883BB14FF47A71064823
S214026090594317F0DDFE002008BD0120FCE700BFD3
S2140260A0BA6200208C6C002050450020014B187804
S2140260B0704700BFBA620020014B1880002070476C
S2140260C08C6C002008B5FCF7B1FB0022014B1A705D
S2140260D008BD00BFBA62002010B50024044B054874
S2140260E01C80054B1C70FCF7A1FB204610BD00BFB0
S2140260F01E5C0020FC6A00206F63002008B503487F
S214026100FCF794FBBDE80840FFF7E6BFFC6A0020F8
S2140261100148FCF79BB800BF1E5C0020F7B5134B86
S21402612004461B780E46EBB183421DD90021104867
S21402613018F0C8FA002501460D4F09B9012009E0FA
S214026140AC4209D10024162322463046009418F0A9
S21402615056FB204603B0F0BD384618F0D7FA013594
S2140261600146EAE71820F5E72720F3E76F630020E9
S2140261701E5C0020014B1878704700BF6F6300203A
S21402618025289DBF024B187000202120704700BFB3
S214026190166D0020012307B51846064A0DF10701C1
S2140261A0FCF7BEFB9DF80720034B1A7003B05DF8A0
S2140261B004FB00BF29E101008E6C0020F8B50746FB
S2140261C00E46144613F04CFD1A4B05461B78022B5E
S2140261D02FD1194818F0A4FA58BB284611F0F4FF3C
S2140261E038B322463146384611F0EAFF08B311F0BA
S2140261F0A2FE0446384613F0B2FC104B012E1A7863
S2140262004FF00F0303FA02F39BB2B4FBF3F203FB65
S214026210124404F10104A1B206D1094B094A1E70C8
S2140262202B6813606B6853600348BDE8F84017F0AC
S2140262300FBEF8BDC762002070460020156D002014
S2140262406E6300206663002084B010B502AC84E85A
S2140262500F00082227480DF11601089CF4F7F2FBFE
S21402626008BB9DF815309A0705D4234B1B7803F01C
S214026270FD03312B1DD121496378097803F00F0203
S2140262808A4203D0012922D1022A12D1227882B967
S2140262901B09022B0DD11A4BA0781B78022B1AD1A0
S2140262A0C0F3800006E000220821124813F091FE97
S2140262B020B90020BDE8104004B07047114BBDF86D
S2140262C008205B889A42CCD0002BCAD0F1E702297C
S2140262D0EFD1012AD9E7030609D40B4BB3F868209D
S2140262E0BDF80A309A42E4D1FEF714FCE2E7012038
S2140262F0E0E700BF14550020C7620020E06C0020D3
S214026300C86200201055002024540020284BF0B507
S2140263105D88002387B08DF80830264B0DF10B0000
S2140263201B7805F0010743F020038DF8093014F0BE
S214026330D6F96FF07F43ADF813308DF8153014F0B0
S2140263404CFA1D4B8DF816001B7805F01006DB0084
S214026350DCB2F0F7A3FF194B1B7883422CBF44F044
S214026360040344F084032FB1A9061ED426B143F0D9
S214026370020301E0AA07F9D4002108468DF80A3084
S21402638017F0EEFCADF8060058B101230F2202A961
S2140263900DF10600FCF79EF918B90DF1060012F091
S2140263A09EFABDF8060007B0F0BD43F00103DDE734
S2140263B08E6C0020E06C00207B630020C062002010
S2140263C010B5FCF733FA0A4B1B78022B0CD1094B9B
S2140263D01B78033B012B07D9074C207828B10020F5
S2140263E011F0F5FE0023237010BD13F09BFEF9E7B3
S2140263F0C7620020C86200206E63002084B02DE9C8
S214026400F0478EB016AC84E80F00DFF878C1594B1F
S214026410BCF802009DF85DA010F001049DF9622010
S214026420BDF870E09DF875909DF976709DF87850ED
S2140264309DF97A109DF95E809DF860601B7835D0D4
S2140264409DF87D00C0F34004C0F38000002B4AD0C4
S214026450494B1B78022B09D18A4244DB24D1A81B64
S214026460C0B280288CBF0020012016E0434B1B7868
S214026470012B01D1002C7AD078B19CF800301E3363
S2140264805BB29F42D4BF002701279845D4BF0023A2
S2140264900123BB4206D18A42E0DA0EB0BDE8F047DD
S2140264A004B070473846F8E70020F6E710F0020F0F
S2140264B018D0C3B1490814BF01200020520814BFE7
S2140264C0012300238342E8D1AB1BDBB2802B0AD91F
S2140264D0AE42E9D1B84506DB49D1CA452CBF0020F9
S2140264E00120DAE70BB90120D7E7AE4216D002AC9C
S2140264F01CAF0FCF0FC497E8030044F8040B2180AB
S214026500DDE91A0116AB0090ADF804100FCB12F0BD
S214026510E0F90028E7D1AE42A1D1BEE7BDF8583077
S21402652073451ED008AC0DF1700CBCE80F000FC40A
S2140265309CE8030044F8040B2180114C63887345E1
S2140265400FD10822211D0DF12E00F4F77BFA024628
S21402655038B90821201D13F03CFD10B96388002BC2
S214026560C1D1B845BFDBC2D1CA45BCD3BFE72046BE
S21402657093E700BF6F630020C8620020C762002056
S214026580105500208E6C002084B02DE9F04F8FB09D
S2140265906A4E18AC08AD84E80F0016220021284681
S2140265A0F3F704FF33783BB90024654B32781B7847
S2140265B09A4239D2002726E00021624818F082F873
S2140265C000270446B846DFF87C91002C45D13FB13F
S2140265D0224639465B4813F05FFC3378013B337042
S2140265E03378002BE0D0002156484FF0000918F00F
S2140265F069F84F468046CA46DFF848B1B8F1000F40
S2140266006CD1002FD1D01621002218A813F0CAFB95
S214026610014648B1002F00F08B802246494813F00D
S214026620E1FB337801333370454B32781B789A425C
S21402663007D944480022018813F02EFC3378013B28
S21402664033703378012B03D13F49404817F000FCE2
S2140266500FB0BDE8F04F04B0704700222146162363
S2140266602846CDF8008018F0CAF81622294618A83F
S214026670F4F7E8F90028EBD09DF864209DF8243062
S2140266809A4225D1BDF86020BDF820309A421FD12B
S21402669008220DF12E010DF16E00F4F7D3F9B8B908
S2140266A002AF0DF1600CBCE80F000FC79CE80300B8
S2140266B047F8040B39800EAB13E903000090ADF8DF
S2140266C0041095E80F00FFF799FE0028C0D0274671
S2140266D02146484618F01AF8044676E716230022A2
S2140266E041462846CDF800A018F089F802AF0DF111
S2140266F0600CBCE80F000FC79CE8030047F8040BC9
S21402670039800EAB13E903000090ADF8041095E84B
S2140267100F00FFF773FE074620B1B9F1000F04BF62
S214026720444681464146584617F0F0FF804665E7E4
S2140267303A46044817F0CCFF73E700BF6F630020A9
S214026740166D00201E5C002020BF0200FC6A00209E
S2140267502DE9F04F002104469FB00DF140081622A5
S21402676040460E91CDE90C11CDF83B10F3F71EFE14
S214026770052220460DF11F0316A911F008FD022876
S214026780074600F0F880204613F0F1FA064617F0A6
S21402679035FF8146F01C17F031FFADF84000701D42
S2140267A017F02CFF012FADF84200204640F0E6809D
S2140267B013F0DDFA0546204617F05EFA0D35022381
S2140267C02D1A0093214643460820EAB20FF037FB03
S2140267D0002800F0D080204613F0CEFA012F834620
S2140267E09DF84D3040F0E38000252F4643F001032C
S2140267F08DF84D3016AE3388022B4DD1F1782046F7
S21402680002310CF00FF81B2846D1F17820460331EE
S2140268100CF008F819283FD1F178204604310CF024
S21402682001F84A2838D14FF0050AF178204601319E
S21402683051440BF0F7FFF1780590514420460BF0D7
S214026840F1FF059B00EB032083B200F03F02932B7F
S214026850059240F09B800023F77821460237574482
S214026860FFB23A4600930CA80F2317F0C8FF07F1B1
S2140268700F01204615F0F6FA07F1110105462046EB
S21402688015F0F0FAADF84200059B023353445FFA66
S21402689083FA33795345C8D806360DF17603B342E8
S2140268A0A9D19DF84D20C5F3C03363F341022046BB
S2140268B08DF84D2013F0F2F98DF84400204613F0BF
S2140268C0E2F98DF84500204613F0E2F99DF83230E1
S2140268D0BBF1190FC3F3C3028DF84720DDF833204E
S2140268E08DF84600CDF84E20DDF83720CDF8522040
S2140268F094BF00229DF83E208DF8482003F0030244
S2140269008DF84A206E4A1278022A9DF84D200CBF56
S214026910C3F38003DB0963F382026A4B8DF84D20D2
S2140269201B78022B57D1BDF8406013F0DDFB864280
S21402693051D108A813F0D3FEBBF1190F48D908228B
S2140269400DF14E0108A8F4F77DF800283DD1B9F5FF
S214026950004F02D0B9F5624F0DD140F6FF7325F411
S21402696040459D4207D1002208210DF14E0013F04A
S21402697030FB00283FD01FB0BDE8F08F13F0F7F9C8
S2140269800546204617F078F9073518E7412B7FF4BD
S2140269907BAFF1782046023151440BF043FF4A4B5D
S2140269A01B78C3F1B30318448DF849006CE76FF304
S2140269B00003F01D8DF84D3017F020FE0CA9054699
S2140269C0204613F0C0FE0B276BE700F0B3FFBEE7CE
S2140269D000F0B0FFCFE7B9F5004F02D0B9F5624F2D
S2140269E0C9D140F6FF7325F440459D42C3D1BBF1A1
S2140269F0190FC0D9B7E7BBF11A0F06D007F11F016E
S214026A0042462046C9B211F06CFF304C304D637BD3
S214026A10DBB12B78012B1DD1012323730CAB029320
S214026A2014AC94E803000090ADF8041098E80F0048
S214026A30FFF70AFC90B194E803000090ADF804104A
S214026A4098E80F00FFF7A0FD08E0FCF7E9F8002839
S214026A50DFD0E1E703F0FD03042BDDD02B78012B1A
S214026A6001D0042B87D11B4BDDF84E001B78DDF8D6
S214026A7052108DF82230BDF84030ADF820309DF827
S214026A804D30C3F340038DF823309DF8313003F0C8
S214026A900F038DF82C309DF848308DF82D3009AB59
S214026AA003C30D4B1B681BB1414608A8984762E713
S214026AB09DF946209DF8451008A811F0CEFA5AE72F
S214026AC0C8620020C76200207663002010550020AE
S214026AD05363002075630020045500202DE9F0431F
S214026AE0424B434C1B7885B0033B012B22D817F050
S214026AF0A0FC2378022B31D13E4A1468A0422DD046
S214026B003D4910600A68121B10443C4A086012781D
S214026B1072B1013A93403C2253434FF47A72534384
S214026B2098421BD9032005B0BDE8F043FBF77EBFB1
S214026B300A23F2E717F07DFC2378022B0ED12D4AAA
S214026B401568A8420AD00027DFF8BC802C4E1060D9
S214026B50451B98F80030FCB2A34202D805B0BDE847
S214026B60F08356F8243020462B4446F8243017F09B
S214026B70FBFAC3074FF0000910D5204609F0FEF9CC
S214026B8070B156F82430242B08D910220023204650
S214026B90CDF8009009F00CFA46F824900137D8E7B1
S214026BA0184B1B5D13F00F031FBF03F1FF320223C6
S214026BB093403C220CBF0A2353434FF47A7253434A
S214026BC056F824209A42E9D9204609F067F902A924
S214026BD014F0D0FD28B1204609F060F902A911F0A0
S214026BE0BAF9204614F05CFED8E700BFC86200205F
S214026BF0C76200209C46002098460020DB6C0020DE
S214026C00B44400206C620020F26C0020064B1B8805
S214026C10DB0708D50022054B43F82020044A135C04
S214026C2063F00F0313547047205C0020B444002026
S214026C306C62002008B517F0FCFB0022024B1860BD
S214026C40024B1A6008BD00BF9C46002098460020F2
S214026C50014B1868704700BF9846002008B50C48DC
S214026C60FBF7E4FDFBF736FF80B10A4B0322B3F8CD
S214026C706810012011F057FE4FF47A71064B044853
S214026C801B885943BDE8084017F0E2B808BD00BFAC
S214026C901C6B0020245400206E6C0020014B1880D0
S214026CA000207047926C0020044A054B1870138827
S214026CB023F003031843108000207047205C002056
S214026CC0DC6C0020034B1888C0F30E00003818BF97
S214026CD001207047CE5B002008B5FFF7F3FF30B106
S214026CE0002004490223044A0880FBF719FE00200C
S214026CF008BD00BFCE5B002027E10100024B1888CA
S214026D00C0F30E00704700BFCE5B00200023084A87
S214026D1001201370074A08491370084B084A1B786B
S214026D2043F0040313800223064AFBF7F9BD00BFB3
S214026D307263002071630020CE5B0020DC6C0020B2
S214026D40205C002027E1010013B514468DF80710D9
S214026D50DAB9CAB20E2A18D80E4B1B881341DB07C3
S214026D6013D517F0A9F9FF2811D09DF807200A4B72
S214026D700DF107011A5400F58330012200F58070E8
S214026D80E5F7D4F9204602B010BD0124FAE7022442
S214026D90F8E700BF926C00206C62002030B501213B
S214026DA000240B2385B0104D019400918DF80C3011
S214026DB08DF80D000323B5F8680003AA8DF80E407F
S214026DC015F009F968B1B5F8681013F0A5FD40B1E1
S214026DD00522064B64211A70054B06481C7017F0F4
S214026DE037F805B030BD00BF245400207163002080
S214026DF0726300203C6B0020064B1B78033B012B82
S214026E0006D8054B1B781BB9044B1878FFF7C6BF8C
S214026E10704700BFC862002070630020DB6C002051
S214026E2010B51548FBF702FD144B1978F9B9144A48
S214026E3013787BB1013B1370124B1B78042B02D1E3
S214026E400846FAF7A7FDBDE810404FF496710A48C7
S214026E5016F0FEBF0C4A128802F00302022A0AD17A
S214026E60BDE81040032201200849FEF729BABDE812
S214026E701040FFF7C1BF10BD3C6B002072630020BC
S214026E8071630020C8620020CE5B002000F8FF0776
S214026E901FB50C238DF80C300B4B0C461B880121BA
S214026EA023F004038DF80E3000238DF80D00CDE993
S214026EB000132046032303AA15F08DF810B12146CD
S214026EC013F02AFD04B010BD205C0020F8B506467B
S214026ED012F0B0FE0546304615F0A1F8411C0446F5
S214026EE089B230460BF09EFC02340746A1B2304609
S214026EF00BF098FC394602462846FFF725FF022883
S214026F0016D02946FFF7C4FF0A4B1B8803F003037B
S214026F10022B0DD1284617F0CFF8FF2808D0002202
S214026F20054B43F82020054A135C63F00F03135405
S214026F30F8BD00BF205C0020B44400206C62002034
S214026F40084B1A785AB10223013A93404EF6602251
S214026F50534303210448B3FBF1F116F079BF42F222
S214026F601073F6E7DB6C00203C6B002070B505461C
S214026F701748FBF75BFC0122164B28461A7015F0E1
S214026F804EF8411C044689B228460BF04BFCA11C65
S214026F90064689B228460BF045FC0F4C0223208099
S214026FA0214600200D4AFBF7BBFC86B9238803F076
S214026FB00303022B03D1FFF73DFEFFF7C1FF238831
S214026FC05B0704D5BDE870400548FFF747BE70BDB5
S214026FD03C6B002072630020CE5B002027E101009C
S214026FE01C6B00202DE9F0431F4C0546238889B010
S214026FF0002B33D01D4E00214FF4807009F09CFA0E
S2140270003378DB0728D50121208816F06DFE074667
S214027010208812F0ACFE023017F0F0FA05A980467E
S214027020208815F002F93378384613F0020F104B19
S21402703018BF0025B3F8009016F03AFE064638460A
S21402704016F01AFEF6B20290424606212846CDE90E
S214027050009605AB10F0BFFF00232380054809B059
S214027060BDE8F043FBF7E2BB285C00207363002018
S214027070245C00205C6B00202DE9F047304F8046F0
S2140270803D880E4614469946ADB3104612F07DFD75
S214027090B0F5006F2FD1204612F08AFD824617F017
S2140270A00BF8FF2827D02EB1264A32F810302B4391
S2140270B022F81030B5F5007F36D0B5F5806F33D0A4
S2140270C0B5F5807F17D1204B1B88A3421CD14FF603
S2140270D0FF718A450FD0204612F080FD284609F03F
S2140270E059FA50B93046FFF77DFF0023174A13803E
S2140270F0174A3B801370BDE8F0870220002108F093
S214027100AFFF0028EED1F0E7104D2B88A342F2D154
S2140271104FF6FF718A45EED024B1204612F05EFD8E
S21402712000232B800023E3E70023094A3B801370E9
S21402713031464B4622464046BDE8F04713F074B946
S214027140225C0020BC5B0020285C0020265C00201D
S2140271505863002010B5044640F62140FFF742FF70
S21402716001214FF4807009F0E7F978B10022084B4C
S2140271701C80084B1A700BF0D5FCBDE81040064B7D
S2140271801880064B0648198816F062BE10BD00BF6E
S214027190285C002073630020245C0020706C0020B2
S2140271A05C6B0020044A137818B943F0010313708D
S2140271B0704743F00303FAE7736300202DE9F04FAC
S2140271C0DFF84C9187B099F80060002E40F08C8072
S2140271D0DFF840B1DFF840A19BF80030F4B2A342DA
S2140271E007D80022424B1A8007B0BDE8F04FFDF7E1
S2140271F0ABBB20463AF8145008F0C0FE8046002882
S21402720060D0204608F04AFE15F40071074645D0C5
S21402721001464FF6FF720E2013F0A1FC0546002829
S21402722050D0394612F0DAFC4FF400730027304E85
S214027230204633803AF8142022EA03032AF8143050
S21402724010220023009708F0B3FE2A4B1B88DB07A8
S21402725007D5294B294A43F82470135D63F00F03C0
S2140272601355182000216043254B264C00930191AC
S21402727001232A46205CFAF7B1FB002814BF01233B
S214027280002389F8003005D13388B3F5807F01D119
S2140272901D4B1880404607B0BDE8F08F680513D531
S2140272A0059113F0D9FB01220599034600920720A7
S2140272B03A46CDE90111FDF765FC4FF480630546B9
S2140272C0002DB3D1013687E7104B18880028F9D075
S2140272D0EA05F7D5394612F081FC0C4B1D880A4B9D
S2140272E01D804FF48073EBE74FF00008D2E700BF33
S2140272F0225C0020205C0020B44400206C62002047
S2140273007970020080130020265C0020285C002092
S21402731058630020F26C0020BC5B0020042230B5CB
S21402732001F0400387B0002B054614BF0124002459
S2140273308DF80C208DF80D1004D004A914F01AFA5A
S21402734038B304ABCDE9004301210223284603AA41
S21402735014F041FE0446F0B1104B1B78033B012BA0
S21402736004D80F4BB3F8681012F038FC4FF6F773D8
S2140273709D4209D9322202212046FDF74BFA80F0BF
S2140273800100C0B207B030BD2946204613F0C4FA49
S214027390F5E70120F6E71920F4E700BFC8620020EF
S2140273A02454002010B5FFF797FC04F0DBFF13F01F
S2140273B00CF9002014F0D9F916F02EFF08B1FCF7EC
S2140273C0B7FA204C2378532B12D1032323700023C1
S2140273D0FF2219460120FDF773FF002016F042FB3C
S2140273E010B1002012F0D1FCBDE8104011F09FBA97
S2140273F0062B01D0212BF0D10120FDF705FF4FF619
S214027400FE7012F060FE4FF6FF7012F079FE00205A
S214027410FDF732FE0020FDF75FFEFDF7AFFD00F040
S21402742087FB11F087FA2378212B02D1FDF782FB26
S214027430D3E70020FBF7FAFA00214FF4004013F0DE
S21402744096FFCAE7C762002010B50A4C0A48FBF747
S214027450EDF92378062B02D10120FDF7D5FE23781D
S214027460062B01D0532B03D1BDE81040FFF79ABF7D
S21402747010BD00BFC76200207C6B00202DE9F84FCC
S214027480DFF8CC8004460E461746FFF725FC98F830
S214027490005015B90220BDE8F88F212DFAD0DFF88A
S2140274A0B49099F80030012B01D1A306F2D42748F4
S2140274B017F036F90028EDD114F02004394630468C
S2140274C0DFF894B0DFF894A005F00F051BD010F09B
S2140274D040FD012D8BF80070AAF8006033D12123FD
S2140274E088F80030FFF75EFF0020D4E7212388F8F3
S2140274F00030FFF757FF00214FF6FE70FDF792FFB0
S214027500FEF7D6FAF0E710F023FD012D8BF8007097
S214027510AAF80060EAD0062321464FF6FD7088F8E6
S2140275200030FFF7FBFE40F6020240F2262199F8F1
S21402753000300648033B012B88BF114616F088FC34
S214027540002CD1D1D7E75323E6E700BF7C6B00209F
S214027550C7620020C862002074630020946C00207A
S2140275602DE9FF410F460546511C38460BF05AF9E5
S2140275700446384612F0FBFB0646023017F03EF889
S214027580424B80461B7804F04002022B02D0043B9A
S214027590012B06D83E4B1B68580205D5A10603D41C
S2140275A052B304B0BDE8F08132B33A4A1278D11E23
S2140275B0012917D8384BB3F86830AB42F1D173784B
S2140275C0180714D5304614F067FDFBF70BFF0028AA
S2140275D0E7D00122294604F0200004B0BDE8F041BD
S2140275E0FFF74CBF022ADCD1DF01DAD4E7E712F05C
S2140275F05EFD4045D5D1ECE7264B1B78013B012BBF
S214027600CFD87378D906CCD502A9384614F051FDE6
S214027610002002A916F020FDFF2806460BD0A2067F
S21402762001D413F0BFF8304608F038FC04F0BAFE76
S214027630304614F035F9284617F0BDF8FF280DD06D
S214027640FCF766FB14F0200608D112F030FD28B1D4
S21402765033460222284602A905F0E0FF12F027FD73
S21402766000289ED1A3069CD402A94FF6FF730222DD
S21402767028460EF0A5FB4FF6FF72034600922846F8
S214027680022202A910F057FD8BE700BFC762002056
S214027690A4460020C86200202454002038B50446C0
S2140276A00D4616F009FDFF28034615D00B4A127840
S2140276B042B10B4A32F81020520403D514F0F0F807
S2140276C0002038BD184613F06DF8204645F04001FC
S2140276D0BDE83840FFF722BE0120F2E7C362002071
S2140276E0BC5B002038B5054612F041FB044628462E
S2140276F014F095FC411C89B228460BF093F842061A
S2140277000DD563781B070FD5204614F0C5FC01463D
S214027710002016F0A1FCBDE8384014F0C1B80348BA
S214027720BDE83840FFF790BE38BD00BF7C6B002036
S21402773038B54FF6FF75A842044617D012F0D4FCAF
S214027740A04213D04FF6FD72094B198891420DD90B
S214027750084A1288AA4201D0A24207D11C804FF4DE
S2140277607A71BDE83840044816F072BB38BD00BFD7
S2140277707A6C0020966C00203046002008B504483B
S214027780FBF754F84FF6FF72024B1A8008BD00BF93
S214027790304600207A6C002037B505460C46082392
S2140277A069460120064AFBF7BBF815B19DF806307C
S2140277B02B700CB1009B2360BDF8040003B030BDF3
S2140277C025E1010007B508238DF80600ADF8041080
S2140277D0009269460020034AFBF7A2F803B05DF860
S2140277E004FB00BF25E10100024A13780BB1013BFE
S2140277F013707047B662002008B512F081FC0021B3
S2140278004FF6FF72054B08461A80FDF78BFCBDE863
S214027810084040F6164010F060BC00BF7A6C0020AC
S21402782008B5FBF703F80A4B1B78023B032B08D874
S2140278304FF6FE73074A108898424FF6FF7301D13F
S214027840138008BD9842FCD0BDE80840FFF7D4BFBD
S214027850C76200207A6C002010B5084B1B78042BF8
S2140278600AD012F024FC002104460846FFF794FFD3
S214027870231A5842584110BD0020FCE7C862002077
S214027880F0B5002689B00546CDE90566ADF81C6060
S21402789014F0C5FB0A23024604462946009605A8AC
S2140278A016F0ADFF9DF815309DF814701F2B27D8E3
S2140278B003A812F014FF08220DF1160103A8F3F72D
S2140278C0C1F80646E0B9092F1CD1FFF7C5FFB8B1CB
S2140278D0144B1B78A3B1144B1A884FF6FD739A42C9
S2140278E00ED9124C124A23780433DBB22370127874
S2140278F0013AB3EB820F03DD58B20EF0B7FC2670E6
S21402790009B0F0BD0A34E4B2214628460AF08AFFDE
S21402791012F06EFF611C284614F0A4FAFFF708FF67
S214027920EEE700BFF46C00207A6C0020B6620020FE
S214027930DA6C002038B5134B1B78033B012B20D999
S214027940114B4FF6FF711B78ABB1104D2B888B4253
S21402795017D112F0C9FB4EF6602104460C4816F009
S21402796077FA4FF6FE7322462B800021BDE8384098
S214027970092012F04BBF074A13888B421CBF013303
S214027980138038BDC8620020F46C00207A6C002098
S21402799030460020CA5B002010B5044661B1FF21C4
S2140279A012F086F90021204612F088F912F0B6F895
S2140279B00146204612F088F92146BDE81040002212
S2140279C0014816F085BE00BF2C5C00202DE9F04170
S2140279D00D461746044612F0CAF906782846FBF703
S2140279E077F929468046204612F0F8F812F05FFB37
S2140279F0A84206D120460121FFF7CEFF0120BDE8AE
S214027A00F0812846B8F1000F0AD0FBF7EFF950B91B
S214027A10144B3A462046BDE8F0411978FCF7FABE08
S214027A2013F0CDFEF3E706F00306012E08D012F09F
S214027A303EFB00232246294602F030FF0028D9D119
S214027A40204612F087F8430505D52046BDE8F041EA
S214027A50002112F06EBC204613F084FEB0FA80F0CD
S214027A604009CCE7D86C002010B586B0044614F066
S214027A70D6FA104B0246186819790290D3F8050018
S214027A805B7A01328DF8143000238DF80C100490C6
S214027A902146009392B2052304A816F0B0FE0522F2
S214027AA004A902A8F2F7CEFFB0FA80F0400906B0A9
S214027AB010BD00BF44CE040008B50748FAF7B6FE6C
S214027AC0064B1B78033B012B05D8BDE80840002176
S214027AD00846F9F75FBF08BD9C6B0020C86200200D
S214027AE008B5114812F012FA104B1B78012B06D873
S214027AF0FF2009F0FDFBFCF751FD08F09DFCFCF7AA
S214027B006BF902F06BF9FFF701F914F01FFC0BF0AA
S214027B105BFBFCF7F9FE0BF085F810F01EFABDE8E9
S214027B20084003F0B1B900BFEC540020D96C002025
S214027B3008B5EFF701FDFF2803D0094B1B78012B90
S214027B4006D9002009F0D4FBFCF728FD08F074FCE7
S214027B50FCF742F902F042F9BDE8084003F094B996
S214027B60D96C0020064B1878112806D000F0FD00CC
S214027B70A0F141035842584170470120704700BFA8
S214027B80C76200202DE9F0410446FCF7AFFC18B1AD
S214027B9000263046BDE8F0811D4B1B78033B012BC7
S214027BA009D81C4BB3F868104FF6FF739942EFD012
S214027BB0204612F013F8184B022120461A88FCF7CA
S214027BC029FE06460028E3D0204612F0D0F890F8A8
S214027BD007800546043016F011FD074612F067FAD4
S214027BE0414602463846FCF799FCA81C16F006FDEC
S214027BF04FF6FF73984202D12046FFF7ABFA2B7876
S214027C009B07C6D101212046FFF7C6FEC1E700BF8B
S214027C10C8620020245400202A5C00202DE9F04F80
S214027C20002585B00746039512F0A1F806460430F3
S214027C3016F0E4FC8046B01C16F0E0FC33780446EE
S214027C404046009316F038FA82464046FBF740F864
S214027C503378BAF1FF0F0CBF83464FF0010B9A0739
S214027C600AD112F024FA404514BFD9464FF0010952
S214027C70B3791BB90320B9E0A946F9E712F017FA5F
S214027C80A04205D112F013FA0446994B1B7836E04F
S214027C90984B1B78052BF8D0033B012B03D8964B49
S214027CA0B3F86840F1E7204616F0A2FD737840B3B9
S214027CB013F00402DFF838820BD198F800301A4429
S214027CC021463846D2B2FFF781FE0028D2D00020E5
S214027CD08CE0384614F065F90146054638460AF047
S214027CE0A1FD421C52002946384602F0FE0212F05E
S214027CF0D3FD737823F00403737098F800300022E3
S214027D00DDE75B0726D5384614F04BF901460646F2
S214027D1038460AF087FD824606F101091FFA89F9FC
S214027D20494638460AF07EFDDFF8C481BAF1000FF4
S214027D3001D0FF2805D10022494638460AF086FDC2
S214027D40DBE7B11C01EB4001C9B2384614F08AF8F1
S214027D500446D2E7204603AA02A913F080FE05468F
S214027D60B9F1000F4AD0009B03F0C003802B0ED15E
S214027D70FF2320468DF809300BF03EFAFF281BD071
S214027D800DF109020DF10A010BF02AFC14E0402B5A
S214027D9034D19DF808308BB3FF2320468DF8093086
S214027DA00BF02AFAFF2807D00DF109020DF10A019D
S214027DB00BF016FC2D281CD13378404603F03F0307
S214027DC0337016F015FD10B912F071F980460023D3
S214027DD042461946204608F04FFE00283FF44AAFB6
S214027DE0C822072138460AF055FF012005B0BDE833
S214027DF0F08F9DF80930FF2BDED12546039838B95F
S214027E009DF80820002A62D1394B2C461B7856E78B
S214027E1009F032FA039AFF280346127908D1CDE90F
S214027E2000204FF4E171354816F00AFBDDE9002325
S214027E30B9F1000FE4D002F03002102A0AD0202A4C
S214027E40DED1BBF1000F24D05146184609F016FCCD
S214027E500028D5D1DFF8A89099F80030012B45D03C
S214027E60204610F040FD28B92A4621464046F379BE
S214027E7013F078FDA54212D1039A137923F00C036E
S214027E8013719DF80830ABB92C46194B1B7830227B
S214027E9015E7039B1B7913F00C0FDBD1B0E799F8BB
S214027EA00030022BE8D0039A137923F00C0343F038
S214027EB00403E5E70121204612F03DFB20B92046E7
S214027EC00BF09AF9FF280FD0094B1B78DFE7012148
S214027ED0204612F030FB00287FF4D7AE20460BF087
S214027EE08BF9FF287FF4D1AE02207FE7A542D9E7BF
S214027EF02A5C0020C862002024540020A6820400C7
S214027F007863002038B50E4B04461B780D46033BBB
S214027F10012B10D900F108039BB2012B0DD812F0E9
S214027F20C6F8002302462946204608F0A5FD80F042
S214027F300100C0B238BD0120FCE70220FAE700BF0C
S214027F40C86200202DE9F041064610460D4614F0A0
S214027F5066F8A0F11004E7B256FA84F42146EA1B4A
S214027F6004F10E00F2F774FA2823DFF84480F35582
S214027F7098F80030637301F045FF611C0246012049
S214027F8010F0EBFC08220949601DF2F761FA98F836
S214027F90000013F05AFA05F10E0130463B46002265
S214027FA0C9B201F0E1FF1220BDE8F0814A63002069
S214027FB0C26200202DE9F04F89B0044611F0D7FEC8
S214027FC00546204611F036FE0746281D16F016FB1B
S214027FD08146A81C16F012FB0390384695F807A0B7
S214027FE016F006FC2B780490990761D121460420EE
S214027FF002F0C2F800285BD0204614F010F80146C2
S21402800020460AF00FFC820752D1204614F007F8E9
S214028010014620460AF006FC10F00303059347D1FA
S2140280202046FFF721FD002842D0204614F0ECF847
S214028030461C204615F03CFEF6B206F10A0B8345B6
S21402804080F29F80504A06AB1068516803C3711CC9
S21402805020460AF0E7FB3146804620460AF0E2FB5D
S214028060594600EB082820460AF0DCFB8346059BAF
S2140280702146B21C009306A8082316F0C0FB1FFA7E
S21402808088F8204611F0D6FD5A46414610F059FCB3
S2140280900122404606A901F09BFB002871D102206E
S2140280A00BF036F8013003D1404606A9EFF712FB73
S2140280B011F0FDFF48453A46514608D112F069FADA
S2140280C000285ED109B0BDE8F04F01F077BB484604
S2140280D012F05FFA002854D12C4B1B781BB9394694
S2140280E0484612F0F3FB3A4651464846FCF716FA63
S2140280F0002846D0297811F0030102D12046FFF766
S2140281004BFCAB79002B3CD0214B1B78DA1E012AA4
S21402811037D9062B35D06B78DB070DD503982E7A28
S21402812013F032FA10B3F30803F01C0326F01F060E
S214028130334343F001032B724FF6FF71204611F0D2
S2140281404DFD049BDBB90FF0F6FE00F03F02022164
S2140281502046FCF75FFB4FF6FF73039A9A4210D154
S214028160204609B0BDE8F04FFEF7F4BF06F01C0348
S2140281701C2BE1D0042B04D9043E2E72DCE700222D
S214028180E5E709B0BDE8F08F980B0400BE62002058
S214028190C86200202DE9F04385B004460E46174615
S2140281A011F0E2FC0C2820467BD111F0E0FD0922FA
S2140281B0002115F0A1FC00F11005EDB2294620467B
S2140281C00AF030FB042853D006D8012815D002281E
S2140281D022D005B0BDE8F0837C28FAD1204615F0FF
S2140281E067FD0546204615F047FD02463046E9B2D1
S2140281F005B0BDE8F0430FF0CABE46B913212046CB
S21402820013F030FE05B0BDE8F04311F079BF05B0BB
S214028210BDE8F043FCF7ACBE9D4B1B78013B012B3F
S214028220D7D82046E91C0AF0FDFA074686B978B97F
S214028230691C204613F016FE0546214613F0F3F895
S2140282403A462946102005B0BDE8F04316F09FB91D
S214028250002508232146152200950DEB030016F093
S214028260CEFA284602A915F0F7FE13F019FBB0E77E
S214028270884B1B78022BACD146B9FEF73FFDC207EE
S2140282800AD5FEF7D7FC002F08BF3F26304605B0BA
S214028290BDE8F0430FF087BEFEF714FD0028F0D0CD
S2140282A0F1E711F064FD8046043016F0A7F90746A0
S2140282B008F1020016F0A2F94FF6F7739842054647
S2140282C00CD8754A138801339BB213800BB9734AD4
S2140282D013801EB1714A13880133138098F80090F8
S2140282E009F00309B9F1010F40F08380204613F02C
S2140282F096FE014620460AF095FA043809283FF60B
S21402830068AF01A353F820F031830200D381020044
S214028310D381020055830200D3810200D38102007A
S214028320D38102003D830200D38102003D83020016
S214028330204605B0BDE8F043FFF7D4B9544B1B788E
S214028340042B7FF446AF0021084605B0BDE8F04393
S214028350F9F720BB4E4B1B78013B012B3FF639AF9A
S214028360404613F099FE00274D4B01465B898DF877
S2140283700A70ADF8083000283FF42BAF384615F0E7
S2140283806BFE0546204613F04AFE421C0323214696
S214028390009792B202A816F032FA9DF80A30E6B9B1
S2140283A03C4A1278022A18D1BBB9FF2DBDF8084004
S2140283B00AD03C4A214632F81530284623F4806318
S2140283C022F8153013F04BFA204613F029FB002250
S2140283D02146102016F0DBF8FBE6022B3FF4F9AE3E
S2140283E02BB9304B33F815305B053FF5F2AE284615
S2140283F03BE7B9F1000F7FF4ECAE3146204604F0BD
S214028400BBF8002E3FF4E5AE4FF6F7739D423FF6FB
S214028410E0AE98F80160284616F0040620D113F064
S2140284204CFB044628467CB113F0C9F90346F0B962
S2140284300C2200902946384612F0A6FB0C22002396
S21402844039462846009308E013F0B9F90346B8B94E
S214028450154A009012782946384612F095FBB8E67F
S21402846013F0ADF9034678B90B220090F3E7062223
S214028470334629463846009612F086FB0622DEE789
S214028480234600940622E6E74B46CDF80090F9E72D
S214028490C8620020C7620020D25B0020D05B0020AA
S2140284A044CE0400BC5B0020186D00202DE9F04F7E
S2140284B005888BB00446284611F059FC80460430E5
S2140284C016F09CF8074608F1020016F097F805A980
S2140284D00190284613F0EDFD284613F0A0FD014654
S2140284E0064628460AF09EF998F80030029003F0F5
S2140284F00303012B0CBF82464FF0FF0A15F094FFD0
S214028500B4F806B0814611F0D2FD98F80730009014
S2140285103846039301F08AF8002838D1019801F012
S21402852085F8002849D1FCF7B9FAA9EB0B0B1FFA1C
S2140285308BFB8146FAF774FB002844D1FFF712FB47
S214028540002840D1A14B1B78033B012B42D8BAF13D
S214028550060F00F0BE80BAF1040F00F0BA80FFF7F3
S21402856001FB20B1029B03F00303012B32D0FAF782
S214028570B1FA28B9964B1B7803F00F03062B6FD17E
S214028580944B2846B3F8681011F028FB22E02846E0
S21402859011F0EDFB023016F031F84FF6F773984201
S2140285A006D9039B23B92846FFF75EFA0028B5D101
S2140285B0A37823F00F03A37054E0019816F018F97D
S2140285C00028B0D1F4E7A9F104095FFA89F9B9F1F4
S2140285D0020FB7D8BAF1010F40F0A280284611F078
S2140285E0E7FA4FF6FF7398426AD1002331462846CF
S2140285F007AA13F078F980460028D9D042799DF868
S2140286002530934209D9711D284689B20AF01EF90F
S214028610A37823F00F030233A3700FF08CFC7E23A3
S214028620B0FBF3F202FB130303F58073A3809DF8FD
S214028630263013F0180F0BD0A378190708D1009B29
S214028640BB4205D0384698F8052005A90FF0BBFCBA
S2140286509DF82700003818BF01200BB0BDE8F08F48
S2140286602823A3800020F8E7584B1B78033B012BF6
S2140286705FD940F6B8339B459AD80FF05CFCFF23CF
S2140286808DF81330002300F03F00C0F5FA70A0808A
S21402869007A90DF113008DF81C30FBF7A3FF054662
S2140286A098F80710384611F068FF002D80D09DF824
S2140286B01C20013A032A7BD8DFE802F0807A697D23
S2140286C04FF6F773019A9A4224D898F80130DA07DF
S2140286D020D4284611F06CFA16F027F8012808BFB5
S2140286E03D4BA27809BF1B78FA2303EB830303EB07
S2140286F0830302BF9B00FA339BB212097FF458AF82
S2140287005B45FFF455AF0FF016FC00F01F0010306B
S214028710A08053E02D4B1B78033B012BA9D8D8E74A
S2140287204FF6F773019A9A429ED898F80130DB0703
S2140287309AD4BAF1020F53D10123314607AA28462A
S21402874013F0D1F8074611F0B2FCBDF82230984279
S21402875036D1002F3FF42CAF01227B8831462846C3
S21402876008F00EFB1D4A13780133DBB288F8073097
S21402877013707B88BDF81E209A421FBFA37823F091
S2140287800F030233A3704FF4C873A38016E0009B56
S214028790BB4213D000283FF40BAF426801323FF4CD
S2140287A007AFC2789DF813309A42BFF401AF05E0D6
S2140287B0009BBB4202D0A2781209EBD101204CE703
S2140287C0184616F015F80028C3D182E7C8620020C2
S2140287D0C762002024540020EA6C0020C5620020F4
S2140287E0BAF1030F7FF475AF009BBB427FF471AF03
S2140287F0711C284689B20AF015F80C287FF469AF76
S214028800FBF7E2FC4FF6FF73984201463FF461AF76
S214028810284611F0E3F95CE72DE9F34104460088A7
S21402882011F0A5FA0546043015F0E8FE0646A81C27
S21402883015F0E4FE074615F0F7FD05463046B4F897
S214028840068000F0F3FE064648B9384600F0EEFE13
S21402885058B9194AA3781278033A012A0BD8A37892
S214028860002623F00F03A37021E0384615F0C0FF60
S2140288700028EED1F3E71B09F1D1A5EB0805ADB24E
S214028880B5F5C86FEBD80DF10301384601AA01937E
S21402889013F0E5F89DF80350014645B94FF6FF730D
S2140288A0984204D00126208811F098F9A580304617
S2140288B002B0BDE8F08100BFC86200202DE9F04199
S2140288C005460C4611F050F9082802D10120BDE8F1
S2140288D0F081201D15F092FE0646284694F8078081
S2140288E011F0A8F90746284611F034F9010612D508
S2140288F0184B1B78042B0ED1174B1B78022B0AD170
S214028900164BB3F868204FF6FF739A4203D0002145
S2140289100846F9F73FF8124B1B78002BD6D1A01C5D
S21402892015F06CFE4FF6F773984202D86378DA07B2
S2140289300DD523789B070AD13A464146304611F0B8
S21402894028FE80F00100C0B200F00100BFE701205F
S214028950FAE700BFC8620020C76200202454002045
S2140289607A6300202DE9F04F9DB0044611F0FCF822
S2140289700546204611F0F8F808285AD14FF400436D
S214028980102200212046ADF8503011F085FF204617
S21402899015F072F90DF08FFC002321461A460C20C2
S2140289A000930DF04CFA98B3204615F065F914A919
S2140289B002461020FAF7D6FD0501204615F05CF9AE
S2140289C014A902464020EDB2FAF7CCFD10B12046BB
S2140289D00FF0C5FA204615F04FF914A9024680207A
S2140289E0FAF7C0FDB8B99DB1102517A806F0A2FD8A
S2140289F02046BDF8507015F05BF90646204615F085
S214028A003BF929460090F3B2384617AA0FF045FB09
S214028A101DB0BDE8F08FBDF8503017A8ADF85E4027
S214028A20ADF85C300FF087FF0028DCD145F08005FA
S214028A30DBE7204611F0EBF8B0F5006F40F0058159
S214028A40204611F0F7F80646042D40F00181204634
S214028A5011F080F880F40060C0F3C0200022314696
S214028A60400015F094FD954B1A78022A0DD0FFF7B8
S214028A7079F850B902F0FD03312B06D0043A012AE8
S214028A8003D98F4B1B78002BC2D02146022001F05F
S214028A9073FB05900028BBD02046ADF8464011F087
S214028AA066F90446BDF8460011F0C4F80546201DD6
S214028AB015F0A4FDA31C83461846039315F09EFDED
S214028AC012A90746BDF8460013F0F3FA637806903B
S214028AD0BDF8460094F80080099313F0A0FA637874
S214028AE0064608F0030828460C93FAF7F1F8B8F1A0
S214028AF0010F0CBF032302230E93724B08BF4FF0E5
S214028B000B091D80237818BF4FF00A0903F03C03B7
S214028B10082B0D907FF47CAFBDF8460015F0C8F820
S214028B20B0427FF675AFB8F1010F03D023789807ED
S214028B307FF46EAF644BB3F86830AB420DD1634A34
S214028B40634BB2F9001093F90030002900F0A580BB
S214028B5001EB0313A3EB211313804FF0010AA6F1D6
S214028B601003DBB207938DF8453010224846BDF855
S214028B704610CDF800A00DF145030DF060F900286F
S214028B803FF446AF099B13F002030A9300F00A81F2
S214028B90504B1B78002B3FF43BAFBDF8469048463F
S214028BA013F03DFA002308904846CDE9173319938F
S214028BB0ADF8683011F03EF8089B039003F10E0101
S214028BC0484689B213F0FEF9002870D000234946C1
S214028BD0089A009317A80E2315F011FE50460DF1C1
S214028BE05D010FF0C8FE9DF869300B9004939DF866
S214028BF05C30282B5BD10DF16100FAF7F3FB0F9086
S214028C00002854D1049812F020FC0F9B002867D14C
S214028C10314B049A1B78D31A190648D404F04CFD3B
S214028C2050453CD115F005FC2C4E0546346824B15F
S214028C3004F048FD2C1B844239D30023FF22194638
S214028C401846FCF73DFB356031E04FF6FD76FBE655
S214028C504FF6FF70301A18BF01200022314640003E
S214028C6015F095FC0C2D0DD12146012001F084FA59
S214028C7000283FF4CDAE214600201DB0BDE8F04FDF
S214028C80FDF700B92DB920461DB0BDE8F04FFDF73F
S214028C905FBD042D7FF4BCAEE5E61B025CE704F084
S214028CA00BFD022803D104F0E9FC0028BAD000220A
S214028CB01920039915F06BFCAAE600BFC7620020D4
S214028CC07A630020485C0020245400201A5C0020AE
S214028CD076630020C3620020C26200203455002062
S214028CE010214846089ACDF800A012F0ECF90028A8
S214028CF0DDD0A64B049A1B78934240F0AA800399D3
S214028D000DF1610214A815F073F9012114A8FAF7FF
S214028D1043F8824648F2030114A8FAF749F9BAF171
S214028D20000F03D0082114A80FF0C0FD484613F028
S214028D3094F903990DF16100FBF7E6FAFE288246E4
S214028D40B5D0FF280AD1039815F035FDFF288246D4
S214028D5000F087800DF16101FBF750F98B4B049A06
S214028D601B78934200F0A38050460B99FBF7B2FAA9
S214028D7000283FF44DAE50460B99FBF7BDFA237818
S214028D809A070FD1484613F04AF90146484609F0B9
S214028D9049FD00F00300012804D103980DF161019A
S214028DA0EEF798FCBDF8460010F0D4FE030440F13E
S214028DB08580204615F022FC40F4007189B22046D8
S214028DC015F01EFC00224FF40041BDF8460010F0DC
S214028DD0B2FEDDF81490012310220093BDF846106F
S214028DE00E980DF145030DF02AF800283FF410AE58
S214028DF0032866D1204615F001FC40F4007189B2C2
S214028E00204615F0FDFB284615F0F2FC002840F03F
S214028E10B780DDF81490B8F1010F40F0C18003204E
S214028E20BDF8461001F0A8F9002840F0B980314696
S214028E30BDF8460009F0F6FC0F2801467FF6E8ADBD
S214028E404FF6F7739F423FF6E3AD284611F088FDD2
S214028E50DEE55046049903F049FD00287FF44FAF43
S214028E6025E7237803F00303012B08D1484613F0C5
S214028E70D6F80146484609F0D5FC082892D0444B5D
S214028E801A78444B1B789A4209D20DF16101039875
S214028E90FBF768F8039815F08EFC82465EE7A01C86
S214028EA015F0ACFB4FF6F7739842EED9FFE6504644
S214028EB0FBF79AFA00283FF457AF5CE74FF0000939
S214028EC089E7284615F094FC0028A4D00A9B002BBC
S214028ED058D1B9F1000F53D1B8F1010FBDF84600D1
S214028EE09DD0314609F09EFC8246DFF8B09099F894
S214028EF00030002B5FD011F0DAF887427FF488AD9D
S214028F00B8F1010F40F08280BAF1070F78D8BAF1B3
S214028F10050F7FF67DAD204B1B78022B02D0043B5B
S214028F20012B03D899F80030002B4BD00C9B9806E7
S214028F3040F1BB800D9B002B40F0B380284615F015
S214028F40BBF8FF2840F0AD805D457FF461AD069B1F
S214028F50002B00F0A48012AB46F204020124ADF806
S214028F605C200193214602232846009417AA13F098
S214028F7032F800283FF44CAD214611F0DAF947E505
S214028F80DDF81490284607F053FD44E7C26200203D
S214028F90C1620020EB6C0020C7620020C362002082
S214028FA03146BDF8460009F03DFC0A9B824613B9DD
S214028FB0B9F1000F99D0A84B1B78022B02D0043BC4
S214028FC0012BB3D8284600F031FB814600287FF4F7
S214028FD01FAD11F06CF8854222D1A04B1B78033BE3
S214028FE0012B19D89E4BB3F8684011F060F84B4637
S214028FF001460D222046CDF8009011F0C5FD07E58A
S214029000AAF10E03DBB2012B85D901E50AF00303B0
S214029010012B7FF4FDAC7EE7012000F0A5FBF7E410
S214029020284615F0E5FB58B911F05EF84FF6FF73C7
S214029030984205D015F0F0F810B92846FAF738FF2E
S214029040284615F0D5FB88B111F04EF84FF6FF739F
S21402905098420BD015F0E0F840B9B8F1010F02D1F2
S214029060BAF1060F02D0284607F04CFA069BA3B9BF
S21402907019460122584600F0ABFB814600287FF4D1
S214029080C7AC204613F008F84A460146384600F0B8
S2140290909FFB00283FF44AAFBAE412A9E9E7069B11
S2140290A05AE7637823F0200363704FF6FC739F42FF
S2140290B075D16A4B1B78033B012B7FF6A9ACA379CB
S2140290C00BB1013BA3716378590727D50023584695
S2140290D017AA14A9179312F0C2FC1798F0B108F059
S2140290E0CBF88146384614F0E7FF179A0146137903
S2140290F003F03000102806D003F00C0008281CBF2E
S21402910023F00C031371137903F03303202B05D1DC
S214029110FF2903D00122484608F078FA284614F0C0
S214029120CBFFFF281EBF00224E4B43F82020099B90
S21402913003F001094FF6F7739F4200F21381B9F16B
S214029140000F40F01C812946584611F0BFFB10F074
S214029150AEFF874200F0DF80384615F049FB002854
S2140291604AD0B8F1010F30D1BAF1010F20D14A46E8
S2140291703146BDF8460007F05FFE384615F038FB6C
S214029180394B1B78002B78D1584615F031FB002856
S21402919070D1384615F02CFB00286BD138E44FF618
S2140291A0FD739F428BD12D4B1B78042B87D12FE466
S2140291B0384615F01DFB50B3BAF1030F27D13146DE
S2140291C0BDF8460011F018FD22E4384615F010FBF3
S2140291D0384612F0F4FA002848D00023394658469A
S2140291E0BDF8462001F05AFB00283FD00021BDF80A
S2140291F04600FEF7D1FB0BE4384615F0F9FA18B133
S214029200B8F1010FD8D0E3E7B8F1010FE0D1164B61
S2140292101B78002BB8D0BAF1050F2ED110F047FFFD
S2140292208DF85C0010F043FF000A8DF85D00012304
S214029230022217A90DF14600F9F74CFA00287FF42E
S214029240E7AB711CBDF8460089B209F0D9FA03787B
S2140292500133037011E000BFC7620020C86200201D
S21402926024540020B4440020F16C00209A4B1B7852
S214029270002B89D0B8F1010FCDD063785A070CD5F0
S214029280BDF84640204612F08CFE411C89B22046AC
S21402929009F0B6FA0378013B0370904B1B78033B48
S2140292A0012B30D8B8F1010F06D1BAF1050F1FD144
S2140292B010F0FDFE834522D1BDF84600FEF7AEFC57
S2140292C002281CD10021584617AA08F021F930B10D
S2140292D00379458003F03C0343F040030371002307
S2140292E07F4A009339465846127811F04DFC06E044
S2140292F0BDF84600FEF792FCBAF1030FE0D1002259
S21402930039461C20D6E4BDF84600FEF787FCB8F1C5
S214029310010FD5D1F0E7B8F1010F7FF467AF0AF17C
S214029320FF330C2B00F2AA8001A252F823F000BFF2
S2140293309393020093930200BF910200A993020046
S214029340B9930200DD930200FF9302002B94020001
S21402935041940200419402004D940200659402007A
S21402936071940200B8F1010F00F09480B9F1000F79
S21402937008D1BDF84600FEF71DFEFFF749BBB8F15F
S214029380010FCCD0237A03F00303012B7FF440AB0A
S214029390EFE7AAF102035A423146BDF846005A41A7
S2140293A007F04AFDFFF734BB32465846BDF8461072
S2140293B0FEF7D6F8FFF72CBB711CBDF8460089B243
S2140293C009F030FA0236F6B20246BDF84630584682
S2140293D0009612A90AF054F8FFF71ABB3F4B1B7807
S2140293E0013B012B3FF614AB079B012100930020A3
S2140293F02346BDF8462011F036F9FFF709BB374B76
S2140294001B785A1E012A07D90120079ABDF8461072
S214029410FCF71AFCFFF7FCBA022B7FF4F9AAF9F75D
S214029420FFFB0028F0D1FFF7F3BABDF8460006F0BE
S21402943069FEFFF7EDBABDF84600FEF721FA98E797
S214029440BDF84600FEF71CFAFFF7E2BA234B1B787C
S214029450013B012B3FF6DCAABDF84600FDF736FDC0
S214029460FFF7D6BABDF84600FDF780FDFFF7D0BA83
S214029470BDF846000FF059FAFFF7CABA334622463D
S2140294805046BDF846100FF022FA00287FF4C0AA14
S2140294905146DAE40AF1FF330C2B3FF6B9AA01A2D1
S2140294A052F823F09393020093930200BF910200B6
S2140294B0A9930200B9930200DD930200FF93020013
S2140294C02B94020037940200379402004D94020057
S2140294D06594020071940200F16C0020C8620020BC
S2140294E0186D002010B50021114810F0B6FC044695
S2140294F0E8B110F0C8FB0F4B1870204610F0C8FBFE
S2140295000D4B1870204610F0C9FB0C4B1870204605
S21402951010F0C9FB0A4B1860012014F08EFF20469B
S214029520FFF720FABDE81040002014F086BF10BDF9
S214029530F85B0020776300207663002075630020C6
S2140295402C55002070B5164E044633680D46E3B11E
S21402955010F00AFB0C2818D1204610F008FC09224D
S2140295600021044614F0C8FA235C042B0DD10D4BDF
S2140295701B78033B012B08D80B4C25B10B4B2278EA
S2140295801B789A4203D300232370002070BD08483C
S214029590316814F05DFC2378012001332370F5E76F
S2140295A030550020C862002079630020176D002025
S2140295B09C6B0020014B93F9010070471A5C002057
S2140295C0014BB3F8680070472454002070B500249D
S2140295D0124D2C70EDF762FEE6B2B04212D8104B76
S2140295E01B78013B012B04D800214FF6FF70FBF7D6
S2140295F019FF00220B4B1A700B4B198801B11A8007
S214029600012070BD304614F0AFFDC30748BF2B786B
S21402961004F1010444BF01332B70DBE7C062002073
S214029620C8620020B7620020CC5B002038B50B4B26
S21402963005461B7873B101335C08094B188814F091
S2140296401BFB002330F81320AA4205D00133DAB2FE
S214029650A242F7D3002038BD0120FCE7B762002003
S214029660CC5B002030B5054685B008460C4615F0A2
S214029670BBF8FF280CD011F0EFF9012200210346B7
S214029680CDE90112009221462A460720FBF77AFA14
S214029690284614F011FDFF2804460FD014F064FD8E
S2140296A0C2070DD5204614F05FFD830708D40B4A87
S2140296B032F8143043F4806322F8143005B030BD1B
S2140296C011F0CAF9012200210346CDE901120092E7
S2140296D007202A46FBF756FAF0E700BFBC5B0020DD
S2140296E04FF6FA72431E9BB2934270B504462AD8CE
S2140296F0FFF79CFF38BB194B1B78042B23D0204660
S21402970015F059F8FF2801D0FAF702FB204612F0AE
S2140297107FF908B107F0C6FD2046114E04F046FA5E
S21402972020460EF04EFC31780E4D69B1288814F0B2
S214029730A3FA054601461E220230F0F789FE2C8067
S21402974033781E2B07D970BD202014F009FB288021
S2140297500028EBD1F7E702333370F4E7C862002043
S214029760B7620020CC5B002037B5134B05461B784A
S214029770022B1FD110F09BFC044610F098FCFFF75A
S214029780AFFF11F069F910F09EFC0020FBF73CFDDC
S21402979040F607400EF0A1FC3DB100230D22214603
S2140297A04FF6FD70009311F0EFF903B0BDE83040BC
S2140297B004F032BF03B030BDC8620020034B1B78F2
S2140297C013B90120FFF7D0BF704700BFBE6200206A
S2140297D0F7B504460D46174610F069FC0646002DFE
S2140297E047D04FF6FB739C4243D82046FFF71EFF36
S2140297F030B1A64204D1204B1B78033B012B38D94B
S2140298002046FFF713FF10B1012003B0F0BD20463B
S2140298100EF0A7FBC0B1A642F6D00CB369462046AE
S214029820F9F758FD0246D8B90821684610F0D1FB70
S214029830B0B9082269462846F1F704F980B12946EC
S214029840204611F039F9DFE7A642E6D12846F9F7B5
S214029850C9FD28B90120FFF787FF06F0DFFDD3E731
S2140298603FB121462846FAF7E7FB2146284604F090
S214029870B9F90020C9E700BFC8620020044A13787D
S2140298802BB1013BDBB213700BB9024A138070474F
S214029890B7620020CC5B00200148F8F7D7BC00BFB7
S2140298A0CC5B00202DE9F047804617460D468CB06B
S2140298B061B903AE00211B4814F004FF4FF0000903
S2140298C00446DFF860A01CB920461DE00E46F1E70C
S2140298D00022214624233046CDF8009014F08FFF54
S2140298E0082241463046F1F7ADF8A8B9337C9BB959
S2140298F06FB945B92A4621460A4810F0CDFA0A4AF7
S2140299001388013B138001200CB0BDE8F0873B882A
S214029910B28953405B06ECD52146504614F0F6FE5B
S2140299200446D0E7305C00202E5C0020024B1888EC
S214029930003818BF012070472E5C002040232DE916
S214029940F04397B0074611A88946ADF80E300EF0E0
S2140299504EFC02238DF84430002304AE31463846CE
S21402996004937360F9F7B6FC0546002840F095802C
S21402997038460EF0B8FF804610F099FB04460028E1
S21402998040F0BB8099F80130042B40F0B980EDF727
S21402999091FC022840F08480EDF78CFC022840F00F
S2140299A08B8096E8030003238DF8443012AB83E8DD
S2140299B003009DF85130002143F00603102209A847
S2140299C08DF85130F0F7F2FC09A911A80EF0A4FDAB
S2140299D040B111A80EF00BFC30460DAB09AA11A936
S2140299E00EF09FFEBDF846300DA943F0040311A801
S2140299F0ADF846300EF0E9FD102209F10A010DA875
S214029A00F1F720F80546002872D1EDF753FC02283C
S214029A1006D13146FF2009AA0EF0A5FD00286AD11C
S214029A2034240025EDF746FC022808D19DF8513073
S214029A301B0704D430460DF10E0111F05DFA2146E3
S214029A40304611F082FA10238DF8183004238DF870
S214029A501A303346002203CBCDF81B00CDF81F1078
S214029A6006A80B218DF8195010F09CF9024638B161
S214029A70002D14BF012303233146384603F078F83D
S214029A80B8F1000F09D0342C07D106A83246394661
S214029A9014F0AEFA06A80EF00CFF17B0BDE8F0837D
S214029AA0234621463046009411AA01F05FFE0028A4
S214029AB03FF472AFAD25C6E7EDF7FCFB012891D166
S214029AC0104B1B6803F08403842B8BD196E80300AB
S214029AD002238DF844301023ADF8463012AB83E8EB
S214029AE003009DF8513043F002038DF8513079E7B8
S214029AF03324AD2596E7052494E72C46A325A2E752
S214029B00AA25A0E7A44600202DE9F04336488DB0EA
S214029B10F8F78CFE14F08DFC344D2B68C41A4FF403
S214029B207A73B4FBF3F4A4B214B114F082FC286086
S214029B302F4F4FF6FF763B88DFF8B880ADF80A3035
S214029B4000233B8000210DF10A0010F086F905463D
S214029B5058B9284B1B882BB14FF47A7122487143AF
S214029B6014F076F90DB0BDE8F0834FF00009242317
S214029B704A462946CDF8009003A814F040FEBDF8E8
S214029B801A30A34294BFDB1A1B1B9BB2ADF81A30E5
S214029B90CBB910F08CFABDF8183003F04003184326
S214029BA080B218B9322103A80EF07DFABDF818303B
S214029BB01B0602D508980EF083FCB8F80030013B6D
S214029BC0A8F80030BEE79E4228BF1E4601234A463A
S214029BD02946009303A8242314F011FE4A46294678
S214029BE0384614F075FDADE7B04500203855002024
S214029BF0305C00202E5C0020F0B50446304A8DB062
S214029C001068516801AB03C3A378012B54D1162206
S214029C1000210DF11A00F0F7C9FBD4F82110D4F890
S214029C201D0003AB03C32388190644BF626808926B
S214029C30DA050BD5221D08AE04F114073546106866
S214029C405168083203C5BA422E46F7D1ADF818302D
S214029C5013F0040318BFA3690593EDF749FB00232D
S214029C60ADF81A008DF81C3010F021FAE0B906A9FA
S214029C7003A811F041F90022242103A810F092F85B
S214029C800446D8B10020FFF73FFF002221460D48C8
S214029C9014F01EFD0C4A0020138801331380FFF7D0
S214029CA033FF00200DB0F0BD082201A903A8F0F78B
S214029CB0C9FE0028DFD0DAE70220F3E71920F1E731
S214029CC0980B0400305C00202E5C0020F7B504469A
S214029CD000200E46FFF718FF104B1B88A34202D83F
S214029CE0212003B0F0BD00210D4814F0EBFC002546
S214029CF001460B4F0029F3D0A54208D100242423A5
S214029D0022463046009414F07AFD2046E9E73846AB
S214029D1014F0FCFC01350146ECE700BF2E5C002087
S214029D20305C00200148F8F791BA00BF305C002092
S214029D30014B1888704700BF2E5C002030B5154ACC
S214029D408DB051680546106801AB03C307A80EF034
S214029D504EFADDE90101032308AC84E803008DF81E
S214029D601C309DF8293003A943F0020307A88DF89A
S214029D7029300EF0D1FB10B12D200DB030BD234698
S214029D802868696803C303A907A80EF0AAFB00287F
S214029D90F3D0F1E7980B040070B50C4611460E4A54
S214029DA023781278064613F0200542EA0302227050
S214029DB018BF611D0822F0F74BFB002D0CBF0520D3
S214029DC00D20D4F80130B3602378337303F0180300
S214029DD0082B08BF013070BDC3620020042307B5FC
S214029DE001200DEB0301054AF8F79AFD019B044A90
S214029DF01B03136003B05DF804FB00BF63E51100AC
S214029E009446002010B5064C2368C3F30B0313B91F
S214029E100448E2F74FF92068431C236010BD00BFD8
S214029E209446002063E51100014B1868704700BF96
S214029E309446002007B50020054B064A1860042306
S214029E400DEB03010190F8F76BFD03B05DF804FB20
S214029E509446002063E511007FB511230A4A0120CB
S214029E6001A9F8F75DFD094B9DF814201A70084BFE
S214029E701B780BB1052B05D10EF05CF8012007B05C
S214029E805DF804FB0020FAE779EB0100C2620020CD
S214029E90C36200202DE9F04F0646CBB08846008804
S214029EA00121174613F020FF2E4B3A463188ADF8B3
S214029EB0160006A811F0DCF80DF1280B5A464146AA
S214029EC0C419308811F05EF8E4B208EB0003A3422E
S214029ED008BF044605464FF004091CBFA4EB08045D
S214029EE0E4B223465A460121CDE900090BEB050AE6
S214029EF0CDF808B02D1B06A8EDF746FEEDB20BEB2B
S214029F0004030093019523465A464146308811F0D1
S214029F1067F834883946204608F084FC394600F053
S214029F20F802204608F092FC0121308813F0DCFE8D
S214029F3001234A46514680B10DF11600F8F7CAFBD6
S214029F4001210446BDF81620308813F0E1FEB4FA6B
S214029F5084F040094BB0BDE8F08F3046F8F7BAFB04
S214029F600446F4E74A6300202DE9F04FC9B00446E0
S214029F7088469246C118224A04A81F46FFF70CFFDD
S214029F804FF00409C519EDB208AB0293A5EB0A0B14
S214029F90A8EB0A035FFA8BFBA8EB0506DBB2F6B268
S214029FA004EB0A02009301215B46CDF8049004A854
S214029FB0EDF7EAFD06F590730DEB03025A44A2F59F
S214029FC08072136808A844F80830E35D324623F02E
S214029FD00703E3552C442146F0F778FB08ABCDE99E
S214029FE0019308AA00230121009604A8EDF7CCFDF0
S214029FF03246204608A9F0F769FB49B0BDE8F08F63
S21402A0004A630020F8B5064612F0FEF8811C0546A3
S21402A01089B2304611F0D6FFF0B1EDB1294630468E
S21402A02008F000FC1228074616D80C4B691C1C5C6C
S21402A03089B2304608F0F6FB2C44052FE4B205D16F
S21402A040052809D8064B1B5C1C44E4B22146304660
S21402A050BDE8F84011F0B6BF0020F8BD8ACE040075
S21402A06084CE0400F8B5054611F0D9FF044628460A
S21402A0700FF07DFEA11C074689B2284611F0A2FF0A
S21402A08000283ED0002C3CD02146284608F0CAFBC9
S21402A0900646611C284689B208F0C4FB0F2E30D84B
S21402A0A0194B9B5DE118731E89B2092B0ED8DFE8A7
S21402A0B003F009050D0D120D0D181E1EC40644BF31
S21402A0C0083189B2820601D5083189B22846BDE830
S21402A0D0F84011F077BF7B78DB0612D501EB400122
S21402A0E0F3E700F01F0000EB40000144EDE71F28F5
S21402A0F005D8092E0ABF4000022080B2F5E7C8281C
S21402A100E4D00020F8BD00BF9DCE0400F8B5064698
S21402A1100FF02DFE09220021054613F0EDFC00F19A
S21402A1201004284614F06AFAE4B20746214630467E
S21402A13008F078FB0546304613F0BAFDBA05A0EBE8
S21402A1400403DBB20AD47C2D0AD0082D0AD8064AAC
S21402A150505D98428CBF00200120F8BD1220F8E71F
S21402A1600320F6E7FF20F4E7AECE0400014B187892
S21402A170704700BF196D002038B5114B04461B7896
S21402A18008469BB9012038BDA24205F101050FD150
S21402A19003EBC1035B6898470028F3D11E202246D2
S21402A1A04FF6FF7114F0F3F90020ECE70025054B9B
S21402A1B0E9B213F83120002AE6D11446EEE700BFD2
S21402A1C0196D002054CE04004FF6FF7307B5022225
S21402A1D00DF106010348ADF80630E1F7A7FF03B01C
S21402A1E05DF804FB603202E0002307B5ADF80430E8
S21402A1F0134B984221D10B88DA0703D5232003B0EC
S21402A2005DF804FB9B0748BF4FF47F434FF0020202
S21402A2100C480DF1060148BFADF80430E1F75AFFCD
S21402A2204FF6FF73BDF806209A42E7D10222054890
S21402A23001A9E1F77BFF0020E1E72120DFE700BF6D
S21402A2401FD1BACA603202E0002313B5022203808D
S21402A25004460DF106010F48E1F73CFF2D2801D018
S21402A260112805D14FF6FF73ADF80630FFF7ACFFA5
S21402A2709DF80630BDF806201BB1238843F0010383
S21402A28023800020FF2A82BF238843F00203238014
S21402A29002B010BD603202E0034B1B78002B14BFE5
S21402A2A0442056200E307047C36200202DE9F04F3E
S21402A2B08DB0179C06468946CDE90223BDF8587034
S21402A2C0D588ADF816103CB9EC0605D500970DF00A
S21402A2D085FF0DB0BDE8F08FC5F380242B054FEA4D
S21402A2E0043448BF44F40064A80511D544F0800441
S21402A2F00A2E00F26981DFE816F09A002F00170096
S21402A300370067016701370010009A0037009E0089
S21402A310E90548BF44F04004EAE74FF001084FF071
S21402A320020B4FF0000A14E008A95FFA89F011F058
S21402A330ECF8DDF82500DDF8291006AB03C3A44BC4
S21402A34033F81930ADF816304FF00008C3460DF159
S21402A350180A002F5DD125E006AA0DF116015FFA54
S21402A36089F003F003FCEFE74FF6F773994540F2E6
S21402A3702B8115F4026F40F02781964B1B78022B37
S21402A38003D0043B012B00F2218147BB032E4FF082
S21402A39001080CBF4FF00C0B4FF0080BBA4624F422
S21402A3A0C074A4B28C4B18884FF6FF73984206D03E
S21402A3B08A49F8F78FFF10B124F48054A4B2039BA5
S21402A3C038460093BDF81620534644F4027108F04E
S21402A3D051FAADF82000002838D1192079E738461E
S21402A3E013F066FC0246FFF757FF032E08BF01383C
S21402A3F0824201DD38206CE7032E4FF001080CBFC5
S21402A4004FF00C0B4FF0080B4FF0000A24F4C07408
S21402A410A4B2029B1B889BB91A46394606200093B3
S21402A4200BF030FD0028BDD140F6014051E74FF059
S21402A4300008C34675E74FF001084FF0030B70E7BC
S21402A440002339461A4607200093E9E74FF6FF73C2
S21402A450614A118899421CD00FF089FC03465E4A75
S21402A46004301188039314F0CBF85D49039B0978F6
S21402A47014F4805FD9715949574A1FBF086898601B
S21402A4804868D8604FF6FF7313804FF0FF330B60B7
S21402A4904B605946029A08A808F0A8FA00289CD0F1
S21402A4A0504C2378002B3CD1A7B1384613F000FC61
S21402A4B00746BDF8200013F0FBFB23780744002B69
S21402A4C014BF12220022EB1003F0040317443B448D
S21402A4D0842B8FDC15F400570AD0BDF820402046A6
S21402A4E00FF038FB40F4806189B220460FF01DFB66
S21402A4F0A6F10803012B05D801221021BDF8200081
S21402A5000FF019FB179BBDF8204043B32046BDF859
S21402A51016100FF063FBBDF82030179A0020138048
S21402A520D7E6AA06C0D56B0103F020030A2E14BF95
S21402A53043F0010363F07E03DBB2B8F1000F08D0EC
S21402A54000215246009108A800F086FE0028ABD0F3
S21402A550BFE61A46514608A810F0B5FEF6E72046B2
S21402A56011F05DFD179B02462146042000930BF076
S21402A57089FC00283FF458AF0A2E18D84FF4D96346
S21402A580F340DB0713D5072E0AD00A2E08D0BDF8F3
S21402A590200010F0ABF980F00100C0B2800098E60F
S21402A5A008A80EF0A3F90028F1D0042091E617B10E
S21402A5B025F04005ADB22B463146BDF820005FFAC5
S21402A5C089F201F01BFF84E6012082E6162080E66F
S21402A5D014590020C7620020986C00201A6D0020D3
S21402A5E085630020C3620020F7B50F469DF8281049
S21402A5F00446DDE90B061D46F1B94FF6FF739C4291
S21402A6001CBF174B1C804FF000041CBF154B1A7062
S21402A610BDF8240008F080FA00232A46CDE900435C
S21402A620394606209DF82030FFF740FE10B90EB1DD
S21402A630AB7A337003B0F0BD78B14FF6FF739C422D
S21402A6401FBF074B1C80074B1A7000220FF0AAFB95
S21402A65004460028DCD11920ECE72120EAE700BFF7
S21402A660986C0020856300202DE9F04788469DF807
S21402A6702810074616461D469DF820A0BDF82490D1
S21402A6800B9839B158B300220FF08CFB044610B970
S21402A690192025E00C464FF6FF739D421FBF114B53
S21402A6A01D80114B83F800A04FF6F7739E4208D820
S21402A6B00E4B4FF6FD761A784FF6FF73002A18BF38
S21402A6C01E46484608F028FA00233A46CDE90843D3
S21402A6D031464346BDE8F0470320FFF7E7BD212099
S21402A6E0BDE8F087986C0020856300206662002033
S21402A6F02DE9F04786B09DF838600546DDE90FA8DB
S21402A7000C4617469946B6BB374B1B78022B1DD113
S21402A71025BB4FF6F7739C4214D80026484608F02D
S21402A720FBF900233A46CDE900632146FF2328467B
S21402A730FFF7BCFD38B9B8F1000F04D0BB7A88F831
S21402A740003000E0012006B0BDE8F087043B012B94
S21402A750DED908460EF0C7F810B31DB3022D31D16C
S21402A760ECF796FDA042EDD9204B33F814204FF6B5
S21402A770FD739A4219E0BAF1000F32D01A4B1B78D9
S21402A780022B05D1FFF788FDB042E6D23820DAE781
S21402A790043B012BF6D908460EF0A5F80028F1D1A5
S21402A7A01620D0E74FF6F7739C42CBD8002EB4D0D3
S21402A7B03146002250460FF0F5FA06460028ADD183
S21402A7C01920C0E7012DBDD104AA0DF10E01E0B299
S21402A7D003F0CCF9064B1B78A342B3D9BDF80E2082
S21402A7E0C5E72120AFE700BFC7620020145900204A
S21402A7F0E56C002030B5104B87B005460C4618684D
S21402A800596803AA03C298680C4910609A88DB88C4
S21402A81052BA23F04003ADF812300023CDE90043CC
S21402A820ADF81020FF23098803AA0720ADF80E50C2
S21402A830FFF73CFD07B030BD3C5C0020485C0020C2
S21402A84038B50C461146124A124D108022682A600C
S21402A85062686A60A268AA60E288500616D5EA882C
S21402A860520613D561B1002218460FF09BFA014634
S21402A87050B16088FFF7BEFF0522074B1A7038BD3D
S21402A880084611F00DFBF2E71920F5E70220F6E77D
S21402A890485C00203C5C0020966300202DE9F04FC7
S21402A8A0074689B0104615461C468A4611F0B7FB85
S21402A8B00146284607F0B6FF064628460FF057FA26
S21402A8C0043013F09BFE80460FF0F1FB804550D01B
S21402A8D0B2074ED1DFF8AC80284605A9B8F800B01A
S21402A8E011F0A3FC9DF81930A8F8007003BBBDF860
S21402A8F01430EBB928460FF03AFA023013F07EFE17
S21402A9004FF6F773984294BF4FF000094FF00109D3
S21402A91001230134E4B22A463846CDF8009005A950
S21402A920039303F0C5FE039B40B901339C421ED23B
S21402A9300020A8F800B009B0BDE8F08F022CF8D1CC
S21402A940012BF6D10C4A0D4BA3F800A01378591C24
S21402A95011700B4A7F3B16F00C01137007D1BDF83D
S21402A9601A305B0603D5BDF81600FFF743FF022335
S21402A970D1E70020DFE700BFC5620020986C002008
S21402A98085630020485C00202DE9F04FABB00F46EF
S21402A990ADF81E000FF0EBF900F1020A064650462B
S21402A9A013F02CFEBDF81E400546204611F037FB7C
S21402A9B00146204607F036FF814600F00308301DA8
S21402A9C013F01CFE434C20800FF071FBA8422DD0E2
S21402A9D04FF6F7739D4229D87378DA0726D42846AD
S21402A9E010F0EDFE30B101232946BDF81E20208866
S21402A9F0FFF754FF0FF05BFB364B1B8883420FD1E9
S21402AA00BDF81E40204611F00AFB0146204607F01C
S21402AA1009FF10F00C0103D1BDF81E0001F0ACFDD9
S21402AA2000222D4B1A602BB0BDE8F08F2B49BDF8E3
S21402AA301E0011F0FAFB2A49BDF81E0011F039FB80
S21402AA400028274B08BF0023234ABDF81E001360C8
S21402AA500FF019F9234B1870BDF81E000FF018F905
S21402AA60214B1870BDF81E000FF01DF91F4B186021
S21402AA7000238DF82230002F3ED0184BDB889B0631
S21402AA803AD50FF014FB10B3194B1B689D071ED462
S21402AA90B8F1010F14BF082318230DF12202009209
S21402AAA000220DF11E00114600F0D6FB20B3B8F1CD
S21402AAB0010F9FD10F4B1B78112B9BD110F0A2FCDC
S21402AAC0002897D140F61D40F9F7E2FF92E70823E7
S21402AAD0E3E700BF485C0020405500203C5C0020B5
S21402AAE07D63002077630020766300202C550020CB
S21402AAF0A4460020C7620020504613F07FFD82461F
S21402AB00BDF81E0013F0D4F8A0F11005EDB22A46E7
S21402AB1031460AA8EFF7DAFDFF238DF82F304FF6FD
S21402AB20F7739A4540F2DF80B8F1010F00F0E78034
S21402AB30B8F1020F00F04681B8F1000F7FF45AAF69
S21402AB40A44DBDF81E00EB88ADF8240004930FF068
S21402AB500EF9BDF824600746304611F060FA014649
S21402AB60304607F05FFE8DF82300B81C7E7813F09F
S21402AB7045FD07460FF09BFA06F00106B4F8009072
S21402AB8003906C88002E7FF435AF4FF6F77A424674
S21402AB90494657458CBF0620082013F0F8FCBDF83E
S21402ABA024B0584611F03BFA594602464346042062
S21402ABB0CDF800800BF043F9574583460AD8B5F91D
S21402ABC00620EB88002A05DB580603D541462046B8
S21402ABD0FFF710FEBBF1000F3FF40CAF2B88002BE3
S21402ABE05AD16B79002B57D14FF6F7730DF1260128
S21402ABF09F42BDF8240094BF4FF0000B4FF0010BAC
S21402AC0010F0E2FCDFF8D8A100F1FF38BAF8003005
S21402AC101FFA88F10593EB88BDF82600069307F025
S21402AC2001FE069B04990190009322465B46059816
S21402AC30C1F340110DF064FE00283FF4DBAE04239E
S21402AC4006200093BDF82610624B5FFA88F20BF0DE
S21402AC50F6F800283FF4CEAE48F202036A889A421B
S21402AC6005D1BDF82410BAF8000000F08DFF594D4A
S21402AC7009AA29460DF123000DF040FE03460028DE
S21402AC807FF4B8AE2104BAF80000BDF8242060D5DF
S21402AC902346294610F0ADFC9DF823304D4D03F0B7
S21402ACA00C030C2B75D1288910F06EFC00283FF49B
S21402ACB0A1AE039B002029894B4514BF022603261A
S21402ACC002F02CFE444B18704FF6F7739F42BDF805
S21402ACD0240075D8A4F138025342534132463D4906
S21402ACE004F066FC86E6B8F1020F6BD0394BB3F976
S21402ACF00630002B26DAB8F1010F7FF41DAF0FF0F5
S21402AD00D6F9238883423FF475AE0520BDF81E109F
S21402AD10FFF732FA00283FF46DAE2E4AD3885B0660
S21402AD2007D50023CDE900330A20FF232188FFF749
S21402AD30BDFA3A469DF822302188BDF81E0002F080
S21402AD4023F957E629460AA800F070F80028D2D060
S21402AD5050E60221DFF88C8088F800102946CDF8EC
S21402AD6000B003F0A5FC132C96D0EB885D0493D4B8
S21402AD701A4B1B78D80703D598F80020022A8BD0E6
S21402AD8099077FF537AE98F80030012B7FF432AE84
S21402AD9082E700222B79124800936B7911460088CD
S21402ADA002F0E4FD0C4B18709DF8233003F00C0300
S21402ADB0082B89D1039B4B4514BF0426052683E73F
S21402ADC001238BE74846BDF81E20024901F048FBE6
S21402ADD010E600BF3C5C00209563002068620020FD
S21402ADE0485C00208663002010B5002108480FF05A
S21402ADF034F8044650B101460420FFF7BDF928B1E5
S21402AE002046BDE810400121FFF7BEBD10BD00BFC1
S21402AE102C5C0020034BFF211A7803489200EFF7C0
S21402AE20C5BA00BFE66C0020CC42002070B54518BB
S21402AE3004464FF0FF31AC4212D1104B10481A783C
S21402AE4005460023934211DB0E4C2078431CB3FBCD
S21402AE50F2F602FB163345F82010237000200CE0B1
S21402AE6014F8010BE0F7B6FA0146E4E750F8044B93
S21402AE70A14201D00133E5E7012070BDE66C002057
S21402AE80CC42002087630020042307B501200DEB87
S21402AE900301054AF7F744FD019B044A1B031360AE
S21402AEA003B05DF804FB00BF23E111003C5500200F
S21402AEB0014B1868704700BF3C550020014B1868CC
S21402AEC0704700BF3C55002010B5064C2368C3F3FC
S21402AED00B0313B90448E1F7EDF82068431C23601E
S21402AEE010BD00BF3C55002023E111002DE9F04FB4
S21402AEF093B003930023DDE91C79069399F800309A
S21402AF0083460DA804930E4615460DF070F999F87F
S21402AF10003013F003043ED0039B0DF1250A8DF892
S21402AF2024300022082138460FF053F8002870D04B
S21402AF3028880EF01CFF99F800301C074CBF04301E
S21402AF40023013F05BFB07A98046F7F7D7FE9DF8A1
S21402AF5024300446980633D5288806F10D0111F0F0
S21402AF6031F8A8B100230093384608232988721DB9
S21402AF7013F045FC99F8003003F01803182B4AD159
S21402AF80B8F1000F47D0A94BB3F86830434542D01A
S21402AF9040F60A4327E02888711D11F013F80028AE
S21402AFA0F6D0009405233246298809A813F027FC18
S21402AFB09DF824300DF1240A03F018030393B0E73A
S21402AFC014BB39464046F8F785F90028D2D099F8DE
S21402AFD000309907DCD0402322462146404610F036
S21402AFE0B6FB40F6094399F8002012F0030440F03D
S21402AFF0F780288803930EF01DFE224601461A208B
S21402B00013F0C5FA039BEBE007AB03CB386079601D
S21402B010B0E74FF6FF780DF054FC044620B1042149
S21402B0203846F7F793FE04461E9B002B5AD0092398
S21402B0301E990DA88DF834300DF053FA209B0BB1F3
S21402B040209B0693039B002B40F08E800DA8ECF706
S21402B050FDFD99F800309A0700F09880FFF734FF5C
S21402B0605146024601200DF078FC99F800309B0705
S21402B07010D55946288811F09EF80BF1090350FAAC
S21402B08083F35FFA83FB5946288811F06BF800EBCE
S21402B0900B06F6B299F8003013F0C20F0AF1040359
S21402B0A00DD09DF82420624942F020028DF824201B
S21402B0B00A68CAF804204A685A600AF10C03012298
S21402B0C009A800921B1A324629889BB213F097FBF6
S21402B0D0324659462846FEF7DDFE002800F0A480D8
S21402B0E000237DE01F9B5BB19E460DF1340CBEE84B
S21402B0F00F00ACE80F00DEF80030CCF800309DE719
S21402B100049B594603F020032888049307F08AFB21
S21402B11010F0030F0CBF012300230593049B059A2E
S21402B120003B18BF012342EA430300930DAA06AB75
S21402B13038461F9900F01AFB049A034682B100288B
S21402B14080D0059B0DAA0093384606AB1F9900F0E7
S21402B1500DFB034699F8002022F0200289F8002011
S21402B160002B3FF46FAF3EE7039B102B06D1BDF8D2
S21402B170363043F00103ADF8363067E7039B182BF1
S21402B1804FD1BDF8363043F00203F4E701200DF14B
S21402B19025010DF0F0FB99F80030824613F0040FFB
S21402B1A0288821D1069B1BB3002C35D00EF042FD19
S21402B1B000220146162013F0EAF984B17FB14FF659
S21402B1C0FF7398450BD000230DA91A4638460DF09A
S21402B1D0A8FA394640469DF835200DF08AFB012331
S21402B1E0184613B0BDE8F08F002CDFD1104F01E0F7
S21402B1F0002CDBD100233246009359463B460FF023
S21402B20062FF00283FF4C4AE002C3FF469AF069AF2
S21402B2100AF10103136063E71B685345C6D801248D
S21402B220E8E740F60A43DBE71923D9E7245400206F
S21402B2304A630020002307B5054A06481360042225
S21402B2400DEB02010193E0F771FF03B05DF804FB1A
S21402B2503C55002023E111002DE9F04F0446B1B021
S21402B26000888DF82F3016468A4610F0D8FE014622
S21402B2708146208810F076FF00EB0908208810F03F
S21402B280C3FF00239DF82F505FFA88F815F00107D8
S21402B2900790ADF8363008D101460DF13602208807
S21402B2A010F04AFE08B1ADF8367016B9CDE90E6652
S21402B2B00EAEFEF73BFB18B145F020058DF82F5079
S21402B2C00023CDE9033302930DF12F03CDE900638A
S21402B2D02246534641464846FFF708FE05460028E2
S21402B2E000F0CA809DF82F3013F0010747D123F0F3
S21402B2F020038DF82F300EF0DAFE68B17C4A10ABD0
S21402B3001068516803C3184600F002FA0546FEF7B5
S21402B3100FFDBBB298423BD83A9B13B100233A9A30
S21402B3201370BDF83630CBB10121208812F0DCFC58
S21402B33027880546002800F0CA800121384612F008
S21402B340D3FCBDF836700546384612F0B1FC002331
S21402B35000903A461946284610F071FD0023CDE9C2
S21402B360033302930DF12F03CDE9006322465346C1
S21402B37041464846FFF7BAFD054600287CD00EF047
S21402B38096FE002840F0BA80284631B0BDE8F08F1D
S21402B39018AB14AA26A9F8B20DF018FA002840F045
S21402B3A09480082210A927A8EFF74CFB8346ADB17C
S21402B3B09DF8A53013F0020F08930FD0082212A9A9
S21402B3C027A8EFF73FFB48B9089B590706D53A9BD3
S21402B3D013B101233A9A1370089507E03A9B002BA3
S21402B3E061D1BBF1000F70D1002308930DF1740CEC
S21402B3F014AB0FCB8CE80F00BDF83630CBB1012171
S21402B400208812F071FCB4F800B000284FD0012159
S21402B410584612F069FCBDF836208346104609925B
S21402B42012F046FC00231946099A0090584610F07E
S21402B43006FD304B0DF1740B0493002303930DF1BC
S21402B4402F03CDE900632246534641464846CDF8CF
S21402B45008B0FFF74BFD002837D1002D33D012AAD3
S21402B4605B464FF482714FF4005000F0D9F8089B07
S21402B47013B126A80CF0B6FF0EF019FE88B11E4BCB
S21402B4801B689A070DD4FEF751FA50B1184A18AB4A
S21402B4901068516803C3002226A918A80FF0F0FC12
S21402B4A000BB002570E700233A9A137099E7BDF8AF
S21402B4B036200A901046099212F0FAFBDDE90923BB
S21402B4C007990090B2E72A46CAE701371FE7BDF898
S21402B4D036B0584612F0ECFB2B4600905A463846D9
S21402B4E0079939E726A918A80FF006FDD3E700BF8B
S21402B4F0980B0400A0460020A44600209DF82F309A
S21402B50003F01103102B7FF43FAF3E4B1B78432B07
S21402B5107FF43AAF3C4B1B685B067FF535AF20885D
S21402B52008F1050110F04EFD834600283FF42CAFCB
S21402B5304146208807F076F9344B10F0200F08BFFA
S21402B5401E4612A800F0E4F80822314612A8EFF7C9
S21402B55079FA002852D0314612A80DF08BF9012351
S21402B56026AE00933246002314A912A800F0FEF875
S21402B57000287FF409AF12AB0DF12F07CDE9036067
S21402B5800290009322465346414648460197FFF7EB
S21402B590ADFCA8B3BDF89A30102043F0080318AAF1
S21402B5A014A9ADF89A300FF048FC00287FF4ECAEF0
S21402B5B012ABCDE90360CDE90170009322465346F3
S21402B5C041464846FFF792FC054600287FF4DCAE6B
S21402B5D018AB4FF49071002012AA00F021F84FF039
S21402B5E0005100200FF0C3FEBBF1000F3FF459AF2D
S21402B5F04FF0805100200FF0BAFE52E78346AEE7C6
S21402B60014ABE6E7C7620020A44600208E54002052
S21402B61001461A230120014AF7F782B924E1010004
S21402B620F0B5164691B0074609A80D461C46FFF728
S21402B630EFFF3EB1336845F04005CDF8263073681B
S21402B640CDF82A301B4B1A6822EA070242EA0501A5
S21402B65019604B040DD5BDF824200B0A03F4E2430F
S21402B660C9B222F4E3420B4322F07F021343ADF841
S21402B67024301A230020104A09A9F7F751F9B4B169
S21402B68004A80CF0B4FD02236A468DF81030154665
S21402B690234604F11006144618685968083303C492
S21402B6A0B3422246F7D1294604A80CF01AFF11B07D
S21402B6B0F0BD00BFA446002024E1010047F2FF10BF
S21402B6C0044B196841F48042014041F480411A60FB
S21402B6D00FF04DBEA446002000B589B0FEF7BCFBB5
S21402B6E001A8FFF795FF0948BDF804200168130278
S21402B6F021F0FF0103F4E2030B43D2B2134343F4F7
S21402B7008043036009B05DF804FB00BFA446002036
S21402B71010B50C4B0446186888B0830706D54FF060
S21402B720FF3323600120636008B010BD10F04000B4
S21402B730FAD001A8FFF76CFFDDF806302360DDF8CB
S21402B7400A30EFE7A446002008B5074B02461B68FE
S21402B75013F0400305D118461946FFF761FF012092
S21402B76008BD0020FCE700BFA44600202DE9F047F4
S21402B7709EB080460C461D4691469DF898A0A2B102
S21402B780164630460CF033FD1AF0020F0FD004B9FD
S21402B79017AC22463146404601AB0CF0F5FF0DB120
S21402B7A000232B601EB0BDE8F0870DAEE9E701ABC3
S21402B7B03146404605AA0CF0B4FF73780AF0010A37
S21402B7C0FF2B26D0002840F0B68054B105AA09AF58
S21402B7D0134603CBBB42206061601A4604F108049C
S21402B7E0F6D125B17278554B03EB82032B60BAF182
S21402B7F0000F01D10020D5E7BDF80430D906F9D4F0
S21402B80018204FF6FF71727812F0C1FE40F60E4015
S21402B810C8E74B4F3DB10EF04AFC10B13B689A07A1
S21402B8202BD500232B603B6803F03003102B01D08E
S21402B830202B24D117A8FFF7EBFE082240460DF175
S21402B8405E01EFF7FFF820B13B6803F04403402B9C
S21402B85015D0BAF1000F15D109A80FF08CFD0223FE
S21402B8603370002C4CD1B9F1000FC3D00EF01FFC80
S21402B87060B3301DFFF74CFFBCE7324BD2E740F611
S21402B8800A408FE73B68DB03E6D509A80FF073FD95
S21402B8900223337074BBB9F1000FB1D00EF007FC6F
S21402B8A0F0B1301DFFF734FFAAE73B6803F08403CC
S21402B8B0842B2CD009AB0DAF1A4603CABA422060BD
S21402B8C06160134604F10804F6D105E025463B689C
S21402B8D003F08403842B28D0301DFFF719FF26E0DF
S21402B8E03B68012503F08403F4E73B68012503F077
S21402B8F08403DDE70EF0DBFB0028F6D00125D9E74E
S21402B9000EF0D5FB05460028CFD00025D2E712A8B8
S21402B9100CF06DFC022312A88DF84830ECF796F96D
S21402B920224608214046ECF7E9F810237380002DE2
S21402B9303FF460AF64E72D2034E700BF28420020C2
S21402B940A4460020A046002049B9084B197849B100
S21402B9504EF66023594328B1054812F079BA41F2EF
S21402B9608831F8E70248F6F761BF00BF6762002039
S21402B970F045002070B586B005460EF098FB10B96B
S21402B980022006B070BDF7F745F80028F8D001A8E7
S21402B990FFF7BEFE06460028F2D08DB92E4B1C6875
S21402B9A014F0020406D02D4B1B78112BE8D12C4B39
S21402B9B0B3F868404FF481630221ADF80C3023E0FF
S21402B9C02846F7F70FFD0028DAD1234B1C6814F03F
S21402B9D0020406D0214B1B78112BD1D1204BB3F891
S21402B9E068400822294601A8EFF72CF80028E1D083
S21402B9F04FF4027300260A21ADF80C302B68CDF8FE
S21402BA000E306B68CDF81230002203A80EF0CAF989
S21402BA10024608B91920B4E70F4B196801F0300343
S21402BA20102B17D0202B14BF01230323490001F04B
S21402BA3004010B432046002101F09AF80028E9D0C1
S21402BA4000210120FFF780FF16B10122054B1A7074
S21402BA50002096E70323E9E7A4460020C7620020F9
S21402BA60245400207C63002030B5002585B0CDE943
S21402BA700055F6F7DBFE0EF01AFB1E4C60B905F019
S21402BA80AFFF0D25002108462170FFF75DFF29460E
S21402BA9068460CF008FB18E023784BB316491748A3
S21402BAA00A780078904223D90132012B0A700ED10F
S21402BAB02A464FF4A071284602F012FDC0B2B8B969
S21402BAC041F288310E4812F0C3F905B030BD022BA0
S21402BAD009D1284602A9F7F7FDFB0028EED102A8F5
S21402BAE0FFF748FFEAE7032B02D101F0FBF9E5E78F
S21402BAF00425C7E78863002089630020226D0020A2
S21402BB00F045002070B51B4A1B4D0446516810686C
S21402BB1086B02E7801AB03C31EB10224204606B0BF
S21402BB2070BDF6F7CFFF0228F7D10EF0C0FA002854
S21402BB30F3D003A800F03AFE082201A90DF10E0088
S21402BB40EEF780FFA0B10D4B32464FF4A07130469F
S21402BB501C7002F0C5FC04460028DFD10123084A07
S21402BB6041F2883107482B70137012F071F9D5E74D
S21402BB702324D3E7B7CE040088630020226D00207A
S21402BB8089630020F0450020F0B50C4600219BB0EA
S21402BB902B4F0646492207A80691EEF707FC3B788C
S21402BBA0012B34D19EBB0DF10E0120460FF00CFD89
S21402BBB00546BDF80E0012F07BF8441BE4B2BDF851
S21402BBC00E1023462A46009606A812F018FE3046A5
S21402BBD004A9F7F77FFBD0B9CCB19DF81920B2B90A
S21402BBE0BDF8233003F47E43B3F5285F1ED3B3F5C6
S21402BBF0385F0ED31349BDF80E000B6843F40003FA
S21402BC000B6029460CF050FE18B104233B701BB0A3
S21402BC10F0BD01220C4B04A81A70FFF7ABFE41F2EE
S21402BC2088310A4812F014F90223EFE711463A70F7
S21402BC30FFF78AFE1E2104A80CF035FAE7E700BFDC
S21402BC4088630020A446002089630020F045002077
S21402BC50014B1870704700BF89630020014B1878AB
S21402BC60704700BF88630020014B1870704700BF02
S21402BC70886300202DE9F04F0446408891B00E29D3
S21402BC808846ADF81A0079D094F80890A7790EF095
S21402BC906EF809A90546BDF81A00E67910F0C5FA4D
S21402BCA0BDF81A000DF056FF420542BFBDF82A3015
S21402BCB043F40053ADF82A30E379DB0642BFBDF801
S21402BCC02A3043F48053ADF82A30BDF82A3098065D
S21402BCD013D5022F57D10CA9207A0FF016FCDDF8E7
S21402BCE03500DDF8391007AB03C307AA0021042389
S21402BCF000910DF11A00FFF7AFFA0121BDF81A0004
S21402BD0011F0F2FF022F824649D1474B33F8195001
S21402BD10B8F1000F7ED0BDF82A2051067AD54FF62C
S21402BD20FB739D4276D8414B1B78033B012B04D80C
S21402BD303F4BB3F86830AB426CD0D30502D52846E9
S21402BD400FF0C5FDBDF82A30D80463D5002F33D1D5
S21402BD50BDF81A000DF0FEFEC10663D548F23403A4
S21402BD60BDF826209A4209D1324E3078FF2805D0F7
S21402BD7003222946FBF782FBFF233370002323604E
S21402BD8011B0BDE8F08F012F01BF237A2A4A03EBD8
S21402BD90430302EB830314BF00229A1CA6E7012F7B
S21402BDA005D10C2303FB09F3234AD55AB0E7A81C96
S21402BDB012F024FC0546ABE7284601F0F7FEBDF874
S21402BDC01A000DF0C7FEC206C8D463895046059312
S21402BDD011F06EFF8346504611F04EFF059B02900F
S21402BDE05FFA8BF04A46394601900093404609AB0B
S21402BDF00CF0F1F8B8F1000F14BF0B20092016F072
S21402BE00030218BF02F1FF32294618BFD2B212F05F
S21402BE10BEFBA3E7BDF81A000DF09CFEC3069DD438
S21402BE20002FD2D1A946D0E714590020C8620020BC
S21402BE3024540020266D00205458002038B50024D3
S21402BE400F4B104D2A78A24205D8C2B9BDE8384039
S21402BE500D48F6F7EBBC598869B9013AD2B2A2424C
S21402BE602A70EFD0121B184603F110011201EEF7EA
S21402BE70EFFA0346E6E701341033E4B2E2E738BDF0
S21402BE802C4200208C630020BC6B002070B51A4B3D
S21402BE901A4A1D780023DCB2A54200D870BD1446AB
S21402BEA066880133864202F11002F4D1E379A5884E
S21402BEB0E16003F040028DB9CAB123F00403E371D6
S21402BEC00DF055FF037803F07F03037021880029E5
S21402BED0E4D1BDE870400A4811F0BABF002165807F
S21402BEE0A180002AE9D1BDE87040FFF7A7BF20462F
S21402BEF0FFF7C0FEF7E700BF8C6300202C4200204D
S21402BF00BC6B00202DE9F047044686B040880F46F9
S21402BF1015460DF02CFFA3798046082B52D8DFE891
S21402BF2003F0052E1851515151510500023012F0FE
S21402BF3065FB002D4ED06946F7F7CCF9002841D1B3
S21402BF40684601F0DDFEB0FA80F0400906B0BDE8B2
S21402BF50F08702A9207A0FF0D8FA6B466E46DDF813
S21402BF600D00DDF81110334A03C3237A32F813901A
S21402BF70314AD05C75B131460FF0EBFAE6E7237A28
S21402BF802E4903EB430301EB830231F82390907AA8
S21402BF90961CEFE74FF6FB7AD14515D9304603F0EB
S21402BFA0ADFF4FF6FF739842054615D00146304660
S21402BFB001F018FE554508D9E379DA060ED440F6A4
S21402BFC02243E3600020C1E74D46294608F10200FD
S21402BFD012F016FB0120B9E74D46EDE74FF6FC7866
S21402BFE0454512D103F00C030C2B1CD1DFB13046B1
S21402BFF04FF6FD7101F0F6FD40F61F412046E16066
S21402C000FFF738FEFFF71AFFDCE74FF6FD739D4297
S21402C01009D10023304619461A4602F02DFB414646
S21402C020304601F0DFFDE37943F00C03E37140F69E
S21402C0302343C6E714590020736200205458002098
S21402C04073B5044640880E460DF091FE023012F09B
S21402C050D5FA0CF048FC18B1A11C201D0CF048FCC7
S21402C060E6B1E5790135EDB2E57115F0400514D07B
S21402C070EBF708F90122054600212046FFF742FFAA
S21402C08018B1394B1B882B449DB2384B1B78042BB6
S21402C09001BF354B1B885B199DB2258000223146B5
S21402C0A02046FFF72FFF20B360880DF060FEE2798E
S21402C0B02F4922F00C03E3710B7805460133DBB2FD
S21402C0C00B70C3712B4BA61C1B780BB3E379980637
S21402C0D01ED52949097871B159060CD592070AD599
S21402C0E000220423114630460092FFF7B5F810B13D
S21402C0F0E06002B070BD0022012311463046009275
S21402C100FFF7AAF820B1E37943F00303E371EFE700
S21402C11030460CF0EBFB0028EAD16088FBF77EFD88
S21402C1200328E6D8DFE800F0020D1D19E37943F094
S21402C1300403E3711B06DCD5104B1A78104B1A70F9
S21402C140D7E740F62443E360E37943F00803E3715C
S21402C1502B7803F07F032B70CBE740F62543E36092
S21402C160C7E740F62643FAE7706C0020C862002054
S21402C170C5620020C3620020236D00206B6200208F
S21402C1808B6300202DE9F74F064612F04DF95F4B00
S21402C1900546B3F8009018805D4BA0EB09041B78A7
S21402C1A0A4B2A34298BF00234FF000084FF6FF77D1
S21402C1B088BF1B1B564A88BFDBB21370DFF864B118
S21402C1C0A9EB00030093534B5FFA88F21978914269
S21402C1D00ED80EB1FFF732FE4FF6FF739F4200F005
S21402C1E08E8039464C4803B0BDE8F04F11F030BEA1
S21402C1F0BBF80220002A3CD0484B9BF80720187850
S21402C200BBF800A0042818D00020BAF1000F08BF1F
S21402C210A2462044504523D2BBF80010009B194486
S21402C220ABF80010002E4ED002F04802482A4AD13F
S21402C23000215846FFF704FF45E00192F6F790FF0B
S21402C24030F01003019ADFD1FAF702FD344B019A5F
S21402C250B3F800C08445D7D9ACEB000080B2D4E76F
S21402C26002F00C00042807D10022ABF800200BF1E4
S21402C270100B08F10108A6E7510602F0030C02F0C3
S21402C28008000ED528B3BCF1030F25D1DEB1DBF8CA
S21402C2900C105846002908BF4FF44261FFF7EAFC2B
S21402C2A011E040B3BCF1010F25D11206EED44FF4D3
S21402C2B0C862ABF800209BF8072022F0030242F087
S21402C2C002028BF80720BBF80020974228BF1746C9
S21402C2D0CDE703208445D9D213060ED50C4B1A7827
S21402C2E00AEB0200844208DA4A44521B0AEB0201B5
S21402C2F0ABF80010E7E70120ECE7012199E70648D2
S21402C30003B0BDE8F04FF6F791BA00BF325C0020EA
S21402C3108B6300208C630020BC6B0020C862002068
S21402C320706C00202C420020F8B500250A4E0B4FF8
S21402C3303378ECB2A34204D8BDE8F8400848F5F7D3
S21402C34085BF07EB0414A01CF5F780FF201DF5F748
S21402C3507DFF0135ECE700BF8C6300202C420020F5
S21402C360285C002070B500240B4D0C4E2B78A3429F
S21402C37008D81B1BDBB22B706BB9BDE870400848AF
S21402C380F6F754BA06EB041040F621410134FFF7E3
S21402C39071FCE4B2EAE770BD8C6300202C420020F8
S21402C3A0BC6B00202DE9F041002506462F46114CB5
S21402C3B0DFF8448098F80020EBB29A4203D8BDE832
S21402C3C0F041FFF73BBD60880DF0D1FC023012F061
S21402C3D015F9B0420AD16088F8F74AFA00230E210E
S21402C3E01846628803F086F9278067801034013584
S21402C3F0E0E700BF2C4200208C630020F8B5154E03
S21402C400DFF858E035789EF800E0134FAE454FEA65
S21402C410051C07EB051419D0002503F4835343EAE1
S21402C4201323A1712272E371608027F80C50A58055
S21402C43006F078FB40F60243E3603378608101330E
S21402C44028463370FFF79EFE2846F8BD40F60340A6
S21402C450FBE700BF8C6300202C420020E46C002027
S21402C4602DE9F04F344B0D461C78174685B05CB963
S21402C470B1F90680DFF8C890DFF8C8A0DFF8C8B0C8
S21402C48099F80030A34202D805B0BDE8F08F0AEB57
S21402C4900416B08800B9708801A90FF0C6FEAA7A01
S21402C4A09DF80E309A4244D1B8F1000F0FDA297A7D
S21402C4B09DF80C202B89914209D820480078084420
S21402C4C0824236DA521A1B0A1341D90731D5384648
S21402C4D00FF09AFEBDF80A3004469A0602D5EB889B
S21402C4E09B06D1D5F37903F00C03042B08D1708890
S21402C4F0F8F7BEF9002372881946184603F0FAF8D0
S21402C50000213046FFF7B6FBFFF798FC384611F0DD
S21402C510CFFB844208D2337A01228BF800302946B8
S21402C5200023384603F044F8B8F1000FACDA0024D2
S21402C530A6E70134E4B2A3E78A630020E36C002096
S21402C5408C6300202C4200209563002008B511F071
S21402C5506BFF074B1B88C01A80B2B0F5807F05D9E7
S21402C560BDE808400021034811F072BC08BD00BFB8
S21402C570325C0020BC6B00202DE9F04788B00446F0
S21402C5800D460FF04CFD0146204606F04BF910F022
S21402C590030340F0848010F00C0F06D12946204693
S21402C5A008B0BDE8F047FFF771BC20460DF0D2FA9E
S21402C5B0C10659D420460FF032FD0146204606F049
S21402C5C031F9074620460DF0D2FB0646023012F03D
S21402C5D015F805A98046204607F00C0796F806A02F
S21402C5E00FF023FE73780C2F0CBF032706270121BA
S21402C5F013F0010F204618BF032711F075FB2B4BD3
S21402C60081461B78033B012B1DD9BAF1010F1AD9BB
S21402C6104FF6F773984502D8337A1F2B13D9301D7D
S21402C62011F0ECFFF17982460DF0A7FF0646504660
S21402C630F7F726FDDEB173685A1C04D0834340F632
S21402C640284308BF1D461A4B1B88A34212D1B5FACF
S21402C65085F04009FAF7A6FD20460DF0A9FA002259
S21402C6600146072011F093FF08B0BDE8F08740F6B8
S21402C6702845E8E706F056FA8246484611F018FBC7
S21402C6800646484611F0F8FAF6B202904246394695
S21402C6902846CDE900A605AB0BF09DFCDCE7012B96
S21402C6A0E2D110F00C0FDFD178E700BFC86200209D
S21402C6B0285C0020002210B5094B1C78094BD1B229
S21402C6C08C4201D8002010BD197A814202D1997994
S21402C6D0022902D010330132F1E70120F3E700BF4E
S21402C6E08C6300202C4200200146002210B5084B25
S21402C6F01C78084BD0B2844201D8002010BD187AAC
S21402C700884202D198790128F8D010330132F1E735
S21402C7108C6300202C420020002210B40A4B1C78A6
S21402C7200A4BD1B28C4203D85DF8044BFFF786BBA6
S21402C730197A814205D19979012902BF002119800F
S21402C740598010330132ECE78C6300202C42002023
S21402C750044B1B6813F0300F03D0202130200EF05C
S21402C76006BE7047A4460020002310B504460849BA
S21402C7701A4601EA00414FF07F60FEF751FFE307D9
S21402C78003D5002130200EF0F2FD002010BD00BFC0
S21402C79000007207044B5B8823F4784323F08D0372
S21402C7A003800020704700BFA446002008B5002280
S21402C7B00346C3F80220C3F806200B4A023012686A
S21402C7C0D1B212F0200F18BF41F010011980930762
S21402C7D001D4FEF79DFF054B1B78023B032B8CBF53
S21402C7E01720002008BD00BFA4460020C762002014
S21402C7F038B505460C46FDF72FFB98B10E4B187858
S21402C80078B10E4B1B681A040FD58CB113F0420F89
S21402C81000D17DB103F44073B3F5407F0CBF002016
S21402C820232038BD40F60840FBE740F60B40F8E709
S21402C8302046F6E72320F4E7C3620020A446002041
S21402C840F0B504468DB007A80D4616460BF0CFFC91
S21402C8501022002103A8EDF7A9FD5CB1234603AC24
S21402C86003F11007224618685968083303C2BB4210
S21402C8701446F7D1012703A986EA070307A88DF80D
S21402C8801C708DF81D300BF01DFE80EA070401A80F
S21402C890E4B2EBF739FAB6B101A88DF80650EBF719
S21402C8A05FFA64B1002303A907A88DF81D300BF0C8
S21402C8B018FE0C4B1B78432B01D1F7F7CFFC0A4B23
S21402C8C01D700DB0F0BD01A88DF80750EBF748FAC1
S21402C8D0002CF6D003A907A88DF81D700BF001FEF8
S21402C8E0EFE700BFC7620020C2620020F0B5012554
S21402C8F093B007460DA80C460BF079FC05A90DA8C7
S21402C900ADF834500BF008FE01A8EBF7FDF909A9C3
S21402C9100DA88DF835509DF806600BF0FDFD0DA8AC
S21402C9209DF807500BF08EFD70BB731BDBB2802B9D
S21402C93028D91FB1A64225D0A54223D105A90DA804
S21402C9400BF0CFFD03A8EBF7DFF903A88DF80F6015
S21402C950EBF706FA0122294609A8FFF771FFF7F757
S21402C96033FD01214FF4007003F0E6FDFDF75CFA9B
S21402C970B0F1004F01D9FDF75DFA044B18780BF0C1
S21402C98090FB012013B0F0BD0020FBE7C26200203E
S21402C99070B50E46144605460320FFF765F946F0C5
S21402C9A00402294620460BF0F6FD0022014B1A60CF
S21402C9B070BD00BFA0460020F0B587B007880546C8
S21402C9C01022002102A8EDF7F1FC3E4B1B78002B4B
S21402C9D076D1BC055ED407F08403842B63D0002294
S21402C9E0394C11461046FFF72BFF17F4045F2760F9
S21402C9F005F102061CD0B9040AD5304605F0A4F9A2
S21402CA0000284ED1236823F4005343F48073236036
S21402CA1030460EF03AFD002842D10BF0E4FB18B97E
S21402CA20236843F480332360236843F020032360A3
S21402CA3022680DF1060042F400432360FFF7AAFEC7
S21402CA4012F4805FBDF8063031D043F02003ADF813
S21402CA5006302168334611F0400218BF05F1230262
S21402CA604FF07F60FEF7DCFDBDF80630DA0703D52F
S21402CA70002130200EF07BFC23689B0506D50122A0
S21402CA8095F8221005F11200FFF7DAFE00200F4B90
S21402CA90186006E005F112000EF0F7FC00289AD0A6
S21402CAA0292007B0F0BDB80799D52320F9E723F06F
S21402CAB02003ADF80630FDF7BDF9FEF7BBFBC8E76D
S21402CAC00220EEE7C7620020A4460020A04600200F
S21402CAD008B5054B1B7833B1FFF73AFEBDE80840B0
S21402CAE00248FEF731BE08BDC36200204A6300203A
S21402CAF010B5154B1B78D3B1144B1B78033B012B97
S21402CB0015D900200EF084FF044698B1EAF7EAFB36
S21402CB10237913F0300F0AD148B1012803F0CF026F
S21402CB2006D0811E4B424B415B011343237110BD5D
S21402CB301023FAE7F7F7DAF80028F8D0214620465D
S21402CB40BDE8104004F096B8C3620020C862002018
S21402CB5008B50DF0ACFA054B18B91868C0F380009A
S21402CB6008BD1868C0F30050FAE700BFA4460020CC
S21402CB702DE9F04F064689461046002189B0154633
S21402CB80984605F04FFE102807460AD86A4B03411E
S21402CB90DB0706D4C8F340049DB9002009B0BDE8FF
S21402CBA0F08F664B1C78002CF6D0FFF7D1FF0028DA
S21402CBB00CBF4FF4F0744FF4D074FC4004F0010440
S21402CBC0EAE74FF0000A18F0010F5346524629468C
S21402CBD04FF00500CDF800A00CBF4FF0080B4FF445
S21402CBE0027B09F04FF90028D7D0C82332460093BB
S21402CBF059465346284605F03DFEADF80E0000287D
S21402CC00CBD018F0080A4AD14FF6F773A7F10F02F5
S21402CC10D2B29E428CBF09230123012A01D843F0D7
S21402CC204003474A8DF810301378591C11708DF85E
S21402CC301130002C4FD09DF81030052F43F0200302
S21402CC408DF8103033D03F4B1D78002D5AD04FF65A
S21402CC50F77300259E424FF00F0248D9012304A91C
S21402CC600DF10E00F5F736FD002896D1002C4DD1B9
S21402CC70BAF1000133463A4618BF0121BDF80E004C
S21402CC80CDF800900BF039FEADF80E00002884D0E7
S21402CC9018F0040F4DD031460DF03EFE7EE74946B1
S21402CCA00DF10E0005F02AF80028ADD175E7012136
S21402CCB0BDF80E0011F018F8012105F0B3FD0123AE
S21402CCC0834013F0620F1CD11E4B1B78E3B14FF664
S21402CCD0F7731825BEE71B4B25461B780222002B4E
S21402CCE0BCD04FF6F7739E42B8D8052FB6D0BAF12D
S21402CCF0000FB3D19DF8103043F040038DF810308A
S21402CD00ACE710250F22A9E71825FBE7BAF1000FBA
S21402CD100AD002234A46009029460DF10E00FEF77D
S21402CD209BFA0028A4D038E741235246CDF800A04B
S21402CD30F2E70DF0DBFD31E79FFEFEFFC362002047
S21402CD40C4620020B56200202DE9DF431E46144B64
S21402CD5080461B680F469B0791460A9C1BD42046BA
S21402CD6014B10BF0B2FDC0B20622CDE902403B463A
S21402CD700020CDE900890B490FF0D1F8024650B1E8
S21402CD800021002E0CBF01230323084604B0BDE891
S21402CD90D043FFF7EDBE002004B0BDE8D08300BF4D
S21402CDA0A44600203E8204002DE9F04F8DB0814655
S21402CDB08A461F4693469DF85C803AB903A8FEF75A
S21402CDC0A7FCB0BB00200DB0BDE8F08F15460022D0
S21402CDD0232110460CF0E6FFADF80A000028F1D039
S21402CDE010F04AFF0523044618F0100F00F8023B25
S21402CDF0677020D011220021EDF7D8FA04F113064D
S21402CE00032F4FF0080237D159463046EDF720FB84
S21402CE10C8F3801306F1090533720BF052FD0028A1
S21402CE203ED000232B706B700123033505F8013CBE
S21402CE3036E003ADCBE7012610221699EDF708FB84
S21402CE4006FA07F313F0620F02D104F11206D7E7CF
S21402CE5007A80BF0CCF905A88DF81C60EAF754FF7A
S21402CE609DF8162018F0200F9DF8173008BF1346BD
S21402CE7004F11306A374C3E751463046EDF7E8FA09
S21402CE80012306F10802121B28460093BDF80A1079
S21402CE90082392B211F0B3FC042F06F11005BCD0A1
S21402CEA02D1BA9B20DF10A000EF0A1FF002889D1B0
S21402CEB018F0040F0BD0484611F0FEF8FF281FBFEB
S21402CEC0074A32F8103023F4804322F810304346E3
S21402CED051464846BDF80A20FFF74AFE73E700BFF0
S21402CEE0BC5B002070B5032690B08DF807600DF08D
S21402CEF0DEF818B90224204610B070BDF5F78AFD98
S21402CF000028F7D002AD2846FEF702FC0028F1D032
S21402CF101B4B1C6814F00204ECD140F20F43194A72
S21402CF20ADF82430136804A8CDF826305368CDF83F
S21402CF302A300BF05CF995E8030005AB83E80300A2
S21402CF40062304A88DF81D308DF81060EAF77EFEE1
S21402CF5001210DF12E020DF10700EAF7CFFD224660
S21402CF601A2109A80CF01EFF024608B91924C2E7C6
S21402CF70012329462046FFF7FBFD0028BBD1F5E733
S21402CF80A44600204A6300202DE9F04F06460F46CD
S21402CF90002199B01F2210A803930F91EDF706FA0D
S21402CFA030460FF03CF80146304605F03BFC8DF863
S21402CFB01B0030460CF0DBFE9DF81B3045788146A0
S21402CFC0C5F340059806304648BF45F002050FF007
S21402CFD01BF90446304610F06BFE0023001B5FFA76
S21402CFE080FA00935346232B28BF2323224631463A
S21402CFF00FA811F004FC002840D19E4B9DF83C80FF
S21402D0001B789DF83DB0002B3BD0FFF7A1FD002812
S21402D0100CBF4FF4F0734FF4D07323FA08F3D9071A
S21402D0202FD5AA072DD4B8F1080F24D1BBF1040FCF
S21402D03024D1FAF797FD08BB012322460093314616
S21402D04005200DF11B0308F0FAFEB8B1A8F1050899
S21402D050B8F10D0F12D8DFE818F02800A001C701BA
S21402D060EC01F5011100110011001100FB019D02F7
S21402D070A902D702D702B8F1050F08D019B0BDE849
S21402D080F08FB8F1100F05D1039B002BF6D0FAF7FC
S21402D09069FDD1E7FAF766FD0028CDD0B8F1050F95
S21402D0A0CAD0B8F1110FC7D0E8E7BBF1050FE5D833
S21402D0B030460CF0BFFD059009F1020011F09EFA11
S21402D0C081460DF11E00FFF765FB01239DF83D70BA
S21402D0D0BB4013F06203039305D0BDF81E309B07D6
S21402D0E001D5AE07CAD50CF0E2FF0028C6D0FAF783
S21402D0F039FD08B9002DC1D00DF13E0A50460EF09A
S21402D100C4F9039B0490BBB1032F9DF84EB01AD10D
S21402D1100DF14F040CF0CBFF814540F01781032D33
S21402D120ACD19DF856105246003918BF01210DF1B8
S21402D1304E000BF0EFFBA1E7032FDDF80CB07BD11E
S21402D1400DF14E04E6E74C4B1B689C0729D5FF22DF
S21402D15008210DF157000CF03CFF804608BB034641
S21402D16001460DF157020220FEF75AFA0CF09FFF15
S21402D17081450DF157060DF14F0422D04FF6F77395
S21402D180994540F2E8800022082120460CF021FF53
S21402D190002800F0E080002259465046FFF750FB78
S21402D1A06CE70DF157060DF14F0430460EF007F905
S21402D1B0002846D00CF07BFF814540F0C8804FF037
S21402D1C000082046F6F70EF9002800F0C080012F6E
S21402D1D058D0042F7FF452AF0EF014F910B1032D7D
S21402D1E07FF44CAF049B002B7FF448AF32460221FB
S21402D1F05046FFF7CDFB214B1B7863B1FFF772FE5B
S21402D200FEF72CFD022806D10120FEF721FD0121A2
S21402D2100846FEF799FB1A4B1B78022B1FD10321F7
S21402D22030460AF040FFFEF719FD014600287FF45B
S21402D23025AFFEF789FB21E70DF156060DF14E04E8
S21402D240B3E70F4B1B78432B7FF418AF012F7FF405
S21402D25015AF0CF02CFF814579D1B846B1E7412BCA
S21402D2607FF40CAF044B1B6858057FF507AFF8F741
S21402D27061FC03E7C3620020A44600207C63002012
S21402D280C7620020B64C2378022B22D02378412B8B
S21402D2903FF4F4AE049B33B9FAF764FC59460246EF
S21402D2A05046FFF7CDFAFAF75DFC00283FF4E6AEEB
S21402D2B00EF0A8F8AB4F98B13B681A0502D4237853
S21402D2C0432B0DD1AB070BD440F61A40F7F7E0FB21
S21402D2D0D4E60EF097F80028D8D0A907D6D4CDE623
S21402D2E0386810F0020002D1059903F0C3FC2378D7
S21402D2F0112B16D13B685F0513D50020FEF73AFBCB
S21402D300044600287FF4BAAE0DF0A9F940F61C4098
S21402D310F7F7BEFB21462046FEF716FBF7F7C4FBDF
S21402D320ACE6AC0701D5FFF713FAB8F1000F9ED0B2
S21402D3300AF059FF18B94FF480310EF018F800229F
S21402D340894B30461A600EF031F890E70026039BB0
S21402D350002B7FF413AF4FF6FF73204608A9ADF8F3
S21402D3602030F5F791FF20B120460CF07BFEADF899
S21402D37020004FF6FF73BDF8200098423FF47EAEC1
S21402D380049B3246002B0CBF042315232146CDE90D
S21402D39000A33B46FFF708FD70E60CF088FE002867
S21402D3A07FF46CAE714B1B78002B3FF467AEA80778
S21402D3B004D46C4B1B6899013FF560AEBAF10C0FB2
S21402D3C00DF1450094BF002412AC11F017F9024685
S21402D3D09DF8470003283FF651AE394600940DF1FA
S21402D3E03D0304F00BFA49E60DF13D00F5F7FAFFAE
S21402D3F028B1022239460020FAF740F83EE65C4B96
S21402D4001B78013B012B3FF639AE0DF13D0002F0D1
S21402D41075FD4FF6FF739842044606D10DF13D00A6
S21402D4200CF020FEA0423FF429AE0021FAF736F9AE
S21402D43024E6EA077FF522AE2A4638460FA904F00C
S21402D440DBFA1BE69DF83D100120FFF74FFA15E6C2
S21402D450474B1B78013B012B3FF610AEEB077FF5DF
S21402D4600DAE0DF13D0002F049FD4FF6FF739842F6
S21402D4700546804640F080800DF13D000CF0F2FD3E
S21402D48040450546074677D10DF13D00F6F71CFCF0
S21402D490B84205463FF4F2AD304610F009FC0022D1
S21402D4A00934E4B2071BFFB2394610460CF07AFC88
S21402D4B0ADF81C0000283FF4E1AD4FF0010900234F
S21402D4C02A460821CDF8009005F0D4F9ADF81E00E2
S21402D4D000283FF4D3AD214630460EF06CFE4FF0E6
S21402D4E0000A80461622514609A8CDF820A0ECF77D
S21402D4F05DFF434622463146CDF800A008A811F04B
S21402D5007EF94B46424608A90DF11E00F5F7E2F8F1
S21402D51000287FF4B3ADA7EB0807FFB2394607A889
S21402D5200EF065FC284610F0C7FDFF2818BF114A0A
S21402D530444418BF32F81030E4B21CBF23F48043D0
S21402D54022F81030BDF81C00234632460021009710
S21402D5500EF075FC2946BDF81E000DF0DDF98DE5CE
S21402D560C7620020A4460020A0460020C362002016
S21402D570C8620020BC5B0020284610F09DFDFF28F4
S21402D580074689D0F6F7C6FD002885D0384603F050
S21402D59099F881E71E4B1B78013B012B3FF66EADD7
S21402D5A02A4638460FA9FCF7C9F967E5194B1B78D6
S21402D5B0022B20D1002F7FF461AD08A8FEF7A8F851
S21402D5C000283FF45BAD144B1F709DF83D30002BD6
S21402D5D014BF64246524FEF741FB032806D13846AF
S21402D5E03946FEF7B1F93846FEF73EFB214608A853
S21402D5F00AF059FD42E5043B012BDBD938460BF015
S21402D60072F90028D6D139E530460BF06EF935E5C9
S21402D610C8620020C76200207C6300202DE9F34127
S21402D62005460E46174698460DF0ECFE044640B1F7
S21402D63001233A4631462846CDF80080FFF784FBA0
S21402D64004460DF0DFFE30B1FFF782FA78B10A4BDE
S21402D6501B689B010BD400233A4631462846CDF878
S21402D6600080FFF771FB002C0CBF0446012404F077
S21402D670010002B0BDE8F081A446002070B58AB071
S21402D68005A80AF0B4FD022301AA15468DF8143047
S21402D690084B03F11006144618685968083303C489
S21402D6A0B3422246F7D1294605A80AF00BFF0AB074
S21402D6B070BD00BFBFCE0400014B1878704700BF94
S21402D6C0246D0020014B1888704700BF9A6C00201A
S21402D6D04FF6FF732DE9F043994280460D4685B01A
S21402D6E00BD000274FF6FD791C4EE9F7D1FDFCB2B0
S21402D6F0A0420BD84FF6FF701DE0F5F773FE002828
S21402D700EFD005B0BDE8F0430CF0D1BC36F81430CB
S21402D7104B4517D8694620460DF0BBFE0822414607
S21402D7200DF10500EDF78EF94FF6FF7360B99D42D5
S21402D73004D136F8140005B0BDE8F08326F814507C
S21402D7400DF070FE0137D0E79D42FBD036F814305C
S21402D750AB4208BF26F81490F4E700BF1459002025
S21402D7602DE9FF4706460F4600254FF6FD79DFF8FE
S21402D7703C80DFF83CA0E9F78BFDECB2A04202D871
S21402D78004B0BDE8F08738F814304B450CD869462B
S21402D79020460DF07EFE082231460DF10500EDF71B
S21402D7A051F908B90AF804700135E4E71459002063
S21402D7B073620020014B33F81000704714590020A2
S21402D7C0F0B5064600250D4F85B0E9F761FDECB2CF
S21402D7D0A04201D805B0F0BD37F81430B3420BD1E1
S21402D7E0694620460DF091FE9DF80030022B1CBFC4
S21402D7F04FF6FD7327F814300135E6E7145900207A
S21402D80030B585B004460D46E9F742FDA0420FD971
S21402D810084B33F814204FF6FD739A4208D869462F
S21402D82020460DF072FE29460DF10500FFF750FF67
S21402D83005B030BD1459002030B585B00446E9F76E
S21402D84027FDA04219D92046FEF734FF0546B0B997
S21402D850694620460DF01DFE9DF800302BB1694644
S21402D86020468DF800500DF032FE4FF6FF72002073
S21402D870044B23F8142005B030BD2820FBE740F601
S21402D8800440F8E7145900202DE9F0410B780546CC
S21402D8900E461BB9BDE8F041FFF7CEBFE9F7F8FC2C
S21402D8A0A84231D92846FEF705FF78BB374617F857
S21402D8B0058B4FF6FF713846FFF70AFF04463846D7
S21402D8C000F01EFAB0FA80F04009B8F1000F15D049
S21402D8D0B8F1030F15D04FF6FF724FF6FD73944260
S21402D8E008BF1C460B4B314623F815400A4B5855C9
S21402D8F028460DF0ECFD0020BDE8F0814FF6FF74DF
S21402D900F0E74FF6FE74EDE72820F5E740F6044010
S21402D910F2E700BF14590020736200202DE9FF4190
S21402D9200D4604464FF6FE780F4F0E0AE9F7B0FC96
S21402D930A04204D8FF24204604B0BDE8F08137F8A0
S21402D940143043450CD1694620460DF0A2FD9DF8E1
S21402D9500520EBB29A4203D19DF80630B342EAD0D4
S21402D9600134E4B2E2E700BF145900202DE9F04F7B
S21402D9700C461746984600254FF6FD7B87B09DF865
S21402D98040A0DFF85C900190E9F782FCEEB2B0426C
S21402D99001D8FF2616E039F816205A451ED830461A
S21402D9A002A90DF076FD3FB99DF80920424515D132
S21402D9B09DF80C20524511D144B939F81620019B26
S21402D9C09A420BD1304607B0BDE8F08F08222046B7
S21402D9D00DF10D01EDF736F80028F3D00135D3E747
S21402D9E01459002010B514460DF053FD2046BDE82C
S21402D9F0104008220149ECF72BBD00BF4A63002005
S21402DA002DE9FF47074615460846082224491E46C2
S21402DA10EDF718F8044600283FD14FF6FF7ADFF8F4
S21402DA208490E9F735FC5FFA84F880450BD385B31A
S21402DA30384608F0E6FA01250C9B1870012035706E
S21402DA4004B0BDE8F08739F8183053451FD0694650
S21402DA5040460DF01EFD7A789DF801309A4216D1A6
S21402DA607A88BDF802309A4211D13A799DF804308C
S21402DA709A420CD108220DF10501781DECF7E2FF5F
S21402DA8028B9002DD7D1404608F0D6FAD3E701349C
S21402DA90C7E7FF2008F0D0FACEE70020D0E700BFA5
S21402DAA04A63002014590020F0B50025154E164F83
S21402DAB085B0E9F7EDFBECB2A04201D805B0F0BDA7
S21402DAC0694620460DF0E5FC9DF80030032B06D98A
S21402DAD00023694620468DF800300DF0F8FC9DF8CC
S21402DAE0002062B14FF6FD734FF6FE71032A08BF9F
S21402DAF00B4626F81430002301353B55D9E74FF67E
S21402DB00FF73F6E71459002073620020F8B50E463C
S21402DB1004464FF6FF770C4B0C4D1B7803EB430382
S21402DB2005EB8305A54202D800242046F8BD2388CB
S21402DB30BB4206D008223146A01CECF783FF002821
S21402DB40F3D00C34EEE700BFE56C002054580020FA
S21402DB50044BFF211A78044802EB42029200ECF7CB
S21402DB6025BC00BFE56C002054580020F8B50446DA
S21402DB700C4B0D461B781046A3420DD90C270221EA
S21402DB8017FB04117C43084E08223144ECF760FC74
S21402DB90335B00202B80F8BD0023136053604FF6E2
S21402DBA0FF73F6E7E56C00205458002038B50446AB
S21402DBB04FF6FD75FFF704FE0022084B1878084B57
S21402DBC0D1B2884200D838BD33F80C1C0132A142CB
S21402DBD008BF23F80C5C0C33F2E700BFE56C0020AC
S21402DBE06058002070B505460E460846FFF7DEFF71
S21402DBF031462846FFF76CFD29460648FFF786FFA2
S21402DC0000B970BD044624F80C6B0DF00BFC2946D7
S21402DC102046F3E75458002010B5082286B0234960
S21402DC200446ECF70FFF20B906B0BDE810400CF032
S21402DC303EBA082220461E49ECF704FF20B91D4BC7
S21402DC40B3F8680006B010BD0023012221464FF645
S21402DC50FF700093FFF78AFEFF2806D0164B33F8B4
S21402DC6010004FF6FB739842ECD903A8FEF79EFD10
S21402DC7058B9BDF80C305B0607D5082221460DF1CF
S21402DC800E00ECF7DFFE0028DCD021460B48FFF73B
S21402DC903DFF40B14FF6FB724FF6FF73008890428D
S21402DCA088BF1846CEE74FF6FF70CBE74A630020E0
S21402DCB08E5400202454002014590020545800206A
S21402DCC070B5002204464FF6FB7608460A4B1D78CE
S21402DCD00A4BD1B28D4201D8002009E01988B14220
S21402DCE007D8A14205D10822991CECF7B1FB012006
S21402DCF070BD0C330132ECE7E56C0020545800206E
S21402DD0037B5014605460E48FFF700FF044640B108
S21402DD10807A29460DF01DFC80F00100C0B203B0E7
S21402DD2030BD03460090012229464FF6FF70FFF7EA
S21402DD301DFEFF2816BF034B2046185CE9E700BF0E
S21402DD4054580020736200202DE9F341224B04460A
S21402DD501B780F468342154638D9FEF7C5FCB8BB7A
S21402DD604FF6FD739D421D4E0ED004EB440326F87B
S21402DD7023504FF6FF739D421FD12046FEF7CCFC80
S21402DD80002002B0BDE8F0810DF106013846F5F735
S21402DD907BFA4FF6FF72BDF806303846934218BF3C
S21402DDA01D460C236343F55206EB0308FFF7A8FF54
S21402DDB0B0FA80F0400988F80A000C2303FB0460DE
S21402DDC0082239460230ECF743FBD9E72820D8E789
S21402DDD040F60540D5E700BFE56C00205458002009
S21402DDE038B504460D46FFF7BBFC21460448FFF74C
S21402DDF08DFE00B938BD857221460C30F7E700BFAC
S21402DE00545800200023074A1370074A1370074A23
S21402DE10118801B11380064B1A880AB100221A80B3
S21402DE20704700BF8E6300208D630020385C0020A0
S21402DE30365C00202DE9F04F4C4C9846238889B07A
S21402DE4005900F4610469DF848A05BB952B10DF0FA
S21402DE50E7FF20804FF4FA61454809B0BDE8F04F6D
S21402DE600FF0F6BFDFF81C91B9F80050002D69D00C
S21402DE7028460FF01DFFC0F3470428460FF0FCFEAD
S21402DE80DFF804A10294BAF80030DFF800B101937B
S21402DE90BBF8003005460093002243460120354970
S21402DEA00EF03DF8ADF81E0010B305EB4408012451
S21402DEB0454512D1E4B9BDF81E50CDB12E4B1B78A4
S21402DEC02BBB2B4600223946059800F043FA002366
S21402DED0ABF80030AAF800300AE0012329461A46B9
S21402DEE00DF11E00F4F7F6FB023504460028DFD0DB
S21402DEF00023224AA9F800301378013BDBB21370E4
S21402DF00002BA7D109B0BDE8F04FFFF77BBF0CF09E
S21402DF1097F80146284604F085FC0A2180462846E2
S21402DF2004F080FC0646A64202D8FF2CCFD1C8E7F2
S21402DF30284604F10B0104F075FC8045C1D8013473
S21402DF40E4B2F0E70E4C237823B910F065F908B96D
S21402DF5001232370524641460520F5F757FC002858
S21402DF60D0D1207009B0BDE8F08F00BF385C002029
S21402DF70DC6B0020448204008F6300208E63002046
S21402DF808D630020365C0020D05B0020D25B002030
S21402DF9030B5154D87B02C889CB923464FF4A07235
S21402DFA048F2380103A80DF0B7FB21462046F9F7E0
S21402DFB0F3FB22460D4B009403A9FFF73BFF07B085
S21402DFC030BD20460BF0D3FE043010F017FB03A939
S21402DFD0044628880EF029F90023009320462A8852
S21402DFE003A900F065FBEAE7385C002000F8FF07AB
S21402DFF037B5002001A9F9F7CFFB0D4C014623786F
S21402E0000C4D7BB10C4B019A1878F9F7DBFB2078A4
S21402E010F7F716F9002323702B700848F4F706FC6E
S21402E02003B030BD2B78002BF7D0FFF7B1FFF4E733
S21402E030916300208E63002090630020DC6B00203A
S21402E04008B50548F4F702F90448F4F7FFF8BDE806
S21402E05008400348F4F7FAB8385C0020365C002023
S21402E060345C00202DE9F04F89B089460446CDE99C
S21402E07005239DF84870139E30B316F801ABBAF12B
S21402E080000F23D00AF1FF34A400E4B23146012087
S21402E0900AF071FCC00E1BD1DFF838B13146012000
S21402E0A00AF069FC9BF8005034442279BDB1002F77
S21402E0B047D180234846CDE90277CDE900773E4A2C
S21402E0C0059900F047F93CE08246DFE75446DDE773
S21402E0D01B28ECD9314601200AF04DFCE7E7DFF8B1
S21402E0E0F880FF2A00EA08080BD14246E379A179B4
S21402E0F0607901EB032189B209B0BDE8F04FF9F768
S21402E10061BB2E4909688B070AD5FE2A35D1012341
S21402E1100135EDB2202D4FEA43030AD1FF250AE06E
S21402E120294628460792F9F737FB4845BFD1079A92
S21402E130EBE79845ECD1224B1B78FF2B04D0AB4281
S21402E14004D009B0BDE8F08FFF2DFAD02946002092
S21402E150F3F774F80028F4D09BF800306479002BAB
S21402E160EFD1FFF74FFE17484FF410510FF070FE35
S21402E170154B8BF800501C70E3E7052A97D8BAF1C6
S21402E180010F94D8B8F1000F91D0002FD9D173792E
S21402E190002BD6D00D49098821B9082B28BF0823A1
S21402E1A00B490B70434648461292DDE9051209B048
S21402E1B0BDE8F04FFFF73EBE44820400A4460020AE
S21402E1C0256D0020DC6B002090630020385C002068
S21402E1D08E6300209163002000F8FF07014B188031
S21402E1E0FFF7D6BE365C002037B5184B1B78022BDD
S21402E1F003D01725284603B030BD00210DF10700D5
S21402E200F4F798FC05460028F3D1114B1B78013B26
S21402E210012B01D90225EDE7F4F7F6FB0028F9D029
S21402E22009F089FE0446F4F7EFFB0A4B4FF47A71C5
S21402E23018700B23B4FBF3F203FB12440A34A4B2A5
S21402E240614305480FF004FED4E700BFC762002012
S21402E250C8620020B8620020D04500202DE9F043B5
S21402E260384B00241E784FF4F813374FA5B00393AB
S21402E2703D78ADF81040F7F78FF8BDF90E30ADF8DF
S21402E2801200A342ADF8144006DB304B1C78013472
S21402E290E4B21C7044F080048DF82C40A946022497
S21402E2A04FF000088DF82D60B14529D30022214693
S21402E2B00BA83D708DF82D800BF074FDE8B1B8F117
S21402E2C0000F09D000234FF6FC71CDE9000303AA24
S21402E2D0FF230620FBF7EAFFB5422FD209F02BFEFA
S21402E2E00B23B0FBF3F24FF47A7102FB13000A30F1
S21402E2F080B2414316480FF0ABFD25B0BDE8F0836F
S21402E300484606A902F004FA98B9512C11D804F12D
S21402E31090030DEB0302083406AB013508F1010841
S21402E32003CBE4B242F8640C42F8601CEDB25FFA2A
S21402E33088F809F101095FFA89F9B5E70448F4F7A4
S21402E34075FADAE7B8620020B9620020936300200B
S21402E350D04500200CB42DE9F04F8BB014AA0E461F
S21402E36052F8041B07460992002940F08F80BDF838
S21402E3705400ADF82200002800F0A18033794FF651
S21402E380F778002B40F0868047458CBF4FF009088F
S21402E3904FF008084C4B1C78FF2C40F08380B6F9EF
S21402E3A00230002BA9BF494B347A1C780134A2BF35
S21402E3B0E4B21C7044F08004DFF81CB1224600214F
S21402E3C004F044FA9BF80030BDF82200002B6CD013
S21402E3D0DFF808A14FF00009BAF8003007930FF0F3
S21402E3E067FC0546BDF822000FF046FCEBB2CDE90D
S21402E3F00193FF23CDE903090093224633463946AB
S21402E4000798FCF7F1F84FF6FF7305468BF8009075
S21402E410AAF80030382D33D13246394640460DF13F
S21402E42022030AF068FA00284BD04FF6F7739F4291
S21402E43026D8B6F902307088002B21DA48F2040298
S21402E4402349244B4FF00008904214BF8946994650
S21402E4500BF02DFE494603468A220120CDF80080A5
S21402E4600DF05DFD814658B12246414604F0EEF9B4
S21402E470FF23324639464046CDE90098FBF716FFA1
S21402E48028460BB0BDE8F04F02B0704701200DF0F1
S21402E49023FD6EE7002347458CBF4FF006089846DB
S21402E4A0337177E7FF221A7086E7CDE9000332461A
S21402E4B0FF2339464046FBF7F9FE0546AAE719252B
S21402E4C0DEE70546DCE700BF276D002093630020E9
S21402E4D0558204004A820400926300203A5C0020BF
S21402E4E070B54FF4003300240546164688B0ADF8E2
S21402E4F01A100DF10F0204A90593ADF81840ADF8F5
S21402E5001C4004948DF80F400AF0CCF99DF80F30A9
S21402E51028460193049B044A009305A93346FFF755
S21402E52019FF08B070BD00BF4E82040030B54FF42C
S21402E5308035002487B00395BDF82850CDE9001237
S21402E5408DF81030074A034603A9BDF82C008DF853
S21402E5501140ADF81250ADF81440FFF7FBFE07B0BD
S21402E56030BD00BF5A820400B1F1006F2DE9F043BE
S21402E57014462CBF392238228BB01D464FF00003BA
S21402E580ADF81E204FF480022CBF4FF001099946C9
S21402E590FF2C0646ADF81C300892ADF824304FEA40
S21402E5A011471FFA81F80FD10CF017F9B9F1000FD5
S21402E5B019D1154ACDE9020543463046CDE9007425
S21402E5C007A9FFF7C7FE1AE0FE2C0AD10CF005F9E0
S21402E5D00130C0B20CF00CF9B9F1000F12D00B4AA0
S21402E5E002E0E8B2F8E70A4ACDE90305012330461D
S21402E5F0CDE90174CDF8008007A9FFF7ABFE0BB09A
S21402E600BDE8F083034AD5E752820400588204002C
S21402E61051820400598204004FF498124FF080632E
S21402E62010B586B0CDE903230023ADF814300BF005
S21402E6303EFD0446F6F7B0FE054B01900093054AF0
S21402E640234603A94FF6FD70FFF784FE06B010BD01
S21402E6504A6300205E82040008B5064B1B78022B34
S21402E66002D0043B012B03D8FFF7D6FF002008BDDB
S21402E6700220FCE7C762002030B500244FF4806514
S21402E68087B0CDE900128DF81030084A034603A978
S21402E6904FF6FD708DF811400394ADF81250ADF8A8
S21402E6A01440FFF757FE07B030BD00BF6282040079
S21402E6B02DE9F04F9BB00E4605460EA91046CDE951
S21402E6C00A329DF890700CF07FFFBDF838A08046A5
S21402E6D050460FF0EDFAB6F902300446002BB6F8B3
S21402E6E00690B6F802B004DA0022B24B1A70002086
S21402E6F049E050460FF0DCFA4045F5D3A4EB080497
S21402E700E3B2002F18BF4FF4A079152B099328BF48
S21402E71015230024013308F1FF325146DBB292B2D0
S21402E720009414A810F06BF86FEA4B436FEA534359
S21402E730A1499DF8502008684968ADF846300FABED
S21402E74003C3ADF84840ADF84440ADF84A90ADF882
S21402E7504C20BBF1000F24D10DF15100F4F742FE1C
S21402E760A0B10BF0A4FC5C4606460DF1590A0DF169
S21402E77051030A9A9AF80080012A2DD157B384F0E1
S21402E780010404F001001BB0BDE8F08F0DF151004A
S21402E79001F0B4FB4FF6FF74011B4C4206464C4197
S21402E7A0E3E7BBF1010F40F09480BDF851600BF037
S21402E7B07EFC86420AD030460FA90CF0DBFF80F0C2
S21402E7C00104E4B20DF1530A0FABD2E77B4B0DF115
S21402E7D0530ACEE70A9CD4E797B3002C75D1B8F15A
S21402E7E0010F72D837D10BF062FC0BF060FC2246A8
S21402E7F006469AF80170714B00210120CDE90061AE
S21402E80002976F490DF08BFBADF83A0000285CD0FA
S21402E810002C53D1B8F1010F50D12646DFF8B8A12B
S21402E8209AF800305FFA84F8434538D940460FF02C
S21402E8309BFCC20702D5BFB1013FFFB20134EFE72E
S21402E840B8F1010F05D1002CCDD081229AF80170C3
S21402E850D2E7002CF9D1B8F1010F94BF00220122B1
S21402E8609AF80170D201C7E7404601F017FB012370
S21402E870ADF8340002220DA90DF13A00F3F72AFF93
S21402E88018BBBDF83A000FF013FA804648460CF063
S21402E8900DFD08F1010801368045F6B2CEDBB6B1B1
S21402E8A032460C21BDF83A0003F0D0FF002228467B
S21402E8B0BDF83A3011A9FFF74DFD06E00C210DF127
S21402E8C03A000DF094FA0028F0D001205BE70D2103
S21402E8D0F5E70A9B002B7FF40AAF7388342B57D1D7
S21402E8E0099B092B7FF403AF002F7FF400AF9DF93D
S21402E8F059603A46B41008210DF1510004F0200484
S21402E9000BF067FBD0B12F4B1B78012B3FF4EFAE19
S21402E910022B27D12C4B1B6813F0807F25D12A4B64
S21402E9201B685B0201D5002E30DA00232846274AF0
S21402E93011A9FFF70FFD264B1C70D8E60DF151000A
S21402E940F4F750FD0028DED10DF1510001F0D6FAA1
S21402E9504FF6FF73984208D02146F8F79FFE03460B
S21402E96018B903E0033B012B06D9C8232846174AE9
S21402E97011A9FFF7EFFCBAE6164BB3F86830AB42C4
S21402E980CDD0114B1B6813F0805FC7E78D23EDE7F0
S21402E990099BCDE9059204930DF15103CDE902835B
S21402E9A031462846CDE9007A0B9B11AA00F058F8AA
S21402E9B09DE600BF86630020980B04004A63002091
S21402E9C066820400C8620020A4460020483904007B
S21402E9D0266D002024540020F26C0020024B18788A
S21402E9E040F08000704700BF9363002038B50A4BA2
S21402E9F005461C7824B10BF05AFBB0FA80F4640981
S21402EA00F8F72AFF08B144F04004E8F74DFC44EA60
S21402EA104020284038BD00BFC3620020014B18804A
S21402EA2000207047A26C00204FF6FF710346028852
S21402EA301B798A4217BF074901200A8041881EBFF8
S21402EA40054A00201180FF2B1EBF044A00201370C7
S21402EA50704700BF9E6C00209C6C002094630020D0
S21402EA602DE9F04FB7B09946BDF80431439C0D939B
S21402EA709DF8083183460E93BDF8143120460F9355
S21402EA809DF81831B1F802A00F4690469DF8005145
S21402EA9010930FF0B3FDBAF1110F064600F28A800A
S21402EAA00BF005FBB04200F08F80BAF1060F19D1C9
S21402EAB04FF6FD739E423ED0DDB9BC4B1B78033B3E
S21402EAC0012B36D930460FF0F7FAFF2814BF8923F8
S21402EAD0812300224146CDE900625846B44AFFF738
S21402EAE039FC06E02DB9BAF1030F08D8BAF1010FC6
S21402EAF00AD80022AF4B1A7037B0BDE8F08FAAF1E1
S21402EB000403022BF5D8D8E7A84B1B78033B012B4E
S21402EB100DD930460FF0D0FAFF2814BF892381237F
S21402EB2041465846A44A0096FFF714FCE1E78023C4
S21402EB30F6E78023CDE7A14B1B7859074CD40BF0A0
S21402EB40B6FA0026034632460120994900960DF091
S21402EB50E6F92379ADF86C000F930028CCD0DDE9F6
S21402EB600E320D9803EB42090FF0A2F85FFA89F90C
S21402EB7009F10507FFB28742BED239460D9803F067
S21402EB8051FE109007EB40070D980FF091F8874260
S21402EB90B2DADDE90F321343DBB2002B40F03282E9
S21402EBA0002DA9D12F463A460421BDF86C0003F089
S21402EBB04DFE76E1814BBAF13A0F1B7811D948F235
S21402EBC03B039A4508D014E07C4B1B785A070BD5BA
S21402EBD0AAF10403022B07D8FB8843F48043FB8088
S21402EBE08AE7BAF11B0F1ED8AAF102039AB2132AB9
S21402EBF05ED9109B494602930F9B5046CDE90053BF
S21402EC000E9A5B4609F05BFE0F287FF475AF012271
S21402EC10684B1A70694B1B789B0740F1D982002D0E
S21402EC207FF46AAFD8E7AAF11C021E2AE1D801A136
S21402EC3051F822F059F40200F3EB0200F3EB020063
S21402EC4079F00200F3EB020059F1020059F10200DA
S21402EC50F3EB0200F3EB0200F3EB0200F3EB02002D
S21402EC60F3EB0200F3EB0200F3EB0200F3EB02001D
S21402EC70F3EB0200F3EB0200F3EB0200F3EB02000D
S21402EC80F3EB0200F3EB020089F1020089F10200C5
S21402EC90F5F30200F3EB0200F3EB02000FF40200BE
S21402ECA0F3EB0200A9F40200BFF40200CDF4020066
S21402ECB0132B9ED801A252F823F000BF0DED0200DE
S21402ECC0D5ED0200F3ED0200D1EE02003FEB0200AA
S21402ECD0F3EB0200F3EB0200F3EB0200F3EB0200AD
S21402ECE0F3EB0200F3EB0200F3EB0200F3EB02009D
S21402ECF0F3EB0200F3EB0200F3EB0200F3EB02008D
S21402ED0013F00200F3EB020085F4020000241BABB2
S21402ED105A4648460E9900931DAB1D948DF86C40DA
S21402ED2009F0C1FD0BF0C3F9204B05461B78012BF9
S21402ED3003D0022B14BF02240124E8F7B5FA1628E2
S21402ED4094BF0020012044EA4014F6F725FB1C4B32
S21402ED500646B3F800A0FBF79FFA1A4B07464FF693
S21402ED60FF70B3F80090FFF741FE174B9DF86C203A
S21402ED701988124B1B7813F002031CBF134B1B7827
S21402ED800B921D9ACDE90701CDE90932402341468F
S21402ED90CDE9014358460023CDE90579CDE9036A5A
S21402EDA00B4A0095FFF7D6FAA6E600BFC862002017
S21402EDB04A820400866300205582040068620020AE
S21402EDC0A26C00209E6C00209C6C002094630020A5
S21402EDD06C8204000BF06BF9A34BA44A1B88CDE9A6
S21402EDE0400300234146584637B0BDE8F04FFFF7D0
S21402EDF0B1BAA4781DA9631EDBB2EF2B204610D948
S21402EE00F22C0ED008F049F882240BF050F90023B9
S21402EE104146CDE90003964A23465846FFF79AFA3A
S21402EE206AE608F03AF8002850D00BF040F99DF850
S21402EE3078209DF87A100492BDF876204900039255
S21402EE40BDF87420C9B2CDE901429DF87920034687
S21402EE505200D2B208320A440092012000228549AA
S21402EE600DF05DF89DF87930ADF86C008DF86730DE
S21402EE7000283FF441AE002601230DF167011A4631
S21402EE801BA8F3F727FC054600287FF435AE9DF84D
S21402EE906730EAB2934209D89DF87A308DF8673027
S21402EEA016B1BDF86C3033E00126E5E73146204660
S21402EEB007F0F5FF0123ADF8680002221AA91BA885
S21402EEC0F3F708FC01350028E1D015E683249CE719
S21402EED00BF0EDF8044608F001F8234600900022F5
S21402EEE0012063490DF01BF800283FF405AE00250B
S21402EEF02C46ADF8740007F0F1FFEEB2B0420DD822
S21402EF0022460421BDF8740003F0A0FCBDF874305C
S21402EF10002241465846FFF71DFAEDE5304607F057
S21402EF20BAFFFF288DF86C000AD0012301341A4676
S21402EF301BA91DA8E4B2F3F7CDFB00287FF4DCADD5
S21402EF400135D8E75046B4F8029007F0A4FFFF2830
S21402EF508DF8680000F0CF821DA907F09EFFBDF86D
S21402EF6074304B4507D04FF6FF72914540F0C3828E
S21402EF701B0400F1C0829DF8793012930E9B053374
S21402EF80DBB213930F9B1493002311934FF00009E7
S21402EF904B4613E017934900139BC9B219440D98C8
S21402EFA089B20CF05FFF4FF0000A179B159012997A
S21402EFB05FFA8AF28A4217D309F10109149A5FFAB4
S21402EFC089F19142E6D39DF87A201292169A13920C
S21402EFD0002B40F08582119B002B40F08C8201238F
S21402EFE01193109B1493D1E711999DF8680017931B
S21402EFF007F055FF159A179B0AF1010A824208BFCD
S21402F0000123D4E709F106095FFA89F33746169316
S21402F01072E2A71C39463046A57A08F0A4FF012200
S21402F02039463046FAF7D4FB30460CF0F9FC38463F
S21402F03000F064FF2288824207D04FF6FF729042A9
S21402F04003D00FF039F80CF02BFC85F00804C4F35B
S21402F050C00421463846FEF7C3FE2146384637B07E
S21402F060BDE8F04F09F058BCA06C0020798204007D
S21402F0704A8204007D820400AD4B1B78033B012BC1
S21402F0807FF63AAD0BF013F858453FF435AD08F06D
S21402F09052FF0B23B0FBF3F24FF47A7102FB13001C
S21402F0A00A3080B24143A3480EF0D2FEF3F7ACFC1E
S21402F0B000283FF421AD0123002218469E4994F809
S21402F0C000A00CF02CFFADF8680000283FF414AD49
S21402F0D00026354634460E9B1BAF01330E93F2B222
S21402F0E0524514D3002C3FF407AD01232A461DA92E
S21402F0F01AA8F3F7EFFA00287FF4FEAC22460221A4
S21402F100BDF8680003F0A2FBBDF8683000E74FF0D8
S21402F11000090E99D200D2B20A4408230D99384645
S21402F120CDF800900FF06BFB394648460EF094FF80
S21402F130FF280FD0814B1B5C0F2B0BD997E80300DF
S21402F14005F1D8036B44643B83E8030008350134B9
S21402F150EDB2E4B20136C2E7002D7FF4CDAC18075B
S21402F1603FF53AAD534622464146584603F066FE00
S21402F17000287FF4C1AC842341465846704A37B013
S21402F180BDE8F04FFFF7E6B823780F9810930CF01F
S21402F1908DF800210646584604F0BAF9644BBAF1D7
S21402F1A0310F1B780746A3F103030BD1012B13D9AA
S21402F1B0644B654A1B7812781344DBB20D93162310
S21402F1C00E930DE0012B03D9604B1B780D9353BBB6
S21402F1D0002D7FF491ACCEE701231621CDE90D3147
S21402F1E00024109B2246009301202346584901948E
S21402F1F00CF095FE00283FF47FACF61BF3B22646D1
S21402F200544FDFF85C911193ADF86C000F940D9B90
S21402F210E5B2AB4209D832460221BDF86C0003F0D3
S21402F22015FB0F9AC0E40523CAE7162200211DA883
S21402F230EBF7BCF8BAF1320F3DD13B7903F003028B
S21402F240032A21D18DF87620109B0136F6B2B342FE
S21402F25015D2BDF86C000EF02BFD0E9B1844119BC8
S21402F26098420CDC01230E9A1DA91BA8F3F732FA6A
S21402F27000287FF441AC0F9B0133DBB20F930134BD
S21402F280083709F11209C2E7B9790029DCD13249F7
S21402F290C3F3C203CB5C1DA8012A08BF43F00103D7
S21402F2A039888DF876300FF0ABF979880DF1770052
S21402F2B00FF0A6F9C8E71DA80BF011FA4FF0FF33BE
S21402F2C0CDE91F331F4B1B78AB4261D999F8043046
S21402F2D06F2BD4D828461FA9F4F7D0FF0028CED02B
S21402F2E01E4BB9F80020B3F8683092B9003B18BF3D
S21402F2F001235B0143F004038DF8863002238DF868
S21402F3008730B9F802301B0A11468DF8893021A8D9
S21402F310CEE79B1A18BF01235B0143F005038DF865
S21402F320863002238DF887300F238DF88830E8E781
S21402F330C8620020D0450020878204006C6200204C
S21402F34048390400C1620020C0620020F06C002030
S21402F35085820400265B0020D0CE040024540020C0
S21402F360AC5900200132D2B2551EEDB22846139394
S21402F37012920EF0F9FEDDE9122310F0010FF1D021
S21402F38063490978611A994205D00133DBB2E9E78D
S21402F39001220023E8E75F4B1FA918782844C0B271
S21402F3A0F4F76CFF00283FF46AAF284600F076FDBB
S21402F3B0129028460EF0D8FE10F0010F129A0FD1C6
S21402F3C016238DF88630544B1B780133DBB20F2B95
S21402F3D028BF0F238DF88830504B33F8153092E74C
S21402F3E0284612920EF0C0FE10F0020F129AE7D1D3
S21402F3F01223E6E71A073FF5EFAB23465A46414685
S21402F4000F9803F073FD00287FF476ABE0E695B123
S21402F410434B1B78033B012B7FF66EAB0AF047FE8D
S21402F42018B9BBF1000F7FF467AB207837B0BDE8A0
S21402F430F04FF5F721BE0AF03AFE20B1384B1B78A2
S21402F440033B012B01D8802396E62B4641465846BD
S21402F450344AFEF77FFFE8E70AF029FEB0427FF45F
S21402F4604BABA01CF3F7BEFF00283FF445AB0AF0F7
S21402F4701EFE04460AF01BFE2B4B2C4ACDE9400327
S21402F4802346AFE420460FF0B9F8FFF7AFFA00289C
S21402F4903FF432AB4090002341465846244A37B0E8
S21402F4A0BDE8F04FFEF756BF4B464246594600208F
S21402F4B0CDE9405437B0BDE8F04FFEF7D3BD4B461A
S21402F4C0424659460120CDE94054F3E72B464A46C8
S21402F4D041465846409437B0BDE8F04F09F021BA8D
S21402F4E001231AA91A461BA8F3F7F4F800287FF49A
S21402F4F003AB0137FFB2013607F0F0FC5FFA86FA7B
S21402F50050453FF61FAD002F3FF44AABFFF74BBB0B
S21402F510C1620020EB6C00207B630020AE5B002003
S21402F520C8620020483904004A6300208A82040028
S21402F53055820400F8B5164B04461D88154B20F874
S21402F540025B196879B10822EAF782FF124B0C2097
S21402F5501B78124EA372124B19780023DAB291422C
S21402F56005D8FF2209E0C4F802104160EEE7013335
S21402F57000FB03F7F75BAF42F0D10A4BE2721B784F
S21402F5802373094B1B786373084B1B682361F8BD12
S21402F590485C002040550020956300204858002013
S21402F5A0E56C002077630020766300202C5500204F
S21402F5B0F0B589B006460C4615460CF025FE0DF150
S21402F5C00A02014630460CF0B7FC144F0346F0B967
S21402F5D001223A702288BDF80A102AB1024600902B
S21402F5E0072006F02CFC90B103A8FFF7A3FFBDF896
S21402F5F00A000EF05DFB0646BDF80A000EF03CFB64
S21402F60021460090F3B2284603AA08F0DEFC002347
S21402F610034A3B70136009B0F0BD00BF966300203A
S21402F6204055002073B5ADF806000DF106000AF04D
S21402F630CBFB014608B102B070BD0DF106000AF020
S21402F6400CFC04460EF018FBC67A002EEDD12046BE
S21402F6500CF0A1F8FF28E8D00EF06EFD054BD3F8AB
S21402F6608850002DE1D03346224641213046A84735
S21402F670DBE700BF2454002073B5002200210C20D3
S21402F68000F0C2FC002119480FF01CF801250446C0
S21402F690164E84B120460CF07EF8FF2805D121468E
S21402F6A030460FF033F80446F3E7042200230095B1
S21402F6B000F07EFCF3E721460D480FF003F8012523
S21402F6C004460B4E0CB902B070BD20460CF063F82F
S21402F6D0FF2804D008220023009500F069FC21468A
S21402F6E030460FF013F80446ECE700BF4C5C0020EF
S21402F6F04E5C00202DE9F84F10460E4617469946F6
S21402F7000AF043FA254A264B0021B0F5006F14BFD3
S21402F7109046984640460EF0D5FF4FF0000A044643
S21402F720DFF880B00CB9BDE8F88FBC4228D120467D
S21402F7300EF0A2FA857A80F80BA0013DEDB2857232
S21402F74016B13F2E00D02DBB0EF088FD0546204692
S21402F7500AF01BFAB0F5006F4FF00002214615D1F1
S21402F7600F480AF099FBFFF787FF28460EF071FD57
S21402F770DBF8885025B14B463A4631460020A8476A
S21402F780214640460EF0C2FF0446CBE703480AF085
S21402F79083FBEAE7FFF770FFF2E700BF4E5C00204C
S21402F7A04C5C00202454002000232DE9F347064633
S21402F7B00F464FF6FF78284CDFF8A090ADF80630DB
S21402F7C020460AF001FB054648B9294620460EF0B7
S21402F7D079FF82460EF050FA0389B34217D94C4598
S21402F7E001D1FFF749FF002120460EF06BFF0546C8
S21402F7F007F1FF3A5FFA8AFAD5B94C4516D1BDF839
S21402F8000600FFF70FFF404602B0BDE8F0877B1EFA
S21402F810DBB2FD2BD4D9294620460AF01EFB2A4627
S21402F82051460DF106000EF053FFC9E74C46C7E7F6
S21402F830BAF1FD0F09D928460EF01EFA03899B1B62
S21402F8409BB2984528BF98460381294620460EF06B
S21402F8505DFF0546D0E700BF4E5C00204C5C0020F2
S21402F86008B50EF0E1FD0B4AFF2113881080C31A7B
S21402F87098B2FFF799FF4FF6FF7301469942064882
S21402F88003D1BDE80840F2F7D1BFBDE808400EF04C
S21402F890DFBA00BF505C0020FC6B0020174B00282C
S21402F8A02DE9F041164D18BF1D460F4628464FF06B
S21402F8B000010CBF4FF008084FF002080EF002FFDE
S21402F8C0044610B92046BDE8F08120460EF0D4F971
S21402F8D0C37A064623B1214628460EF017FFEFE705
S21402F8E020460AF081F9424601463846EBF7AAF866
S21402F8F00028F0D1B378002BEDD1E3E74C5C002072
S21402F9004E5C0020014B1860704700BF4455002033
S21402F91010B504460548F2F789FF0023044A13800F
S21402F920044A1380044B1C8010BD00BFFC6B0020F1
S21402F9304E5C00204C5C00204A5C002008B504485F
S21402F940F2F784FCBDE808400248F2F77FBC00BF2D
S21402F9504E5C00204C5C00202DE9F34104468846AC
S21402F9600EF062FD324B074620461E880BF013FF50
S21402F970054620460AF009F9B0F5006F32D1FF2D90
S21402F98006D00123042200932846002300F010FB31
S21402F990B8F1000F1DD10EF061FC21460546254840
S21402F9A00AF017FA28460EF054FC23480EF0B8FE6A
S21402F9B0224BA8B31988711A17FA81F086B220462C
S21402F9C00EF05AF9032306818372002002B0BDE8C6
S21402F9D0F0810EF043FC00222146054615480EF043
S21402F9E077FEDFE716480AF026FA04281ED8FF2D0F
S21402F9F006D00123082200932846002300F0D8FAF6
S21402FA00B8F1000F05D10EF029FC214605460C4838
S21402FA10C6E70EF023FC0022054621460848DEE72C
S21402FA20314605481F800EF013FAC8E71C20CDE7C2
S21402FA304A5C00204C5C0020FC6B0020505C0020DE
S21402FA404E5C00202DE9FF4708460C460AF082F875
S21402FA5000F4805820460AF003F9054620460AF0CC
S21402FA60D6F8B0F5404F1BD1B8F1000F14D0294696
S21402FA700020FFF713FF054670B10EF0FDF80023D5
S21402FA80404A81780446009218462A460193F1F7C6
S21402FA90A5FF08B90123E372012004B0BDE8F08790
S21402FAA028460EF0ABFD81460EF006FBFF28074601
S21402FAB037D00125A0F12006C0F12003324925FAED
S21402FAC003F305FA06F61E438540D1E900232A43CE
S21402FAD03343C1E900230EF009FB044638B1384629
S21402FAE00EF042FB10F00C0F14BF01240024B8F1F4
S21402FAF0000FD1D04FF0000A03A90120ADF80C90F8
S21402FB00FFF7CCFE81460EF0B7F88046B9F1000F3B
S21402FB101ED1BAF1000F14D1FF2FBDD0002CBBD1DD
S21402FB2028E01A4B1B684BB148469847044628B152
S21402FB30B8F1000FB0D000252E46DBE7B8F1000F73
S21402FB4001D10020A9E7002501242E46A246D3E7CC
S21402FB5074B100230B4A8178009218464A460193F4
S21402FB60F1F73CFF002897D1012388F80B3093E782
S21402FB70FF2F91D0064BD3E9001229433243C3E943
S21402FB80001289E7F5F602006016002044550020B0
S21402FB905816002038B5044609F0F7FF05462046F9
S21402FBA00AF022F8A5F50063044601465842584179
S21402FBB0FFF774FEB0B9B5F5006F01D0002038BD6E
S21402FBC020460EF01BFD0EF077FAFF28F6D0064B05
S21402FBD000B21B6833F8100000F4E260003818BF69
S21402FBE00120ECE70120EAE7485500202DE9F7431B
S21402FBF04FF000090746ADF804900EF0B5FA10F083
S21402FC000C0F29D04FF00208154D2B88A5F800904E
S21402FC10ADF806300DF106000AF0D6F8044630B10B
S21402FC20B8F1010F14D04FF001080E4DEDE7214652
S21402FC300DF106000AF011F906460BF0ACFDB842CB
S21402FC402246314614BF284601A80EF041FDE1E7E0
S21402FC50BDF80400FFF7E6FC03B0BDE8F08300BF82
S21402FC604E5C00204C5C00202DE9F04FDFF820812E
S21402FC7085B0D8E9003213437CD105B0BDE8F08FD9
S21402FC8002EA040103EA0700014327D022EA04023B
S21402FC9023EA0703C8E90023DAE9002304EA020597
S21402FCA007EA030C55EA0C056FEA04006FEA07013F
S21402FCB024D130460EF058FAC2070FD530460EF061
S21402FCC03BFADBF89C30002B45D11D46304600F04F
S21402FCD0E5F8DBF884300BB12946984724197F41B2
S21402FCE009F10109284B5FFA89F61B78B342C4D999
S21402FCF0D8E9002352EA0301C2D1BEE702400B4014
S21402FD003046CAE900230EF02FFAC307E6D51F4B8A
S21402FD1030461B6833F8163003F48873102B10D065
S21402FD200EF00AFADBF89C3013BB1D4601231022A4
S21402FD3000933046002300F03BF90020F1F7BCFDAB
S21402FD40C4E70EF0F9F9DBF89C300125002BBDD094
S21402FD500122039502E000252A460395039200211C
S21402FD6030469847039A002AB0D0002DAED1DDE780
S21402FD700025EDE74FF0000901244F46DFF814A0F6
S21402FD80DFF814B0AEE700BF286D0020485500200B
S21402FD90601600205816002024540020F8B50346AA
S21402FDA0084613B309B3402A1FD8114900260B6030
S21402FDB010490027086010494FF0FF350A700021ED
S21402FDC00C460433914205DB00215200EAF7EEFAB4
S21402FDD00020F8BDC3E9036703F8044C23F8024C7D
S21402FDE01D605D6001311833ECE72120F1E700BFAA
S21402FDF04C55002048550020286D0020F0B5144CC4
S21402FE00DDE905672568EDB1F0B912480078884249
S21402FE101AD901EB41014FEAC10C05EBC10415F8F2
S21402FE20311011B92169C90710D4002005F80C0059
S21402FE3062801A6846F0010662605A68C4E904677E
S21402FE40A260F0BD0220FCE72120FAE72E20F8E7A8
S21402FE504C550020286D00200E4B30B51A68A2B112
S21402FE600D4B1B78834212D900EB400002EBC00315
S21402FE70C100002400200025C3E9044550544FF079
S21402FE80FF3258805A609A6030BD0220FCE721207B
S21402FE90FAE700BF4C550020286D0020094B1B686E
S21402FEA063B1094A1278824208D900EB400003EB9C
S21402FEB0C0031A69D20701D5588870474FF6FF70FB
S21402FEC0704700BF4C550020286D0020094A0346A3
S21402FED0106870B1084A12789A4209D903EB4303B4
S21402FEE000EBC303186910F0010002D0181D70471A
S21402FEF0002070474C550020286D0020F8B50E4BA8
S21402FF0005461C6834B128B100260C4B1F78F3B2A4
S21402FF109F4202D84FF6FF7009E008222946201DAC
S21402FF20EAF790FD20B92369DB0701D56088F8BDA2
S21402FF3001361834EBE700BF4C550020286D002030
S21402FF400C4B1B689BB14FF6F77291420DD80A4ACA
S21402FF501278824209D900EB400003EBC0031A690B
S21402FF60D20704D50020598070472120704702200E
S21402FF70704700BF4C550020286D00200A4A0346F1
S21402FF80106878B1094A12789A420AD903EB4303F9
S21402FF9000EBC300036913F0010003D0C3F30010A3
S21402FFA070470020704700BF4C550020286D002087
S21402FFB070B51C46124B9DF810601968D1B1114BF2
S21402FFC01B78834218D900EB4000551E01EBC00196
S21402FFD02543D1E9040301D0C5070FD52EB110433E
S21402FFE02343C1E90403002070BD20EA020023EA8D
S21402FFF00403F6E70220F7E72120F5E72D20F3E7D2
S2140300004C550020286D0020134BF0B51B6803B336
S21403001000266FEA000C6FEA010E104C2778F4B244
S214030020A74201D80020F0BDD3E9044514F0010F20
S21403003007D014F0020F04D132B104430D43C3E9D1
S214030040044501361833EAE70CEA04040EEA05050C
S214030050F5E70220E7E700BF4C550020286D002097
S2140300600B4B70B51B682BB100240A4A1678E2B214
S214030070964201D8002070BDD3E9042502400D4006
S2140300802A4304F1010403F11803F0D00120F2E738
S2140300904C550020286D00202DE9F0470026FF2749
S2140300A0B246164DDFF8588098F800305FFA86F9A6
S2140300B04B4502D83846BDE8F0872B792F2B0FD94E
S2140300C028460AF023FA2B796C7903F0070304F029
S2140300D0030483422CBFE4182418E4B2A24506D9CD
S2140300E05446B946A2464F4612350136DCE7288801
S2140300F001F0A6F80028F3D1F4E700BFAC590020BE
S214030100C16200202DE9F04F89B0814609F092FDC7
S214030110029048460BF083FF0024411C054689B233
S214030120484602F07FFBA246A346A046274600F0B9
S2140301301F00023500EB4000EAB27D4E50FA85F50B
S214030140EDB2AA4274D9DFF8FCA19AF8003033B1B5
S214030150A400E4B2B4FBF3F4042C08BF032402980F
S214030160F3F7C4FD054600283CD1FFF795FFFF28AB
S2140301705BD0704B05B2049018780AF0AEF987424C
S2140301802CBFE1192118002F14BF01230223684E48
S21403019005EBC50506EB450553FA81F3284603939D
S2140301A00AF0B4F995F804C06B790CF0070103F074
S2140301B0030388422CBF1B185B18039ADBB29A42D0
S2140301C033DA049A2FB921B19AF80030033B5B4522
S2140301D02BDC104602990AF041F905B205EBC5057A
S2140301E006EB45052B791E09002F00F08180394662
S2140301F028460AF0B5F9032128460AF0B7F9B8F1FC
S214030200000F09D1002E40F0868007F094FEC0F35D
S2140302100B0149480DF01CFE6B79484623F0030397
S2140302201C446C7109F09BFCA87309B0BDE8F08F01
S21403023050D0424B49461B8807A8ADF81C304FF0F8
S21403024000038DF81E3000230093032303920EF061
S214030250D6FA9DF81E30BDF81C101B09039A18BF6A
S21403026008F10108CDE9041318BF5FFA88F8039272
S21403027009F01DFF0499039A8842059B03D19DF854
S2140302801E7007F00F072E4890F800C016E016F809
S2140302900E0C10F0070003D00BF1010B5FFA8BFB7B
S2140302A0AA4207D036F812EC8E4503D113B108B133
S2140302B00134E4B20AF1010A5FFA8AFAAA4206F1A5
S2140302C012060BD1D4450FD916F80E0C10F0070002
S2140302D0E2D1EFE700234FF6FF71D4E736F8120CAE
S2140302E0884201D8D445D2D80332123ED2B228E788
S2140302F0022E14D95B0707D0394628460AF036F98A
S214030300B8F1000F81D087E7032128460AF02EF9BB
S214030310B8F1000F80D1062E3FF677AF7CE7314663
S21403032028460AF023F958EA06063FF46EAF73E749
S214030330AC5900207763002010460020D8CE040076
S214030340C1620020EB6C00202DE9F0430823002453
S21403035085B08DF808300646022301214FF6FC705F
S214030360CDE9004402AA0BF036FEADF80A00D8B178
S2140303702746DFF8A080DFF8A09099F80020E3B2C4
S2140303809A4224D8BDF80A4020460BF048FE411C8A
S21403039047F06002204689B202F058FA0022BDF800
S2140303A00A001146F4F736FA07F0C5FD184AC0F3FB
S2140303B00B01137801F55A51013113B1013B89083A
S2140303C01370304605B0BDE8F0430DF041BD18F894
S2140303D00E5C6F2D17D8404630F8123D2D01ADF850
S2140303E00C300AF093F805F0700528448DF80E00DB
S2140303F00123032203A90DF10A00F2F76BF9002883
S214030400D2D10137FFB2013408F11208B5E700BFB5
S214030410BD620020BE590020C162002010B5054C05
S2140304202046F2F703FA2046BDE8104000210DF0FF
S2140304300FBD00BF104600202DE9F0432A4D87B0BC
S214030440F6F7F8FB2A7829492948FFF7A7FC09217C
S2140304502A782848E9F7AAFF0026244FDFF89C806D
S214030460DFF89C902B78F4B2A34202D807B0BDE81D
S214030470F08304F582300B2203A900F5C070DBF786
S21403048029FE4FF6F670BDF814209DF81630511E5F
S21403049089B2814215D80020C3F3C003DB1840EBB2
S2140304A00001CDE90031214603ABFFF7A7FC002886
S2140304B0DCD14FF4805327F8143048F8240029F889
S2140304C0140004F5833001220DF10A0100F5807053
S2140304D0DBF700FEBDF80A20064B01361A558022CC
S2140304E0054B1A55BEE700BFF26C0020BC5B00202C
S2140304F0801300206C620020AE620020B44400200B
S214030500AE5B002010B50A4B1C780DF0D5FDFF2816
S2140305100DD0012C38BF0124064A230232F81010EE
S21403052019B101EB1313A3EB111322F8103010BD0E
S21403053077630020AE5B00202DE9F04700250646D2
S2140305400F46AA46DFF84490DFF8448099F8003057
S214030550ECB2A34202D85046BDE8F08720460DF021
S21403056003FEC2070CD520460DF0FEFD830707D415
S21403057038F8143037B133434FF0010A28F81430F3
S2140305800135E3E723EA0603F6E700BFF26C002033
S214030590BC5B002010B5084B084A1C780023D9B270
S2140305A08C4201D8002010BD32F8021B013330EA1A
S2140305B00101F4D10120F6E7F26C0020BC5B0020B9
S2140305C0F0B50C464FF6F77187B08A4286461D464D
S2140305D09DF8306002D9002007B0F0BD596818684E
S2140305E00DF10C0CACE803002C49ADF81420097887
S2140305F0A142F0D900218DF81660B61006F0020667
S2140306000191704621460096FFF7F8FB0028E2D1D9
S214030610234B244A43F824009DF83830224E1B020D
S21403062022F814304FF4A04304F582300B2226F848
S214030630143003A900F5C070DBF778FD9DF834305D
S2140306401A4913F0040F17BF0123194B0B5536F83D
S21403065014300CBF1B7843F0080304F583300CBF3B
S2140306600B5526F814300122214400F58070DBF781
S2140306705DFD00210F4B104A1B782846234442F8A1
S2140306802310E7F713F80D4B1855284607F09EFD81
S2140306900B4A01201378013313709DE7F26C002098
S2140306A0B4440020AE5B0020BC5B00206C620020DC
S2140306B0DB6C0020EB6C0020E0430020AE620020E1
S2140306C0C0620020054B1B78834206D90021044BE9
S2140306D0044A1B78034442F823107047F26C002048
S2140306E0EB6C0020E0430020074B084A18780023F1
S2140306F0D9B2884200D870471188013321F480515B
S21403070022F8021BF4E700BFF26C0020BC5B00205B
S21403071030B585B004460D46E6F7C0FDA04202D8C4
S214030720172005B030BD20460DF01EFDC007F7D5D7
S21403073004F582300B2201A900F5C070DBF7CAFC72
S2140307409DF80E2001AB03CB69609107286030D477
S21403075012F0080F0CBF042303232B722046FFF767
S2140307609DFB154B68811B5D20466B730DF0E4FC07
S214030770124A2873135D4FF47A7103F00F03AB73B9
S214030780135D002013F00F031FBF03F1FF32022394
S21403079093403C2218BF5343094A08BF0A2352F822
S2140307A02420B2FBF1F29A422CBF00239B1A2B6142
S2140307B0B7E70223D1E700BFAE6200206C620020D9
S2140307C0B4440020F8B51F4E04463378834237D02E
S2140307D0FFF764FB4FF6FF77B84231D020463470FC
S2140307E0FFF704FA2046FFF759FB054609F05FFCBE
S2140307F0012301461A4628460BF0AAFD2046FFF7BA
S2140308002BFB0546E0B9104A1378013B1370F4F747
S214030810B5FB294620460BF022F880220B4B2046D8
S21403082023F814500A4B1A550A4B23F8145009F0B0
S214030830C9FB2A46394611200DF0A9FEFF23337063
S214030840F8BD00BF296D0020C0620020BC5B0020FD
S214030850AE620020AE5B00202DE9F04F0E46154633
S2140308604FF000098BB01F469DF854309DF850A0FA
S214030870DFF84CB1049005939BF800205FFA89F4E7
S214030880A24207D84FF6F7739D421CD817F0020B07
S2140308903FD01AE02046FFF701FB804604F582307E
S2140308A00B2207A900F5C070DBF714FC4FF6FF72A6
S2140308B07EB9904516D14FF6F7729DF826309542CD
S2140308C003F0EF0311D94FF6FF7528460BB0BDE8CA
S2140308D0F08F904506D00822304607A9EAF7B2F80B
S2140308E00028E8D009F10109C6E79F4207F002088D
S2140308F02CD0F3F70FFC002857D12D4B2D4A1B782D
S214030900234412F823B020460AF0CAFFB8F1000FBA
S214030910DBD1E6F7C3FC284B1B788342D3D00021F8
S21403092008460DF099FBFF280446CCD0059B0146EC
S214030930CDE901A32A46334604980097FFF740FE05
S2140309400028C0D0F4F71AFBD8460FE02046FFF77E
S214030950A5FAA842CDD1B8F1000FB6D13046E6F7D6
S214030960A5FE164B1855304607F030FC5146204678
S2140309700AF049FF2046FFF791FA054609F097FB70
S21403098000230146012228460BF0E2FCF3F7C2FBE4
S21403099028B9074B074A1B78234442F8238020468E
S2140309A00BB0BDE8F04FFFF779BA4FF0000BAAE79C
S2140309B0EB6C0020E0430020C0620020AE62002003
S2140309C0F26C0020F8B50026104F3C78F5B2AC4226
S2140309D00FD800250E4B6400224629460D481D708D
S2140309E0E9F7E4FC22462946BDE8F8400A48E9F759
S2140309F0DDBC2846FFF7FAF8002128460AF02FFF49
S214030A002846FFF729FA0136DFE700BFF26C00201D
S214030A10C0620020BC5B0020AE5B0020024B80213E
S214030A201A780248E9F7C2BCF26C0020AE620020D6
S214030A3038B50DF041FBFF28044616D00B4D35F8AC
S214030A4010301B0711D50A4B0A491B7801220B5499
S214030A50014400F5833000F58070DBF767FB35F85B
S214030A60143023F0080325F8143038BDBC5B00208F
S214030A70DB6C00206C6200202DE9F04F794B0546B5
S214030A801B788946022B17468BB004D000263046C7
S214030A900BB0BDE8F08F0DF0ABFE06460028F5D18F
S214030AA04FF6F9739D4262D04FF6F8739D4276D0A7
S214030AB02B0A28460DF11E018DF81C308DF81B50AD
S214030AC0F2F708FC002814BFB0464FF02008B346E0
S214030AD014BF06230E23022229463846039300F04A
S214030AE0EBFC01220446039B002840F0B880DFF8A5
S214030AF080A18DF818209AF800204946CDE9000019
S214030B008DF81A208DF81D0006AA4FF6FC708DF896
S214030B1019800BF060FA81460028B7D009F0C7FAAF
S214030B20B8420FD0484609F022F9394604300DF092
S214030B3067FD384604A90AF01DFE70B1484604A9AD
S214030B400BF0D7FA484B1B78033B012B2BD84FF6F9
S214030B50FF71484609F0E0FE06469AF80030FF2B80
S214030B600EBF01230133DBB28AF800308FE74FF064
S214030B7008084FF0200B3C4B1B78033B012B85D911
S214030B8009F095FAB84281D109F091FAFC238DF861
S214030B901B30FF2305468DF81C3006239BE74FF0DA
S214030BA01008C346E7E70AF044FF80460028D4D07F
S214030BB009F07DFAA8422DD12C4B1A7852BB03219B
S214030BC04846F3F727FE0028C7D09AF80030A8F85F
S214030BD0007088F80430002388F8053088F8083059
S214030BE009F065FAA84202D1204B1B7853B109F0ED
S214030BF05EFAB84206D12CB1237923F0030343F0FF
S214030C000103237100224FF6FF710C200DF0BFFC89
S214030C100126A2E75946284608F1070200F078FCA9
S214030C200446002899D0002203214846F3F7F2FD34
S214030C300028CAD1237903F00303012B8DD109F0D1
S214030C4036FAA84203D1094B1B78002B85D02379AB
S214030C5043F0030323714FF6FF7323807DE71646A5
S214030C6015E700BFC7620020C86200202A6D002077
S214030C709763002037B50E4B05461B780C46033B9F
S214030C80012B11D9E6F72EFB01280FD0821E534203
S214030C905341590128460DF1070200F039FC18B1FB
S214030CA0002144800AF0ACFE03B030BD1021F1E70A
S214030CB0C86200202DE9F0438BB0857AB0F8069021
S214030CC004460E46174609F0F2F98145804605F0BC
S214030CD0400541D10021608809F02DFC0246002E14
S214030CE044D1082304A9C14501EB03060CBF2349DD
S214030CF002A90868496803C6A2B3022100268DF834
S214030D00172001228DF81010217A45F020058DF862
S214030D101210A18808338DF81310090A8DF81410E1
S214030D20E188CDE900268DF81510090A8DF816100E
S214030D306088314604AA8DF811500BF04CF905462D
S214030D4080B1618808F04AFF79003246284601F0F0
S214030D50FE01F3F75FFD06E0E08802A90AF00AFD4C
S214030D600028B7D100200BB0BDE8F0833068716867
S214030D7006AB03C345F010051023B3E74A63002010
S214030D802DE9F74389461E460746904608F0EFFFCF
S214030D9000210446304609F0CEFB054609F107015B
S214030DA0384601F02DFD7DB1B8F1000F02D103786E
S214030DB01D44EDB2057063781A0716D569463046AA
S214030DC0F2F788FA024618B1002003B0BDE8F083B4
S214030DD00821684609F0FDF80028F5D120460BF0F7
S214030DE05BF908226946E9F733FB09F060F9014627
S214030DF0201D0DF005FC6378DB0603D538460C4949
S214030E000BF077F93146A01C0DF0FAFB3146384655
S214030E1008F0E4FE074A13780133DBB21370E3717C
S214030E20A3790BB10120D0E70123A371FAE700BF32
S214030E304A630020C5620020FF232DE9F04F8FB0E0
S214030E408146164605918DF822301AB301230BAA64
S214030E500AF049FD9DF836500446EF0625D50027CF
S214030E60059BBDF8308003F108024946D2B2082339
S214030E70009709A8CDE909770DF0C1FC3A4640462C
S214030E8009A9F8F7A5FC002840F08C80A90627D509
S214030E9010220DE013460BAA0AF025FD9DF83650E6
S214030EA00446A80663D5062202E0AA0618D5082239
S214030EB000230599BDF832700A44CDE90933494643
S214030EC00093D2B2082309A80DF099FC384686F0A1
S214030ED0010209A9F8F77CFC002863D1002E46D04E
S214030EE0BDF8307009F0E3F8874249D038460DF074
S214030EF07FFC8046002E45D1BDF82EB00021584613
S214030F0009F019FBBDF82C300390184606930DF034
S214030F106FFC064609F0CBF8069B834242D0B64BDD
S214030F201B78033B012B3DD915F04003049339D1BD
S214030F30039B0BB9002E35D09DF83570039B05F047
S214030F4018051F44FFB2082D8DF835706CD1202389
S214030F500493002C40F041810AF06BFD054608B36C
S214030F60002E40F0B28033460126B24674E0BDF848
S214030F70327009F09CF88742B8D14FF00108BBE7FE
S214030F804FF00108002C43D09C4BE279678803EBB3
S214030F90C20633F83220BDF832309A4205D04FF6F7
S214030FA0FF7323800FB0BDE8F08FBDF82EA0B8F115
S214030FB0000F08D0002130460AF022FDA6F802A052
S214030FC00AF030FAEEE7BDF830000AF021FD0546D8
S214030FD0414630460AF014FDA6F802A0884E2DB10D
S214030FE0414628460AF00CFD63886B800AF01AFA1D
S214030FF03378002BD6D03B46002248460599FFF7A8
S214031000BFFE0028CED03946484609F085FCC9E71E
S2140310100AF008FA7A4B1B78002BC3D0B8F1000FFE
S214031020C0D14FF6FF77E6E7102D01D1049590E780
S214031030B8F1000F8DD1002C3AD0C2460021BDF87E
S21403104032000DF1220200F063FA03460028A9D00D
S214031050002E40F0CA8025460499BDF830000DF1F5
S2140310602302079300F054FA044600289AD0644AF1
S214031070079B1278002A78D0BAF1000F26D10246D1
S2140310802C466179B9427ED92546A4F802B0677129
S2140310901446002B00F09E809DF82230EA799A428F
S2140310A000F09880002E40F08E80EB7100253FE024
S2140310B00AF0BFFC044600283FF474AF4FF0010A61
S2140310C0BCE7002201261346DBE70126B8F1000F32
S2140310D01ED106F030FF7E23B0FBF3F202FB1300B3
S2140310E005993A4605315FFA80FA484601F0AEFBA9
S2140310F04FF6FF71484608F071FD039B032B2CD96E
S214031100AAF17E0A022148465FFA8AF2F3F782FBC7
S214031110069BA5F802B02B809DF834306F712B71B7
S21403112000232B72002E42D19DF82230EB7101254D
S214031130B8F1000F3FF436AF484609A90AF0B9FFE5
S21403114000283FF42FAF2A4609A90BA8FFF7B2FDE4
S21403115028E7002625463446BBE7039B012B94BFAE
S2140311600AF1020A0AF1420ACCE7BAF1000FCFD11C
S2140311706979B94209D9A5F802B06F71002B8BD1F2
S214031180002E93D024E025461446049A002A3FF402
S21403119009AF8F427FF406AF039306F0CCFE8307B6
S2140311A07FF400AF039BA5F802B06F7171E7FF23CE
S2140311B0EB71002CBBD001252379A4F802B023F0F1
S2140311C003032371B4E7FF23EB71002C3FF46EAFE8
S2140311D00025F1E7002CD3D168E7002E7FF471AF2A
S2140311E0B24625460126534636E7BAF1000FB0D17C
S2140311F05646524645E700BFC8620020265B0020DD
S214031200F16C002070B50C4B4FF6FF751C7800236D
S21403121002460A489C4201D1002005E00688964211
S21403122006D1AA4201D10B7070BD8679002EFAD082
S21403123001330830DBB2EDE7F06C0020265B0020BC
S214031240002210B50A4B1C780A4BD1B28C4201D847
S214031250002010BD5988814204D11979890701D12C
S214031260997911B108330132EFE70120F1E700BFA6
S214031270F06C0020265B002010B5084B01461C7856
S2140312800023074AD8B2844201D8FF2010BD9142FA
S21403129003F10103FAD00832F4E700BFF06C002034
S2140312A0265B002038B50446FFF7E6FFFF28054611
S2140312B003D13F210B480DF0C3F84FF6FF732046CA
S2140312C02380A37103210AF09BFB074B07481A7878
S2140312D000210732D21002FB0500BDE83840E9F7CB
S2140312E065B800BF8E820400F26C00209D62002069
S2140312F0F8B504460026124D124F3A78F3B29A42D6
S21403130009D800224FF6FF710F4B1D780F4BD0B252
S21403131085420BD8F8BDFF2C02D0AB79A34202D18D
S2140313202846FFF7BFFF08350136E6E7FF2C02D055
S214031330187AA04201D1198019720A330132E6E7FE
S214031340265B0020F06C0020EF6C0020FE5A002085
S214031350FF28F8B504462CD0164B1B78834203D8D7
S214031360802115480DF06CF84FF6FF75134A32F8D6
S214031370341002EBC4000379A94203F0030318D028
S214031380012B16D100220E4B1F780E4BD6B2B74256
S21403139003D8BDE8F840FFF785BF1E88AE4205D0E8
S2140313A093F807C0A44504D0B14202D00A330132F1
S2140313B0ECE7F8BDF06C00208E820400265B00206C
S2140313C0EF6C0020FE5A00202DE9F74304F073F873
S2140313D0324B1B78033B012B21D9314B1D88451B10
S2140313E0ADB2E5B118804FF6FF7700202D4A13788B
S2140313F02B44C3F3C81403F07F0313702A4B2B4A02
S2140314001E78C3B29E420DD800264FF6FF77284CAF
S214031410DFF8A09099F80020F3B29A4216D803B0EA
S214031420BDE8F0831388BB420DD0137999070AD120
S21403143004EB9311022928BF022103F03F0389B26C
S21403144043EA8113137108320130DAE734F80A8C61
S214031450B84506D014F8043CAB4205D95B1B04F828
S214031460043C01360A34D5E708F021FE804534F8FB
S2140314700A3C04F8027C24F80A7C09D018460DF1CD
S2140314800701FFF7BFFE18B19DF80700FFF760FFDF
S21403149014F8030CFFF75CFFE3E700BFC862002005
S2140314A0525C002098630020F06C0020265B00202E
S2140314B0085B0020EF6C0020F0B500244FF6FF77A2
S2140314C003461048DFF844C006780F48E5B2AE423C
S2140314D001D800200FE005889D4210D13AB1012AB9
S2140314E016BFC57905793CF83550A94207D1BB42EA
S2140314F002D114238371F0BD057A002DFBD00A3088
S2140315000134E3E7EF6C0020FE5A0020265B002040
S214031510F8B50D46114607461646FFF773FE002834
S21403152036D102464FF6FF7C1E4B1F4C1978D3B2BA
S214031530994206D800231C4C8B4221D1F8BD0834AF
S214031540F5E7B4F800E00132E645F8D1337001233D
S214031550278023710021A17165B1144B45F008055E
S2140315601A782571D31DDA103078114B02FB003040
S214031570E8F71CFF2379204603F03F032371DDE7DA
S21403158022799209022AE1D001330834DBB2D3E789
S214031590037904469A071EBF23F0030343F00103AF
S2140315A00371D7E7F06C0020265B0020F26C002066
S2140315B09D62002073B50DF107010546FFF722FE75
S2140315C040B103799A0705D113F0300404D043F0F1
S2140315D00303037102B070BD28460AF021FA094BD3
S2140315E04FF6FF711D7823469DF80760064AD8B26A
S2140315F08542EFD9D0790133B04204BF118011720E
S2140316000A32F4E7EF6C0020FE5A002030B50A4B8E
S214031610CC081B78094D0733DB1000FB034001237E
S21403162001F007018B402C5CDBB212B11C432C5437
S21403163030BD24EA0304FAE7F26C00209D62002022
S21403164070B50B4B04461B78834204D840F24B21FB
S21403165008480CF0F5FE0025074E3378E8B28342BF
S21403166000D870BD00222146FFF7D0FF0135F4E70E
S214031670F26C00208E820400F06C0020FF2810D04D
S214031680FF290ED0084BCA081B7801F00701073361
S214031690DB1000FB0323054AD05CC84000F00100C2
S2140316A070470020704700BFF26C00209D62002048
S2140316B00148F0F7CBBD00BF545C00202DE9F0478E
S2140316C01E464D4B8CB01B681546074688469DF84C
S2140316D0509003F0080A08F0EAFCA8423FD1B9F19B
S2140316E0000F14D06EB9ADF806603D4604242246BA
S2140316F0414628460AF030FA00F001000CB0BDE877
S214031700F0870023ADF806303D4606243AE0384617
S2140317100CF0D2FCFF28044605D0F2F7FBFC10B110
S2140317202046FEF7CFFF96B10023ADF80630F8F754
S214031730FDF80028E8D0062440460DF1060202A96B
S21403174009F09EFBD8B94046F8F7F8FA17E0ADF86B
S2140317500660F8F7EBF80028C7D00424ECE73EB39E
S214031760BAF1000F2ED000230B24ADF80630B9F1E2
S214031770000F0AD1F8F7DAF82F460028DCD13D46E9
S214031780002EB4D0BAF1000FB1D004F004024146E3
S21403179042F0110228460AF0DFF922460646414681
S2140317A028460AF0D9F9002814BF30460020A3E7DC
S2140317B0BAF1000F14D00124ADF80660B9F1000F9A
S2140317C095D1D7E70B24284602A9F1F783FD0746F0
S2140317D068B902A807F01EF820B9ADF80600EDE7D1
S2140317E00124F0E744F00204ADF80670E6E70023B0
S2140317F0ADF80630E2E700BFA44600202DE9F04727
S2140318001E46744B8CB01B7807460D461446DDF80F
S2140318105080002B3ED008F04AFC30B36E4B1B685A
S214031820980722D44FF6F7739C4233D843463A467A
S21403183031462046FBF7F2FE08F039FC854200F0FD
S214031840C5803046FEF75AFBA04203D10CF034FCA9
S2140318500AF026F8BA1E5342534129460022204670
S2140318600CB0BDE8F0470AF073BDE7B1F91ED1F13D
S214031870000949EB01094FF6F7739C4216D9032179
S214031880204606F069FB03233A4631462046009578
S21403189006F051FC08F00BFCA84200F097804FF6C8
S2140318A0FF739C42CBE74FF00109E4E72B463A4629
S2140318B03146204604F084FA2146CDE900082B463B
S2140318C03246384606F0F6FF80460146204606F0C6
S2140318D043FBB8F1000F61D1B9F1000F12D1002319
S2140318E03A4631462046009506F025FC88F001036B
S2140318F02A4631462046CDF8009003F00103FFF751
S214031900DDFE99E7002FEAD003AA9246334B03F194
S214031910100E9446186859680833ACE803007345FC
S2140319206246F6D107A806F062FC032330687168A6
S2140319308DF81C3008AB03C39DF8293007A843F085
S21403194002038DF8293006F07DFD90B1306871688A
S21403195008AB03C3042307A88DF81C3006F072FDFA
S21403196038B1022307A88DF81C3006F06BFD00285B
S214031970B5D1514607A806F0A5FD0028AFD0F4F769
S21403198095FB0028ABD103233A4631462046009503
S21403199006F0D1FB08F08BFBA84250E743463A46D5
S2140319A031462046009506F0C6FBB8F1010F9DD0E0
S2140319B0B8F1020F7FF440AF284607A9F1F78AFC77
S2140319C020B93246284607A90AF08DF80CB0BDE8C0
S2140319D0F08700BFC3620020A4460020E2CE0400C6
S2140319E0044B1A880AB100221A8000210846F9F728
S2140319F0ABBF00BF545C002000232DE9F0478EB038
S214031A0004460D46CDE903334F7808F050FB50B13A
S214031A10B64B1B689A0706D4092103A806F043FBB6
S214031A200EB0BDE8F087204603A9F1F753FC06463F
S214031A30002840F05781022F3DD0042FECD1E5F764
S214031A4039FC002846D0E5F735FC022840F0228111
S214031A500DF12408334632464146304606F061FE11
S214031A60012103A89DF8255006F04EFF2840FF28C5
S214031A7000F0348105AD284608F0B6FA002840F099
S214031A802F8195E80F0088E80F003A46414603A8E1
S214031A9006F081FD0246002840F02081032303A9B7
S214031AA0CDE9005320463B46FBF77EF900280CBFE2
S214031AB013210621B1E78D4B1B689B07ACD4023577
S214031AC0082229468A48E8F7BDFF0028A4D0E5F790
S214031AD0FDFB08B91121A0E7864B874E1B78FBB99F
S214031AE0FFF77EFF3088002860D103AF29463846CB
S214031AF006F07BFB002800F0CA8028460DF10A0199
S214031B00F1F7C2FB40B90DF1240A504608F06CFA0F
S214031B108046002800F08780FFF762FF0F217CE7EE
S214031B203088002842D101460CF01AF9308000288C
S214031B303AD001230822304603A9F0F7CBFD98BB21
S214031B400123082229463046F0F7C4FD60BB012373
S214031B500222694809A9ADF82440F0F7BBFD034605
S214031B60308823B1002848D04FF0100920E00CF04D
S214031B709FF861490746204601F0CAFC30880CF0FE
S214031B8097F8FFB2874209D1FF238DF8243001234B
S214031B9059481A4609A9F0F79DFD28B900210120E6
S214031BA0F9F7D2FE0C2138E73088DBE74FF0070958
S214031BB00CF062F8074630880CF05EF83488112182
S214031BC000F10808204600F02DFE1021824620462C
S214031BD000F028FE0822044603A94046E8F732FF31
S214031BE0002840F08180082229463846E8F72AFF75
S214031BF0002879D1B9F1070F01D010210DE704EBC6
S214031C000A244546A4B271E730884FF0010828B18C
S214031C10122100F007FEFF2881461ED12A46B94648
S214031C202046402304E03A46A9464346BDF80A0048
S214031C3043F00303CDE900A349460323FBF7B4F8B7
S214031C4000283FF469AF0721484606F02CFAB8F19E
S214031C50000FD9D0FFF7C4FEE2E6002108460CF0D9
S214031C607FF8ADF8140048B1204605A901F050FCF2
S214031C70BDF814000CF01CF80028CFD114230093F1
S214031C804A4639462046338801F0FAFBC6E7FFF793
S214031C90A7FE1FE7E5F70EFB012801D00621BCE6E9
S214031CA005AD324633462946009603A8F9F75EFD8E
S214031CB0024608B10A21B0E60C4B20461B6803A96E
S214031CC05B0003F0040343F00303CDE900533B46F4
S214031CD0FBF76AF80028E1D113219EE605219CE66E
S214031CE012219AE60B2198E60E2196E6A4460020DA
S214031CF04A63002067620020545C0020012330B54D
S214031D000D4C85B022788DF80430D5188DF8052053
S214031D100E228DF806200A682570CDF807204A683B
S214031D2001A9CDF80B200B22F0F7D4FCB0FA80F013
S214031D30400905B030BD00BFC4620020014B1878CF
S214031D40704700BF99630020142230B58BB0054658
S214031D500DEB02011548DAF7BDF910BBBDF81430D8
S214031D60DA0720D413F0060FC3F3410208BFC3F308
S214031D7041220F4B0DF116019C5C68462246E8F79C
S214031D80A5FCBDF8263004F128026A4402F8283C74
S214031D9002341B0A02F8273C69462A46E0B209F0D9
S214031DA04CF80BB030BD2320FBE700BF703214E0C5
S214031DB0F2CE040010B58AB0ADF826200022CDE995
S214031DC0052204920CAA02924FF6FF720446AC2137
S214031DD001200192064A039004FB0122603200921E
S214031DE04CF620010DF1260209F0D8FE0AB010BD0C
S214031DF02454002000B58BB0ADF824309DF8303065
S214031E0003208DF82630002303900A4909A8CDE95C
S214031E100130CDE90533049301F160030093B1F873
S214031E205C3002204CF6604109F0B8FE0BB05DF85A
S214031E3004FB00BF2454002010B54FF6FF741E4A5F
S214031E408AB0B2F86800B2F85E10A042ADF8260079
S214031E50B2F85C304FF6FD70ADF8241018D081420E
S214031E604FF0000094BF48F660014CF66001CDE9E0
S214031E700500CDE90300CDE9010094BF09AA60324D
S214031E8000920DF12602042009F088FE0AB010BD68
S214031E9081424FF000008CBF603209AA00928CBFCB
S214031EA04CF6604148F66041CDE90500CDE90300F4
S214031EB0CDE90100014AE6E7245400208E540020B1
S214031EC000B50E4B0022B3F85E308BB0ADF824306D
S214031ED04FF6FF73CDE90522CDE90322CDE90122B2
S214031EE009AA00924FF400610DF126020720ADF80F
S214031EF0263009F053FE0BB05DF804FB2454002093
S214031F0030B58BB08DF825301B0A8DF826300023AC
S214031F100D4991F85840CD6DB1F85C00CDE9053315
S214031F20049307236031039308ABCDE901030091C3
S214031F304FF6FF734CF62041082008958DF8244091
S214031F4009F02CFE0BB030BD2454002070B54FF6BC
S214031F50FE76294C1D46B4F85E10B4F85C30B142E8
S214031F6094F85C00A2B04FEA132321D14FF440410A
S214031F706034ADF808108DF80B008DF80C3003CCE8
S214031F800DF11504CDF80D00CDF811102270120ACC
S214031F906270002211461046A270E270ADF8062069
S214031FA007F0C3FEADF8060090B9002022B070BD5E
S214031FB04FF400448DF80D10090AADF808408DF86B
S214031FC00B008DF80C308DF80E100DF10F04DDE7C5
S214031FD0043402A9621A012392B20DF10600F0F747
S214031FE079FB0028E1D1BDF806002A4601210BF053
S214031FF08FFEBDF80600D9E724540020202A10B52A
S214032000144614D8012A04D10C88B4F5004418BF2A
S2140320100124620030B10748E8F71AFA064B00209D
S2140320201C7010BD0548E8F713FA054BF7E72120A7
S214032030F7E700BF565C00209A630020965C0020FA
S2140320409B6300202DE9F047104617460CF0D6FA9E
S214032050DFF814A1DFF814919AF8003099F80020FD
S2140320600546134302D10020BDE8F08710F440680C
S21403207000F0400619D186BBB0F5804F5CD24FF412
S214032080807400239AF80000344AD9B288425DD897
S214032090002399F80000324AD9B28842E3D932F8CD
S2140320A0021B0133A142F7D155E0F81C0CF0A6FA47
S2140320B04FF6FF73984214BF0124022486B1052607
S2140320C005F44043B3F5004F44F0080424D0B5F5B7
S2140320D0804F23D244F4807420E044460326EFE77F
S2140320E0B5F5804F4FF00506F4D3B8F5406F14BF2F
S2140320F002200820304438440CF080FA194B05F4CB
S2140321004045B3F85C3083420CBF44F0080444F007
S2140321100404B5F5004F01D144F08004B8F5006F10
S2140321200ED1B8190CF06AFA0E4BB3F85E30834240
S214032130A7D144F01004A4E7444603260220D9E7B7
S214032140B8F5406F08BF44F020049AE732F8021B44
S2140321500133A14299D1012086E700BF965C002097
S214032160565C0020245400209B6300209A630020C2
S2140321702DE9F04F104685B0164698460CF03EFA09
S2140321805D4F00F00803B7F85C10044600F007093B
S214032190F01C02930391B7F85EB00CF02FFA06F129
S2140321A0050A054650460CF029FA03464FF6FF701B
S2140321B0854218D00399A1EB050CDCF1000545EB2D
S2140321C00C056D004FF6FF718B420ED145F00405EA
S2140321D00CF022F8029B6BB1B9F1000F11D042202C
S2140321E005B0BDE8F08F0125ECE79B4508BF45F039
S2140321F00805EDE7B9F1030FF1D8DFE809F0021B94
S214032200795D0CF009F808B9A807E8D524F00804A6
S214032210A4B2B4F5004F05D0B4F5624F02D0B4F5BE
S214032220404FDCD10025294697F8A820002007F068
S2140322307CFD3CE0D7F88030E3B9002132460846FF
S214032240FFF700FFD8B948F6410224F038039BB2E3
S2140322509342C4D10A2D49D0062DC0D197F87730C2
S214032260023B012BBBD8EEF7AFFF0028B7D140F6F1
S214032270040505E04146304698470028DDD008258A
S214032280E20648BF45F08005A30648BF45F48055DF
S21403229005F00C03042BC6D1F01D0CF0AFF997F82C
S2140322A0A8303246009341462B4607F013FD08B389
S2140322B00E9B1880002093E7A90705D14FF6FF73FE
S2140322C0B7F85C209A428AD104F44063B3F5006FF2
S2140322D00AD0B3F5406F82D1082250460749E8F783
S2140322E0B1FB00287FF47BAF0C25C9E70425C7E7BD
S2140322F0432075E7192073E72454002084540020F4
S214032300034B1A781AB1FF2A04BF00221A707047CB
S2140323109D63002070B5084C084E2378F55C1DB10C
S2140323203E2107480CF08CF8FF2223782846F25407
S2140323300023237070BD00BF9C6300209D630020B4
S2140323409C820400034B044A1B78D05CFF3818BFFA
S214032350012070479C6300209D6300200023074AEA
S21403236007491360074A1360074A1360074A116058
S2140323700121074A1170074A136070475C55002015
S21403238027BD030058550020545500201C6C002020
S2140323902B6D0020645500200E2A70B50C460646A9
S2140323A01546194603D9FFF7D9FF502070BD0128FB
S2140323B007D10020EEF722FFB0B1FFF7CFFF2120B1
S2140323C0F4E780220021224B1A70224B1960224B1D
S2140323D01B684BB134200BF0C3FC204B188018B994
S2140323E0FFF7BCFF0120E1E724F0FF6323F4FF239C
S2140323F01BB1FFF7B3FF4F20D8E774B92046EEF7BB
S21403240017FF0124032510F0800F43B21BBF00F013
S2140324101F039C409C4044F078440020104B24F05B
S21403242078441E700F4B10491D70104B1C60104BE8
S2140324301870104B1A68EFF797FA18B1FFF78EFF6C
S2140324400420B3E79DF810200B4B1A70AEE700BFCD
S2140324509E6300206055002054550020D65C002063
S214032460A3630020A16300205D27030064550020BA
S214032470A26300205C5500209F6300207FB5244B99
S21403248000251A7801232348234903FA02F2007829
S2140324901A440A60ADF80E5020B3984236D11F4C4A
S2140324A01F4B20781B680DF10E0198471D4EBDF893
S2140324B00E20307092B11C4B294600932846022307
S2140324C00195EFF78BFA3278237822B1012A12BFEF
S2140324D01B230133DBB2237004B070BD013818BF71
S2140324E00120F0E778235A43013A0A6008220F498D
S2140324F00BF07CFB0B49094A0978137821B10129B3
S21403250012BF1B230133DBB21370E5E71846E3E77C
S214032510A1630020A363002068550020A263002067
S2140325201C6C00202B6D002099270300A5E10300F7
S214032530024B1868003818BF012070475455002016
S21403254037B505461C460BF067FE68B974B1084BF1
S2140325501A60084B0A461C6001232946009303238E
S214032560FFF71AFF03B030BD4D20FBE72520F9E740
S214032570505500205855002013B504460BF04CFE6A
S21403258058B962B1074B1A6001230A4600932146E5
S2140325900323FFF701FF02B010BD4D20FBE7252004
S2140325A0F9E700BF545500202DE9F0410446DDE964
S2140325B006861D469DF820700BF02EFE88B99EB148
S2140325C0A2B10B4B01201A600A4B0A46C3F80080DF
S2140325D0094B21461E602B460697BDE8F041FFF7E0
S2140325E0DBBE4D20BDE8F0812520FBE72120F9E77F
S2140325F01C6C00205C550020585500200148EFF75E
S21403260025BE00BFD65C00202DE9F0410020EFF781
S21403261019F9114B114C1E68114B20881D68114B7C
S214032620114FD3F8008010B13978EFF7E9FF002097
S2140326303870FFF793FEEFF723FC0EB14046B04722
S2140326403DB12088A84700232380BDE8F0410BF066
S21403265072BFBDE8F08100BF58550020D65C00204D
S2140326605455002064550020A4630020F8B52F4875
S214032670F0F7DCF82E4B187830BBEEF7D9FD2D4F6C
S21403268006463B6803B32C4B2C4D1C6824B195F9C6
S21403269000301A461946A047294B1B6883B1294CBC
S2140326A02378312B0CD8284B18880BF0E5FA2378BF
S2140326B05A1C22702A78C25423785A1C2270C65495
S2140326C080232B7000233B60204C23781A2B22D8C0
S2140326D01F4A1278012A09D100211E4A156825FAD5
S2140326E003F0C007DAB20ED501B122700020EEF770
S2140326F09FFD2178884212D10022174B1A70FFF7EC
S214032700BDFE40B9F8BD0133D8B21A284FF0010117
S214032710E5D90A442270BDE8F840FFF775BF0020EC
S214032720EEF798FD0028E7D0F5E700BF206C002001
S214032730A363002060550020505500209E630020B0
S21403274054550020A4630020D65C0020A26300201A
S2140327502B6D002064550020A063002008B50B4BAA
S214032760187880B90221EEF737FD094B1B782BB199
S21403277000214FF6FF720846EEF710FDBDE808404D
S2140327800448FFF773BF00210846ECE7A363002065
S2140327909F630020206C002038B5144B0C461D7830
S2140327A0012D21D181B90846EEF742FD104A05FAFC
S2140327B000F013680F4923EA0003136020462A46F5
S2140327C0BDE838400BF012BA0B4A13780133DBB27C
S2140327D0022B137004D9BDE838400848FFF746BFFC
S2140327E0FFF74CFE0028F6D138BD00BFA3630020D8
S2140327F064550020A5E10300A0630020206C0020A0
S21403280038B50C4605460BF053FAA04203D82D21E3
S21403281003480BF015FE28460BF02EFA204438BD6D
S214032820B082040070B506460D460BF025FA044642
S21403283048B130460BF03CFAA84203D8352102488B
S2140328400BF0FEFD605D70BDB082040070B50C46F3
S214032850064615460BF02CFAA04203D83E21044840
S2140328600BF0EEFD30460BF007FA00B1055570BDD0
S214032870B08204002DE9F0431E46574B8FB01B78F9
S2140328800746033B012B0C4615469DF8588007D890
S214032890F4F718FA20B1F0F71DF908B144F4005420
S2140328A04E4B1B7813B924F40074A4B2200509D543
S2140328B046B9284604A9F0F70DFD002846D024F4AF
S2140328C00064A4B2ADF81840ADF81A5007F0EFFB59
S2140328D0434BADF81C00B8F1000F02D01A784245FE
S2140328E001D293F800803F4AE105137848BF0DF103
S2140328F0210103F10103DBB2137058BF08A92205B7
S2140329008DF81E808DF81F3006D53368083141F8E0
S214032910083C736841F8043CE30407D5324A08319F
S214032920136841F8083C536841F8043C0DF1180855
S214032930A1EB08005FFA80F9002148460BF010FA75
S214032940064628B900200FB0BDE8F08304AEB9E709
S2140329500BF092F941464A46E7F7B8FE30460BF0CD
S214032960A7F9804630460BF087F90023024600930A
S2140329704FF6FF7004235FFA88F107F0ABF9ADF862
S2140329800E000028DED040F201131C421AD14FF687
S214032990F7739D4216D80BF08BF90DF10E01044622
S2140329A0284600F0B5FDBDF80E000BF081F9E4B241
S2140329B0A04207D9BDF80E0007F0D9F9437843F0D3
S2140329C004034370BDF80E003A4601210BF0A0F94C
S2140329D0BDF80E00B7E700BFC8620020C362002040
S2140329E0DD6C0020C56200204A630020F0B508298C
S2140329F0D58889B028D00C2926D0AE0424D405F077
S214032A0040030B43424C267816B105F020042343BB
S214032A102FB2002FB8BF43F08003032920D112231F
S214032A20AC068DF80430937A10D48DF805300DF18A
S214032A30060401A9621A012392B2EFF74BFEB0FA1D
S214032A4080F0400909B0F0BD0B46DBE732228DF873
S214032A5005308DF80420002EE9D00DF11304E8E7C5
S214032A600C298DF804300ABF138953798DF8053085
S214032A70548805BF1B0A8DF806308DF805300DF116
S214032A80070318BF0DF106031C70240A5C70148834
S214032A9002399C70240ADC70147901291C7111D840
S214032AA0917A002F597131DA022112899971DA71FC
S214032AB0120A03F109041A72002EBAD0AB06B8D56F
S214032AC00534B6E7A9071AD4002F0CDA117A51B1E8
S214032AD0917A59711189127A03F1080492B102228C
S214032AE09A71D971E8E70B4C217801F1010C84F84F
S214032AF000C091729C1D002F5971DDDAEAE7917AC6
S214032B009C1DF8E70122090A9A71EAE79C1DD3E7A0
S214032B10C3620020C4620020014B1880704700BFC8
S214032B20D85C0020014B1888704700BFD85C002093
S214032B302DE9F84307460BF07CFC05461B480BF0D3
S214032B40EFFD1B4B60B31C683C1B2C44A4B2002255
S214032B50184BDFF868901B78174D03EB830399F83F
S214032B60006005EB43055FFA82F846450AD9AB8851
S214032B7005F10A00A34216D90A23B21A29465A4374
S214032B80E7F766FC013689F80060AC80B8F1000F01
S214032B9003D1394605480BF05BF92846BDE8F883B0
S214032BA03C461D60D3E705460132DCE7406C002057
S214032BB06C550020A56300207A590020A6630020E8
S214032BC01FB5154A154C1378013BDBB213706168C9
S214032BD0206801AA03C221891180114A1278D218EB
S214032BE005D00A2320465A43E118E7F731FC9DF83F
S214032BF006301B070DD0BDF80C00FFF799FF034600
S214032C008288ADF8082001AA03CA128818605960A2
S214032C101A8104B010BD00BFA56300207A590020B6
S214032C20A6630020002108B5084B09481970094B14
S214032C301970094B1A7802EB82025200E7F7B6FBCB
S214032C40BDE808400548EFF7F1BD00BFA6630020C6
S214032C507A590020A5630020E96C0020406C002010
S214032C60F8B50024084D094F094E3B783178E2B297
S214032C700B449A4204F1010400DBF8BD2846EFF743
S214032C80E5FA0A35F1E700BF7A590020A66300206B
S214032C90A5630020F8B516460C4B0D4A1B78127830
S214032CA0074613440B4A0D46127893420CD030461F
S214032CB0FFF73EFF013506810780857004460BF05B
S214032CC0B3FBE0800120F8BD0020FCE7A5630020ED
S214032CD0A6630020E96C002010B5064C207828B1C6
S214032CE00548F5F799FD10B1034B188810BDFFF79B
S214032CF067FFF3E7A56300207A59002008B50A4A60
S214032D000346107860B1094A1088984209D121B960
S214032D109378103323F00F039370FFF751FF0120CE
S214032D2008BD0020FCE700BFA56300207A590020F9
S214032D302DE9F74F00260BF07CFBDFF8F890B24640
S214032D4099F80070B3463A46DFF8EC801FFA80FE27
S214032D50B8F800C0344CAEEB0C039BB20193237857
S214032D60324D009303EB830305EB4303ACEB0E0CEE
S214032D705FFA86FEBE4515D3BAF1000F01D0009B5D
S214032D802370BA422AD3002F37D00A222378C8F8F2
S214032D90000002FB03532648998803B0BDE8F04FB2
S214032DA00BF056B8B3F804E001998E4512D84FF0ED
S214032DB0010A009993F802E001310EF1FF3EC9B211
S214032DC0013AA3F804B083F802E00091D2B20A33C2
S214032DD00136CDE7E644A3F804E0F8E789F80020D7
S214032DE04AB10A222378C8F8000002FB03531048AE
S214032DF099880BF02DF8237813B903B0BDE8F08F4C
S214032E00FFF76AFF06460028F5D006F0D1FE014616
S214032E10304607F081FD20B100212888FFF76EFFBA
S214032E20E9E740F60241F8E7A56300207A59002057
S214032E30406C0020A66300206C5500202DE9F0416D
S214032E4092F808801F4608F1FF33DBB2EF2B0546E6
S214032E500E46144688B00BD982238DF80E303146C1
S214032E6028469DF80E30204AFBF774FA012037E017
S214032E700E22002104A8E7F799FAB4F809308DF872
S214032E801180ADF81230E37A03F07F02032A08D0EC
S214032E90012B24D103238DF81030A389ADF8153008
S214032EA00EE0032B14BF022301238DF81030E368D2
S214032EB0CDF815302369CDF81930237D8DF81430FD
S214032EC0A7F121014A420DF10E034A410093214620
S214032ED00DF10F0304A8FAF793FD0028BFD10020D5
S214032EE008B0BDE8F08100BF483904002DE9F04F73
S214032EF000241D7895B0CDE90201049223462246AC
S214032F000120CDE90054404909F009F8ADF81E0048
S214032F10F8B1A346264627460DF120090DF1380AD7
S214032F20E4F7B6F95FFA84F8404516D83A46022124
S214032F30BDF81E00FFF78AFC32460421BDF81E00CA
S214032F40FFF784FCDDE903100022BDF81E30FBF713
S214032F5001FA012015B0BDE8F08F4A4640460AA99B
S214032F60FAF740FD9DF8282022B12DB1013DEDB2C0
S214032F700137FFB20134D3E7BBF1000FF8D199E86C
S214032F8003009DF829308AE803008DF84030BDF829
S214032F902A30032A8DF841304FEA13238DF8423046
S214032FA017BF032301238DF843309DF82C30DDF83B
S214032FB03110DDF82D0014BF8DF84C308DF84330FA
S214032FC011AB03C302980CBF4FF00E084FF0150861
S214032FD008F06CF90590BDF81E000AF069FE059925
S214032FE000EB080399420BDB0123424651460DF1E1
S214032FF01E00EFF76FFB0028ABD10136F6B2B7E73A
S2140330004FF0010BB4E700BF8582040038B50546D0
S2140330100D4B0E481C88EFF7F5FB012D0CD10C4B1E
S2140330201C88FA21614358B1884209D28408012CCE
S214033030204638BF012038BD022D08BF0224F0E722
S21403304002480AF005FFF2E7765900207045002093
S21403305074590020012208B5054B06481A70002152
S2140330600AF0F6FEBDE808400020FFF7CFBF00BF1A
S21403307094620020704500201E4B73B51A8802F137
S21403308008039BB2012B02D81B4B1B7823B902B053
S214033090BDE87040EFF7CABB0024184B184D1C70F0
S2140330A0184B1C702B787BB14FF6FC73164E0093AF
S2140330B0224623462146308808F036FB4FF6FD733A
S2140330C02C70338001200FE0104B10461978F4F76C
S2140330D019FF0028F6D10C4B1A884FF6FD739A4257
S2140330E0F0D0012302202B7002B0BDE87040FFF73A
S2140330F08DBF00BF7859002094620020976200209D
S2140331009562002096620020725900209862002083
S214033110012808B50AD002280CD020B9084B18702D
S2140331200848EFF783FB4FF0FF3008BDBDE80840C3
S214033130FFF790BF0020BDE80840FFF767BF00BF5A
S214033140946200207045002002280CD859B1064A24
S21403315013780133DBB21370044A12789A4202D80A
S2140331600220FFF7D5BF70479662002099620020C1
S21403317038B5A0F61343012B04460D4615D80E4A60
S21403318013780133DBB213700C4A12789A420CD8C8
S2140331904FF6FD720A4B00201988914201BF0022A8
S2140331A01D80084B1A70FFF731FF29462046BDE8FD
S2140331B0384004F00EBF00BF976200209A620020DA
S2140331C0725900209562002000234FF6FD71054AD0
S2140331D01370054A1370054A1180054A1370054A91
S2140331E01370704797620020966200207259002081
S2140331F0956200209462002030B5094B02461B7886
S21403320033B1084B084C19780023D8B2884201D34F
S214033210FF2004E0013334F823509542F5D130BD46
S214033220E86C00209C620020525900200022FF21F7
S214033230044B05481A70054B1970054B1A78920013
S214033240E7F7B4B89C620020565900209B62002022
S214033250E86C0020F7B58DF807100DF1070104465A
S21403326002F059FE234B1D78002D41D02046FFF770
S214033270C3FF214EFF283178204B05D1204A107812
S21403328085422DD9451C1570884219D01C4A1B4D02
S21403329092F800C00022D7B2BC450CD92F4697F847
S2140332A003E00132864505F10405F4D102B203EBCF
S2140332B08202D278FA7002B203EB8202D1703070C7
S2140332C002B203EB820123F82240FF228A709DF8A4
S2140332D00720FF2A02D003EB8203987003B0F0BDE9
S2140332E00A46104603EB8202D278FF2AF9D1CBE7CF
S2140332F0FF20F3E7E86C00209B620020565900206D
S2140333009C6200202DE9F843FFF776FFFF2804466A
S21403331069D04FF6FF72354F03B2DFF8DC80344EC8
S21403332027F8232098F80050A54202D10020BDE8D4
S214033330F883337820B28100A34207EB800090F82D
S21403334003E010D00023294A5FFA83F94D459446DB
S21403335006D99CF803900133A14502F10402F3D188
S2140333608CF803E001E086F800E0013DEDB22A1B8D
S214033370D2B2043192003944E7F76AF888F800506D
S2140333803378FF2B04D0A34224BF03F1FF333370FB
S21403339000214FF6FF70154BCAB2AA420CD3002386
S2140333A04FF6FF71134ADCB2AC42BBD2013332F89C
S2140333B023008842F7D1B5E79A78A2420BD118804A
S2140333C0DA78FF2A04D0A24224BF02F1FF32DA7071
S2140333D001310433E0E7FF2AF2D0A24224BF02F110
S2140333E0FF329A70ECE72D20A1E700BF5659002064
S2140333F09B620020525900209C620020F8B51C4BAB
S21403340005461B78084673B3FFF7F6FEFF28044607
S21403341029D02846FFF7F0FEFF2806D0154B164E98
S2140334201A780023D9B2914218D3FF212846FFF712
S21403343011FFFF28014616D00546104F23B207EBAF
S214033440830237F823009678FFF704FFA84208BFE5
S214033450FF25FF2E214608D12846F8BD013316F86E
S21403346023108142DED1FF25F6E73446E6E700BFA8
S214033470E86C00209C620020545900205659002016
S2140334802DE9F04180460E461F46002386B001A86C
S21403349014469DF830508DF80330FCF74BF8ADF822
S2140334A004802EB13368CDF806307368CDF80A3041
S2140334B038460AF0E1FB0DF103034219214601A841
S2140334C004F093FD9DF8033093B931464046E4F784
S2140334D001F90E4B1B785BB10B2C09D8FF21404634
S2140334E0FFF7B8FE064605EB4404E4B2A54202D154
S2140334F006B0BDE8F0812946384608F0B3FC3146ED
S214033500FFF7A8FE02350646EDB2EFE7E86C0020AB
S21403351000232DE9F3470DF107028DF80730044623
S2140335200E4602F0E3FC9DF80730054663B92046D5
S214033530FFF762FE04465EB130880AF0B9FB5FFA15
S21403354080F8FF2C45D10025284602B0BDE8F08759
S214033550B046F6E701320C2AF5D02DB207EB850507
S214033560AD78FF2DF6D112F0FF0AECD04FEA4A05EC
S2140335700235EDB2002EE7D0304605EB080108F021
S21403358036FC0028DFD1524641463088FFF75EF905
S2140335900AF1FF3208F1010108F102093088D2B2BC
S2140335A0C9B25FFA89F9FFF751F924B207EB84042D
S2140335B0A478FF2CC8D023B2494637F82320308896
S2140335C008F060FC0028BED109F102095FFA89F908
S2140335D0EBE725460022014FBFE700BF5659002000
S2140335E0FF2818BF064B10B51BBF03EB800433F848
S2140335F020302D200B801EBFA3780020137010BD33
S2140336005659002008B5D2F76BF9D1F7F3FD00F051
S21403361091F9D2F7DFFFBDE80840D1F797BB38B57D
S214033620044690F844108378826CCB1A5942594169
S214033630D1F714FCE37893B1257985B900F012F934
S2140336400346A268218A04F11C009C1A8C4236BFEA
S21403365052182946D11ABDE8384000F0FAB838BDEA
S21403366009B1D2F7ADB9D2F7BBB938B583880446EA
S21403367003B3E3780088A17804F10C05A3B1002313
S214033680B1FA81F1E3704909FFF7EAFF4FF6FF72DB
S214033690A388218993421CBF03F1FF33A3802846E6
S2140336A0BDE8384000F0D5B80123E370FFF7D8FF34
S2140336B0E188F4E738BD10B5044681780088FFF743
S2140336C0CFFF0123E3700023A38010BD10B58178DC
S2140336D00446B1FA81F100884909FFF7C1FF0023C8
S2140336E0E370A38010BDFFF7F1BF70B5044605462F
S2140336F000262B4655F8040B10B11B1B0C2B00DDC4
S21403370070BD237C8680002BF3D0637C13B1FFF758
S214033710D2FFEEE7FFF7DAFFEBE7FFF7E6BF70B59A
S214033720044605464FF6FF762B4655F8040B10B1B4
S2140337301B1B0C2B00DD70BD8388B342F4D04FF403
S214033740FA724FF6FF731146D1F7DCFBECE709B1CB
S214033750D2F736B9D2F744B910B50446C06008307C
S214033760D2F728FA21792088B1FA81F14909FFF7BF
S214033770EEFFA37943B121796088B1FA81F1BDE800
S21403378010404909FFF7E3BF10BD00F058B80929F8
S21403379001D900F054B870470346184613F8012BB6
S2140337A08A4201D0002AF8D1704710B53B2104465F
S2140337B00068FFF7F1FF0022034603F8012B206899
S2140337C0236010BD10B540B1421E0A24002012F833
S2140337D0013F303BD9B2092900D910BD04FB0030A4
S2140337E0F5E708B500F028F850F80C3C23B150F87C
S2140337F0041C30F80E0C18477047084619B1FF2111
S214033800103002F070BA7047007800F0DF03552BD3
S21403381007D0642807D0663818BF4FF0FF30C0B211
S2140338207047012070470320704718B12D280CBF3E
S214033830012002207047704708B501F046FE08B520
S21403384000F06DF8BDE8084004F095BB50E902307F
S21403385018470A460830FF2102F03CBAFF21083019
S21403386002F049BA08B50AF043FEBDE8084009F07D
S214033870B7BA2DE9F041044600274FF00C0E8F42ED
S21403388002DB0020BDE8F0812078904204D10025B9
S21403389094F80780454502DB01370C34EFE70EFB4F
S2140338A005F6D4F808C00CEB06003CF806609E420A
S2140338B0E8D00135EEE7F0B585B005460E46174667
S2140338C0D2F7B8F90446A0B131462846D2F780F9B4
S2140338D083783A46002BA36831460293A37828469A
S2140338E001934FF0000300930CBF80234023E0F7BF
S2140338F005F905B0F0BD08B51288D2F79BF950B1AB
S2140339000279BDF80C309A4207D881680298E6F728
S2140339109FFD002008BD8620FCE78920FAE70020EB
S21403392004F0ADBB08B504F01AFC002814BF03204E
S214033930002008BD704708B502F0B1F8FFF762FE35
S214033940D2F7CEFA642003F063FF642003F05FFF30
S21403395002F0A7F8D1F726FA08F09CFEF8E7F8B5C8
S214033960D0E90176437B04460D4613B133463E4603
S2140339701F46FFF777FF012D206438460ED1D1F797
S21403398029FB3046D1F74AFB257360784FF47F4214
S214033990BDE8F8404FF48171FFF78DBF022D05D1C6
S2140339A0D1F73CFB3046D1F715FBEDE7D1F736FBF5
S2140339B03046D1F733FB0025E6E738B5037B0446EC
S2140339C08B420D4607D190F844305BB3BDE83840D0
S2140339D04830FFF743BFFFF745FF216C431AC72B59
S2140339E00CD80123C83184F8455084F84430091AAA
S2140339F004F14800BDE83840FFF72BBF0DB1237B29
S214033A002BB929462046BDE83840FFF7A8BF00215A
S214033A102046FFF7A4FF0123C82184F8455084F805
S214033A204430E5E738BD90F84510FFF7C6BF0121DF
S214033A30FFF7C3BF0221FFF7C0BF0021FFF7BDBFDB
S214033A404FF60173994210B5044602D10021FFF7E1
S214033A50B4FF2046BDE81040D2F75ABB032910B581
S214033A6004462BD0007B30B9012903D002290CBFB2
S214033A700120FF2010BD032A07D8DFE802F0020862
S214033A80101401291CD002291FD0FF20F2E70029B9
S214033A90FBD1B4F85C20012A12D0022AF4E70429E9
S214033AA00ED00529F0E7042914D0052914D00029DF
S214033AB0EBD1B4F85C20111F0129ECD80220D9E71A
S214033AC05A1E534253415800D4E7022B0CBF022020
S214033AD00120CFE70020CDE70120CBE730B587B044
S214033AE005460C46D2F788F9012820D11CB1611E81
S214033AF04B424B4158006B784FF480728DF804307C
S214033B004FF48273ADF806304FF48173ADF8083086
S214033B1001238DF80B30002385F8900001A8CDE92A
S214033B2003238DF80A408DF81430D2F799F907B0BD
S214033B3030BD41680346C978027B99B98168C97864
S214033B4099B9002A08BF0321D2F7A2BB9B7B002B9F
S214033B500CBF01210221F7E79B7B002B0CBF022140
S214033B600121F1E7012AF1D17047012AF4D1704708
S214033B70042910B5044604D831B1BDE81040D2F785
S214033B800BBC05290DD010BD037B5522002B08BFA7
S214033B900321A0F85C1040781221FFF78CFE204624
S214033BA0EBE743681A8A83681A82E6E701230373FE
S214033BB00378013343734FF44073C38103230374C1
S214033BC00023A0F85C3080F89030704710B50446A8
S214033BD0806BD8B1E278022A04D0636B5B7972B942
S214033BE084F83C3094F83C306BB1FFF764FD6078A2
S214033BF04FF60272BDE810400621FFF75CBEB3FA2B
S214033C0083F35B09ECE7FFF761FDF0E710BD10B542
S214033C100446406BD1F7DEF92046BDE81040FFF7B7
S214033C20D5BF10B50446406BD1F7F8F92046BDE87A
S214033C301040FFF7CBBF10B50446406BD1F714FA1C
S214033C402046BDE81040FFF7C1BF10B5044600226A
S214033C5006214078FFF72FFEA378022B01D0FF2B17
S214033C6004D12046BDE81040D2F728BD10BD4FF65C
S214033C700273994210B5044601D1FFF7A7FFE37814
S214033C80022B02D02046FFF7A1FF2046BDE81040D6
S214033C90D2F714BD10B58278044603797AB90BB10E
S214033CA0D2F7CCFD2046D2F7F5FD03236078A4F8BF
S214033CB06C305522BDE810401221FFF7FCBD012BE6
S214033CC001D1D2F7BBFDA379012B02D12046D2F74F
S214033CD0E1FD0123EAE710B58378044683B9037947
S214033CE00BB1D2F7C1FD2046D2F718FE0423607845
S214033CF0A4F86C305522BDE810401221FFF7DBBD57
S214033D00B0F86C30022B0CD00379032B01D1D2F719
S214033D1095FDA379032B02D12046D2F7BBFD0023E2
S214033D20E5E7D2F73BFEFAE7827883685AB9DB7891
S214033D30002B14BF03230423A0F86C305522122152
S214033D404078FFF7B8BD1A7922B9DB78003B18BF75
S214033D500123F1E70223EFE77FB500239E6A0446BB
S214033D60B6F5804F0D460CD201A8D2F7BBFF039BD6
S214033D705B0506D529462046336C04B0BDE8704083
S214033D80184704B070BD00239B6AB3F5804F05D275
S214033D901B6BB3F5804F01D29B6818474FF48170B5
S214033DA070471FB500239A6AB2F5804F04D340F2DA
S214033DB0011005B05DF804FB126BB2F5804FF6D226
S214033DC0012201A8CDE902338DF80420D2F78AFF39
S214033DD0039BDB03EBD5029B1A0EE8D0012A03D123
S214033DE0C3F307430A2BE2D900239B6A1B6B1B6CA6
S214033DF09847DEE708B50AF03FFDB0FA80F04009C1
S214033E0008BD134610B542B103439B0707D10AF01A
S214033E1037FDB0FA80F0400910BD0120FCE7002012
S214033E20FAE700230360704703680B60016070477E
S214033E3010B538B132B129B100230139D45C14B9B5
S214033E400023037010BD8B42FAD200F8014B0133F6
S214033E50F4E7034638B10020814204D01A5C02B965
S214033E6070470130F8E770474FF0FF31FFF7F1BFB7
S214033E7070B50C461646054660B15AB151B1FFF708
S214033E80F3FF844206D9211A32462844BDE870401F
S214033E90FFF7CEBF70BDFEE7FEE700239A4200D1D0
S214033EA0704710B550F8234041F8234001339A4237
S214033EB0F8D110BDD3F776BB4369426CD91C143ACC
S214033EC0B1FBF2F103EBC1000330B0FBF2F00230BA
S214033ED0704738B505460C46FFF7EEFF6A6CE31DE0
S214033EE0143AB3FBF2F3013304EBC30402FB0040C2
S214033EF038BD38B5054644692146FFF7EAFF6A6CC4
S214033F00E31D143AB3FBF2F3013304EBC30420447A
S214033F1038BDF7B507460E4600257C6CA8196442E3
S214033F2080EA06031C4003D02C46204603B0F0BDAF
S214033F30FB6B01225B6901A99847019B0133F4D10E
S214033F400435EAE770B505460C46D5F701F9EB6B81
S214033F502046BDE87040DB68184770B50025044668
S214033F6086B00562E369AB4202D8206A06B070BD2C
S214033F70666C2068E36B05225B6901A906FB0500F6
S214033F80984701A800F023FC00F046FC10B1236A12
S214033F90013323620135E5E738B50446456C00680E
S214033FA004F1400305FB0101E06B00F042FC05460B
S214033FB02046FFF7D2FF284638BDF0B50546002653
S214033FC087B0EC69013CB44203D80C46204607B0E0
S214033FD0F0BD01B14C1E6F6C2868EB6B05225B6964
S214033FE001A907FB0400984701A800F0F0FB00F0C6
S214033FF013FC0028EAD121460136E2E7F0B5044671
S2140340000D46466CE36B006887B005225B6901A921
S21403401006FB0500984701A800F0D9FB00F0FCFB5F
S21403402020B101A800F0AAFB07B0F0BD2946204640
S214034030FFF7C3FF0646676C2068E36B05225B69E0
S21403404001A907FB0600984701A800F097FB431C4D
S214034050EAD0B54238BF0130E6E72DE9F0434FF624
S214034060FF79D0F8248004460E46C84514BF45465B
S2140340700025002787B0E369BB4202D807B0BDE836
S214034080F083E26B2368606CD2F814C000FB053043
S214034090052201A9E04701A800F099FB022806D0F3
S2140340A0C8450CD1721C29462046FFF775FFE36905
S2140340B00135B5FBF3F2013703FB1255DBE729465F
S2140340C02046FFF79BFFB0F1FF3F14BF0246324680
S2140340D00132E8E70368F0B5CC1A436C0646B4FB36
S2140340E0F3F4002587B0F36937685A1E9542706C5F
S2140340F008D3706C336800FB043007B0BDE8F040AB
S21403410000F095BB0134B4FBF3F203FB1244F36BEC
S21403411005225B6901A900FB0470984701A800F01B
S21403412056FB00F079FB0028E3D10135DBE710B43A
S21403413023F0030422449B070A44436C18BF04324B
S2140341405B4281EA0204234203D05DF8044BFFF787
S214034150C1BF10465DF8044B70472DE9F041D0E926
S2140341600A369E42044686B028D11422C36945689F
S21403417002FB1355284606B0BDE8F0812068676C3D
S214034180331AB3FBF7F3E26B07FB0300D2F8148092
S21403419001A90522C04701A800F019FB012804D095
S2140341A0636C1D44013B3340ED1A31462046FFF74E
S2140341B091FF0646A36AB342E0D1DBE70025F9E7A1
S2140341C008B508301346D1E90012D4F747FF01209B
S2140341D008BD13B50C46002121760093616813468B
S2140341E02246D3F735FB18B1E37D03B1A07EA07555
S2140341F0A07D02B010BD73B5164600F108050C4647
S214034200284609680DF1070200F098F9032E06D137
S2140342106368834203D12846216800F076F90120BB
S21403422002B070BDD01E009B42424241187E8242BD
S21403423011D11A688A420ED85A688A420BD35A6931
S21403424001325A61D3E9030282423FBF986840F8BD
S214034250221001321A610120704710B5032A029C0E
S21403426007D1A26A5340626C5242134201D100F056
S2140342704CF9012010BD08B5C36800209847BDE877
S2140342800840D4F76DBF012814BF0420022070B580
S214034290002442431C70CC7D101D02F002024CB970
S2140342A01AB1012220F003001A7000F108034868CF
S2140342B0184470BD1AB1012220F003001A700023BF
S2140342C00C7E01F12005DAB2A24201D30020F0E70A
S2140342D035F833205E1C824206D901EBC30300F196
S2140342E00802D8691044E4E73346801AEBE773B54F
S2140342F0054690F842601C4630460DF10303FFF76F
S214034300C2FFEB6B012E5B690DD1324601A99847BC
S2140343109DF8033013B1BDF806300193BDF80430A1
S214034320236002B070BD0122214602B0BDE8704092
S2140343301847F0B5054600244868EB6B87B00E4671
S21403434001225B69029402A908309847274695F82C
S2140343504230012B40F0AC80632C00F2AB80612C22
S21403436008D805AB224631462846FFF7C0FF9DF81E
S21403437014305BB305AB2246314628468DF81070E1
S214034380FFF7B5FF95F84230012B059B7FD14FF61B
S214034390FF72934256D0082205A904A800F063FAD8
S2140343A0059B9DF81010C3F3072291424AD1DBB256
S2140343B0029A1A44029245E0DCD005AB2246314607
S2140343C02846FFF794FFBDF81430D2E795F842303D
S2140343D0012B39D1612C2ED822463146284603AB11
S2140343E0FFF785FF3146284604AB621CFFF77FFFC5
S2140343F03146284605ABA21CFFF779FF1022082397
S2140344000DEB02010DF107008DF8073000F02BFAD3
S214034410102205A90DF1070000F025FA039BDAB276
S2140344204AB99DF80720B2EB132F04D1DDE9043215
S21403443003EB0243029395F84230012B14BF01238A
S21403444002231C44013482E7302CF4D8224631463A
S214034450284603ABFFF74BFF3146284604AB621CE6
S214034460FFF745FF102320220DEB03010DF1070094
S2140344708DF8073000F0F7F9039B9AB2002ADAD1D9
S2140344809DF80720B2EB134FD5D1049BD2E7013337
S214034490D8D0102205A90DEB020000F0E4F9059B25
S2140344A09DF81010C3F307429142CBD19BB27FE72E
S2140344B0312C81D9029807B0F0BD13B500240194BE
S2140344C0049C0094D3F7A0FE02B010BD13B50124DC
S2140344D00194049C0094D3F797FE02B010BD00230A
S2140344E04FF0FF3230B544689C4202D1002303727A
S2140344F030BD016801EBC30541F833206A60013320
S214034500F2E7C0E90012FFF7EABF0023F0B54568FB
S2140345109D4210D00468DF0054F8332004EBC30632
S214034520B2F1FF3F08D0C2F31302914204D14FF019
S214034530FF33E3517360F0BD0133E9E70023F0B5C1
S21403454045689D4202D14FF0FF300EE00468DE005E
S21403455054F83340671C09D0C4F31307B94205D196
S214034560240D1470036833445868F0BD0133E8E73C
S214034570704770B59400224605460E460AF080F949
S214034580431C0AD058B9224631462846E6F75AFA5B
S214034590002814BF3D20002070BD6E20FCE771206C
S2140345A0FAE713B5044601A8D5F7D4FB9DF8063001
S2140345B023804FF480736380D5F7DAFB60600020B6
S2140345C002B010BDD5F74ABB08B5D5F73BFB0020B4
S2140345D008BD10B5044644EA010313F00303084676
S2140345E009D1934201D1002010BD54F8231040F89E
S2140345F023100133F5E721469200E6F767F8F2E762
S21403460010B504460AF038F9431C10D088B9D5F71C
S214034610AFFB234620F003002044984201D100203C
S21403462010BD53F8042B0132F7D03E20F8E76E2076
S214034630F6E77120F4E7704713B5002304460146F6
S2140346401B220DF107008DF8073000F00CF92268E5
S2140346509DF80730B3EBD26F0CBF0120002002B0E9
S21403466010BD13B500230446014620220DF10700B2
S2140346708DF8073000F0F7F80DF107001A22211D18
S21403468000F0F1F862689DF80730B3EB926F0CBF49
S2140346900120002002B010BD0068431C5842584158
S2140346A07047006810F07E0F0CBFC0F3C160002097
S2140346B070470068C0F3D3107047006800F07F00AF
S2140346C001288CBF002001207047036813F07E0F7B
S2140346D014BF042008207047036813F07E0F03D12D
S2140346E0406820F07C40704713F078001CBF03F04E
S2140346F07F03D81F7047006800F07F0070470328C9
S21403470009D0022803D1C1F10201C8B270470029BB
S2140347100CBF07200020704737B5054601F10C048F
S21403472043696946012220469847BDF800300122B6
S21403473001932046AB6901A9984703B030BD37B54E
S21403474001F10C0443690122694605462046984751
S2140347504FF6FF72009B99B291420DD16FF30F0390
S21403476043F4254343F0A503019301222046AB6996
S21403477001A9984703B030BD0020FBE737B50446D0
S21403478000251B22011D0DF107008DF8075000F0D0
S2140347906AF860689DF80720B2EBD06F03D120F06B
S2140347A0784003B030BD0DF107001B2204F1080169
S2140347B08DF8075000F057F8A0689DF80730B3EB64
S2140347C0D06F01D1C043EAE74FF0FF30E9E74BF281
S2140347D09A22036810B5B2EB134F044613D19BB26B
S2140347E0012B13D1FFF7CAFF01300CD04FF6FF722F
S2140347F0E068B2EB104F4FEA104309D180B2C01AFB
S21403480018BF012010BD2368013303D00420F9E745
S2140348100220F7E70320F5E701288CBF00200120DC
S2140348207047033801288CBF0020012070471430DE
S21403483070472DE9F04105469846036908460E463B
S21403484017469847044638B943463A4631462846FB
S214034850D4F7F6FC044618B131462846FFF75CFF4A
S2140348602046BDE8F0811F2A0B689EBF4FF0FF313C
S21403487091408B43590801F055315B1A03F03331ED
S2140348809B0803F033330B44017803EB13130A44FA
S2140348904FF0013103F00F334B43A2EB1362027068
S2140348A0704708B507F09EFDBDE808400021D4F721
S2140348B0D1BD02210320D4F7CBBF704770477047A2
S2140348C070474FF050234FF400321A6770474FF08B
S2140348D0B0435A6812B19A6A002AFAD1704770B583
S2140348E0054614460E4609F0ACFC2B685C40344083
S2140348F05C402C60BDE8704009F09EBC0122417804
S21403490003788A4030214B4342F2100103F1A0435F
S21403491003F570335A50704721FA00F2D20730B5C8
S214034920034600F0FC040FD500220132D2B2042A5B
S21403493002D14FF0FF3008E0831803F0030323444B
S21403494021FA03F5ED07F0D4184630BD0020704772
S21403495000207047002070470020704701207047F2
S214034960012070470F207047E6F786BD002307B582
S214034970CDE90033012369464FF0FF308DF802304E
S21403498004F0CBFB03B05DF804FB0020704710B5C2
S21403499008B9212010BD0029FBD0036813F070422C
S2140349A005D1C3F30E030B607BB10020F2E703F0DF
S2140349B05044B4F1004F05D0B2F1304F02D0B2F1FB
S2140349C0404FE6D103F07F03EDE74368002BE0D0CA
S2140349D00B60EAE737B50C46054610B9212003B04D
S2140349E030BD0029FAD0002301A90193FFF7CFFFBA
S2140349F00028F4D12968019A11F0704102F10302EC
S214034A0022F0030201D12260E9E7AD68B1F1004F5D
S214034A10C5F38033C5F3403504D103EB4503534355
S214034A202360DCE7B1F1204F01D12B44F7E7B1F166
S214034A30304FFAD0B1F1404FF7D0CFE737B50C4639
S214034A400546002800F08780002900F084800023B4
S214034A500B60036803F070430B60C26822B1032A3D
S214034A6079D143F080630B60AB689A0149D403F0B5
S214034A708073EA680AB9002B6DD1226822F040726F
S214034A8013432360EA68032A05D12A69F62A62D902
S214034A9062F317432360AB681B0442BF236843F4E7
S214034AA000432360EB68032B1FBF23682A6862F367
S214034AB00E0323602B68AA68002B2ADB12F4C84F68
S214034AC049D12B6803F0704303F10043B3F1804FE1
S214034AD005D2530542BF236843F480632360002353
S214034AE0284601A90193FFF752FF40B92B6813F03C
S214034AF070421FD12368019A62F30E03236003B04A
S214034B0030BD03F04073B3F1407F18BF4FF000731E
S214034B10AFE7500402F4005105D4E1B1236843F42F
S214034B2000532360CDE7236843F4804323600029C2
S214034B30C7D0F3E703F05043B3F1004F05D0B2F10B
S214034B40304F02D0B2F1404F05D1019B5A1E236865
S214034B5062F30603D2E72120D1E738B131B101234E
S214034B604B604FF0005300208B6070472120704746
S214034B7037B50C46054608B9212016E00029FBD0B8
S214034B8001234B60C368A3B901A90193FFF722FF72
S214034B9058B9019B6A699A4209D32A69002AEBD05D
S214034BA0226043F000530020A36003B030BD1D20F5
S214034BB0FBE7032BE0D10023F5E7436813B9416015
S214034BC070475B685A68012AFBD159607047FFF744
S214034BD0DCBE08B5FFF7D9FE002814BF6FF09200BD
S214034BE0002008BD1346428870B50732072A0C46D4
S214034BF04FEAD20101D0A14222D14668058820227D
S214034C0018460021E5F7D2FB360A0346DEB9BCB1E7
S214034C1041F20102954205D0B5F5885F02D0B5F59D
S214034C20905F02D100205C6070BDB5F5105F0DD1BA
S214034C30182C03D0202C01D0102C01D11C60F1E7D6
S214034C406FF08600F0E76FF08B00EDE76FF08500FE
S214034C50EAE7F0B51C46436806461B0A0F461546A8
S214034C6089B035D122462946FFF7BCFF68B9EB1C4D
S214034C7023F00303C4E90307636145B92022002137
S214034C802046E5F793FB6FF0860009B0F0BD0146BA
S214034C9020226846E5F78AFB6A4629463046FFF730
S214034CA0A1FF0028EAD12368009A9A42E6D16368F6
S214034CB0019A9A42E2D1A368029A9A42DED1A36984
S214034CC0069A9A42DAD1E369079A9A42DDD0D5E783
S214034CD06FF08B00D9E7D5F785BBD5F79FBC704738
S214034CE00020704700207047C3681944836853F850
S214034CF0210030F8023B13607047012310B580F89B
S214034D0088300378044653B100F061FA2146204602
S214034D10D5F776FD2046BDE8104000F04DBA10BD2D
S214034D2038B50D460446D5F753FD6B682046C4F8E0
S214034D30B032A96800F096F94FF0FF332046C4F866
S214034D40B432FFF7CDFF38BDD0F8B43210B5013317
S214034D50044601D0002010BD00F0BCFAC4F8B4022B
S214034D600130F7D194F8B80280F00100F3E708B5F4
S214034D70D5F76AFD08BD0A7801382D2A0ABF012235
S214034D8000228918D5F7BCBD07281BD8DFE800F03A
S214034D90060A0D1013150417012070470022082079
S214034DA0D5F7AEBD00221020FAE700222020F7E751
S214034DB00820FFF7E0BF1020FBE72020F9E70846AE
S214034DC0D5F700BE002070472DE9F74307280C46A9
S214034DD0DDE90A7690461D4608D8013806280AD823
S214034DE0DFE800F01D27303A44574A00212850D008
S214034DF003B0BDE8F083002220461146E5F7A2FA89
S214034E003368C0B205EB83013A6845F823000133E3
S214034E1048F8221033603B6801333B60E8E7002222
S214034E2020461146E5F78EFA336880B205EB830118
S214034E30EAE7002220461146E5F784FA336805EBD5
S214034E408301E1E7002220461146E5F729FC336893
S214034E5040B205EB8301D7E7002220461146E5F76B
S214034E601FFC336800B205EB8301CDE70022204622
S214034E701146E5F715FCE1E7002389461E461D4665
S214034E808DF8063019F8013F7D2B06D125702D0AC3
S214034E9065703B6848F82340BDE7202BF2D006F048
S214034EA00102013612B98DF80430EBE71022002117
S214034EB001A88DF80530E5F7F3FB63190135987003
S214034EC0ADB2DFE72DE9F04F9B46002385B08B4557
S214034ED0814688469246CDE902336BDC1A461E4667
S214034EE019F80340212C09D81F2C04D8103C072C92
S214034EF098BF012200E001260133F1E7FF2CFBD126
S214034F005B4436B1013B43450ADD2B2005B0BDE8C3
S214034F10F08F62B1013B4345F7DC3546374602E086
S214034F2000252F462E46454504DB0020EEE7984530
S214034F30F3D0EAE75D453BDB19F80730202B18D1A1
S214034F4009EB07035B78FF2BDFD1CEB920465AF86F
S214034F502510FFF719FF78B303AB019302AB009359
S214034F602046DDE90E235AF82510FFF72DFF0135FD
S214034F70D9E7212B0ED109EB07035B78FF2BC4D1AE
S214034F80029B5AF825200E99012641F82320013367
S214034F900293ECE7A3F11004072C02D91C46013751
S214034FA0D3E709EB07035B78FF2BAED1E4B2CCE77C
S214034FB00624CAE72120A9E72620A7E72DE9F04F14
S214034FC007460E4615469846044685B0DDF84490D7
S214034FD0DDE90FAB206808B3DAF80020D8F8001034
S214034FE08A421BDA0E9B53F82210D2F70FFA48BBFD
S214034FF0DAF800200132CAF800206268117BFE2925
S2140350001BD10E9B1068012100932A464346CDE927
S21403501002B9CDF804A0FFF7D1FF04462B7843B9B5
S21403502099F800302BB97EB101233C4689F800304D
S2140350302B70204605B0BDE8F08F01238BF80030B7
S2140350402B70EBE70C34C5E73446F2E710B504469D
S214035050236803B910BD237A13B92046D5F7E8FCB5
S2140350600C34F5E710B541B10A7932B901249C3006
S2140350700C71FEF7D9FE204610BD0020FCE72DE993
S214035080F041BAB005460AAA084603A900F05FF93C
S2140350900446B0B90DF10A0301930DF10B038DF825
S2140350A00A0000930AAA284604AB03A9D5F770FEA4
S2140350B09DF80A20B2B19DF80B2048B12AB1D5F766
S2140350C0B7FC20463AB0BDE8F081FFF7BFFFF8E72C
S2140350D0D5F89C50002DF4D0A86808B1FFF7B6FFAA
S2140350E02D68F7E700B346681AAB06F10C082AAF3B
S2140350F001934046049B039900970AAAFFF7E2FE32
S21403510004460028DDD1039B05A8CDE90637049B9A
S2140351100595CDE90838D7F703F905A83368984706
S21403512005A800F03FFDCCE72D24CAE710B50446DA
S214035130AC30E5F737F804F1AB031A1800209342B6
S21403514000D110BD13F8011F0029FAD00A2908BFA1
S2140351500130F4E70023F0B50B6013600646D0F881
S214035160AC0278B196F8AC0060B1012406F1AC0746
S214035170D6F8AC02844210D306F1AC00B3F5007F38
S21403518010D30120F0BD0D6801350D60156801359B
S2140351901560F85C01330A2802D0B3F5007FF2D31A
S2140351A00134E5E7C15C0A29EBD00029E9D0116890
S2140351B0013301311160E1E710B50021D0F88C20EE
S2140351C00446E5F7F3F80023C4E9243310BD73B5AA
S2140351D0044600F1AC0580212046FEF73AFE4FF464
S2140351E0007106462846FEF734FE0136C0F5007009
S2140351F0864220461FD8E4F7D5FF06462846E4F73E
S214035200D1FF01362946421CA819E5F721F92046A5
S214035210E4F7C8FF214602462846E5F757FA204634
S214035220E4F7C0FF0A23204480F8AC300023C4F818
S214035230AC3202B070BDFFF779FF01AAC4F8AC0226
S21403524069462046FFF786FF0022009B234483F827
S214035250AC20C0E773B50D460446FFF767FF6B1C2B
S21403526019D1D4F8AC3213B1013BC4F8AC320025E3
S2140352702046E4F797FFA84215D82046FFF79CFF81
S214035280D4F8AC322BB16946204601AAFFF762FF79
S214035290A0B902B070BD012DFBD1D4F8AC32834265
S2140352A0F7D20133E1E7082000F023F8202000F0CE
S2140352B020F8082000F01DF80135D9E7009D04F119
S2140352C0AC06019BAB42E4D9715D2046D5F78EFE52
S2140352D00135F6E707B500200DF1070100F0E7F802
S2140352E020B99DF8070003B05DF804FB4FF0FF30CC
S2140352F0F9E710B5C1B20446002000F0C8F800284C
S2140353000CBF20464FF0FF3010BD0FB407B504AAFC
S21403531052F8041B00200192D6F704F8002003B0CD
S2140353205DF804EB04B0704710B54C1C0B4601192E
S214035330045D222C03D07B2C01D05C2C05D1D21A21
S2140353401844E5F785F8012010BD0020FCE72DE999
S214035350F047054691468846E4F724FF2A46064664
S2140353601346197801322029FAD0C9F800305C1B9D
S21403537001236FF0404AC8F80030A64201D8002047
S21403538014E02F5D29197B2F12D0222F2ED1D8F8A7
S2140353900030621C53442A4449F82320012C09D9BF
S2140353A011F8013C13F0DF0F04D02120BDE8F0878D
S2140353B07D27F3E701342B5DBB4209D12B195B78BC
S2140353C013F0DF03F1D1222F00D12B550134D4E79C
S2140353D05C2B07D1324621462846FFF7A5FF002857
S2140353E0E3D0013E0134A642E5D8DEE75C2F08D1C0
S2140353F0324621462846FFF797FF0028D5D0013EC0
S214035400E4E7202FE2D10022631CB3420A70DDD208
S214035410EA18EB5C202BD9D0D8F800300F2B05DC2C
S21403542049F823200133C8F80030CFE71E20BDE734
S21403543000F000B800207047D1F7D6BF70B50C4611
S214035440154610B9D5F762FF38B143682BB12A4623
S2140354502146BDE8704000681847232070BDF7B5A5
S2140354600D4616461C4638B9D5F750FF04B901ACAD
S21403547020B9232003B0F0BD03B901ACC768002FE1
S214035480F7D02346324629460068B847F2E707B501
S21403549001228DF807100DF10701FFF7CFFF03B0C8
S2140354A05DF804FB0B4601461846FFF7F0BF0023E2
S2140354B00122FFF7D4BF08B508F0BBFFFA23B0FB01
S2140354C0F3F080B208BD0420704740F20160D6F7BF
S2140354D013B87047012070470020704749BA89B255
S2140354E080EA0103C3F303125340180380B2584003
S2140354F05B0103F4FF535840704708B5D6F7C8FB63
S21403550058B1A0F15903042B06D8042B04D8DFE8BE
S21403551003F00404040304005C2008BDD6F710BDA2
S2140355207047F8B50C468D18073552421540A5F15D
S21403553008070646384600F0DFF9A188381B62885C
S21403554001EBE00189B2A2EBE00225F8041C25F882
S214035550062CA288C310AAB1A4EBC202B2F802C0FA
S214035560D18003EB0C015180E28892B1D31A9BB22F
S21403557004EBC20425F8023CA380B3680344B3607B
S2140355803846F8BD15F8082C42F0020205F8082C38
S214035590EAE725F8022CF0E72DE9F04F4FF0000874
S2140355A087B09946531C109B0546174614BF1446EE
S2140355B00824CDF81480002B00F0C580C3F80080C3
S2140355C0002900F0C28042688A4240F2BE8007315A
S2140355D021F0070608F042FE05AACDE900828246BE
S2140355E03A464B463146284600F08AF9059F8346DD
S2140355F007B130B9504608F02CFE192007B0BDE8B5
S214035600F08FB7F8028029694FEAC802C0EBC808D2
S2140356100139B8F1270F29617AD9B9F1000F51D1B1
S214035620864206F1080848D0224639462846FFF740
S21403563078FF04460590059B9844404600F05CF9C5
S214035640059906F10F004A88C308A2EBD002A8F812
S2140356500220CA88A8F80430002A30D0D31A9BB296
S21403566001EBC202A8F8063093808B88F608A38065
S214035670B8F804303A46E38041460023284666805D
S21403568000F0A6F9AB680833AB60237843F0010358
S21403569023702B6901332B616288AB68504603EB9A
S2140356A0C203EA68AB60934288BFEB6008F0D1FDA3
S2140356B0109B083400201C60A0E73C46BBE7A8F814
S2140356C00620D2E707EB08042046039200F014F9FD
S2140356D00BF10703DB080599638008F10703DB0872
S2140356E0A380CB8893B1DB00039AD81D821A5A4451
S2140356F0C2F3CF020B44E2809A80A38808F1FF38F6
S2140357004FEAD808A1F80280CB80BBE7E380F4E732
S214035710B9F1010F1BD107F10803B3FBF4F204FB45
S2140357201233B3B1224639462846FFF7FAFE04463B
S21403573023783A4643F00103237021460123284683
S21403574000F046F9A8E7222058E7212056E78642CC
S214035750E8D13C46ECE707B500224FF0FF3101AB3A
S2140357600192D6F74DF8019803B05DF804FB2DE9D6
S214035770F74F04460D46002900F0AB80D0E90568D4
S21403578008F06CFD15F8087C35F8061CFB0700903E
S21403579000D531B9009808F05CFD012003B0BDE8E0
S2140357A0F08FA368D4F8109035F804ECA3EBC10B84
S2140357B009F10103A5F1080C4A1CC4F808B02361DB
S2140357C0BEF1000F7BD0ACEBCE03D888B3F802A0B3
S2140357D00190187807F00207C00765D4002F64D13C
S2140357E00198A0EB0A07012F69D18A1CABF10807C1
S2140357F05244C4F81090A76035F802ECBEF1000FCF
S21403580061D0D4E900700CEBCE0A07EB0009CA4559
S21403581059D21CF83EC057461CF0010C15D1AEEB0E
S2140358200101012911D1BAF80210AAF802C0013108
S2140358300A44BAF80610002943D00AEBC1072169C7
S21403584001392161A1680839A16015F8081C013ADD
S21403585021F0010105F8081C002125F8061C5A80D2
S2140358601A7861F300021A707FB3C3F107023A4451
S214035870C2F3CF02DA80BA804EB3B34227D372881C
S214035880002A08BF1E46B8F1000F06D0434504D8C9
S214035890B8F80220002A18BF43460098C4E90563F7
S2140358A008F0D7FC002079E74FB115F8087C72445E
S2140358B027F0020705F8087C00279F809CE76346CD
S2140358C09AE70F46BBE70027BFE7DF80D4E71E460D
S2140358D0D9E7222062E710B50446D5F7A9FF21468B
S2140358E0BDE81040FFF743BFFFF7F5BF0846FFF7D5
S2140358F032BF0846FFF7F8BF0023036043607047D4
S214035900F0B5D0E90554561C08BF0822002B4FF00B
S214035910000008BF2C46DDF818C0CCF80000002CA9
S21403592037D09DF814706588FF0007EBC505C2F1F4
S214035930000E2078C00708D51BBBE088A0B104EB97
S214035940C004658807EBC505F3E78D42F4D363B956
S21403595004F10806B6FBF2F002FB106670180EB1EF
S214035960A842EAD8CCF80040F0BD082A0FD06088D9
S214035970013004EBC000461A06EA0E06801B854279
S214035980F0D2A0880028EFD0A4EBC004D9E70846DD
S214035990E8E72046E8E703460069C0B10AB951B90B
S2140359A01A6810460378DB0711D531B9C3885BB193
S2140359B000EBC300F6E79A69F3E7012904D183886D
S2140359C023B1A0EBC300EDE70020704718467047ED
S2140359D02DE9F041D0E90554074688461646ABB193
S2140359E0954200D00ABB424600213846FFF7D3FF54
S2140359F0B442054600D02EB9424601213846FFF789
S214035A00CAFF0446C7E90554BDE8F081954208D0AD
S214035A108D4228BF0D46B44205D0444538BF4446A0
S214035A20F0E70D46F7E74446ECE79442EAD1E3E7AE
S214035A3070B500261C46C3E90001C3E90266C3E944
S214035A4005001E611A775E62FFF756FF2369013968
S214035A50C908013341802361A36830460833A36035
S214035A60E3680833E36070BD002307B56846009318
S214035A708DF80430D4F7DCF803B05DF804FB10B5FA
S214035A8008F0DFFB044606F03FFD2046BDE8104065
S214035A9008F0D2BB70474FF4C870D5F729BFD5F7C7
S214035AA0DBBF00F01CB87047704708B503F07EF9FB
S214035AB003F086F903F08DF903F09CF9BDE808407E
S214035AC003F0ABB9704708B503F06BF903F06AF956
S214035AD003F069F903F069F9FFF7F4FF08BD08B5A9
S214035AE003F09CF903F09BF903F09BF9BDE808402B
S214035AF003F09EB97047012070472DE9F34112F079
S214035B0001050446884622D110F0030525D12F4609
S214035B105208BA4209D1D4F795F80026B74204EBE7
S214035B20860008D1D4F79AF811E054F827300133E9
S214035B300CD10137EDE7042258F826300DEB0201AD
S214035B40019308F09DFE30B1D4F788F83D2528462A
S214035B5002B0BDE8F0810136E0E70125F7E77047BC
S214035B60B0F1006F0FD300F07843B3F1006F0CD0A1
S214035B7000F06040B0F1404F09D0B0F1604F14BF61
S214035B80042003207047002070470120704702203E
S214035B907047002070471AB111B180B2D6F7D0B95A
S214035BA02120704701F097BEDFF780B8FFF78DBC62
S214035BB0D0E9023253F8223000211878DEF7C8BC49
S214035BC0704702F0D8B901F018BEC3688268013B7B
S214035BD0DBB252F823305B78652B02D10020E1F765
S214035BE007B86E2B01D10120F9E7662B01D10220FD
S214035BF0F5E7704710B5D0E90232044653F8223071
S214035C00187802F0A2FAE368A268013352F8233048
S214035C10BDE81040187802F096BA10B50446C0B234
S214035C20D7F75CFB200ABDE81040D7F757BBD0E98F
S214035C30023253F822301878D7F758BC02F035BA38
S214035C40DFF7D4BC08B501F0F9FEBDE80840E0F77D
S214035C50BDBED0E9023253F82230186801F0ECBE1C
S214035C600020E0F7B9BF0120E0F7B6BF0221D7F75F
S214035C70D3BB0321D7F7D0BB0521D7F7CDBB08B5D8
S214035C8001460C20D7F7A4FBBDE80840D7F732BB84
S214035C9008B501460020D7F79BFBBDE80840D7F7B9
S214035CA029BB07B5C2688368043253F82230012142
S214035CB01B880DF10602ADF806300023D8F730F93D
S214035CC003B05DF804FB08B508F0C7FBBDE8084061
S214035CD0EDF796BA10B51446D8F73EFC2146BDE854
S214035CE0104008F0B5B808B5D8F736FCBDE808404C
S214035CF0002108F0ADB808B5D8F72EFCBDE808407B
S214035D00ECF794BD08B5D8F727FCBDE80840ECF7D8
S214035D1079BD7047704708B508F09FFBFFF7FAFF99
S214035D2003F0E0F8BDE80840D8F762BC70470120EE
S214035D3070470120704708B5D8F7F6FC00280CBF5B
S214035D400420012008BD70472DE9F34104460D46A3
S214035D5016461F46DDF8208008F017FC3B46324601
S214035D6029462046CDF8008003F0BDF83B46324670
S214035D7029462046CDF80080FFF7E5FF02B0BDE8D0
S214035D80F04101F0A8BD2DE9FF4704460D4616462F
S214035D901F46BDF830809DF83490DDF838A008F033
S214035DA0F4FB3B46324629462046CDE9019ACDF818
S214035DB0008001F041F804B0BDE8F04701F08BBD68
S214035DC0F8B504460D4616461F4608F0DEFB3B466E
S214035DD0324629462046DEF7F5F8044601F07BFDF9
S214035DE02046F8BD70472DE9F34104460D46164696
S214035DF01F46BDF8208008F0C8FB3B4632462946BE
S214035E002046CDF8008003F071F833464246294613
S214035E1020460097FFF7E6FF02B0BDE8F04101F029
S214035E205ABD704708B508F0B0FB03F060F8FFF7FB
S214035E30F8FFBDE8084001F04EBD012070472DE98C
S214035E40F74304460D4616461F469DF8289008F06D
S214035E509CFB3B46324629462046CDF80090FFF78A
S214035E60ECFF80463B46324629462046CDF8009056
S214035E7003F03EF801F02FFD404603B0BDE8F08383
S214035E80012070472DE9F74304460D4616461F4684
S214035E909DF8289008F079FB3B4632462946204673
S214035EA0CDF80090FFF7ECFF80463B463246294686
S214035EB02046CDF8009003F01CF801F00CFD404698
S214035EC003B0BDE8F083F8B504460D4616461F46F4
S214035ED008F05BFB3B4632462946204603F00AF8A9
S214035EE0BDE8F84001F0F7BC00207047F8B504465B
S214035EF00D46164608F049FB324629462046FFF76C
S214035F00F3FF074632462946204602F0F4FF01F027
S214035F10E2FC3846F8BD38B504460D4608F035FBB6
S214035F202946204602F0E8FFBDE8384001F0D3BC1E
S214035F30704710B5044608F028FB204602F0DDFF44
S214035F402046FFF7F5FFBDE8104001F0C4BC7047DC
S214035F5038B504460D4608F018FB2946204602F0DD
S214035F60DBFF29462046FFF7F2FFBDE8384001F085
S214035F70B2BC704770B504460D46164608F005FBDE
S214035F8032462946204602F0C9FF324629462046B5
S214035F90FFF7EFFFBDE8704001F09DBC704738B5D2
S214035FA004460D4608F0F1FA2946204602F0B8FFEB
S214035FB029462046FFF7F2FFBDE8384001F08BBCC8
S214035FC070472DE9F34104460D4616461F469DF8D5
S214035FD0208008F0DAFA3B46324629462046CDF8BA
S214035FE0008002F09FFF3B46324629462046CDF806
S214035FF00080FFF7E5FF02B0BDE8F04101F06BBC9F
S214036000704738B5054608F0C0FA284600F0E1FEAA
S21403601004460146284601F0ACFF01F05CFC20462E
S21403602038BD38B504460D4602F07DFF29462046A6
S214036030FFF7E6FF38BD704738B5054608F0A5FA02
S2140360402846DEF7DFFD04460146284601F08FFFAB
S21403605001F041FC204638BD38B504460D4602F033
S21403606063FF29462046FFF7E6FF38BD704710B5A5
S214036070044608F08AFA204602F057FF2046FFF748
S214036080F5FFBDE8104001F026BC704738B504465E
S2140360900D4608F07AFA2946204602F047FF2946BD
S2140360A02046FFF7F2FFBDE8384001F014BC704706
S2140360B070B504460D46164608F067FA324629467A
S2140360C0204602F034FF324629462046FFF7EFFF0C
S2140360D0BDE8704001F0FFBB704738B504460D4677
S2140360E008F053FA2946204602F022FF29462046A6
S2140360F0FFF7F2FFBDE8384001F0EDBB704738B557
S21403610004460D4608F041FA2946204602F011FFE0
S21403611029462046FFF7F2FFBDE8384001F0DBBB17
S214036120704710B5044608F030FA204602F002FF26
S2140361302046FFF7F5FFBDE8104001F0CCBB7047E3
S21403614010B5044608F021FA204602F0F4FE204675
S214036150FFF7F5FFBDE8104001F0BDBB7047704781
S21403616070B504460D46164608F00FFA3246294621
S214036170204602F0E3FE324629462046FFF7EFFFAD
S214036180BDE8704001F0A7BB704710B5044608F0A1
S214036190FCF9204602F0D3FE2046FFF7F5FFBDE8E4
S2140361A0104001F098BB704738B504460D4608F01A
S2140361B0ECF92946204602F0C3FE29462046FFF79F
S2140361C0F2FFBDE8384001F086BB7047F8B50446D9
S2140361D00D4616461F4608F0D8F93B463246294672
S2140361E0204602F0AFFE3B46324629462046FFF7DE
S2140361F0ECFFBDE8F84001F06EBB704770B504468F
S2140362000D46164608F0C1F932462946204602F0E6
S2140362109AFE324629462046FFF7EFFFBDE8704058
S21403622001F059BB70472DE9F34104460D46164667
S2140362301F46DDF8208008F0A8F93B46324629467B
S2140362402046CDF8008002F07FFE3B4632462946C4
S2140362502046CDF80080FFF7E5FF02B0BDE8F04129
S21403626001F039BB0E2070470E20704738B5044640
S21403627008F08BF92046FFF7F7FF0546204602F0A5
S21403628064FE2046FFF7EEFF01F025FB284638BDE7
S214036290704710B5044608F078F9204602F056FE1B
S2140362A02046FFF7F5FFBDE8104001F014BB0020C1
S2140362B070470020704738B5044608F066F9204654
S2140362C0FFF7F7FF0546204602F041FE2046FFF79C
S2140362D0EEFF01F000FB284638BD704708B508F00E
S2140362E054F902F035FEFFF7F8FFBDE8084001F069
S2140362F0F2BA002070477047704708B5D8F7E6FA39
S21403630000280CBF0420012008BD70470B68DA7B09
S2140363101AB9DB7C0BB9D8F7FDBA8120704708B5EC
S214036320D8F710FBBDE80840D8F71ABB7047D8F774
S21403633009BBD8F715BB082808D84FF48B73C3409E
S21403634013F0010F0CBF2120002070472120704757
S2140363500121D8F7F7BB0221D8F7F4BB0421D8F7FD
S214036360F1BB0821D8F7EEBB1021D8F7EBBB012011
S2140363707047D0E9023253F822301878D8F78EBD2A
S2140363800868C37B1BB9C37C0BB9D8F7B7BD81209C
S2140363907047D0E9023253F822301878D8F7F0BDA8
S2140363A0704730B50546044615F8100B85B00295C0
S2140363B065691D44CDE900250B46A21D618801F0E1
S2140363C038FE05B030BD704710B492F80A4192F813
S2140363D0053103EB04230B8100235DF8044B1A46B7
S2140363E001F025BE1FB50446084671B12178FF2982
S2140363F00BD0238B029363690193237C00936288FB
S214036400A31DDEF71BFCFF23237004B010BD086832
S214036410C37B73B9C37C032B0BD8DFE803F00208F6
S2140364200406D9F7ADB8D9F7DDB8D9F70DB9D9F75A
S214036430BBB88120704770477047002070471378B9
S21403644010B5032B0CD15479CBB29C4208D1937967
S214036450B3EB112F04D153781B1A5842584110BD81
S2140364600020FCE77FB505460E4600246946E0B2E9
S21403647001F085FD28B96A4631462846FFF7DFFF57
S21403648018B90134202CF1D1002004B070BDFFF7F9
S214036490E9BF0868C37B9BB9C37C052B10D8DFE82C
S2140364A003F0030D070B0905D9F772B9D9F7AEBB8D
S2140364B0D9F708BAD9F75ABBD9F7D8BAD9F7AAB9C8
S2140364C0812070470020704730B5102587B001AA99
S2140364D000210195FEF708FC04462A46002102A87F
S2140364E0E3F764FF2A46214602A8E3F7B1FF01213A
S2140364F002A8D9F769FD07B030BDD9F7F7BC7047D6
S214036500FFF7FDBF0B68DA7B5AB9DB7C012B04D09F
S214036510022B04D02BB9DAF77BB9DAF785B9DAF7A9
S2140365208FB981207047002307B5012101A8019385
S214036530D0F7B2FD08B9D0F7EBFB012003B05DF846
S21403654004FB08B502F070FA052803D0003818BF1C
S214036550012008BD0220FCE77047D0E9023253F859
S21403656022301878003818BF0120DBF7E9BCDBF7C8
S214036570EDBC00207047002070477047FF2070472F
S214036580FF207047002070470020704700207047A8
S214036590704706207047DAF791BF0868DBF76ABCD6
S2140365A070B50D46044600212846164601F078F9D4
S2140365B0324620800221284601F072F93246608076
S2140365C00421284601F069F90023A360E3606060B4
S2140365D0082070BD034641B181424FF0640005D9DF
S2140365E04343B3FBF1F0C0B2704708467047DBF78E
S2140365F0BBBCDCF7B1BADCF7B9BBB0F5807F05D01E
S214036600A0F5007358425841400170470820704770
S21403661030B599B00D4669461446DCF70BFB30B926
S21403662015B1BDF802302B600CB10D9B236019B079
S21403663030BD2DE9F04788B00E46904604A905AA5A
S21403664007461D46FFF7E4FF044638BB28800DF1D6
S2140366500C09DDE904A39A4520D2062251463846A2
S214036660CDF8009006ABDCF701FBD8B9039B062BED
S21403667018D12A88DDF81A3042450ED2BDF8181014
S21403668026F832102A8806EBC20253602A8853443F
S214036690013206332A800493DBE7F7D9204608B095
S2140366A0BDE8F0870124F9E72DE9F0438FB00F46E4
S2140366B0904601A9002204469946FFF7A9FF18B1A0
S2140366C001200FB0BDE8F083062220460DF1020339
S2140366D002A9FFF7AEFF0028F2D105460246BDF831
S2140366E00210019CEEB28E42EAD20EAB03EBC60654
S2140366F056F82C3C36F8306C0634BE4217BFE41806
S214036700012213460022013522B1C8F80040C9F819
S2140367100030D6E71A46E5E770B50024012602F0F6
S2140367205DF9E5B2C26806FA05F59542234604F11B
S2140367300104F4D3D8B270BD70B586B0DCF7C8F8E0
S21403674000F11006E1F7BCFC00240546142201A95B
S214036750301902F04AF91CB99DF80430FF2B16D005
S214036760002303F118026A4412F8142CFF2A06D1F8
S2140367701C44601E90FBF5F080B206B070BD2B443F
S214036780DBB2132BEDD91434B4F5826FDED14FF0A0
S214036790FF30F2E7DBF7D2BE07B504220DEB0201AA
S2140367A002F023F9019803B05DF804FB37B50546FC
S2140367B008460C46FFF7F0FFA84206D00422204600
S2140367C00DEB02010195E1F7CDFC03B030BD07B533
S2140367D00B460092002102460120DBF741FF03B07F
S2140367E05DF804FB08B50121DBF772FEBDE808403F
S2140367F0E1F764BEDCF7B0B908B5FFF7F3FF002096
S21403680008BD08B513460A4601461846DBF7BCFF23
S21403681080F00100C0B208BD00207047704708B181
S214036820DCF7BABA704730B4DDE902451DB102940D
S21403683030BC00F0C6B930BC70471F2804D81422F9
S21403684000F5A030D5F746BC70471F2804D814229D
S21403685000F5A030D5F76ABC7047152808B505D1F2
S214036860FFF7DCFFBDE80840DCF7DCBB08BD10B56E
S214036870142486B02246002101A8E3F797FD2023BF
S214036880224601A94FF4A03001F097FC06B010BDD4
S2140368900020704713B500230C461A460146CDE97F
S2140368A00033E0B2DDF782F902B010BD13B5002362
S2140368B01446019001220093E0B2DDF777F902B0A7
S2140368C010BDD0E9023253F822301868DDF7E6BA75
S2140368D0194491420ADC4218002003B9704712F8A3
S2140368E0011D013B01EB0020DBB2F6E700207047F9
S2140368F02DE9F04F4FF0000A85B0019381460F460D
S21403690015465346019A11785FFA8AF2914203D8E4
S214036910002005B0BDE8F08F019909EB050801EBEF
S2140369204202517892F802B011F04004009101F04F
S2140369303F061BD0AC19BC42D4BF00240124334607
S2140369406400A20740F18880009B1B0640F19280FA
S2140369500E9B324603EB0B000021E3F727FD3D4673
S21403696000231D44ADB20AF1010ACBE7042E07D873
S21403697066B1B31E022B0BD8DFE803F012213000FA
S2140369803E2E37D03F2E5BD03D2E4BD00320C0E7A4
S214036990BD4234BF00240124012664003346D0E7F9
S2140369A0AB1CBB4250DC02233A4629464846FFF757
S2140369B08FFFADF80A0002230DF10A08C1E7EB1CAE
S2140369C0BB4243DC03233A4629464846FFF780FF8B
S2140369D00390042603230DF10C08B2E72B1DBB42DC
S2140369E036DC04233A4629464846FFF771FF0390F0
S2140369F00423F0E77A1E95422CDA02233A46294608
S214036A004846FFF765FF4FF6FF7380B298420EBF06
S214036A100223023083B25C19A742B4BF03240124C5
S214036A2004268EE7BD4215D298F80030FF2B0CBF24
S214036A3001230133EC18BC42CCBF03240124EFE747
S214036A400124042600237CE73446B4E70224C0E787
S214036A500224CDE70324E3E70E9A02EB0B0014B1FE
S214036A6042F80B807DE7324641460093E3F72EFE5D
S214036A70009B76E702204CE710B5144686B01881D3
S214036A801A460A9B0291CDE9034301230193099B0E
S214036A90014600930320BDF82030DDF71DFB06B04A
S214036AA010BD1FB500240294079C0194BDF818403E
S214036AB00094FFF7E1FF04B010BD2DE9F0410E4648
S214036AC01746054686B098B391B38AB34FF00008CD
S214036AD002A95FFA88F001F052FA044640B99DF81D
S214036AE00830032B08D008F10108B8F1200FEFD1C6
S214036AF0204606B0BDE8F0819DF809202B799A421E
S214036B00F1D1BDF80A206B889A42ECD19DF80C307F
S214036B10BDF80D006B7128812B4622464FF6FF7198
S214036B20CDE90067FFF7BDFF0028DCD00446DFE7AA
S214036B302124DDE710B586B00A9C04949DF8244012
S214036B400394BDF8204002940124CDE90034134693
S214036B500A4601460620DDF7BFFA06B010BD1FB58C
S214036B6004460846194600230094CDE90123079BF3
S214036B70BDF81820FFF7DEFF04B010BDF0B50228FD
S214036B8005460E4614461F468BB00AD106A9F0B238
S214036B9001F0F5F998B99DF8193023719DF81C306A
S214036BA06371119B224604930023CDE902330193BC
S214036BB0109B3146009328463B46DDF78DFA0BB013
S214036BC0F0BD13B500240194049C0094FFF7D6FF90
S214036BD002B010BD2DE9F0450646884614469A468F
S214036BE0002701258BB006A9F8B201F0C8F920BB2F
S214036BF09DF81830012B19D19DF8192033799A4244
S214036C0014D1BDF81A2073889A420FD19DF81C3010
S214036C1032467371B9B2CDE9030ACDE901004346A2
S214036C2002200094DDF758FA054610B90137202FE5
S214036C30D9D128460BB0BDE8F0850546F9E7002311
S214036C40FFF7C8BF10B50446DEF724F80021631E1D
S214036C5004F10F0213F8010FFF2808BF19709342BF
S214036C60F8D10023237410BD0020704770B5064684
S214036C701D46DDF783FE044608B9212070BD304665
S214036C80DEF74AF90028F8D0A0682A46FF21FFF766
S214036C9021F89DF81030002063719DF81430A3711D
S214036CA0ECE713B59DF81040CDE9003413460122F6
S214036CB0FFF7DCFF02B010BD08B5DDF75FFE28B1B5
S214036CC08068FF21FFF717F8002008BD2120FCE7A6
S214036CD00122FFF7F1BF1FB50B466A460146184669
S214036CE001F043F96A460823002032F8021B013BF1
S214036CF013F0FF0380EA0100F7D1012838BF012013
S214036D0080B205B05DF804FB2DE9F04F87B0DDE9EE
S214036D10109B05468846484619461F461446BDF846
S214036D2048609DF84CA0FFF7D6FF042D0346ABF84A
S214036D3000001AD8022D1DD9042D07D04FF2F222D7
S214036D40A188914222D1E28891071FD5E17A0022D9
S214036D50CDE9013720463346CDE90392CDF800A0AE
S214036D6001F058F907B0BDE8F08F6A1F012A11D960
S214036D702120F7E700224146CDE911922846224614
S214036D80109707B0BDE8F04F01F053B94FF6FF7602
S214036D900C21DCE7052D0ED10023E17A0022CDE994
S214036DA00137CDE9039200912346524641463046C9
S214036DB001F023F9D6E74FF2F222A188914204D1DB
S214036DC0E288920701D5E17AE8E74FF6FF760C21D1
S214036DD0E4E7F0B585B00546DDF790FA48B16B8871
S214036DE0B3F5006F05D1681D05B0BDE8F04000F0AF
S214036DF0EFBC284600F005FD0446C8B9E7B269466D
S214036E00384601F0BCF878B99DF8006066B92946A3
S214036E10384601F0B8F820B140F60443984207D04C
S214036E208C26304605B0F0BD0134202CE6D1F7E7BA
S214036E308D26F6E7DDF748BC2DE9FF4704460D46E9
S214036E400146184617461E46BDF830809DF8349016
S214036E50DDF838A0D8F7D4F9D0B92146284601F092
S214036E6038F933463A4629462046CDE9019ACDF805
S214036E700080DDF7CDFC33463A4629462046CDE969
S214036E800D9ACDF8308004B0BDE8F04702F02DB877
S214036E9004B0BDE8F087DDF765BEDDF71DBEDDF7A0
S214036EA041BE10B5044601F020F9082201462046EB
S214036EB0BDE81040E3F7CCBA01F019B9002101F0A0
S214036EC016B901F028B90020704720207047EBF769
S214036ED057B9EBF7A1B9EDF743BE7047DDF78EBFA1
S214036EE070B506460C46154600F04CF850B13CB15A
S214036EF035B1204600F0DAFC013080B2A84200D952
S214036F00002070BD304600F043F840B1002CF7D0A7
S214036F10012DF5D9204600F0CEFC0230EDE73046D1
S214036F20DDF7CCFEEAE7F8B5BDF8185010B396784F
S214036F3055B9D478A6F14107012F07D8621ED2B2FD
S214036F4000F0D3FD0020F8BD2C46F3E7433E012EA8
S214036F5004D8A21E92B200F0E0FDF3E7D27813B98C
S214036F600DB1AA4206D811B9E3F720FAEAE7E3F728
S214036F706FFAE7E78920E6E7413803288CBF00204D
S214036F8001207047413801288CBF0020012070473C
S214036F90433801288CBF002001207047002070472B
S214036FA0002070470388B3F57C4F01D3FFF7F8BF83
S214036FB00846FFF7F3BF10B54A880488A2420DD1EE
S214036FC0037B0C79234009D0B2F57C4F08D3FFF737
S214036FD0E7FF0B891B1A5842584110BD0020FCE7F7
S214036FE00120FAE738B50D88D488A5420AD103886C
S214036FF0B3F57C4F08D2FFF7D5FF13891B1A584207
S214037000584138BD0020FCE70120FAE72DE9F04798
S21403701015460446B8B149B1EAB100264FF0140A42
S214037020B04690F80490F3B2994501D800240AE0DC
S21403703027680AFB06773846FFF7BDFF013628B1F7
S2140370403C46A5F800802046BDE8F0877B8943448C
S2140370501FFA83F8E7E71446F5E72DE9F0470E46EF
S21403706015460446B8B149B112B300274FF00C0ACF
S214037070B846B0F80890BBB2994501D800240AE098
S2140370806368324620460AFB0731FFF7ABFF28B199
S2140370900C46A5F800802046BDE8F0870B7901373B
S2140370A013F0300F02BFCB7843441FFA83F8E2E7AE
S2140370B01446F0E72DE9F04186B00D46144698468F
S2140370C004AA05AB03A90646DDF7CEFE40B30DB111
S2140370D0049B2B6034B3049D03982946FFF762FF95
S2140370E02B88074602467188307800F050FBD8B1EB
S2140370F0297911F010030BD0EB782A46CDE900432B
S2140371003B4671883078FCF7F6FB06B0BDE8F081A5
S2140371102A4620460599CDF80080FFF704FFF4E7DA
S2140371208620F2E72046F0E77E20EEE71FB51C46F2
S2140371300023ADF80A20BDF818208DF80400ADF83A
S2140371400610ADF80C2069461A4601A800938DF880
S2140371500840FFF7AFFF009804B010BDF0B587B046
S2140371600E4605AB04AA03A90446DDF77DFE08B365
S214037170049D03982946FFF715FF2B88074602460A
S2140371806188207800F005FBB0B1297911F0100171
S21403719008D000963B462A4661882078CEF710FE34
S2140371A007B0F0BD009101232A4631460598FFF744
S2140371B0BAFEF5E78620F3E77E20F1E72DE9F041F6
S2140371C0064600254FF014080779E8B2874201D82F
S2140371D000241AE008FB05F0D6F800C00CEB000408
S2140371E03CF8000081421AD132B1802A10D194F9BA
S2140371F00CC0BCF1000F12DAB0F57C4F05D3204665
S214037200FFF7CEFE834200D04BB92046BDE8F0819F
S214037210402A04D194F80CC01CF0400FECD1013581
S214037220D3E70121DDF75CBD08B513460022DDF781
S21403723085FE003818BF012008BD08B51346402256
S214037240DDF77CFE003818BF012008BD08B51346DD
S2140372508022DDF773FE003818BF012008BD08B58D
S21403726040220023DDF76AFE003818BF012008BD60
S21403727008B580220023DDF761FE003818BF012021
S21403728008BD0023DDF75ABE0021DDF7C7BE10B5E3
S21403729004460121DDF7C2FE2046BDE8104001F09A
S2140372A058BE7047F8B516461F469DF81820BDF819
S2140372B01C300546DDF742FE78B10421DDF72CFFCE
S2140372C0044650B1284600F012FB3A46314628469B
S2140372D0A047BDE8F84000F0FEBAF8BD2DE9F74F29
S2140372E01E46DDE90C9B074688461446BDF8383033
S2140372F02AB3B9F1000F22D00EB392F804A099F87E
S2140373000020504612F0080F0CBF802240226188EE
S214037310DDF714FE98B10821DDF7FEFE054670B1D1
S214037320504600F0E4FA3346224641463846CDE955
S214037330009BA84703B0BDE8F04F00F0CCBA03B0FB
S214037340BDE8F08FF8B5BDF8187016461A463B46EA
S2140373500446DDF7F3FDE0B177B90221DDF7DCFE85
S2140373600546B0B1204600F0C2FA31462046A8478B
S214037370BDE8F84000F0AFBA1021DDF7CDFE0546B4
S21403738038B1204600F0B3FA3A4631462046A847BD
S214037390EEE7F8BD73B5BDF8184016461A46234601
S2140373A00546DDF7CBFDB8B1C4B92021DDF7B4FE41
S2140373B0044670B1284600F09AFA099B31460093BA
S2140373C028469DF820309DF81C20A047044600F070
S2140373D082FA204602B070BD8624FAE70024F8E756
S2140373E02DE9F04186680446007800F080FA00250F
S2140373F014273279EBB29A4203D8BDE8F04100F085
S2140374006ABA7B4332682078D15A02EB030800F04D
S214037410C2F901214046DDF77FFE034608B1207816
S21403742098470135E5E72DE9F04F1C4689B09DF8EE
S2140374304C30BDF8488001939DF850309246029335
S2140374402246434607460D46DDF778FD8DF8147051
S2140374500646ADF816508DF81840ADF81AA0ADF8EC
S2140374601C8018B9012009B0BDE8F08F05A9FFF705
S214037470A2FD0028F6D000252F46A8462C4634E069
S2140374800C231FFA85F903FB09F931887368B1F5F4
S2140374907C4F33F8092003EB090B1AD333F80900A2
S2140374A050452CD3019BA3422DD900F0BCF99BF881
S2140374B00200DEF7DDFA029B43B19BF8043013F0BB
S2140374C0010F0CBF05200720DEF7D2FA0134A4B261
S2140374D019E0ADF81A205946304605AA0393FFF77C
S2140374E081FD039B0028D9D101353289ABB29A427C
S2140374F0C6D804EB0800C31B58425841B3E708F14B
S21403750001081FFA88F80137BFB2EDE710B501246A
S21403751088B006949DF83C4005949DF83840049442
S2140375209DF8344003949DF8304002940B9C0194DC
S214037530BDF828400094DDF733FF08B010BD2DE9F1
S214037540F04786B0BDF83880DDF83C909DF840A043
S214037550CDF80080CDE9019A04460D4616461F462F
S21403756000F013F9B8B1431EDBB2012B10D8002389
S2140375700122811E48424841CDE90432CDE902A0EA
S2140375803B46324629462046CDE90089FFF7BEFF33
S21403759006B0BDE8F0870120FAE730B500240125E0
S2140375A087B0CDE9044503959DF82C5002950A9DB6
S2140375B0CDE90045FFF7AAFF07B030BD30B500247C
S2140375C0012587B0CDE9044503959DF8285000941E
S2140375D0CDE901354023FFF799FF07B030BD10B55D
S2140375E0012486B0CDE90444002403949DF8284082
S2140375F00294099C0194BDF820400094FFF786FF8F
S21403760006B010BD1FB5089C03949DF81C40029459
S214037610069C019400240094DDF7BEFF04B010BD61
S21403762070472DE9F84F0229074688460C9D04D873
S2140376304FF0000A5046BDE8F88F1BB10429F7D96E
S21403764042F004023A702BB303247B701B0ABB7010
S214037650DFF7B8FA4FF000099DF82830385504F1E3
S214037660020A01343B550B9A5FFA89F3D45C002C6B
S214037670E0D0732C10D82E464C2C56F804BB3DD0C5
S214037680532C15D0622C45D1AC8805F1080600238F
S2140376901A4616E00124DBE7A4F17503032BC7D8CB
S2140376A0763C2E1D022C52D8DFE804F0565A5800BA
S2140376B06A6805F1080694B2D2B2B2F1FF0318BFA6
S2140376C001230AEB040119448845B1DB50461946E9
S2140376D0002947D153441FFA83FA5CB1BBF1000F6C
S2140376E0A6D0224607EB0A005946E2F7EFFF5444BA
S2140376F01FFA84FA354609F10109B4E74FF6FF731A
S2140377006A6805F1080694B222469C4214BF022317
S2140377100023D6E76C2C05D1584600F0CCF8841C21
S214037720A4B2B4E7732C04D1584600F0BFF8441C47
S214037730F6E7A4F13003DAB2092A01D89CB2A6E729
S214037740A4F14103062B3FF673AF373CE8E701236A
S21403775000242A68A346B4E70223F9E70323F7E7DE
S2140377600423F5E700F1010C01393A54C9B2120AB1
S2140377701FFA8CF0ACE70020DEF702B90022DEF732
S2140377801FB90023DEF732B9704701207047012086
S21403779070470120704770470020704700207047ED
S2140377A00020704700207047002070470020704775
S2140377B070470E2070470020704700207047002057
S2140377C07047002070477047FF2070470E207047B1
S2140377D0842070477047704700207047002070472A
S2140377E00020704700207047002070470020704735
S2140377F0002070470020704770470E207047002017
S21403780070470020704770470020704770477047E6
S214037810704770470E2070477047002070478120DE
S21403782070477047704738B50546C0B2DEF720F993
S2140378300446280ADEF71CF914B1002808BF002402
S214037840204638BDF8B50546C0B2DEF711F9044642
S214037850C5F30720DEF70CF90746C5F30740DEF746
S21403786007F90646280EDEF703F924B12FB136B121
S214037870002808BF00242046F8BD3C46FBE73446F4
S214037880F9E710B4CC18944203DC5DF8044BFFF719
S2140378901FB800205DF8044B70470423FFF7F1BFC1
S2140378A008B50223FFF7EDFF80B208BD0078FF2876
S2140378B008BF0020704708B502220021FFF7F0FF3B
S2140378C04FF6FF73984208BF002008BD003818BF64
S2140378D00120400070470020704708B5FFF7A1FC61
S2140378E0FF284FF0FF3018BF0020C0B208BD08B510
S2140378F0FFF7F3FFFF280CBF2120002008BDF8B5D3
S21403790006460C4615461F4600F011F810B12544EE
S214037910AC4200D1F8BD3946304614F8012BDEF7E9
S21403792099F9F5E7014600220220DEF723B9012084
S214037930704737B50546DCF7ADFB044601950CB931
S21403794081201CE0237823B12046DCF7ABFB0446FA
S214037950F5E72B6862685B889A42F5D1A368EA7BF1
S21403796099B272B12A8A9142EED16A7DB2EB134F75
S214037970EAD10020E36801A998478128E4D003B040
S21403798030BD4FF6FF72EEE72DE9F84304460F4687
S214037990904699460BB3012A1FD80C20E2F70CFF3A
S2140379A0064610B91920BDE8F8831020E2F704FF55
S2140379B018B93046E2F708FFF4E70123002547EA43
S2140379C0084770600570C0F80C9044608760338089
S2140379D03046DCF757FB2846E5E72120E3E738B5D2
S2140379E00446436808460D469847B4F90830002B0A
S2140379F002DB2B78042B06D1002320466360BDE808
S214037A003840DEF7B9BC38BD30B54FF48A5587B079
S214037A10ADF816200DF116041A46029543B100235D
S214037A200122CDE90033234600F01EFA07B030BD2D
S214037A30019401240094F7E7FFF7EBBEFFF7BBBE04
S214037A400020704708B500F014FB20B900F05BFB7C
S214037A5008B9DBF7B5FCFFF7CFFEBDE80840FFF734
S214037A60DBBE0020DFF7F0B80021DFF78DB9002278
S214037A70DFF74CB91FB5D2880B4612F0200F4FF62E
S214037A80FD7114BF49245224ADF80610510544BFB6
S214037A90083CE4B2110544BF083CE4B2120444BFF8
S214037AA0023CE4B2032805D8DFE800F0020F161CF8
S214037AB0ADF80630BDF80600FFF786FEFF281CBFAC
S214037AC0241AE4B2204604B010BD02AA0DF1060142
S214037AD0D8B200F08CFAEDE7D8B200F052FAADF85F
S214037AE00600E7E7013CE4B2E4E7F8B506461746C6
S214037AF00D4681B10C78FF2C0BD00846FFF7D6FE57
S214037B00B84228BF3846C4B22246691C701CE2F746
S214037B109FFC3470F8BD0C46FBE770B5044615466B
S214037B200E4611B94170017070BD0B78FF2B05D15D
S214037B304B78FF2B02D103704370F5E73046FFF70F
S214037B40BAFEA84228BF284685B22A46B11CA01C06
S214037B50E2F77EFC25702D0A6570E5E7F0B523B9DC
S214037B60013A531C2FD1002020E0042AFBD800231F
S214037B701C46551E6E1C1AD1042A10D00121D200B1
S214037B80501E01FA00F020421EBF914049420C43AA
S214037B9018421EBF4FF0FF3101FA02F213439C4214
S214037BA01EDCB4BF4FF0FF30002040B2F0BD40B142
S214037BB0465DEF00BE4034434E5D013DBE40334359
S214037BC0D8E70646F5E78C5C38B90346A34202F1CC
S214037BD0FF32C6D24FF0FF30E8E7835CA342F5D905
S214037BE00120E3E7283807288CBF002001207047D0
S214037BF01D2810D004D840B11C2804D05520704747
S214037C001E380128FAD81A2901E00B390F298CBF30
S214037C105520002070470829F9E700200021704707
S214037C20F7B59DF820400546082C104619469DF8E2
S214037C30246036D8002213462C44AC4208D106F002
S214037C40FD04382C0ED10096FFF7E7FF03B0F0BD16
S214037C5014F8017D1B0243EA12631202BA1843F1B9
S214037C600003EAE7392E10D107EE100A07EE902A32
S214037C70B4EEE77AF1EE10FACCBF77EE677A77EEDA
S214037C80C77A002117EE900AE0E7824273EB0104FD
S214037C9003D2801A61EB0301D8E7101A63EB0101E4
S214037CA0D4E700200146D1E738B5C3681446194423
S214037CB0836853F821501AB12846E2F773FA207006
S214037CC0284638BD2DE9F3411C4616460DF107023A
S214037CD09DF82050FFF7E8FF9DF807308046A34243
S214037CE088BF8DF807409DF807700DB1E41BE5B219
S214037CF02A4600213046E2F759FB3A4641467019B8
S214037D00E2F7A6FB384602B0BDE8F0812DE9F34161
S214037D101D46164601AA9DF82040FCF7E5FF019B89
S214037D2080469D4238BF0195019F04B1EC1B224655
S214037D3000213046E2F73AFB3A4641463019E2F76D
S214037D4087FBF8B202B0BDE8F08173B50024154690
S214037D5001AA1E460194FCF7C7FF019B072B0AD90D
S214037D602146CCB216B1C4F10704E4B2425C013139
S214037D7008292A55F5D1D8B202B070BD1FB5030A3B
S214037D808DF80E300323009303AB8DF80D0000F03F
S214037D90BBF805B05DF804FB1FB58DF80F10042182
S214037DA0030A8DF80E30009103AB8DF80D0000F03A
S214037DB0ABF805B05DF804FBF0B589B016689DF81E
S214037DC03C50CDF809608DF811305668BDF8383050
S214037DD0012D109FBDF84440CDF80D60ADF812306C
S214037DE08DF8145014D0032D19D13B68CDF81530F7
S214037DF07B68CDF819309DF848308DF81D30162372
S214037E000093BDF84C2002AB00F07EF809B0F0BD3D
S214037E108DF81540240A0F238DF81640F0E701204D
S214037E20F4E71FB50446084611461A4602238DF8A2
S214037E300D100093214603AB00F066F804B010BDA6
S214037E4010B514461A460B6886B0CDF80D304B684D
S214037E503421CDF811300A23009303AB8DF8154077
S214037E6000F052F806B010BD2DE9F041B6B0144646
S214037E701D4606460F469DF8F080DFF7A9F903AACC
S214037E808DF80C001046330A8DF80F703F0A8DF8F4
S214037E900E308DF80D602B468DF810708DF811405E
S214037EA005EB4405AB4202F102021FD16200D2B2D7
S214037EB0931DDBB23D99D8336B44073203F8CC8C61
S214037EC001EB4805D3B250FA82F2A94202F102024C
S214037ED012D103EB4803009006213046BDF8F82084
S214037EE0DBB2DFF77FF936B0BDE8F08133F8021B6B
S214037EF01171090A5171D5E731F8024B02F8024CA9
S214037F00240A02F8014CE0E72DE9F0411C46054639
S214037F100E4617469DF81880DFF75AF92070434639
S214037F203A46314628460694BDE8F041DFF75AB98B
S214037F30002070477047D3F737BC08B5E9F71EFC37
S214037F40002840F6124018BF002008BD704770474F
S214037F5070477047704770477047002070477047F8
S214037F607047002070477047704702F066BFFEF701
S214037F7073B8FEF756B803F0D7BAF5F75DBC03F04F
S214037F80C4BAF5F717BCF5F77FBCF5F739BCFEF7AF
S214037F9035B9FEF71BB910B49DF8044001945DF89B
S214037FA0044BFEF70EB8FEF762B8FEF76FB8F1F7AC
S214037FB001BBF1F705BBEEF771BEEEF775BEEAF748
S214037FC0F9BCFEF7AEB8FEF773B8FDF7BDBEFEF715
S214037FD096B8FEF782B830B4BDF808409DF80C504A
S214037FE0CDE9024530BCFDF7CEBEFDF76CBFF5F715
S214037FF0BDBDDFF747B9F5F783BE70B49DF80C40F7
S214038000BDF810509DF814600394CDE9045670BC77
S214038010F2F7EABA70B49DF80C40BDF810509DF81C
S21403802014600394CDE9045670BCF2F71DBBF2F757
S21403803007BC10B49DF8044001945DF8044BF2F7B6
S21403804057BB10B49DF8044001945DF8044B01F04F
S214038050BABF01F0BABFFDF77BBFFDF78BBFFEF7D4
S21403806018B9FDF79CBFEDF72BB9EEF783B8EEF71B
S21403807055B8ECF74FBD02F051BBEDF707BB02F066
S214038080A7BBEDF793BCECF7F7BFEEF779B8EDF7C0
S214038090F5BFEEF711B8EBF7B9BBFEF7C4B8FEF7BA
S2140380A05FB8FEF772B8FEF77FB800F036BC00F094
S2140380B02FBCF4F77BBBF2F7C7B8F4F755BBF4F75E
S2140380C07BBCF2F791B8EAF761BCF3F71BBDFFF789
S2140380D032BFFBF739B8FEF701B9FDF72ABFFEF743
S2140380E02FB801F020BDDFF72BB8EBF777B9EAF727
S2140380F021BD01F0DCBF01F0B3BFEAF76FBDEBF7BC
S214038100BDB8EBF7E7B8EAF7DDBCDFF735B8DFF75E
S21403811047B8DFF71FB8EAF77DBCDFF725B8F6F7F1
S21403812083BC01F09BBF01F062BFEAF779BCEBF7B3
S2140381303FB9EAF7CFBC10B4BDF8044001945DF82C
S214038140044BFDF750BEDFF7C7B8DFF7B9B8F6F74D
S2140381500BBAF6F743BC03F0FABA03F000BBF6F724
S2140381607BBAF6F75BBC00F06DB900F0ABB900F074
S214038170D3B900F0B9BA00F029BB00F092BADFF722
S214038180C3BD00F0F0B900F01DBA00F030B810B56A
S2140381901C4601F0ECFD06F031FA0023C0F3402044
S2140381A02370400010BD002208B50B461146FFF7AA
S2140381B0EEFF023818BF012008BD00207047704745
S2140381C0B1FA81F040097047012070477047704745
S2140381D00020704770470020704770470E20704796
S2140381E00120704770470120704701207047142212
S2140381F00021E2F7DBB8704770B505460C468AB037
S214038200252200210DF10300E2F7D0F86B68CDF8C4
S2140382101D30AB68CDF82130234601AC03F11006C0
S214038220224618685968083303C2B3421446F7D186
S21403823001236A7B8DF8023012F0040F0CBF4FF453
S21403824080734FF4A073110748BF43F48063ADF8FF
S2140382500030930748BFBDF80030684644BF43F07C
S2140382600803ADF80030F1F7C7FC0AB070BD30B5AF
S214038270427B0D46D10704468BB007D5407801A94B
S214038280F1F724FDD8B12D200BB030BD9307FAD5F6
S214038290C2F3800310074FEA8313ADF8023044BFDE
S2140382A043F48063ADF80230BDF80220201D0AB106
S2140382B00DF1020201A902F0DDFD0028E3D001ABB7
S2140382C003CB9DF81430A1602373BDF810306060B3
S2140382D0590642BF627B42F0040262735A0542BFEC
S2140382E0627B42F0080262731B0742BF637B43F064
S2140382F0020363732B4606AC0AAD224603CAAA42A0
S21403830018605960144603F10803F6D10020BBE752
S214038310F0B504460D4693B0252200210DF1230047
S214038320E2F744F8636804F1040CCDF83D30A36823
S21403833009AECDF841302B4605F1100732461868D2
S2140383405968083303C2BB421646F7D105238DF896
S2140383502230637B5B0103F40073ADF8203063784F
S214038360FF2B1AD1002360461A4601A900F0D9F95B
S2140383709DF80530FF2B0DD1002301A91A46184698
S21403838000F0CFF99DF80530FF2B03D11C263046AD
S21403839013B0F0BD9DF8053063700020617808AA1D
S2140383A000F0B4FA06460028F1D1607801A900F07F
S2140383B03EFA2B4603AD2A4618685968083303C2AB
S2140383C0BB421546F7D1637B6078DB0648BF9DF852
S2140383D01C3001A944BF63F07F038DF81C3000F006
S2140383E03DFAD4E710B504468AB02422002101A83A
S2140383F0E1F7DCFF637B590744BF4022ADF810204A
S2140384001A0742BFBDF8102042F48062ADF8102070
S214038410DB070FD5607801A9F1F758FC10B12D20C2
S2140384200AB010BD01AB03CB637B606043F002036D
S214038430A160637304A9201D02F01EFD0028EED080
S2140384400020EDE71FB5694600F066F8002818BF60
S2140384502D2005B05DF804FB73B50D46144606469D
S214038460DFF77AF86B881A071AD5224631461020AA
S21403847002F0E3FC2046DFF76FF86B88D90717D5C1
S2140384800023224601210DF107008DF80730DFF7A0
S21403849035FB6B88002B0CBF2120002002B070BD7B
S2140384A0DE06EAD522460821281DDFF727FBE1E78B
S2140384B09A0701D50223E4E75B07EAD50323E0E73F
S2140384C00F2070471FB50C46694600F025F81022AA
S2140384D021466846E2F7B6FAB0FA80F0400904B0DF
S2140384E010BDB8B1B1B14388A3B90378013B082BDB
S2140384F010D8DFE803F00507090B0F0F0F0F0D0069
S214038500DFF7FEB9DFF758BAFFF776BEFFF700BF0F
S214038510DFF7E6BB2120704738B50D4609B300B335
S2140385200378013B082B1AD8DFE803F0050D101378
S214038530191919191600DFF71BFA0446284602F024
S21403854099FE204638BDDFF757FAF6E7FFF78FFEAA
S214038550F3E7DFF787FAF0E7DFF7CCFBEDE7212455
S214038560ECE72124EDE770B586B0064601A80C4675
S2140385701546FFF73CFE04238DF804301CB1206833
S214038580616802AB03C3294601A88DF80560FFF7AF
S214038590A8FF06B070BD70B586B0044601A80D46A8
S2140385A01646FFF724FE0323206861688DF804301F
S2140385B002AB8DF8116003C3294601A8FFF791FFAC
S2140385C006B070BD0022FFF7E6BF30B585B00D4696
S2140385D069460446FFF7A0FF20B92A4621466846A7
S2140385E0FFF73AFF05B030BD30B5437B044613F0C2
S2140385F001020D468BB007D0407801A9F1F766FB60
S21403860070B12D200BB030BD9B07FAD5ADF8022014
S21403861001A90DF10202043002F02CFC0028F0D070
S21403862000210E22A81CE1F7C1FEBDF810302B80F6
S214038630039BAB60BDF81230AB819DF814302373F7
S21403864001AB03CB6060A1600020DBE770B5437B22
S2140386500446DB070E468AB003D42D2528460AB007
S21403866070BD6946407800F04DF905460028F4D100
S214038670DDF81D300E226360DDF821300146A3606D
S214038680637BB01C43F002036373E1F78FFEBDF810
S2140386900030069A43F004033380059BB260736090
S2140386A0DCE70B4610B50446102200211846E1F716
S2140386B07DFE2278032A09D0042A0DD0022A11D17E
S2140386C001462046BDE81040DFF77ABB0146204648
S2140386D0BDE81040FFF788BF01462046BDE81040BE
S2140386E0FFF7B4BF262010BDF8B5074608460C466C
S2140386F016461D46FFF77BFD04232370637B314636
S21403870043F00103204667706373FFF705FF08B164
S2140387102D20F8BD29462046FFF7C3FF0028F8D0D2
S214038720F6E7F8B5054608460C461F461646FFF715
S2140387305EFD0423237025B108222946E018E1F7DD
S21403874087FE637B43F0020363734EB9324601210F
S214038750284600F0E4F8FF28607007D12D20F8BD06
S21403876031462046FFF7D8FE0028F7D1637B43F057
S214038770010363730DB90020F1E7002FFBD03946E0
S2140387802046FFF78EFFF6E7F8B50C460746084681
S21403879016461D46FFF72BFD03232046394600F8F1
S2140387A0043B0822E1F754FE637B314643F00203A1
S2140387B020466373FFF7B0FE08B12D20F8BD2946A7
S2140387C02046FFF76EFF0028F8D0F6E7F8B5074611
S2140387D008460C4616461D46FFF709FD032323707D
S2140387E0637B314643F00103204667706373FFF7EC
S2140387F093FE08B12D20F8BD29462046FFF751FF0A
S2140388000028F8D0F6E718B18022012100F087B8D7
S214038810FF207047002307B51A4619460093F2F760
S214038820A5FFB0FA80F0400903B05DF804FB0B46E1
S21403883010B519220446FF211846E1F7B7FD7E2C32
S21403884001468CBF04F5C43004F583304FF019029B
S214038850BDE8104088BFAD30D3F73CBC7E2888BF48
S21403886000F5C4304FF0190294BF00F58330AD30E5
S214038870D3F75CBC30B589B00D46FFF7C4FFFF28BD
S21403888004460DD001A9FFF7D2FF2868696801AB3B
S21403889003C3204601A9FFF7E1FF002009B030BD5E
S2140388A02D20FBE7704770470020704770470F2066
S2140388B0704770479DF8000070470F2070470F20E1
S2140388C07047002070470F20704700207047002035
S2140388D0704784B08DE80F00002004B07047002076
S2140388E070477047704700207047704700207047F6
S2140388F0704700207047012070477047002070477C
S214038900012070470E207047FF2070470E207047E7
S2140389100E2070470020704770470E207047FF20D8
S214038920704770477047002070477047704770471E
S21403893000207047704700207047002070470020D3
S2140389407047704770470020704770470020704795
S2140389500020704770470020704710B50024E3B22C
S21403896010B9C3F10303DBB20134042CCA544FEA33
S2140389701222F4D110BD10B50B784C788A78C978DA
S21403898028B910462246044608461946034642EAD4
S214038990012043EA042343EA004010BD7047DFF793
S2140389A0C3BA08B5CEF7B6FA002814BF862000204F
S2140389B008BD08B5CEF77EFC003818BF012008BDF9
S2140389C008B5CEF737FC003818BF012008BD08B538
S2140389D0CEF7BCFC003818BF012008BD08B5DFF78A
S2140389E083FBBDE80840DFF731BB70B504460D4690
S2140389F01646DFF779FB0420DFF71AFB32462946D3
S214038A002046FFF7DDFF04460220DFF711FB204672
S214038A1070BD08B5DFF768FBBDE80840CEF7EEBBD0
S214038A20DFF79ABEDFF77ABE08B5DFF777FE20B129
S214038A30BDE808400020DFF7AFBF112008BD10B522
S214038A40044608B1E0F78AF82046BDE81040FCF774
S214038A504BBF10B50446006A10B1616AFFF7EFFF1B
S214038A600020C4E9080010BD38B50546FFF7F1FF3E
S214038A702B7E0446012B0ED0023B012B0ED8EB694E
S214038A80012B18BF6FF09604282200212846E1F731
S214038A908DFC204638BDEB69002BF2E76FF0960499
S214038AA0F2E718220021E1F781BC70472DE9F84F61
S214038AB09846DDE90B490D9B15469A0706460F4671
S214038AC023D02A460A9B03EB040A1444A24220D16D
S214038AD00D9B9B0705D5A2EB050AD14505EB0A04BA
S214038AE020D82046BDE8F88F434639462020B047B5
S214038AF00AF1010ACA450AEB0B02F5D3A9EB0402F5
S214038B004C4588BF00222A44DCE7A246A5EB040BAB
S214038B10F0E702F1010B434639461AF8010DB04758
S214038B205A46D3E74346224639462020B0470AF141
S214038B30010AD2E72DE9F047DDE90D7616F0020FBC
S214038B409DF82880DDE90854DDE90BCE1FD106F039
S214038B5001094FB1B9F1000F06D0B8F1000F02D1E9
S214038B6016F00C0F00D0013F4FF0300A04E0202C23
S214038B7004D005F804A001347445F8D3B9F1000F06
S214038B8005D04FF03009A74201D9202C2DD116F07D
S214038B90100F1FD016F4806F2CD15CB3744501D030
S214038BA0BC4227D1B4F1010E23D0BCF1100F46D13D
S214038BB0023C16F0200F28D1202C28D04FF0780C3A
S214038BC005F804C00134202C21D04FF0300C05F8F2
S214038BD004C00134202C1AD0B8F1000F23D04FF074
S214038BE02D0C05F804C0013412E005F80490013496
S214038BF0C9E77446BCF1100FDBD0BCF1020FE2D11B
S214038C00202C04D04FF0620CDAE7202C08D1202465
S214038C10CDE90A76CDE90854BDE8F047FFF746BF2D
S214038C204FF0580CCCE716F0040F02D04FF02B0C85
S214038C30D7E716F0080FEBD04FF0200CD1E7BCF1C6
S214038C40020F7446C1D1DDE72DE9F04391B0189DBC
S214038C501A9E1D9F0DB927F010077C0500D515B386
S214038C6017F0200F14BF4FF0410E4FF0610EAC46C5
S214038C7000250DF12008AEF10A0EBCFBF6F906FB43
S214038C8019C95FFA89F4B9F1090F94BF30347444F3
S214038C90E4B2B44508F8014B05F10105BCFBF6F454
S214038CA001D3202D10D11C9C069705941B9CCDE95F
S214038CB003649DF86440CDE9015408AC0094FFF7C3
S214038CC039FF11B0BDE8F083A446D6E72DE9F04F8F
S214038CD095B0269ECDE90A23DDE91E74DDE9229BC5
S214038CE057EA040308BF26F010067205CDE908010B
S214038CF002D557EA040337D016F0200F14BF4123DA
S214038D00612300250DF1300AA3F10A0821464A46DD
S214038D105B463846E0F7DEFFD2B2092A94BF30320C
S214038D2042444F45D2B274EB0B0405F101050AF831
S214038D30012B01D3202D14D1259B06960593249B46
S214038D40DDE90801CDE903939DF88030CDE90153B1
S214038D500CAB0093DDE90A23FFF7ECFE15B0BDE884
S214038D60F08F07460C46D1E70025E5E708B100F08B
S214038D7014B8704710B1D1E900311847704738B5B9
S214038D80441E14F8015F25B90A2000F006F82846A9
S214038D9038BD284600F001F8F3E701460020FCF74B
S214038DA076BB70477047E9F705BA704708B5FCF716
S214038DB03FFBCEF7AFF8BDE80840D0F7BFB9704722
S214038DC008B5CEF7EFFBFBF775F8BDE80840DFF70D
S214038DD08BB908B5FBF7FBFEDFF7F4FEFBF7D5FD13
S214038DE0E0F792FAE0F77EFAE0F700FABDE808400B
S214038DF0D3F74AB908B5D1F761F9FBF7B5FDD1F753
S214038E0069F9FBF7B3FDD5F751FBD5F7F7FBD5F7B4
S214038E10FFFCBDE80840D5F71DBC70477047E0F778
S214038E200BBA08B5FCF74FFFBDE80840FCF773BF65
S214038E30704707B500220346114601200092D4F777
S214038E40AFFC03B05DF804FB07B500920B46027D4A
S214038E5081898068FDF74CFD003818BF0120C001EA
S214038E6003B05DF804FB08B50020DBF7A7FD002080
S214038E70DDF738FB0020D6F773F80020D6F760FB43
S214038E800020D7F789F80020D9F7B8FB0020DAF7D7
S214038E9023F90020DAF718FFBDE808400020DBF7C7
S214038EA003B808B50120FDF73AFABDE808400120EB
S214038EB0D6F746BB08B50220DBF774FE0220DBF7C5
S214038EC00DF80220DDF71CFE0220FFF7ABFD0220A3
S214038ED0FDF790FC0220DAF7FFF8BDE80840022011
S214038EE0DBF700BB7047FDF7A5BF704770477047B9
S214038EF07047704770477047704710B50446DBF7F6
S214038F000BFA2046D7F75AFB2046D8F7ADFA204689
S214038F10BDE81040FDF7A1BCFDF7BCBCFDF7C6BC21
S214038F20DAF7DCBE70477047704770477047704784
S214038F30704770477047704705F026BB7047704709
S214038F40DAF766BF704770477047704770477047D9
S214038F5070477047FEF744BCFEF748BC70470020D6
S214038F607047FEF745BCFEF74FBC7047431E012B08
S214038F7003D9031F5842584170470120704700F039
S214038F8021BC4FF4D0720021E1F710BA70B5044645
S214038F90E3F7E4FA0546A8B9A169F1B1238AD3B188
S214038FA0204604F11002E3F787F938BBE16919B3E9
S214038FB0638AA3B1204604F1120200F0CAFA78B11C
S214038FC0054603E00023A3612361E36100232846EB
S214038FD06361236270BDA061E8E72082E6E7E36190
S214038FE0216A0029F2D0A28A002AEFD02046E38A1B
S214038FF0BDE8704000F06FBA6182F1E76582E56113
S214039000DEE711B9D0F8DC1021B1CB6813B18B6859
S214039010D88970474FF6FF707047E2F783BB10B5E9
S2140390200C461146E2F7A4FBE3F7D2FD012801D173
S214039030002010BD002CF7D10520FAE700F0CFB9C9
S21403904000F0E3B970B500232425D0F8DC00C4682B
S2140390509C4201D1212070BD826805FB0322D6897C
S2140390608E4202D8128A8A4201D20133F0E70020E8
S214039070F1E7F8B506460D46E1F7F0FDD8B94FF629
S214039080FF734FF0240CEF68C1B28F4208D81C461A
S21403909021463046E1F798FF00F09AFB2046F8BDDC
S2140390A0AA680CFB0122D4899C4202D2002CEFD082
S2140390B023460130E8E70024F0E7C08D70470A78BE
S2140390C038B505461046FFF751FF60B14C78204689
S2140390D0FFF74CFF38B12243530704D42846BDE8B4
S2140390E03840E2F791BD212038BD10B50446087814
S2140390F0FFF73CFF58B14A781046FFF737FF30B109
S214039100042A04D02046BDE81040E2F79BBD212088
S21403911010BD00F0E8B8E3F7FDB8084600F008BB5A
S214039120E2F73CBC38B504460D4600F08EF850B165
S21403913029462046E1F748FF30B929462046BDE8D0
S2140391403840E2F7F3BB0E2038BD70B516460C4622
S21403915005F077F8314605462046E5F7D5FD044683
S214039160284605F069F8204670BD00F032B970B5A0
S214039170044600200E4600F027FBD4F8F0503DB11D
S214039180002331462046AC46BDE870401A46604789
S2140391902B46012231462046E2F760FE284670BD84
S2140391A038B5044648880D4600F00EFBD4F8F03078
S2140391B02BB929462046BDE83840E2F75DBD0220BC
S2140391C038BD00F003BB00F03CB9E2F77DBAE4F724
S2140391D075BD70B5BDF81060054606B16BB1334476
S2140391E028469BB200F077F9044620B91EB13146F3
S2140391F0284600F0ABF9204670BD2124FBE7E4F7D0
S214039200E3B8C0F8EC1000207047E2F76FBF00F039
S2140392105EB910B4BDF8044001945DF8044B00F049
S2140392209FB80B4610B514461846A1689288E1F716
S2140392304DFAE168034631B1A0886288121A92B2E9
S2140392401844E1F743FA002010BD0346408A18B1DC
S214039250188A003818BF012070470846E4F73ABE5C
S21403926000F0ECBA00F0EABAE5F746B8084708B5E6
S214039270E2F772FAC0B208BD022A01D800F0E2B9DA
S21403928021207047022A01D800F0EDB9212070474B
S214039290022A01D800F0F9B921207047E3F786BD0A
S2140392A00846E3F7A1BD00F018BA00207047002077
S2140392B070477047D0F8943003F06003402B0DD00E
S2140392C0602B03D0203B58425841704749B10B6886
S2140392D0012B06D9486940F00100704740F201109F
S2140392E0704700207047F7B504461046D4E954C7C4
S2140392F0DDE908268CEA020587EA060105401940DF
S21403930085EA0C057940C4E95451002523F400414D
S21403931006EA010320F0010043F40073024043F021
S2140393200203CDE90055E6F7B9FB94F824309A0713
S21403933013D5D4F854319B050FD54FF48811204626
S21403934000F058FB94F82430024665F3410384F892
S214039350243020460B46E2F7D3F9002003B0F0BDD5
S214039360F0B587B01C461746BDF830601AB900241E
S214039370204607B0F0BD002BF9D00029F7D001AA8C
S214039380E4F722F80028F2D0BDF80630A2199A4274
S214039390BDF80850C4BF9B1B9CB2B54212D90399B3
S2140393A0AD1BADB23144A5420391ADF808500DD2C2
S2140393B02A463846E1F78AF90499621B7819E1F7D9
S2140393C085F9D5E70499761B31440491224638463D
S2140393D0F5E70846E5F738BC0220E4F783BF08B58F
S2140393E0D0F8E4304BB11A68022A06D993F8252040
S2140393F04AB1186AB0FBF2F008BD4FF446624C213E
S2140394000020E1F743FE0020F6E7D0F8E42008B595
S2140394107AB11368022B0CD9536A13F47F4FC3F344
S214039420072106D0126ADBB253438B42B3FBF1F03B
S21403943006D2002040F67F424C21E1F727FE0020AB
S21403944008BD0346D0F830010860B3F83431002075
S2140394508B80704790F830310C2B14BF90F82B009C
S214039460FF20704738B50C464FF400610546E7F712
S214039470B9FB70B17CB195F81E3173B94FF48072A5
S2140394804FF480712846E7F799FB003818BF012090
S21403949038BD2202F4E72246F2E70020F8E74FF44D
S2140394A08071E7F79FBB08B54A024FF40071E7F7F0
S2140394B085FB002008BD08B58A024FF48061E7F7F4
S2140394C07DFB002008BD4FF40071E7F78BBB062336
S2140394D000208B717047B2F5805FF8B50F460646DD
S2140394E0154619462ED89A422CD33F2A26D9B2FAC5
S2140394F082F40122C4F11F03DBB29A4092B2AA425D
S2140395002CBFC4F11904C4F11A04E2B20124931D5A
S214039510DBB29C40A4B2AC4212D096F8F5309BB9AD
S214039520012096F8243060F3C71386F824303846B3
S214039530E3F75EFD00203762B582F8BD0022ECE754
S2140395400020EEE72120F8E70E20F6E70846E3F7CB
S2140395506FBD70B505460E46144602B313883F2BFF
S2140395601DD9B3FA83F3C3F11901C9B2062901D889
S214039570192B12D0062928BF062101238A1DD2B231
S214039580934030462380E3F75BFD23882846EE614D
S2140395906B82E3F7DFFD002070BD0021EDE721209D
S2140395A0FAE710B5144608460121E5F723FA2046E4
S2140395B0BDE810400121E5F71DBAF8B504460E468E
S2140395C0174604F03EFE3A46054631462046E5F782
S2140395D0CFFC0446284604F02FFE2046F8BD0220A2
S2140395E0704703207047E4F775BE10B50023E3F712
S2140395F0F5F8044608B9E6F76FFC204610BD704739
S21403960070B505460E46144600F0E3F83146284684
S214039610FFF72FFD00F0DDF8230704D50B2C9CBFC6
S21403962024F00804A4B221462846E2F79BF8002259
S2140396304FF400312846E7F7C1FA002070BD8021B9
S214039640E7F7D0BA7FB5531C05AAADF814100292FB
S21403965002210022DBB2CDE900211146E7F7CCFA5E
S21403966007B05DF804FB7FB5531C05AAADF81410CC
S214039670029204210222DBB2CDE90021002201215D
S214039680E7F7BAFA07B05DF804FB1FB5531C02915F
S21403969000220821CDE900210122DBB21146E7F7BB
S2140396A0ABFA05B05DF804FB07B591F828300093D4
S2140396B091F82B3091F8292091F82A10E3F73CFB18
S2140396C003B05DF804FB10B50446E2F745F801461F
S2140396D02046BDE81040E2F745B8002914BF212014
S2140396E00020704738B5054610460C46E3F7AAFB3C
S2140396F0D5B1D5F8E030BBB15B69ABB1421ED2B28F
S214039700FD2A13D90A68013204BF6FF001020A600A
S2140397100A68FF281A6007D16268013202D16FF027
S2140397200102626062685A60002038BD0128F2E7D1
S21403973038B50546E5F744FC04460021A878E3F768
S214039740E9FB204638BD2DE9F74F01251C469DF859
S2140397503030064601930368174603F007030633C3
S2140397609D4005F1FF380B46A1B1416804EA080B9A
S214039770A5EB0B0A41F00059524509EB0B0114D92E
S21403978052461846E0F7A2FF49467A1B5A4450440D
S214039790E0F79CFF019B2BB13C4448EA050804EA2A
S2140397A00804F46003B0BDE8F08F1846F0E737B559
S2140397B0002514460095FFF7C6FF204603B030BDCC
S2140397C0E3F7BCB9002070470020704700207047BD
S2140397D07047704730B549000446056812B1022940
S2140397E01FD90339C90395B9E1B1B1FA81F3C3F1BE
S2140397F02003C3F10F00012838BF012003F01F0325
S214039800D940A94201D901384908216030BDB5FACB
S21403981085F339B1B1FA81F29B1A002BE9DC0F20EC
S214039820EFE700210F20F0E7012805D9023818BF1B
S2140398304FF0FF30C0B270470120704708B5E4F719
S214039840A3FEBDE80840E4F7C7BE38B50446FFF7F5
S214039850F5FF0546FFF7F2FF431BA342FAD338BDD5
S21403986038B50D460446E4F78FFE35B1844200D979
S2140398700139204601F0030138BD844238BF013167
S214039880F7E708B50121FFF7EBFFBDE80840E4F76B
S214039890A3BE0B0C23F48053B3F5284FF7B50D4640
S2140398A08FB2064699B216D04AF60103994214D0EF
S2140398B04AF60203994212D0B1F5204F14BF04248E
S2140398C00324D6F8E0300BB1196851B9D6F8DC306A
S2140398D093B928680EE00024F3E70124F1E7022495
S2140398E0EFE7234668463A46E4F7D2FEDDE900038F
S2140398F0002BEBD103B0F0BD19680029E9D023464D
S21403990068463A46E4F7C4FEDDE90003002BE0D1DF
S214039910F0E702F06FBD0204C0F3891307D56FEAC0
S21403992083536FEA935313F5007F18B206D0A3F15F
S214039930C8006FF4FF739842B8BF184670474FF0DD
S214039940384359699A6903F500530A405A617047C8
S2140399500E207047E6F7B4BCE6F7B2BCE6F7B0BC39
S214039960E6F7AEBC08B50846E7F7D0F808BDE6F755
S214039970A7BC0220704702207047002070470120D2
S2140399807047002070470E20704700207047E3F7AB
S2140399901FB9084611460122FFF741BB70B50546BD
S2140399A00C4611461A46E7F763F906682B46204627
S2140399B0B446BDE87040604710B5E7F759F9BDE80F
S2140399C0104083681847FFF710BEE3F729B8FFF780
S2140399D0A9BBE2F733BD70B504460D4616464FF4F1
S2140399E0881100F01CF8324629462046BDE8704030
S2140399F0E3F748BA38B505460C4604F022FCD5F81A
S214039A0090301C40D5F88C302343C5F88C3004F0D6
S214039A1013FC211E18BF01210020490238BD38B5AA
S214039A2004460D4604F00DFCD4F890301D40D4F8DF
S214039A308C3023EA0505C4F88C5004F0FDFB284659
S214039A4038BD38B504460D464FF48811FFF7E7FFD7
S214039A5029462046BDE83840E3F73CBA73B50D788F
S214039A6006460C4635B304238DF804302379304676
S214039A7001A98DF80530FFF738FB0546B8B92278FB
S214039A80A37952BB8DF80430E379304601A98DF8EB
S214039A900530FFF714FB054648B923783BB16188C8
S214039AA03046E2F7E9FA01213046FFF7DBFC2846A9
S214039AB002B070BD2946FFF7D5FC29463046FFF7AE
S214039AC0F2FC29463046FFF7F6FC2378002BCAD172
S214039AD023798DF804306379C9E702228DF80420D0
S214039AE0D3E7FFF7E0BCFFF7EEBC0020704710B5E6
S214039AF00446E7F757F921460020E7F7B5FFBDE828
S214039B001040002000F03EB970470120704708B5AA
S214039B10E8F7D8FD80F00100C0B208BD4FF0FF3073
S214039B20FFF79EBB70470020704710B50C4604F045
S214039B30A3F8048010BD38B50C46154604F09CF80F
S214039B4003881DB11C43A1B2018038BD23EA04017A
S214039B5089B2F9E708B504F08FF8008808BD08B5A0
S214039B6004F08AF8C07808BD08B504F085F80088C4
S214039B7000F00C0008BD08B504F07EF8008800F07D
S214039B800C00031F5842584108BD38B5054604F07B
S214039B9073F804462846FFF7EEFF30B904F11000C9
S214039BA004F02CFD00F4406038BD4FF40060FBE782
S214039BB038B5054604F060F804462846FFF7DBFF91
S214039BC0014648B910342046042203F095FF20448A
S214039BD0BDE8384004F012BDA08838BD10B50C4669
S214039BE004F04AF8848010BD38B5054604F044F8FE
S214039BF004462846FFF7BFFF014608B1201D38BDBF
S214039C0010340422204603F077FF2044F7E738B5E4
S214039C10054604F031F804462846FFF7ACFF30B992
S214039C2004F1100004F0EAFC00F4404038BD4FF4A1
S214039C300060FBE738B5054604F01EF804462846E0
S214039C40FFF799FF014648B910342046062203F071
S214039C5053FF2044BDE8384004F0D0BCA08838BD8C
S214039C6038B5054604F008F804462846FFF783FF90
S214039C70014608B1201D38BD10340622204603F0E5
S214039C803BFF2044F7E708B503F0F6FF007A08BD6C
S214039C9008B503F0F1FF90F9090008BD08B503F015
S214039CA0EBFF807A08BD08B503F0E6FFC06808BD81
S214039CB010B50C4603F0E0FF047210BD10B50C4659
S214039CC003F0DAFF447210BD10B50C4603F0D4FF60
S214039CD0C46010BD2DE9F8430F468046002107F106
S214039CE010001646994604F03BF80446D0B103F03C
S214039CF0C3FF0546204603F0DBFF00210246284645
S214039D00E0F754FB00232046AB7049F00401FFF74D
S214039D100CFFA5F804802EB13A46314605F1100033
S214039D20E0F7D4FC2046BDE8F883F8B505460F46B1
S214039D301020002104F014F80446B0B103F09CFF91
S214039D400646204603F0B4FF002102463046E0F7FD
S214039D502DFB002339462046B370FFF7E6FE25B1F8
S214039D602A460121204603F0D3FF2046F8BD08B556
S214039D7003F082FF103008BD08B503F099FF1038D2
S214039D80C0B208BD0020E7F797BD08B5E7F7F2FFB6
S214039D90002008BD4088C0F30C0003308008400054
S214039DA00430704770B50E4605461146304603F03C
S214039DB0D7FF044635B128B103F05EFF3246294685
S214039DC0E0F746FB204670BD0088B0FA80F04009F5
S214039DD0704738B505880022044604F079FC05B1BF
S214039DE0258038BDF8B507460D460088002116467F
S214039DF003F07AFFB042044605D129463846BDE84B
S214039E00F840FFF7E6BF0021204603F06DFFB0429F
S214039E1005D02046002103F067FF0446F3E72A46F1
S214039E202046002103F074FF32462846BDE8F8407A
S214039E30002103F06DBF38B5044638B1002104F0A5
S214039E4041FC002301465D1C09B998B238BD204683
S214039E5004F05CFC2B460146F5E7F8B50588074693
S214039E607DB1CCB22146284603F03EFF8542064626
S214039E7009D100233B8000222146304603F048FFE9
S214039E8035462846F8BD214603F02EFF21460246F6
S214039E90284603F03DFFEEE72DE9F04707888246A4
S214039EA0884614465FB3384603F002FF3D4606462F
S214039EB0E4B22146284603F017FF4045814616D1F3
S214039EC0214603F011FF21460246284603F020FFF1
S214039ED0474504D1454508BF0025AAF8005000228F
S214039EE02146404603F014FF3046BDE8F08787421C
S214039EF0FAD003F0DDFE30444D4686B2D9E73E463F
S214039F00F2E700220123C0E900237047F8B50446B0
S214039F100127002604F0A2F923683BB904F099F957
S214039F2000226368012B0ED16360F8BD1D691F61B3
S214039F30266004F08EF9012DF2D02B462D691E61A2
S214039F40012DFAD1E6E719691A610B46EAE70368B9
S214039F5023B94068012803D0E8F754BC00207047B3
S214039F604FF0FF307047F8B5054604F062FA012358
S214039F7006460027A8602B7304F070F92B68024688
S214039F807BB11C692169A1420CBF2F60196127614F
S214039F90104604F05EF9012C08D020466368984703
S214039FA0EAE76C68012C04D104F053F900232B7301
S214039FB0F8BD6169711AB1F1004FF5D8216969607E
S214039FC02361E5E7704702207047022070470020B0
S214039FD070470144884201D10120704710F8013BC5
S214039FE09342F7D0002070470821FDF7A6BF70B54F
S214039FF00146064692B00020E7F700F9044670B91A
S21403A000FDF796FF054601466A462046E7F74AFCF3
S21403A0106A46294620468DF80260E7F7F9FE204691
S21403A02012B070BD00B593B0FDF782FF6A460146D5
S21403A0300020E7F737FC9DF9020013B05DF804FB38
S21403A04000B593B0FDF774FF6A4601460020E7F7B4
S21403A05029FC9DF8000013B05DF804FBE7F7E6BBA8
S21403A060012070477FB54FF6FF7101AAE8F7A6FEF9
S21403A07020B1BDF80C0007B05DF804FB4FF6FF7087
S21403A080F9E708B504F081FB003818BF012008BDC6
S21403A09008B51046E9F766FFBDE80840EAF720B8BA
S21403A0A07047704770477047704770477047002186
S21403A0B000B593B06A460846E7F7F4FBBDF806001A
S21403A0C013B05DF804FB002110B592B004466A464F
S21403A0D00846E7F7E7FB00216A460846ADF8064060
S21403A0E0E7F796FE12B010BD002100B593B06A469E
S21403A0F00846E7F7D7FBBDF8040013B05DF804FB8A
S21403A100002110B592B004466A460846E7F7CAFB34
S21403A11000216A460846ADF80440E7F779FE12B018
S21403A12010BD704773B50646E9F76EF90446304628
S21403A130ECF7ECF82246034600213046F7F706FF15
S21403A1400546D0B1FFF713FE0446284603F094FDF8
S21403A1500023E21D121A294608200093D2B2FBF709
S21403A16091FE0138C0B2012807D80122294630469D
S21403A17002B0BDE87040E9F77DB902B070BD134682
S21403A18010B50A4600210446F7F7BAFE014628B181
S21403A1902046BDE810400222E9F76CB9012010BD45
S21403A1A007B5009313460A460021F7F723FE28B1A6
S21403A1B0002103B05DF804EBF5F7CEBB012003B036
S21403A1C05DF804FB2DE9F04F87B00C469146074631
S21403A1D0FFF7CAFC0546661C304604F00FFA042D4A
S21403A1E040F090803846FFF7C2FD0378092203F05B
S21403A1F00303012B14BF02230323012120460393E9
S21403A20003F07AFC092200210546204603F074FC7D
S21403A21021788DF8170001390022204689B2FFF70E
S21403A220C1FD04EB09088346F0B14FF0010A2A4644
S21403A2300146CDF800A003980DF11703FBF722FEA5
S21403A2400228054626D1584603F032FD0022207028
S21403A250C0B2431E00929BB252465946304604F0A3
S21403A260CEFA2378534423703846FFF773FC020470
S21403A27024D498F8013021789B071FD50139A1EB28
S21403A28009013A464046C9B2EDF75CFE2378184406
S21403A290207013E020B92070284607B0BDE8F08F81
S21403A2A0032809D1404604F0A9F920F4007189B2C5
S21403A2B0404604F0A5F9D7E70428D5D101250022A6
S21403A2C020462178FFF76EFD07460028E4D04FF0BE
S21403A2D000080146434601224046CDF80080FBF7BE
S21403A2E0D1FD022819D1384603F0E2FCC2B2013A86
S21403A2F0207093B2394601223046CDF8008004F030
S21403A3007EFAC9E780F0800520F0800081B23046EF
S21403A310C5F3C01504F074F9D1E70028BCD120704A
S21403A320BAE708B50020FFF7F2FB80F00100C0B2E1
S21403A33008BD0A4608B501460020E9F79BF8B0FABF
S21403A34080F0400908BD0020E7F796BE00210846C6
S21403A350E7F73ABB0020FFF7D8BB70B5044604F016
S21403A3604DF9042200210646204603F0C5FB20448F
S21403A37004F044F9032205460021204603F0BCFB03
S21403A380204404F03BF94FF6FF730540ADB29D42FF
S21403A39014D1F30712D506220021204603F0ACFBA6
S21403A3A0204404F02BF90446E9F7D6F8844214BF98
S21403A3B002240624E9F7CAF8204070BD2046FBF7BE
S21403A3C07AFFC400E4B2F5E708B5FFF7C6FF003826
S21403A3D018BF012008BD0120704710B50446FEF7DC
S21403A3E0B5FA08B9FEF7B4FA03050FD40C231B2BF2
S21403A3F001D1002009E020FA03F1C90703F10102A5
S21403A40006D5DBB2E31A5842584110BD0B23F9E7D1
S21403A4101346ECE710B50C46098819B90846F7F752
S21403A4204FFD2080012010BD08B510461A4600F0E7
S21403A430B8FABDE8084004F07FB870B504460D4688
S21403A440164692B06A46E7F72DFA6A46294620462C
S21403A4508DF81F60E7F7DCFC12B070BD10B50C4634
S21403A460E9F756FC2046BDE81040E9F767BB01292B
S21403A470F8B505460C461DD003291ED0052920D065
S21403A480072922D00026002400270120E7F74EF9EB
S21403A490304485421DDA0320E7F748F92044854215
S21403A4A019DA0520E7F742F938448542B4BF072096
S21403A4B00520F8BD6FF00406E5E76FF004040526F3
S21403A4C0E2E700266FF00407DFE7002405272646A9
S21403A4D0DBE70120EDE70320EBE738B5054600246C
S21403A4E02046E7F723F90134A842E4B202D9062C42
S21403A4F0F6D10724204638BD38B14379490023F006
S21403A5000C0301F00C010B434371704710B504466E
S21403A51078B141794088490801F006010131000A03
S21403A520FFF7A5FF024601462046FFF7E5FF104664
S21403A53010BD0722FBE738B50D46E9F7D7FB0446FF
S21403A54008B9002038BDFFF7E1FF002DFAD12379C3
S21403A55013F00703F5D0984238BF1846C0B2F1E7A8
S21403A560037923F00703194301717047037903F056
S21403A5700F0343EA0113037170470022E9F75ABF3A
S21403A5800021012208B5E9F755FF401A18BF01203C
S21403A59008BD38B51546FFF7F0FF0446284604F015
S21403A5A00AF984B1FF2804D0626822FA00F3DB07B5
S21403A5B001D5012038BD0123834013436360E3784C
S21403A5C00133E370F5E72046F4E7EAF79DB910B5E3
S21403A5D003F052FB00F11004204604F00FF820F4B9
S21403A5E0007189B22046BDE8104004F009B82DE991
S21403A5F0FF411546019101218DF80D301B0A8DF898
S21403A6000E309DF82C308DF80C008DF80F30284650
S21403A6100423009103AA9DF828809DF830709DF8C6
S21403A620346001F0D8FC044670B12946FFF7D6FA29
S21403A630B8F1000F02D12046FFF7C9FF2FB146B984
S21403A64031462046F5F788F90024204604B0BDE8D5
S21403A650F081002220461146EAF7DCF8F4E74FF4CF
S21403A6607A70EAF731BAF0B5064687B010461C464C
S21403A6700F461546FFF77BFB9DF8303018444378AA
S21403A6809CB16178012211F0020F0CBF0321002157
S21403A6900020CDE90142CDE90310072239463046B2
S21403A6A00095EAF7ADFA07B0F0BD22462146EFE77C
S21403A6B008B5E8F7BBF8BDE808400020EAF7DCBCBD
S21403A6C000B58BB06846EAF7DBF9009BBDF80600D9
S21403A6D004A90693EAF77AF90BB05DF804FB1FB5F5
S21403A6E004466846EAF7CCF902AB03CB2060616008
S21403A6F004B010BD1FB5062304468DF80C30EAF7E8
S21403A7004BFE00238DF80D00CDE900330121022313
S21403A710204603AA01F05FFC04B010BD70B50C46DA
S21403A72005460120EBF72CFD237B4BB1FFF7BFFC5F
S21403A730014623462A46BDE870400120EBF7DAB807
S21403A7404FF6FE71F5E7F8B50E460746FFF70FFB23
S21403A750054603F053FF00F44040B0F5404F14BFE6
S21403A7600022062202F10A03EB5C0B325C0004F0C3
S21403A7700E045B08144403F0380338461C44FFF702
S21403A780FBFA844208D2001BC2B20F2A28BF0F224C
S21403A79030462919DFF79AFF2046F8BD40F62740D2
S21403A7A0ECF720BC13B5F5F779FB6946044600F0D1
S21403A7B0E1FF58B1FFF77BFC40B1E8F72BF928B16E
S21403A7C00023022269462046F2F728FF02B010BD96
S21403A7D0FF224FF6FF71ECF751BE07B500210DF1CE
S21403A7E00700ECF7D9FF9DF8070003B05DF804FBFC
S21403A7F013B5044601A90020ECF7CEFF019A0146E3
S21403A8002046ECF7DFFF204602B010BDF0B50F463A
S21403A810002187B0044608461646ECF7BDFF012321
S21403A82005460DF10A008DF808408DF80930FFF74C
S21403A83056FF092C1DD131460DF1120003F0E0FE40
S21403A84005AB002102AA9B1A2846CDE90011DBB20C
S21403A850642101F0C0FB0546E0B1092C15D1ECF7E5
S21403A860FBFF044688B12846EDF70AF8204607B0F2
S21403A870F0BD31460DF113008DF812704FF6FF75DB
S21403A88003F0BEFE0DF11503DBE7284600F02EF8B5
S21403A8900446EBE70446E9E77FB50D461646ADF8F2
S21403A8A00E0003F005FA841BE4B2BDF80E20631B0A
S21403A8B09BB2104629460093731901F0C0FA21464D
S21403A8C00DF10E0001F093FA04B070BD38B50446DE
S21403A8D00D4603F08DFF40B1AC4206D0204603F090
S21403A8E0EBFBBDE8384000F0DBBF38BD10B50446CF
S21403A8F0FFF73DFA023003F081FE4FF6F7739842F6
S21403A900204603D9BDE81040EDF73CB9EDF786F9CC
S21403A910B0FA80F0400910BD0022EDF757B870B5C5
S21403A9200546FFF724FA0646284601F078FB01465B
S21403A9302846F7F777FF04462846FFF739F94FF618
S21403A940F773984208D8337803F00303012B05D135
S21403A950A31E5842584170BD0120FCE70020FAE7C9
S21403A96041F2033330B585B00D46ADF808300446E2
S21403A970FFF79DFB8DF80A00FFF799FB0021000AFD
S21403A9808DF80B0005232046CDE9001102AA8DF8A9
S21403A9900C5001F020FB10B12146FFF7BDFF05B0B8
S21403A9A030BD2DE9F041044617460D46E1B13F2977
S21403A9B04FF0000600D135462046FFF7D5F80828A5
S21403A9C014D10121204603F08FF9064603F070F9EF
S21403A9D00446304603F050F93B4601462A46E0B2A9
S21403A9E0BDE8F041FDF75BBB0126E5E72046FFF730
S21403A9F0BBF8024630B9BDE8F0414FF6FF710120BF
S21403AA0003F0C5BD2046FFF7C0F8B0F5006F0ED1C2
S21403AA102046FFF7CDF84FF6FF739842014617D04E
S21403AA20002D0CBF03200520002203F0B0FD2946AD
S21403AA302046E9F7A7FF68B929462046EEF782FDC8
S21403AA4040B9324629462046BDE8F041EDF7A2BBA1
S21403AA500120E9E7BDE8F08137B54FF6F675FDF757
S21403AA606AFA431E9BB2AB420446F8D8E9F73EF9AE
S21403AA700028F4D169462046E8F72CFC0028EED0DF
S21403AA80204600F0DCFF0028E9D12046FFF778FDDA
S21403AA900028E4D12046EEF7C9FD0028DFD1204682
S21403AAA003F0A6FE0028DAD12046FDF75AFA00285E
S21403AAB0D5D1204603B030BD73B504460E46EEF737
S21403AAC0B5FD054688B92046EEF70AFE21462B4615
S21403AAD00D224FF6FD70009500F056F831462046DD
S21403AAE002B0BDE87040EEF7BDBD02B070BD37B52D
S21403AAF0054614460C2914D8DFE801F02C132C1352
S21403AB00131307131313132424006946E8F7E2FB11
S21403AB1018B901216846F3F763F941202946F8F787
S21403AB2027FBD4B12046FFF722F9023003F066FD77
S21403AB304FF6F773984210D9204603B0BDE830406D
S21403AB40EDF738BA40F6144040F613430B2908BF16
S21403AB501846E3E7F6F72EFDE3E703B030BD1FB56F
S21403AB600346084603218DF80D308DF80C1001239B
S21403AB700021ADF80E20CDE9003103AA042301F02D
S21403AB802AFA05B05DF804FB2DE9F34106460F46A5
S21403AB9014461D469DF82080FFF789FAB04207D178
S21403ABA000222146384602B0BDE8F041FFF79FBFBA
S21403ABB03A4631462046FFF7D2FFADF8060060B1AD
S21403ABC00D2C05D100224FF6FF71282003F0DFFC81
S21403ABD035B9BDF80600FFF789FE02B0BDE8F0817F
S21403ABE00123424629460DF10600E7F773FDBDF83B
S21403ABF00630002BEDD1F0E7F7B50C460546FFF718
S21403AC00B6F8611C06462846F7F70CFEA11C074655
S21403AC10284601F027F9014604463846FDF7D7F9DA
S21403AC200D2F34D12046EEF701FD78B1301D03F029
S21403AC30E5FC04462846F679FEF7FCFF3146024655
S21403AC40204603B0BDE8F040FFF7A3BCB01C03F0FA
S21403AC50D5FC4FF6F773984202D92846EDF7AAF9C2
S21403AC602046EEF73DFDFFF722FAA04205D100206D
S21403AC7003B0BDE8F040EEF777BD6B46B068F16809
S21403AC8003C369462046EEF7EDFC03B0F0BD2A4643
S21403AC903946204603B0BDE8F040FFF728BF14222C
S21403ACA00021DFF783BB2DE9F04F11F00F070446B1
S21403ACB00E4615468FB05CD10120DCF7F5FF09A8D8
S21403ACC0FDF795FA092309A88DF82430FDF793FAC2
S21403ACD009A8DCF7BBFF01A909A8FDF71DFC26F0B0
S21403ACE00F08A84404F1100904F10F0A454511D1D1
S21403ACF0236901A93344236109A8FDF7F2FB002069
S21403AD00DCF7D2FFB6F1005F28BF272738460FB01F
S21403AD10BDE8F08F05AA23469646944618685968F8
S21403AD200833ACE803004B456246F6D12B46224671
S21403AD3005F1100B53F8041B5B4542F8041BF9D1CD
S21403AD40714609A8FDF7CDFB09A8DCF77FFF22466D
S21403AD5021460120DCF764FF013D631E13F8012F33
S21403AD6015F8011F534582EA01021A70F6D15D46B3
S21403AD70BCE70227CAE7F0B5174685B005460C467A
S21403AD80102200216846DFF711FBBFB3C4B30F2CB4
S21403AD9004F00F0608D924F00F043A462146284645
S21403ADA0FFF781FF40BB2744324639466846DFF744
S21403ADB08DFC80222F6906F1100337446B44B7F5E8
S21403ADC0005F03F8102C2F61C6F110061AD3062E67
S21403ADD01FDDFB001A0E8DF80A201A0C5BBA8DF8DD
S21403ADE00B20ADF80C306A4610212846FFF75BFFB0
S21403ADF000202B69103B2B6105B0F0BD3E46D8E71B
S21403AE002646D6E7022E04DDFB005BBAADF80E300D
S21403AE10E9E76A4610212846FFF745FF2B6910220B
S21403AE20A3F11004002168462C61DFF7BFFAB7F5DB
S21403AE30005F4FEAC403CDD2E7E770B50E4605467A
S21403AE4086B001A81446FFF72AFF3246294601A812
S21403AE50FFF791FF2246054601AB05AE1C4603CC21
S21403AE60B44210605160234602F10802F6D1284628
S21403AE7006B070BDEEF716BD0A460021EEF712BD0A
S21403AE80F0B58BB00C4601A9EEF70CFD054680B372
S21403AE9025220021E01CDFF789FA0123A3700E2385
S21403AEA0BDF810702380FA0510D523464FF4877239
S21403AEB006AE23F8042B0DF1280C324603CA62456E
S21403AEC018605960164603F10803F6D13B0605D50C
S21403AED0238843F080032380069B636001AB03CB88
S21403AEE0039BC4F81D00C4F82110A361EFF7E6FF27
S21403AEF0606128460BB0F0BD30B505460C4687B0FA
S21403AF0001A8FDF774F92868696802AB03C39DF8C6
S21403AF10113043F002028DF8112074B122885106D5
S21403AF2044BF43F006038DF81130530542BF9DF826
S21403AF30113043F008038DF8113001A8FDF752FADB
S21403AF40B0FA80F0400907B030BD70B58AB00D4640
S21403AF50002201A90446EEF7A5FC88B1204604A901
S21403AF60FFF7CAFF60B1BDF81060FFF7A0F838B965
S21403AF70720601D5730503D529462046FDF793F8D7
S21403AF800AB070BD2DE9F3410F460546164602F09A
S21403AF908FFE4FF00008C41BE4B2294623463A4608
S21403AFA03046CDF8008003F02AFC0121284602F043
S21403AFB09BFE88B10121284602F096FE074602F062
S21403AFC077FE0546C3B2424630193946CDF80080AF
S21403AFD003F015FC2544ECB2204602B0BDE8F08130
S21403AFE02DE9F04F85B00C46054691461F464FF0B7
S21403AFF0010ADDF838809DF83CB002F059FE22467F
S21403B0003B4629460646CDF800A0484603F0F7FB24
S21403B0105146284602F068FE3C4418B3514628467B
S21403B02002F062FEF6B2B442814610DAE7B2F31BD0
S21403B030DBB2404622462946CDF800A003935F4480
S21403B04003F0DDFB039BBF1B984407F0FF0B0123B4
S21403B05000220E9349465B46404605B0BDE8F04FD6
S21403B06003F0CDBB5B4622462946CDF838A0F3E76E
S21403B0702DE9F041002686B0074608460C461546DD
S21403B0809846CDE9026604968DF8146002F010FE29
S21403B090411BCBB20D2B28BF0D232A462146009613
S21403B0A002A803F0ACFB424602A93846EEF774FE4C
S21403B0B00646294620469DF80820F7F7C7FB304684
S21403B0C006B0BDE8F0812DE9F04F0E46CBB0012166
S21403B0D0054617461C4602F007FE23463A4629460F
S21403B0E0814606A8FFF7C4FF0DF1280A00EB070BFD
S21403B0F05246314628465FFA8BFBFFF743FFB345BC
S21403B10003D200204BB0BDE8F08FABEB06085FFA26
S21403B11088F808F104039842F3DB331F184404232A
S21403B120C4B20193A31BDBB20093524643460021ED
S21403B130CDF808A006A8DCF727FD0028E1D1A4EB8C
S21403B1400B040AEB0803E4B2524628463146009342
S21403B15001944346FFF744FF39462846F7F762FB58
S21403B160394600F0F8022846F7F770FB0121284617
S21403B17002F0BAFD002818BF4D462846ADF8165013
S21403B18002F096FD011FC9B20DF1160000F02FFE66
S21403B1900120B7E72DE9D841064600F040FF411CE1
S21403B1A0044689B2304600F00DFF98B394B32146A7
S21403B1B03046F7F737FB00F00C03042B074629D07D
S21403B1C000F00308B8F1020F00D11BBB384600F0AD
S21403B1D0AFFF3B060444A4B216D5611C304689B2C1
S21403B1E000F0F0FEB0B121463046F7F71BFBB8F18E
S21403B1F0010F014600F003030CD0032B0AD0384698
S21403B20000F0A5FF03199CB221463046BDE8D8419D
S21403B21000F0D8BE0020BDE8D881F8B5064600F099
S21403B220C0FE054604463046FEF7A1FD43785B079D
S21403B23018D5AC1CA4B22146304600F0C3FEB8B104
S21403B24029463046F7F7EEFA0746691C304689B2B8
S21403B250F7F7E8FA1FB1874201D8FF2808D104EBB5
S21403B2604704A4B221463046BDE8F84000F0AABE23
S21403B2700020F8BD13B5044601A8EEF7E5FFBDF8B8
S21403B2800430DA0710D49B0707D410220021204687
S21403B29002B0BDE81040DFF789B8224621461020E9
S21403B2A0FFF7CBFD0028F0D102B010BD024608B56B
S21403B2B0EEF7F2FF510544BF0838C0B2130544BF8A
S21403B2C00838C0B208BDF0B5D30705460C468BB0A8
S21403B2D04AD5008800F0A3FE00230646029314B95D
S21403B2E0CDE9034403AC002208212046FEF771FE95
S21403B2F0A8B12888FEF73BFD023003F07FF921460C
S21403B3000746E7F7E7FF50B10022402311463846C9
S21403B31000F01DFA40F6094528460BB0F0BD31464D
S21403B3202888F7F77FFA10F0030F0CBF01260026D4
S21403B330EEF7FCFA46EA4000C0B200900021204631
S21403B34002AB05AAF0F712FA0546EEF7EFFA002865
S21403B350E2D0002DE0D000212046009602AB05AADD
S21403B360F0F704FA0546D7E740F60A45D4E7002384
S21403B3701A46F0F755B930B58BB005AD04462846E6
S21403B380FCF735FF0223284601A98DF81430FDF794
S21403B390C3F8234601AA144603CCAC42186059608E
S21403B3A0224603F10803F6D10BB030BD08B50023DF
S21403B3B0024619461846F0F733F9012008BD37B59B
S21403B3C004466846F0F7A4F9054648B10822214624
S21403B3D06846DFF737FBB0FA80F0400903B030BDAC
S21403B3E0FF2208212046FEF7F4FD034628B1062176
S21403B3F02846FFF7BCFF0120F0E722460146F0F798
S21403B4000FF9F8E707B56846F0F782F910B1684612
S21403B410FDF700FA00F0010003B05DF804FB01201D
S21403B420F0F7B0BE704737B504460846FEF7DCFBB8
S21403B4300546FEF73CFE00230146009322462B46B4
S21403B4400120F6F7DBF903B030BD30B5012405461D
S21403B45089B003A8FCF7CBFE01A88DF80C40DCF7F7
S21403B46053FC9DF806209DF80730AA4209D0AB424C
S21403B47009D103A88DF80D40DCF7E8FB012009B0DD
S21403B48030BD0024F5E70020F9E700221021FEF77F
S21403B490A0BD7FB50D4600F582300D22694600F546
S21403B4A08070D0F717FE6B462A4602AE1C4603CCC6
S21403B4B0B44210605160234602F10802F6D12068B8
S21403B4C010602379137100236B7304B070BDF0B55D
S21403B4D085B06A4605460B46164601F1080714462C
S21403B4E018685968083303C4BB422246F7D1186864
S21403B4F00D2220601B7905F582303146237100F555
S21403B5008070D0F713FE05B0F0BD38B504460D467F
S21403B510DBF7BEFEA04205D920462946FFF7B9FF52
S21403B520002038BD2820FCE730B5002485B08DF810
S21403B5300040DBF7ADFEE5B2A84204D8F2F7B4FA52
S21403B540002005B030BD69462846FFF7C0FF01342A
S21403B550EFE738B50446002002F07EFDFF280546D7
S21403B5600FD002F001FE10F0010009D0284602F0C9
S21403B570FBFD400840EAC17080F0010000F00100C6
S21403B58038BD04F00100FBE70146F8B50646002087
S21403B590F2F7C4F9FF2801D00120F8BDDBF768FEF7
S21403B5A000240546871CDBF767FEE3B2984201D802
S21403B5B00020F2E735F82430B34203D117F82430DD
S21403B5C0002BE9D10134EEE738B50D4601210446D8
S21403B5D002F08AFB30B10121204602F085FB288069
S21403B5E0012038BD20462C8000F00EFE0130C0B28C
S21403B5F0F7E72DE9F04788B00746894610460DF170
S21403B6000A011D469046FFF7DFFF4FF0000ABDF81C
S21403B6100A6004463046CDE905AACDF81BA002F021
S21403B62047FB031BDBB20B2B28BF0B2322463146FB
S21403B630CDF800A005A803F0E2F848F21F039D42E8
S21403B64043D00BD885F40043012B15D92346424635
S21403B650494628460097FDF730F933E048F23A03A7
S21403B6609D42F3D1FEF723FDB8422BD02246414636
S21403B67005A8FDF757F925E09DF8143013BBBDF870
S21403B6801D40DDF81500DDF8191003AB03C3204693
S21403B69003A9DCF71FF80122204603A9EEF798F862
S21403B6A0A74206460ED0012103A8F2F799FB48F2FB
S21403B6B001039D4206D12EB933463246394620460B
S21403B6C000F046FE08B0BDE8F0879DF81450002D44
S21403B6D0F8D12F469DF815800234EAB24245F1D2DE
S21403B6E0D200D2B222440823314692B2009703A86E
S21403B6F0CDE9037703F083F803A8F4F7FFFB02F022
S21403B700DBFC00F0CDF80135E7E708B5E7F78EF880
S21403B710BDE80840F2F7A2BD10B50024418084803E
S21403B7200480C280038110BD13B5BDF81040CDE977
S21403B73000340023F2F7FAFE02B010BD13B5BDF8CD
S21403B740104001900094F2F7F1FE02B010BD07B569
S21403B75000930123FFF7F2FF03B05DF804FB012318
S21403B760F2F78ABF0121F4F7F7B801464FF6FF70E8
S21403B770F4F71AB810B50C4602F09EFCFF2808D062
S21403B780F4F7A4FB20B103682360436801206360D9
S21403B79010BD0020FCE710B50446FEF7F6F9B0F539
S21403B7A0006F204605D1FEF703FABDE8104002F00D
S21403B7B083BCFEF719FABDE8104003F015B808B5C8
S21403B7C002F07AFCFF280CD002F0CEFC10F0010346
S21403B7D009D0400840EAC17080F0010000F0010083
S21403B7E008BD0020FCE71846FAE71FB500F58230CF
S21403B7F00B2201A900F5C070D0F76CFC9DF80E0073
S21403B80005B05DF804FB30B589B001F0010503A966
S21403B8100446F4F77DFF9DB190B9204602F0A4FCE0
S21403B82010F0010109D0204602F09EFC430843EACB
S21403B830C17383F0010303F0010103A8F2F7D0FA02
S21403B8402046F5F7FDFE9DF8143029460093204662
S21403B850BDF8162003ABFCF79EFB09B030BD7FB5E1
S21403B8600C460546F4F71AFBA04217D04FF6F773BB
S21403B8709C4213D805F5823606F5C0760B2201A93D
S21403B8803046D0F727FC01A90B223046ADF80C4012
S21403B890D0F74CFC21462846F4F752FB04B070BDA3
S21403B8A010B50446DBF7FAFCA0420FD92046F4F79E
S21403B8B0F5FA4FF6FF73984208D020460021FFF7AB
S21403B8C0A2FF2046BDE81040F4F77CBF10BD10B5BC
S21403B8D00446FEF7ECFB0023024619462046BDE865
S21403B8E01040F5F7C9B82DE9F04114460F46054652
S21403B8F09846FEF73CFA0646043002F07FFE2080A8
S21403B9002846FEF797F96080B379791CE372C9B2CB
S21403B9102846F6F787FFB91CA072C9B22846F6F781
S21403B92081FFFE1C2072F6B2B8F1000F18D0314624
S21403B930284600F097FA0537FEB23146A08028461F
S21403B94000F090FAB11CE080C9B22846F6F76AFF09
S21403B9506072217AA0880122BDE8F041F5F7ACBDFC
S21403B9602088EAE72DE9F04186B090461E46044655
S21403B9700D46FEF79CFB4FF6F7739845074632D8FD
S21403B9800523A0428DF80C304FF0010214BF0123AB
S21403B99000234FF0000118BF8DF80D30CDE90021CC
S21403B9A014BFADF80E008DF80D30284614BF0423DF
S21403B9B0022303AA00F00FFB0546A0B1A7421AD044
S21403B9C0FEF7D5F9074621460430803E02F018FEFE
S21403B9D02046FE7104A9FFF7CDFE40B9204604A910
S21403B9E0E7F78CF918B9002006B0BDE8F0812846C1
S21403B9F004A900F07EFB41462846FEF78DFFF3E7D9
S21403BA00037923F00303194301F03F0101717047E3
S21403BA1007B50DF10701F5F7F5FB03B05DF804FB79
S21403BA2008B5FFF7F5FF18B1BDE80840F5F73ABCCF
S21403BA3008BD00224FF6FF701146F5F73DBD10B561
S21403BA400446FFF7E5FF024638B901462046F5F7F8
S21403BA5033FD003818BF012010BD0120FCE7F8B500
S21403BA60174604460E46FFF7D3FF0546386068B10F
S21403BA70037903F00303337023B93A68137903F0A9
S21403BA803F0313713B685C882046F8BD0146204699
S21403BA90FEF751FD074628B1E8F736FB874201D883
S21403BAA03570F1E731462046FCF701FF0028EBD05E
S21403BAB003234FF6FF743370E6E707B501AA0DF1CB
S21403BAC00301FFF7CCFF9DF8033053B9019828B163
S21403BAD0037913F0300F14BF0120002003B05DF884
S21403BAE004FB0020FAE72DE9FF4106461046884688
S21403BAF01546F4F703FA0746FEF7D9FA044648BB99
S21403BB004FF6FF739E4225D09F4206D00146384625
S21403BB1004B0BDE8F041EBF7C1BD07238DF8043050
S21403BB202B680246CDF805306B68092101A8CDF8CD
S21403BB300930FEF737F9024618B9192004B0BDE8F4
S21403BB40F081012341463046F1F712F80028F4D07D
S21403BB502046F3E70220F1E72DE9F04390460F462F
S21403BB6006464FF0010991B00BA803ADFCF73FFB67
S21403BB7007AC29460BA8ADF82C90FCF7CDFC95E84E
S21403BB800F0084E80F004B46002239463046CDE9C5
S21403BB900048F1F709F911B0BDE8F0832DE9F04F3D
S21403BBA0002785B081460C467E2039469846BDF868
S21403BBB03CB09DF844A0BDF84C500192ADF80E7011
S21403BBC002F0CEF80646002800F0AA8002F054F8E9
S21403BBD039467E22DEF7EAFB304602F04DF8009047
S21403BBE0304602F049F8B9F1FF0F0CBF274644F080
S21403BBF003073B0A14F44062077043705FD14FF0AB
S21403BC000808C31C184642460199DEF721FC034682
S21403BC1004F44044434484B1790606D419464FEAF3
S21403BC201B2201F802BB5A700B46B4F5004F56D0E0
S21403BC30A4F5404254425441E400224618460E9965
S21403BC40DEF706FC009A03462044A0EB02085FFAE0
S21403BC5088F89DB14FF47C521A53841C284602F090
S21403BC600BF88346284602F023F8C5B22A465946FF
S21403BC702046DEF72BFD60190235EDB2B9F1FF0F52
S21403BC802FD05246109900F8019BDEF71FFD08F1EE
S21403BC9001015AFA81F129443046E6F7B1FC0C213A
S21403BCA00022FF0007F0800710463943FEF73DF8F1
S21403BCB0ADF80E00E8B9002005B0BDE8F08FB2F588
S21403BCC0006F80F803804FEA182880F8048000F19C
S21403BCD0050314BF4FF008084FF0020892E702244A
S21403BCE0ABE708EB0A0129443046E6F789FC08214E
S21403BCF0D6E7304601F0C0FF0446304601F0D8FFD1
S21403BD000123024621460DF10E00E6F7E3FC002868
S21403BD10D1D10121BDF84820BDF80E0001F0F8FF8F
S21403BD20BDF80E00C8E710B50C46098821B90846C9
S21403BD30F6F7C6F8208008B1012010BD0220FCE704
S21403BD402DE9F04780460F460646002402F1FF39E8
S21403BD50BC4202D219F8015F25B9A6EB080080B2EF
S21403BD60BDE8F0879A46A5F13102012A5AF8041B6A
S21403BD7010D83246322D02F8011B06D10134A4B284
S21403BD80A74232D30912B21C7170013453461646C9
S21403BD90A4B2DDE7342D0CD10334BC42DDDA0B0A42
S21403BDA0317073700B0C090EB370321DF170A4B2B0
S21403BDB0EBE7A5F13302062A0DD8303DADB22B19B9
S21403BDC0BB42CADA2A463046013CDEF741FB15FA87
S21403BDD084F47219EBE7A5F14102062A01D8373D30
S21403BDE0ECE79D8803F1080AE9E71646B5E770B560
S21403BDF0054600880C4601F05BFFA04228880AD25D
S21403BE0001F056FF0023221A19462846BDE8704063
S21403BE1092B2E6F75FBC2146E6F7F2FB002070BD60
S21403BE2038B5054601F028FF0446284601F040FFD2
S21403BE30002201462046BDE83840FDF7B3BFF8B5FB
S21403BE4016460C461D46BDF8187001F015FF04444F
S21403BE50304601F011FF3A4641192046BDE8F84046
S21403BE60DEF7F6BA70B50C46013189B20646F6F728
S21403BE70D9FC214605463046F6F7D4FC00EB0520F0
S21403BE8080B270BD1FB50123ADF80C2000930A469F
S21403BE900223014603A802F0B2FC05B05DF804FBDA
S21403BEA00FB437B5069D0021A8B201F059FF04462A
S21403BEB001F0E2FE2CB1002207AB0193D1B28D4212
S21403BEC005D8204603B0BDE8304004B0704753F8A9
S21403BED0041B81540132F1E773B504460D46402036
S21403BEE00021164601F03CFFADF8060001F0C4FE43
S21403BEF0BDF8063013B9002002B070BD40213346AA
S21403BF002A462044FFF71CFF211889B20DF10600CC
S21403BF10FFF76DFF0028EED1BDF80600ECE70EB480
S21403BF2003B503AA52F8041B0192FFF7D5FF02B02C
S21403BF305DF804EB03B070472DE9F7430F46012184
S21403BF408146164601F0D0FE054658B1FFF768FF56
S21403BF50308088B9284601F0ABFE68B1192003B0DB
S21403BF60BDE8F083484601F0A3FEFF2FA0EB0704CD
S21403BF70E4B214D014B934800020F0E72A462146F0
S21403BF802846FDF70FFF80460028E7D03B464A4683
S21403BF9029460094FFF753FFA6F80080ECE701203C
S21403BFA0DDE708B5FDF7E3FE437803F001001A0763
S21403BFB04CBF10300830DB0644BF0830C0B2103028
S21403BFC0C0B208BD10B50C4601F072FEA04234BFE5
S21403BFD00020012010BD7FB514460091024641F2B1
S21403BFE0092141F609209DF820601D46002E18BF42
S21403BFF00146099B0020F6F73DFCADF80E0010B98C
S21403C000002004B070BD01232A4621460DF10E0020
S21403C010E6F760FB0028F3D1BDF80E00F1E738B56C
S21403C0200546FFF7BEFF0446284601F041FE631CA3
S21403C0309BB283420FD82846FDF799FE43785B07E9
S21403C04007D521462846F6F7EDFB013004EB4004FE
S21403C050E4B2204638BD0024FBE71FB5ADF80E005A
S21403C06001F026FE0446BDF80E00FFF7D8FF00F1E8
S21403C0700E03DBB2BDF80E200146E01A80B2009034
S21403C0801046FFF7DCFEA4F10E0189B20DF10E0097
S21403C090FFF7ADFE04B010BD4278034612F0080069
S21403C0A006D0D20702D403F10800704703F1090053
S21403C0B0704737B505460C46FDF759FE437813F02F
S21403C0C0100212D09CB103F001021B074FF00003CD
S21403C0D02946009320464FF0080354BF18322032F7
S21403C0E002F08DFB012003B030BD1046FBE720466F
S21403C0F0F9E773B505460C46FDF739FE437813F0AA
S21403C100100211D094B1012603F001021B07294641
S21403C1104FF00803204654BF18322032009602F030
S21403C1206EFB304602B070BD1046FBE72046F9E7CB
S21403C13000F00303012B08D0C30606D400F00C005E
S21403C1400C2814BF082009207047022070470346B6
S21403C15011F0030005D003F00303022B14BF0220E3
S21403C16003207047F8B50C46064601F0A1FD631C94
S21403C170834202D900252846F8BD21463046F6F705
S21403C18051FB0746FFF7D4FF3B060546F3D50444A9
S21403C190304601F08DFDA4B2631C9BB28342E9D8FE
S21403C1A021463046F6F73EFB01463846FFF7CFFFFB
S21403C1B02844C5B2DFE770B506460D46FFF7D2FF43
S21403C1C0044610B90024204670BD29463046F6F7CB
S21403C1D029FB8206F7D5304601F06AFD2544ADB249
S21403C1E06B1C9BB28342EDD829463046F6F71AFB02
S21403C1F000F01803082B14BF05340634E4B2830694
S21403C20044BF0834E4B2DEE738B50546FFF707FF58
S21403C210044608B9002038BD01462846FFF7CBFF81
S21403C2200028F7D02044C0B2F5E72DE9F04387B0E5
S21403C23005460C46FDF79BFD804602F0DFF90746F0
S21403C2402846FFF7ECFE064601462846FFF78AFF18
S21403C2500022034600922946324602A802F0CFFA8D
S21403C2609DF8086006F00C030C2B06F003090BD0B0
S21403C270B9F1010F59D0F10657D49DF809300DF1E5
S21403C2800A050020637107E0FF230DF109006371BF
S21403C29002F0B4F90DF10B05208198F80130DA07A6
S21403C2A004D508F1020002F0A9F92081B9F1010FC3
S21403C2B05FFA89F83DD0F3063BD4284602F09EF990
S21403C2C06080A81C02F09AF9053515F8013C208019
S21403C2D023712B78B006A37206F0400348BF43F0E1
S21403C2E02003390627D543F40073F80448BF43F404
S21403C2F08063390548BF43F400633206E38011D5F3
S21403C3006A7812F003020DD06FEA43436FEA534391
S21403C310A978B8F1020FE3800B4611D1EB7841EA16
S21403C3200321218107B0BDE8F083FF230DF1090542
S21403C330A7E7FF23CCE77A0648BF43F48073D4E726
S21403C340012A04BF0B029BB22381EBE7F6F76EBF0D
S21403C3500BB1F6F7D7BF0AB9F7F750B8FF21F6F7D0
S21403C36079BF431C08BF0020DFF7D6BA034B5868D3
S21403C370C0F30800003818BF0120704700ED00E046
S21403C380014B1868704700BF0C670020084B1B6FF3
S21403C39003F00703022B04D0032B05D0012B05D093
S21403C3A0FEE7044B18687047034BFBE703487047E8
S21403C3B0008000500C67002014670020002D310118
S21403C3C008B5FFF7E3FF054B1B6FC3F301330133D8
S21403C3D0B0FBF3F0024B186008BD00BF00800050AE
S21403C3E0086700200048704700B4C404004870473C
S21403C3F0002D3101014B1868704700BF14670020F9
S21403C400174A9368C3F304430C2B0AD8DFE803F0F8
S21403C4100B0909090909072119091B1D1F001148E2
S21403C420704700207047936803F04073B3F1807F32
S21403C43011D0B3F1007F10D0002B0B4818BF00209B
S21403C44070470A4870470A4870470A4870470A48C0
S21403C45070470A4870470A4870470A48704700BF43
S21403C4600040015A405DC60000093D00C0EA2101B4
S21403C47080BA8C010048E801005A62020024F400E6
S21403C48080841E0040420F00014B1868704700BFAF
S21403C4901067002007B500F065FC6A4600F0C2FC92
S21403C4A018B14721034801F0CBFFDDE9000103B0D3
S21403C4B05DF804FBB4EF03000229F8B596BF104BF2
S21403C4C000245C5C012805460E4608D0022809D0E5
S21403C4D008B944F002040B4B1F6837B9F8BD44F0A3
S21403C4E00804F8E744F02004F5E77B681A6814426A
S21403C4F003D0314628465B6898473F68EDE700BFA0
S21403C500F68604001C3C002038B5104D2B78ABB1E2
S21403C5100F4C23781BB100F031FA00232370002060
S21403C52001F0A1FF0B4C50B100F07AFA0023012171
S21403C53020782B70FFF7C0FF0123237038BD01223C
S21403C540054B1A702278054B1A70F7E7095D002031
S21403C550075D00200E5D00200A5D00200B5D0020B5
S21403C5600E490B78FF2B01D198B170470BB990B9E0
S21403C5707047002814BF0122FF2213440B7060B1DA
S21403C580074B1B78012B08D9064B1B782BB9FFF7F3
S21403C590BBBF1A46F1E70122EFE770470D5D0020A7
S21403C5A00E5D00200A5D002010B501F04AFE064B22
S21403C5B004461B781BB1BDE8104001F03DBEFFF7F3
S21403C5C0A3FF2046F7E700BF065D002002282DE9FB
S21403C5D0F04147D029480378FF2B41D1002941D1A8
S21403C5E01A461344DBB2037000293BD0244E32783C
S21403C5F0012A37D9002B3ED001F023FE214F0446F3
S21403C6003B780BB3204D2B781BB901222A701F4AA7
S21403C6101370DFF87C8098F8003023B100F0AEF991
S21403C620002388F80030204601F006FE012001F0C2
S21403C6301AFF01F006FE2B7804461BB100F0F0F952
S21403C64000232B7000233B70204601F0F5FD0124E8
S21403C6503078A04206D02146FFF72EFF347001E063
S21403C66013B931B9BDE8F081002914BF0122FF22B6
S21403C670B7E70122B5E70224EAE700BF0D5D002015
S21403C6800E5D0020095D0020065D00200A5D002087
S21403C690075D00202DE9F04385B0EFF3108572B6F1
S21403C6A0AFF3008001F0B4FF002800F09280624EE2
S21403C6B0624F337823B10020FFF752FF0023337015
S21403C6C0387878B903A900F01DFB044650B95C4BD3
S21403C6D0039A1B689A4200F284800120FFF740FF0A
S21403C6E0012333703B78002B40F09980554B1B7821
S21403C6F0002B00F091804FF00208534CDFF868914E
S21403C7002078404507D099F8003013B94146FFF723
S21403C710D3FE84F80080B8F1020F0FD1DFF824812E
S21403C72098F8003053B9494B1B7823B900F020F929
S21403C7300122474B1A70012388F80030207800F056
S21403C740F7F899F8003013B1424B1B782370AFF318
S21403C7500080284601F082FEEFF3108572B63E4B4A
S21403C7601A7852B100221A703A4B20781B789842F6
S21403C77003D101212170FFF79FFE384800F082FAAB
S21403C78001F05AFF8046002893D12E4F3B789BB189
S21403C79089F80000DFF8B89099F800301BB100F074
S21403C7A0EDF889F80080002001F05DFE002839D0FE
S21403C7B000F036F900233B70337823B10020FFF7EF
S21403C7C0CFFE0023337000212078FFF775FE002389
S21403C7D02370AFF30080284605B0BDE8F04301F0B0
S21403C7E03DBE1F4BD3F8008000F048F9039B8044FE
S21403C7F09845BFF472AF00F03BF98200039942F00C
S21403C800020292B2CDE900422346164AA1EB080182
S21403C810124801F02AFE65E700F09CF86BE74FF03C
S21403C82001086AE7012000F083F8284601F016FEA7
S21403C830EFF3108572B6B6E7085D00200D5D0020A5
S21403C840243C0020095D00200E5D00200C5D0020C6
S21403C850075D00200B5D0020045D0020283C0020BF
S21403C860203C0020A9C503000A5D002010B501F096
S21403C870E8FC0022054B1C781A7001F0DDFC00F082
S21403C88005FBE4B22043C0B210BD00BF055D002027
S21403C89038B501F0D6FC094B05461B78012B04D8A6
S21403C8A001F0CAFC0024204638BD054B1C6800F086
S21403C8B0E5F80444284601F0BFFCF4E70E5D0020CB
S21403C8C0203C00201549164A0B6F10B503F00703EA
S21403C8D01360144A144C9269032B02F00200C2F34D
S21403C8E04002227017D0D1F8203103F00703022B41
S21403C8F011D0D1F8803203F001030C4A137048B10B
S21403C90043B9064BD3F8003103F00303591E4B42D9
S21403C9104B41137010BD0123EFE700BF00800050AA
S21403C920843C002000C00150135D0020145D0020ED
S21403C930012805D00238012808D80020CDF758B9B9
S21403C940034A136923F00403136130BF704700BF23
S21403C95000ED00E0044B054AD3F8203103F007034B
S21403C9601360F7F7ACBF00BF008000508C3C00207C
S21403C9700122014B1A707047125D0020F8B51F4B59
S21403C9801B78002B39D01E4C2378B3B91D4B9A6DF8
S21403C990D10302D5DA6D92072FD49B6DDB072CD417
S21403C9A001F0A6FD184B194A1860136F23F007030E
S21403C9B043F003031367FFF703FD01F099FD124BE2
S21403C9C0134D1B68134EC01A2B78134F56F82320AB
S21403C9D046F82300111A3A681048521A0A213A6098
S21403C9E00932B2FBF1F20133DBB20260B3FBF1F2C0
S21403C9F001FB12332B7000232370F8BD145D002057
S21403CA00115D002000C000507C3C002000800050D8
S21403CA10105D0020543C0020503C00204C3C00207D
S21403CA2008B5F7F74DFF0D4A0D49136F096823F054
S21403CA3007030B4313670B49D2F82031096823F029
S21403CA4007030B43C2F82031074B1B7813B10122AF
S21403CA50064B9A62BDE80840FFF7B2BC0080005060
S21403CA60843C00208C3C0020145D002000E0005035
S21403CA70014B1878704700BF145D0020054B1878EB
S21403CA8018B1054B186800EBD000044B1B6818441C
S21403CA90704700BF145D00204C3C0020803C002003
S21403CAA008B50D4B1A7892B100221A700B4A136F11
S21403CAB023F0070343F001031367D2F8203123F072
S21403CAC0070343F00403C2F82031FFF779FC012281
S21403CAD0034B5A6708BD00BF125D0020008000505C
S21403CAE000E000500D490B68A0B10022A3B18342B9
S21403CAF003D1836822B90B6003E01A469B68F5E707
S21403CB00936083680BB9002070475A6941690A44E9
S21403CB105A61F8E72220704702207047983C0020AD
S21403CB2010B501F001FD0A4C0A4B19682368C31AB5
S21403CB3009B9206010BD002BFBD04A699A423ABF60
S21403CB409B1A0022D21A4A6128BF00238968EFE79E
S21403CB50943C0020983C002038B5154D2B682BB329
S21403CB605B69B3B1134A022014681C4400F088FAC8
S21403CB70204600F047FA00220F492B680A70012A64
S21403CB8005D823B1D88880070AD501230B70002067
S21403CB9038BD022000F074FA022000F093FAEAE7A8
S21403CBA09B68002BF3D058690244E8E72220EFE79E
S21403CBB0983C0020943C0020165D0020C38870B586
S21403CBC004460D463BB9FFF763FE8542064602D28E
S21403CBD0F8F755FF35460E4A656113689BB914602E
S21403CBE0A3600FE02D1A986819466561034618B1CD
S21403CBF05869A842F6D941B18C60A36013B15A694B
S21403CC00521B5A6170BD0021F2E71460F5E700BFBE
S21403CC10983C002070B516469DF81420C0E90336EC
S21403CC200271049ABDF818300260002204460D46CD
S21403CC308260C38006BB01F077FC2844A0613DB93F
S21403CC40E368656113B120462168984796B1354677
S21403CC5001F0F7FA0646FFF763FF29462046FFF77B
S21403CC60ADFF074B1B68A34201D1FFF775FF3046A4
S21403CC7001F0E2FA002070BD01F056FC3044DDE717
S21403CC80983C0020F8B50546D0B101F0DAFA06461E
S21403CC90FFF746FF0B4B28461F68FFF723FF0446A4
S21403CCA020B1304601F0C8FA2046F8BDAF42F8D1AD
S21403CCB0FFF752FF2228F4D1022000F0EDF9F0E747
S21403CCC02224F1E7983C002038B50C460546A8B167
S21403CCD0A1B100230B7001F0C1FA0121084B1B68B8
S21403CCE033B901F0B6FA002038BD9D4204D1217055
S21403CCF02278002AF9D0F4E79B68F1E72220F3E7CD
S21403CD00983C0020F8B506460F4601F0A7FA002522
S21403CD100446124B1B6823B9204601F09AFA1B20DF
S21403CD2011E05A691544DA88B2420DD101F0FCFBD2
S21403CD300B4E3368C01AA8420AD3002320463B6032
S21403CD4001F087FA0020F8BDFF2EEFD09B68E2E7DC
S21403CD5001F0EAFB33682B441B1AEFE7983C0020EC
S21403CD60943C002070B501F079FA064601F0DCFB2E
S21403CD70084B044601201D6801F0C6FB18B101F0FC
S21403CD80D3FB04460135304601F063FA20462946B4
S21403CD9070BD00BFA03C0020014B1868704700BF61
S21403CDA09C3C0020F8B50C4B05461B680E46834298
S21403CDB00FD3002440F2E7302146084B4FF47A7233
S21403CDC01F680023E5FB0701DCF784FF306020467D
S21403CDD0F8BD2120FCE700BF903C00209C3C0020CF
S21403CDE00F4B10B51A689AB14FF47A71531E13425B
S21403CDF0A0FB01010ED1B2FA82F2C2F11F04531C4A
S21403CE00D243E04001FA03F3184321FA02F2024345
S21403CE10104610BD0023DCF75DFF0246F8E700BFAF
S21403CE209C3C002038B5164B14468342154B8B4169
S21403CE3023D3154B1A6802B34FF47A75A0FB050388
S21403CE4005FB0131531E134211D1B2FA82F3C3F12B
S21403CE501F055A1CDB4301FA02F2E84021FA03F3EA
S21403CE6010431843E940C4E90001002038BD0023FD
S21403CE70DCF730FFC4E90001F7E72120F6E700BF3F
S21403CE80EFA7C64B378941009C3C002010B501F044
S21403CE90E5F9034B1C7801F0DCF9E4B2204610BD3B
S21403CEA0155D002008B5084B1B7803F0FF004BB157
S21403CEB001F01EFB054B1B689B69C01A02288CBF3A
S21403CEC00020012008BD00BF165D0020983C00200E
S21403CED0C2072DE9F843044607D5474A13680133CA
S21403CEE01360FFF71DFEFFF737FEA30740F18180AF
S21403CEF001F0B4F94FF0000805464646FFF710FE6A
S21403CF003E4F3C680CB16369A3B100223C4B012E33
S21403CF101A7003D118F0020F18BF1E70FFF71CFE1D
S21403CF20222802D1022000F0B7F82846BDE8F843CD
S21403CF3001F08FB923465A693AB91A792179914291
S21403CF4088BF1C469B68002BF5D1284601F081F963
S21403CF50D4F81080B8F1000F3FD001F0E5FAA269CB
S21403CF60851AEB17454573F1000337DB2369134432
S21403CF70A36101232269CAB1C3B9A38BB8EB050821
S21403CF8033B1E28B13449BB2B3F57A7F1CD2E383AF
S21403CF9001F064F9054641462046FFF70FFEA369F4
S21403CFA0226928461344A36101F053F9E36813B1D9
S21403CFB0204621689847B4F8068001F04FF90136F9
S21403CFC00546FFF7ADFD9CE7A3F57A73E383A369F4
S21403CFD018F1FF38013BA361DAE7454601F03EF955
S21403CFE081462046FFF77EFD484601F032F90023CE
S21403CFF0C0E7BDE8F88300BFA03C0020983C0020B3
S21403D000155D002010B5044601F01BF94FF0B04241
S21403D010936A1907FCD4136A116C5269120704D475
S21403D020CA1A032A01D899420ED1E21A022A98BFD5
S21403D030DC1CB4F1FF3F38BF013C4FF0B04308227D
S21403D0401C6403F580539A6101F0F6F8054A1378D9
S21403D0503BB14FF0B041CB6B43F00203CB630023ED
S21403D060137010BDA56C002007B5044B01A91879F1
S21403D07001F08DF9019803B05DF804FB38850400D0
S21403D08000F001038207034A48BF43F00803936195
S21403D090704700BF00100058820700F001030AD54E
S21403D0A00121064A43F0080311704FF0B041CA6BE2
S21403D0B022F00302CA63024A93617047A56C0020FC
S21403D0C000200058830742BF0822014B5A6170476D
S21403D0D00010005873B502AB164603E90600044673
S21403D0E000F052FF0546204600F05EFF9DF8002044
S21403D0F08DB1202C33780ED8012B2ED84FF6FF7522
S21403D1002D4803EB4313234430F81310A94202D0EF
S21403D110013120F81310294B294E33F8141036F832
S21403D1201400814232D34FF6FF75A9424FF0010532
S21403D13002D0013123F8141004F0FD01092927D188
S21403D140998AB68A0A44B242B4BF9A829E8233F858
S21403D1501430834227D202B070BD022BDBD14FF6C8
S21403D160FF704FF6FF75144B33F81410814218BF47
S21403D170013104F1210018BF23F8141033F81010FE
S21403D180A9421CBF013123F81010C4E70025D0E7DD
S21403D1901D2CDCD1598F8E18864203DA01390A44D6
S21403D1A05A87D4E75887002DD5D1204602B0BDE86C
S21403D1B0704001F0D4B900BF285700200058002063
S21403D1C0AC57002038B50D46044601F047F8064A2A
S21403D1D013889BB22DB123431380BDE8384001F07A
S21403D1E038B823EA0403F7E7EE5B00200022034B7C
S21403D1F001214FF480701A70FFF7E4BF44630020E8
S21403D20008B5054B1868FCF7C2FB00F00300C31E05
S21403D2105842584108BD00BF2054002038B5044684
S21403D22001F03BFA0C4B05461978187981420FD06A
S21403D230631E082B0CD8DFE803F0050D0B0D0B0D52
S21403D2400D0D0D0000220146044B1868FCF79DFBEC
S21403D250284638BD0022F7E7D36C00202054002070
S21403D26038B54FF0FF300C46FFF77BF80A4B054600
S21403D2701868FFF776F8641B241A20B210F1630FC0
S21403D28006DB10F1240F05DA64308000C0B238BD27
S21403D2900020FCE7FF20FAE72054002008B5134BD4
S21403D2A01B78062B04D040F62101114801F0C8F87C
S21403D2B0104B1B881B0704D440F622010C4801F0D0
S21403D2C0BFF80D4B2A201978FFF7A8FF0021082086
S21403D2D0FFF778FF0222094B1A70094B1868E3F729
S21403D2E011FDBDE8084001F027B900BF44630020E4
S21403D2F0C2810400EE5B002041630020086D00201D
S21403D3002054002010B50E4C236823B940F6A341E1
S21403D3100C4801F095F82068013001F06FF900F031
S21403D320070003280AD1246809220121204600F0B9
S21403D330E3FB205C031F5842584110BD0020FCE766
S21403D34010540020C281040038B50C4640B10021B9
S21403D3500420FFF737FF01F0EFF8012C1DD038BD8E
S21403D360244B1B889B07F6D50129234A2FD1117816
S21403D37069B30139C9B2117011B92020FFF722FF32
S21403D38000210220FFF71EFF04221C4B00211C482D
S21403D3901A7000F05DFD01F0CFF81A4C20680130DA
S21403D3A001F02CF900F44060B0F5006F1FD124683B
S21403D3B001210422204600F09FFB204401F01EF9C1
S21403D3C00146BDE838400022202001F0E0B80021E5
S21403D3D00D4D02201170FFF7F5FE2B78FF2B04D0BE
S21403D3E040F29961094801F02BF82C70B3E74FF629
S21403D3F0FF71E6E7EE5B00204363002044630020F2
S21403D400146A002010540020096D0020C281040015
S21403D41038B5134C05462388580709D5FFF7F0FEA1
S21403D42001460720FFF7FAFEFF210120FFF78CFFD6
S21403D430238899070BD50B4B284619788A1F514228
S21403D4405141FFF7EBFE01210020FFF77DFF238804
S21403D4501B0703D5BDE83840FFF720BF38BD00BF24
S21403D460EE5B002044630020F7B5124CD4E9006558
S21403D47086EA020C85EA03070CEA000C0F405CEA16
S21403D480070E15D086EA0C067D40C4E90065CDE993
S21403D49000230B46084902460868FBF73AFE38B1F4
S21403D4A04FF4FD71054803B0BDE8F04000F0C8BF77
S21403D4B003B0F0BD5016002020540020C2810400A3
S21403D4C008B50A4B1B88DB0604D440F64701084818
S21403D4D000F0B6FF00211020FFF774FE002000F0D6
S21403D4E06BFBBDE8084001F027B800BFEE5B0020E9
S21403D4F0C28104002DE9F04F5706804614461D46A8
S21403D50091B005D5FFF77CFE01460120FFF786FEA6
S21403D510EE0403D500212D20FFF780FEA00224D5BC
S21403D5204046FCF7E0FA0146F8B94020FFF74AFE0A
S21403D53040460AA9FBF7B4FEB8B99DF83030022B73
S21403D54040F0D980BDF8280000F0B6FDFF2808D1CA
S21403D5504046FBF7A3FE40B901214020FFF732FE09
S21403D56003E000F0C3FD0028F2D1A10305D5FFF7C1
S21403D57047FE01460320FFF751FEE20104F08076E2
S21403D58040F1C080854B1B889B072DD5844E3068A1
S21403D590FBF71BFE40BB834B834F18703B78FF2B78
S21403D5A004D040F25761814800F04AFF4FF000096B
S21403D5B000210220FFF706FE87F800907C4F3B7899
S21403D5C0062B07D101210820FFF7FCFD494628203A
S21403D5D0FFF724FE3B78052B06D100212B20FFF70F
S21403D5E01DFE3068E3F78EFB00F0A6FF220717D573
S21403D5F06B4F0321386805AAFBF701FE064620B9E0
S21403D60040F2C961694800F01BFF9DF81430072BF0
S21403D61000F0D080FFF7F4FD01460420FFF7FEFD7F
S21403D620E10505D5FFF7ECFD01460420FFF7F6FDFF
S21403D63014F4863F05D0FFF7E3FD01460220FFF70B
S21403D640EDFDA20113D5FFF7DBFD01460820FFF72A
S21403D650E5FD00210420FFF7B5FD554B1B78012B94
S21403D66003D14F4B1868E3F74DFB00F065FF14F04A
S21403D670084F09D0FFF7C4FD01460720FFF7CEFD8C
S21403D680FF210120FFF760FEA30009D5FFF7B8FDD1
S21403D69001460620FFF7C2FDFF210120FFF754FED7
S21403D6A0A70705D53D4B1B881E0701D5FFF7F6FDDB
S21403D6B06C0603D500210A20FFF7B0FD280602D525
S21403D6C00120FCF721FAE90540F1858140460AAAC4
S21403D6D005A9FCF758F99DF81430222B00F06D814C
S21403D6E000F28281152B40F26A8140F60A112F4818
S21403D6F000F0A6FE6FE1032B7FF437AF0AA801F014
S21403D70067F830E705F0020756EA07030DD0284B03
S21403D71026201978A1F1060EDEF1000141EB0E0179
S21403D720FFF77CFD0121304611E004F0805656EAEF
S21403D73007030FD01E4B26201978A1F1060CDCF147
S21403D740000141EB0C01FFF769FD02213846FFF7A4
S21403D750FBFD4BE704F0884151EA060309D0144B5E
S21403D760272019788F1F79427941FFF757FD022149
S21403D770D9E705F008030B4302D02320FFF74EFD3D
S21403D780680703D500212420FFF748FDE9077FF546
S21403D7902DAF00212520FFF741FD27E7EE5B002094
S21403D7A02054002043630020096D0020C28104003A
S21403D7B044630020314638680AAAFBF726FD20B1E9
S21403D7C04FF4DA619E4800F03BFEBDF81630386829
S21403D7D002330AA9ADF82C30FBF719FD20B140F24D
S21403D7E0DF61974800F02CFE0023009331460423A4
S21403D7F0386804AAFBF70DFD042804D040F2E46160
S21403D8008F4800F01DFEDFF8589299F80030C3BB2E
S21403D8100DF1110000F0F2FE00F00700022830D1EF
S21403D820FFF7EEFC01460920FFF7F8FC854B1B7853
S21403D830062B23D1844B9DF813201B789A421DD1C7
S21403D8409DF8353023B940F2FA617D4800F0F8FDC3
S21403D8500DF1110000F0D2FEC0F300163146292068
S21403D860FFF7DCFC00210820FFF7ACFC774B1E70AB
S21403D870FFF748FD10B93868E3F744FA00F05CFE9A
S21403D880CEE6BDF816000121083080B200F068FA33
S21403D890039030B9FFF7B4FC01460420FFF7BEFC43
S21403D8A0ECE700F0E9F905AA014606463868FBF7F7
S21403D8B0B8FC99F800A0BAF1000F22D106F1010BCB
S21403D8C0584600F09BFE83065AD53868FCF70BF9DA
S21403D8D00746FFF795FC05370146F8B2FFF79EFCAF
S21403D8E0584600F08BFE00F007000328584F2DD053
S21403D8F001210420FFF766FC4FF0FF30FBF7B0FC76
S21403D900386000225349BDF816300978F718F154E9
S21403D9109DF83630BB709DF83730FB700A9B190EA6
S21403D9203971190C7971FB71190A99F80030B971BC
S21403D93023B9737892B343F020037370002000F08A
S21403D94069F97870039800F071FA97E701210922C4
S21403D950304600F0D1F8305C01210428C9D1FFF726
S21403D96031FC4FF0FF30FBF77BFC3B4B38601B88EA
S21403D9705806C6D551464020FFF724FC0122C1E7CE
S21403D980FFF73EFC01460920FFF748FC2D4B1B78AA
S21403D990012BB6D13868E3F7B5F9B2E723F02003D5
S21403D9A0CBE701227E33DBB202FA03F313F00A1F3E
S21403D9B031D113F0011F3FF498AE27202CE001224B
S21403D9C002FA03F3254A1A402ABB13F0041FF4D1C4
S21403D9D0DA077FF58AAEAB052FD50121802011B07B
S21403D9E0BDE8F04FFFF7EEBB652B1AD8622B12D8B3
S21403D9F0452B0CD8422B0ED8352B06D8322B0AD8FB
S21403DA00252B08D9322BD8D06FE6422BFBE7552BB4
S21403DA1005D8522BF7D92620FFF7FAFCDBE7622B53
S21403DA20F1E7952B3FF661AE812BBAD8722BC4D0A3
S21403DA30733B022B3FF659AEEDE711B0BDE8F08F0E
S21403DA40C28104004463002040630020086D002068
S21403DA500C5400200A6D0020EE5B00203A003800CC
S21403DA6047630020024B1878B0FA80F040097047ED
S21403DA704463002008B5064B4FF0FF311868FBF7E8
S21403DA80A8FF0028B8BF033040F3870008BD00BFD7
S21403DA902054002008B5074B1868FBF7CFFA30B1BF
S21403DAA0054BB3FBF0F083B20BB1184608BD01205B
S21403DAB0FCE700BF2054002040420F0038B510207A
S21403DAC00C460121FFF77EFB064B1D68FFF7E2FFBE
S21403DAD0012200FB04F1044B2846FBF75FFF0020FE
S21403DAE038BD00BF20540020C1D40300014800F015
S21403DAF0A7BC00BFDC810400032A70B5144602D815
S21403DB002C4B985C70BD81F0010519B90D2A07D11D
S21403DB10FF20F7E70D2A03D100780538C0B2F1E7F6
S21403DB20084400F06BFDC5F1040110F4406602469C
S21403DB30C9B209D1042C0846E4D0052C16D112F03C
S21403DB40400F18BF0846DDE7C5F10603042CD8B21C
S21403DB50D8D0B6F5006F03D1C5F10805E8B2ECE7F7
S21403DB60B6F5406FE9D1C5F10E05F7E712F440416B
S21403DB7007D1062CC6D0072CC4D0082C13D10130ED
S21403DB80CCE755065CBF831CD8B2062CBAD0B1F5D9
S21403DB90004F02D1831CD8B2EDE7B1F5404FEAD16E
S21403DBA000F10803F7E7130744BF0530C0B20C2C97
S21403DBB0A8D9ADE71CCD0400AC2370B5094C0546C7
S21403DBC003FB00435E6D26B940F2FD31064800F0C4
S21403DBD037FCAC2303FB0544002363653346BDE8EB
S21403DBE070401847245400201982040010B40C46D1
S21403DBF01146AC22064B02FB0033586D20B95C6518
S21403DC005DF8044BFFF75ABF02205DF8044B7047DC
S21403DC1024540020AC22034B02FB003393F8A800E5
S21403DC20704700BF2454002028B1034B1B68C01A5A
S21403DC304010013080B27047E454002030B1044BEA
S21403DC4000F100401B68013803EB4000704700BF3B
S21403DC50E4540020064B1B68834206D8054B1B681A
S21403DC60834294BF0020012070470020704700BF06
S21403DC70E4540020E054002010B5044608B9002000
S21403DC8010BD00F018FD20B940F2CD41074800F062
S21403DC90D7FB2046FFF7D2FF0028F0D00388DB0B24
S21403DCA014BFD0F80A000830EAE700BFF08104008A
S21403DCB010B508B9002010BDFFF7C0FF044600F0FA
S21403DCC0F1FC20B94FF49D61064800F0B9FB002C27
S21403DCD0F0D02388DB0B0ABF60882089C0F30C00D2
S21403DCE0E9E700BFF081040038B5FFF7A7FF0D464C
S21403DCF0044650B100F0D6FC20B940F24151034827
S21403DD0000F09EFB023534F8150038BDF0810400A0
S21403DD1070B5FFF793FF0C4616460546B0B100F004
S21403DD20C1FC20B940F24D510C4800F089FB304647
S21403DD30FFF784FF00F0B6FC20B940F24E510748C7
S21403DD4000F07EFB023425F8146070BD40F2525199
S21403DD50BDE87040014800F073BB00BFF0810400CB
S21403DD602DE9F8430746884600F00CFC20B940F23C
S21403DD708E512A4800F064FBFC1CA408284B640060
S21403DD800434B7F5005F1E68A4B204D340F295517D
S21403DD90224800F055FB00F061FA224981460B68E1
S21403DDA07BB9214B1D68761BC6F34F06B44227D9B1
S21403DDB00025484600F04DFA2846BDE8F843FFF72D
S21403DDC033BFB8F1000F11D0174A15685A1BC2F3B8
S21403DDD04F029442ECD81448620005EB44040460F6
S21403DDE0B8F1000F0FD113440B600CE0F61AC6F31C
S21403DDF04F0676B940F2A651084800F021FBD7E754
S21403DE0005EB44041C6000236F80AB80EB802B8003
S21403DE10CFE7B442CCD8044A1568DCE7F0810400A7
S21403DE20E8540020D0540020E054002038B50546BE
S21403DE3000F014FA044629460448002200F048FC81
S21403DE402046BDE8384000F004BA00BFF45B00206B
S21403DE5082684B4B2DE9F0419A4204460E4605680C
S21403DE6015D121B140F21311464800F0E9FA00F04B
S21403DE70F5F923691BB92B682BB924612C60BDE81F
S21403DE80F04100F0E6B91A6922611C61F6E700F07A
S21403DE90D0FA8046FEF76AFA20B14FF495713948F6
S21403DEA000F0CEFA6FF000439E4221694BD22B7BE3
S21403DEB008EB0602002B4DD0AB6893424AD1531CA5
S21403DEC0002949D06169994242D01EB9521AB2F16B
S21403DED0004F3DD9636123696E689C4203D19D213F
S21403DEE0284800F0ADFA2F460023B4420BD0002B8F
S21403DEF041D172696169891AB1F1004F32D832692A
S21403DF00374694422CD12269BD420CBF6A603A61FF
S21403DF107BB92669B44203D1B8211A4800F090FAB7
S21403DF203B46012E05D062697169521AB2F1004F61
S21403DF3023D99D420BBF6B681A69236122610CBF0C
S21403DF406C601C6104E0434431B162699342C1D101
S21403DF50BDE8F0811346B3E76A6822616C60B9E7EF
S21403DF601646C6E7A8EB0202B2F1004FC7D93B46F6
S21403DF7037463669B9E71F46F9E733463669D0E7C9
S21403DF80F9270200048204000823064A12F8011B3C
S21403DF90814205D0013B13F0FF03F7D118467047C3
S21403DFA001207047CDCD04000823064A12F8011B52
S21403DFB0814205D0013B13F0FF03F7D118467047A3
S21403DFC001207047C5CD040010B508220749044652
S21403DFD0DCF738FDB0FA80F04FF6FF73228940096C
S21403DFE040009A4208BF40F0010010BDDECD040099
S21403DFF030B504460D4685B002B9084A1068516824
S21403E00001AB03C301AB03CB20602046ADF80C5035
S21403E0101B886160238105B030BD00BF980B0400E8
S21403E020002270B50A4B1C780A4BD5B2AC4202D814
S21403E03000200C7008E01E880132864205D30D705E
S21403E0401B881B1A5842584170BD1233EDE700BFB8
S21403E050C1620020AC590020F8B5154B04461D6874
S21403E0600E46E5B1134B1F78874218D900EB4003E1
S21403E07005EBC30526B92B69DA0712D42046F8BD8B
S21403E08008223146281DDCF7DDFC50B92B69DB0777
S21403E090F4D40134E4B2A74205F11805F0D1FF2405
S21403E0A0ECE70134E4B2A74205F11805E2D1F6E73E
S21403E0B04C550020286D00200A4B01461B6830B5DE
S21403E0C02BB1094A14780022D0B2844201D8FF202B
S21403E0D030BD5D888D4202D11D69ED07F8D401324B
S21403E0E01833F1E74C550020286D00200F4A0346ED
S21403E0F01068D0B10E4A12789A4215D919B203EBBA
S21403E100430300EBC300036913F001000DD0094A73
S21403E110126832F8112002F4E2622AB913F00C0FE7
S21403E12014BF012000207047012070474C55002083
S21403E130286D002048550020094B1B686BB1094A1F
S21403E1401278824209D900EB4000C20003EBC000FC
S21403E1500169C90701D5985C7047FF20704700BF67
S21403E1604C550020286D00200C4A0346106890B1D9
S21403E1700B4A12789A420DD903EB430300EBC30014
S21403E180D0E9043213F001004FF0000104D0184622
S21403E1901146704700200146704700BF4C550020CB
S21403E1A0286D002010B5164B187860B1154C2368FF
S21403E1B0CBB14FF4707200201349FFF717FD2368A5
S21403E1C0013B236010BDFFF755FC1049104A91F937
S21403E1D00040136884420B4C03F101031360236869
S21403E1E0B8BF087053B90B4800F09AFA0028E9D173
S21403E1F0BDE8104001460748FFF72ABE0822DAE7C3
S21403E200A363002068550020A5E103009E63002059
S21403E21060550020206C0020054B1B682BB9054B6E
S21403E2201868003818BF012070470120704700BFE8
S21403E230585500205455002010B962B6BFF36F8FAF
S21403E2407047EFF3108072B67047302383F311885C
S21403E250704780F31188BFF36F8F7047EFF3118019
S21403E260302383F311887047002070474FF4004033
S21403E27070474FF47A7070470122417803788A40DA
S21403E28030214B4341F2100103F1A04303F57033F1
S21403E2905A507047B0F5802F24D010D8B0F5003F01
S21403E2A022D006D828B3B0F5803F14BF01204820FB
S21403E2B07047B0F5403F14BF01202C207047B0F5DF
S21403E2C0302F13D008D8B0F5E02F11D0B0F5202F9B
S21403E2D014BF012010207047B0F57F0F14BF012034
S21403E2E0062070474B2070472A207047112070473E
S21403E2F02120704708B570B100F022F84FF098431C
S21403E3005A6CD202FCD5586D10F4702004D0BDE8C8
S21403E3100840FFF7BFBF212008BD08B528B1282253
S21403E3200021DCF743F8002008BD2120FCE7036A40
S21403E330042B9FBF00EB83020133D1600362704757
S21403E340036A052B14D84FF09842116CC902FCD50A
S21403E35004339B0013650168103B1160416811602C
S21403E36050F8081F11604FF098420344984200D1BA
S21403E370704750F8041F1160F8E7836813B981608B
S21403E38070475B685A68012AFBD15960704709B128
S21403E39000F005B822207047012100F043B870B59D
S21403E3A006460D46FFF75AFF04461D2E37D8DFE80C
S21403E3B006F00F18361C1E2036222436363626283C
S21403E3C0362A2C2E3036363636343636363636320F
S21403E3D0FDF7DCFF002628602046FFF73AFF3046AD
S21403E3E070BD0120CBF79EF9F4E70320FAE704207B
S21403E3F0F8E70C20F6E70220F4E70620F2E707200A
S21403E400F0E70820EEE70520ECE70920EAE70A2014
S21403E410E8E70D20E6E71020E4E70B20E2E700201C
S21403E4202126D8E70020704708B5FEF733F880B2F8
S21403E43008BD08B5FEF72EF808BD704742DE7047E4
S21403E44038B504460D4600F008F8FFF7FEFE2946E9
S21403E4502046BDE83840FFF7F1BF704710B962B6F3
S21403E460BFF36F8F7047012070472DE9FF410D46BC
S21403E47016461F460446A8B14FF00008C0F81C8095
S21403E480FEF700FCBDF82C30424602939DF8283078
S21403E4902946CDE9007320463346FEF7BBFB04B09E
S21403E4A0BDE8F0812220FAE7F0B51F46002387B0C7
S21403E4B00D46164604468DF81730A8B1C3610DF114
S21403E4C01701FEF701FC9DF817207AB9BDF8343022
S21403E4D0294602939DF830302046CDE90073334633
S21403E4E0FEF798FB07B0F0BD2220FBE70320F9E711
S21403E4F038B5FFF7B3FE054600F016F8044628467F
S21403E500FFF7A7FE204638BD4FF0B04301285B69EE
S21403E51004D0022805D1C3F3C000704703F00100FE
S21403E52070470020704770474FF0B0439A6A12074F
S21403E530FCD4186A7047704708B5FFF7FCFF00F075
S21403E5401DF808BD10B5FFF77CFE012104460846FA
S21403E550FEF73CF82046BDE81040FFF76DBE10B549
S21403E560044600F012F82046FAF7E6FC2046F7F7D2
S21403E570F5FDBDE81040F9F7AEB9704708B5FFF7EB
S21403E580FCFF08BD0120704770470020704730B578
S21403E59089B00446ADF806108DF81020FFF7F4FC9A
S21403E5A005462046FFF700FD03469DB1BDF806006D
S21403E5B0ABB900F0BAF8FF2808BF00200DF10F032F
S21403E5C08DF80F001A46204604990593FEF782FD40
S21403E5D009B030BD0028F5D00DF10603F2E700F0D0
S21403E5E0A4F8FF2808BF0020BDF806308DF80F00FA
S21403E5F0ADF81A308DF8180006ABE3E700887047CD
S21403E6000170090A41707047012070470120704766
S21403E61038B5DAF70BFE0446D0F786F8051E18BFA2
S21403E6202546D0F753F9041E18BF2C46FFF7ECFF18
S21403E630002818BF204638BD38B5FEF717F904463C
S21403E640F6F741FF04281ED002284FF0000508BF46
S21403E6500124F7F752FE042817D0022808BF012426
S21403E660F7F769FB042812D0022808BF0124FFF736
S21403E670CDFF04280DD0022808BF0124002D18BFA3
S21403E6800024204638BD0125E3E70125E8E70125F8
S21403E690EDE70024F5E7FF20704708B5FFF7FBFF1B
S21403E6A0002008BD08B520B1FFF7D4FA00F001003A
S21403E6B008BD0120FAE708B5FFF7C0FABDE8084031
S21403E6C0FFF7F0BF008810B1C9B2FFF70DBB704764
S21403E6D02DE9F041B0F8008006460C46D5B2B8F1F5
S21403E6E0000F11D029464046FFF7FEFA224607469A
S21403E6F029464046FFF70CFB3A4629462046FFF7D5
S21403E70007FB3480BDE8F0810F46F5E703461B8818
S21403E71008468B4202D00021FFF7E6BA0020704776
S21403E7200069003818BF0120704700207047F8B50D
S21403E73006460D46FFF748FC0328044621D0284624
S21403E740FFF742FC032807461BD010F0020318D13C
S21403E750A0070DD5F90716D401233C43E20704D4DA
S21403E76031892A89914218BF002303F00100F8BDBE
S21403E770082229463046DCF765F9B0FA80F35B09D0
S21403E780EBE70020F3E71846F1E770B50D460021E6
S21403E7900646FFF797FF044630B1FFF76DFA0146CA
S21403E7A02846FFF7C4FF08B1204670BD2146304611
S21403E7B0FFF7ACFFEFE707B50DF10701FFF730FCF6
S21403E7C020B19DF8070003B05DF804FBFF20FAE7CD
S21403E7D008B500F009F8FF2804D0FFF7C5FCC0F31E
S21403E7E0C00008BD0120FCE701460020FFF734BC4B
S21403E7F008B5FFF761FCFF3818BF012008BD2DE9F7
S21403E800F84307460846154688461C469DF820905A
S21403E810FFF732FA4619A4B19EB14046FFF748FA0D
S21403E820254485420FDC2246B9F1000F06D1314656
S21403E8303846DBF70DFE0020BDE8F8833946304640
S21403E840F7E72120F8E71D20F6E7000000000000A8
S21403E85000000000000000000000000000000000B0
S21403E860F8B500BFF8BC08BC9E467047F8B500BFB5
S21403E870F8BC08BC9E4670475FF800F0D5640020DD
S21403E8805FF800F07165002044657669636520745F
S21403E890797065206368616E676520646574656377
S21403E8A07465643A202564202D3E2025640D0A00F5
S21403E8B0427574746F6E2076616C7565206368614B
S21403E8C06E67656420746F2025640D0A00507265B8
S21403E8D073732064657465637465640D0A004D750F
S21403E8E06C746920707265737320646574656374F1
S21403E8F065643A2025640D0A0052656C656173658C
S21403E9002064657465637465640D0A004C6F6E67F6
S21403E9102070726573732064657465637465640D33
S21403E9200A0072656C61795F73746172745F6C61FF
S21403E930746368696E675F70756C73653A20616EA1
S21403E9406F746865722070756C73652069732061D7
S21403E95063746976650D0A0072656C61795F6F6E24
S21403E9600D0A0072656C61795F6F66660D0A007248
S21403E970656C61795F746F67676C650D0A00577223
S21403E9806974696E6720636F6E66696720746F20AB
S21403E9906E763A2025730D0A0053697A653A202568
S21403E9A0640D0A004661696C656420746F20777293
S21403E9B0697465204445564943455F434F4E46496F
S21403E9C0475F4441544120746F204E562C20737485
S21403E9D0617475733A2025642E20286279746573F2
S21403E9E03A202564290D0A007375636365737321E2
S21403E9F00D0A004661696C656420746F2072656158
S21403EA0064204E565F4954454D5F44455649434539
S21403EA105F434F4E4649472C207573696E672064E3
S21403EA20656661756C7420636F6E66696720696ED0
S21403EA3073746561642C207374617475733A20254E
S21403EA40642E202862797465733A202564290D0A9A
S21403EA50005573696E6720636F6E6669673A202593
S21403EA60642063686172732066726F6D0D0A257386
S21403EA700D0A00696C61757A796A6D3B54533030C0
S21403EA8031312D5A533B534230753B524431413456
S21403EA903B4941363B4D3B004E6574776F726B20A6
S21403EAA0737461747573206368616E67656420743C
S21403EAB06F2025640D0A004D616E7566616374757B
S21403EAC072657220746F6F206269670D0A004D6F5E
S21403EAD064656C20746F6F206269670D0A00496E67
S21403EAE0697469616C697A696E67205A69676265D9
S21403EAF06520776974682025642073776974636872
S21403EB0065732C2025642072656C6179732C20252F
S21403EB106420636F766572207377697463686573C0
S21403EB202C20256420636F766572730D0A00436F8D
S21403EB306E666967207061727365642073756363BC
S21403EB4065737366756C6C790D0A00726561642073
S21403EB5076657273696F6E20666F726D206E657769
S21403EB60206C6F636174696F6E0D0A004661696C91
S21403EB70656420746F207772697465206C617374A2
S21403EB805365656E56657273696F6E20746F204E9B
S21403EB90562C2073743A2025640D0A004F6C6420AB
S21403EBA076657273696F6E3A2025640D0A004375A5
S21403EBB07272656E742076657273696F6E3A20257D
S21403EBC0640D0A00524553455420414C4C210D0A0E
S21403EBD00068616C5F6770696F5F63616C6C62612C
S21403EBE0636B3A2065787469206C696E6520256CC2
S21403EBF0642073746174757320256C750D0A006840
S21403EC00616C5F6770696F5F63616C6C6261636B95
S21403EC103A206E6F20667265652045585449206C0D
S21403EC20696E65730D0A002F686F6D652F72756EBA
S21403EC306E65722F776F726B2F747579612D7A6993
S21403EC40676265652D7377697463682F7475796178
S21403EC502D7A69676265652D7377697463682F73A8
S21403EC60696C6162735F746F6F6C732F73696D7019
S21403EC706C69636974795F73646B2F2E2E2F2E2E47
S21403EC802F7372632F73696C6162732F68616C2FC5
S21403EC907A69676265652E630044726F7070696E89
S21403ECA067206F6C64204F544120696D6167652C43
S21403ECB02063757272656E74206F66667365743A48
S21403ECC020256C750A00556E6B6E6F776E20636F2A
S21403ECD076657220636F6D6D616E643A2025640DF0
S21403ECE00A00556E6B6E6F776E20636D6420256425
S21403ECF00D0A00427574746F6E207072657373200C
S21403ED0064657465637465642C20627574206E6F25
S21403ED1020627574746F6E206973207072657373E6
S21403ED2065640D0A00427574746F6E206C6F6E67AF
S21403ED302070726573732064657465637465642CF0
S21403ED4020627574206E6F20627574746F6E20690E
S21403ED5073206C6F6E6720707265737365640D0A3B
S21403ED60004E6F20636F76657220737769746368ED
S21403ED7020636F6E66696720696E204E562C207579
S21403ED8073696E672064656661756C74730D0A003B
S21403ED90417474726962757465206368616E676531
S21403EDA0642C2065703A2025642C20636C7573747C
S21403EDB065723A2025642C20617474723A202564A7
S21403EDC00D0A00556E6B6E6F776E204C6576656C1C
S21403EDD04374726C20636F6D6D616E643A202564B4
S21403EDE00D0A00556E6B6E6F776E204F6E4F66661C
S21403EDF020636F6D6D616E643A2025640D0A0049C9
S21403EE006E64657820617420777269746520617416
S21403EE1074723A2025640D0A004E6F207377697466
S21403EE20636820636F6E66696720696E204E562C92
S21403EE30207573696E672064656661756C74730DFF
S21403EE400A00496E76616C69642072656C61795F4D
S21403EE50696E64657820256420696E204E562C20E2
S21403EE60726573657474696E6720746F2064656673
S21403EE7061756C740D0A003E2000556E6B6E6F77DD
S21403EE806E206572726F7200496E707574206275BB
S21403EE90666665722069732046554C4C004D617852
S21403EEA0696D756D206E756D626572206F66206183
S21403EEB07267756D656E74732065786365656465E2
S21403EEC0640054686520617267756D656E742069A9
S21403EED073206E6F7420666F726D61747465642040
S21403EEE0636F72726563746C7900496E636F7272D6
S21403EEF065637420617267756D656E7420747970CE
S21403EF006500496E636F7272656374206E756D6219
S21403EF106572206F6620617267756D656E74730027
S21403EF204E6F20636F6D6D616E6420666F756E64E1
S21403EF300075696E7438006164646974696F6E6124
S21403EF406C002A00756E6B6E6F776E0077696C6463
S21403EF5063617264006865786F70740073747269B5
S21403EF606E676F70740075696E7433326F707400F9
S21403EF7075696E7431366F70740075696E74386FA8
S21403EF8070740068657800737472696E67007569DB
S21403EF906E7431360075696E743332002E2E2E2051
S21403EFA00068656C70000A25730A257325730025AF
S21403EFB0732008002F686F6D652F72756E6E65720D
S21403EFC02F776F726B2F747579612D7A6967626517
S21403EFD0652D7377697463682F747579612D7A6903
S21403EFE0676265652D7377697463682F73696C61EF
S21403EFF062735F746F6F6C732F73696D706C696384
S21403F0006974795F73646B2F706C6174666F726D6D
S21403F0102F736572766963652F6C65676163795FC5
S21403F02068616C2F7372632F626173652D726570EE
S21403F0306C6163656D656E742E63002F686F6D6516
S21403F0402F72756E6E65722F776F726B2F7475796C
S21403F050612D7A69676265652D7377697463682FB6
S21403F060747579612D7A69676265652D737769743E
S21403F07063682F73696C6162735F746F6F6C732F51
S21403F08073696D706C69636974795F73646B2F70F1
S21403F0906C6174666F726D2F736572766963652F24
S21403F0A0746F6B656E5F6D616E616765722F6C65FD
S21403F0B0676163792F7372632F736C5F746F6B650D
S21403F0C06E5F6D616E616765722E63002F686F6D8C
S21403F0D0652F72756E6E65722F776F726B2F7475F0
S21403F0E079612D7A69676265652D737769746368DC
S21403F0F02F747579612D7A69676265652D737769F3
S21403F1007463682F73696C6162735F746F6F6C737B
S21403F1102F73696D706C69636974795F73646B2FA1
S21403F120706C6174666F726D2F7365727669636552
S21403F1302F746F6B656E5F6D616E616765722F6CA2
S21403F14065676163792F7372632F736C5F746F6B7C
S21403F150656E5F6D616E75666163747572696E6701
S21403F1602E630043757272656E7420436F6E666914
S21403F170673A202530780053657420434341206D59
S21403F1806F646520746F2025643A20253078006507
S21403F1906E61626C65640064697361626C656400C9
S21403F1A06F757428636C69656E742900696E202810
S21403F1B073657276657229004D46472053747269EB
S21403F1C06E673A202573004170704275696C6465FA
S21403F1D072204D464720436F64653A2030782530C9
S21403F1E03458006E6F6465205B004164646974691B
S21403F1F06F6E616C20696E74657266616365730019
S21403F200202025643A200070616765205B25645DD5
S21403F210206368616E205B25645D20707772205BD7
S21403F22025645D006E6F742061637469766500659E
S21403F23072726F72203078253038580070616E49CC
S21403F24044205B3078253034585D206E6F64654902
S21403F25044205B3078253034585D20007870616E2A
S21403F260205B307800706172656E744944205B30B1
S21403F27078253034585D20706172656E74527373EE
S21403F28069205B25645D006E6F6465547970652044
S21403F2905B005365637572697479206C6576656C7B
S21403F2A0205B253032585D006E6574776F726B2075
S21403F2B07374617465205B253032585D2000427597
S21403F2C0666665722062797465733A202564202F1A
S21403F2D020256400457020636E743A20256400651B
S21403F2E070202564205B656E64706F696E742025DC
S21403F2F0732C206465766963652025735D20006E34
S21403F300776B205B25645D2070726F66696C652081
S21403F3105B3078253034585D206465764964205B1D
S21403F3203078253034585D20766572205B3078253A
S21403F3303032585D0020202020257320636C7573BF
S21403F3407465723A2030782530345820004E776B37
S21403F35020636E743A202564006E776B2025642044
S21403F3605B25735D005072696D6172792028707237
S21403F3706F290020206E6F646554797065205B30BA
S21403F38078253032585D0020207365637572697482
S21403F3907950726F66696C65205B30782530325819
S21403F3A05D0045502025643A20257320004572727F
S21403F3B06F723A2020556E6B6E6F776E20656E64A3
S21403F3C0706F696E742E00456E61626C652065769B
S21403F3D0656E7420646562756720696E666F206962
S21403F3E06E20436F726520434C4920636F6D706FC8
S21403F3F06E656E74006F6E6C7920636F6F726469EE
S21403F4006E61746F72732063616E20666F726D0A2D
S21403F410006A6F696E203078253038580A006C65AC
S21403F420617665002573203078253032580A0072DD
S21403F430656A6F696E446966664465766963655492
S21403F440797065006578742E2050414E2049443A01
S21403F45020004E574B206F70656E3A20257520733B
S21403F4606563004E574B20636C6F73656400666973
S21403F4706E64206A6F696E61626C653A2030782527
S21403F4803032580066696E6420756E757365643A2B
S21403F49020307825303258004368616E67696E679E
S21403F4A020746F206368616E6E656C2025643A2055
S21403F4B030782530325800696E76616C6964206E48
S21403F4C06574776F726B20696E6465780053686F36
S21403F4D072742049443A203078253034582C20451D
S21403F4E0554936343A20002C2050616E2049443A60
S21403F4F02030782530345800537461727465642064
S21403F5006D756C74692D70687920696E74657266A2
S21403F510616365004661696C656420746F202573BA
S21403F52020257320307825303258005465726D6973
S21403F5306E61746564202573203078253032580058
S21403F5404B65657020616C69766520737570706FA6
S21403F550727420656E61626C65642E006661696C08
S21403F560656420746F20736574206B656570206115
S21403F5706C697665206D6F64652E007375636365CD
S21403F580737366756C6C7920736574207468652074
S21403F5906368696C642074696D656F7574206F7039
S21403F5A074696F6E206D61736B2E006661696C659E
S21403F5B06420746F207365742074686520636869BB
S21403F5C06C642074696D656F7574206F7074696FF1
S21403F5D06E206D61736B2E00646973636F7665725C
S21403F5E0004D61746368202573792066726F6D2001
S21403F5F03078253034582C206570202564004E570B
S21403F6004B204164647265737320726573706F6E0A
S21403F61073653A20307825303458004945454520EF
S21403F6204164647265737320726573706F6E73657D
S21403F6303A200053657276696365202573792064E2
S21403F6406F6E652E00232020747970652020206E4F
S21403F650776B20206C6F6320202072656D2020203E
S21403F660636C75732020206E6F646520202065759B
S21403F6706900202025642020202030782530345847
S21403F68020203078253034582020307825303458E0
S21403F690203078253034582000736C5F7A696762AF
S21403F6A065655F6765745F62696E64696E6720454A
S21403F6B072726F723A203078253038580A00256403
S21403F6C0206F662025642062696E64696E67732006
S21403F6D07573656400656E61626C6564207072693B
S21403F6E06E740064697361626C6564207072696E1F
S21403F6F07400616464206C696E6B206B65790045E9
S21403F70052523A2043616C63756C6174656420439E
S21403F710524320646F6573206E6F74206D6174634B
S21403F72068004552523A20496E7374616C6C2043EC
S21403F7306F6465206D75737420626520382C2031E4
S21403F740302C2031342C206F7220313820627974AB
S21403F750657320696E206C656E6774680045525247
S21403F7603A204145532D4D4D4F20686173682066FE
S21403F77061696C65643A20307825303258005365E9
S21403F78074206A6F696E696E67206C696E6B206B96
S21403F7906579007365742062696E642025643A2077
S21403F7A030782530327800454D50545900554E492F
S21403F7B04341004D324F4E45004D554C5449003F92
S21403F7C02020202000496E64657820494545452061
S21403F7D0416464726573732020202020202020203B
S21403F7E04E574B496E6465782020496E2046432069
S21403F7F02020202054544C28732920466C6167200F
S21403F8002020204B657920202020002564202020FE
S21403F81020200020202564202020202020200020D7
S21403F82020253038582020002030782530345820C2
S21403F8302000496E64657820494545452041646447
S21403F84072657373202020202020202020496E20FC
S21403F850464320202020205479706520204175746B
S21403F8606820204B6579002D20202020200025636A
S21403F8702020202020256320202020200069657377
S21403F880005741524E494E473A202052454144497B
S21403F8904E47204F46204B45592056414C5545531D
S21403F8A02044495341424C4544204259204D464743
S21403F8B020544F4B454E004E574B204B6579002541
S21403F8C073206F75742046433A2025303858002538
S21403F8D07320736571206E756D3A2030782530324B
S21403F8E058002573206F75742046433A2025303818
S21403F8F07800544320257320002573205461626CDE
S21403F900650025642F256420656E7472696573200F
S21403F910757365642E005472616E7369656E742028
S21403F9204B657900256420656E7472257320636FBA
S21403F9306E73756D696E67202564207061636B65F1
S21403F940742062756666657225732E0057494C4CA3
S21403F9500057494C4C204E4F540054727573742014
S21403F96043656E74657220257320616C6C6F772017
S21403F97074727573742063656E7465722072656A3B
S21403F9806F696E73207573696E672077656C6C2D6F
S21403F9906B6E6F776E206B65792E005365742074DB
S21403F9A0696D656F757420666F7220547275737413
S21403F9B02043656E7465722072656A6F696E732084
S21403F9C07573696E672077656C6C2D6B6E6F776EDB
S21403F9D0206C696E6B206B657920746F202564201C
S21403F9E07365636F6E64732E004552524F523A200E
S21403F9F0002573737461636B206D75737420626581
S21403FA0020646F776E2E0052656164696E672041CD
S21403FA106C6C6F7765640048617368696E67206F06
S21403FA206E6C7900736C5F7A69676265655F6B6598
S21403FA30795F73657474696E67735F743A203078A0
S21403FA40253034580020205065726D697373696FD2
S21403FA506E733A202573004572726F723A204661C0
S21403FA60696C656420746F2067657420636F6E66C7
S21403FA7069672C207374617475733A203078253067
S21403FA803858004661696C65643A2030782530380A
S21403FA9058004D73673A20636C75732030782530B1
S21403FAA034582C20636D64203078253032582C204F
S21403FAB06C656E202564006275666665723A200082
S21403FAC0454D4245525F00257353454355524954AD
S21403FAD0595F4C4556454C3A20253032580025731D
S21403FAE06572617365206B65792025643A203078EA
S21403FAF02530385800636D64206E6F742062756914
S21403FB006C740073726320657020253032782C2065
S21403FB10636C757320253034780073656E64696E84
S21403FB206720746F206D756C7469636173742062EB
S21403FB30696E640025733A2065703A2025642C208C
S21403FB40636C3A203078253034582C2061747472F4
S21403FB503A20307825303458002C207376723A20B9
S21403FB6025630025733A20726561643A2030782550
S21403FB70303278002C207376723A2025632C20646A
S21403FB80747970653A2030782530325800417267B0
S21403FB90756D656E7420617420696E6465783A20AD
S21403FBA02564206973206F7574206F662072616EFA
S21403FBB0676500436F6D6D616E6420616C7265618D
S21403FBC06479206275696C742E202043616E6E6FB3
S21403FBD07420736574204D464720737065636966A9
S21403FBE0696320636F646520666F7220636F6D6D53
S21403FBF0616E642E004D464720436F64652053654F
S21403FC007420666F72206E65787420636F6D6D6105
S21403FC106E643A2030782530345800557365204E8C
S21403FC206578742053657175656E636520536574D6
S21403FC3020666F72206E65787420636F6D6D616EDB
S21403FC40643A203078253032580044697361626C18
S21403FC50652044656661756C7420526573706F6EBB
S21403FC6073652053657420666F72206E6578742002
S21403FC70636F6D6D616E643A2030782530325800BC
S21403FC804552523A2072656164696E6720617474E6
S21403FC907269627574652025303278004552523A8F
S21403FCA0206174747269627574652073697A65205D
S21403FCB0256420746F6F206C6172676520666F72AF
S21403FCC020627566666572004572726F723A2061CD
S21403FCD074747269627574652049442030782530DF
S21403FCE03458207265706F727461626C6520636845
S21403FCF0616E67652069732073697A65202564429F
S21403FD002C206275742025644220656E74657265C6
S21403FD10640A006E6F20636D64004572726F723AF8
S21403FD2020434C492053656E64206661696C6564A4
S21403FD302C207374617475733A20307825303858E4
S21403FD40004572726F723A20204555493634206159
S21403FD507267756D656E7420697320656D7074794E
S21403FD6020616E64206C6F6F6B7570206279206EF5
S21403FD706F6465204944206661696C65642E00479C
S21403FD80726F757000556E696361737400556E62A9
S21403FD90696E642025732025733078253032580029
S21403FDA0526571756573743A20005A444F2073691F
S21403FDB06D706C65206465736320726571202530F1
S21403FDC03278005A444F206E6F646520646573630F
S21403FDD0207265712025303278005A444F206D61B9
S21403FDE074636820646573632072657120253032FE
S21403FDF058005573696E67206D79206C6F63616C6C
S21403FE0020455549363420666F7220646573742026
S21403FE10455549363420696E2062696E64696E679B
S21403FE20005A444F2062696E642072657120253043
S21403FE30327800636C7573746572206C696D6974CF
S21403FE40207265616368656400696E76616C6964D7
S21403FE5020706167653A202564206F7220636861AD
S21403FE606E6E656C3A202564004368616E67652094
S21403FE706368616E6E656C207374617475733A2083
S21403FE80307825303278006475726174696F6E203D
S21403FE906D75737420626520696E2072616E676586
S21403FEA02030202D203500636F756E74206D7573BA
S21403FEB07420626520696E2072616E67652031204A
S21403FEC02D2038007363616E20737461747573201C
S21403FED0307825303258006E6574776F726B2075F4
S21403FEE070646174652073657420737461747573CC
S21403FEF02030782530325800416374697665204592
S21403FF0050207265717565737420737461747573AC
S21403FF103A20307825303258004C514920546162DB
S21403FF206C6520726571756573743A203078253078
S21403FF3032580042696E64696E67205461626C656C
S21403FF4020726571756573743A203078253032589F
S21403FF50004C65617665202573307825303258006D
S21403FF60506F7765722044657363726970746F723D
S21403FF70202573307825303258005573696E672014
S21403FF806D79206C6F63616C204555493634206665
S21403FF906F72206465737420455549363420696E44
S21403FFA020756E62696E64696E6700526F7574655C
S21403FFB0205461626C6520257330782530325800F2
S21403FFC02F686F6D652F72756E6E65722F776F7201
S21403FFD06B2F747579612D7A69676265652D737702
S21403FFE0697463682F747579612D7A6967626565CC
S21403FFF02D7377697463682F73696C6162735F74BA
S2140400006F6F6C732F73696D706C69636974795F55
S21404001073646B2F70726F746F636F6C2F7A69677B
S2140400206265652F6170702F6672616D65776F7299
S2140400306B2F636F6D6D6F6E2F736C5F7A6967627B
S21404004065655F73797374656D5F636F6D6D6F6EF1
S2140400502E6300457874656E646564205265736526
S2140400607420696E666F3A2030782530345820281C
S214040070257329002F686F6D652F72756E6E657215
S2140400802F776F726B2F747579612D7A6967626545
S214040090652D7377697463682F747579612D7A6931
S2140400A0676265652D7377697463682F73696C611D
S2140400B062735F746F6F6C732F73696D706C6963B2
S2140400C06974795F73646B2F70726F746F636F6C8F
S2140400D02F7A69676265652F6170702F6672616D2D
S2140400E065776F726B2F636F6D6D6F6E2F7A6967AE
S2140400F06265655F6170705F6672616D65776F7269
S2140401006B5F736C6565702E630053746179206150
S21404011077616B65207768656E206E6F74206A6FF2
S214040120696E65643A20257300466F7263656420C1
S21404013073746179206177616B653A2020202020F2
S2140401402020202020257300466F7263696E672086
S21404015064657669636520746F20737461792061C1
S21404016077616B6500416C6C6F77696E67206465B8
S2140401707669636520746F20676F20746F20736CD4
S214040180656570002F686F6D652F72756E6E65728B
S2140401902F776F726B2F747579612D7A6967626534
S2140401A0652D7377697463682F747579612D7A6920
S2140401B0676265652D7377697463682F73696C610C
S2140401C062735F746F6F6C732F73696D706C6963A1
S2140401D06974795F73646B2F70726F746F636F6C7E
S2140401E02F7A69676265652F6170702F6672616D1C
S2140401F065776F726B2F636F6D6D6F6E2F7A69679D
S2140402006265655F737461636B5F736C6565702E9E
S214040210630052583A205265736574546F4661639E
S214040220746F727944656661756C747343616C6C43
S2140402306261636B00657A737020636F756E7465B4
S2140402407273206661696C656420257500657A732F
S21404025070205265736574205468726573686F6C99
S21404026064206572726F7220257500657A7370203B
S214040270536574205468726573686F6C6420657285
S214040280726F72202575002575292025733A20255E
S214040290750053657474696E672054687265736874
S2140402A06F6C6420636F6D6D616E64003F3F3F004A
S2140402B04D6163205278204263617374004D61631C
S2140402C0205478204263617374004D616320527831
S2140402D0205563617374004D616320547820556320
S2140402E0617374004D6163205478205563617374A0
S2140402F0205265747279004D6163205478205563EA
S214040300617374204661696C004150532052782012
S21404031042636173740041505320547820426361F1
S21404032073740041505320527820556361737400EF
S2140403304150532054782055636173742053756379
S214040340636573730041505320547820556361737A
S21404035074205265747279004150532054782055A5
S21404036063617374204661696C00526F757465200E
S2140403704469736320496E69746961746564004EE8
S21404038065696768626F72204164646564004E65DF
S214040390696768626F722052656D6F766564004E99
S2140403A065696768626F72205374616C65004A6F92
S2140403B0696E20496E6469636174696F6E00436890
S2140403C0696C64204D6F76656400415348204F760F
S2140403D06572666C6F7700415348204672616D659E
S2140403E0204572726F7200415348204F76657272D0
S2140403F0756E204572726F72004E574B204643202E
S2140404004661696C75726500415053204643204628
S21404041061696C7572650041534820584F666600E2
S21404042041505320556E617574686F72697A6564BD
S214040430204B6579004E574B20446563727970747F
S214040440204661696C75726573004150532044659B
S2140404506372797074204661696C757265730050B6
S21404046061636B65742042756666657220416C6CC8
S2140404706F63617465204661696C757265730052BA
S214040480656C61796564205563617374005068799E
S21404049020746F204D4143207175657565206C6925
S2140404A06D69742072656163686564005061636B8E
S2140404B065742056616C69646174652064726F703B
S2140404C020636F756E74004E574B20726574727994
S2140404D0206F766572666C6F7700434341204661F1
S2140404E0696C757265730042726F616463617374DC
S2140404F0207461626C652066756C6C0050544120F3
S2140405004C6F205072692052657100505441204847
S21404051069205072692052657100505441204C6F16
S214040520205072692044656E696564005054412009
S2140405304869205072692044656E696564005054A9
S21404054041204C6F205072692054782041627274A6
S2140405500050544120486920507269205478204144
S214040560627274004164647265737320436F6E66CE
S2140405706C6963742053656E740043534C20527840
S214040580207363686564756C65206661696C656470
S214040590000D004465627567207072696E7420678A
S2140405A0726F75702025730A0057726F6E6720701D
S2140405B06172616D657465720A0046696E642061D5
S2140405C06E642042696E6420496E69746961746F52
S2140405D0723A20436F6D706C6574653A20307825E6
S2140405E03032580053746172742074617267657493
S2140405F00046696E6420616E642042696E6420540D
S21404060061726765740025733A2025733A20307842
S2140406102530325800467261676D656E7461746980
S2140406206F6E2052582077696E646F772073697AEC
S214040630652073657420746F202564002F686F6DC1
S214040640652F72756E6E65722F776F726B2F747569
S21404065079612D7A69676265652D73776974636855
S2140406602F747579612D7A69676265652D7377696C
S2140406707463682F73696C6162735F746F6F6C73F5
S2140406802F73696D706C69636974795F73646B2F1B
S21404069070726F746F636F6C2F7A69676265652F0B
S2140406A06170702F6672616D65776F726B2F706CF8
S2140406B07567696E2F667261676D656E74617469BD
S2140406C06F6E2F667261676D656E746174696F6EA6
S2140406D02E630052583A2041646447726F75705214
S2140406E06573706F6E7365203078253032582C2011
S2140406F03078253034580052583A20566965774782
S214040700726F7570526573706F6E736520307825DE
S2140407103032582C203078253034582C2022005281
S214040720583A2047657447726F75704D656D6265FB
S2140407307273686970526573706F6E736520307873
S214040740253032582C203078253032582C00205B47
S2140407503078253034585D0052583A2052656D6F13
S214040760766547726F7570526573706F6E73652029
S2140407703078253032582C203078253034580065AF
S214040780705B253032585D2069645B253034585DD3
S21404079000436C656172696E6720616C6C206772D9
S2140407A06F7570732E004552523A204661696C6527
S2140407B06420746F206372656174652062696E6478
S2140407C0696E672028307825303258290045525201
S2140407D03A2042696E64696E67207461626C6520B3
S2140407E069732066756C6C004552523A20777269BC
S2140407F074696E67206E616D6520737570706F72B4
S2140408007420253032580052583A204164644772A6
S2140408106F7570203078253034582C202200757679
S2140408200052583A205669657747726F75702030C3
S21404083078253034580075767300766965775F6777
S214040840726F75700047726F7570733A20666169CF
S2140408506C656420746F2073656E64202573207243
S2140408606573706F6E73653A2030782530325800A1
S2140408706765745F67726F75705F6D656D626572CC
S2140408807368697020726573706F6E736500646553
S2140408906661756C745F726573706F6E7365005213
S2140408A0583A2047657447726F75704D656D62657A
S2140408B07273686970203078253032582C0075754C
S2140408C0620047726F7570733A206661696C65647E
S2140408D020746F2073656E642025733A2030782563
S2140408E03032580052583A2052656D6F766547721A
S2140408F06F757020307825303458004552523A20AF
S2140409004661696C656420746F2064656C65746503
S2140409102062696E64696E67202830782530325804
S214040920290072656D6F76655F67726F7570005229
S214040930583A2052656D6F7665416C6C47726F75D8
S21404094070730052583A2041646447726F75704958
S214040950664964656E74696679696E6720307825C1
S2140409603034582C202200616464004368616E6E43
S214040970656C206E6F742076616C69643A20256419
S214040980005072696D617279002573206D61736B16
S214040990206E6F7720307825303858005365636FA3
S2140409A06E64617279004D61736B206E6F7420768D
S2140409B0616C69643A202564007072696D617279AD
S2140409C0007365636F6E646172790025733A205311
S2140409D06574202573206D61736B20746F203078E6
S2140409E025303858005374617475730025733A20A3
S2140409F025733A004368616E6E656C206D61736B97
S214040A003A002020202028312920307825303858F4
S214040A10205B0020202020283229203078253038FA
S214040A2058205B0053746174653A20307825303260
S214040A305820282573290043757272656E742063E6
S214040A4068616E6E656C3A20256400546F74616C40
S214040A5020626561636F6E733A202564004A6F698D
S214040A606E20617474656D7074733A202564004E4C
S214040A706574776F726B2073746174653A2030788E
S214040A80253032580053746F700025732053746FEA
S214040A90702E2020436C65616E696E672075702E1B
S214040AA00042726F616463617374696E6720706577
S214040AB0726D6974206A6F696E005472757374205F
S214040AC063656E746572206C696E6B206B65792045
S214040AD0757064617465207374617475730025732E
S214040AE03A205741524E494E473A20736C5F7A6912
S214040AF0676265655F7365745F696E697469616C66
S214040B005F73656375726974795F73746174652065
S214040B106661696C65642E20436F6E74696E7569D0
S214040B206E6720776974686F757420696E73746174
S214040B306C6C20636F64652E004572726F723A2087
S214040B40696E7374616C6C20636F6465207365747E
S214040B507570206661696C65642E20497320616E29
S214040B6020696E7374616C6C20636F646520666CB8
S214040B706173686564206F6E746F207468652064A2
S214040B8065766963653F00D0D1D2D3D4D5D6D7D89D
S214040B90D9DADBDCDDDEDF00FFFFFFFFFFFFFFFF50
S214040BA0005A6967426565416C6C69616E636530BD
S214040BB0390025733A2069737375696E6720736309
S214040BC0616E206F6E202573206368616E6E656C9F
S214040BD07320286D61736B203078253038582900CF
S214040BE0257320697320616C726561647920696E6F
S214040BF02070726F67726573730053746172740049
S214040C004578616D696E696E6720626561636F6EB3
S214040C10206F6E206368616E6E656C202564207795
S214040C206974682070616E496420307825303458C1
S214040C30005468697320626561636F6E206973206F
S214040C406E6F742070617274206F662074686520FD
S214040C5063757272656E74206368616E6E656C206F
S214040C606D61736B2028307825303858292E20473C
S214040C70657474696E67206E657874206265616356
S214040C806F6E2077686F7365206368616E6E656C3F
S214040C90206269746D61736B206973207365742EAA
S214040CA0004572726F723A20257320636F756C6408
S214040CB0206E6F7420617474656D7074206A6F6939
S214040CC06E3A20307825303258004E6F20626561C7
S214040CD0636F6E73206C656674206F6E2063757226
S214040CE072656E74206D61736B2E204D6F76696E1F
S214040CF06720746F206E6578742073746174650061
S214040D002573206A6F696E696E67203078253034E3
S214040D1058206F6E206368616E6E656C20256400D3
S214040D2025732053746174653A20257300457272E6
S214040D306F723A20257320636F756C64206E6F742F
S214040D402073657475702073656375726974793A77
S214040D5020307825303258004572726F723A20532C
S214040D6063616E20636F6D706C6574652068616E78
S214040D70646C65722072657475726E656420307872
S214040D8025303258002573207363616E20636F6DBF
S214040D90706C6574652E20426561636F6E7320689F
S214040DA0656172643A202564002573207374616358
S214040DB06B20737461747573203078253032580054
S214040DC02573206E6574776F726B206A6F696E6523
S214040DD0642E00257320747279696E67206E6578B8
S214040DE074206E6574776F726B2E004E6F6E65009E
S214040DF05363616E205072696D6172792043686135
S214040E006E6E656C7320616E642075736520436F27
S214040E106E66696775726564204B65790053636115
S214040E206E205072696D617279204368616E6E65DA
S214040E306C7320616E642075736520496E737461EB
S214040E406C6C20436F6465005363616E2050726956
S214040E506D617279204368616E6E656C7320616E95
S214040E6064205573652043656E7472616C697A6597
S214040E7064204B6579005363616E205072696D611E
S214040E807279204368616E6E656C7320616E6420AF
S214040E905573652044697374726962757465642059
S214040EA04B6579005363616E205365636F6E6461AE
S214040EB07279204368616E6E656C7320616E64207F
S214040EC075736520436F6E66696775726564204B3B
S214040ED06579005363616E205365636F6E64617257
S214040EE079204368616E6E656C7320616E6420754C
S214040EF0736520496E7374616C6C20436F6465007F
S214040F005363616E205365636F6E64617279204328
S214040F1068616E6E656C7320616E6420557365201F
S214040F2043656E7472616C697A6564204B657900FA
S214040F305363616E205365636F6E646172792043F8
S214040F4068616E6E656C7320616E642055736520EF
S214040F504469737472696275746564204B657900BC
S214040F605363616E205072696D61727920436861C3
S214040F706E6E656C7320616E642055736520416CDB
S214040F806C204B6579732028696E7374616C6C20D1
S214040F90636F64652C2063656E7472616C697A6530
S214040FA0642C2064697374726962757465642900BC
S214040FB05363616E205365636F6E64617279204378
S214040FC068616E6E656C7320616E6420557365206F
S214040FD0416C6C204B6579732028696E7374616C60
S214040FE06C20636F64652C2063656E7472616C6933
S214040FF07A65642C206469737472696275746564B6
S21404100029004F6E2F4F6666207365742076616CD8
S21404101075653A202530325820253032580045521E
S214041020523A2072656164696E67206F6E2F6F6630
S214041030662025303258004F6E2F6F666620616C2E
S21404104072656164792073657420746F206E6577A9
S2140410502076616C756500546F67676C65206F6EEB
S2140410602F6F66662066726F6D20253032582074A6
S2140410706F2025303258004552523A2077726974F0
S214041080696E67206F6E2F6F6666202530325800B3
S214041090496E7374616C6C6564205479706520289D
S2140410A042617365293A202030782530325800434F
S2140410B061706162696C69746965733A20202020E6
S2140410C02020202020202030782530345800426FFD
S2140410D06F746C6F616465722056657273696F6EA7
S2140410E03A20202020203078253034580053656379
S2140410F075726520426F6F746C6F61646572204B05
S21404110065793A20202020202000426F6F746C6F8F
S2140411106164696E67206661696C65642100446F6A
S214041120776E6C6F6164206661696C65642E00443A
S214041130656C6574696E67206661696C65642064B5
S2140411406F776E6C6F61642C207374617475733A78
S2140411502030782530325800496D61676520646F09
S2140411606573206E6F7420636F6E7461696E2061A0
S2140411706E205570677261646520496D61676520ED
S2140411805461672028307825303458292E20536B34
S214041190697070696E6720757067726164652E0089
S2140411A0457865637574696E6720626F6F746C6FDB
S2140411B061642063616C6C6261636B2E00537461BE
S2140411C07274696E672045424C207665726966695A
S2140411D0636174696F6E0045424C206661696C6594
S2140411E06420766572696669636174696F6E2E0041
S2140411F045424C2070617373656420766572696637
S21404120069636174696F6E2E002573696E67204F7B
S214041210544120636C69656E742073746174652030
S2140412206D616368696E650073746F7070004572F3
S214041230726F723A204E6F20696D61676520617423
S21404124020696E646578202564004E6F742073757B
S21404125070706F727465642E00436C69656E7420DA
S214041260696D61676520717565727920696E666F50
S214041270004D616E75662049443A202020202020C7
S21404128020202030782530345800496D6167652069
S214041290547970652049443A20202020307825303F
S2140412A034580043757272656E742056657273699D
S2140412B06F6E3A20203078253038580048617264C2
S2140412C0776172652056657273696F6E3A20004EB8
S2140412D0410051756572792044656C6179206D739F
S2140412E03A202020202020202020202020256C6446
S2140412F00053657276657220446973636F7665720F
S214041300792044656C6179206D733A20256C6400FD
S214041310446F776E6C6F61642044656C6179206DF0
S214041320733A202020202020202020256C640052A0
S214041330756E20557067726164652044656C6179CA
S214041340206D733A202020202020256C64005665EA
S214041350726966792044656C6179206D733A202041
S214041360202020202020202020256C6400446F7735
S2140413706E6C6F6164204572726F72205468726579
S21404138073686F6C643A2020256400557067726138
S21404139064652057616974205468726573686F6C5D
S2140413A0643A202020202564004F544120446F775F
S2140413B06E6772616465733A2044697361626C6532
S2140413C064004F544120446F776E6772616465739E
S2140413D03A20456E61626C656400426F6F746C6F90
S2140413E061642073746174653A20257300496E76CF
S2140413F0616C6964204550202564207768656E20FA
S214041400747279696E6720746F2073656E64204FFA
S2140414105441206D6573736167652E0053656E6471
S214041420696E67205570677261646520456E642036
S214041430726571756573742E0025733A20696E762D
S214041440616C696420636D644964203078253032A9
S21404145058004572726F723A20204661696C656462
S21404146020746F2073656E64204F544120636F6D43
S2140414706D616E64203078253032582C2073746188
S2140414807475733A20307825303258005365727676
S214041490657220756E6B6E6F776E2C2066616C6C51
S2140414A0696E67206261636B20746F20646973637E
S2140414B06F766572792E004D6178696D756D207151
S2140414C075657279206572726F727320686974200C
S2140414D0282564292C207374617274696E672073DE
S2140414E0656172636820666F72206E6577204F545C
S2140414F041207365727665722E0A004170706C79AD
S214041500696E6720757067726164650025733A209A
S214041510696E76616C6964206F66667365742063B1
S214041520757272656E7454696D6528307825303826
S2140415305829203E207570677261646554696D652C
S2140415402830782530385829004F544120436C758C
S214041550737465723A207761697420666F72202509
S21404156064207300525865642074696D654F757401
S2140415702030782530385820732C204D415820745C
S214041580696D654F7574203078253038582073009F
S2140415904D6178696D756D2075706772616465203C
S2140415A07265717565737473206D61646520282592
S2140415B0642920776974686F757420726573706F18
S2140415C06E73652066726F6D207365727665722E13
S2140415D000557067726164696E6720616E79776121
S2140415E079004F54412053657276696365206469B7
S2140415F073636F766572792070726576656E74654E
S21404160064202D20616E6F74686572206973206192
S2140416106C726561647920696E2070726F6772659A
S2140416207373004661696C656420746F20696E6923
S214041630746961746520736572766963652064698C
S21404164073636F766572792E004F5441205365722A
S2140416507669636520446973636F76657279206979
S2140416606E2070726F677265737300436C69656E83
S2140416707420766572696669636174696F6E206644
S21404168061696C65642E005369676E617475726572
S21404169000437573746F6D00706173736564004600
S2140416A041494C4544004E6F207369676E617475FA
S2140416B0726520766572696669636174696F6E2007
S2140416C0737570706F72742C20617373756D696EA8
S2140416D06720696D616765206973206F6B61792E79
S2140416E000257320766572696669636174696F6E36
S2140416F02025733A20307825303258004D617869B9
S2140417006D756D206E756D626572206F6620646FF0
S214041710776E6C6F6164206572726F727320726587
S21404172061636820282564292C2061626F727469BD
S2140417306E672E004F544120436C75737465723A7D
S2140417402073657474696E67204945454520616455
S2140417506472657373206F66204F544120636C7502
S21404176073746572005061727469616C2066696C8A
S2140417706520646F776E6C6F616420666F756E6447
S2140417802C20636F6E74696E75696E672066726F5F
S2140417906D206F666673657420307825303858007F
S2140417A0466F756E642066756C6C7920646F776E10
S2140417B06C6F616465642066696C6520696E20736D
S2140417C0746F72616765202876657273696F6E2020
S2140417D0307825303858292E00466F756E6420669A
S2140417E0696C6520696E2073746F72616765207713
S2140417F069746820646966666572656E74207665C9
S2140418007273696F6E202830782530385829207412
S21404181068616E2063757272656E74207665727385
S214041820696F6E2028307825303858290046696C50
S2140418306520696E2073746F726167652069732012
S21404184073616D652061732063757272656E7420B2
S21404185072756E6E696E672076657273696F6E2038
S2140418602830782530385829004E6F20696D616716
S2140418706520666F756E6420696E2073746F72617E
S21404188067652E004F544120536572766963652060
S214041890446973636F7665727920756E626C6F63E4
S2140418A06B65640049676E6F72696E672073657254
S2140418B07665722066726F6D206C6F6F70626163FE
S2140418C06B20616464726573730049676E6F726936
S2140418D06E6720307825303458204F544120736585
S2140418E07276657220696E20736561726368206F14
S2140418F0662054430053657474696E67204F5441E0
S2140419002053657276657220746F203078253034E3
S214041910580044656C6179696E6720256420736598
S214041920636F6E6473206265666F7265207374619C
S2140419307274696E67204F544120636C69656E74D7
S2140419400054696D656F75742077616974696E6794
S21404195020666F72206D6573736167652E00426141
S21404196064204F544120636F6D6D616E643A20307D
S2140419707825303258004F544120636F6D6D616E88
S214041980642030782530325820746F6F2073686F67
S214041990727420286C656E202564203C206D696E68
S2140419A020256429004F544120636F6D6D616E6479
S2140419B02066726F6D20756E7265636F676E697AE6
S2140419C065642073657276657220307825303458E5
S2140419D02E20204D79204F5441207365727665720F
S2140419E03A2030782530345800496D616765204EBA
S2140419F06F7469667900476F7420756E65787065D4
S214041A00637465642025732E2020537461727420D9
S214041A10646973636F766572792E006465666175B2
S214041A206C74004F54413A206661696C6564207496
S214041A306F2073656E6420257320726573706F6EF5
S214041A4073653A2030782530325800496D616765F1
S214041A50206E6F7469667900476F7420756E6578BA
S214041A607065637465642025732E202049676E6F45
S214041A707265642E004F54413A2044656661756C65
S214041A807420726573706F6E736520666F7220497A
S214041A906D616765206E6F746966792C2073746156
S214041AA07475732030782530325800496D61676547
S214041AB0206E6F7469667920636F6D6D616E640065
S214041AC0257320756E69636173742C207175657255
S214041AD079696E6700496E76616C696400257320C7
S214041AE02573207061796C6F616420747970652049
S214041AF03078253032580025732025733A206F75C8
S214041B0074206F662072616E6765206A69747465F6
S214041B10722025640025732025733A207061796C41
S214041B206F6164206C656E67746820646F65736E9D
S214041B302774206D6174636820747970652030782A
S214041B402530325820282564203C20256429002589
S214041B50732025732064756520746F206E6F6E2D58
S214041B606D61746368696E67206D616E7566616326
S214041B7074757265722049440025732025732064A9
S214041B80756520746F206E6F6E2D6D617463686961
S214041B906E6720696D6167652074797065204944B5
S214041BA00025732025732064756520746F206D618D
S214041BB0746368696E67206669726D776172652002
S214041BC076657273696F6E0025732025732C205218
S214041BD0782764204A697474657220283078253022
S214041BE03258292C205069636B6564204A697474E2
S214041BF06572202830782530325829005175657270
S214041C0079206E65787420696D61676520726573E6
S214041C10706F6E73650025732072657475726E65D9
S214041C2064203078253032582E20204E6F206E6582
S214041C307720696D61676520746F20646F776E6CBA
S214041C406F61642E00257320746F6F2073686F7243
S214041C507420282564203C202564290025733A2016
S214041C604E657720696D61676520697320617661CA
S214041C70696C61626C6520666F7220646F776E6C47
S214041C806F61642E002573206973206E6F7420754F
S214041C9073696E67206D7920696D61676520696E6A
S214041CA0666F2E004552524F523A204E6578742085
S214041CB0496D61676520697320746F6F2062696778
S214041CC020746F2073746F7265202830782530383E
S214041CD058203E2030782530385829002573207245
S214041CE0657475726E65642073616D652046696CF3
S214041CF06556657273696F6E2061732063757272C0
S214041D00656E746C7920696E7374616C6C65642E90
S214041D10004F544120446F776E6772616465732088
S214041D2044697361626C65643A2046696C655665FD
S214041D307273696F6E20626568696E64206375727B
S214041D4072656E7420696E7374616C6C6174696F0D
S214041D506E005374617274696E6720646F776E6C7C
S214041D606F61642C2056657273696F6E2030782517
S214041D70303858004572726F723A204661696C6555
S214041D806420746F2064656C65746520696D616792
S214041D90652E004572726F723A204661696C6564FE
S214041DA020746F206572617365206F6C642074659F
S214041DB06D7020646174612E00496D6167652062F0
S214041DC06C6F636B20726573706F6E7365004F542F
S214041DD0413A20496D616765426C6F636B5265706A
S214041DE06F6E736520636F6E7461696E7320696EBF
S214041DF076616C6964206F7220696E636F6D706CB7
S214041E006574652064617461005570646174696EFC
S214041E1067204D696E20426C6F636B205265717546
S214041E2065737420506572696F6420746F2025642E
S214041E30206D7300446F776E6C6F61642064656C0C
S214041E406179206279207365727665722025642034
S214041E506D7300446F776E6C6F61642061626F729D
S214041E60746564206279207365727665722E0053F9
S214041E70657276657220646F65736E277420737559
S214041E8070706F7274207061676520726571756515
S214041E9073742C206F6E6C79207573696E6720627C
S214041EA06C6F636B20726571756573742E00536571
S214041EB0727665722072657475726E656420277515
S214041EC06E737570706F7274656420636C7573746A
S214041ED0657220636F6D6D616E64272E00556E6BA0
S214041EE06E6F776E20257320737461747573206328
S214041EF06F64652030782530325800257320686179
S214041F007320646174612073697A652028256429C6
S214041F1020736D616C6C6572207468616E206163F9
S214041F207475616C207061636B65742073697A657F
S214041F3020282564292E002573206572726F723A54
S214041F40204578706563746564206F66667365748F
S214041F50203078253038582C2062757420676F74CA
S214041F60203078253038582E202049676E6F7269E5
S214041F706E6700257320696E666F20646964206E40
S214041F806F74206D61746368206D79206578706560
S214041F906374656420696E666F2E202044726F70C9
S214041FA070696E672E004661696C656420746F20E4
S214041FB0777269746520746F2073746F72616765D5
S214041FC0206465766963652100446F776E6C6F6183
S214041FD064005570677261646520656E642072657E
S214041FE073706F6E736500536572766572206162F6
S214041FF06F7274656420757067726164652C2073F3
S21404200074617475733A20307825303258004572FE
S214042010726F723A2025732068616420696E766157
S2140420206C69642025733A200066696C65207665C1
S2140420307273696F6E00416464696E67202564205C
S2140420406D732E2064656C617920666F7220696DED
S2140420506D65646961746520757067726164652E68
S21404206000436F756E74646F776E20746F2075709E
S21404207067726164653A202564206D73002053748A
S2140420806174653A202020257300205761697469BD
S2140420906E6720666F7220726573706F6E73653A32
S2140420A020257300204E657874204576656E74206E
S2140420B054696D65723A202564206D73002043755B
S2140420C07272656E7420446F776E6C6F6164204F15
S2140420D066667365743A203078253038582028258B
S2140420E0642525290025733A206661696C65642099
S2140420F070617273696E67204F544120636D64206B
S214042100307825303258004F544120446566617556
S2140421106C7420726573706F6E736520746F2063C1
S2140421206F6D6D616E6420494420307825303258D6
S2140421302C207374617475732030782530325800FF
S214042140496D61676520626C6F636B20726571759B
S2140421506573742074657374206F6E6C7920776F62
S214042160726B73207768656E20737461746520697A
S2140421707320424F4F544C4F41445F53544154458F
S2140421805F4E4F4E450052616E646F6D2044656C21
S2140421906179206265666F7265207374617274007B
S2140421A0446973636F766572696E67204F54412085
S2140421B053657276657200476574204F5441205308
S2140421C0657276657220455549004F627461696E82
S2140421D0206C696E6B206B65790051756572796940
S2140421E06E67204E65787420496D61676500446F9C
S2140421F0776E6C6F6164696E6720496D6167650010
S214042200566572696679696E6720496D616765000F
S21404221057616974696E6720666F722055706772BD
S214042220616465206D65737361676500436F756EE1
S21404223074646F776E20746F20557067726164657E
S2140422400057616974696E6720746F2075706772D1
S21404225061646520766961206F75742D6F662D62E2
S214042260616E64206D656368616E69736D002573C5
S2140422703A202564252520636F6D706C65746500AF
S214042280496D6167652025640020204552524F52EF
S2140422903A20436F756C64206E6F742067657420F3
S2140422A066756C6C20686561646572210020204840
S2140422B065616465722056657273696F6E3A203084
S2140422C07825303458002020486561646572204CB7
S2140422D0656E6774683A2020256420627974657395
S2140422E00020204669656C6420436F6E74726F6CC0
S2140422F03A20203078253034580020204D616E7501
S214042300662049443A20202020202020307825309A
S2140423103458002020496D61676520547970653A09
S2140423202020202020307825303458002020566580
S2140423307273696F6E3A2020202020202020307887
S214042340253038580020205A69676265652056652E
S2140423507273696F6E3A2030782530345800202026
S21404236048656164657220537472696E673A20200A
S2140423702573002020496D6167652053697A653AA4
S2140423802020202020256C64206279746573002048
S21404239020536563757269747920437265643A20C4
S2140423A020307825303258002020557067726164DA
S2140423B06520446573743A2020200020204D696E01
S2140423C02E204857205665723A2020202030782543
S2140423D03034580020204D61782E2048572056650A
S2140423E0723A20202020307825303458002020549B
S2140423F06F74616C20546167733A20256400202052
S21404240020205461673A2030782530345800202044
S214042410202020204C656E6774683A20256C640082
S2140424204572726F723A20436F756C64206E6F74D7
S214042430206F627461696E2074616720696E666FCE
S2140424402066726F6D20696D6167652E000A2564CB
S21404245020696D6167657320696E204F544120734F
S214042460746F726167652E00496D616765206465E7
S2140424706C65746525732E004572726F723A20205F
S214042480436F756C64206E6F74207265616420629D
S2140424906C6F636B3A203078253032582E0A00531E
S2140424A074617274696E6720657261736520667202
S2140424B06F6D206F666673657420307825303858E3
S2140424C020746F2030782530385800436F756C645C
S2140424D0206E6F74207374617274204552415345A4
S2140424E02120283078253032582900454550524F4F
S2140424F04D20457261736520636F6D706C657465FD
S214042500002F686F6D652F72756E6E65722F776F0C
S214042510726B2F747579612D7A69676265652D73A0
S21404252077697463682F747579612D7A6967626553
S214042530652D7377697463682F73696C6162735F62
S214042540746F6F6C732F73696D706C6963697479DB
S2140425505F73646B2F70726F746F636F6C2F7A691E
S214042560676265652F6170702F6672616D65776F3F
S214042570726B2F706C7567696E2F6F74612D737430
S2140425806F726167652D73696D706C652D65657016
S214042590726F6D2F6F74612D73746F726167652D22
S2140425A0656570726F6D2D706167652D65726173F8
S2140425B0652E63002F686F6D652F72756E6E65727B
S2140425C02F776F726B2F747579612D7A69676265E0
S2140425D0652D7377697463682F747579612D7A69CC
S2140425E0676265652D7377697463682F73696C61B8
S2140425F062735F746F6F6C732F73696D706C69634D
S2140426006974795F73646B2F70726F746F636F6C29
S2140426102F7A69676265652F6170702F6672616DC7
S21404262065776F726B2F706C7567696E2F6F746148
S2140426302D73746F726167652D73696D706C652D8B
S214042640656570726F6D2F6F74612D73746F726130
S21404265067652D656570726F6D2E63004F5441205B
S21404266053696D706C652053746F7261676520459D
S2140426704550524F4D207761726E696E673A2063FB
S2140426806F756C64206E6F742067657420736C6F4E
S2140426907420696E666F20666F7220736C6F742088
S2140426A0256420286572726F72203078253032587F
S2140426B0292E2044656661756C74696E6720746F94
S2140426C02073706563696669656420616464726515
S2140426D07373206F6666736574730053746F7261E8
S2140426E06765204472697665723A2020202020208F
S2140426F0202020202020204F54412053696D706CE8
S214042700652053746F7261676520454550524F4D7E
S21404271020506C7567696E0052656164204D6F6465
S21404272069667920577269746520537570706F7284
S214042730743A20206E6F00534F4320426F6F746CC0
S2140427406F6164696E6720537570706F72743A2097
S21404275020202079657300426F6F746C6F61646526
S214042760722053746F7261676520537570706F7250
S214042770743A2055736520666972737420736C6F9F
S2140427807400536C6F7420746F207573653A202040
S21404279020202020202020202020202020202564E7
S2140427A00043757272656E7420446F776E6C6F6149
S2140427B064204F66667365743A202020203078259E
S2140427C03038580045424C205374617274204F666A
S2140427D0667365743A2020202020202020202020A4
S2140427E030782530385800454550524F4D205374A4
S2140427F06172743A202020202020202020202020CF
S21404280020202030782530385800454550524F4D0A
S21404281020456E643A2020202020202020202020DE
S21404282020202020202030782530385800496D613B
S214042830676520496E666F2053746172743A20206F
S21404284020202020202020202030782530385800D2
S21404285053617665205261746520286279746573C5
S21404286029202020202020202020202030782530D9
S2140428703858004F6666736574206F6620646F77F9
S2140428806E6C6F6164206F666673657420202030FA
S2140428907825303858004F6666736574206F662056
S2140428A045424C206F66667365743A2020202020CB
S2140428B02020307825303858004F666673657420BB
S2140428C06F6620696D6167652073746172743A205F
S2140428D0202020202030782530385800736C5F7A0A
S2140428E069676265655F61665F6F74615F73746F65
S2140428F0726167655F6472697665725F726561644A
S2140429005F63622829206661696C65642100426100
S21404291064206D61676963206E756D6265722069F7
S2140429206E2066696C653A2030782530325820303F
S21404293078253032582030782530325820307825A3
S214042940303258004261642076657273696F6E2077
S214042950696E2066696C65203078253034580045E9
S21404296072726F723A2072656164416E6456616C6D
S214042970696461746553746F726564496D616765F3
S214042980282920747269656420746F2072656164F6
S214042990206D6F72652064617461207468616E20B6
S2140429A0697420636F756C6420686F6C642E0073A2
S2140429B06C5F7A69676265655F61665F6F74615FA5
S2140429C073746F726167655F6472697665725F724D
S2140429D06561645F63622829204641494C45442169
S2140429E0004C617374206F666673657420646F7739
S2140429F06E6C6F616465643A203078253038580010
S214042A0053746F72616765204D6F64756C653A2008
S214042A104F54412053696D706C652053746F726116
S214042A20676520506C7567696E00496D61676573EC
S214042A302053746F7265643A20202564206F6620E4
S214042A40310A00253032583A006570202530325855
S214042A5020636C757320253034582061747472209A
S214042A60253034582073767220256300206D6667FF
S214042A70202530325800207265706F7274206D699C
S214042A806E2025303458206D617820253034582047
S214042A907270742D6368672025303858002072657C
S214042AA063656976652066726F6D2025303458201C
S214042AB0657020253032582074696D656F757420F2
S214042AC0253034580072656D6F766500636C6561F9
S214042AD072696E67206C617374207265706F7274AD
S214042AE02074696D65206F6620616C6C2061747457
S214042AF0726962757465730074657374696E6720B1
S214042B0074696D696E67206F6620766172696F7589
S214042B1073207265706F7274696E67206F70657269
S214042B206174696F6E73002D2D2D2D2D2D2D2D2D79
S214042B302D2D2D2D2D2D2D2D2D2D2D2D2D2D2D2DBC
S214042B402D2D2D2D2D2D2D2D2D2D2D2D2D2D2D2DAC
S214042B502D2D2D2D2D2D002D2D7461626C6520726A
S214042B6065616473202D2066756C6C207461626CDC
S214042B70652D2D00726573756C74203D20256420C8
S214042B806D73002D2D696E6974202F20736368653C
S214042B9064756C65207469636B2D2D2D002D2D6C6A
S214042BA06F616420636F6E66696775726174696FBE
S214042BB06E2064656661756C74732D2D002F686FC6
S214042BC06D652F72756E6E65722F776F726B2F74CC
S214042BD07579612D7A69676265652D7377697463A3
S214042BE0682F747579612D7A69676265652D7377C8
S214042BF0697463682F73696C6162735F746F6F6C5A
S214042C00732F73696D706C69636974795F73646B31
S214042C102F70726F746F636F6C2F7A696762656565
S214042C202F6170702F6672616D65776F726B2F708F
S214042C306C7567696E2F7265706F7274696E672F34
S214042C407265706F7274696E672E630052454144F4
S214042C505F5250545F43464700726561645F726515
S214042C60706F7274696E675F636F6E66696775729C
S214042C706174696F6E005265706F7274696E673A3C
S214042C80206661696C656420746F2073656E6420C9
S214042C90257320726573706F6E73653A20307825DD
S214042CA0303258004552523A2072656164696E6744
S214042CB020636C7573746572203078253034582020
S214042CC0617474726962757465203078253034587E
S214042CD03A20307825303258004552523A207265F0
S214042CE0706F7274696E67206F66204C4F4E472073
S214042CF0737472696E672061747472696275746540
S214042D002074797065206E6F7420737570706F729E
S214042D107465643A20636C75737465722030782524
S214042D203034582061747472696275746520307822
S214042D3025303458005265706F7274696E6720458A
S214042D406E7472792046756C6C202D2063726561F2
S214042D5074696E67206E6577207265706F72740092
S214042D604346475F52505400202D206469726563C1
S214042D7074696F6E3A253032582C20617474723A36
S214042D802530345800202020747970653A25303276
S214042D90582C206D696E3A253034582C206D617895
S214042DA03A25303458002020206368616E67653AFF
S214042DB00020202074696D656F75743A2530345888
S214042DC000636F6E6669677572655F7265706F72B1
S214042DD074696E67002054434C4B207570646174AC
S214042DE06520616C726561647920696E2070726F0B
S214042DF06772657373004D616E75616C2054434C45
S214042E004B20757064617465206661696C65642E18
S214042E102573005374617274696E672075706461FB
S214042E2074652074727573742063656E746572209D
S214042E306C696E6B206B65792070726F6365737353
S214042E4000557064617465205443204C696E6B2091
S214042E504B657900204E6577206B65792065737421
S214042E6061626C69736865643A00204572726F72B9
S214042E703A00506172746E65723A20005A434C20D0
S214042E80676C6F62616C20636C7573746572206323
S214042E906F6D6D616E647300646972656374696FE7
S214042EA06E00646973632D636F6D2D67656E0064D1
S214042EB06973632D636F6D2D726563006578706545
S214042EC063742D7265706F72742D66726F6D2D6DDE
S214042ED06500757772697465006E7772697465004B
S214042EE07265706F72742D726561640073656E64CA
S214042EF02D6D652D612D7265706F72740043726559
S214042F0061746573206120676C6F62616C2064690C
S214042F1073636F76657220636F6D6D616E64206691
S214042F206F7220746865206173736F63696174657A
S214042F30642076616C7565732E00636C75737465B6
S214042F407249641F61747472696275746549641F9A
S214042F506D61784E756D626572546F5265706F72EE
S214042F60741F0043726561746573206120676C6F1B
S214042F7062616C2073656E64206D652061207265E5
S214042F80706F727420636F6D6D616E6420666F720D
S214042F9020746865206173736F6369617465642067
S214042FA076616C7565732E00636C7573746572490F
S214042FB0641F61747472696275746549641F646120
S214042FC07461547970651F6D696E5265706F7274A2
S214042FD054696D651F6D61785265706F72745469BB
S214042FE06D651F7265706F727461626C65436861AB
S214042FF06E67651F004372656174657320612067A0
S2140430006C6F62616C2072656164207265706F72A9
S21404301074696E6720636F6D6D616E6420666F728F
S21404302020746865206173736F63696174656420D6
S214043030636C75737465722C20617474726962753E
S214043040746520616E64207365727665722F636C96
S21404305069656E7420646972656374696F6E2E00A8
S214043060636C757374657249641F61747472696203
S21404307075746549641F646972656374696F6E1F4D
S21404308000476C6F62616C207265706F7274696E53
S2140430906720636F6D6D616E6400656E64706F6942
S2140430A06E741F636C757374657249641F617474FF
S2140430B072696275746549641F6D61736B1F0043A2
S2140430C0726561746573206120676C6F62616C2041
S2140430D07265616420636F6D6D616E64206D6573E7
S2140430E07361676520746F20726561642066726F11
S2140430F06D2074686520636C757374657220616EE8
S2140431006420617474726962757465207370656393
S21404311069666965642E00636C75737465724964C8
S2140431201F61747472696275746549641F00437222
S2140431306561746573206120676C6F62616C2077CB
S2140431407269746520636F6D6D616E64206D65735E
S2140431507361676520746F20777269746520746F75
S2140431602074686520636C757374657220616E6480
S214043170206174747269627574652073706563691E
S2140431806669656400636C757374657249641F616F
S214043190747472696275746549641F747970651F06
S2140431A0646174611F004372656174652061206503
S2140431B078706563742D7265706F72742D66726FA5
S2140431C06D2D6D65206D6573736167652077697411
S2140431D068206173736F6369617465642076616CDB
S2140431E07565732E00636C757374657249641F612C
S2140431F0747472696275746549641F74696D656F69
S21404320075741F0043726561746520612044697398
S214043210636F76657220436F6D6D616E64732047CD
S214043220656E65726174656420636F6D6D616E644E
S2140432302077697468206173736F63696174656469
S2140432402076616C7565732E00636C757374657295
S21404325049641F7374617274436F6D6D616E644963
S214043260641F6D6178436F6D6D616E6449641F0001
S2140432705365747320746865206469726563746941
S2140432806F6E20666F7220676C6F62616C20636F6E
S2140432906D6D616E64732C20656974686572206355
S2140432A06C69656E7420746F20736572766572201F
S2140432B06F722073657276657220746F20636C6912
S2140432C0656E742E0053657473206120666C6167A6
S2140432D020736F2074686174207468652061707050
S2140432E06C69636174696F6E206672616D65776F71
S2140432F0726B2057494C4C204E4F542072657370A5
S2140433006F6E6420746F20746865206E6578742010
S2140433105A434C206D6573736167652074686174E5
S21404332020636F6D657320696E206F7665722074F6
S2140433306865206169722E00536574732061206687
S2140433406C616720736F20746861742074686520EC
S2140433506170706C69636174696F6E206672616D0A
S21404336065776F726B2057494C4C20726573706F8B
S2140433706E6420746F20746865206E657874205AB5
S214043380434C206D657373616765207468617420AF
S214043390636F6D657320696E206F7665722074683E
S2140433A065206169722E0053657473207468652005
S2140433B044697361626C652044656661756C74204B
S2140433C0526573706F6E7365204672616D65204337
S2140433D06F6E74726F6C2062697420746F207573DC
S2140433E06520666F7220746865206E657874206345
S2140433F06F6D6D616E642069662074686520636F06
S2140434006D6D616E64206973206E6F7420616C72DA
S21404341065616479206275696C742E0064697361F1
S214043420626C6544656661756C74526573706F6E24
S21404343073651F00536574732074686520666C6139
S2140434406720746F207573652074686520696E63E1
S21404345072656D656E7465642073657175656E63FB
S21404346065206E756D6265722066726F6D20746875
S21404347065206672616D65776F726B20666F722069
S214043480746865206E6578742072617720636F6D4A
S2140434906D616E642E007573654E65787453657140
S2140434A075656E63651F00436C6920636F6D6D619F
S2140434B06E6420746F2063616C6C20736C5F7A6931
S2140434C0676265655F61665F7365745F74696D6581
S2140434D02066756E6374696F6E20646F63756D65C0
S2140434E06E74656420696E2061662E680075746368
S2140434F054696D651F005365747320746865207481
S214043500776F2062797465206D616E756661637489
S2140435107572657220737065636966696320696491
S214043520656E74696669657220746F2075736520AC
S214043530666F7220746865206E65787420636F6D9C
S2140435406D616E642069662074686520636F6D6DB6
S214043550616E64206973206E6F7420616C7265619D
S2140435606479206275696C742E006D6667537065A5
S214043570636966696349641F0054727573742043F3
S214043580656E746572204A6F696E2048616E646C5D
S21404359065723A20737461747573203D2025732C0C
S2140435A0206465636973696F6E203D202573202847
S2140435B025303258292C2073686F72746964203061
S2140435C0782530345800554E7365637572656420EB
S2140435D06A6F696E00646576696365206C656674F7
S2140435E000554E736563757265642072656A6F690B
S2140435F06E0075736520707265636F6E66696775B5
S214043600726564206B65790073656E64206B6579FA
S21404361020696E2074686520636C65617200646559
S2140436206E79206A6F696E006E6F20616374696FCD
S2140436306E00616C6C6F772072656A6F696E7320BA
S2140436406F6E6C79006E6F742000534C5F53544158
S2140436505455535F4E4554574F524B5F5550203088
S21404366078253034580054727573742043656E742C
S2140436706572204555492068617320257363686127
S2140436806E6765642E00534C5F5354415455535F24
S2140436904E4554574F524B5F444F574E00534C5F62
S2140436A05354415455535F4E4F545F4A4F494E4509
S2140436B04400534C5F5354415455535F5A49474250
S2140436C045455F4E4554574F524B5F4F50454E4508
S2140436D0443A2025642073656300534C5F53544179
S2140436E05455535F5A49474245455F4E4554574FD4
S2140436F0524B5F434C4F5345440025733A20257381
S2140437000064697374726962757465640063656ED7
S2140437107472616C697A656400466F726D00257315
S214043720696E67206F6E2063682025642C207061A4
S2140437306E496420307825303458004572726F72B2
S2140437403A2044657669636520646F6573206E6FFE
S2140437507420737570706F7274202573206E657490
S214043760776F726B20666F726D6174696F6E004A54
S2140437706F696E00496E76616C6964205365637583
S214043780726974792050726F66696C653A20307875
S2140437902530325800704A6F696E20666F72202595
S2140437A064207365633A20307825303258004C69BB
S2140437B06D6974696E67206475726174696F6E20D2
S2140437C06F66207065726D6974206A6F696E206614
S2140437D0726F6D20666F7265766572202832353595
S2140437E02920746F203235340052583A205A444FF8
S2140437F02C20636F6D6D616E6420307825303458EC
S2140438002C207374617475733A20307825303258DE
S2140438100053696D706C650052583A202573204435
S2140438206573632052657370004D61746368002C81
S214043830204D6174636865733A2025640044657698
S21404384069636520416E6E6F756E63653A203078E5
S214043850253034580052583A20494545452041649D
S214043860647265737320526573706F6E736500526D
S214043870583A204163746976652045502052657332
S214043880706F6E73652C20436F756E743A202564D2
S214043890004E6F6465002C204D6174636865733A4E
S2140438A02030782530345800737461636B20766555
S2140438B0722E205B25642E25642E25640020257335
S2140438C0206275696C642025645D005A444F005379
S2140438D04500484100436C757374657200476C6F0D
S2140438E062616C0025737478203078253038582C43
S2140438F0200050726F66696C653A20257320283064
S2140439007825303458292C20436C75737465723AC4
S214043910203078253034582C20256420627974654C
S214043920732C00205A434C20257320436D64204991
S214043930443A202564005072652D52656C656173A7
S2140439406500416C706861203100416C70686120CC
S2140439503200416C70686120330042657461203126
S214043960004265746120320042657461203300476A
S2140439704100526573657420696E666F3A2030782C
S2140439802530325820282573290064656C657465D3
S2140439902062696E64696E673A20253032582025A5
S2140439A0303258000102030405060708090A0B0C06
S2140439B00001010101010101010101010100575249
S2140439C0495445204552523A2000257365702025F7
S2140439D030325820636C7573202530345820617457
S2140439E074722025303458206E6F7420737570708E
S2140439F06F72746564002573696E76616C69642001
S214043A0064617461207479706500257361747472DE
S214043A10206E6F74207772697461626C6500575209
S214043A204954453A206E6F2077726974652C206A73
S214043A307573742061207465737400524541443A6A
S214043A40206174747269627574652073697A65207E
S214043A50746F6F206C6172676520666F7220636195
S214043A606C6C657200636C6E7400737276720052CE
S214043A705700524F00202052414D20200020746FE2
S214043A806B656E200065787465726E2000454E4442
S214043A90504F494E54202530325800636C757320BD
S214043AA02F2073696465202F2061747472202F2080
S214043AB06D666720202F74797065286C656E292FD3
S214043AC0207277202F2073746F72616765202F2011
S214043AD06461746120287261772900253034582087
S214043AE02F202573202F2025303458202F20002007
S214043AF02F202530325820282530325829202F20D0
S214043B002573202F202573202F2000556E73757083
S214043B10706F72746564004F544120524541443AB4
S214043B202065703A25303258206369643A2530346B
S214043B30582061747469643A25303458206D736B68
S214043B403A25303258206D66636F64653A25303402
S214043B505800524541443A20636C7573202530342E
S214043B60582C20617474722025303458206661699C
S214043B706C6564202530325800524541443A20632F
S214043B806C757320253034582C206174747220258B
S214043B903034582C20646174614C656E3A202530AC
S214043BA032582C204F4B00282563292530325825BF
S214043BB03032582530325825303258253032582580
S214043BC030325825303258253032580064697361D3
S214043BD0626C65002573642C2064726F7070696E65
S214043BE0672065702030782530325820636C7573F2
S214043BF02030782530345820636D642030782530A2
S214043C0032580047656E6572617465640052656378
S214043C10656976656400446973636F7665722043EC
S214043C206F6D6D616E647320726573706F6E73650D
S214043C302028636F6D706C6574653A202563292CA3
S214043C40202573204944733A2000307825303258B2
S214043C5020005F45585400524541445F4154545235
S214043C600057524954453A20636C75732025303406
S214043C705820617474722025303458200046414917
S214043C804C20253032580057524954453A20746F18
S214043C906F2073686F727400444953435F415454F1
S214043CA05200257325733A20636C757320253034CF
S214043CB0580053766320446973633A20002573578B
S214043CC0616974696E672025642073656320666F76
S214043CD07220646973636F7665727920746F2063EB
S214043CE06F6D706C65746500537461746520636FE2
S214043CF072726573706F6E64696E6720746F207479
S214043D006865207468652072657175657374206EC5
S214043D106F7420666F756E640A002573636F6D702A
S214043D206C6574652E0A002573536572766963653F
S214043D3020446973636F7665727920537461746581
S214043D40206C696D69747320726561636865640AC2
S214043D50002573496C6C6567616C2062726F6164E0
S214043D606361737420616464726573732C20726576
S214043D706D617070696E6720746F2076616C69641B
S214043D80206F6E652E0025734661696C6564207429
S214043D906F2073656E64206D617463682064697354
S214043DA0636F766572793A2030782530325800256C
S214043DB0735374617274696E6720646973636F7693
S214043DC065727920666F7220636C757374657220F1
S214043DD03078253034580025734661696C65642054
S214043DE0746F2073656E642073696D706C652064EF
S214043DF0657363726970746F72207265717565732A
S214043E00743A203078253032580025734661696C40
S214043E10656420746F2073656E64204945454520AB
S214043E206164647265737320726571756573743A40
S214043E30203078253032580025734661696C6564F5
S214043E4020746F2073656E64204E574B2061646443
S214043E507265737320726571756573743A20307871
S214043E6025303258004572726F723A2025732062EC
S214043E7061642073696D706C652064657363726930
S214043E8070746F72206C656E6774682E0025734DAF
S214043E9065737361676520746F6F2073686F7274DF
S214043EA00025734D65737361676520746F6F2073A7
S214043EB0686F727420666F72206E756D2E20656E44
S214043EC064706F696E74730025734D61746368253E
S214043ED07320666F756E642066726F6D2030782569
S214043EE03034582E004572726F723A20257320695A
S214043EF06E76616C6964206C656E6774682028252C
S214043F006420213D2025642920666F722041637455
S214043F1069766520456E64706F696E742072657389
S214043F20706F6E7365002573676F742061637469C0
S214043F30766520455020726573706F6E7365005504
S214043F4054432074696D653A2025642F25642F2513
S214043F50642025643A25643A256420282530385898
S214043F60290028556E6B6E6F776E20636C75732E02
S214043F70205B3078253034585D29000D0A542530EE
S214043F8038583A005258206C656E2025642C2065FB
S214043F907020253032582C20636C757320307825B9
S214043FA03034582000206D66674964202530345824
S214043FB00020464320253032582073657120253072
S214043FC0325820636D642025303258207061796C35
S214043FD06F61645B004261736963004F76657220AB
S214043FE07468652041697220426F6F746C6F6164F7
S214043FF0696E67002573525820706B7420746F6F57
S2140440002073686F72743A202564203C202564006F
S2140440102573525820706B74206D616C666F726DD8
S21404402065643A202564203C2025640020204861ED
S214044030766520526F7574657220537570706F7252
S21404404074002020456E6420446576696365204FBD
S2140440506E6C79002020456E61626C6564002020D9
S21404406044697361626C6564004572726F72207293
S214044070657472696576696E6720696E666F206618
S2140440806F72206C696272617279204944202564DB
S214044090002573206C6962726172792573207072D0
S2140440A06573656E74005A69676265652050726F41
S2140440B00042696E64696E6700536563757269745D
S2140440C07920436F7265005365637572697479204D
S2140440D04C696E6B204B6579730043424B45203127
S2140440E036334B310043424B4520445341205369F9
S2140440F0676E004543430043424B452044534120EA
S214044100566572696679005061636B657420566102
S2140441106C6964617465005A4C4C0043424B4520FC
S2140441203238334B3100454343203238334B310069
S21404413043424B4520636F7265004E4350004D75F5
S2140441406C7469206E6574776F726B00456E686177
S2140441506E63656420426561636F6E20526571000C
S21404416043424B45203238334B312044534120568A
S2140441706572696679004D756C74692D50414E0000
S2140441802F686F6D652F72756E6E65722F776F72FE
S2140441906B2F747579612D7A69676265652D7377FF
S2140441A0697463682F747579612D7A6967626565C9
S2140441B02D7377697463682F73696C6162735F74B7
S2140441C06F6F6C732F73696D706C69636974795F54
S2140441D073646B2F70726F746F636F6C2F7A69677A
S2140441E06265652F737461636B2F636F6E666967B0
S2140441F02F736C5F7A69676265655F636F6E666965
S2140442006775726174696F6E2E63002F686F6D65D3
S2140442102F72756E6E65722F776F726B2F74757949
S214044220612D7A69676265652D7377697463682F93
S214044230747579612D7A69676265652D737769741B
S21404424063682F73696C6162735F746F6F6C732F2E
S21404425073696D706C69636974795F73646B2F70CE
S214044260726F746F636F6C2F7A69676265652F73FC
S2140442707461636B2F6672616D65776F726B2F6105
S21404428065732D6563622E63002F686F6D652F72EC
S214044290756E6E65722F776F726B2F747579612DDC
S2140442A07A69676265652D7377697463682F7475B8
S2140442B079612D7A69676265652D737769746368B9
S2140442C02F73696C6162735F746F6F6C732F73699D
S2140442D06D706C69636974795F73646B2F70726F49
S2140442E0746F636F6C2F7A69676265652F73746188
S2140442F0636B2F73656375726974792F7A69676265
S21404430065652D73656375726974792D6D616E616B
S2140443106765722D6E6F2D7661756C742E6300451D
S21404432072726F723A20204661696C656420746FFD
S21404433020726561642066726F6D20454550524F49
S2140443404D2061742030782534582C2073746174A1
S21404435075733A20256400454550524F4D20496EEA
S214044360697469616C697A65643A20256300454519
S21404437050524F4D20427573793A202563005061A0
S214044380727469616C20576F72642053746F726123
S214044390676520436F756E743A2025640041646433
S2140443A0726573733A2030782534582C2050617225
S2140443B07469616C20576F72643A2030782558000F
S2140443C0636F6E6669726D656400617373756D659F
S2140443D064000A454550524F4D20496E666F004EA4
S2140443E06F7420617661696C61626C6520286F6CFD
S2140443F064657220626F6F746C6F61646572290005
S21404440050617274204465736372697074696F6E68
S2140444103A202020202020202020202573004361DD
S214044420706162696C69746965733A202020202083
S21404443020202020202020202030782532580050AC
S2140444406167652045726173652074696D6520280F
S21404445073293A202020202020256400506172749D
S2140444602045726173652074696D65202873293A46
S214044470202020202020256400506172742045727C
S2140444806173652074696D6520286D73293A202050
S21404449020202020256400506167652073697A65B2
S2140444A020286279746573293A2020202020202051
S2140444B02020256C00506172742073697A65202868
S2140444C06279746573293A20202020202020202039
S2140444D0256C00576F72642073697A6520286279A8
S2140444E0746573293A20202020202020202025646B
S2140444F0202825702900454550524F4D20696E6985
S214044500743A2030782558002F686F6D652F7275C1
S2140445106E6E65722F776F726B2F747579612D7A54
S21404452069676265652D7377697463682F74757936
S214044530612D7A69676265652D7377697463682F80
S21404454073696C6162735F746F6F6C732F73696DDC
S214044550706C69636974795F73646B2F7574696CC6
S2140445602F706C7567696E2F706C7567696E2D6336
S2140445706F6D6D6F6E2F656570726F6D2F656570EC
S214044580726F6D2E6300556E61626C6520746F20C9
S214044590626F6F7420696D61676520617420736C47
S2140445A06F7420256C640A00536C6F74204D616E22
S2140445B061676572206661696C656420746F206546
S2140445C07261736520736C6F740A004D6178207293
S2140445D0656164206C696D69742073657420746FFA
S2140445E02025642062797465730A004164647265E8
S2140445F07373202020202020202020204461746112
S2140446000A00307825346C782020202020202030A2
S2140446107825780A004661696C656420746F207298
S2140446206561642066726F6D20666C6173680A004B
S214044630536C6F7420256C640A2020416464726590
S214044640737320202020203A20307825346C580AB2
S21404465020204C656E6774682020202020203A2095
S214044660307825346C582028256C6420627974656B
S21404467073290A00202054797065202020202020E9
S21404468020203A20004E6F2047424C2070726573FB
S214044690656E740A005A69674265650A0054687252
S2140446A06561640A00436F6E6E6563740A00426C4B
S2140446B07565746F6F74680A00426C7565746F6F05
S2140446C07468206170706C69636174696F6E0A0047
S2140446D04D43550A004F7468657220283078256C5F
S2140446E058290A00202056657273696F6E202020B0
S2140446F020203A203078256C580A00202043617028
S2140447006162696C69746965733A20307825346C23
S214044710580A00202050726F647563742049442040
S214044720203A2000307825582000536C6F74204DB2
S214044730616E616765723A206661696C65642074AF
S2140447406F20696E697469616C697A6520626F6F3F
S214044750746C6F6164657220286572726F722030A3
S21404476078253478290A0056657273696F6E20209E
S2140447702020203A2025640A0050617274202020EC
S21404478020202020203A2025730A004361706162AD
S214044790696C69746965733A20307825780A005024
S2140447A06172742073697A652020203A202564207B
S2140447B0420A00506167652073697A652020203AB2
S2140447C020256420420A00576F72642073697A6554
S2140447D02020203A20256420420A00536C6F74730C
S2140447E0202020202020203A2025640A00466169E3
S2140447F06C656420746F20726561642066726F6DE8
S2140448002073746F7261676520666C617368202814
S2140448106572726F72202564290A00496E76616C8F
S214044820696420736C6F7420256420286D61782079
S214044830736C6F74202564290A004661696C65648C
S21404484020746F2067657420696E666F20666F72C9
S21404485020736C6F742025640A00536C6F74204DAB
S214044860616E616765723A20736C6F742077726943
S2140448707465206661696C7572652E204164647285
S214044880657373206F666673657420282564292013
S2140448902B207772697465206C656E6774682028AF
S2140448A02564292067726561746572207468616E78
S2140448B020746F74616C20736C6F74206C656E6703
S2140448C0746820282564290A00536C6F74204D618F
S2140448D06E61676572207761726E696E673A2073DF
S2140448E06C6F74202564206C656E677468202825B8
S2140448F06429206E6F7420616C69676E6564207429
S2140449006F20706167652073697A6520282564299D
S2140449102E2054686520656E7469726520736C6F0A
S214044920742077696C6C206E6F74206265206572E3
S214044930617365642E0A00536C6F74204D616E615A
S2140449406765723A206661696C656420746F2065D9
S2140449507261736520256420627974657320696EBC
S21404496020736C6F74202564206174206164647203
S21404497065737320307825347820286572726F72D8
S2140449802030782578290A004572617365642025ED
S2140449906420627974657320696E20736C6F74206A
S2140449A025640A004661696C656420746F2073652B
S2140449B07420736C6F7420746F20626F6F74202879
S2140449C06572726F72203078253478290A00466141
S2140449D0696C656420746F20736574206C697374E5
S2140449E0206F6620736C6F747320746F20626F6F11
S2140449F07420286572726F72203078253478290AFC
S214044A00004661696C656420746F20676574206E67
S214044A106577206C697374206F6620736C6F74738B
S214044A2020746F20626F6F7420286572726F722014
S214044A303078253478290A00426567696E6E696E97
S214044A406720696D6167652076657269666963616A
S214044A5074696F6E2E2E2E002E6661696C65642155
S214044A6020284572726F72203078253478290A001F
S214044A702E7061737365642120426F6F74696E676C
S214044A8020736C6F742025640A00666E692B0066BA
S214044A906E69006E616E00666E692D006C696273E5
S214044AA0006273656E640072657365740072617784
S214044AB00073656E645F6D756C746963617374000E
S214044AC073656E642D7573696E672D6D756C746988
S214044AD0636173742D62696E64696E670074696DD0
S214044AE06573796E63006765742D7074692D7261E1
S214044AF064696F2D636F6E66696700636F6E6669BF
S214044B00672D6363612D6D6F6465006576656E74ED
S214044B1073007365637572697479007A6967626590
S214044B20655F7072696E7400706C7567696E006E8E
S214044B306574006B657973006F7074696F6E0070CE
S214044B406C7567006368616E67656B65790063689A
S214044B50616E67656B007A646F007072696E7420AC
S214044B6072656C6174656420636F6D6D616E6473E9
S214044B702E0061747472005A646F2072656C6174DE
S214044B80656420636F6D6D616E64732E00726F755D
S214044B90746500706F776572006D676D742D6C7147
S214044BA069006D676D742D62696E64006E6F64656E
S214044BB00073696D706C650069656565006E776B7A
S214044BC000756E62696E64006E776B2D7570640096
S214044BD06F75742D636C2D6C69737400696E2D6328
S214044BE06C2D6C697374005A646F20696E2D636C47
S214044BF02D6C6973742072656C6174656420636FD0
S214044C006D6D616E64732E005A646F206F75742D1B
S214044C10636C2D6C6973742072656C6174656420B2
S214044C20636F6D6D616E64732E005A646F206E77C9
S214044C306B2D7570642072656C6174656420636F97
S214044C406D6D616E64732E007363616E2D636861AF
S214044C506E2D6D61736B007363616E006368616EC5
S214044C605067006368616E005A646F20756E6269EF
S214044C706E642072656C6174656420636F6D6D612B
S214044C806E64732E00756E69636173740063686185
S214044C906E67656B65792072656C61746564206304
S214044CA06F6D6D616E64732E006C696E6B004F7071
S214044CB074696F6E2072656C6174656420636F6DD1
S214044CC06D616E64732E0072656769737465720035
S214044CD06469736300696E7374616C6C2D636F64CE
S214044CE0650062696E64696E672D7461626C650046
S214044CF07072696E742D72782D6D736773006170AF
S214044D0073726574727900415053207265747279B7
S214044D1020666C616720666F72636520636F6D6DD5
S214044D20616E647300456E61626C65732F446973CB
S214044D3061626C6573207072696E74696E67206F49
S214044D4066205278206D657373616765732E0065FF
S214044D506E61626C650042696E64696E6720746198
S214044D60626C652072656C6174656420636F6D6D3A
S214044D70616E64732E005365637572697479206B73
S214044D806579732072656C6174656420636F6D6DFC
S214044D90616E64732E0064656C657465004E65749C
S214044DA0776F726B2072656C6174656420636F6DD7
S214044DB06D616E64732E00666F726D0072656A6F45
S214044DC0696E2D646966662D6465766963652D74FF
S214044DD07970650065787470616E69640069736FD4
S214044DE070656E0062726F61642D706A6F696E0022
S214044DF06368616E67652D6368616E6E656C0069D5
S214044E006E6974006368616E67652D6B6565702DE9
S214044E10616C6976652D6D6F64650074696D656F88
S214044E2075742D6F7074696F6E2D6D61736B006D84
S214044E30756C74692D7068792D7374617274006D65
S214044E40756C74692D7068792D73746F700066695B
S214044E506E64006E6574776F726B2066696E64208C
S214044E60636F6D6D616E64732E006A6F696E616246
S214044E706C6500756E7573656400736C6F742D6D68
S214044E80616E6167657200636F756E746572730038
S214044E9066696E642D616E642D62696E6400667266
S214044EA061676D656E746174696F6E0067726F75A5
S214044EB070732D736572766572006E6574776F72A3
S214044EC06B2D7374656572696E67006F74612D620D
S214044ED06F6F746C6F6164006F74612D636C6965C9
S214044EE06E74006F74612D73746F726167652D63E1
S214044EF06F6D6D6F6E006F74612D73746F72616782
S214044F00652D656570726F6D0069646C652D736CD4
S214044F10656570007570646174652D74632D6C69C5
S214044F206E6B2D6B6579007570646174652D7463A2
S214044F302D6C696E6B2D6B65792072656C6174657A
S214044F406420636F6D6D616E64730074696D657261
S214044F50006E6F7700436F6D6D616E647320746FBF
S214044F6020636F6E74726F6C2069646C696E672F51
S214044F70736C656570696E67206F6620746865205B
S214044F8064657669636500666F7263652D61776133
S214044F906B65006177616B652D7768656E2D6E6F46
S214044FA0742D6A6F696E6564007265706F727469D9
S214044FB06E672072656C6174656420636F6D6D61E5
S214044FC06E64732E00636C6561722D6C6173742D50
S214044FD07265706F72742D74696D65007465737490
S214044FE02D74696D696E67006F74612D73746F72CA
S214044FF06167652D656570726F6D2072656C61748E
S214045000656420636F6D6D616E64732E00776970DE
S21404501065006F74612D73746F726167652D636FBD
S2140450206D6D6F6E2072656C6174656420636F6D60
S2140450306D616E6473007072696E74496D61676544
S214045040730072656C6F61640073746F7261676578
S2140450502D696E666F00646174612D7072696E747A
S214045060006F74612D636C69656E742072656C6183
S21404507074656420636F6D6D616E64732E0076656F
S2140450807269667900626C6F636B2D746573740065
S214045090706167652D7265717565737400757067E8
S2140450A0726164652D7265717565737400646973E5
S2140450B061626C652D646F776E67726164657300F8
S2140450C0656E61626C652D646F776E677261646588
S2140450D073006F74612D626F6F746C6F61642072FD
S2140450E0656C6174656420636F6D6D616E647300D6
S2140450F06E6574776F726B2D7374656572696E670F
S2140451002072656C6174656420636F6D6D616E6496
S214045110732E007072652D636F6E666967757265AF
S214045120642D6B65792D736574006D61736B2072E5
S214045130656C6174656420636F6D6D616E642E00CA
S21404514073756274726163740067726F7570732D21
S2140451507365727665722072656C6174656420632B
S2140451606F6D6D616E64732E00667261676D656E39
S214045170746174696F6E2072656C61746564206313
S2140451806F6D6D616E64732E007365742D72782D69
S21404519077696E646F772D73697A650061727469D6
S2140451A066696369616C2D626C6F636B2D64726FE4
S2140451B0700046696E6420616E642062696E6420C5
S2140451C072656C6174656420636F6D6D616E647383
S2140451D02E00696E69746961746F7200656E61622F
S2140451E06C655F7479706500737461636B006170DD
S2140451F070007A636C006C65676163795F61665FF3
S214045200646562756700636F756E74657273207289
S214045210656C6174656420636F6D6D616E64732E76
S214045220007072696E742D636F756E7465722D747A
S2140452307970650073696D706C652D7072696E7433
S214045240007072696E742D7468726573686F6C642E
S21404525073007365742D7468726573686F6C64008C
S21404526072657365742D7468726573686F6C6473A5
S2140452700073656E642D726571756573740073656D
S2140452806375726974792072656C617465642063F1
S2140452906F6D6D616E6473007365742D616C6C6FF5
S2140452A0772D74727573742D63656E7465722D72C2
S2140452B0656A6F696E2D7573696E672D77656C6C9C
S2140452C02D6B6E6F776E2D6B6579007365742D612B
S2140452D06C6C6F772D74727573742D63656E74655C
S2140452E0722D72656A6F696E2D7573696E672D7798
S2140452F0656C6C2D6B6E6F776E2D6B65792D74698E
S2140453006D656F7574007365742D6B65792D7265A4
S21404531071756573742D706F6C696379006D66675B
S2140453202D746F6B656E00617073005365637572E0
S214045330697479206170732072656C617465642089
S214045340636F6D6D616E64732E004765742F7365AD
S21404535074204D464720746F6B656E2E00656E6430
S214045360706F696E742072656C6174656420636F17
S2140453706D6D616E64732E00656570726F6D207559
S21404538074696C6974792072656C617465642063F1
S2140453906F6D6D616E647300536C6F74204D616E37
S2140453A0616765722072656C6174656420636F6DF5
S2140453B06D616E647300626F6F742D736C6F74002E
S2140453C065726173652D736C6F74006578742D66F1
S2140453D06C6173682D696E666F00736C6F74732DE1
S2140453E0696E666F005072696E74732074696D65B9
S2140453F02E005072696E74732061747472696275DB
S21404540074652E00436C6561727320746865205A57
S214045410444F206C697374206F6620636C69656EF4
S214045420742028696E2920636C7573746572732EF4
S214045430004164647320636C7573746572732074BE
S2140454406F20746865206B6E6F776E20636C696579
S2140454506E742028696E2920636C75737465727384
S214045460206F6E2074686973206465766963652EA0
S21404547000436C6561727320746865205A444F203B
S2140454806C697374206F6620636C69656E7420287B
S2140454906F75742920636C7573746572732E00417E
S2140454A064647320636C75737465727320746F2000
S2140454B0746865206B6E6F776E20636C69656E74B6
S2140454C020286F75742920636C7573746572732055
S2140454D06F6E2074686973206465766963652E0050
S2140454E053656E647320616E207570646174652004
S2140454F06368616E6E656C20726571756573742E73
S214045500006368616E6E656C1F0053656E6473207D
S214045510616E20757064617465206368616E6E6583
S2140455206C2070616765207265712E205468652052
S214045530737461636B2073656E6473206E776B207F
S214045540656E68616E636564207570646174652059
S21404555072657120666F72206E6F6E2D7A65726F3B
S21404556020706167652E006368616E6E656C1F70DF
S2140455706167651F00506572666F726D7320616E99
S21404558020656E65726779207363616E2E007461A0
S214045590726765744E6F646549641F7363616E4415
S2140455A075726174696F6E1F7363616E436F756E97
S2140455B0741F0042726F616463617374732074684D
S2140455C065204944206F6620746865206E657720E0
S2140455D06E6574776F726B206D616E61676572209D
S2140455E0616E6420616374697665206368616E6EBB
S2140455F0656C732E006E776B4D676549641F636830
S214045600616E6E656C4D61736B1F00506572666FDC
S214045610726D7320616E20656E65726779207363A0
S214045620616E206F6E20676976656E206368616EB2
S2140456306E656C206D61736B2E00746172676574A1
S2140456404E6F646549641F7363616E44757261745A
S214045650696F6E1F7363616E436F756E741F636844
S214045660616E6E656C4D61736B1F0053656E64737B
S2140456702061206E6574776F726B20616464726556
S2140456807373207265717565737420666F72207407
S214045690686520676976656E2049454545206164DE
S2140456A064726573732E00696565651F00526571C3
S2140456B0756573747320616E2049454545206164A1
S2140456C06472657373206261736564206F6E206113
S2140456D020676976656E206E6F64652049442E00E7
S2140456E06E6F646549641F0053656E6473206120A1
S2140456F073696D706C652064657363726970746F2A
S21404570072207265717565737420666F7220746892
S214045710652073686F7274206164647265737320A5
S214045720616E6420656E64706F696E742073706554
S2140457306369666965642E00646573741F746172B8
S214045740676574456E64706F696E741F0053656E8A
S21404575064732061206D6174636844657363726961
S21404576070746F72735265717565737420746F20EC
S21404577074686520676976656E2064657374696EFF
S2140457806174696F6E207769746820746865206731
S2140457906976656E2070726F66696C652E006E6F32
S2140457A0646549641F70726F66696C651F00536593
S2140457B06E64732061206E6F646520646573637223
S2140457C06970746F72207265717565737420746F76
S2140457D0206120676976656E20746172676574203F
S2140457E06465766963652E007461726765741F006C
S2140457F053656E64732061205A444F2042696E6478
S21404580020636F6D6D616E6420746F206120646523
S2140458107669636520737065636966696564206983
S2140458206E2074686520636F6D6D616E64206172AE
S21404583067756D656E74732E0044657374696E6166
S21404584074696F6E1F536F7572636520656E64703E
S2140458506F696E741F44657374696E6174696F6EE4
S21404586020656E64706F696E741F636C75737465FF
S2140458707249441F72656D6F746545554936341F09
S2140458806465737445554936341F0053656E6473F6
S21404589020616E2061637469766520656E64706F3E
S2140458A0696E74207265717565737420746F2074E4
S2140458B06865206465766963652077697468207412
S2140458C0686520676976656E2073686F7274204910
S2140458D0442E0053656E647320616E20756E626993
S2140458E06E64207265717565737420666F722061CC
S2140458F020756E69636173742062696E64696E678D
S21404590020746F20746865207461726765742064FF
S21404591065766963652E007461726765741F736FBC
S214045920757263652065756936341F736F757263A7
S2140459306520656E64706F696E741F636C7573742E
S214045940657249441F64657374696E6174696F6E29
S21404595045554936341F64657374696E6174696F9E
S2140459606E20656E64706F696E741F0053656E6496
S2140459707320616E20756E62696E6420726571753F
S21404598065737420666F722061206D756C7469632C
S2140459906173742062696E64696E6720746F207424
S2140459A068652074617267657420646576696365EA
S2140459B02E007461726765741F736F757263652059
S2140459C065756936341F736F7572636520656E641A
S2140459D0706F696E741F636C757374657249441FC7
S2140459E067726F7570416464726573731F005365E4
S2140459F06E64732061205A444F204D616E61676562
S214045A006D656E74204C6561766520636F6D6D619F
S214045A106E6420746F2074686520746172676574A0
S214045A20206465766963652E007461726765741F09
S214045A3072656D6F76654368696C6472656E1F7215
S214045A40656A6F696E1F0053656E64732061205A21
S214045A50444F204D474D542D42696E6420284269B8
S214045A606E64696E67205461626C652920526571A4
S214045A707565737420746F2074686520746172672A
S214045A806574206465766963652E00746172676563
S214045A90741F7374617274496E6465781F0053656D
S214045AA06E64732061205A444F204D474D542D4C4C
S214045AB0514920284C5149205461626C6529205272
S214045AC065717565737420746F20746865207461DD
S214045AD072676574206465766963652E0053656E27
S214045AE064732061205A444F20506F7765722044B7
S214045AF0657363726970746F72205265717565732D
S214045B007420746F207468652074617267657420ED
S214045B106465766963652E0053656E647320612040
S214045B205A444F20726F757465207265717565737B
S214045B307420636F6D6D616E6420746F2074686585
S214045B40207461726765742E007461726765741FD1
S214045B50696E6465781F00696E6465781F6575698B
S214045B6036341F696E7374616C6C436F64651F0012
S214045B70696E6465781F65756936341F6B65791FB1
S214045B80005443206C696E6B206B657920726571D6
S214045B907565737420706F6C6963791F417070202B
S214045BA06C696E6B206B65792072657175657374AC
S214045BB020706F6C6963791F00426F6F6C3A2061C6
S214045BC06C6C6F772074727573742063656E74657D
S214045BD0722072656A6F696E207573696E672077C6
S214045BE0656C6C2D6B6E6F776E206B65791F00701D
S214045BF0726F66696C6549641F636C75737465724D
S214045C0049641F0074617267657449641F00456EB9
S214045C1061626C6573207072696E74696E67206F5A
S214045C2066205278206D657373616765732E005322
S214045C30657473207468652062696E64696E672093
S214045C407461626C6500696E6465781F636C757355
S214045C507465721F6C6F63616C45701F72656D6F3F
S214045C60746545701F65756936341F00436C65613D
S214045C707273207468652062696E64696E67207446
S214045C8061626C652E005072696E74732074686568
S214045C902062696E64696E67207461626C65207444
S214045CA06F2074686520636F6D6D616E64206C6927
S214045CB06E652E00436C6561727320616C6C207394
S214045CC065637572697479206B6579732E00446513
S214045CD06C657465207468652073706563696669AD
S214045CE06564206C696E6B206B657920696E6465EB
S214045CF0782E005072696E747320616C6C20736524
S214045D00637572697479206B6579732E00546572B5
S214045D106D696E6174657320746865206D756C7446
S214045D20692D50485920696E746572666163650012
S214045D305573656420746F207374617274206D7576
S214045D406C74692D50485920696E74657266616377
S214045D5065206F74686572207468616E206E617465
S214045D6069766520616E6420666F726D207468655E
S214045D70206E6574776F726B2E205468652073747A
S214045D8061636B20757365732073616D6520506164
S214045D906E4964206173206E617469766520726151
S214045DA064696F206E6574776F726B2E007061671E
S214045DB0651F6368616E6E656C1F706F7765721F12
S214045DC06F7074696F6E734D61736B2028426974CB
S214045DD02030203D20526F757465727320616C6CA0
S214045DE06F7765642C204269742031203D2042720E
S214045DF06F61646361737420616C6C6F776564298A
S214045E001F00417474656D70747320746F2063682A
S214045E10616E676520746865206368696C642074C5
S214045E20696D656F7574206F7074696F6E206D612F
S214045E30736B20746F2066696C746572206F75745A
S214045E4020756E646573697261626C652076616C38
S214045E507565732028652E672E206E6F206D6F7211
S214045E6065207468616E20332064617973292E007E
S214045E7074696D656F7574206F7074696F6E206DCC
S214045E8061736B1F0053776974636865732062657A
S214045E90747765656E20646966666572656E7420DF
S214045EA06B65657020616C697665206D6F646573DB
S214045EB020737570706F7274656420627920612037
S214045EC0726F757465722E004B65657020616C691F
S214045ED07665206D6F64651F005072696E7473205A
S214045EE07468652063757272656E74204E6F64659F
S214045EF02049442C2045554936342C20616E6420B4
S214045F0050616E2049442E00496E697469616C695B
S214045F107A65732061206E6574776F726B3B2074AC
S214045F206869732069732061207465737420636FD5
S214045F306D6D616E64207573656420666F7220747F
S214045F40632D737761702D6F75742074657374692F
S214045F506E672E005365747320746865206E6574CE
S214045F60776F726B20696E6465782075736564203C
S214045F70627920616C6C2066757475726520434C7A
S214045F804920636F6D6D616E64732E2020426566D2
S214045F906F726520657865637574696E6720612025
S214045FA0434C4920636F6D6D616E642C2074686584
S214045FB0206672616D65776F726B207377697463A0
S214045FC068657320746F2074686973206E657477CF
S214045FD06F726B2E2020416674657220746865208B
S214045FE0636F6D6D616E642066696E697368657350
S214045FF020657865637574696E672C2074686520FF
S2140460006672616D65776F726B2073776974636807
S2140460106573206261636B20746F207468652070FA
S214046020726576696F7573206E6574776F726B2E02
S214046030202054686520434C49207573657320748A
S21404604068652073616D65206E6574776F726B206A
S214046050696E64657820756E74696C207468652052
S21404606064657669636520726573657473206F7200
S214046070206974206973206368616E6765642074A0
S21404608068726F756768207468697320636F6D6DD6
S214046090616E642E00417474656D70747320746F41
S2140460A0206368616E676520646576696365206F42
S2140460B076657220746F2061206469666665726511
S2140460C06E74206368616E6E656C20676976656EB3
S2140460D020696E20746865206368616E6E656C2046
S2140460E0617267756D656E742E005468652063680A
S2140460F0616E6E656C20746F206368616E676520E0
S214046100746F1F0066696E64556E757365645061BE
S2140461106E49640066696E644A6F696E61626C6596
S2140461204E6574776F726B005065726D6974732078
S2140461306A6F696E696E67206F6E20746865206E7C
S2140461406574776F726B20666F722061206769765C
S214046150656E206E756D626572206F66207365636A
S2140461606F6E647320414E442062726F6164636193
S2140461707374732061205A444F204D676D74205009
S21404618065726D6974204A6F696E696E6720726500
S214046190717565737420746F20616C6C20726F75F2
S2140461A0746572732E00412073696E676C65206295
S2140461B079746520696E6469636174696E672068C2
S2140461C06F77206C6F6E67207468652064657669E7
S2140461D063652073686F756C6420686176652070EB
S2140461E065726D6974206A6F696E696E672074756E
S2140461F0726E6564206F6E20666F722E2041207664
S214046200616C7565206F66203078666620747572DA
S2140462106E73206F6E207065726D6974206A6F6984
S2140462206E20696E646566696E6974656C792E1F86
S21404623000436865636B73206E6574776F726B20BA
S214046240706A6F696E207374617475732E0057726A
S214046250697465732074686520657874656E646512
S214046260642070616E20494420666F7220746865ED
S214046270206465766963652E0065787470616E695E
S214046280641F0052656A6F696E7320616E206578BC
S214046290697374696E67206E6574776F726B2069B4
S2140462A06E206120736563757265206F7220696E57
S2140462B0736563757265206D616E6E6572207769AD
S2140462C07468206120646966666572656E7420640D
S2140462D0657669636520747970652E00426F6F6C0D
S2140462E065616E206E6574776F726B206B657920BE
S2140462F0617661696C6162696C6974791F4368616F
S2140463006E6E656C206D61736B1F416E20656E75D5
S2140463106D65726174696F6E20696E646963617419
S214046320696E6720746865206465766963652074A1
S21404633079706520746F2072656A6F696E20617368
S2140463402E54686520737461636B206F6E6C7920BD
S2140463506163636570747320534C5F5A49474245C2
S214046360455F454E445F44455649434520616E6447
S21404637020534C5F5A49474245455F534C45455068
S214046380595F454E445F4445564943452E1F0052C7
S214046390654A6F696E732061206E6574776F726BE1
S2140463A02E00426F6F6C65616E206E6574776F7237
S2140463B06B206B657920617661696C6162696C69D2
S2140463C074791F4368616E6E656C206D61736B1F14
S2140463D0004C65617665732061206E6574776F7214
S2140463E06B2E005475726E73207065726D6974201E
S2140463F06A6F696E696E67206F6E20666F722074AE
S214046400686520616D6F756E74206F662074696DA3
S2140464106520696E646963617465642E0041207347
S214046420696E676C65206279746520696E64696359
S2140464306174696E6720686F77206C6F6E6720746E
S2140464406865206465766963652073686F756C6437
S2140464502068617665207065726D6974206A6F695C
S2140464606E696E67207475726E206F6E20666F722A
S2140464702E20412076616C7565206F662030786624
S21404648066207475726E73207065726D6974206A06
S2140464906F696E20696E646566696E6974656C7989
S2140464A02E1F004A6F696E732061206E6574776FC5
S2140464B0726B206F6E206120676976656E20636854
S2140464C0616E6E656C2C207769746820612067693C
S2140464D076656E20545820506F77657220616E641E
S2140464E02050414E2049442E00546865206368615C
S2140464F06E6E656C206F6E20776869636820746FB3
S214046500206A6F696E20746865206E6574776F7292
S2140465106B1F4F6E652D62797465207369676E65AF
S214046520642076616C756520696E6469636174695C
S2140465306E672074686520545820506F7765722003
S214046540746861742074686520726164696F20736E
S214046550686F756C642062652073657420746F1FA1
S2140465605468652050414E204944206F6E20776859
S21404657069636820746F206A6F696E20746865208A
S2140465806E6574776F726B1F00466F726D73206151
S214046590206E6574776F726B206F6E20612067695A
S2140465A076656E206368616E6E656C2C2077697400
S2140465B068206120676976656E20545820506F778E
S2140465C0657220616E642050414E2049442E00546A
S2140465D06865206368616E6E656C206F6E207768F0
S2140465E069636820746F20666F726D207468652016
S2140465F06E6574776F726B1F4F6E652D6279746566
S214046600207369676E65642076616C756520696EB3
S2140466106469636174696E672074686520545820E1
S214046620506F776572207468617420746865207290
S2140466306164696F2073686F756C6420626520738B
S214046640657420746F1F5468652050414E20494479
S214046650206F6E20776869636820746F20666F7297
S2140466606D20746865206E6574776F726B1F0054B6
S21404667068697320696E6974696174657320612042
S21404668054434C4B207570646174652070726F635C
S21404669065647572652E0053706563696679207447
S2140466A0686520616D6F756E74206F662074696D01
S2140466B06520746F20776169742061667465722042
S2140466C06F6E652054434C4B20757064617465206E
S2140466D06F7065726174696F6E20636F6D706C6540
S2140466E0746573206265666F726520626567696E9D
S2140466F06E696E672061206E65772054434C4B208C
S214046700757064617465206F7065726174696F6E0C
S2140467102E0054686520616D6F756E74206F662058
S21404672074696D65206265747765656E207375623D
S21404673073657175656E7420747275737420636501
S2140467406E746572206C696E6B206B65792075704B
S214046750646174657320696E206D696C6C69736519
S214046760636F6E64731F00536574206F7220636CCE
S2140467706561722073746179206177616B65207737
S21404678068656E206E6F74206A6F696E6564005368
S2140467906574206F7220636C65617220666F726325
S2140467A065206177616B6500446973706C6179205C
S2140467B074686520736C6565702073746174757392
S2140467C000464F522054455354494E472050555284
S2140467D0504F534553202D206761746865722074AA
S2140467E0696D696E67206D65747269637320666F80
S2140467F072207265706F7274696E67207461626C61
S21404680065206F7065726174696F6E732E00436CD9
S2140468106561727320746865206C61737420726598
S214046820706F72742074696D65206F66206174746D
S214046830726962757465732E004164647320612006
S2140468406E657720656E74727920746F207468653F
S214046850207265706F7274207461626C652E0054C9
S2140468606865206C6F63616C20656E64706F696E1A
S214046870742066726F6D2077686963682074686533
S2140468802061747472696275746520697320726518
S214046890706F727465641F54686520636C757374D6
S2140468A06572207768657265207468652061747403
S2140468B0726962757465206973206C6F63617465B0
S2140468C0641F546865204944206F662074686520F8
S2140468D0617474726962757465206265696E672096
S2140468E07265706F727465641F3020666F72206301
S2140468F06C69656E742D736964652061747472695D
S2140469006275746573206F72203120666F7220730F
S21404691065727665722D7369646520617474726934
S21404692062757465731F546865206D696E696D754C
S2140469306D207265706F7274696E6720696E746517
S2140469407276616C2C206D6561737572656420695E
S2140469506E207365636F6E64732E1F546865206DB6
S2140469606178696D756D207265706F7274696E6793
S21404697020696E74657276616C2C206D6561737522
S21404698072656420696E207365636F6E64732E1F70
S214046990546865206D696E696D756D206368616EF7
S2140469A0676520746F207468652061747472696208
S2140469B075746520746861742077696C6C207265E0
S2140469C073756C7420696E2061207265706F7274C2
S2140469D0206265696E672073656E742E1F005265AB
S2140469E06D6F76657320616E20656E7472792066AD
S2140469F0726F6D20746865207265706F727420748F
S214046A0061626C652E0054686520696E6465782042
S214046A106F6620746865207265706F727420746F78
S214046A202062652072656D6F7665641F00436C6531
S214046A3061727320616C6C20656E74726965732074
S214046A4066726F6D20746865207265706F7274204C
S214046A507461626C652E005072696E74732074687B
S214046A6065207265706F7274207461626C652E00A6
S214046A70576970657320616C6C2064617461206969
S214046A806E207468652073746F7261676520646530
S214046A90766963652E005072696E74732061726243
S214046AA0697472617279206279746573206F6620E6
S214046AB0746865204F544120696D616765206F6E68
S214046AC0206469736B2E0054686520696E6465786B
S214046AD0206F662074686520696D61676520746F31
S214046AE0207072696E742069747320646174611F07
S214046AF0546865206F666673657420696E746F20CB
S214046B00746865204F544120696D61676520746818
S214046B1061742077696C6C206265207072696E748B
S214046B2065641F005072696E747320696E666F72B6
S214046B306D6174696F6E2061626F75742074686528
S214046B402073746F72616765206465766963652E69
S214046B500052656C6F6164207468652073746F728C
S214046B60616765206465766963652E0044656C65B7
S214046B707465732074686520696D61676520617447
S214046B802074686520737065636966696564206946
S214046B906E6465782E0054686520696E6465782096
S214046BA0617420776869636820746F20626567691A
S214046BB06E2064656C6574696E6720746865206908
S214046BC06D6167651F005072696E74732074686522
S214046BD020696D616765732E00456E61626C65732E
S214046BE0204F544120646F776E6772616465732E1C
S214046BF00044697361626C6573204F544120646F6E
S214046C00776E6772616465732E0053656E647320D5
S214046C10616E2055706772616465456E6452657175
S214046C207565737420746F20616E204F5441207311
S214046C3065727665722E0043616E206265207573F8
S214046C40656420746F2064796E616D6963616C6C31
S214046C5079207475726E206F66662073656E64693B
S214046C606E672070616765207265717565737473ED
S214046C70206F6E2074686520636C69656E7420737B
S214046C806964652C2069662074686520736572766D
S214046C90657220646F65736E277420737570706FE9
S214046CA07274207468697320666561747572652EE3
S214046CB000426F6F6C65616E2076616C756520743A
S214046CC075726E696E67206F6E20283129206F7288
S214046CD0206F6666202830292074686520706167F6
S214046CE065207265717565737420666C61671F0034
S214046CF053656E647320616E20696D6167652062FA
S214046D006C6F636B207265717565737420666F7241
S214046D1020612066696C65207468652073657276E8
S214046D2065722073686F756C64206E6F742068617A
S214046D3076652E202054657374206861726E6573C0
S214046D4073206F6E6C792028746573742063617386
S214046D506520392E352E36202D204D697373696EC5
S214046D60672046696C6529005072696E74732069E1
S214046D706E666F726D6174696F6E206F6E207468D4
S214046D80652063757272656E742073746174652011
S214046D906F6620746865204F544120636C69656E85
S214046DA07420646F776E6C6F61642E0053746F701A
S214046DB07320746865204F54412073746174652091
S214046DC06D616368696E652E005374617274732016
S214046DD0746865204F544120636C69656E74207333
S214046DE074617465206D616368696E652E205468ED
S214046DF065207374617465206D616368696E6520CF
S214046E00646973636F7665727320746865204F5483
S214046E1041207365727665722C207175657269659A
S214046E207320666F72206E657720696D616765737F
S214046E302C20646F776E6C6F6164732074686520B1
S214046E40696D6167657320616E6420776169747328
S214046E5020666F722074686520736572766572208A
S214046E60636F6D6D616E6420746F207570677261F8
S214046E7064652E005072696E747320746865206DA4
S214046E80616E7566616374757265722049442C2060
S214046E90496D61676520547970652049442C2061EA
S214046EA06E642056657273696F6E20696E666F72C3
S214046EB06D6174696F6E20746861742061726520F8
S214046EC075736564207768656E20612071756572D8
S214046ED079206E65787420696D6167652069732012
S214046EE073656E7420746F2074686520736572769B
S214046EF065722062792074686520636C69656E74B7
S214046F002E00506572666F726D73207369676E61CA
S214046F107475726520766572696669636174696FF3
S214046F206E206F6E2074686520696D6167652061E8
S214046F307420746865207370656369666965642087
S214046F40696E6465782E0054686520696E64657899
S214046F5020617420776869636820746F20626567AF
S214046F60696E20766572696669636174696F6E20FE
S214046F706F662074686520696D6167651F00426FDF
S214046F806F746C6F6164732074686520696D6167E3
S214046F90652061742074686520737065636966692A
S214046FA0656420696E6465782062792063616C6C20
S214046FB0696E6720746865204F544120626F6F7451
S214046FC06C6F61642063616C6C6261636B2E005449
S214046FD0686520696E6465782061742077686963E3
S214046FE06820746F20626567696E20626F6F746CC8
S214046FF06F6164696E672074686520696D61676592
S2140470001F005072696E747320696E666F20616229
S2140470106F75742074686520696E7374616C6C6532
S2140470206420626F6F746C6F616465722E005375B2
S214047030627472616374732061206368616E6E6546
S2140470406C2066726F6D206569746865722074685A
S21404705065207072696D617279206F722073656342
S2140470606F6E64617279206368616E6E656C206D04
S21404707061736B206F6620746865206E6574776F25
S214047080726B2D7374656572696E6720636F6D70BD
S2140470906F6E656E742E00546865206368616E6E4C
S2140470A0656C206D61736B20746F207375627472E7
S2140470B061637420746865206368616E6E656C2015
S2140470C066726F6D1F546865206368616E6E656CCA
S2140470D020746F20737562747261637420746865BB
S2140470E0206D61736B2066726F6D1F00416464735C
S2140470F02061206368616E6E656C20746F2065691C
S2140471007468657220746865207072696D6172793E
S214047110206F72207365636F6E6461727920636892
S214047120616E6E656C206D61736B206F662074688B
S21404713065206E6574776F726B2D737465657269FE
S2140471406E6720636F6D706F6E656E742E00546884
S21404715065206368616E6E656C206D61736B207468
S2140471606F206164642061206368616E6E656C20C4
S214047170746F1F546865206368616E6E656C207456
S2140471806F2061646420746F20746865206D617379
S2140471906B1F005365747320656974686572207488
S2140471A06865207072696D617279206F72207365EC
S2140471B0636F6E64617279206368616E6E656C20BD
S2140471C06D61736B2E00546865206368616E6E652E
S2140471D06C206D61736B20746F20737562747261BA
S2140471E0637420746865206368616E6E656C2066DF
S2140471F0726F6D1F5468652076616C756520746FB8
S2140472002073657420746865206368616E6E656CAF
S214047210206D61736B20746F2E1F0053657473208A
S214047220746865207072652D636F6E666967757223
S2140472306564206B657920736F20746861742074AC
S2140472406865206A6F696E696E672064657669632F
S214047250652063616E20656E7465722074686520AF
S2140472606E6574776F726B2E005365747320746842
S2140472706520707265636F6E6669677572656420F3
S2140472806B65791F0053746F707320746865206E85
S2140472906574776F726B207374656572696E6720A8
S2140472A070726F636573732E005374617274732007
S2140472B0746865206E6574776F726B207374656589
S2140472C072696E672070726F636573732E00412057
S2140472D06D61736B206F66206F7074696F6E7320B8
S2140472E0666F7220696E6469636174696E67207381
S2140472F070656369666963206265686176696F7242
S2140473002077697468696E20746865206E65747782
S2140473106F726B2D7374656572696E672070726F19
S214047320636573732E1F00446973706C61797320F0
S2140473307468652063757272656E74207374617404
S2140473407573206F6620746865206E6574776F7237
S2140473506B207374656572696E672070726F6365FF
S21404736073732E00436C65617273207468652067BE
S214047370726F757073207461626C65206F6E206521
S2140473807665727920656E64706F696E74005072EB
S214047390696E747320696E666F726D6174696F6E60
S2140473A02061626F75742074686520636F6E7465FF
S2140473B06E7473206F66207468652067726F7570CC
S2140473C073207461626C652E004172746966696329
S2140473D069616C6C792064726F70732074686520C0
S2140473E0626C6F636B206E756D6265722064656691
S2140473F0696E6564206279207468652070617373B1
S214047400656420617267756D656E74206F6E6C7945
S214047410206F6E63652C20616E64207468656E2030
S214047420616C6C6F77732069742075706F6E206161
S2140474302072657472792E0054686520626C6F63DE
S2140474406B206E756D62657220746F20617274694C
S21404745066696369616C6C792064726F7020746FFE
S21404746020666F7263652061207265747279202DC0
S2140474702073657420746F203078464620746F201D
S21404748064697361626C651F005365747320746865
S2140474906520726563656976652077696E646F77C3
S2140474A02073697A652E2020427920646566696EA9
S2140474B06974696F6E20696E2074686520536D6107
S2140474C0727420456E657267792070726F66696C97
S2140474D065206974206D7573742062652073657405
S2140474E020746F203120627574207468697320617B
S2140474F06C6C6F777320697420746F2062652063E8
S21404750068616E6765642E00546865206D61782036
S2140475106E756D626572206F662074686520626C95
S2140475206F636B7320726563656976656420626554
S214047530666F726520616E204150532061636B2034
S21404754069732067656E6572617465641F004D61BA
S2140475506B65732074686973206E6F64652073743A
S214047560617274206964656E74696679696E6720F1
S214047570617320612074617267657420666F72207F
S21404758062696E64696E67207769746820616E202C
S214047590696E69746961746F72206E6F64652E001B
S2140475A054686520656E64706F696E74206F6E2013
S2140475B0776869636820746F20626567696E2074F3
S2140475C068652046696E64696E6720616E64204251
S2140475D0696E64696E672074617267657420707280
S2140475E06F636573731F004D616B65732074686900
S2140475F073206E6F6465207374617274207468659A
S21404760020696E69746961746F7220706172742087
S2140476106F66207468652066696E64696E672061AB
S2140476206E642062696E64696E672070726F63654B
S21404763073732E0054686520656E64706F696E748B
S214047640206F6E20776869636820746F20626567B0
S214047650696E207468652046696E64696E67206189
S2140476606E642042696E64696E6720696E69746927
S21404767061746F722070726F636573731F00456E5A
S21404768061626C652F64697361626C65206465620F
S214047690756720606C656761637920617070206629
S2140476A072616D65776F726B2064656275676020C2
S2140476B07072696E7420747970652E00456E61620E
S2140476C06C652F64697361626C651F00456E616248
S2140476D06C652F64697361626C65206465627567A6
S2140476E020607A636C60207072696E74207479709E
S2140476F0652E00456E61626C652F64697361626C09
S21404770065206465627567206061707060207072C1
S214047710696E7420747970652E00456E61626C65BE
S2140477202F64697361626C652064656275672060A6
S214047730636F726560207072696E74207479706508
S2140477402E00456E61626C652F64697361626C65B8
S2140477502064656275672060737461636B60207073
S21404776072696E7420747970652E0053656E647346
S2140477702061207265717565737420666F72204F80
S214047780544120636F756E746572732E0052657370
S21404779065747320616C6C207468726573686F6CB2
S2140477A064732076616C75657320746F2030784638
S2140477B04646462E005365747320612074687265CD
S2140477C073686F6C642076616C756520666F7220D2
S2140477D06120706172746963756C6172207479706B
S2140477E065206F6620636F756E7465722E0054791B
S2140477F07065206F6620636F756E7465721F5468BB
S214047800726573686F6C642056616C75651F0050F2
S21404781072696E7473207468652074687265736820
S2140478206F6C6473206F6620616C6C2074686520CE
S214047830636F756E746572732E00436C6561727344
S21404784020616C6C20636F756E7465722076616C53
S2140478507565732E005072696E747320616C6C20AB
S214047860636F756E7465722076616C7565732E0031
S2140478705072696E7473207468652076616C7565E1
S214047880206F66207468697320706172746963750A
S2140478906C617220636F756E7465722E0054686531
S2140478A020636F756E746572207479706520746FCA
S2140478B0207072696E741F005072696E7473206152
S2140478C06C6C20636F756E7465722076616C75657A
S2140478D07320616E6420636C6561727320746865DE
S2140478E06D2E00536574204D464720746F6B656E8D
S2140478F02C2043414E4E4F5420424520554E53456E
S2140479005420425920434C492E005072696E74200C
S2140479104D464720746F6B656E2E005072696E7408
S21404792020616374697665206576656E74732E00CF
S21404793044697361626C652074686520656E647062
S2140479406F696E7420666F72205A434C206D65739F
S21404795073616765732E00456E64706F696E74207C
S214047960696E6465781F00456E61626C6573207489
S214047970686520656E64706F696E7420666F722029
S2140479805A434C206D657373616765732E0050729D
S214047990696E7420737461747573206F6620656EE7
S2140479A064706F696E74732E0053686F77732074F7
S2140479B068652076657273696F6E206F66207468DA
S2140479C06520736F6674776172652E005365742044
S2140479D074686520636F6E666967757265642038BF
S2140479E030322E31352E3420434341206D6F64658A
S2140479F020696E2074686520726164696F2E205356
S214047A00656520646F63756D656E746174696F6E09
S214047A1020726567617264696E67205241494C5FE3
S214047A20494545453830323135345F4363614D6FDF
S214047A3064655F742E0041205241494C5F494545B8
S214047A40453830323135345F4363614D6F64655F6A
S214047A50742076616C75651F0052657475726E735A
S214047A602050544920726164696F20636F6E6669A2
S214047A706720696E666F726D6174696F6E20746FCD
S214047A802064657465726D696E652074686520503F
S214047A9048592074797065206265696E672075732D
S214047AA06564206279205241494C2E2072657475B3
S214047AB0726E2076616C756520697320656E756DCF
S214047AC0205241494C5F49454545383032313534BA
S214047AD05F507469526164696F436F6E6669675F6D
S214047AE07420652E6720205241494C5F4945454520
S214047AF03830323135345F5054495F524144494F2F
S214047B005F434F4E4649475F32503447485A203DFC
S214047B10203078303055205241494C5F4945454520
S214047B203830323135345F5054495F524144494FFE
S214047B305F434F4E4649475F32503447485A5F4189
S214047B404E54444956203D20307830315520524119
S214047B50494C5F494545453830323135345F5054D9
S214047B60495F524144494F5F434F4E4649475F324F
S214047B70503447485A5F434F4558203D20307830AC
S214047B803255205241494C5F4945454538303231DB
S214047B9035345F5054495F524144494F5F434F4E1A
S214047BA04649475F32503447485A5F414E54444929
S214047BB0565F434F4558203D2030783033550053A8
S214047BC0656E6473206120726561642061747472EA
S214047BD020666F72207468652074696D65206F6610
S214047BE020746865206465766963652073706563D0
S214047BF069666965642E2049742073657473206110
S214047C0020666C616720736F207768656E206974E0
S214047C1020676574732074686520726573706F6E70
S214047C207365206974207772697465732074686557
S214047C302074696D6520746F20697473206F776E85
S214047C402074696D6520617474722E0049641F7314
S214047C507263456E64706F696E741F6465737445F1
S214047C606E64706F696E741F005768656E20736566
S214047C706E64696E67207573696E67206120626939
S214047C806E64696E672C20737065636966696573D4
S214047C9020776865746865722061206D756C7469F8
S214047CA0636173742062696E64696E672073686FBB
S214047CB0756C6420626520757365642E0075736543
S214047CC04D756C74696361737442696E64696E673A
S214047CD01F0053656E64732061207072652D627593
S214047CE0666665726564206D756C74696361737429
S214047CF0206D65737361676520746F206120676902
S214047D0076656E2067726F75702049442066726FC0
S214047D106D206120676976656E20656E64706F6994
S214047D206E742E0067726F757049641F7372632DCC
S214047D30656E64706F696E741F0043726561746566
S214047D40732061206D6573736167652062792073A3
S214047D50706563696679696E672074686520726108
S214047D60772062797465732E205573652074686570
S214047D702073656E6420636F6D6D616E6420746F2E
S214047D802073656E6420746865206D65737361671F
S214047D9065206F6E63652069742068617320626570
S214047DA0656E20637265617465642E2045783A209A
S214047DB072617720307830303046207B3030203087
S214047DC041203030203131203232203333203434D5
S214047DD02035357D2073656E64732061206D657370
S214047DE07361676520746F20636C757374657220A5
S214047DF03135202830783030304629206F66206CA4
S214047E00656E677468203820776869636820696ED1
S214047E10636C7564657320746865205A434C2068E7
S214047E2065616465722E00436C757374657249648B
S214047E301F446174611F005265736574732074680F
S214047E4065206E6F64652E005772697465732061D1
S214047E50206D6573736167652E00456E64706F6987
S214047E606E741F436C75737465722049441F4174A5
S214047E70747269627574652049441F4D61736B1F83
S214047E804461746120747970651F44617461206272
S214047E907974651F0052656164732061206D657393
S214047EA0736167652E00456E64706F696E741F4358
S214047EB06C75737465722049441F417474726962E8
S214047EC07574652049441F3120696620736572768F
S214047ED0657220646972656374696F6E2C20302045
S214047EE0696620636C69656E742064697265637480
S214047EF0696F6E1F0053656E64732061206D657331
S214047F00736167652E0044657374696E6174696F86
S214047F106E1F536F7572636520656E64706F696E4D
S214047F20741F44657374696E6174696F6E20656E40
S214047F3064706F696E741F00536F75726365206595
S214047F406E64706F696E741F004C69737473207767
S214047F5068696368206F7074696F6E616C206C6901
S214047F6062726172696573206F6620746865207337
S214047F707461636B2061726520696D706C656D65F4
S214047F806E746564206F6E20746869732064657609
S214047F906963652E005072696E747320696E666F2D
S214047FA0726D6174696F6E2061626F757420746897
S214047FB065206E6574776F726B2073746174652CBC
S214047FC020636C7573746572732C20616E6420650F
S214047FD06E64706F696E74732E006F666673657474
S214047FE01F005072696E747320696E666F726D61DD
S214047FF074696F6E20666F7220616C6C20617661A6
S214048000696C61626C6520736C6F74732E005265C4
S2140480106164732072617720646174612066726F94
S2140480206D20666C6173682073746F726167652E69
S214048030004164647265737320746F2072656164B2
S2140480401F4E756D626572206F6620627974657363
S21404805020746F20726561641F005072696E7473B9
S21404806020666C6173682073746F7261676520693B
S2140480706E666F726D6174696F6E2E004572617301
S21404808065732074686520737065636966696564E2
S21404809020736C6F742049442E0053746F726167AA
S2140480A06520736C6F74206E756D6265721F004276
S2140480B06F6F74732074686520696D6167652069E5
S2140480C06E207468652073706563696669656420EC
S2140480D0736C6F742049442E00434C4920696E73B8
S2140480E074616E6365206578616D706C6500647597
S2140480F06D6D795F696E7374005A434C20636F6DBF
S2140481006D616E647300626173696300676C6F62AD
S214048110616C006D66672D636F6465007573652D0D
S2140481206E6578742D73657175656E636500782D5C
S21404813064656661756C742D72657370007465731E
S214048140742D726573706F6E73652D6F6E00746533
S21404815073742D726573706F6E73652D6F6666002B
S2140481605A434C20626173696320636C757374654B
S2140481707220636F6D6D616E647300727466640062
S214048180436F6D6D616E64207468617420726573EC
S21404819065747320616C6C206174747269627574A2
S2140481A0652076616C75657320746F2066616374F0
S2140481B06F72792064656661756C742E005241494D
S2140481C04C006C6F7765722D6D61632D7261696CFE
S2140481D02D3830322E31352E342E63006C6962729F
S2140481E061696C2E6100756E636C61696D6564000F
S2140481F06275666665722D6D616E6167656D656E26
S214048200742E63006576656E742D71756575652EBE
S21404821063007A69676265652D75707065722D6D89
S21404822061632E63006E65696768626F722E630011
S2140482306173736F63696174696F6E2E630031389E
S214048240323173003134323231003132310032731C
S214048250003132323131320031323231310032388B
S2140482603100383131003138323131003132313178
S21404827031323132323231730031323200313231FE
S2140482803132323100313131310032323800726FDE
S2140482907574652D7461626C652E63006D61632D63
S2140482A06D756C74692D6E6574776F726B2E6300D2
S2140482B06C65676163792D7061636B65742D627597
S2140482C0666665722E6300000102030E312E312E9F
S2140482D0322D34393264383563310100010002032B
S2140482E003000600000000000300000013B779FA3C
S2140482F0C925DDB7ADF3CFE0F1B614B8010200002E
S21404830000000000FFFFFFFF010000000100000066
S2140483100000000000000000000000000000000054
S2140483200000000000000000000000000000000044
S214048330000000000000000000000000033F1F00D3
S214048340C9450300C5450300A34503007145030062
S21404835001460300D3450300734503002C000000C8
S214048360020202030000000001020000000801B43B
S214048370148404000008015AD08304000008004056
S2140483808C83040000000000000000000000FCFED7
S214048390FFFF000000000000FFFF000000000000D8
S2140483A0FFFF000000000000FFFF000000000000C8
S2140483B040001806F4D200002C00B0023DBE0000B7
S2140483C01700F2000C7C00000C0041009E420000E6
S2140483D06400FCFEFFFF000000000000FFFF00003A
S2140483E0000000005A00F306A554FEFF2100A30176
S2140483F0A1FEFFFF1100A600832700000A0061000B
S214048400DC26000006003B00F820000003001500F0
S214048410AD130000C800FCFEB4008B087BC0FBFF55
S2140484204D00E402E756FFFF2C00A20183EBFFFF9A
S2140484301A000301B31A00001100A3005529000016
S2140484400A005E005A28000006003A0021220000B6
S2140484500400180073160000BD3904007AEE030009
S2140484607AEE03007AEE03007AEE03007AEE030057
S2140484707AEE03007AEE03007AEE03007AEE030047
S2140484807AEE03007AEE03007AEE03007AEE030037
S2140484907AEE03007AEE03007AEE03007AEE030027
S2140484A07AEE03007AEE03007AEE03007AEE030017
S2140484B07AEE03007AEE03007AEE03007AEE030007
S2140484C07AEE03007AEE030088EE03007AEE0300E9
S2140484D09DEE03007AEE03007AEE0300C2EE03007C
S2140484E07AEE03007AEE03007AEE03007AEE0300D7
S2140484F0EAEE03007AEE03007AEE03007AEE030057
S2140485007AEE030002EF03007AEE030020EF030086
S2140485100B0000000B0000000200000000002020FA
S21404852000000000030000008C8C3C0000000000EB
S21404853000000000000000000000005812000000C8
S21404854000000000FFFFFFFFFFFFFFFF554E4B003C
S214048550474F200042544C00474F3200474F3300E9
S214048560474F3400474F3500474F3600474F3700D4
S214048570474F3800474F3900474F4100474F4200A6
S214048580474F4300474F4400474F4500474F460078
S2140485904A4D5000424452005550520042544D0039
S2140485A04D534D0046544C00554E4B00474F20004B
S2140485B042544C004241440046544C004652430048
S2140485C04F54410044534C0042415000555047001C
S2140485D0544D450046415500545A4600554E4B00EE
S2140485E050494E00454D3400554E4B004856200029
S2140485F0554E4B00455850004C574D00554E4B00B9
S2140486005242540044534C00454D3400554E4B00E2
S21404861041535400554E4B0056465900494E4800A7
S214048620554E4B004C434B0058544C004F424600AA
S214048630554E4B00485244004D454D00425553009C
S2140486405553470044424700444D410056435400A6
S214048650554E4B00555020005250200041503000DB
S214048660415031004150200044502000444543000E
S2140486704C85040050850400A8850400DC850400AD
S214048680E8850400F0850400FC8504000C860400DC
S21404869014860400208604003086040050860400F5
S2140486A0554E4B004649420042544C00455854002F
S2140486B05057520057444700205357004352530024
S2140486C04653480042414400464C540042524F0030
S2140486D00104010303060105010501090600060B52
S2140486E00000070B050B000000000000000000005F
S2140486F00400E40C0A000104100100000005000256
S214048700000003008C89040088890400748904002E
S214048710708904006C890400688904005689040082
S214048720468904002C890400248904001A8904005C
S2140487301889040000890400FD880400F5880400F4
S214048740E4880400D4880400C2880400A8880400CE
S214048750A088040094880400908804008C88040090
S2140487607E880400738804005A8804004188040044
S214048770E5870400E4870400D4870400AC8704007B
S214048780A1870400A08704008C8704000000000072
S21404879000000000000000000000000000000000D0
S2140487A00F000000000000000000000000000000B1
S2140487B000000000000000000000000000000000B0
S2140487C000000000000000000000000000000000A0
S2140487D0000000000100000000000000000000008F
S2140487E0000000000F000000000000000000000071
S2140487F00000000000000000000000000000000070
S214048800000000000000000000000000000000005F
S214048810000000000000000000000000000000004F
S214048820000000000000000000000000000000003F
S214048830000000000000000000000000000000002F
S214048840000000000000000000000000000000001F
S214048850000000000000000000000000000000000F
S21404886000000000000000000000000000000000FF
S21404887000000000000000000000000000000000EF
S21404888000000000000000000000000000000000DF
S21404889000000000FFFFFFFFFFFFFFFFFFFF0000D9
S2140488A000000000000000000000000000000000BF
S2140488B000000000000000000000000000000000AF
S2140488C0000000000000000000000000000000009F
S2140488D0000000000000000000000000000000008F
S2140488E0000000000000000000000000000000007F
S2140488F00000000000FFFFFFFFFFFFFFFF9C0000DB
S214048900FF0000000000000000000000000000005F
S21404891000000000800000000000FFFFFFFFFFFFD4
S214048920FFFFFFFF00000000FFFF00000000000044
S214048930000000000000000000000000000000002E
S214048940000000000000FFFFFF0000000000000021
S214048950000000000000000000000000000000000E
S21404896000000000000000000000000000000000FE
S21404897000000000000000000000000000000000EE
S214048980000000000000000000000000FC030101DD
S21404899001010101010101010101010101000000C1
S2140489A0000000010020060000000601010000206F
S2140489B002041104040211101A080A02180108110C
S2140489C010111A080A04020D0B19195C0110280B61
S2140489D00114000000000000000000000000000079
S2140489E00001010101010100010101010101010071
S2140489F00001010100010001010000000000000068
S214048A00000000000000000000010000000000005C
S214048A10000000000000000001FF010023E1010047
S214048A2075E4010063E2010063E5010062E1010010
S214048A3079EB010064EE010024E1010025E1010068
S214048A4026E1010027E1010028E1010029E10100F7
S214048A502AE101000000010080000100000101007D
S214048A6080010100000201008002010020E20100F2
S214048A700003010000050100800501000006010056
S214048A802C890100800601000007010001E50100B1
S214048A9002E5010000080100800801000040010012
S214048AA086321010FFFFFFFFFFFFFFFFA7F703004C
S214048AB0ADF70300B3F70300B9F70300BFF70300ED
S214048AC05A6967426565416C6C69616E63653039E5
S214048AD04E574B205374656572696E670000959611
S214048AE09595950507090D00000000000001020396
S214048AF004060000EB0D040086210400A0210400F7
S214048B00B7210400CA210400DA210400EE2104007F
S214048B1000220400102204002C2204004122040037
S214048B200208010D0D01010112010000FFFFFFFF05
S214048B30FFFFFFFF00000000000000000109050120
S214048B4000020000000000031EF1EE0B5C8B040024
S214048B507C2E0400BD390400FE000000982E04009C
S214048B60BC8C040000000000A22E0400AC8C0400A0
S214048B7000000000AF2E04009C8C040000000000DF
S214048B80BC2E04008C8C040000000000DA2E0400C6
S214048B90788C040000000000D22E0400648C0400CC
S214048BA000000000D92E0400508C040000000000D1
S214048BB0E72E0400408C040000000000592D040039
S214048BC02C8C040000000000E02E04001C8C040022
S214048BD000000000EC2E0400088C040000000000D6
S214048BE0D8F50300F88B0400000000000000000025
S214048BF000000000000000007F5C0300FD2E04005F
S214048C003A2F0400010100FF89DC0000632F0400F2
S214048C10A82F0400010100010107FF0045DC000045
S214048C20F52F040060300400010100FF85DB00001E
S214048C30813004009A30040000010100FF000000A7
S214048C40915C0300BF300400173104000101FF00EB
S214048C50795C03002E31040085310400010102070B
S214048C60FF000000735C03002E310400853104000D
S214048C7001010207FF0000006D5C03002E310400B2
S214048C808531040001010207FF00000039DB000003
S214048C90A6310400E5310400010101FFD9DA000021
S214048CA00432040049320400010000FF95DA000093
S214048CB00432040049320400010000FF1DDB0000FA
S214048CC0703204007630040000FF0000675C030086
S214048CD0C5320400005E0400FF000000615C03006F
S214048CE038330400005E0400FF00000075DA00005C
S214048CF0A73304001C34040000FF00004DDA000013
S214048D00343404009634040000FF0000535C03006F
S214048D10A7340400ED34040002FF000015DA000056
S214048D20F63404006A35040001FF0000E33504004D
S214048D30C6350400D5350400E1350400F2350400D8
S214048D40083604001E3604002836040032360400B2
S214048D500000000036390400110000004239040007
S214048D60120000004A3904001300000052390400BF
S214048D70210000005A390400220000006139040072
S214048D802300000068390400AA0000006F390400BC
S214048D90FF00000000000000FFFFFFFFFFFFFFFFD3
S214048DA00000000000000000000001080109020A9B
S214048DB0030B040C050D060E070F08100118011905
S214048DC0021A031B041C051D061E071F082001218A
S214048DD0022203230424052506260727082801293A
S214048DE0022A032B042C052D062E072F08300131EA
S214048DF0023203380239043A08E004E104E204E8E3
S214048E0002E902EA04F008F1100000000000000085
S214048E1002050000748E040002000F009C8E0400FD
S214048E2002000F00C48E040002000F00EC8E040043
S214048E3002000F00148F040002000F003C8F040091
S214048E4002000F00648F040002000F008C8F0400E1
S214048E5002000F00B48F040002000F00DC8F040031
S214048E6002000F000490040002000F002C9004007F
S214048E7002000F00000000005490040003000000ED
S214048E804000000000000000190000007890040074
S214048E9004000F0080000000000000000000000036
S214048EA0549004000300000040000000000000008E
S214048EB0190000007890040004000F0080000000F1
S214048EC000000000000000005490040003000000AE
S214048ED04000000000000000190000007890040024
S214048EE004000F00800000000000000000000000E6
S214048EF0549004000300000040000000000000003E
S214048F00190000007890040004000F0080000000A0
S214048F10000000000000000054900400030000005D
S214048F2040000000000000001900000078900400D3
S214048F3004000F0080000000000000000000000095
S214048F4054900400030000004000000000000000ED
S214048F50190000007890040004000F008000000050
S214048F60000000000000000054900400030000000D
S214048F704000000000000000190000007890040083
S214048F8004000F0080000000000000000000000045
S214048F90549004000300000040000000000000009D
S214048FA0190000007890040004000F008000000000
S214048FB000000000000000005490040003000000BD
S214048FC04000000000000000190000007890040033
S214048FD004000F00800000000000000000000000F5
S214048FE0549004000300000040000000000000004D
S214048FF0190000007890040004000F0080000000B0
S214049000000000000000000054900400030000006C
S21404901040000000000000001900000078900400E2
S21404902004000F00800000000000000000000000A4
S21404903054900400030000004000000000000000FC
S214049040190000007890040004000F00800000005F
S21404905000000000000020012000000008000000BE
S2140490600400422130000000EC90040000FF42009F
S21404907030000000000000000000F008400000007F
S2140490800D91040001002304400000001591040023
S214049090060030014000000000000000FDFF210231
S2140490A0400000000100000019000004190001013E
S2140490B01900020419000301190005041900060129
S2140490C0190007040400410049F7000006004100A7
S2140490D00165030019008100391401001900840099
S2140490E0C51E010000800000000000000643555322
S2140490F0544F4D0000000000000000000000000077
S21404910000000000000000000000000000FFFFFF59
S214049110FFFFFFFFFFFFFFFFFF0004010401040140
S214049120040104010401040104010401040104010E
S2140491300401FFFFFFFFFFFFFFFFFFFFFFFFFFFF2F
S214049140FFFFFFFFFFFFFFFFFFFF00010203040511
S214049150060708090A0B1F1C1F1E1F1E1F1F1E1FA3
S2140491601E1F07021F012F0037013F005701DF02B1
S214049170E700FF02000000000000000000000000FE
S21404918000000000000000000000000000000000D6
S2140491900000000000000000D53F04001900000095
S2140491A0DB3F0400FFFF000000000000A6400400B0
S2140491B0B1400400BD390400B9400400C7400400AF
S2140491C0BD390400DA400400E5400400F34004001E
S2140491D0F740040007410400F30E0400174104009E
S2140491E01B41040026410400304104003A410400B7
S2140491F03E4104004C4104006041040076410400F2
S21404920000800000000000000000000000000000D5
S214049210FFFFFFFFFF00000000000000ADA30100F9
S214049220000000000000F03F0000000000002440A2
S21404923000000000000059400000000000408F407D
S214049240000000000088C34000000000006AF840E8
S2140492500000000080842E4100000000D01263410C
S2140492600000000084D797410000000065CDCD4182
S2140492706C12040060A80400000000009C4A04006D
S21404928050A8040000000000A14A040040A80400FE
S21404929000000000A24A040030A8040000000000F9
S2140492A0E72E04001CA8040000000000DA2E0400C8
S2140492B008A8040000000000A74A0400F8A7040059
S2140492C000000000AD4A0400E8A704000000000007
S2140492D0B14A0400D8A7040000000000C04A0400F5
S2140492E0C8A7040000000000DD4A0400B8A7040074
S2140492F000000000E64A0400A8A7040000000000DE
S214049300FB4A040098A70400000000002E20040076
S21404931088A70400000000000B4B040048A70400C4
S21404932000000000024F0400D49E04000000000069
S214049330BE3E0400949E040000000000124B04008D
S214049340D49D0400000000001B4B0400D89C0400BD
S21404935000000000284B0400CC9804000000000025
S21404936044410400A4970400000000002F4B0400AE
S214049370A497040001000000334B04006497040023
S21404938000000000384B040028960400000000008B
S2140493906CEF03002896040001000000284B04002C
S2140493A0CC980400000000003F4B0400CC98040056
S2140493B001000000444B0400F49504000000000083
S2140493C04E4B0400F495040001000000564B0400C4
S2140493D02494040000000000DDF60300F09304006B
S2140493E00000000000000000000000000000000074
S2140493F0009404005A4B0400BD390400FE0000002B
S214049400724B04007C9F040000000000D74F040049
S2140494106C9F040000000000000000000000000034
S2140494200000000034940400774B0400BD390400A7
S214049430FE0000008D4B0400FCA0040000000000A9
S214049440934B0400ECA0040000000000994B0400B9
S214049450DCA0040000000000A24B0400CCA0040022
S214049460000000001EF40300BCA00400000000007E
S21404947028F2030084A00400000000002FFB030071
S21404948070A0040000000000AC4B040060A00400C0
S214049490000000001CF7030050A0040000000000B9
S2140494A0B14B040040A0040000000000B84B0400C8
S2140494B030A0040000000000BD4B040020A00400FF
S2140494C000000000C14B0400C0950400000000002A
S2140494D0C84B04006895040000000000D04B04004C
S2140494E03495040000000000DC4B040000950400E2
S2140494F00000000000000000000000000000000063
S21404950010950400E74B0400BD390400FE0000007B
S214049510670904009C9F040000000000183604003D
S2140495208C9F040000000000000000000000000003
S2140495300000000044950400084C0400BD390400F3
S214049540FE00000067090400BC9F04000000000041
S21404955018360400AC9F0400000000000000000061
S2140495600000000000000000789504002A4C040067
S214049570BD390400FE000000484C04000CA00400A2
S2140495800000000026510400FC9F040000000000B8
S214049590574C0400EC9F0400000000005C4C0400E0
S2140495A0DC9F040000000000634C0400CC9F040011
S2140495B000000000000000000000000000000000A2
S2140495C0D0950400684C0400BD390400FE00000079
S2140495D029090400A8A0040000000000854C04002B
S2140495E094A004000000000000000000000000003A
S2140495F000000000049604008D4C0400BD390400ED
S214049600FE000000A94C04003CA104000000000079
S214049610444104002CA104000000000000000000E7
S214049620000000000000000038960400AE4C040061
S214049630BD390400FE000000C74C0400ECA1040081
S21404964000000000EA050400DCA10400000000009D
S214049650D04C0400CCA1040000000000A94C040077
S2140496601CA1040000000000D54C04000CA104005A
S21404967000000000E24C04002497040000000000F0
S214049680F04C0400F096040000000000FE4C0400B9
S214049690B096040000000000124B0400D49D0400A1
S2140496A000000000000000000000000000000000B1
S2140496B0C0960400074D0400BD390400FE000000F7
S2140496C04B810400BCA10400000000005C8104007F
S2140496D0ACA10400000000001B1A04009CA10400B6
S2140496E00000000000000000000000000000000071
S2140496F000970400254D0400BD390400FE00000058
S2140497004F4D04000CA2040000000000CC3B0400F3
S214049710FCA104000000000000000000000000009F
S2140497200000000034970400564D0400BD390400C0
S214049730FE000000DDF6030040A204000000000066
S2140497401836040030A2040000000000265104006D
S2140497501CA204000000000000000000000000003E
S2140497600000000074970400764D0400BD39040020
S214049770FE000000DDF6030070A2040000000000F6
S214049780964D040060A20400000000001836040091
S21404979050A20400000000000000000000000000CA
S2140497A000000000B49704009D4D0400BD39040079
S2140497B0FE000000B74D0400A4A30400000000004F
S2140497C0D035040094A3040000000000EA4D040011
S2140497D084A30400000000001EF4030074A3040025
S2140497E000000000EB35040064A304000000000041
S2140497F0BC4D040054A3040000000000D44D040033
S21404980044A3040000000000DD4D040034A304005B
S21404981000000000E44D040024A30400000000003F
S214049820F04D0400F4A204000000000026510400D9
S214049830E4A2040000000000FF4D0400D4A20400CB
S21404984000000000DA1A0400C4A2040000000000AD
S214049850044E0400B4A20400000000001B4E0400E2
S214049860A4A20400000000002F4E040090A20400EE
S214049870000000003F4E040080A204000000000028
S2140498804E4E0400989804000000000000000000FB
S2140498900000000000000000A8980400534E0400D6
S2140498A0BD390400FE0000006A4E040014A3040040
S2140498B000000000734E040004A30400000000002F
S2140498C0000000000000000000000000DC98040017
S2140498D0BD390400BD390400FE0000007A4E0400C1
S2140498E0149F040000000000874E0400589D0400E6
S2140498F000000000904E0400A49C04000000000039
S2140499009E4E0400709C040000000000AC4E040050
S2140499103C9C040000000000BA4E0400A49B040013
S21404992000000000CB4E04007C9B040000000000F6
S214049930D84E0400DC9A040000000000E34E040045
S214049940849A040000000000F64E04005C9A0400AA
S21404995000000000CB2D0400F8990400000000006D
S214049960094F0400B899040000000000144F0400D6
S21404997084990400000000000000000000000000BD
S2140499800000000094990400274F0400BD39040029
S214049990FE0000004B4F0400C4A3040000000000B7
S2140499A0514F0400B4A304000000000000000000AF
S2140499B00000000000000000C8990400554F040091
S2140499C0BD390400FE000000D70A0400F4A3040016
S2140499D000000000874F0400E4A304000000000019
S2140499E0934F0400D4A3040000000000000000000D
S2140499F00000000000000000089A0400A94F0400BC
S214049A00BD390400FE000000DDF6030058A404007F
S214049A10000000001836040048A4040000000000FB
S214049A20C52A040038A404000000000067090400E6
S214049A3024A4040000000000C54F040014A404007D
S214049A4000000000DC4F040004A404000000000032
S214049A500000000000000000000000006C9A0400F3
S214049A60E84F0400BD390400FE0000000D50040059
S214049A7068A40400000000000000000000000000CD
S214049A8000000000949A040012500400BD3904003B
S214049A90FE00000036500400B8A4040000000000D5
S214049AA0964D0400A8A404000000000042500400E0
S214049AB098A40400000000004950040088A4040090
S214049AC0000000005650040078A4040000000000C3
S214049AD0000000000000000000000000EC9A0400F3
S214049AE061500400BD390400FE000000CF4E04009F
S214049AF068A50400000000007E50040058A5040079
S214049B00000000006C12040048A5040000000000D9
S214049B109A21040038A5040000000000494E040001
S214049B2028A5040000000000D70A040018A50400B5
S214049B30000000008550040008A504000000000092
S214049B4090500400F8A40400000000009D50040097
S214049B50E8A4040000000000AD500400D8A40400EB
S214049B6000000000C0500400C8A404000000000068
S214049B700000000000000000000000008C9B0400B1
S214049B80D2500400BD390400FE0000006C1204002C
S214049B9078A504000000000000000000000000009B
S214049BA000000000B49B0400F0500400BD3904001B
S214049BB0FE000000D70A0400E8A504000000000028
S214049BC09A210400D8A5040000000000494E0400B1
S214049BD0C8A504000000000013510400B8A5040042
S214049BE000000000524C0400FC9B0400000000002F
S214049BF00000000000000000000000000C9C0400B0
S214049C002A510400BD390400FE0000002651040059
S214049C10A8A50400000000006709040098A5040035
S214049C20000000004051040088A504000000000065
S214049C300000000000000000000000004C9C04002F
S214049C4049510400BD390400FE000000DDF603009F
S214049C5008A604000000000018360400F8A5040056
S214049C6000000000000000000000000000000000EB
S214049C70809C040069510400BD390400FE00000005
S214049C808951040028A60400000000009C5104002A
S214049C9018A60400000000000000000000000000F9
S214049CA000000000B49C0400B2510400BD39040056
S214049CB0FE000000D251040048A604000000000084
S214049CC0EA05040038A604000000000000000000B6
S214049CD00000000000000000E89C0400BD390400F9
S214049CE0BD390400FE000000DC510400009D0400A1
S214049CF0000000000000000000000000000000005B
S214049D00109D0400BD390400BD390400FE000000A7
S214049D10E851040098A60400000000003541040041
S214049D2088A6040000000000EE51040078A6040093
S214049D3000000000F251040068A6040000000000C1
S214049D40F651040058A604000000000000000000BD
S214049D500000000000000000689D04000652040095
S214049D60BD390400FE000000DDF6030018A7040059
S214049D70000000002152040008A7040000000000B0
S214049D8034520400F8A6040000000000183604004C
S214049D90E8A604000000000041520400D8A604000F
S214049DA00000000052520400C8A604000000000090
S214049DB060520400B8A604000000000071520400BB
S214049DC0A8A6040000000000000000000000000038
S214049DD000000000E49D04007E520400BD39040027
S214049DE0FE000000985204006CA10400000000006D
S214049DF0CB5204005CA104000000000006530400DB
S214049E004CA10400000000001D530400609E0400E2
S214049E1000000000275304002C9E040000000000ED
S214049E200000000000000000000000003C9E04004B
S214049E302B530400BD390400FE0000004B810400CF
S214049E408CA10400000000005C8104007CA10400D6
S214049E5000000000000000000000000000000000F9
S214049E60709E04004A530400BD390400FE0000003E
S214049E700206040038A7040000000000265104006F
S214049E8028A70400000000000000000000000000F6
S214049E9000000000A49E04005D530400BD390400C5
S214049EA0FE000000DDF6030078A7040000000000B2
S214049EB04F4D040068A7040000000000CC3B0400DB
S214049EC058A7040000000000000000000000000086
S214049ED000000000E49E040078530400BD3904002A
S214049EE0FE0000005650040090A804000000000085
S214049EF0D70A040080A80400000000006C120400C6
S214049F0070A804000000000000000000000000002C
S214049F1000000000249F040098530400BD39040088
S214049F20FE000000B6530400E0A804000000000091
S214049F30C0530400D0A8040000000000CB53040063
S214049F40C0A8040000000000E72E0400B0A8040027
S214049F5000000000DA530400A0A80400000000007B
S214049F60000000000000000000000000455C030044
S214049F70E5530400BD390400FF000000415C030003
S214049F80F2530400BD390400FF00000089E100001C
S214049F9004540400BD390400FF00000025E100005D
S214049FA031540400F95B040001FF000089E100005D
S214049FB071540400BD390400FF00000025E10000D0
S214049FC09F540400F95B040001FF0000BDE100009B
S214049FD0E05404000155040000FF0000BDE1000049
S214049FE00A550400675504000000FF0039E200002B
S214049FF0755504008E550400010001FFA5E200001B
S21404A000B3550400F55504000102FF0039E20000D0
S21404A0100B5604003A56040001000102FF0000003B
S21404A020B5DF00006B560400A756040007FF0000C7
S21404A030D5DF0000AD560400E056040001FF000022
S21404A040E9DF0000E8560400385704000100FF006A
S21404A05045E000004D5704009E5704000101FF0030
S21404A06019E00000AE570400E857040001FF0000A2
S21404A07099E00000F057040039580400010000017C
S21404A0800707FF00D5E200008B580400E0560400E2
S21404A09001FF0000D5E30000D3580400175904005C
S21404A0A0010700010700FF00A35C03006C590400CD
S21404A0B0B25904000107000101FF00005DE300003F
S21404A0C0EE590400295A0400010000FF2DE30000A5
S21404A0D0475A04008B5A04000100FF00FDE200000A
S21404A0E09E5A04008B5A04000100FF00A5E30000FA
S21404A0F0DD5A0400E857040001FF000015E40000E0
S21404A100185B0400495B04000100FF0045CD000015
S21404A110BD390400575B0400000707FFE9CC0000C4
S21404A120BD390400705B0400000707FFF5D100008A
S21404A130BD3904007C5B040007FF0000F5D1000075
S21404A140BD3904007C5B040007FF0000F55B0300D8
S21404A150BD390400815B04000000FF00D1D100007B
S21404A160BD390400FB31040001FF000099D1000052
S21404A170BD390400B95B040000FF0000C9CC000030
S21404A180BD390400BD390400FF000000C9CC00003E
S21404A190BD390400BD390400FF000000CB5B03009A
S21404A1A0BD390400BD390400FF000000CB5B03008A
S21404A1B0BD390400BD390400FF000000CB5B03007A
S21404A1C0BD390400BD390400FF00000099CC00002E
S21404A1D0BD390400EF5B04000101FF0085CC0000DC
S21404A1E0BD390400045C040001FF0000C75B0300E3
S21404A1F0BD390400BD390400FF0000004DCC00004A
S21404A2002D4D0400BD390400FF0000004DCC0000B5
S21404A2100E5C0400BD390400FF000000CDCD000034
S21404A2202F5C0400465C04000001000007FF0000E9
S21404A230C35B03006C5C0400BD390400FF0000002F
S21404A24049CB0000865C0400BD390400FF00000012
S21404A2503D5C0300B45C0400BD390400FF0000004C
S21404A2602F5C0300CE5C0400505B040000FF00007B
S21404A270C9D40000F35C0400BD390400FF000000EC
S21404A2801DCA00000D5D0400BD390400FF00000077
S21404A290B1C90000305D0400AD5D04000000031089
S21404A2A0FF0000008DCA0000025E0400705E040019
S21404A2B001FF000061CA0000855E0400C85E040059
S21404A2C000FF000075C90000D95E0400BD39040013
S21404A2D0FF000000C15B0300085F0400BD390400F2
S21404A2E0FF00000051C90000545F0400505B0400E6
S21404A2F000FF00001DC9000095600400EA60040029
S21404A30000FF000001C9000004610400BD39040018
S21404A310FF000000E5C8000014610400BD39040015
S21404A320FF000000B15B030028610400A66104007E
S21404A33000FF0000B5C8000031620400BD39040007
S21404A340FF00000071C800004E6204007962040039
S21404A35007FF000031C8000083620400DC620400CA
S21404A360000500FFE9C700008F630400A263040031
S21404A3700002FF00C5C70000D1630400BD39040015
S21404A380FF000000B15B0300E36304001D640400E7
S21404A39000FF000059C70000A3640400E964040039
S21404A3A0000301FF49C7000089650400CF65040067
S21404A3B0000301FF3D3D01006F660400BD39040043
S21404A3C0FF000000C36803009766040012670400D9
S21404A3D002FF0000F5E7000067670400005E040063
S21404A3E000FF0000C1E700008F670400005E040061
S21404A3F000FF000071E70000A8670400BD390400F0
S21404A400FF000000492F0100C1670400BD390400A5
S21404A410FF000000212F01000E680400BD3904006F
S21404A420FF000000AD2E0100396804005F680400D8
S21404A43000010100010102FF852E0100DE6904000F
S21404A440066A040000FF0000652E01002D6A040061
S21404A450BD390400FF000000AD2D0100576A04005A
S21404A460BD390400FF00000095670300706A04000D
S21404A470BD390400FF0000007D220100966A040036
S21404A480C76A04000002FF00F7650300246B04009B
S21404A490BD390400FF000000F3650300516B04009F
S21404A4A0BD390400FF000000312201006C6B04007B
S21404A4B0966B040000FF0000F11F0100C66B040049
S21404A4C0BD390400FF0000006D0B0100D96B0400C9
S21404A4D0BD390400FF000000550B0100F16B0400B9
S21404A4E0BD390400FF0000006F6503000A6C040019
S21404A4F0BD390400FF0000005B650300376C0400F0
S21404A500B16C040000FF0000FD1E0100F06C0400A6
S21404A510BD390400FF000000ED1D0100686D040055
S21404A520BD390400FF000000110A0100AC6D0400F0
S21404A530BD390400FF000000F5090100C96D0400E0
S21404A540BD390400FF0000006D0A0100746E0400AB
S21404A550BD390400FF000000610A0100026F040018
S21404A560476F040000FF00002D0A01007E6F040000
S21404A570CF6F040000FF00005908010002700400B9
S21404A580BD390400FF000000F1FC00002E7004003A
S21404A590977004000000FF00F1FC0000EC7004005B
S21404A5A04E7104000000FF0091FD0000937104004A
S21404A5B0C67104000002FF00C96403001B72040095
S21404A5C06972040007FF0000C5FE000085720400DF
S21404A5D0BD390400FF000000D9FC0000A972040085
S21404A5E0CE72040000FF0000E5FD0000277304009F
S21404A5F0BD390400FF000000A9F6000064730400DF
S21404A600BD390400FF00000071F600008E730400DC
S21404A610BD390400FF000000A1630300C9730400F1
S21404A6203874040000FF0000CDEF000089740400B5
S21404A6300875040000FF0000936303004E750400D1
S21404A640A075040000FF000073630300E7750400B0
S21404A6503476040000FF0000696303007E7604007D
S21404A660BC76040000FF000063630300CC7604009D
S21404A670BC76040000FF00005D630300F37604006C
S21404A680BC76040000FF0000576303001A7704003A
S21404A690BC76040000FF0000516303004277040008
S21404A6A0BC76040000FF00002D6303006B770400F3
S21404A6B0BD390400FF000000336303008D770400F7
S21404A6C0BD390400FF00000075EA0000B5770400F9
S21404A6D0EE7704000001FF00A1EA00000F780400F2
S21404A6E0BD390400FF0000002F6303003A7804001D
S21404A6F0BD390400FF0000005DEA00005578040040
S21404A700BD390400FF00000019EA00007078040058
S21404A7109D78040000FF000001EA0000B8780400F9
S21404A720BD390400FF00000049D20000E3780400AD
S21404A730BD390400FF00000049D200000A79040075
S21404A740BD390400FF00000039C700001B7904006F
S21404A750BD390400FF00000005C70000307904007E
S21404A7605779040000FF000005C70000677904005D
S21404A7705779040000FF00009DC600008E7904008F
S21404A780BD390400FF000000A95B0300A97904009A
S21404A790BD390400FF000000F9C20000CC790400B3
S21404A7A0367A040000FF0000D9C20000597A04007B
S21404A7B0BD390400FF000000C1DE0000BF7B0400BA
S21404A7C04C7C0400010000FFA5DD0000697C040049
S21404A7D0BD7C040000FF0000D9DD0000D27C04002C
S21404A7E0247D04000100FF0045DD00003A7D0400DE
S21404A7F0277E04000107FF00AD5B0300377E0400DC
S21404A800BD390400FF000000A5D60000487E040001
S21404A8105A7E0400000101000007FF009DD50000D9
S21404A820957E0400A67E040000010100FF000000DF
S21404A830D9DD0000F57E0400067F0400010000FF59
S21404A84015D50000F57E0400387F040000FF0000E4
S21404A85091700100497F0400BD390400FF00000028
S21404A8602DC30000957F0400BD390400FF000000DE
S21404A8709F890300BD390400BD390400FF000000B1
S21404A880B57E0100BD390400BD390400FF00000098
S21404A890797E0100BD390400DA7F040002FF00005F
S21404A8A025860100E27F0400BD390400FF00000095
S21404A8B0B18501000E800400318004000200FF0010
S21404A8C0218A03005A800400BD390400FF000000FA
S21404A8D08D8501007C8004009A80040002FF00003D
S21404A8E065850100AF8004009A80040002FF000022
S21404A8F0010000000C4C00200000000000000000D6
S21404A900FFFF00000D6303000000000003000000CA
S21404A910FFFF010081630300000000000400000044
S21404A920FFFF01000F6403000000000004000000A5
S21404A930FFFF000093640300000000000600000010
S21404A940FFFF00000565030000000000190000007A
S21404A950FFFF01009B650300F251040048690020D4
S21404A96000000000000000000000000000000000DE
S21404A97006810400DCA90400000000000C81040029
S21404A9804C8B040000000000138104001C8D04009E
S21404A99000000000D74F04000C8D040000000000E7
S21404A9A01C810400FC8C0400000000002E810400BE
S21404A9B0EC8C0400000000003D810400DC8C0400E4
S21404A9C0000000004E810400CC8C0400000000004F
S21404A9D0000000000000000000000000ECA90400D5
S21404A9E060810400BD390400FE0000007B81040081
S21404A9F004AA04000000000000000000000000009C
S21404AA0000000000338E030080810400BD3904007A
S21404AA10FF03010001013F040201003F040202009B
S21404AA203D040202003D040102000102000301008D
S21404AA3002023D04020100020202010002020000BA
S21404AA4000202020202020202020282828282820F5
S21404AA5020202020202020202020202020202020ED
S21404AA602088101010101010101010101010101055
S21404AA701004040404040404040404101010101045
S21404AA80101041414141414101010101010101010F
S21404AA900101010101010101010101011010101061
S21404AAA010104242424242420202020202020202E1
S21404AAB00202020202020202020202021010101035
S21404AAC0200000000000000000000000000000005D
S21404AAD0000000000000000000000000000000006D
S21404AAE0000000000000000000000000000000005D
S21404AAF0000000000000000000000000000000004D
S21404AB00000000000000000000000000000000003C
S21404AB10000000000000000000000000000000002C
S21404AB20000000000000000000000000000000001C
S21404AB30000000000000000000000000000000000C
S21404AB400000000000000000A001000028140020FF
S21404AB5000021000A8500020C815002000000208BB
S21404AB6000000000FFFFFFFFFFFFFFFFFFFFFFFFE8
S21404AB7000000000000000000000000000000000CC
S21404AB80000000000000000020000000FDB10100ED
S21404AB9010000000DDB20100000000010000010109
S21404ABA00001010120C001B8000000000000000000
S21404ABB0FFFFFFFFFFFFFFFFFFFFFFFFFFFFFFFF9C
S21404ABC0FFFFFFFFFFFFFFFFFFFFFFFFFFFFFFFF8C
S21404ABD0000102020303040506080C0C0C00010223
S21404ABE003040707C8C8C8C8C8C8C8C8C8C8C8C8E7
S21404ABF0030404080808080800B801B802B800B03E
S21404AC00E4C70400CCC704000304040808050000D5
S21404AC10000000000000000000000000000000002B
S21404AC20EA06000048704C0F44700E0E30707E1317
S21404AC3002989A173870340F34705A0F30704810D0
S21404AC402C7048102870D0112470E81120703E0F24
S21404AC501C70901218700C1314703A0FB110086020
S21404AC6001D80A7104B87F78020C7E78641000C696
S21404AC70881F00A01DB8707803B018600F3027B383
S21404AC800F330111C04806987C0229B0086001D829
S21404AC90087109DD047109BB11101660A04808602C
S21404ACA004100112FF3221500860D0480860008862
S21404ACB00698381400C4441F00A000BA03DF1071BD
S21404ACC009DF0672029836031DB8507800A04413B4
S21404ACD0281441158110086002D81471108806984B
S21404ACE0201900C014C000B80698861B0091069868
S21404ACF092020160B83020D806711EBC637C784D81
S21404AD005412F03240DE0472404804DB08720DDD53
S21404AD100C72044BEF3014480698F20400C4E0406A
S21404AD2000544412086201322140087C811140D943
S21404AD301C72B1123032CF4A013AB1DA107208D816
S21404AD40067104D80871804C237C5670684C4412F3
S21404AD5000C4A41E00A04414413AF3240164415CD8
S21404AD60412A047580B800C46040005481D8367106
S21404AD7040D90472237C084B0698F20404BA1CB922
S21404AD80767900C1204001B835797F2161210079A8
S21404AD9006B906A901D8067102981002804C307CC8
S21404ADA00298640208D86A7100C1544000B81411AD
S21404ADB010D95E71584C441280BDA26DFF25784CA4
S21404ADC04412FC22513A2814104C00C20CC101B89B
S21404ADD02412281408622814086228140862281406
S21404ADE0304C304C00C11C4000B8141118140861D3
S21404ADF000C5284001B85415FF35047110491814CD
S21404AE00B04C441208620132067102980401804C68
S21404AE1008D80C7107BA24D8047106BA187004D876
S21404AE200C7101BA40D80E7102BA0A7005BA20D85D
S21404AE30047203BA204C4411C04C18140861181448
S21404AE409111383111429111186110D90472EF3200
S21404AE5000C1084001B8141110311E6111422814B3
S21404AE60A1110861181406986C1B181400C1084038
S21404AE7001B814111861FF31181400C1448001B8D8
S21404AE80141118140861181430880248069894039C
S21404AE90009308DB047101F800A027B00F3000A06F
S21404AEA01088B111186180D90A7100C1884000B8B1
S21404AEB00811009100A000C4684000B8441000A027
S21404AEC000C0884000500411826104108260105053
S21404AED0F07200A0541550451271069802050698A3
S21404AEE0920407B8707802B841781EBA5B7A5C7A26
S21404AEF05D7A00C220C001B8241206982A1900C53B
S21404AF00481F00A05415511400C3FF010000313D32
S21404AF1009647F3406989C02015851280475015828
S21404AF2041280E758111086102D90472FF0FCC7096
S21404AF3007B8727800F8EBBD00C0441F00A00411E7
S21404AF40113D10D91271FF33186300C1781002B88E
S21404AF50381107B97479581000A0069892020D307B
S21404AF600472044809DC0472084800C11CC101B814
S21404AF70141100C3D01E00A0911504351A721813BC
S21404AF801CBB08D804716C7B04D804716A7B1DBB97
S21404AF902F7C5B7B1670044B18131CBB08D80471FB
S21404AFA06F7B04D804716D7B217C0C30026006989C
S21404AFB07E040698C40B00B8B111186140D9067215
S21404AFC00298580401BC00C2084001B800DC0A71AB
S21404AFD024150265604A0A702C4A241508654C4AF2
S21404AFE0043508D90471202400C13C1F00A01412A3
S21404AFF000DC327120D8067101B80C70F0DA0C72DD
S21404B0000CDB087102B806988604482400C338414D
S21404B01001B834138F7B0E7102B9911308DB0472E6
S21404B02003B928707C4914111110FD300DDC1C7214
S21404B03000C0A01E00A0041080D8107100C0448078
S21404B04001B80410E5200475804900C3884000B8A0
S21404B050FFB8012011410871014118130824014268
S21404B06000C1284000B8141101411C6551419115D6
S21404B07020351E65514118132813481300C3844015
S21404B08000B8341003D81671073005DC1071B110FF
S21404B0908F780A7200C384C40350217B1DB850788D
S21404B0A000B800C13C1F00A014121C602150F030F0
S21404B0B00152281100A04024076400C0FFFF0100CD
S21404B0C0013C17B0022001584028067518AC01EC64
S21404B0D000A0208800C020C001B8041217B42113B1
S21404B0E004123052F8711964402400C35C1F00A097
S21404B0F0341014110698F60D19610092115921297D
S21404B100067600BB11590698D60D8762313B047249
S21404B110215A412A00A000C2686000B8B8B91F616D
S21404B1200D49181200A0308801B9116100C300004F
S21404B130C0FF3110312800BC002D0C75115418AC1A
S21404B14001EC312DF470196451134155312C0093E0
S21404B15000A000C3C00FFEFF50B2313A014250AA0D
S21404B16000A006983E07FFB0867808715CB86B7836
S21404B1706E7800C2548001B800C0D81F00A0041026
S21404B1800812B822217A237A52B8417801B80C60A2
S21404B19021A809B819604CA800C0FFD1C1FF4FB25E
S21404B1A0013A00C0002E300001424FAA24B86E783F
S21404B1B0ACB9FFB004D804714CB923A90698A80505
S21404B1C000C01390010006982E0500A006980205FC
S21404B1D019B81460FFB28C620F32826A2140069856
S21404B1E02E0549BC21B952B849B207DE2A7105DEDC
S21404B1F00871627C607C1D0C6179677864786B7872
S21404B2006278657863786078617C010C010C6878F4
S21404B210020C69786C78020C00C22C8001B8277A7C
S21404B220287A267A6A78050C41790A0CB11040D837
S21404B23006710298BA06784A2B7A327A584A247AE1
S21404B24000C400011100404A00C010840000081227
S21404B250508800C584100100FBAD10BD01BB8A6B8D
S21404B26021B9FAA9C44A1812217A227A00C0341FD6
S21404B27000A00410FCA88264411030300129F9A90A
S21404B280F8ADFBB08260FBA80330A065211004482B
S21404B29020EC237A0410037A184A2411DC4A015855
S21404B2A00029241004753150F8B1115081632A71B5
S21404B2B0514031400812FCB18461FCA90F310E7173
S21404B2C017B0112817B111591028FA76C44AF9B1E3
S21404B2D01812217A227AA07000950812F8A800C2E3
S21404B2E00C8001B8207A844A00B80812020CA44ADA
S21404B2F0087A020C21B84178784A0B7A127A00C28E
S21404B300C81F00A0FFB008D80472184A241000DC36
S21404B3100A7140A80422241041A806989C0200C280
S21404B320481F00A02410015100C4FF010000413949
S21404B3301150081200A006983E0700BC00C20C80FC
S21404B34001B8217A52B84978020C4878020C49B8F8
S21404B350417852AC21AC204A087A067A077A49AC7E
S21404B36000A059B840785AB101D9FC72427857B84F
S21404B370407858B101D9FC72427800A000C20C8013
S21404B38001B8217A227A21B8547852B8BC4A2411DA
S21404B3909979127107B915614CA9617800BB03BC91
S21404B3A00C64147009B919614CA9417801BB126385
S21404B3B000C4002E300000C0FFD1C1FF4FB10139D8
S21404B3C041414FA9E44AC8B8081224AB4CB823A894
S21404B3D00698A80500C004900100FFB186790471A0
S21404B3E0084806982E0500C08009004040A809B801
S21404B3F0FFB108D9047103B853A8B11004D80C716E
S21404B40056BB607B57BA627A607A02D80C7156BB18
S21404B410607B59BA627A607A04B86E783DB8607810
S21404B42000C05638000000C1B08001B814119979E4
S21404B430087200C0D604000000C124C000B814116D
S21404B4409F79047208484CA82EB8FFB108D9067133
S21404B4504AA804704BA80FB834A800C00C5E0000BD
S21404B46046B2014246AA00C12C4001B81411086134
S21404B4700631087100B90698501106983E14B111A9
S21404B48001D90E710698921B02D906720698A00C72
S21404B4900698381451140698920406982A110698A9
S21404B4A0641700A006984E1701D80A711CB85B787A
S21404B4B007B8757800B84CA84AA84BA800C0F32172
S21404B4C0FFFF46B1013946A904B86F7800A0FABC5C
S21404B4D01964415C512C00C0581F00A00410012CB4
S21404B4E00675069892040698780FB110186005D869
S21404B4F0327140BA06980E1404B86578911004D8D0
S21404B50016711CB86E7800C0684000B8217806989A
S21404B510781101400A721DB8427806984A140298B7
S21404B5205E0B1DB8717804B86C7841B842786378BD
S21404B5304478FFB104D906720298CA0900C0049080
S21404B5400100FFB186790471084806982E0500C3E9
S21404B5502C1F00A000C274C000B82414481300BCFA
S21404B56048121C4B1C4A2414481300BC4812084BAF
S21404B570584A2414481301BC48124ABA447A427AF8
S21404B5804BBA447A427AFFB086780472617A4CBA2F
S21404B590647A657A3DBA607A4DB942B83FBB5B7946
S21404B5A066796179020C6479050C63796079050C17
S21404B5B0627965795A7900C2340102B8241305B851
S21404B5C019603140081242B86A78020C4A78020CB4
S21404B5D040BCFFB208DA06714ABA06704BBA627A01
S21404B5E0657A677A667A6A79667B0298A40A00C3E3
S21404B5F02C1F00A000C274C000B8241448131C4BAF
S21404B6001C4A241448133FBC48121C4A00BC481267
S21404B610084B444A2414481301BC48124ABA647AB4
S21404B620627A4BBA647A627AFFB3867B0472617A72
S21404B6304CBA647A657A3DBA607A01D94E716478F8
S21404B64000C1708001B800C0800008000811069888
S21404B650860B42B861784DB97F797E796A786878C6
S21404B6606278020C7B790F0C7A79140C7479417821
S21404B67060787579050CFFB208DA06714AB804706A
S21404B6804BB8657801BC1664407002D93C710698C4
S21404B690860B42B84DB96878407841787F797E79D0
S21404B6A07B790F0C7A79140CFFB208DA0871717979
S21404B6B04ABA067070794BBA7279657A6A78020C5F
S21404B6C04A78050C01BC1664020C417940790C0CCE
S21404B6D000C04C0102B848100698F20400C4784032
S21404B6E000B8007C00C0A01E00A0041180D93271EE
S21404B6F0911104D92C727F2021200411FD310DDD17
S21404B700207200C0448001B80411E521147600C0FC
S21404B710244001B804118A790871207C104C207CDE
S21404B7202AB86278511400C0581F00A00410012CD7
S21404B73017B001118768015841280E7605218769DC
S21404B740415C412D112D06700698920442B84DBBFB
S21404B7507C7B6478020C29B86878511440440675DA
S21404B7600698920442B844782AB84278FFB101D9C0
S21404B7700C7100C1548001B8CBB80811911004D8DC
S21404B780147100C0A01E00A0041080D8067107B86B
S21404B790537800F807B800C1CC1E00A000C220C031
S21404B7A001B824122811777800F8B110947838710B
S21404B7B006989C02E4B911591128067600B80C7054
S21404B7C0A0B9115901290475A0B8826000C3C01F2E
S21404B7D000A03413012B341000C3FFFF00FF42B156
S21404B7E03139114042A800A01DB09178FA7142B8D0
S21404B7F06478020C00BA29AA00C4548001B842B87E
S21404B8004DB900C3C04001B83413977B047240ECB2
S21404B810020C44785C7953AA0A0C281442B84DB931
S21404B820FFB301DB2671244C00C3FF0FFF0138145D
S21404B8305479407841785579020C5B795A79140C1E
S21404B8405F795E794A784278347002DB14715279F3
S21404B85051795079020C5B795A795F795E791E705A
S21404B86004DB1A7100C4FF07000000C3342102B8C9
S21404B87048133FBB467B020C5B795A793DBB407B41
S21404B8804CBB447B457B00C3301F00A03414403CB3
S21404B890207100C068C000B8481028131C4B1C4810
S21404B8A0341448102813144B4448341448102813EE
S21404B8B04AAA4BAA04B86D781DB851785CB84B7880
S21404B8C04E7800A000C074C000B80411108800B9F7
S21404B8D0181068480411108801B90B6118102C4818
S21404B8E004111088008800C1231C000018104AB8F0
S21404B8F064784BB86478260C28B000C1FFFF0FF0BC
S21404B900113871B90B61114028A828B97379747974
S21404B91000C21010303045AA54790E0C00C0E8401E
S21404B92001B8041100C23030101045AA0E0C0410E1
S21404B930008810880698620D0091009020888F6118
S21404B9408F600698620D0090886A21400112906A02
S21404B950035800C13F3F00001138FFBC02244128B1
S21404B9601138014245AA28B953794AB844784BB8E5
S21404B970447800900091181000912C4818100091FB
S21404B9806848181000A09168436091694361115B90
S21404B990012B112841603128315B00BA3028067625
S21404B9A03128204A4163302806763128104A4163FC
S21404B9B0302806763128084A41633028067631282E
S21404B9C0044A4163302806763128024A4163302807
S21404B9D00476014A00A0115910D90671086008605F
S21404B9E008D90471086004D90471046002D904718A
S21404B9F0026001D90471016000A000BA01D8067182
S21404BA000148112A1F61016001D8F6720138F672E6
S21404BA1000A000C220C001B82412115921291273B3
S21404BA2000210E7100C238C001B824120121212958
S21404BA3000A002B020D8147100C0B01E00A00410EC
S21404BA4002B9457906987613EA7003B09F780872AF
S21404BA5000B806A800F806983E0700C5641F00A0B4
S21404BA605088044D1CBC00C0B41E00A0811101D92E
S21404BA701E71407C009501150C4D5088044DFFBB8B
S21404BA801863315B04110698EE0D3129F875069893
S21404BA90681A54150698921B01D908720698580716
S21404BAA006700698F4071CBB547B06984E1701D8FC
S21404BAB0067202981A0FFFB901211038F672811225
S21404BAC09B7AF07100C2448001B8241400C0C01EE2
S21404BAD000A0041001130020041040500C7200B99A
S21404BAE00698280F18B90A7018B90698280F00B9CE
S21404BAF000B806981E0F704A08B806981E0F00C2B3
S21404BB00284000B814B806981E0F00C2EC4001B8CE
S21404BB100CB806981E0F202210B806981E0F108820
S21404BB20308806985807009300910698280F00C09E
S21404BB30C41E00A00412FFB901212141181000956B
S21404BB4000F8312811280410081200A004B831287F
S21404BB501128F8B1181000A0069880080E700698F0
S21404BB60C40B06988008069872120698120791125B
S21404BB70211900C02C4001B80A78097800F810B9D9
S21404BB8001BA0698041406982A110698641700C584
S21404BB90641F00A081109D78FC7200F89112033295
S21404BBA01CB900C3A01E00A0341300C4B040005447
S21404BBB01DB84278707903DE067144783A7071795C
S21404BBC0A11020D806710298541080DB1C7102D88C
S21404BBD0187205B80814A11010300248081400B8EA
S21404BBE008149110086008141DB86278A11000DCCF
S21404BBF00676517900BA06984E1701D8227291112A
S21404BC0020311D61911004D80E7200C1501F00A08F
S21404BC10141101D90A71208806985011009200C1A7
S21404BC20204000B801DB1871084C03DE0471904C08
S21404BC30441400C3FF1F0000413BFF2338119449FE
S21404BC4000C3384101B83413086380DB0C7103BAAF
S21404BC50186206983C100870186206983C100C4946
S21404BC600879097914102140081100A000BD06982F
S21404BC70760210B903DC047100B901BA06980414FC
S21404BC8002D9067100404E7203B118610F3106984E
S21404BC907811FFD82872811008D8187106DD0A7149
S21404BCA00698760203DC0C720698BC1106984A14B1
S21404BCB00C7006DD10710698C211487020B804A8EE
S21404BCC006DD1072069880080698120701F840B838
S21404BCD004A800F800C0A01E00A00413086301DB3B
S21404BCE0227191100111186111381DB910D808710C
S21404BCF044790298541002DBFA72A11328DBF4721A
S21404BD0003BD06981E11069880081DBA7F7A069809
S21404BD10F20400C5681F00A00698760200BA03DC89
S21404BD201672044DA11002D804711C4D00C10CC13A
S21404BD3001B80698AE045415212D06983E050298BF
S21404BD40AA089110015503355150011900A000C1ED
S21404BD504C1F00A0141001D8427101480860FE2050
S21404BD600E75811020D8087100C1501F00A0141150
S21404BD7001D9287100C02C4001B804122151086171
S21404BD800F3118611152281000C0084001B8041180
S21404BD909112215120311152211900A0811380DB08
S21404BDA0067201B800A000C314C001B834100630EF
S21404BDB02E726C4B34121C4B3410186002302072F6
S21404BDC0811080D8DE713410014A08620460803025
S21404BDD021508C480A717F234D233410013000A073
S21404BDE000BD06981E111CB847784578437802B8FB
S21404BDF0447800A0069880080698BC1100C5741FF5
S21404BE0000A0541506983E050298AA08B1138F7B25
S21404BE100A7200C384C40350017B06983E1400C112
S21404BE20384101B814118F790E7100C1B84000B8BA
S21404BE3000BA06983C1050BA06980E140698781164
S21404BE40FFD84A71911004D84872811008601CD833
S21404BE50407220D938721112FF3221513471802178
S21404BE608021111400C0D81E00A00413FFBA31515B
S21404BE70113A215111531DB938107B7940440E7282
S21404BE8000B900C2AC1E00A01812067004B8607890
S21404BE900698381400F800B900C2A44000541812DA
S21404BEA0644A0AB918121CBA507A517A1DB94279F2
S21404BEB05F7900A00698760207DC107291100020C5
S21404BEC00A75069872120298660F0698120701B948
S21404BED0911004D8047100B910BA0698041400BA74
S21404BEE00040347100C0A01E00A00411086101D9EE
S21404BEF0127104D9E2728110086001D8DA711DB893
S21404BF00647800C11CC101B80698AE0401B811607B
S21404BF10002A047600BA00C5781F00A05415212D07
S21404BF20069872120698580700C57C1F00A000F8F1
S21404BF3000BC811108D9167280D9207201B910BAD2
S21404BF400698041400400E7101BC10700698BC11CB
S21404BF5006984A1420B804A800F8069872128111AC
S21404BF600231127100B900C2144000541812244A57
S21404BF7002B918120698BC1100C5801F00A05415FB
S21404BF800698F01A0298AA080411012114711CBA22
S21404BF90737A042004122811042004110121F47277
S21404BFA000A00698F20401F806984E1701D81671F8
S21404BFB0FFB9012110380E7281109B78087104B9FC
S21404BFC0677900F8911010D8287100C51CC101B813
S21404BFD054110698EE0D00C5C81E00A0541551292C
S21404BFE0EA7507B876781DB8447801B804A800F84E
S21404BFF0B110186010D82E7100C05040005400C311
S21404C000084000B83114984C44113411086101D921
S21404C010FA71441228100862281008622810086270
S21404C0202810E8700298B00206989202113804723A
S21404C0301E6202BB00C1D81E00A0141120390C7267
S21404C040911210DA0672417B00A006983E1400C2D4
S21404C050A01E00A0241220DA0472617B1CBA527A55
S21404C06000A01CBA727A811204DAFC7200A01CB812
S21404C0706B7800C0684000B82F7800A006984E176A
S21404C08001D83A7100C22C4001B824100360911103
S21404C09020310151383111501D6008121DB94579FF
S21404C0A000C2448001B8241200C0C01E00A00410C0
S21404C0B018200020041020500471657910631EB9FE
S21404C0C0637900B902EC00CD114502EC00CC01DB2B
S21404C0D0087100BB0298D61803B841110731FA213B
S21404C0E01C760621911210DA087102DD10721E7099
S21404C0F020B80698B20D3038147208B806987E0434
S21404C10000C02C4000B82978207800F8056020D8B4
S21404C110067102980C1602EC00CA05B823DA1871E8
S21404C12004DBDA7120DAD67110DAD2721EB86178BE
S21404C13000B801DA067202EC00C8911110D9267113
S21404C14000C1B81E00A014111150FF300C72076114
S21404C150A110115002300A7180DB0A720AB89E7070
S21404C1601DB97C791860911111402111C03111401C
S21404C17001191EB8411108D90471667820D90472D1
S21404C1806578A11002D80672C0DA1E711EB827316F
S21404C19023DD087210DB1072607825DD0A7121DD5C
S21404C1A0087208DB0471627803B84111073108721B
S21404C1B0A1152035AA7102DD2072A11120D9A07123
S21404C1C002D91672CCDA9872411140D9927206B826
S21404C1D0054D5A720298AE1421114049C0D94C71CB
S21404C1E0A03141154035026551410461086308DAFF
S21404C1F01E7204DA36721049A1150235067110DB78
S21404C2000E7201340A7108DB22711EB86778CC32CC
S21404C21011101A300ADC0872CCDE0471FD3100C03D
S21404C2200D0F0C0D216001D85C7207B80298D81463
S21404C23000BA411108D90C7102EC00CA05B830DA0C
S21404C240EC720734F031036101DA0471014900C06D
S21404C250F300A3E3216001D8D27100C098144068AB
S21404C26021604030014440DA0471204C04320262FA
S21404C270204A111006301F60014218311D61114218
S21404C2800298F614204A00C00517085021601130A1
S21404C29001422088FFBB0DDA507100C1DE1B250168
S21404C2A080BC04DA107208DA0A7200C12084100016
S21404C2B0E024A02408634143026401DA06711E499F
S21404C2C0024B00C0201F00A008633810BC2002DA0E
S21404C2D0127101B91159A11380DB087100C100FC69
S21404C2E0FF0118100298621800C4A01E00A0441093
S21404C2F080D87C710092D0DA06710DDA0C711EBDFE
S21404C300437DEFBD0698140304620DDA8672A1110C
S21404C31005D95C7100C24040005424121424281429
S21404C32001D9067202D9327140D91E7102EC00CAD4
S21404C330211018320471FA2220D804720822FE2230
S21404C340087502EC00C8F87001D90E7102EC00C83A
S21404C35002D9067204DC187200C0A01E00A00410E5
S21404C3601D6001D806711EB8647807B87378029801
S21404C370D61800C0A01E00A0041080300A7100C0A9
S21404C380C41E00A0041000A006984E1701D82E71F3
S21404C390911010D828728110A0D8227203B0847825
S21404C3A01C7200C12C4001B814100DBA487A697A80
S21404C3B06B7A08111CB87B7807B8757800A06410EF
S21404C3C000C6881F00A0C3B806987C0200C4441F99
S21404C3D000A014BA281400B8011AB1108F780A7293
S21404C3E000C084C40350017891101030011905BAB6
S21404C3F006980E1402D9067101B804A800C0A01E3F
S21404C40000A004130698641180DB06710298581481
S21404C4101DBA7C7A01DB6A7100C2241F00A02411B5
S21404C4201114FF3402EC00C8FF24FA76086106985B
S21404C430C20D046111380F3004611114011141104A
S21404C4400698C20D01D8087203B80298D8140C4A8C
S21404C45001DB227124101128112804120230047101
S21404C460106200C0FFFF0000213800C2204000B860
S21404C470FF200812411008600698C20D01D87C718E
S21404C48020BC1033767100BB00C1201F00A0141519
S21404C490C021112C511218620F320E7140885114AB
S21404C4A00698FA1841430094511208651C620F322C
S21404C4B00E71411151140698FA181C64414308651C
S21404C4C0513B00C1DC1E00A01411111231100F30B4
S21404C4D0127100BA056101D80471114201600FD8C7
S21404C4E0F472311003601E30047201B8003A087208
S21404C4F004B80298D8140298C41600C0384101B88B
S21404C50004118F7914717F20692004110861303179
S21404C51010DD06711DBA637A0698120300F8308897
S21404C5205088FF34087102ECFF24F87002EC00CD4A
S21404C5301410595001440421FF22F2720F4C009546
S21404C540009300A000C1A81E00A0141100A030880B
S21404C5500698421B8111086102D906720298061ACF
S21404C5601CBB557B086120D906710298F619008811
S21404C570A11018600698201908211415FC251EBB66
S21404C5805C7B5D7B00C1084001B814110731FE21B5
S21404C590307608D82A725113FC23341304DB207136
S21404C5A01863FF33315B00C110C000B81411086172
S21404C5B080490C71FF31302954751EBB7B7B10708B
S21404C5C07B7B7C7B00DD04717D7B01BB3815EC2511
S21404C5D0541300DF5471042505DF547154152111DA
S21404C5E020880698EE0D009251293E7500C1084039
S21404C5F001B8141102DB0C710731315B31292A763C
S21404C6000C7004DF0872016180D91E720698201926
S21404C61000C010C000B80698861B0698201914118E
S21404C620FFD9607202984C1A0090009300A054152B
S21404C630A111186110D9A672082508D8A07108257A
S21404C64010D89A71208821110698EE0DFC255412F4
S21404C650112AF82554110C2520D80871F0255411F8
S21404C6601025202904762159181500920298B81925
S21404C67007B97179811010D80A711CB8447802B8C9
S21404C68041781CB9747904B9677900F88110A0D888
S21404C69008711CB9497900A0086002D8FA71069896
S21404C6A02019108806983E14106210DA08710821C2
S21404C6B01415F025541100C20020FEFF202912751F
S21404C6C00698921B01D90A720698800806981207E3
S21404C6D000941CBB41100C200698641341110821D9
S21404C6E01410069864133128441111120861FF319E
S21404C6F0FF320122105210721861181404244413D5
S21404C700042438140C7018612141181408240814E1
S21404C710029838144044147100C1AC1E00A01415CD
S21404C72051131C630FDB0C7219650698020541153C
S21404C73000A000C3784000B83413807B06720698C5
S21404C740120706983E1408BB51140698B01A4415EE
S21404C750FC25541500C3784000B83413807B04715C
S21404C76000A002983E051CB900C3A01E00A0341306
S21404C770086308DB1A718113A0DB0671497910700F
S21404C7806979086302DB087204B9677900F800A0C7
S21404C7908111086102D910711CB97579069820199F
S21404C7A01411FF3100A0FFB900A0041008211411D1
S21404C7B0F421081100A08111106110310E71069841
S21404C7C0201908211411F821141100A024CA040009
S21404C7D000000000FCC70400010000000000000088
S21404C7E000F0490224CA04000000000020C8040027
S21404C7F0010000000000000000F0490244C80400E4
S21404C8004063598F404B4C000B000B001A00FF7F0F
S21404C810DC69002000000000C6CC04000000000014
S21404C82034C904004063598F404B4C000B000B0086
S21404C8301A00FF7FDC69002000000000C4CC04005E
S21404C84000000000FC1F010324CC04001CC00110DF
S21404C85000F807001CC001301402080050C0010094
S21404C8608741300424400601070062003870000047
S21404C87000000000000000030068010F40B82440D8
S21404C88058400101FC006900804005012363E01163
S21404C8909BC34A74F003000003800000BE0A000035
S21404C8A0E040010133000000F0400401590B000091
S21404C8B0640483078813C83A90200A0028410101BB
S21404C8C0001E00003C410B0100148C00141A2128A1
S21404C8D02E343B42495043557698BA0C28690000DA
S21404C8E0010000000721286414171A002004C869F0
S21404C8F0A1203A093C42010129000000A08002015F
S21404C90070780300D5C00000A8800111F001000073
S21404C910A88001310542CB01AC800111F001000072
S21404C920AC80013105228D00B080010100030002B5
S21404C930FFFFFFFFFC1F010374CC04001CC00110A2
S21404C94000F807001CC00130F502080050C00100C2
S21404C9508741300C2440060107C052000000000046
S21404C96000000000000000030000000000000000BB
S21404C970584001016402FF00804005014B01A008F5
S21404C9809BC34A74F003000000000000000000008F
S21404C990E040010133000000F04004010000000004
S21404C9A0640483078813C83A9C200A0028410101BE
S21404C9B0031000003C410B010000000000000000D2
S21404C9C0000000000000000000000000000000005E
S21404C9D0010000000000000000000000000000004D
S21404C9E0000000003C42010100000000A08002019B
S21404C9F070780300D5C00000A8800111F001000083
S21404CA00A88001310542CB01AC800111F001000081
S21404CA10AC80013105228D00B080010100030002C4
S21404CA20FFFFFFFF0C400200018014007F4000005F
S21404CA302040020000000000000000003040070014
S21404CA4000000000000000000000000000000000DD
S21404CA500000000000000000A00700005040010095
S21404CA60000000005C40020000000000000000001F
S21404CA70A840010007000000B44004000040000085
S21404CA80FF4C000000410000FF4D000008C00100FC
S21404CA900000000020C00110FF00000020C001308C
S21404CAA00043000024C00400EC80B3034375A802CE
S21404CAB0000000002E02000054C003000E2D09E6FC
S21404CAC054060708D1B6020064C00800043000000B
S21404CAD040201006C8F248181FE8F600BD4B721531
S21404CAE011A3180510325476980A000088C0010075
S21404CAF000000000080001010407000018000101FE
S21404CB000000000020000101088400001C4002010F
S21404CB101000000020F913045C40050141080000E1
S21404CB2001000000B0070800A70000000000000095
S21404CB30944007010101103050707F7F0000000010
S21404CB4000000000000000000000000000000000DC
S21404CB50E440010100000000EC4001017DA8D98BEF
S21404CB600041020100612000B75635120C41030152
S21404CB70F95412002030042988BB400024410101E6
S21404CB8000000000304103016406660C0C0100003E
S21404CB90E853FA006841030164048307881382009B
S21404CBA00000000030420301000000000000000EF8
S21404CBB00000000044420101000000001080010152
S21404CBC00300000038800201114910000100000033
S21404CBD088800101000000009C800101EB400200F7
S21404CBE0B48001013700000188000202000C000432
S21404CBF04C0000009400010200040000D000020271
S21404CC000E00000090029608E40001023D0942046A
S21404CC10F400010200000000180101026000510245
S21404CC20FFFFFFFF120000006666660000000000BB
S21404CC30D8CC0400C8CC040000000000001A9A00F7
S21404CC40005A620280841E000420FE00114950022D
S21404CC5000000000000000000000000000000000CB
S21404CC6000000000B1841E00000000000000000068
S21404CC700000000012000000666666000000000067
S21404CC80D8CC0400C8CC0400000C0000001A9A009B
S21404CC90005A620280841E000420000011495002DB
S21404CCA0000000000000000000000000000000007B
S21404CCB000000000B1841E00000000000000000018
S21404CCC00000000005040000E1190000E11900005E
S21404CCD00000000000000000193F010604100100D7
S21404CCE000010106001027000009000000000000F3
S21404CCF00000000041BB0100F1BA0100FDBA0100CA
S21404CD00EDBB0100D99303007399030077990300E0
S21404CD107B9903007F9903008399030000010304B1
S21404CD2064EE01001000000024E101001A00000077
S21404CD3079EB01001100000075E401001100000009
S21404CD4063E511000400000023E111000400000064
S21404CD5025E101000800000026E101000A000000A9
S21404CD6027E10100020000000000000000000000AF
S21404CD70E0CE0400CFCE040000000000E1CE0400A4
S21404CD800B920400000000000592040007920400C1
S21404CD900000000009920400ADCE0400F6CE0400A4
S21404CDA00C92040006920400000000000A9204009C
S21404CDB0C4CD040003920400049204000892040004
S21404CDC002920400000203040508090A0B0001028B
S21404CDD00304051D2000B40108020200AA00FFFF98
S21404CDE0FFFFFFFFFFFFFFFF3DF90200751802007B
S21404CDF0E1470200612C0300F14A0200A5A00300EB
S21404CE00A7A00300A9A00300ABA0030029C3020047
S21404CE109998020041E00200FD2503000138020053
S21404CE20A1A00300259D0200B116030015290200E7
S21404CE30A3A00300558903000D300200255E0300FD
S21404CE4000000000001300000000000000000000C6
S21404CE5000000000010000000DA102000200000016
S21404CE601BB203000300000065A0020004000000DB
S21404CE7095B103000500000005A0020000000000B4
S21404CE80000000000023001B2200FF00000000003A
S21404CE900C090202000000001C1A0B0303FF06081C
S21404CEA00402020204020A0B030302030480FF02C4
S21404CEB004FF010101010800000000000000005A00
S21404CEC06967426565416C6C69616E63653039807B
S21404CED00000183810300000000000008F8E8C8090
S21404CEE081815A6967426565416C6C69616E6365E8
S20C04CEF0303906080C1080001E
S20C04CEF8E47DFB7F010000004D
S21004CF000CCF0400E0650020D501000002
S21404CF0C0000000000000000FFFF0000010000000D
S21404CF1C00000000000000000000000000000000FC
S21404CF2C00000000000000000000000000000000EC
S21404CF3C00000000000000000000000000000000DC
S21404CF4C00000000000000000000000000000000CC
S21404CF5C00000000000000000000000000000000BC
S21404CF6C00000000000000000000000000000000AC
S21404CF7C000000000000000000000000000000009C
S21404CF8C000000000000000000000000000000008C
S21404CF9C000000000000000000000000000000007C
S21404CFAC000000000000000000000000000000006C
S21404CFBC000000000000000000000000000000005C
S21404CFCC000000000000000000000000000000004C
S21404CFDC000000000000000000000000000000003C
S21404CFEC000000000000000000000000000000002C
S21404CFFC000000000000000000000000000100001B
S21404D00C0000F001080000000810002001002301B5
S21404D01C040000001010002006003001010000007F
S21404D02C14100020FFFFFFFFC0EA2101C0EA210113
S21404D03C0080000000F049021C67002000600B0012
S21404D04C00800000CC340020C8000000FE00000065
S21404D05C000000004083040018100020FFFFFFFFB0
S21404D06CF08604003300000041E6000033000000A4
S21404D07CF7620300AC020400B0020400BD02040014
S21404D08CCA020400D7020400E4020400F7020400F7
S21404D09C09030400160304002303040030030400ED
S21404D0AC45030400580304006A0304007F030400C9
S21404D0BC8E0304009F030400AE030400BE030400A6
S21404D0CCCA030400D7030400E7030400F9030400AE
S21404D0DC08040400170404002004040035040400A7
S21404D0EC4A0404005F0404007F0404008D04040056
S21404D0FCAC040400C7040400DA040400E7040400C7
S21404D10CFC0404000B0504001A0504002C0504009A
S21404D11C3E05040051050400640504007A05040069
S21404D12C000000000F000000FF00000000000000DC
S21404D13C00000000000000000000000000000000DA
S21404D14C00000000000000000030E70400C81803CC
S21404D15CEB0D0400F00D04001D0E0400480E040034
S21404D16C760E0400A40E0400D30E0400000F040074
S21404D17C300F0400600F0400B00F0400FFFFFFFF25
S21404D18C00F80300FFFFFFFF00000400000004008B
S21404D19C005C26057868002006000000F8A8040049
S21404D1AC000000000100190001000000544000209B
S21404D1BC0100190001000000544000200100190071
S21404D1CC010000005440002001001900010000007A
S21404D1DC54400020010019000100000054400020B7
S21404D1EC0100190001000000544000200100190041
S21404D1FC010000005440002001001900010000004A
S21404D20C5440002001001900010000005440002086
S21404D21C0100190001000000544000200100190010
S21404D22C0100000054400020010019000100000019
S21404D23C54400020D04400200000000000000000F1
S21404D24C709204000C4C00202C690020CC4E00205C
S21404D25CEE80040006000000000000000000000041
S21404D26C0000000058A9040070A90400F98004000A
S21404D27CBD390400FE0000005C69002000000000BC
S21404D28CDC4E0020444F0020AC4F00200000000071
S21404D29C0000000000000000000000000000000079
S21404D2AC0000000000000000000000000000000069
S21404D2BC0000000000000000000000000000000059
S21404D2CC00000000000000006B8F030044AB040059
S21404D2DCFFFFFFFFAF920300AB920300FFFFFFFFBD
S21404D2ECB3920300FFFFFFFF6DE60100FFFFFFFF95
S21404D2FCFFFFFFFFFFFFFFFFFFFFFFFFFFFFFFFF29
S21404D30CFFFFFFFF0000000020A107000000000044
S21404D31CF5D403000000000000000000000000002C
S21404D32C00000000000000000000000000000000E8
S21404D33C00000000EC540020690E0200F9270200DD
S21404D34CBD390400000000000000000000000000CE
S21404D35C00000000EC540020011502000000000040
S21404D36CBD390400000000000000000000000000AE
S21404D37C00000000EC540020451F0200F9270200B0
S21404D38CBD3904000000000000000000000000008E
S21404D39C00000000E6810400EC5400209D2C0200E2
S21404D3AC00000000BD39040000000000000000006E
S21404D3BC0000000000000000EC5400202141020094
S21404D3CC00000000BD39040000000000000000004E
S21404D3DC0000000000000000EC54002091460200FF
S21404D3EC00000000BD39040000000000000000002E
S21404D3FC0000000000000000EC5400208D5B0200CE
S21404D40C00000000BD39040000000000000000000D
S21404D41C0000000000000000B80B0000EC540020D4
S21404D42CFD60020000000000BD390400000000008E
S21404D43C000000000000000000000000EC54002077
S21404D44C5D6C020000000000BD3904000000000002
S21404D45C000000000000000000000000EC54002057
S21404D46C216E020000000000BD390400000000001C
S21404D47C000000000000000000000000EC54002037
S21404D48C9DA7030000000000BD3904000000000046
S21404D49C000000000000000000000000EC54002017
S21404D4AC4974020000000000BD39040000000000AE
S21404D4BC000000000000000000000000EC540020F7
S21404D4CCB97A020000000000BD3904000000000018
S21404D4DC000000000000000000000000EC540020D7
S21404D4EC1FB4030000000000BD3904000000000057
S21404D4FC000000000000000000000000EC540020B7
S21404D50CF1DF020000000000BD390400000000003A
S21404D51C000000000000000000000000EC54002096
S21404D52C61F8020000000000BD3904000000000091
S21404D53C00000000000000000000000027BD0300EF
S21404D54CEC5400206D260300F9270200BD390400B4
S21404D55C00000000000000000000000000000000B6
S21404D56CEC540020312D030000000000BD390400EB
S21404D57C0000000000000000000000000000000096
S21404D58CFFFFCEFAEFBEFFFFFDFFFDFF0C002C01E4
S21404D59C001E2C01400680001027FFFF04F8FFFF36
S21404D5AC0C000000000000004000FDFF2C019C0055
S21404D5BC0000FFFFFDFFFFFFFFFF60EA8000800016
S21404D5CC10C1CDAB3201FFFFFFFFFFFFFFFFFFFFD4
S21404D5DCFFFFFFFFFFFFFFFFFFFFFFFFFFFFFFFF46
S21404D5ECFFFFFFFFFFFF01FF05FFFFFF0101FFFF2A
S21404D5FC0201FFFF640250FF0F010208031E06051A
S21404D60C021601010A0C052007051010010F080468
S21404D61C10010601010104FF030101FF0C01FF4088
S21404D62C5AB47F0150403000FFFFFF0B03FF050B7D
S21404D63C0101FF03010305020201FFFFFFFFFFFFC9
S21404D64CFFFF010102FFFFFF40FF0101BD4C00007C
S20804D65C954C0000E0
S80400746D1A
