S01B00006275696C642F72656C656173652F7A69676265652E73333714
S2140040000810002061740000EDB600008D3E03002D
S2140040108D3E0300F5B60000FDB600008D3E0300A1
S2140040208D3E03008D3E03008D3E03008D3E030053
S21400403001B70000E88204008D3E03008D3E0300B9
S2140040408D3E03008D3E03008D3E0300796F000019
S2140040508D3E03008D3E03008D3E03008D3E030023
S2140040608D3E03008D3E030001BC00008D3E030024
S2140040708D3E03008D3E03008D3E03008D3E030003
S2140040808D3E03008D3E03008D3E03008D3E0300F3
S2140040908D3E03008D3E03008D3E03008D3E0300E3
S2140040A08D3E0300297800000D7800008D3E030049
S2140040B08D3E03008D3E03008D3E0300510B020033
S2140040C04D99030049990300B50202006399030065
S2140040D051990300110B02005599030045EF0100AA
S2140040E0910B02008D3E03008D3E03008D3E0300C3
S2140040F08D3E03008D3E03008D3E03008D3E030083
S2140041008D3E03008D3E03008D3E03008D3E030072
S2140041108D3E03008D3E03008D3E03008D3E030062
S2140041208D3E03008D3E03008D3E03008D3E030052
S2080041308D3E0300B8
S214004134F0B5114A114C124E00F00105E3695F0711
S21400414413D40DB9334213D103EA00078F4207D1C3
S2140041540B4A1A40002A14BF6FF001000020F0BD7D
S214004164013AEBD16FF00200F9E74FF0FF30F6E7C3
S2140041746FF00100F3E700BF80969800000003503C
S214004184020001000B4B70B5D96911F480310DD1D2
S21400419401244FF48072084E084DF46020462C64C7
S2140041A41A61FFF7C5FF3464EC6070BD6FF0010060
S2140041B4FBE700BF0000035000100350002003502C
S2140041C438B541F6713301220C4C0021E569E363EE
S2140041D40B4B05F48035DA600223606121202361ED
S2140041E4FFF7A6FF10B92120FFF7A2FF0122054B17
S2140041F4DA600DB10023E36338BD00BF000003504E
S214004204001003500020035070B5134C6061E3693E
S2140042145B071ED40E4656F8043B8D18A361AE42C7
S2140042240BD10423002121202361FFF781FF58B915
S214004234BDE870402120FFF77BBF08210846FFF742
S21400424477FF10B10423236170BD56F8043BA361C5
S214004254E5E74FF0FF30F7E7000003502DE9F84399
S214004264154641F67132164B8946DF69DA63012238
S214004274064603F58053DFF8508007F48037DA608B
S21400428455B9284601220F4BDA601FB10022A3F568
S2140042940053DA63BDE8F88306F5005404EA08041C
S2140042A4A41BAC4228BF2C46494622463046FFF79C
S2140042B4ABFF0028E6D12644A1442D1BE0E700BF4F
S2100042C4000003500020035000E0FFFF45
S2140042D02DE9F04F4FF0FD0BC9B09A460DF11B09C2
S2140042E09DF8503108AFCDF80C90CDF808B0019786
S2140042F0059303890446009383790E4690464188C9
S2140043008288407811F042F9054650B10090A388A3
S214004310002062883A4911F07DFC284649B0BDE885
S214004320F08F99F8000032F02DFE38B12846A388A9
S2140043306288344911F06EFC8D25EEE75A46394600
S21400434099F8000032F0C6FD8346002851D0529BF3
S2140043501BB1BDF84C3198424BD8002399F8009019
S2140043600793A9F14102012A5FFA8BF123D8384658
S2140043700139254ADFF898C05FFA81FE734513DBE2
S214004380059B04210792C3B907AF18221F489FED6B
S2140043901A7B02FB060420460A460830394684ED9E
S2140043A0027B16F08DF911E010F8011F0133514021
S2140043B00CFB01F2E2E7059B33B123464A4638463A
S2140043C000960FF00BF8A8E70829DED9B8F1000F21
S2140043D001D088F80090BAF1000F01D0AAF800B01A
S2140043E0529B002B99D05A46184608A916F068F931
S2140043F093E7012591E700BF0000000000000000E1
S214004400A02C0400D52C0400C59D1C818010002023
S21400441093010001000000002DE9F04F93B0CDE9B4
S2140044200A32DDE91C530E9353EC102BCDE908013C
S214004430104619468DED060B1E9E15F0CBFB80B17F
S214004440DDE906014FF0FF32C54B15F0EBFB40B936
S214004450DDE906014FF0FF326FF4801315F0C4FB60
S21400446070B1DDE908019DED060B0E9B1E96CDE9A9
S2140044701C53DDE90A3213B0BDE8F04F00F088B9EE
S2140044800022DDE90601002315F0AEFB002800F04F
S2140044903381DDE906A303F1004BCBF30A5016F493
S2140044A08063A0F2FF3008BF06250F9315F0C0F812
S2140044B09BA3D3E9002315F025F99BA3D3E900239A
S2140044C014F06AFFCBF31304894644F07F5180460C
S2140044D00022A44B504641F4401114F05BFF94A315
S2140044E0D3E9002315F00EF902460B46404649462E
S2140044F014F052FF15F0A0FB044615F099F88EA3B1
S214004500D3E900238046894615F0FCF80022964B36
S21400451014F042FF15F090FB89A3D3E90023074669
S2140045204946404615F0EEF880463846894615F06E
S2140045307FF885A3D3E9002315F0E4F802460B467E
S2140045404046494614F026FF02460B46CDE90C23AA
S21400455015F0D8F8DDE90C23804689461046194642
S21400456014F01AFF0022CDE91001804B4046494660
S21400457015F0F2F900227E4B14F00EFF02460B46B1
S2140045804046494615F0E8F900227A4B14F004FF3D
S21400459002460B464046494615F0DEF9DDE90C2397
S2140045A08046894600204FF0804114F0F3FE024614
S2140045B00B464046494614F0EFFE02460B46DDE940
S2140045C0100115F0C9F907F2FF3700226A4B14F004
S2140045D0E3FE00223B0515F095F852465B46804602
S2140045E0894615F01FFB002840F08980CDE90C892C
S2140045F004F16303C62B8CBF0527042731051BD5A2
S21400460053A3D3E900235046594615F001FB002872
S2140046107FD051A3D3E900235046594615F0E4FA5B
S214004620002876D00027A542C6BF2C1B04F1FF3514
S21400463000253C4646F480660E9B9F422CBF4FF0FA
S2140046400008A3EB070816F0020903D0002F18BFD6
S2140046504FF000083CB1DDE90C235046594615F0F2
S2140046607BF982468B46DDE906010022002315F021
S214004670BBFA10B10BF100439B46DDE9080126F4B6
S2140046800063CDE90183DDE90A324BEC10AB0095FF
S21400469000F07EF802465FB3DDE9091316F0200F3E
S2140046A000F10105089E0CBF65204520B047DDE9F6
S2140046B008010523002205930A23002CCDE90232C7
S2140046C007F1FF374FEAD473B8BF64422A46019316
S2140046D004970A9B009434F0B1FA0246B9F1000F31
S2140046E006D00B9BC41A0B9B1A190E9BA34245D8E7
S2140046F0104613B0BDE8F08FDDE906ABCDE600222C
S214004700404649461A4B15F027F9013CCDE90C0105
S2140047106EE7002D90D00F9B002B8DD0013D8BE7D0
S214004720FB799F501344D33FB3C8608B288AC63F9B
S21400473061436F63A787D23F71A379094F930A40FD
S2140047401655B5BBB16B0240EF39FAFE422EE63F76
S2140047502D431CEBE2361A3F0000000080842E41F9
S214004760FFFFEF7F0000F83F0000E03F00002C4016
S21400477000002440000018400000F03F2020DDE943
S2140047800913089DA8470134ADE700BF00000000EC
S2140047902DE9F04F5BEC10AB97B0CDE90501DDE9F4
S2140047A02058CDE90723504652465B465946229F7D
S2140047B015F010FA70B90323CDE902870193AA4BCE
S2140047C00093DDE90501DDE9072334F069F917B048
S2140047D0BDE8F08F4FF0FF326FF480135046594615
S2140047E015F002FA28B10423CDE9028701939F4B06
S2140047F0E6E74FF0FF32504659469D4B15F012FA49
S21400480068B19C4A07F00403002B08BF03229A4BAA
S2140048101CBF13460422CDE902870192D0E750461A
S2140048208DA3D3E90023594615F0FCF938B98CA3BB
S214004830D3E900235046594615F0D6F968B1DDE9AC
S2140048400723DDE905014BEC10ABCDE92187209568
S21400485017B0BDE8F04FFFF7DFBD0022002350463B
S214004860594615F0C1F9002800F091805B46524683
S2140048700020002114F08EFD012382468B4609930A
S21400488017F4806400F08580092D40F285800024AE
S21400489030210EABA5F109020134202C03F8011BD0
S2140048A0A5EB040901D09442F6D15946504615F0BE
S2140048B0C3F9724B054603EBC90393ED007B8DED00
S2140048C00A7B14F0B5FE02460B465046594614F0D5
S2140048D061FDDDE90A2314F015FF02460B46CDE91B
S2140048E00C2315F0D1F9064614F092FE02460B464C
S2140048F0DDE90C0114F04EFD02460B46CDE90C2313
S21400490000225F4B15F08EF9002848D0013630465D
S21400491014F07EFE02460B46DDE90A0115F06EF93C
S21400492008B100260135B9F1000F45D1284614F02C
S2140049307FFE02460B465046594614F02BFD0022D9
S2140049404F4B15F051F910B9E90700D501350A218A
S2140049500EAB1A19202C0AD095FBF1F001FB10556E
S214004960303502F8015B013405460028F2D107F025
S2140049700302012A55D1B8F1000F52D0099A12B994
S21400498017F00C0F01D008F1FF38302240E00990F4
S21400499076E74FF0060988E7A946002485E7002257
S2140049A0DDE90C01364B15F01FF90028BBD10EB11E
S2140049B0F007B8D50136B6E70A210EAB1A19202C37
S2140049C00DD0B6FBF1F001FB1063092E03F13003A6
S2140049D009F1FF3904F1010402F8013B11D8302136
S2140049E0A1440EAA202CB2D04C4504F101030AD1F2
S2140049F004F158020DEB02042E2204F8202C1C466B
S214004A00A5E70646DBE7A1541C46EBE71A5501343A
S214004A10444506D2202CF9D1CDE9028701940EAB8D
S214004A20CEE6202CF8D0099B3BB12D2204F158038A
S214004A306B4403F8202C0134EEE77A0704D504F122
S214004A4058032B226B44F4E73B07E5D504F15803E3
S214004A5020226B44EDE700BF0000000065CDCD418D
S214004A600000000065CDCDC18F4A0400934A0400C3
S214004A70FFFFEF7F864A04008B4A04002092040062
S214004A800000E03F0000000070B58EB02C22002130
S214004A9003A815F085FC64234FF002320893CDE995
S214004AA005230B2301218DF834305B4B8DF8101055
S214004AB01D880D4040F0A980084638F07DFB0A228C
S214004AC0564B574C1A704FF42873ADF812304FF00F
S214004AD0FF332360534B54491B8820460B82534BAD
S214004AE0534A1B68CD828B61524B0D621B884B82EA
S214004AF0514B1B68CB611CF0C1F820B14FF41B7101
S214004B004E4839F097FC0521206834F080FA20B131
S214004B1040F27D21494839F08DFC206814F0F6FB00
S214004B20474B2068196834F035FB0C2538F0ACFF8D
S214004B306843099038F0A8FF68430DEB050107901D
S214004B40206816F0EFFA20B140F295213B4839F084
S214004B5071FC25681EF03CFC00220146284634F015
S214004B6091FB20B140F29721344839F063FC40F2C3
S214004B700353344D344E2B80052396F90000AB705A
S214004B807F2801D11CF070F93378EB7038F07CFF89
S214004B9000EB80008000A88038F076FF0023C0007D
S214004BA04FF0FF31E880AB604FF0FF3018A3D3E939
S214004BB0002338F053FC2549206834F01CFB20689D
S214004BC002A934F038FF20B14FF434711B4839F095
S214004BD031FC042220680DEB020134F0B0FA042800
S214004BE004D040F2D721154839F024FC01A9012051
S214004BF033F0BBFE06F0BEFD01201CF0C7FD2FF013
S214004C00A1FE1CF0EDFD1CF0C7F80EB070BD00BF95
S214004C100A0020FF42030000EE5B002044630020F1
S214004C202054002052AB0400F069002058AB04006A
S214004C30E1D1030050AB040054AB0400BE81040075
S214004C404067002014540020026D002055D2030057
S214004C500348044B834202D0034B03B11847704706
S214004C60346D0020346D002000000000064B07491C
S214004C70C91A891048BF0131491003D0044B0BB143
S214004C8001481847704700BF346D0020346D00207F
S214004C900000000010B5064C237843B9FFF7D8FF94
S214004CA0044B13B10448AFF300800123237010BDFA
S214004CB06816002000000000F8CE040008B5044B7B
S214004CC01BB104490448AFF30080BDE80840CDE7B7
S214004CD0000000006C160020F8CE0400A3F5803A11
S214004CE0704700BF154B002B08BF114B9D46FFF7C2
S214004CF0F5FF00218B460F461148124A121A15F08E
S214004D004FFB0C4B002B00D098470B4B002B00D0D2
S214004D1098470020002104000D000B4815F086FE81
S214004D2015F016FB200029002EF0FFFD15F06CFE96
S214004D30000008000000000000000000081000202E
S214004D4008100020A863002095AA010007B50121DD
S214004D5020200DF1070200F0D1FE50B101212020E5
S214004D600DF107028DF8071000F0D8FE03B05DF8CD
S214004D7004FB9DF807100129F8D00122084814F01A
S214004D80FDF901210DF1070220208DF8071000F033
S214004D90C5FE2EF04EFD4FF4FA6000F0BFFDE5E7CD
S214004DA068E8030038B501F021F8012805D001F0C5
S214004DB01DF8022801D001F031F8064D2B783BB9DA
S214004DC001F014F80128044602D12EF0A5FD2C703F
S214004DD038BD00BFDA5C002070B50C46088800F0CD
S214004DE009FE94F844300546834214D004F11C06AC
S214004DF030462EF02DFD84F844502EF02DFD322145
S214004E00A06430462EF01FFD94F844100248BDE81A
S214004E10704014F0B3B970BD90E8030010B50446B6
S214004E20008800F0E7FDA37884F84400834202BFC0
S214004E300123E3702371074B04F11C00C4E9073417
S214004E4000F0B2FE224620880349BDE8104000F07C
S214004E50E9BD00BF13360300D94D000070B5C37816
S214004E6004460D461646002B34D1D1B1214814F025
S214004E7085F90123E370E36CA6600BB1E06D9847FB
S214004E80E368F61A63699E4221D2217E1A480131F0
S214004E90C9B2217614F072F9A36D13B1217EE06DCC
S214004EA09847E5702EF0D8FC15B3237903BBA268AB
S214004EB0238A801A83421BD201231048237114F0E0
S214004EC05DF9236DA3B1E06DBDE87040184701237E
S214004ED02376E6E70029E4D1094814F04FF9636D1C
S214004EE0E660E5702571002BDBD0E06D9847D8E7CB
S214004EF070BD00BFADE80300BEE80300ECE80300A9
S214004F00D9E80300F8B51E46838804460D461746C2
S214004F100BB18680F8BD817800882EF09BFB0123BC
S214004F20E370084BE5802781A680C4E903340C347F
S214004F30204600F039FE29462046BDE8F8402EF00F
S214004F4082BC00BF5F36030010B501790446B1FA93
S214004F5081F1008849092EF0F4FB21796088B1FAC6
S214004F6081F149092EF0EDFB034B1A68A24204BFFB
S214004F7000221A6010BD00BF8416002070B5437969
S214004F800446A3B100880E4E04F10805336813B139
S214004F900C4B1B786BB121792EF0D3FB64210A4BA6
S214004FA03460A3602846BDE870402EF04CBC4088B4
S214004FB0E9E7064814F0E2F8054B3221A360F1E772
S214004FC084160020DB5C0020494F000002E9030045
S214004FD07D4F000010B50446E0B10F4814F0CEF83F
S214004FE001236371A37953B9217920882EF0A9FB98
S214004FF0236B7BB1606B0121BDE81040184720464B
S214005000FFF7A2FF04F108002EF022FC2046FFF76F
S214005010B5FFEDE710BD00BF38E9030010B5044644
S214005020F8B1104814F0AAF800236371A3796BB99D
S21400503021792088B1FA81F149092EF082FB236B91
S2140050407BB1606B0021BDE8104018472046FFF793
S2140050507BFF04F108002EF0FBFB2046FFF78EFFD7
S214005060EDE710BD43E9030010B5044668B10748F4
S21400507014F084F8637920461BB1BDE81040FFF7B2
S214005080CDBFBDE81040FFF7A5BF10BD4FE9030038
S21400509010B50E4C0E48214614F070F882210D48CB
S2140050A014F06CF882210220A21E00F037FD0146A3
S2140050B030B134F8022C0848BDE8104014F05EB851
S2140050C00648BDE8104014F059B800BF72550020DD
S2140050D05EE9030079E9030084E90300C8E90300F8
S2140050E038B50E4C82212246022000F007FDA51C92
S2140050F0014650B122880A4814F040F8412228465A
S214005100084915F0DDFA4023238035F8021C064ACC
S2140051100648BDE8384014F031B800BF705500208E
S214005120D3E9030053EA03007255002031EA030076
S21400513010B504460146084814F020F8012C07482C
S21400514005D12EF0E4FABDE8104001F05DBABDE8E6
S21400515010402EF0DEBA00BF94EA0300CC660020B2
S21400516070B50024184D194E3378A34217DC00247E
S214005170174D184E3378A34217DC0024164D174EF1
S2140051803378A34217DC00F031FE0128144818D10A
S2140051902EF0BDFABDE87040124800F039BE284631
S2140051A0FFF73CFE01346035DEE728462EF095FA20
S2140051B001343435DEE728462EF0C8FA0134383597
S2140051C0DEE72EF0A6FAE5E758210020E15C002095
S2140051D078250020E25C0020281F0020E05C0020EC
S2140051E0CC660020315100002DE9F04F87B0FFF764
S2140051F077FFAC4B05A805932EF0D1FA054614F0C0
S214005200CBFFA94CC2B21F2A627004D9A74813F07C
S214005210B5FF00F077FB2946A01C15F051FA05A84B
S2140052202EF0BDFA054614F0B7FFC2B21F2A84F866
S214005230212001D99E48EAE7294604F1220015F00C
S2140052403FFA05A82EF0ABFA002604462578002D76
S21400525040F08480974CFFF783FF2378DFF894A212
S214005260DFF89482944E00939AF8003098F8002065
S2140052703178924813F082FF98F800203378904FE8
S21400528013449AF800204FF48270134422784FF6A5
S214005290FF711344DBB2012B38BF01233A46029359
S2140052A02B463D46029C01339C42137050809180F1
S2140052B002F10C02F6DC4FF0000B824C80497A4873
S2140052C0AC6000F059FEE879AB6800EB400003EBF9
S2140052D0800000F05DFCEB79DFF8FC910133EB71A8
S2140052E033785B4500F34A8200274FF00C09764A74
S2140052F0DFF8CCB198F800003178B84200F352825B
S21400530047180C21002501FB07B19AF800009423EA
S214005310A8426E4A00F364820C2598F800300027F5
S2140053204FF070083678DFF8D4A11E44064405FB1B
S21400533006B5604B1B78BB4200F365820299604855
S21400534000F094FC059B57491A468B4240F06E824B
S2140053505F4807B0BDE8F04F13F010BF532D0FD1D4
S21400536063784C2B40F00C81A378502B40F00881DA
S2140053700122584B1A7005A82EF011FA044665E76C
S214005380582D35D8412DF6D9423D162DF3D801A318
S21400539053F825F01D540000F15600007753000026
S2140053A077530000775300007753000077530000D0
S2140053B00155000077530000775300005954000051
S2140053C00354000077530000775300007753000023
S2140053D077530000EF55000081550000775300001A
S2140053E07753000077530000775300005B560000A9
S2140053F0692DC0D1601C2EF0DFF980B22EF015FAB0
S214005400B9E72D4B012019780023334A994202F15F
S214005410A402B0DD02F8A20C0133F7E7601C00F02E
S21400542055FB0546E01C2EF0E9F901210246284608
S21400543000F09AFA60222948294C03785A43A118AA
S214005440A5524FF4FA620A824FF448724A61254A1E
S2140054500A65013303708EE7601C00F037FB0022FC
S21400546034268046204F114600F07EFA38781F4DCD
S21400547006FB00F325F80380EA18E3781046693B3C
S21400548018BF012393702EF028F93B78002103FB08
S21400549006550126164A33441560516016743B7053
S2140054A069E700BF72550020EC650020B3EA0300F0
S2140054B0CAEA0300DC5C0020DF5C0020DAEA0300B6
S2140054C088160020001700208C1B0020D019002012
S2140054D02AEB0300DB5C00208C1C0020E15C002033
S2140054E0582100207F370300E25C0020782500204A
S2140054F0CC660020DD5C0020DE5C002080180020EA
S214005500601C00F0E3FA00221146804600F02CFAF8
S2140055103422CB4DCB4F287802FB00F327F80380CC
S214005520F918E3780846693B18BF01238B702EF004
S214005530D4F8C54A00231146906BB8B901EB831125
S21400554034232A7802FB03738B635EB9BF4A334663
S214005550114652F8040B78B93422287800FB027200
S21400556041F823202B7801332B7004E70133042BFA
S21400557002F14002E0D1E8E70133042BE9D1F1E77C
S214005580601C00F0A3FA0746E01C2EF037F9012154
S2140055900246384600F0E8F96023AD4DAD4C2A7857
S2140055A0A4205343E118E7524FF44873AA4F0B82E6
S2140055B04B61AA4BDFF8C8C28B653B7858430CEBAF
S2140055C000010CF800304FF400704880032008718A
S2140055D0887102EB420004EB401432200133DBB248
S2140055E001324B718C6081F8A0002A7057E7601C6E
S2140055F000F06CFA00224FF038088146984F1146AA
S21400560000F0B2F93B78974D08FB03F325F80390BA
S2140056104FF00109EA1882F80490E3786BB1E01CB9
S21400562000F054FA00220446114600F09DF93B783B
S21400563008FB03535C8083F806908B48824A037805
S21400564099015354397802EB8314C1EBC10205EB80
S214005650C20262634A1C3A70FBE6601C00F036FA2F
S2140056600746E01C00F032FA0546601D2EF0C6F82C
S214005670044602460121384600F076F922466024A8
S2140056802846012100F070F9DFF8C4C1714A9CF881
S2140056900030DFF8C8E104FB03F0111817524FF48E
S2140056A04870C1F858E008824861591CC9B24C439A
S2140056B01719155394246D4D38827861981C8CF810
S2140056C000002878C7F858E04443694F03EB4303CB
S2140056D001EB410107EB040C02EB431302EB411212
S2140056E03855CCF80430CCF808200130287042E653
S2140056F0601C00F0EBF90746E01C00F0E7F900221A
S21400570005461146384600F02FF900223824114687
S214005710284600F029F95248524A03784FF0010E05
S21400572004FB03FC02EB0C0122F80C704FF0000C9B
S21400573081F804E081F806C003EB0E01C9B24C43C1
S214005740171915539C1C047070244A4D87F806C020
S214005750287887F804E04443474FC3EBC303C1EB04
S214005760C10107EB040C02EBC30302EBC102385580
S214005770CCF80430CCF808207044B7E7BBF1000F33
S21400578006D017F8053C03EB430304EB8304BC6028
S2140057903946484601F0E6F90BF1010B09F1A40978
S2140057A00C379DE579180AD0481E09FB00B0C07971
S2140057B000EB400004EB800409FB01B08460104657
S2140057C009FB0151039200F0CFFF31782B48394492
S2140057D009FB015100F0FEFE039A0137403289E5CD
S2140057E0FD4218BF11F8050C03911EBF00EB4000E8
S2140057F004EB80048C6003FB052000F003FE039995
S21400580001350C3181E5F74218BF15F8053C2946ED
S2140058101CBF03EB430304EB830408FB07A018BF7D
S214005820AC6000F0C5FC01370C3582E513F8011DAD
S21400583000297FF488AD3B2102F8011C83E500BFF8
S214005840E25C0020782500208C1B0020CC6600201F
S214005850E15C002058210020DF5C00208337030035
S214005860E05C0020281F0020DE5C0020DD5C0020BD
S214005870D0190020DC5C0020801800201C1F0020AF
S2140058808C1C002007B5022101200DF1060200F055
S21400589035F938B9044813F071FCBDF8060003B0BA
S2140058A05DF804FB0020FAE747EB030007B502218A
S2140058B0ADF806000DF10602012000F02FF90146B2
S2140058C010B1034813F05AFC03B05DF804FB00BFA8
S2140058D068EB030010B5FFF7D5FF044601460748FE
S2140058E013F04CFC0121064813F048FC24B9BDE82F
S2140058F010400120FFF7DABF10BD00BF98EB030091
S214005900AAEB030008B5044813F038FC00F016F9BB
S2140059102DF08FFF2DF08AFFC0EB030038B504464C
S214005920084D094B28462B6000F03EF9002C18BFA6
S21400593021462846BDE8384008BF4FF496712DF042
S21400594082BF00BF7C260020D737030010B5044C6A
S214005950237823B9034838F019FD0123237010BDBE
S214005960E45C00204485040073B506460D461446E4
S214005970FFF7ECFF0E4A330AD35C8DF805608DF80E
S21400598004307DB1012C04D0032C09D00022012163
S21400599001E02246022101A801F01AFE02B070BD05
S2140059A00022F7E704212A460DEB0100F4E700BFCA
S2140059B0C382040007B5064A030AD35C8DF80500C7
S2140059C001A88DF8043001F037FE03B05DF804FB43
S2140059D0C382040007B5064A030AD35C8DF80500A7
S2140059E001A88DF8043001F053FE03B05DF804FB07
S2140059F0C382040007B50A4A030AD35C8DF8050083
S214005A008DF8043000230DF1030101A88DF8033052
S214005A1001F06AFE9DF8030003B05DF804FB00BFCA
S214005A20C38204002DE9F043214C85B00646884623
S214005A309146FFF78BFF23781BB901F0ADFD0123DC
S214005A4023701C4A330AD35C30228DF80C300023B6
S214005A50194F8DF80D6002FB03F4395DE51901BBA3
S214005A6001233B554FF0FF3304F11000134938442F
S214005A70AB606E80C5F80480C5F80C9008F09AFDFF
S214005A8004F10801042239440D4B009503A801F0E7
S214005A9059FEA96802460B4813F070FB05B0BDE836
S214005AA0F0830133102BD6D1074813F067FBF5E7D8
S214005AB0E35C0020C3820400A4260020DD37030038
S214005AC0EF370300CDEB0300FBEB030080B1027859
S214005AD0A2F14103032B0BD840783038C0B2082817
S214005AE006D8054B134413F8413C40EA03207047A0
S214005AF04FF6FF70704700BFC382040008B50B4620
S214005B0042B101460448006802F060FFBDE8084064
S214005B102DF085BE022008BD3867002008B50B466C
S214005B2042B101460448006803F0D8F8BDE80840D2
S214005B302DF075BE022008BD38670020F0B500269F
S214005B40124F8DB0FF2300930A223346386802A90D
S214005B502EF0ADFCC0B102AB1D4603EB800404E0A2
S214005B6055F8043BB34228BF5E1CAC423868E9D9FE
S214005B70296803F039FA0028F2D02D28F0D00DB0AD
S214005B80BDE8F0402DF04BBE0DB0F0BD38670020EC
S214005B9028B1034B0360034B4360002383607047C8
S214005BA019000003E0660020FF2307B50021044A21
S214005BB00093083008F082FC03B05DF804FB00BFD9
S214005BC0413803000B460449024608680349097831
S214005BD008B12DF048BE7047AC290020E65C0020D6
S214005BE0F8B50C4618B122210E4838F023FC24687C
S214005BF023685E795F8830463946FFF7E3FF08B9C9
S214005C008120F8BD8568002DFAD0A368E27C39466D
S214005C103046A84704460028F2D131F01FFF204640
S214005C20EFE700BF23EC0300F8B515460D4A04461F
S214005C3010680D4A0B46117850B122462DF013FE1F
S214005C40034628B100210C27C678B14201DB0020AC
S214005C50F8BD07FB01F45A681019125BAA42F7D088
S214005C600131F2E7AC290020E65C00202DE9F74F71
S214005C7004460D460026454B454F1860454B1970A7
S214005C8033010021F85C01360FF06EFA0C2EF7D1C6
S214005C900C2D28BF0C254FF0000901953C4EDFF86F
S214005CA000A13D4DDFF8FC80019B4B4502DC03B0B4
S214005CB0BDE8F08F23784FF0000B33706388738055
S214005CC0A388B380A379C6F80880B371E379C8F8CF
S214005CD0005088F804304FF00003A768A8F8063094
S214005CE0E3795B450ADC012116F8100B0FF03CFA4D
S214005CF008F1080809F101090C34D5E74FF0000354
S214005D0038886B812880FB784FF0000C2B81BA789E
S214005D10C5F804A0002A00920CBF802240222A73F5
S214005D2079680AF10C02634513DC03EB43030AEBC4
S214005D30830ABB6843B1009A4FF6FF71B2FA82F24B
S214005D40164B520931F01AFE14350BF1010B0C37C5
S214005D50C6E7B1F800E00CF1010C22F80CEC91F863
S214005D6002E00C3202F816EC91F804E00C3102F86E
S214005D7015EC11F809ECBEF1010F14BF4FF0100E30
S214005D804FF0110E02F814ECCDE700BFAC2900204E
S214005D9074400020E65C0020B02F0020E15B00008D
S214005DA0B029002030320020014B1860704700BF39
S214005DB0A829002070B5128805460E46FFF734FF66
S214005DC0044670B102790499806814F03BFB064BD8
S214005DD01B680BB9002070BD3146284622889847BC
S214005DE0F8E78620F7E700BFA829002008B50EF0E0
S214005DF057FA022806D0012806D0044B187840002F
S214005E00C0B208BD0120FCE70220FAE7E55C0020EE
S214005E10014B1860704700BFA4290020034B1A7876
S214005E201AB901221A700AF041BA7047E55C0020E0
S214005E300022064B10B51A70054B1C682CB1FFF7F4
S214005E40D5FF2346BDE81040184710BDE55C00208E
S214005E50A429002037B50446002832D00EF020FAD8
S214005E60022830D1608932F076F9E079237A00385A
S214005E7018BF0120012B637A08BF40F008000BB161
S214005E8040F0100063890BB140F00400257CA18827
S214005E90A2790DB1E36873B90C4B0FF041FD217880
S214005EA008460FF0B9FD31F060FC002814BF03204F
S214005EB0002003B030BDCDE90035054B0FF030FDB6
S214005EC0EDE70220F5E70120F3E700BFB93904004B
S214005ED0BC08040008B50CF047FB014630B1044886
S214005EE013F04CF9BDE808400CF0E2BE08BD00BF58
S214005EF095EC0300034B044A5B7C012103201370DE
S214005F00FFF70CBECC660020E75C002010B5044608
S214005F10FFF7F0FFB4F57F4F0BD100240A4B1A8829
S214005F2013449C70FFF7B4F82046BDE81040FFF716
S214005F30F5BC4FF601739C4204D1BDE810400348FF
S214005F402DF0CDBB10BD00BF70550020CC660020E4
S214005F5010B5074C012122460320FFF7CFFD28B9D4
S214005F602378044A003B18BF0123537410BD00BFBA
S214005F70E75C0020CC6600200822F8B532244B4BA4
S214005F8033251A7030225C70DC7036249A705A7191
S214005F90DA714FF400121C711C72454C4264C464E2
S214005FA0444C01220465444C9D718465434C85181D
S214005FB0C465434CC5674466424C434D8466434CB7
S214005FC0C0F880500467424C80F84820446720247C
S214005FD080F8784080F8844000F12104C0F88840BA
S214005FE03C4C80F85420C0F88C403B4C80F8602035
S214005FF0C0F89440394C80F86C20C0F8984080F87F
S2140060009020374C80F89C20C0F8B830354BC0F84C
S214006010A440C0F8BC300F24022380F8A84080F8C3
S214006020C030314C314BC0F8AC40C0F8C430304CB6
S214006030304BC0F8B040C0F8C830092482232E4D3B
S21400604080F8B44080F8CC302C7C2C4BC0F8A000F4
S214006050C0F8D03044B12A4B80F8D820C0F8D430ED
S21400606005F11103C0F8DC304FF0000CCA798E68D9
S21400607002EB42039F00443006EB830326F807C07A
S214006080586001200C349870DC701318CB71FFF741
S2140060905FFFFFF7ABFE012806D12B7C23B1BDE8DE
S2140060A0F84015482DF01BBBF8BD00BFE85C00208B
S2140060B0DC82040001002000DB82040002002000D5
S2140060C0DA8204000300200005004200D9820400A2
S2140060D00400420007003000D882040012001001BD
S2140060E000404200FDFF2100C7820400D682040063
S2140060F00600420000FF4401CC66002070550020D8
S21400610001FF1001437B044A01211370007811300F
S214006110C0B2FFF703BD00BFF25C002038B50446EE
S2140061200078054D11302A460121C0B2FFF7E6FC83
S21400613008B92B78637338BDF25C0020024B53F825
S21400614020002DF077BC00BF90320020012908B552
S21400615006D0022907D049B92DF063FC002008BDFF
S2140061602DF062FCFAE72DF062FCF7E7024813F028
S21400617005F80120F3E700BFC2EC030011461A46FB
S214006180024B53F82000FFF7E1BF00BF903200201B
S214006190002310B5044683810364A0F844304830D9
S2140061A0FFF702FD014BC4E9123410BD1B3A030091
S2140061B038B504460B781A4A43700D4642F8230059
S2140061C0FFF7E6FF2046FFF7A9FF4FF440132361D1
S2140061D00123144A2375A261134A84F82030E26131
S2140061E0124A84F82C306262114A84F83830A2626F
S2140061F004F10C0222630F4A04F10D036263E363A9
S214006200EA79A86802EB420300EB830110344C6085
S214006210094C40F82340094B8B60531CEB7138BD8A
S21400622090320020F15C002008002000A46C0020C2
S21400623000FF300001FF1001020101047D61000033
S21400624010B47024427B0D48013A012904FB020079
S21400625006D0022908D059B95DF8044B2DF0E1BBF1
S2140062605DF8044B2DF0E0BB5DF8044B2DF0DFBB72
S21400627003485DF8044B12F081BF00BF8018002071
S214006280DEEC0300B0F85C302DE9F0418B420446AA
S2140062900E4638D0437B077C8BB31C4A12789A4252
S2140062A02DD370251A4A013B05FB032390F80F8077
S2140062B01B7B42462DF0CCFBB845054601D1FF2896
S2140062C01FD13A463146204694F890302DF0C0FB58
S2140062D02F460546552212216078A4F85C602DF002
S2140062E0E4FAFF2F03D039462046FFF7A9FFFF2D1B
S2140062F009D029462046BDE8F0412DF0E9BBFF2530
S214006300DFE70746E6E7BDE8F08100BFDC5C00207B
S2140063108018002041688268C978D27849B112B1E5
S2140063200321FFF7AFBF837B002B0CBF01210221A7
S214006330F7E72AB1837B002B0CBF02210121F0E78F
S214006340014812F01BBF00BFEFEC0300037BD3B184
S2140063504368DA7812B18268D278A2B91B7933B171
S214006360837B002B0CBF04210521FFF78BBF8368BE
S2140063701B792BB1837B002B0CBF05210421F4E78E
S214006380014812F0FBBE704721ED0300084A437B2C
S21400639005211370837B5370C37B9370037CD3708B
S2140063A0037B137100780E30C0B2FFF7B7BB00BF97
S2140063B0F35C002038B5044600780C4D0E302A46B3
S2140063C00521C0B2FFF79AFB20B1BDE83840084867
S2140063D012F0D4BE2B7863736B78A373AB78E37339
S2140063E0EB7823742B79237338BD00BFF35C002051
S2140063F05DED0300024B53F820002DF0B3BB00BF49
S214006400B8320020F8B504460B78424A43700D4671
S21400641042F82300404E2DF0C3FBFFF7CBFF626827
S214006420A3683E483E49D6641165D4655065C3E905
S2140064301410DE64DC654FF0987302266361012356
S21400644004F10C01E16137491032216204F10D01BB
S214006450A16235492376E16204F10E016163334996
S21400646084F82430A16304F10F012164304984F8D4
S2140064703030616404F11001E1642E4984F83C3048
S21400648084F84830216584F85460A265E879A968E4
S21400649000EB400201EB820704F1140CC7F804C0BD
S2140064A04FF4817C244F41F82270C218D2B202EB1E
S2140064B0420241F822C001EB820700227A601F4A9E
S2140064C084F8703022661E4A84F88830A2661D4A18
S2140064D01D4BE2661D4AC4F88C3062671C4A83195D
S2140064E0A26704F15C02C4F88020DBB2194A03EB11
S2140064F04303C4F8842084F8646084F87C6001EB6D
S214006500830260345460144A033041F82320E87153
S214006510F8BD00BFB832002015630000273B03001B
S2140065204D6300000100200102001001030030014D
S214006530040030010500210101FC01064A0021008B
S214006540DE82040051001000E0820400E1820400B4
S214006550550021006F0018001200010470B50D46AA
S2140065600646144613460A460146164812F006FE2C
S21400657025B92046BDE87040FFF7C8BC072D05D1F9
S21400658021463046BDE8704000F0B2BA4FF60143EF
S2140065909D4205D121463046BDE87040FFF72ABF30
S2140065A0062D05D121463046BDE8704000F096B86D
S2140065B0B5F5817F05D121463046BDE87040FFF72E
S2140065C0BDBD70BD8CED03000148FFF7EDBB00BFFD
S2140065D05D6500004FF4C01330B5036001230371FE
S2140065E0074B8C688360CA7902EB420304EB830591
S2140065F06860044844F82300531CCB7130BD00BFCC
S214006600E28204000400010138B50024044D55F868
S214006610040B08B12DF0D4FA01340A2CF7D138BD9A
S214006620E0320020042908B509D15AB113781BB905
S2140066302DF0F1FA002008BD2DF0E3FAFAE7024843
S21400664012F09CFD0120F6E7BFED030011461A4646
S214006650024B53F82000FFF7E5BF00BFE0320020F2
S2140066600229024608B50ED004D839B910462DF0D6
S214006670D2FA06E04029F9D0412907D110462DF07C
S214006680C0FA002008BD2DF0D0FAFAE7024812F052
S21400669075FD0120F6E700BFDFED030011461A4640
S2140066A0024B53F82000FFF7DBBF00BFE0320020AC
S2140066B0426B094B52791A7082785A70C2789A7077
S2140066C0826B12B190F83C20DA7000780421093011
S2140066D0014AC0B2FFF722BAF85C0020024B53F81A
S2140066E020002DF0BEBA00BFE032002038B50446C8
S2140066F00078084D09302A460421C0B2FFF7FEF99B
S21400670030B96B78A370AB78E370EB7884F83C30E4
S21400671038BD00BFF85C002038B504460078114D3F
S21400672009302A460421C0B2FFF7E8F9C8B9A378B1
S2140067302A78022B0CD004D863B920462DF06BFAC9
S21400674001E0FF2B0AD02046BDE838402DF038BACD
S214006750002AF2D120462DF054FAF4E7002AF9D1A7
S214006760EBE738BDF85C0020F8B504460B78284AFD
S2140067700D4642F823004370FFF7B8FF636B254AC7
S2140067805C631A632046FFF7C7FF20462DF018FA11
S2140067904FF4801363600123626BA66B0532E260E0
S2140067A01D4A23722261A21C2375A26166B11B4A90
S2140067B084F82030E261E21C6262194A84F82C30C8
S2140067C004F13C03A26223630627EA79A96802EB78
S2140067D04203002E21F8237001EB83000CBF022336
S2140067E00423C370012383700E4B04348360531C50
S2140067F04460DBB20C4C03EB430341F8234001EB4F
S214006800830000234360094B02328360EA71F8BDBF
S214006810E03200203F3C03000340300101FF30011E
S21400682002FF10019D660000080001004D66000092
S21400683002464179D37808480139042B00EB8110D1
S21400684008D8012B04D80BB92DF0DBB92DF0E3B92D
S2140068502DF0EBB9704700BF8C1B00200246417933
S214006860D37808480139042B00EB811008D8012B97
S21400687004D80BB92DF0CFB92DF0C3B92DF0D5B98A
S214006880704700BF8C1B002030B587B004464579A2
S214006890FFF7ACFA012822D1E2786B1E042A1ED834
S2140068A0DFE802F00431031F2800104663784FF437
S2140068B080728DF804304FF48273ADF806300623EC
S2140068C0ADF8083001238DF80B3000238DF80A0050
S2140068D001A8CDE903238DF81430FFF7BBFA07B003
S2140068E030BD0A4A02EB83135B6B5B79181E18BF38
S2140068F00120DBE7054A02EB83135B6B5B79B3FA97
S21400690083F04009D2E70020D0E700BF8C1B0020B0
S21400691030B587B004464579FFF768FA012829D1D3
S214006920E3786A1E042B25D8DFE803F00B0B0B0375
S2140069302600164B03EB82135B6B5B79003B18BF9C
S214006940012362788DF80A308DF804204FF48272A5
S2140069500123ADF8062006228DF80B30ADF808208E
S21400696000234FF4807201A8CDE903238DF814307C
S214006970FFF770FA07B030BD044B03EB82135B6B76
S2140069805B79B3FA83F35B09DBE700BF8C1B00205F
S21400699010B586B00446FFF729FA012812D16378AD
S2140069A0094A8DF804304FF48273ADF806304FF480
S2140069B08073CDE90223002301A804938DF81430D8
S2140069C0FFF748FA06B010BD0800070110B586B0FC
S2140069D00446FFF70BFA012820D16278104B8DF899
S2140069E004204FF4827294F8A01094F8A100597015
S2140069F01870ADF8062004934FF4807202230949FC
S214006A0001A88DF81430CDE90212FFF723FA94F8A6
S214006A10A130013B18BF012384F8A13006B010BD99
S214006A20FC5C00200800050110B583780446E3B13D
S214006A300379022B06D143790C48013B00EB831007
S214006A402DF0F3F8A379022B02D12046FFF71CFFA6
S214006A502046FFF7BBFF02236078A4F86C3055226F
S214006A60BDE8104012212CF020BF10BD8C1B00206A
S214006A704388094A082113808388538083681B8AC9
S214006A80938090F8A03093718379D37100780430A6
S214006A90C0B2FFF743B800BFF255002038B50D4628
S214006AA004460178104812F069FB4FF602739D42C7
S214006AB00CD163791BB10D4A12789A4201D2012398
S214006AC063712046BDE83840FFF7D2BFB5F57F4F6B
S214006AD0F7D120462DF022F9A378022B0CBF012215
S214006AE00022A3689A70ECE7FBED0300DE5C002052
S214006AF0024B53F82000FFF7D1BF00BF0833002039
S214006B0038B504460078134D04302A460821C0B232
S214006B10FEF7F4FF20B1BDE838400F4812F02EBB58
S214006B202B8863806B88E978A380AA88A3681A827A
S214006B30AB7984F8A030EB79A37119B1074B1B78B9
S214006B408B4205D2064812F019FB23780133637195
S214006B5038BD00BFF255002015EE0300DE5C0020B5
S214006B603EEE0300F8B504460B78474A0D4642F859
S214006B7023004370FFF7C4FFA268444BD465D36478
S214006B80434B02265365434BA11C13654FF4401339
S214006B90E36001236161E1623F49103221632265AF
S214006BA0211D3E4AA1633E483E49626504F1A002AB
S214006BB0A061E163E265E01C611D3B4A20626164FE
S214006BC03A483B492266A21D2374237784F828306E
S214006BD084F8343084F84030A16484F84C6084F83B
S214006BE0583084F864306062A266E879AA6800EBE0
S214006BF0400102EB810704F10C0CC7F804C04FF00B
S214006C00060C2C4F42F82170C118C9B201EB4101A5
S214006C1042F821C002EB810700217960264F84F8F4
S214006C2080302767254F84F89830A767244F254B78
S214006C30E767254F84F8746084F88C60C4F89C304D
S214006C4004F16C06831CC4F88470C4F890601F4F6F
S214006C501F4EDBB203EB4303C4F89460C4F888709D
S214006C6002EB83067034746008261A4C42F8234000
S214006C70C31CDBB203EB430302EB8304043042F88D
S214006C8023606160E871F8BD08330020893C03008A
S214006C90CB3C0300296A000001FF300104FF2001FD
S214006CA01000300102FF200105FF300100FF300117
S214006CB003FF2101070001084A002100E4820400C6
S214006CC051001000E6820400E7820400550021000F
S214006CD06F0018001200010400239B6AB3F5804F72
S214006CE003D21968064A914203D0002303708360DA
S214006CF07047012202709A689B694260F7E700BFFE
S214006D0007B0CD5E024B034A1A602EF08FBB00BF61
S214006D100000002002020FF073B53F4B04461A78BD
S214006D201AB102221A7002B070BDCDE90022002806
S214006D30F9D001261E7037F08BFA384D384B1860A4
S214006D4016F0FEFF2B785BB902F0F2F940B9354831
S214006D500823354A3549006801F038FE00B92E7020
S214006D60334B5A68E260334A9A601A6E22605A6E53
S214006D706260D3F87021A2601B6E5C042CD52E4A8C
S214006D80D368D807FCD42D4B1A68531C29D04FF46F
S214006D90801393402A4A13660423294C4FF08042FE
S214006DA023664FF480632366102323664FF4005354
S214006DB06846236601A9226663662CF0C7FF009B1F
S214006DC02366019B63662B78002BACD0164B1A68A3
S214006DD022665B686366A6E71A4AD368D907FCD4BE
S214006DE0D1E7194B1B78002BD6D1184B5A68144B99
S214006DF012B94FF480121A66154A526812B94FF447
S214006E0000121A66134B5B68002BC5D14FF4800244
S214006E100B4B1A66C0E700BFFF5C0020005D002039
S214006E2040330020386700204433002000710800FB
S214006E300080004455CEAC000000044004670020EB
S214006E400090004400000450FE5C002000800550C6
S214006E5000C005500000065038B5224D04462B7879
S214006E60012B02D001232B7038BD0028FCD02CF05B
S214006E7092FF013009D02CF08EFF40F201139842A9
S214006E8003D0194AD368DB07FCD42268174B1A666E
S214006E9062685A66A268C3F87021E268D40744BFE5
S214006EA000229A60124B1A68013213D1114A1278E6
S214006EB082B911494968C80748BF1A600F4A526824
S214006EC0D10744BF01221A600D4A5268D20744BF58
S214006ED002221A6016F03CFF0A4B186837F0B3F926
S214006EE00023C0E7FF5C0020000004400080004450
S214006EF004670020FE5C00200080055000C005509E
S214006F00000006504033002070B50024A36AB3F595
S214006F10804F23D21A68134B9A421FD1124E3378F1
S214006F2013F0FD0518D14FF480341048FFF7F4FE37
S214006F30032004F0CBF90E4B0320DC6004F0AAF922
S214006F400C4B1C61AB6ADB69984704460748FFF7A1
S214006F5083FF0CB901233370204670BD4FF4817453
S214006F60FAE700BF07B0CD5EFE5C0020303300209D
S214006F7000A000440090004413B5204B1B7803B9D2
S214006F80FEE700231E4CCDE900336A4608231D4960
S214006F90206801F01BFDF8B91B4AD2F84031D2F840
S214006FA040211F2B4FF0010311D9203A9340019A3C
S214006FB01A43019208236A461249206801F08EFEA1
S214006FC0124B134A1A602EF031FA02B010BD9340ED
S214006FD0009A1A430092EDE72D28F1D10A4AD2F81A
S214006FE04031D2F840211F2B4FF0010385BF203AD5
S214006FF093409340019398BF0093DBE7FF5C00202B
S214007000386700200071080000800044000000205F
S2140070100B020FF038B50025AB6A0446B3F5804F77
S21400702010D21B6BB3F5804F0CD20748FFF774FEE7
S214007030AB6A20461B6B5B689847BDE83840024841
S214007040FFF70ABF38BD00BF4C33002013B500243D
S214007050A36A0190B3F5804F13D21B6BB3F5804F34
S2140070600FD20948FFF758FEA36A01211B6B01A83F
S2140070709B69984704460448FFF7EEFE204602B098
S21400708010BD4FF48174F9E74C33002070B500262C
S214007090B36A0446B3F5804F0D4612D21B6BB3F5A8
S2140070A0804F0ED20848FFF737FEB36A20461B6BA8
S2140070B029469B69984704460348FFF7CDFE2046BD
S2140070C070BD4FF48174FAE74C33002070B500268B
S2140070D0B36A0446B3F5804F0D4612D21B6BB3F568
S2140070E0804F0ED20848FFF717FEB36A20461B6B88
S2140070F02946DB69984704460348FFF7ADFE20465D
S21400710070BD4FF48174FAE74C330020F8B50027C1
S214007110BB6A0446B3F5804F0D46164611D21B6B6C
S2140071207BB10948FFF7F8FDBB6A20461B6B324669
S21400713029465B6A984704460348FFF78DFE2046BB
S214007140F8BD4FF40174FAE74C33002070B5002602
S214007150B36A0446B3F5804F0D4612D21B6BB3F5E7
S214007160804F0ED20848FFF7D7FDB36A20461B6B48
S21400717029469B6A984704460348FFF76DFE20465B
S21400718070BD4FF40174FAE74C330020F0B50027C9
S214007190BB6A0446B3F5804F0D461646ADF5337D03
S2140071A020D21B6BB3F5804F1CD21048FFF7B4FDFE
S2140071B0BB6A20461B6B40F2C1225B6A01A9984756
S2140071C0044630B10948FFF747FE20460DF5337DEB
S2140071D0F0BD836A32461B6B2946DB6A01A89847D6
S2140071E00446EFE74FF40174EFE700BF4C3300208E
S2140071F010B50024A36AB3F5804F10D21B6BB3F50D
S214007200804F0CD20748FFF787FDA36A1B6B1B6BEA
S214007210984704460348FFF71FFE204610BD01248A
S214007220FBE700BF4C330020F0B58FB0044601A842
S2140072300E461546FFF7EEFE9DF80C30012B12D1D8
S214007240B5F5402F27D8B4F5402F24D86319B3F5E9
S214007250402F20D821462A46304613F031FA002423
S21400726020460FB0F0BD0027BB6AB3F5804F15D29D
S2140072701B6BB3F5804F11D20A48FFF74DFDBB6A72
S2140072802A461B6B314620465B6B984704460548EA
S214007290FFF7E2FDE4E740F20244E1E740F20114C2
S2140072A0DEE700BF4C330020F0B58FB0044601A8DF
S2140072B00E461546FFF7AEFE9DF80C30012B1FD18B
S2140072C0B5F5402F06D8B4F5402F03D86319B3F5AB
S2140072D0402F13D940F2024420460FB0F0BDE258CA
S2140072E0013225D104339D42F9D82A46314620463C
S2140072F02CF081FD0028EDD00024EDE70023F2E716
S2140073000027BB6AB3F5804F15D21B6BB3F5804FD1
S21400731011D20A48FFF700FDBB6A2A461B6B3146AE
S21400732020469B6B984704460448FFF795FDD3E735
S21400733040F20344D0E740F20114CDE74C3300207E
S21400734070B58EB0044601A80D46FFF763FE9DF8A3
S2140073500C30012B22D144EA0503C3F30C03002BA7
S21400736033D1B5F5402F04D940F2024420460EB082
S21400737070BDB4F5402FF7D82544B5F5402FF3D8A7
S214007380204604F500542CF02FFDAC4202D0002815
S214007390F6D1E9E70028E7D00024E7E70026B36A3D
S2140073A0B3F5804F14D21B6BB3F5804F10D20A484A
S2140073B0FFF7B2FCB36A29461B6B2046DB6B984787
S2140073C004460548FFF748FDD0E740F20444CDE701
S2140073D040F20114CAE700BF4C330020BFF34F8FC2
S2140073E00549064BCA6802F4E0621343CB60BFF35C
S2140073F04F8F00BFFDE700BF00ED00E00400FA0578
S21400740070B5D0B1C9B10E4E431E013913F8014F05
S2140074102046325D02F00302012A11F8012F08BF50
S21400742004F12000B55C05F00305012D08BF2032ED
S214007430801A01D1002CE9D170BD0120FCE700BF05
S21400744041AA04000348044A0449121A92102CF078
S2140074501EBD00BF34410000D0420000446400203E
S21400746008B5154B83F30A8800F030F8FFF7EAFFFB
S214007470124B13498B4212D30020124B12498B42F7
S21400748018D3FDF72FFC186850F82240586840F8CB
S2140074902240013298688242F5D30C33EAE7002294
S2140074A0F8E71C6844F8220001325C68A242F8D370
S2140074B00833E4E70022F8E70800002000CF0400C5
S2140074C00CCF04000CCF04000CCF0400124B134A60
S2140074D070B59A60D3F88820114D42F47002C3F854
S2140074E088206FF0010205F50054226641F2FF7213
S2140074F062660222C3F8D020BFF34F8FBFF36F8FB0
S2140075004FF44036032003F0E1FE0320E66003F06C
S214007510C1FE2E6170BD00BF00ED00E0004000001F
S21400752000800044014B1860704700BF0C670020C5
S214007530054B1860054B1B6F03F00703032B01D1A7
S21400754034F038BF704700BF14670020008000503A
S2140075502DE9F04104464FF001080C250D4E0CB9FC
S214007560BDE8F08194FAA4F0B0FA80F00F2808FA8B
S21400757000F2C8BF103824EA0204CABF05FB006246
S21400758005FB0062B4325768002FE8D09168C0B29D
S214007590B847E4E75C33002008B50C4836F0F6FE42
S2140075A0192003F085FE28B1192003F08FFE19205C
S2140075B003F070FE1A2003F07BFE28B11A2003F0B9
S2140075C085FE1A2003F066FE002008BD44850400F0
S2140075D02DE9F0410E461746054618B30F2923D865
S2140075E00378DBB1013BDBB2022B19D8104AD35C1F
S2140075F06A78D340DB0717D50E4BD3F81043ACB9E7
S21400760036F026FE80463A462846314602F0BEFB55
S214007610404636F018FE2046BDE8F0817F23E7E7B7
S2140076200023E5E72224F6E72124F4E70224F2E724
S2140076303883040000C0035010B5044610B3037826
S214007640E3B1013BDBB2022B1AD8104AD35C627856
S214007650D340DB0718D536F0FBFD0122617823788E
S2140076608A4030214B4341F2100103F1A04303F559
S21400767070335A5036F0E7FD002010BD7F23E6E752
S2140076800023E4E72220F8E72120F6E73883040009
S21400769010B5044610B30378E3B1013BDBB2022B0E
S2140076A01AD8104AD35C6278D340DB0718D536F078
S2140076B0CFFD0122617823788A4030214B4342F285
S2140076C0100103F1A04303F570335A5036F0BBFDAA
S2140076D0002010BD7F23E6E70023E4E72220F8E73A
S2140076E02120F6E73883040038B50D46044618B363
S2140076F011B30378E3B1013BDBB2022B1AD8104A70
S214007700D35C6278D340DB0718D536F0A1FD302273
S2140077102378534303F1A04303F570335B69627823
S214007720D34003F001032B7036F08DFD002038BDEA
S2140077307F23E6E70023E4E72220F8E72120F6E7A8
S214007740388304002DE9F0410D4616469846044657
S21400775000284FD000294DD00178002940D04B1E7C
S214007760DBB2022B3ED8254AD25C6378DA40D207D9
S21400777001D4FF2940D1022E01D9042E3CD136F087
S21400778067FD23780746FF2B05D03246204629683A
S21400779002F042FB28602B68013309D12378FF2BC7
S2140077A006D1174B6078D3F824142DF0AFF8286074
S2140077B029684B1C18D00C23124A03FB0122069B97
S2140077C0C2F8048093602378FF2B04D001230E4A6E
S2140077D08B40C2F82434384636F035FD002007E0EA
S2140077E07F22C2E70022C0E7384636F02CFD2D2067
S2140077F0BDE8F0812220FBE72120F9E7388304006A
S21400780000C003505C33002000D0035008B502F0DF
S214007810B3FA044B00F05530C3F82004BDE8084026
S214007820FFF796BE00E0035008B502F0A5FA044B39
S21400783000F0AA30C3F82004BDE80840FFF788BE71
S21400784000E003502DE9F04F144605460E469B46D1
S214007850C36B87B001225B6902A960689847EB6B2F
S21400786001225B6903A93046984702A82CF00EFF58
S214007870074648B10023A37563754FF0FF33A36036
S214007880002007B0BDE8F08F03A82CF00CFF012302
S214007890A375237E04EBC303DE611F846368B342D3
S2140078A00ED1206003A82CF020FF4FF0FF33207588
S2140078B0A360237D043B022B26D80023A375DFE7B5
S2140078C023681A1A53425341A37503A82CF00DFFE0
S2140078D0237D834218BFA77503A82CF0E8FE074651
S2140078E002A82CF0E4FE874218BF002303A818BFA6
S2140078F0A3752CF0E4FE074602A82CF0E0FE8742B3
S2140079001CBF0023A375D4E703A82CF0D0FE80B1DB
S214007910EB6B022230465B6904A9984704A82CF05A
S214007920D5FE0346207D032839D8DFE800F0383836
S214007930040903A8F3E7CC22237E04EBC3031A84CE
S21400794001F06EFC109B187003A8277E2CF0A3FE97
S21400795004EBC70787F82200237E03A804EBC303C3
S214007960B3F8209093F822702CF0A1FE804603A86E
S2140079702CF0A5FE8246B8F1000F15D0EB6B022264
S21400798030465B6904A9984704A82CF064FE60752D
S214007990637D6BB90023A3754FF0000838E0227EA4
S2140079A004EBC2021384CBE703A82CF03FFEEEE7FD
S2140079B094F81680B8F1000FEED0B9F1000F09D197
S2140079C0DFB10123E375637E002B4FD1012F42D137
S2140079D0677614E06B6C06EB0A015A4286EA0100F1
S2140079E010421CBF0022A2755A1E0A409B1A9945D7
S2140079F0D0D8A37D002BE3D1CEE7E37D43B94FF08B
S214007A0000084B465246314628462CF08AFBA060BA
S214007A10A27D12B123694B4423611A49237E09785B
S214007A2099422AD901332376BBF1000F27D032B30F
S214007A30E37D23B3B8F1000F21D1032F1FD0A16837
S214007A404B1C1CD0109B2246009328460123FFF7B0
S214007A50F9FEA07513E095F8343063B9EB6A01338C
S214007A60CFD1032FCDD10123A376C8E7012FCFD0E6
S214007A70032FC4D1F7E79846C3E70023A375A07D7C
S214007A80FFE600BF5C8304002DE9F04F0E469846E3
S214007A9000238BB004464FF0FF31104617468DF892
S214007AA0133001F0A7FBB6F5801F20D2314605AA99
S214007AB004F108002CF03CFD451C014603D1237C54
S214007AC0BBB92D2010E0384601F094FB0122394660
S214007AD020460DF113032CF076FB0028EFD09DF81E
S214007AE0133088F8003000200BB0BDE8F08FB01CD3
S214007AF0E5D1E56A691C36D12046616A2CF057FA52
S214007B000546B31C18BF0123DFF8CC900193636AC7
S214007B10626C0293236805A902FB053AE36B052213
S214007B205B695046984705A82CF04BFE2CF06EFE7D
S214007B3050462CF076FE4FF0000B824601464B1C5A
S214007B4005D0636C81EA0A025B42134211D02946D3
S214007B5020462CF02CFA029BAB422CD0BBF1000F37
S214007B602CD10546D3E72368ED1A636CB5FBF3F515
S214007B70C7E7484601F03EFB0DF113034946204691
S214007B80019A2CF020FB034690B1B21C03D0D9F822
S214007B900020B2420CD19DF8132003930D4B88F8B9
S214007BA0002049461A68384612F08AFD039B9B4619
S214007BB0D9F80810C3E7BBF1000F82D0B6F5801FD6
S214007BC091D2314698F800307A6804F1080001F046
S214007BD03FFA88E758830400383B00202DE9F3413C
S214007BE00446174698460E46184D816AE36A8B424D
S214007BF001D04B1C02D102B0BDE8F081284601F04E
S214007C00F9FA0122294620460DF107032CF0DBFA8B
S214007C1038B14346294620469DF80720B847002835
S214007C20E9D0A9684A1C04D1696820462CF04CFAB1
S214007C300146012EDAD16B6881EA0302636C5B426F
S214007C401A4218BF4FF0FF31D0E700BF0C3B0020B0
S214007C502DE9F04F4FF0FF334FF6FF720025044634
S214007C6000F10806C0E909238BB0C362056205630C
S214007C70304688462CF02DFC20462CF068F960BB78
S214007C80204641462CF0E3F920462CF060F960BB14
S214007C905E200BB0BDE8F08F2368E26B606C57691E
S214007CA000FB0530052205A9B84705A82CF089FD7C
S214007CB0012807460CD1294620462CF099F9012FB9
S214007CC0024600D10132294620462CF05FF903E037
S214007CD02CF0A1FD0028EED10135E3699D42DBD3EF
S214007CE020462CF034F90028CAD000254FF0FF3982
S214007CF04FF6FF73CA46A846C4E90853E369984599
S214007D000AD3A5EB0905012D2CD84FF6FF72636A3E
S214007D1093423CD16720BCE72368E26B606C5769EE
S214007D2000FB0830052205A9B84705A82CF049FD38
S214007D30834605A82CF01CFD074658462CF066FD29
S214007D4068B1574538BFC4F82480B94528BFB9463E
S214007D50BD4238BF3D46BA46236A0133236208F166
S214007D600108CBE74FF6FF7300256362E3699D4287
S214007D70CBD2676C2068E36B052207FB05005B69C6
S214007D8005A9984705A82CF0F3FC0135EEE7E26B51
S214007D90676C2068694607FB030055690522A847FB
S214007DA068462CF0E5FC626A2368606C4B4D00FB6D
S214007DB002302CF036FD4FF0FF33A062E3622A4615
S214007DC06FF00101204605ABFFF75EFE002846D1A6
S214007DD0AD6829462046E5622CF095F8206320B968
S214007DE02046E16A2CF070F9E062294620462CF025
S214007DF06BF90546A36A9D4233D120462CF056F80F
S214007E0000278046B946E36999453CD3B84559D919
S214007E102046616A2CF0CBF80026054604F1400A9D
S214007E20B74212D8626C2368694602FB0539E36BD9
S214007E3005225B694846984768462CF099FC5346ED
S214007E4002464946E06B2CF0EEFC294620462CF014
S214007E50AEF80136B0450546E2D1642019E7A56ABA
S214007E60B7E7294620462CF04EF8236B29460344F4
S214007E700746236320462CF027F90546002FB9D184
S214007E80C4E90B07B6E7636C2568052203FB0955B2
S214007E90E36B05A95B692846984705A82CF091FC7A
S214007EA02CF0B4FC58B128462CF0BBFC014620460A
S214007EB02CF029F8636C143B984208BF013709F18F
S214007EC00109A0E730462CF004FB002320461946A3
S214007ED0034AFFF783FE0020DBE600BF643B00207A
S214007EE0B54103002DE9F041036B9046826B0768AD
S214007EF09A4288BF8363426C436A90B002FB037762
S214007F00C36B0E46052201A95B69044638469847AE
S214007F1001A82CF056FC01280146307057D0656C3D
S214007F20E26B2368606AD2F814C005FB00300522B5
S214007F3006A9E04706A82CF044FC01284FF00005EF
S214007F4023D0D4E90A3201219342CDE90B458DF8BE
S214007F5034800E958DF83C102AD1194620462CF018
S214007F60B3F8236B626C14339B1AE06223630C9B9A
S214007F7053B99DF83C303BB1626A616C2368E06B94
S214007F8001FB02312CF0D5FB0C9DE36B05225B69EF
S214007F9001A93846984701A82CF013FC30702846F3
S214007FA0236BA26B9A4288BFA36310B0BDE8F08132
S214007FB0237C33B91C490BAA04F1080001F096F89B
S214007FC0D5E72046194A0BABFFF708FECFE7237C20
S214007FD023BB2246164904F1080001F087F8616ABF
S214007FE020462CF005F8616A421C20462BF0CEFF96
S214007FF0054620B9236B626C1344143B236320466A
S214008000A16A2CF061F82368A062C01A636CB0FB0A
S214008010F3F0606220462CF09AF8B6E7002320467C
S214008020044AFFF7DBFDDAE78987000005870000D2
S2140080304F420300EB41030073B50D46D11E4A4282
S2140080401C461B7E4A419A4226D1296823689942DB
S21400805022D3636899421FD8114E0DF107033246AA
S214008060FFF712FDC0B972686B689A4214D19DF88A
S2140080700730DA1E53425341227E93420CD1636985
S21400808001336361D4E90323934205D22968A268C9
S21400809042F8231001332361012002B070BD00BFF7
S2140080A0643B00202DE9F04F9B4689B09DF8483090
S2140080B09046514A0193136907465B450D46C0F04A
S2140080C09580D94653680093B9F1000F7BD0FB6BBF
S2140080D001225B6905A90098984705A82CF0E3FAE9
S2140080E0454B1B68984240F0848005A82CF0E7FAC0
S2140080F00428064615D105A82CF0E8FA009B04468D
S2140081001E44019B002B3ED1804512D91C46A8EB8D
S2140081100008384600992BF0D7FFA9EB0409009019
S214008120D2E7FB6B02225B69009806A9984706A86F
S214008130E2E7A0EB08045C4528BF5C46032C4644F7
S214008140ABEB040B1DD9FB6B294630465B69A208D6
S214008150984724F0030304F0030A1E441D44DDF888
S2140081600480BAF1000FD4D0FB6B012206A930467A
S2140081705B6998475246284606A912F0A1FA55446C
S214008180C7E7A246EBE7824600F0030302932B18EC
S21400819003930644039BA6EB0A00A3EB0A05029B87
S2140081A09A4514D1BAF1000FB3D0FB6B012206A991
S2140081B05B6998475246284606A912F03DFC0028FF
S2140081C0DDD04FF03609484609B0BDE8F08FFB6BAE
S2140081D0012206A95B6998470422284606A912F0E0
S2140081E02BFC0028EDD1AAF1040AD3E74FF063096F
S2140081F0E9E74FF06F09E6E7903B00202DE9F041F4
S2140082000F4616469846044688B060B390F8345039
S214008210FDB101212BF090FE00210E9BCDE905114A
S214008220CDE902379DF83C30CDF804808DF81C303F
S214008230237C04968BB90D4901AA04F1080000F0CE
S21400824055FFDDE90553E06B002E08BF1D462CF0F8
S2140082500CF8284608B0BDE8F0812046044A01AB79
S214008260FFF7BCFCEDE70546F3E700BF1942030045
S214008270398000007FB590F84260044601920DF107
S2140082800B030A46304611492BF0F7FF012E054630
S214008290E36B17D132465B6903A998479DF80B102C
S2140082A0039B019A59B19BB243EA02430122284636
S2140082B00393E36B03A99B69984704B070BD62F310
S2140082C00F03F3E701229B6901A9F5E7903B002025
S2140082D02DE9F04F99B00E460D920A69416C0B934A
S2140082E01439D31DB3FBF1F3013302EBC302036B66
S2140082F004469342C0F001820023DFF804940893FA
S214008300E36A48461946059300F074FFD6E903373A
S21400831007930B9B022B4DD1CC2F40F0D7810D9BA2
S2140083203BB1314620462BF0FEFF656C14900120D1
S21400833044E00120079B656C1B68149300F0010065
S21400834000280CBF04230823782F0E9349D8059ADB
S2140083506B1E1340ED1A3B1D9D423CD2002F3DD0B4
S214008360082D3ED80023042506934FF0040A3368F0
S21400837006990B98C9F80030C9F810702CF0B9F9B6
S2140083804FEA9A030F93059B89F814000393002382
S21400839009930C9304930A93616C039B4A1E1A403C
S2140083A08B1A27B35544AB4223D8236B5B1A13446E
S2140083B023632FE1782F656CB9D8F07D0D9B002BD9
S2140083C0BCD0E36B01225B69706816A9984716A8B3
S2140083D02CF06DF9B4E700250695C6E70425069748
S2140083E0C3E7012300254FF0080A0693BFE753456D
S2140083F0DBD3A3EB0A029742039BB84628BF9046FE
S2140084009742534428D90122D9F8101089F817202A
S2140084108F4226D10399C9F80410049299F81720C0
S2140084200AB399F818100398CA1C09EBC2025060E8
S21400843004980131A2F80880907289F81810B8F1F3
S214008440000F07D00B9A022A40F08180099A72B179
S214008450012209929B46ABE0049A002A18BF032229
S214008460DBE70222D9E7039AC9F80420E7E70C9A6B
S2140084704244032AEED9E26B1846956914A90122F4
S2140084800993A847099B05460028E1D03D2D40F0FA
S2140084901E8104F1080303932368059A606CA2EB1F
S2140084A0030ABAFBF0FA00FB0A302CF0BAF9E16ACC
S2140084B0804620462BF008FEA26A824200F00F811A
S2140084C0626CD9F80830511E0B40216B2768891A58
S2140084D00B442363089BE062DF1BB7FBF2F7BA4549
S2140084E040F0FA80059BB3EB080A12D0E36B4FEA24
S2140084F09A0241469B6998478346E36A059A534425
S214008500E362236B03989B1A434423632BF0E1FF3B
S214008510DA462368616CE06B01FB07312CF0F6F855
S21400852020462BF014FD20462BF011FE2063BAF1F6
S214008530000F00F0D4803269616CD31D1439B3FB90
S214008540F1F3013302EBC3029042A5D2BFE00D9ACD
S214008550002A77D1B8F1030F4FEA98026ED9E16B83
S21400856018468D6907991093A847109B0546C0B911
S21400857018F0030515D0079A28F0030B02EB0B0141
S2140085809B444FF0FF3215A815922A46109312F01E
S21400859097F8E26B5846956915A90122A847054643
S2140085A0109B9B46079A42440792002D40F08B8012
S2140085B0049B16A80193069B009399F81420434643
S2140085C0316800F0CDFDE36B0F9A9B69039816A9FE
S2140085D09847039A051E089B18BF13460893434600
S2140085E05246204603992BF09CFD236B08F10302AC
S2140085F0A3EB0A0322F003029B1AC9F808002363C0
S214008600002D7FF443AF0C9BA7EB080743440C9365
S214008610CDF80CB0204603992BF056FD00250390AC
S214008620002F7FF4B9AE364A3168936804F108002B
S214008630E36252680B9B00F00BFD49E09B46454603
S21400864007999EE79B4606F120021092F27D70681D
S214008650A2B1002296F818C00A99D5B2AC4511D935
S214008660109D02F1010E35F832508D4228D90E9831
S21400867006EBC2020144D069084403E00E9A0A9948
S2140086800A441044E26B15A9556901221193A847C4
S214008690159A0A9B1392E26B043395695846012299
S2140086A013A90A93A847119B054603EB0802A2EB01
S2140086B00B02042A7FF679AF28B90BF1040BC5E745
S2140086C07246491BC9E7CDF820B088E770252F46CB
S2140086D0384619B0BDE8F08F4FF0000A19E7326946
S2140086E0616CD31D1439B3FBF1F3013302EBC30203
S2140086F0236B9342BFF404AEE9E71C27E8E700BF0C
S214008700383B0020032A2DE9F34106460D4617465E
S2140087101C4606D1237A012B23D0012002B0BDE8E7
S214008720F081DFF86080096842460DF10703FFF725
S214008730ABF960600028EDD19DF80720237A032A64
S214008740E8D0D8F804106A689142E3D1012B296971
S214008750D4F80CC007D172690CEB0103934202D91E
S2140087602074207CDAE708316144E1603B46012250
S21400877029463046FFF7ACFD60600028CAD00020CE
S214008780CCE700BF643B00202DE9F341089C032A98
S2140087901746266806D1237A012B24D0012002B082
S2140087A0BDE8F081DFF89080304642460DF10703C1
S2140087B0FFF76AF960600028EDD12568D8F8040054
S2140087C0A96AD5F844C04840CCF100031840227A84
S2140087D0E1D1012A09D1E268D8F810301344726951
S2140087E0934202D92074207CD9E72868EB6A1B1ACA
S2140087F0081AB3FBFCF3B0FBFCF083420BD1706CA1
S214008800F36A421E1340326B121A1344284633632F
S2140088102BF05AFCE862D8F81020E36808321344BC
S214008820E36001223B4604492068FFF751FD606083
S2140088300028B0D00020B2E7643B00202DE9F041CC
S2140088400025604B0E46D3F8008004461D6018B91C
S21400885021252846BDE8F08190F8347007B30A68F1
S21400886003689A4240F0A3804A6843689A4240F000
S2140088709E808A6883689A4240F09980CA68C36876
S2140088809A4240F094800A6943699A4240F08F8089
S2140088908A69C36B9A4240F08A804B698361D8E745
S2140088A068223946856B11F07BFDD6E902123368E3
S2140088B004F1080023607368A5636360336963612D
S2140088C07369A3612BF017FEB36904F14000E363FC
S2140088D09B68984720B9676C17B16368B3FBF7F7D6
S2140088E094F84330E761002BB2D00023656C236612
S2140088F0002D64D0002F62D02368B3FBF5F205FB91
S2140089001233002B55D16668B6FBF5F305FB1363EF
S214008910002B4ED120462BF0E6FAA369043303441D
S2140089209E4248D340F634726369CC3B934244D8A7
S214008930B5F5805F43D3032120462BF0FDFAD4E93A
S2140089400001E36B1B6898470546E36B0220DB6873
S2140089509847CDB941462046FFF77AF96428054680
S21400896004D141462046FFF773F90546666C5DB9AB
S214008970236A2046143E5E432BF0B5FAA3690433FF
S21400898003449E4238BF5A25002D0CBF0123002306
S21400899084F8343007D1D4E900010B4A1368013358
S2140089A013602BF042FEE06B2BF05FFC51E75D2579
S2140089B04FE759254DE75A254BE75F2549E75B25E5
S2140089C047E700BFC8340020C43400202DE9FF412B
S2140089D00C4616461F46054680B390F834307BB3E7
S2140089E0B1F5801F2ED2DFF8608001212BF0A4FAAB
S2140089F02146424628460DF10F03FFF745F8044688
S214008A0070B99DF80F30012B11D1D8F81030BB4249
S214008A1012D10246009031462846FFF743FB044633
S214008A20E86B2BF022FC204604B0BDE8F081022B58
S214008A3014BF2D246024F3E76324F1E72124F2E732
S214008A401124F0E72924EEE7903B00202DE9F043BF
S214008A5085B00C4617461E460546DDF8308098B3AE
S214008A6090F8343093B3B1F5801F31D2DFF86490BC
S214008A7001212BF061FA21464A4628460DF10F03E4
S214008A80FFF702F8044688B99DF80F30012B14D181
S214008A90D9F8102006EB08039A4213D300904346F9
S214008AA0324639462846FFF7FDFA0446E86B2BF0B7
S214008AB0DCFB204605B0BDE8F083022B14BF2D2456
S214008AC06024F3E76324F1E72124F2E71124F0E7BA
S214008AD02924EEE7903B002073B50C461646054663
S214008AE030B390F834302BB3B1F5801F24D2012177
S214008AF02BF022FA21462846104A0DF10703FEF70E
S214008B00C3FF044680B99DF80730032B0CD0022B18
S214008B100CD1284609492BF006FC3060E86B2BF098
S214008B20A4FB204602B070BD2D24F7E76124F5E7CC
S214008B302124F6E71124F4E72924F2E7903B0020ED
S214008B402DE9F3411E4600230C46174605463360C2
S214008B5050B390F834304BB3B1F5801F28D2DFF80D
S214008B60548001212BF0E8F92146424628460DF1B3
S214008B700703FEF789FF0446A0B99DF80730032BCC
S214008B8010D0022B03BF01233B600423D8F810301B
S214008B9018BF38603360E86B2BF067FB204602B0E6
S214008BA0BDE8F0812D24F6E72124F7E71124F5E748
S214008BB02924F3E7903B002073B50446056B2BF0A1
S214008BC092F9636E03449D422CBF00230123854225
S214008BD094BF00252D1A207C84F85030656584F8F3
S214008BE05800A8B100230C4E1A4619462046009697
S214008BF02BF05DFC002305461A46194620460096D3
S214008C002BF05EFCE3682844984294BF0020C01A0C
S214008C10E06502B070BD00BFFFFF0F002DE9F3470F
S214008C201E4643690446B342884617469DF8289078
S214008C304ED300258DF8075020462BF054F9D4F873
S214008C4030A082450AD2236AB5EB430F06D2002233
S214008C5020460DF10701FFF745F9B8B39DF8073038
S214008C60012B05D1002220460DF10701FFF73AF946
S214008C70B9F1030F06D0314620462BF024F9256BB8
S214008C80854227D3144D4FF0FF31284600F0B2FA44
S214008C904B46294600222046C5E90376C5F80080E3
S214008CA0FFF716FB236E054663B12046FFF784FFE9
S214008CB094F8503013B994F858301BB1236E04F171
S214008CC050009847284602B0BDE8F0870135B3E764
S214008CD06225F7E71C25F5E7643B00202DE9FF41F8
S214008CE00F4690461E46054698B390F8343093B328
S214008CF0B1F5801F31D21A4C02212BF01DF9224605
S214008D00394628460DF10F03FEF7BEFE024678B13F
S214008D10012342460093394633462846FFF77EFF36
S214008D200446E86B2BF0A1FA204604B0BDE8F081BB
S214008D309DF80F30012BEBD12169B142E8D10093A9
S214008D40414633462846FFF7ADF904460028DFD1F2
S214008D50E7E72124E8E71124E6E72924E4E700BF53
S214008D60903B00202DE9F04790F8423086B0012B6A
S214008D7005460391A1EB020740F0AA80FF2F03D817
S214008D801E464FF0640807E00226012B14BF4FF082
S214008D9032084FF06408013600244FF6FF79DFF8FA
S214008DA044A195F84230012B14BF322364239C4221
S214008DB002D35FFA88F40DE005AB224651462846FA
S214008DC02BF08FFA95F84230012B059B34D14B459A
S214008DD02DD1E4B295F84230012B14BF3222642222
S214008DE0121BB24217D3012E39D10022012B059750
S214008DF08DF8132027D1082205A90DF113002BF0BA
S214008E002CFD9DF81330059A42EA03222146284697
S214008E10FFF730FA40B10223324900932846CC23AC
S214008E20096803AAFFF7FAFE06B0BDE8F087DBB2D2
S214008E3003B902340134B4E7591CCAD09BB2002BE4
S214008E40F8D10134F6E7102205A90DF113002BF036
S214008E5004FD9DF81330059A42EA0342D6E7039ACA
S214008E60012B059223D10823202205A90DF113001A
S214008E708DF813302BF0F1FC9DF8132012022146DA
S214008E802846FFF7F7F995F84230611C012BC9B266
S214008E901AD10028BFD12846BDF81420FFF7EAF9FA
S214008EA00028B8D10234BDF81620E1B2AFE710238F
S214008EB0202205A90DF113008DF813302BF0CDFC00
S214008EC09DF813201204DAE70028A4D1059A9EE73D
S214008ED0B7F5803F4FF00106BFF457AF4FF03208AA
S214008EE05AE700BF903B002070B586B00E46054698
S214008EF00392A0B390F834309BB3B1F5801F32D202
S214008F0002212BF019F831462846184A0DF11703AE
S214008F10FEF7BAFD044618B99DF81730032B0ED19C
S214008F200223314600932846CC2303AAFFF776FE99
S214008F300446E86B2BF099F9204606B070BD022B6C
S214008F400BD10A4928462BF0EEF9039902468142D6
S214008F50EFD02846FFF706FFEAE76124E9E7212479
S214008F60EAE71124E8E72924E6E700BF903B002063
S214008F70F7B50C461646054668B390F8343063B32A
S214008F80B1F5801F2BD202212AF0D6FF21462846B3
S214008F90144A0DF10703FEF777FDC0B99DF80730B8
S214008FA0032B14D0022B14D10E4928462BF0BBF904
S214008FB0471C024639462846FFF7D4FE044606B14B
S214008FC03760E86B2BF051F9204603B0F0BD2D2436
S214008FD0F7E76124F5E72124F6E71124F4E72924CE
S214008FE0F2E700BF903B002030B50C46054685B042
S214008FF028B390F8343023B3B1F5801F23D2022172
S2140090002AF09AFF0DF10F03214628460F4AFEF775
S2140090103BFD034688B99DF80F20032A0DD0032296
S2140090202146009202462846FFF7F8FD0446E86B04
S2140090302BF01BF9204605B030BD2D24F7E7212480
S214009040F8E71124F6E72924F4E700BF903B002058
S2140090502DE9F043466886B3056898464FF0000C45
S214009060A946AE4655F83C400CF1010CC4F3130774
S214009070013401D0B94217D0B4450EF1080EF1D133
S2140090802F46002403E0B44207F1080712D055F833
S214009090343001340133F6D1C1F3130141EA0851EB
S2140090A0C7E90012BDE8F08341EA0851CEE9001294
S2140090B0BDE8F083B8F1030F03D101230372BDE8C6
S2140090C0F083002303E0B34209F10809F5D055F810
S2140090D033400133C4F30754032CF4D1C1F3130314
S2140090E043EA0853C9E90032BDE8F0832DE9F041B0
S2140090F00646406882B0B8B10F46904600243368F2
S21400910053F8345003EBC403C5F30752C5F31301F9
S214009110013506D05B683046CDF80080B84718B1F8
S214009120706801348442EAD302B0BDE8F08100BF23
S214009130024B1968024B1868FFF780BB18670020BF
S2140091403867002008B535F076F8014B186008BD82
S214009150BC3B0020014B186835F068B8BC3B0020CB
S21400916073B504462248012A00EAC1119DF818503A
S21400917023F07C4007D9961E012E28D9073303F02A
S2140091807F03194308E09DF81C300A43DB0603F012
S214009190C053134343F060410023C4E900108DF828
S2140091A00730B5B1202221460DF107002BF055FB04
S2140091B01A220DF10700211D2BF04FFB08206368D3
S2140091C09DF8072043EA8263636002B070BD1143D6
S2140091D0E2E71B220DF1070021462BF03EFB236839
S2140091E09DF80720042043EAC2632360EDE700BF32
S2140091F080FFFF0738B5094B0D461A680021044664
S21400920011F0CEF800234FF0FF322383C4E9002587
S2140092102361A260E382A37638BD00BF58830400B2
S2140092200138C0B205289ABF014B185C0120704770
S2140092305D8304002DE9F0410746154600240E46DE
S214009240596888B0490A012922464FEA510104F1BB
S2140092500104F8D8DC78997824031B88C90201F445
S214009260006104F480540C43C3F30A0352032344FE
S21400927092B24FF000089C18274B6FEA0444039301
S21400928025F07843ED4302A90DF107001B22029357
S2140092908DF807802BF0E1FA9DF80720029B02A9C3
S2140092A043EAC2630DF107001B2225F078450493BC
S2140092B002958DF807802BF0D0FA9DF80720029BC8
S2140092C06FEA144443EAC26305934FF0FF330794F2
S2140092D0069307A9BB69012206F110009847BB69EF
S2140092E005A90446012206F108009847BB694045D7
S2140092F018BF044604A90122301D984701224045A4
S21400930018BF0446BB69304603A99847404508BFC6
S214009310204608B0BDE8F08101009AB238B5104B7F
S2140093200546D3F800310C4603F00303022B0BD09E
S214009330032B0DD0012B0FD133F056F8032305B1C4
S214009340286004B1236038BD33F098F80723F6E7A9
S21400935034F084FF0623F2E701230020EFE700BF86
S2140093600080005038B5134B0546D3F820010C4654
S21400937000F0070004281AD8DFE800F003090D11F2
S2140093801500012305B1286004B1236038BD32F012
S214009390F1FF0423F6E733F027F80323F2E733F070
S2140093A029F80523EEE733F01BF80223EAE700234B
S2140093B01846E7E70080005038B5104B0546D3F84E
S2140093C040310C4603F00303022B0BD0032B0DD0C9
S2140093D0012B0FD134F044FF082305B1286004B1F7
S2140093E0236038BD33F04AF80723F6E734F03BFF36
S2140093F00923F2E701230020EFE700BF00800050BA
S21400940038B5104B0546D3F860310C4603F003031D
S214009410022B0BD0032B0DD0012B0FD134F020FFE5
S214009420082305B1286004B1236038BD33F026F860
S2140094300723F6E734F017FF0923F2E7012300209D
S214009440EFE700BF0080005041F6713210B5104CB7
S214009450104BA04294BF00240124D969DA639A68AD
S21400946001F4803122F4401242EA04529A600A4A19
S21400947090420A4AD2F818028CBF40F0020020F050
S2140094800200C2F8180209B10022DA6310BD00BF5C
S214009490005A62020000035080F0FA0200C0075033
S2140094A02E4B98424AD022D82D4B984240D014D802
S2140094B02C4B984239D00AD82B4B984232D02B4BA3
S2140094C098422FD02A4B98422CD000207047294B28
S2140094D09842FAD1284B186F7047284B98422AD0EA
S2140094E0274B9842F1D1244BD3F880007047254B88
S2140094F098422BD009D8244B984223D0234B98422D
S214009500E3D11D4BD3F88C007047214B984221D0F5
S21400951003F5740303F510539842D6D1164BD3F8CF
S21400952098007047144B986D7047134B586E7047F1
S214009530114B586F7047104B986F70470E4BD3F80F
S214009540840070470C4BD3F8880070470A4BD3F85A
S21400955090007047084BD3F8940070470048E80125
S2140095600024F400C0CF6A0080841E0000093D007D
S21400957040420F00405DC6000080E00FC0EA2101B7
S21400958080BA8C01007E560380D54302006CDC0254
S2140095900090D00337B50C460021114B0191D3F84B
S2140095A08031054603F00303022B0ED0032B11D0A7
S2140095B0012B03D101A8FFF7D5FE0D210DB1019BAC
S2140095C02B6004B1216003B030BD32F013FF0521DB
S2140095D00190F3E732F004FF02210190EEE700BFAE
S2140095E00080005038B5104B0546D3F840320C4684
S2140095F003F00303022B0BD0032B0DD0012B0FD14E
S21400960034F02EFE082305B1286004B1236038BD6F
S21400961032F034FF0723F6E734F025FE0923F2E79D
S21400962000231846EFE700BF0080005038B5144B03
S2140096300546D3F800020C4600F0070004281BD8A5
S214009640DFE800F003090D111500012305B12860BD
S21400965004B1236038BD34F003FE0823F6E732F089
S2140096600DFF0723F2E734F0FEFD0923EEE732F0A4
S214009670A1FE0C23800AE9E700231846E6E700BFB0
S2140096800080005038B5144B0546D3F808020C4647
S21400969000F0070004281BD8DFE800F003090D11CE
S2140096A01500012305B1286004B1236038BD34F0ED
S2140096B0D7FD0823F6E732F0E1FE0723F2E734F0A1
S2140096C0D2FD0923EEE732F075FE0C23800AE9E7A7
S2140096D000231846E6E700BF00800050032814D099
S2140096E005D8012805D0022809D0002005E00F285B
S2140096F0FBD1084B186FC0F3013001307047054BA3
S214009700D3F89000C0F30460F7E7024B186FC0F37D
S2140097108020F2E7008000501FB500230193252823
S21400972017D8DFE800F0131A1D272C363B51565B7E
S21400973060656A78161A401616561A272C27361AA7
S2140097405127783B3B3B3B2727275B6032F018FED0
S2140097500190019805B05DF804FB32F02BFEF7E7A8
S21400976032F00EFE02460220FFF7B8FFB2FBF0F220
S2140097700192EEE732F01EFE02460320F4E732F0D6
S21400978019FE02460320FFF7A9FFB2FBF0F25208CB
S214009790EEE7002101A8FFF7FDFEDAE7002101A8A9
S2140097A0FFF7E0FDD5E702934FF0E0231B695B0768
S2140097B005D532F0FFFD0290029B0193C9E703A98D
S2140097C002A8FFF7F9FDF7E7002101A8FFF7F4FD6F
S2140097D0BFE7002101A8FFF713FEBAE7002101A8A2
S2140097E0FFF724FFB5E7002101A8FFF74BFFB0E71E
S2140097F0002101A8FFF792FDABE7094BD3F88030B4
S21400980003F00303022BA8D0032B01D000209FE710
S21400981032F0F0FD9CE7002101A8FFF7E3FE98E791
S2140098200080005008B50120FFF776FFBDE808402D
S2140098300349884294BF01210221032000F002B8A8
S21400984080F0FA02032810B50C4627D004D8012869
S21400985004D0022817D010BD0F28FCD12BF01BF81F
S2140098602BF021F8124A013C136F23F4405343EACD
S2140098700433136732F09EFD0021FFF7E5FDBDE8D7
S2140098801040FFF7CFBF0A4A4C1ED2F8903023F0A4
S214009890F85343EA0463C2F89030DCE7044A4C1EEF
S2140098A0136F23F4806343EA84231367D3E700BF70
S2140098B0008000501FB500230193252821D8DFE83B
S2140098C000F013202020202A2F454A4F54595E715D
S2140098D020203420204A202020202A204520712FB6
S2140098E02F2F2F2020204F54314B1B6F03F00703E0
S2140098F0013B032B05D8DFE803F00C02080A04231B
S2140099000193019805B05DF804FB0323F8E70623EE
S214009910F6E70223F4E7002001A9FFF73BFEF0E795
S214009920002001A9FFF71EFDEBE702934FF0E023AE
S2140099301B695B0705D532F03DFD0B230393039BA4
S214009940DEE703A902A8FFF737FDF8E7002001A924
S214009950FFF732FDD5E7002001A9FFF751FDD0E75C
S214009960002001A9FFF762FECBE7002001A9FFF760
S21400997089FEC6E7002001A9FFF7D0FCC1E70C4B23
S214009980D3F8803003F00303022B03D0032B05D05B
S2140099900023B5E732F00EFD0B23B1E732F02AFDC7
S2140099A00523ADE7002001A9FFF71CFEA9E700BFCD
S2140099B00080005008B50320FFF790FE034B187098
S2140099C02AF069FFBDE808402AF06DBF015D00205F
S2140099D010B5044632F0EEFC0021FFF735FD1CB151
S2140099E0BDE81040FFF71EBF034B0320BDE8104044
S2140099F01978FFF727BF00BF015D002038B5054680
S214009A00FFF74EFD204B04465A68012A04D11F4931
S214009A104A609A699207FCD10020FFF74BFF0428A2
S214009A2003D12AF038FF2AF03EFF194A24F040738B
S214009A3095421FD0174A95421FD0174AD16811F099
S214009A40060FFBD19068936091684B4013F4F81FA3
S214009A5016D12846FDF766FD0020FFF72BFF0428E9
S214009A6010D132F0A7FC0021FFF7EEFCBDE838402D
S214009A70FFF7D8BE43F00073DFE743F08073DCE700
S214009A809060E9E738BD00BF00C0015000E001501B
S214009A9040420F0080841E000000015070B504464E
S214009AA00020FFF707FF03287CD045F60E030221AF
S214009AB0414AC2F88030414B9962012103F5805338
S214009AC09962936DD903FCD4D4E900131B0543EACD
S214009AD00163E17B94F823500B43217B43EA014367
S214009AE0617B43EA0133A17B43EA811313619169E9
S214009AF0D4E904031B0643EA806301F000410B43EC
S214009B00A17EE07E0B43217E43EA0143617E43EA69
S214009B1001239361E169136A002923F00D0343EAE8
S214009B20010314BF0121002143EA800343EAC10375
S214009B30136294F8203094F82200916A4FEA431397
S214009B4031D194F8216021F0330143EA06130B4328
S214009B5043F0010393621A49174A936D31EA0303EF
S214009B60FBD10221154B9962936D5B00FCD41369FF
S214009B70A16823F4700343EA015313614FF00042D7
S214009B800E4B9A6118B9022203F580539A6215B9F2
S214009B9001220C4B9A6294F824301BB1064B0A4AF9
S214009BA0C3F8802070BD21F0330129430B4343EAFC
S214009BB040039362EFE700BF00C0005000D00050A3
S214009BC00300014000E00050F1A7FFFF014B93F9AE
S214009BD000007047025D0020014B1880704700BFF0
S214009BE0606C00200C4A10B51369044643F0040369
S214009BF0136132F04FFF2AF05AFE084B084AC3F8AA
S214009C00202430BF2AF054FE01F0E2FE1CB9BDE865
S214009C10104032F0CFBB10BD00ED00E000E0035076
S214009C200000FFFF034A0179D36E23F030030B4395
S214009C30D36670470040005041F67132034BDA633A
S214009C40012203F50053DA60704700BF000003509E
S214009C5041F671320121044BDA6303F50052D160FC
S214009C600022DA63704700BF00000350044B1868F8
S214009C70421C02BF034AD2F894001860704700BF27
S214009C803C67002000400050CB784A7810B55B0156
S214009C900C7843EA82030A79234343EA02130C2230
S214009CA0424302F1B0421363012C02BF8A78024B92
S214009CB043F8202010BD00BFD080035008B54FF0F9
S214009CC0B0435A6802B960B15B680BB12AF0F9FD7F
S214009CD04FF0B04130B10120074B58602AF0F1FD3B
S214009CE0C86008BD2AF0EDFD0223CB602AF0E9FD2E
S214009CF00122024B5A60F4E700100058002000587A
S214009D004FF0B0414B6810B50BB12AF0DAFD0122D6
S214009D100B4BC4785A608378934043EA84034478B4
S214009D202343047943EA0413447943EAC4038B606B
S214009D30044B5A600378C3F10203CB6010BD00BF2A
S214009D400020005800100058054B5B69C3F38512CD
S214009D50827003F03F021B0B42700370704700BF17
S214009D6000C007500120034B9B680A3303F01F0313
S214009D70984070470080E00F034BD3F82424D3F8B4
S214009D8020041040704700BF00C003502DE9F84380
S214009D901E4B0546D3F810334B1E0E2B0E461746A9
S214009DA090F8009044781DD909B34FF00008284673
S214009DB0D7B134F05BFA09EB4903072C4FF00F01DB
S214009DC04FEA031315D8A400114808FA04F2A1407C
S214009DD018442AF07EFDBEB928468FB1BDE8F84388
S214009DE034F044BA8846E2E72AF082FDE3E7884684
S214009DF0E1E7083CA400074808FA04F2A140E7E7B8
S214009E00BDE8F8432AF074BDBDE8F88300C00350EF
S214009E1004C003500CC003502DE9F041204B1646F9
S214009E20D3F810234A1C05460C46407804D1D3F8D4
S214009E3024142AF06BFD0446002C2EDB072C14DCC1
S214009E4003274FEA84082A7807FA08F739461548A0
S214009E5002FA08F22AF03DFD6A78394602F003025B
S214009E60114802FA08F22AF034FD012316F0050F15
S214009E700E4A18BF0E4903FA04F30CBFC2F810349A
S214009E80C1F8103416F0060F18BF094AC2F8143489
S214009E900123064AA340C2F820342046BDE8F081DC
S214009EA000C0035000C4035008C4035000E0035031
S214009EB000D0035070B504462FF07DF9064630B941
S214009EC00FCC044D0FC594E80F0085E80F00304610
S214009ED070BD00BFC03B002047F6FF739A42F0B546
S214009EE070D0022970D8394B5B5C022B6CD8384D89
S214009EF0DE0005EBC304A77815F83330012F39468A
S214009F0038BF0121012B16D1E078401A0021884283
S214009F1005D8012F2CBFC0190130C0B2F0BD431ABE
S214009F206568A0EB530335F913509542D4BF194624
S214009F3003F1FF30EBE760680028EFD0B0F900408F
S214009F40944204DBB0F902409442B8BF14468388BA
S214009F503544FF2B19BFC8232827B0F90630B0F9BF
S214009F600870A3EB04030CBF0122002293FBF7F357
S214009F706E7813441BB29E4201DD002B01DA731E7D
S214009F801BB24FF47A7C00EBC305EA88AD685F1C11
S214009F9014FB02521D4622EAE2723BB25C329E423B
S214009FA0B2FBFCF204DD00EBC307BF889742EAD29F
S214009FB000EBC5039888904228BF1046884238BFF9
S214009FC00846AAE7FF20A9E70020A7E76383040066
S214009FD0C03B00200229F0B560D8314B595C0229FD
S214009FE05CD8304B13F83100012816D103EBC103BF
S214009FF09C78D878012C214638BF0121904294BF26
S21400A000C1EB0001C1EB0201001BCAB28242C8BF0D
S21400A01000225B6833F91200F0BD002A3CD003EB47
S21400A020C1035968002939D09878904202D3B1F913
S21400A0300200F1E7DC78B1F900009442ECD95C78D4
S21400A0408B88013CA3F1FF06734201F10405E4B2DC
S21400A050734101F10C07DEB2B44216D805EBC30318
S21400A0604FF47A756A43B3F902405B68D21A04EB80
S21400A070D47302EB630292FBF4F29042CCDBB1F9AC
S21400A08002009042C8DC10B2C6E737F833C05E1C48
S21400A0909445E3D33346DEE70348BDE70348BBE712
S21400A0A063830400C03B00200CFEFFFF0080FFFF20
S21400A0B008B50448FFF7FEFEBDE8084001202FF073
S21400A0C080B800BF688304007FB51422002101A871
S21400A0D010F066F9044B01A94FF0FF3002932FF001
S21400A0E0B6F807B05DF804FB006A18002DE9F041E9
S21400A0F08CB08846DDE912761D460446002847D017
S21400A100002945D0002F43D0002E41D013F00F0376
S21400A1103ED120482049A360002A08BF014623629A
S21400A120C4E90013404609A92AF082FC68BB204611
S21400A130099934F0F6F82946204634F0F2F86946D4
S21400A14040462AF004FD00BB694620462AF02FFD53
S21400A150404603A92AF006FDB8B9204603A92AF00E
S21400A16026FD06970127204645F0005506A90797C5
S21400A17008952AF01CFD204609A909960A970B9512
S21400A18034F0F5F8204634F0AFF80CB0BDE8F081B6
S21400A1902120FAE700010004000101042DE9F04F38
S21400A1A097B0894690461F460546DDF880A00028F1
S21400A1B000F0BB80002900F0B8803AB1229B002B4B
S21400A1C000F0B380239B002B00F0AF80BAF1000FA5
S21400A1D000F0AB80219B002B00F0A78067B13C68A5
S21400A1E00026229B43440293464507D307B13C60B2
S21400A1F0002017B0BDE8F08F3C46F1E75CB1229B2B
S21400A200219A9B5D125D01345340239A04F00F049B
S21400A21093550136E8E7A8EB060BBBF10F0F58D9AC
S21400A220434B4846C5E90034AC602C6213A92AF0BB
S21400A230FFFB0028DDD1284613992BF00F0B34F0D6
S21400A24070F85946284634F06CF8484604A92AF0B7
S21400A2507EFC0028CDD1284604A92AF0A8FC484652
S21400A26007A92AF07FFC0028C3D1284607A92AF0B0
S21400A2709EFC012322992F4ACDF828A00B930C921E
S21400A2808A190D9228464BF000520AA90E930392A3
S21400A2900F922AF08CFC28460DA92AF088FC239BF6
S21400A2A0039A99190123109111931292214A284674
S21400A2B010A9CDF84CA01493159234F058F82846FF
S21400A2C013A934F054F8284634F00EF85E440028FB
S21400A2D08FD1229B03EB060B239B1E44029B9B45C0
S21400A2E001D1464680E7ACB9219B2246CDE900A3C2
S21400A2F0494610232846FFF7F9FE00287FF479AF79
S21400A3000AF1100212F8013D0133DBB213700BB9EB
S21400A3105245F7D1219A1BF8013B125D0134534098
S21400A32006F8013B04F00F04D8E7212061E700BFE0
S21400A33003030004100000207FB50E461D460446A9
S21400A340F0B102B9E3B901230192029345F000533C
S21400A350039300230B4AA360C4E90023236220462C
S21400A36001A92AF024FC3146204633F0DAFF2046C5
S21400A370294633F0D6FF204633F0B6FF04B070BD52
S21400A3802120FBE700000943084B984202D0084B07
S21400A390984207D10B88B3F5105F14BF6FF08500A5
S21400A3A0002070476FF08500704700BF00444004EF
S21400A3B00013C0041038102808D8064BC34013F00A
S21400A3C0010F0CBF6FF08600002070476FF086000C
S21400A3D0704700BF010101002DE9F04FA7B008AF9C
S21400A3E0CDE90501DDE93295DDE9346A0021079201
S21400A3F0384610229846DDF8D8B00FF0D1FF10226C
S21400A40000210CA80FF0CCFF069B2BB96FF086043A
S21400A410204627B0BDE8F08F079B002BF6D0B9F199
S21400A420000F01D1002DF1D1309B13B9319B002BC9
S21400A430ECD116B9BAF1000FE8D1BBF1000FE5D0A8
S21400A44040460599FFF7A0FF04460028E0D10146E4
S21400A45028221CA80FF0A4FF2022214614A80FF0E3
S21400A4609FFF1CA833F053FF002840F0AF80DDE9C3
S21400A4700612059814AB2AF0E6FB04460028C7D15E
S21400A4801498FFF797FF04460028C1D115B9CBF8FA
S21400A4900000BDE7B14518D209EB05039E4214D271
S21400A4A05545B3D82A46494630460FF0CBFF554BA4
S21400A4B0984526D006D3544B984524D003F54073D0
S21400A4C0984520D06FF08504A2E74F4B98451BD0E7
S21400A4D003F54073984517D04A4B9845F2D1554539
S21400A4E094D815F00F0291D12B46CDE9009614A909
S21400A4F01CA8FFF7FBFD814600285CD1CBF8005076
S21400A50086E7B146EDE7B1461022002110A80FF00D
S21400A51047FF55453FF67AAF3C4B9845319B39D1BE
S21400A5200D2B7FF473AF01238DF84030309B0DF177
S21400A530410203F10C0153F8040B8B4242F8040B62
S21400A540F9D11B78137001238DF84F3015F00F08E2
S21400A55042D025F00F034B440DF1300C03F1100EE2
S21400A560624618685968083303C273459446F7D1A3
S21400A5700F2D33D825F00F03334403930CABCDE9EE
S21400A580017310AB00934246002314A91CA8FFF7E2
S21400A59005FEB0E7102B7FF439AF309B10AA03F10D
S21400A5A0100E9446186859680833ACE803007345E3
S21400A5B06246F6D1CAE75246002130460FF0F0FE5A
S21400A5C00023B9F1010FCBF8003002D06FF09204EF
S21400A5D01EE76FF08B041BE70F2D8FD910ABCDE96C
S21400A5E0029600930197002325F00F0214A91CA8D9
S21400A5F0FFF7D4FD81460028DDD1B8F1000F3FF407
S21400A6007DAFB7E7004440040010C0040013C00448
S21400A6102DE9F04F8A46A1B00021DDE92A56DDE992
S21400A6202C790590934606A8102298460FF0B8FE9F
S21400A630102200210AA80FF0B3FEBAF1000F05D1D0
S21400A6406FF08604204621B0BDE8F08FBBF1000F06
S21400A650F6D00DB9002EF3D117B9B9F1000FEFD12E
S21400A6602E9B002BECD040460599FFF78DFE044646
S21400A6700028E7D10146282216A80FF091FE2022D6
S21400A68021460EA80FF08CFE16A833F040FE0028D8
S21400A69054D15A46514605980EAB2AF0D4FA0446D1
S21400A6A00028CFD10E98FFF785FE04460028C9D1B2
S21400A6B016B92E9B1860C5E7BD4216D2AB199F424D
S21400A6C013D24E45BCD83246294638460FF0BAFE5D
S21400A6D03A4B98455BD003F54073984531D0384BDC
S21400A6E0984511D06FF08504ACE7344B98454FD0B1
S21400A6F003F54073984525D0314B9845F2D14E4529
S21400A70003D96FF089049DE73D46330798D1334659
S21400A7100122CDE900570EA916A8FFF7E7FC2E9BED
S21400A72005461E6000288DD04A46002138460FF0A8
S21400A73037FE00232E9A012D13603BD06FF0920453
S21400A74080E73D460D3E4E45DBD801238DF8283088
S21400A7502B460DF1290205F10C0153F8040B8B4230
S21400A76042F8040BF9D11B780D3513704FF4807343
S21400A770ADF8363006AB01930AAB009332460023A1
S21400A780CDE902570EA916A8FFF708FDC7E73D4614
S21400A790103E4E45B5D82B460DF1280C05F1100E8F
S21400A7A0624618685968083303C273459446F7D161
S21400A7B01035DFE76FF08B0444E700BF0010C004DD
S21400A7C00044400410B54FF42F72002104460FF0E9
S21400A7D0E7FD8023C4F88C30054B04F19C00C4F8D8
S21400A7E08430012384F88830BDE8104029F013BB7C
S21400A7F073EE030010B5D0F8A0400A468CB92AF0D4
S21400A80038FC044610B90024204610BD2D2896BFFB
S21400A810064B074953F82010064A07482AF06FFDF2
S21400A820F2E7D0F8A4101046A047ECE754840400E2
S21400A83076EE0300CBEB0300A6EF0300F8B590F826
S21400A8408060044616B100263046F8BD2AF044FA69
S21400A8500028F8D1012384F8803094F8883033B18A
S21400A860D4F884101F4884F888602AF048FD4FF01A
S21400A870FF37D4F8B402421C1FD0C4F8B47210F0EC
S21400A880FF052CD020462AF024FA2946204600F060
S21400A890A7FB0028EDD020462AF029FA94F8883045
S21400A8A03BB1D4F884100F482AF029FD002384F821
S21400A8B08830002384F88030C6E72AF005FD431C64
S21400A8C0DDD1D4F88C30D4F89420013B9A4204DBD6
S21400A8D0054A064906482AF012FD0126E9E7012640
S21400A8E0C7E700BF41010400CBEB030084EE030082
S21400A8F0A6EF0300F8B50B780446302B0D46164637
S21400A90004D14B7803F0DF03582B11D0284F6A1E72
S21400A91012F8011F002934D128460A220FF030FC15
S21400A920202C03460D4631D1B1FA81F040091AE0D9
S21400A9304A1C1F4912F8013F8BB928460FF02CFC21
S21400A9401C4B02382340032B12D10134A41084423E
S21400A9500AD1A87837288CBF0020012003E0CB5C02
S21400A96013F04400E6D1F8BDCCBF01200020FAE782
S21400A970002CB8BF0334B0EBA40FD4BF01200020D6
S21400A980F1E77B5C13F00400C2D1ECE726B1084384
S21400A99002D0013B61F100050122A240013A1A40B3
S21400A9A0002D08BF9A420CBF01200020DBE700BF45
S21400A9B041AA040003000080F0B5037801467B2B13
S21400A9C017D10646022400220B4F16F8015F7D2D94
S21400A9D005D10B5D6BB9D24302F0010008E07B5D48
S21400A9E013F0440002D001320134EEE7202DFBD0F4
S21400A9F0F0BD0020FCE700BF41AA040070B5064683
S21400AA000D460FF0C9FB044630462AF078FC044E8B
S21400AA10AC4200D370BD30462AF071FC0134F7E733
S21400AA2019F803002DE9F84F044602215148FFF7B4
S21400AA30E5FF1E212068FFF7E1FF636858682AF0EB
S21400AA405EFC4D482AF05BFC67683B7BFD2B12D80A
S21400AA50D7F808804FF0FF3640460FF09DFB0546BE
S21400AA60DFF81091DFF870A1DFF84CB10C3717F85B
S21400AA70013BFF2B01D1BDE8F88F212B18D8212BE5
S21400AA8036D8DFE803F0377274111B1D1F213535E9
S21400AA90353535353535232527292B2D2F313535B9
S21400AAA03535353535353D33344C002D2BD12EE03C
S21400AAB0334C344AFE2B08BF1446F6E7324CF4E714
S21400AAC0324CF2E7324CF0E7324CEEE7324CECE731
S21400AAD0324CEAE7324CE8E7324CE6E7324CE4E741
S21400AAE0324CE2E7324CE0E7324CDEE7324CDCE751
S21400AAF0234CDAE7314CD8E72AF0F5FB01362AE09A
S21400AB00002DB4D02E4C202B06F10106AFD002212A
S21400AB104846FFF773FF1E214846FFF76FFF504673
S21400AB202AF0EDFB594620460FF090FE25490028F6
S21400AB3018BF214624482AF0E2FB3B78202B02D19E
S21400AB402B202AF0D0FB21482AF0D9FB4DB118F86B
S21400AB5006301F2B05D018F806001F2801D0AE427D
S21400AB60CADB05482AF0CBFB81E7194C9DE7194C58
S21400AB709BE700BFB9390400CBEB03002EEF0300C0
S21400AB8040EF0300250904008BEF030092EF03005B
S21400AB9083EF03007FEF030076EF03006CEF030004
S21400ABA062EF030077EF03006DEF030063EF03002F
S21400ABB058EF030051EF030048EF03002DEF0300AA
S21400ABC033EF03003EEF030041010400B7F2030039
S21400ABD08AEF030091EF03000D0A04002DE9F04F01
S21400ABE09BB005468B460024009203930FF0D4FAE0
S21400ABF0249F039B04901C6028463C600AAA09A96F
S21400AC002AF09FFB064658B90A980FF0C5FA344654
S21400AC10B046039B1860D5F89C300293029B1BB984
S21400AC2020461BB0BDE8F08F029BD3F80890B9F120
S21400AC30000F6CD02E4416F8013B202B11D00026B6
S21400AC400C23734309EB030A59F803300193002BD6
S21400AC5058D0099B434555DB9AF808202AB1721C48
S21400AC6039E03B6801333B60E5E73968D5F8942066
S21400AC700793039B521A1A601AAB03EB880151F82C
S21400AC80403C0199184605930FF0A0FD0690002859
S21400AC90E5D101980FF080FADDE906230146DAF8DF
S21400ACA00400D7F800A090F80CC0BCF1FE0F16D137
S21400ACB003F1FF3EC64512D0D0F8009005980192E9
S21400ACC00FF06AFA0AF1010A019A50442B5C23B18C
S21400ACD0386008F101081646B2E70130F6E7D5F805
S21400ACE094200591A2EB0A028A4220DC58460FF017
S21400ACF053FA059901447B290DD958461F4A0099F5
S21400AD0029F0B0F82B46049A2A4493422CD1029B91
S21400AD101B68029382E7DDE90012584629F0A2F884
S21400AD205846174A0099013429F09CF897E7BCF179
S21400AD30FE0F94D1013B434591D1D0F800A0DFF837
S21400AD4040905AF80C2B22B9049B3B60039B1A6078
S21400AD50D8E75846009929F085F84A46584600999B
S21400AD6029F080F80134ECE713F8011B0029CCD158
S21400AD704FF0200103F8011CC7E700BF98EF03005F
S21400AD8019F803002DE9F047002486B01C60DDE9C1
S21400AD900EA8064689468AF800401168154888F8C5
S21400ADA0004017461D468DF81740FCF729FB18B9DA
S21400ADB001242B6801332B600020D6F89C6036B93E
S21400ADC014B1012388F8003006B0BDE8F087B068FB
S21400ADD068B14B460021CDE902A8CDE900750DF11A
S21400ADE017022AF0E5F89DF81730002BE8D13668F0
S21400ADF0E5E700BF9DEF03002DE9F0470446ADF5FB
S21400AE00447D8022002104A802AF0FF0C9FA8022F8
S21400AE102046009703AB04A9FFF7E0FE01283DD1CA
S21400AE2004A80FF0B9F903993B68461A0B4426EAC2
S21400AE30E6762344054604A83246014418460FF039
S21400AE403FFC00228255D4F89060039B3968D4F802
S21400AE5090201944B14212DCD4F89410E81A024447
S21400AE60C4F89020014404AAC4F89410D4182518F5
S21400AE702B1B002B0DDC0DF5447DBDE8F087A05C98
S21400AE802AF031FAD4F8903001360133C4F8903005
S21400AE90DBE714F8010B2AF026FAE9E7EBDD24AD30
S21400AEA08022002128460DF5887A0FF079FA0DF1F8
S21400AEB010094FF40072002150460FF071FA4FF05F
S21400AEC001084A46002312F8016BA6B904A84AF8FE
S21400AED028300FF061F92946334698451CDB19F8EF
S21400AEE0016B0DF5887C5CF8042B82420CD101F8CE
S21400AEF0016B0133F1E7202E03F1010304BF4AF88A
S21400AF00283008F10108DEE70DF1100E7244D25C1D
S21400AF10B242E8D00022EA54D4F89060039BB342D1
S21400AF202FDC23462C4A04A92C482AF0E8F92846A8
S21400AF300FF032F90646039B3F68F61A1F4426EACE
S21400AF40E672E01917441D44E11904F19003994292
S21400AF503CD904F19803984238D26A1E81190B1A1C
S21400AF60002B27DD12F8013F00F8013BD4F89030A3
S21400AF700133C4F89030D4F894300133C4F89430D8
S21400AF80EDE7D4F890300136E05C2AF0ACF9D4F85E
S21400AF9090300133C4F89030C0E7D4F89020013BDD
S21400AFA00132C4F89020D4F894200132C4F89420DA
S21400AFB0002BF2DC00232E44E355731B002B7FF797
S21400AFC05AAF15F8010B2AF08EF9F6E729460FF06E
S21400AFD077FB3346ECE700BF73EE0300A2EF0300F7
S21400AFE02DE9F843D0E9245604460F46002294F88B
S21400AFF09830012B07D10A2F07D1002384F8983008
S21400B0000020BDE8F88300F29F801B2F01D10223A9
S21400B010F4E70D2F0DD1012384F898300D202AF087
S21400B02062F90A202AF05FF900230120C4E92433DC
S21400B030E7E74FF00008082F84F8988034D145459C
S21400B04030DDB5420FD138462AF04DF920202AF0DF
S21400B0504AF9013D38462AF046F9013E04F80580D3
S21400B060C4E92456CCE7FBDA05F1FF3938462AF066
S21400B0703AF904EB0903A6EB0902611918460FF02A
S21400B080E1F904F806800146013E48482AF037F9FF
S21400B09035464D4501DC4D46E2E708202AF023F907
S21400B0A0013DF6E7ACD0DBE77F2F1CD1002EA7DDF5
S21400B0B0B542A5DA6319691C21441846721B0FF0C5
S21400B0C0C1F904F80680014639482AF018F9082024
S21400B0D0013E2AF008F9B542F9D1D4F89430013B84
S21400B0E0C4F894308CE70A2F98D0092F03D1204655
S21400B0F0FFF782FE84E7D4F88C30013BB3427FF73B
S21400B1007FAFB54204EB050805F101090CDB3846B4
S21400B11088F80070D4F89430C4F890900133C4F8DE
S21400B12094302AF0E0F86BE74146721B04EB090006
S21400B1300FF088F940462AF0E2F80820013E2AF08F
S21400B140D2F8B542F9DDE2E7022B06D15B2F01D13A
S21400B150032353E784F8982049E7032B7FF450AF86
S21400B160413F84F89820032F3FF64AAFDFE807F008
S21400B17002070A16012120462AF066F840E74FF03B
S21400B180FF31F8E7B542BFF63BAF605D2AF0ABF89B
S21400B190D4F890300133C4F8903031E7002D7FF7B3
S21400B1A02FAF013D0820C4F89050BAE7ABEF03007C
S21400B1B0A5F3030008B50248FEF720FC002008BDF2
S21400B1C000B4C40430B58BB06C46174D0FCD0FC419
S21400B1D00FCD0FC495E8030084E80300134BD3F8A3
S21400B1E04C2112031CD5A3F5FE431C884FF6FF73B3
S21400B1F09C4208BF8C248DF81940FEF7E7FC2044DB
S21400B20080F308008DF818000948FCF791F96846A5
S21400B210FEF744FC3220FEF7DFFC00200BB030BD0A
S21400B220D3F85041E4B2E6E70C8504000080E00F56
S21400B23000F049020028ACBF00F16040064B4FEA20
S21400B2400111C9B2ABBF00F5614000F00F0080F8F5
S21400B25000131954704700BF14ED00E008B532F033
S21400B260F7FF0B4B1A7872B901221A7032F0EBFF17
S21400B2706FF0040210460132052152B2FFF7DAFFE2
S21400B2803D2AF7D108BDBDE8084032F0DCBF00BF5C
S21400B290035D0020002807DB01234109034A00F074
S21400B2A01F00834042F82130704700BF00E100E0F5
S21400B2B0054B421153F8223000F01F0023FA00F02D
S21400B2C0C04300F00100704700E100E0002808DB02
S21400B2D001224309034900F01F008240603341F811
S21400B2E02320704700E100E010B5044632F0A3FFCB
S21400B2F0024B1C6032F09AFF002010BDE83B002095
S21400B30010B532F098FF034B1C6832F08FFF2046D2
S21400B31010BD00BFE83B002038B50C461546014678
S21400B32010B9FFF7EDFF01462B46224603480DF005
S21400B33047FF0028D4BF3720002038BD99540300AB
S21400B34008B500F0E3FB18B16A21024833F072F842
S21400B350002008BDB0EF030008B500F049F80C4A1D
S21400B360536A43F470235362EFF308834FF0CD31F2
S21400B370084A043B934208D200F070FAFFF7E0FF59
S21400B380BDE808400448FEF795BD43F80419F1E708
S21400B39000ED00E0080000206883040007B50422E2
S21400B3A000200DEB02012DF0CAFE042803D0D721A1
S21400B3B0044833F03FF8019800F0DCF903B05DF87C
S21400B3C004FB00BFB0EF0300082310B50C0A414091
S21400B3D00648C9B241F30002013B024013F0FF03E6
S21400B3E082EA5101F6D184EA010010BD2083B8ED4F
S21400B3F038B5FEF73BFC044629F05DFAE3072AD48D
S21400B40001221046114600FA01F3234002F1010220
S21400B41023D01D4B33F811301C48062B0288448875
S21400B4201B4920D14FF20F039C4219D1B2F5406F51
S21400B43028BF4FF4C0624CF23C330A80438040F28F
S21400B44001730A889A4201BF124B134AD2E90001DF
S21400B450C3E9000115E00021DBE7102AD2D1DBE7C3
S21400B4604FF4C062E7E740F20725AB420AD14FF23D
S21400B4700F05AC4206D19A4204D14CF23C320B8006
S21400B480428038BD0B80DAE7CC860400406400209A
S21400B490FA550020EC3B002038640020014B188849
S21400B4A0704700BFFA550020014B1888000A704705
S21400B4B0FA550020044B05481B881A0AB3F5406F5E
S21400B4C038BF00EB82007047FA5500209C860400C7
S21400B4D0044B1888044B020A53F82230C0B203EB20
S21400B4E080007047FA5500206C86040010B50446AC
S21400B4F032F0A5FE4FF20F02044B1C805A80BFF3B9
S21400B5005F8FBDE8104029F091BF00BF4064002067
S21400B5106D4A2DE9F0416D4B55686D4C5D65516A7D
S21400B52099656C49D1F80002D865D1F80412586BB9
S21400B5301966916A10F0040F5966D16A4FF0000040
S21400B5409966116BD966516B1967D26BD8645A67C6
S21400B550D3E90E1218BF11465F4A91421A655DD3B1
S21400B56001F12000A04259D88869C5F3080518647F
S21400B570CE69062D5E6455D1584DA84252D3584D1B
S21400B580A8424FD205884DF6426085424AD11868D7
S21400B590C3F890005868C3F8940040F20170A242C5
S21400B5A0154604D22E680432B6F1CD3FF7D00022FD
S21400B5B0C3E91E22C3E92022C3E92222641BDFF866
S21400B5C01CC1434DDFF818E19C648D422DD8D3E9A9
S21400B5D01EC7D3E92065D3E922414FF0000E013A99
S21400B5E0D2B2FF2A3CD1BEF1000F05D0C3E91EC778
S21400B5F0C3E92065C3E92241B3F85430C3F3080316
S21400B6000C2B3BD8022B54D9DA1E092A51D8DFE876
S21400B61002F03157404350505050504D0021C3E97E
S21400B62010112D494FF42060B9E755F8044D6445D4
S21400B630CBD37445C9D2E607C7D50026294F57F89D
S21400B640048FA045C1D00136062EF8D132B1013A9A
S21400B650D2B202F11E0643F82640B6E70522F8E706
S21400B660E0464FF0010EBC4637462E4625460C46B1
S21400B6704146B4E740F60120BDE8F0813B2B18D1E7
S21400B680194B9B6913F0020F40F2025318BF18467D
S21400B690F2E740F60320EFE740F6042240F201739B
S21400B6A0B0F5206F0CBF10461846E5E740F60520BB
S21400B6B0E2E740F60722013B4B2B98BF1046DBE73C
S21400B6C040F60220D8E700BF00ED00E0A8630020A7
S21400B6D00810002000E100E008000020D042000032
S21400B6E040E803001C6400200080015A00F00CB8FB
S21400B6F000F00AB800F008B800F006B800F004B889
S21400B70000F002B800F000B872B61EF0080F09D0BC
S21400B7101EF0040F0DD0DFF850E0AEE8FF1F6FF00C
S21400B72002000CE0DFF840E0AEE8FF1F6FF00E000E
S21400B73005E0DFF834E0AEE8FF1F6FF0060069466C
S21400B740EFF309828EE8070086460848084C8545D0
S21400B75001D3A54501D384F30888FFF7D9FE84F307
S21400B7600888FFF7C3FE0000A863002048000020FA
S21400B770081000204BF6EF6283B2002B08BF13467A
S21400B780044A000C13804FF6CE2308BF1846024B1F
S21400B79018807047646C0020626C00200B4BB3F975
S21400B7A000201888002AB8BF80F0620042001A8085
S21400B7B0074AB2F9001013880029BCBF83F48053EF
S21400B7C083F00B035900118058407047646C0020CA
S21400B7D0626C002007B5684600F01AF8DDE9000143
S21400B7E00022034B03B05DF804EB2AF01BB900BF40
S21400B7F0F43B002007B5009313460A46014603486B
S21400B80029F0C4FE03B05DF804FB00BFF43B002043
S21400B8100249034A0160521A42607047386D0020A0
S21400B8200000012000487047F43B002038B5416016
S21400B830044632F000FD05462146044828F0EEFA9C
S21400B8402846BDE8384032F0F1BC00BF1C3C002062
S21400B850014828F0E0BA00BF1C3C00200222014B41
S21400B8601A6770470040005070B532F0E4FC174E7F
S21400B8700546174832F08AFD3378CBB900F046F912
S21400B880044620B1284632F0D1FC204670BDFFF7B2
S21400B890DFFF32F042FE0F4B1C6031F077FA0E4BA2
S21400B8A00E4A1860536F43F0010353672AF0D6F828
S21400B8B000F028F82AF0E9F8094B00241860012364
S21400B8C02846337032F0B2FCDFE700BF0F5D002081
S21400B8D044850400203C0020483C002000400050E6
S21400B8E0243C0020054B1B685843054B00F574208C
S21400B8F000F23F20B0FBF3F0704700BF483C00204A
S21400B90040420F00294B2A4AD3F8003170B503F0A5
S21400B9100303136030F0D0FF4FF4C870FFF7E2FF68
S21400B9200022244B24491860244C0B680132D2B202
S21400B9300A2A44F8040BF9D1034400EBC000034480
S21400B9400B601F4B1F4D1B7813B3184BD3F80031F9
S21400B95003F00303022B22D0032B23D0012B17D195
S21400B96030F042FD024698B1174B184EDC680023B3
S21400B9701946C4F30B04013404EB84040138E4FBD9
S21400B98006010EF0A1F9FFF7ADFF2B6803442B600C
S21400B9901F20FFF7A7FF2B6803442B6070BD30F015
S21400B9A06DFDDFE732F05AFCDCE700BF0080005098
S21400B9B0883C00204C3C0020503C0020543C00209A
S21400B9C0135D0020803C002000C0015040420F0064
S21400B9D00122154B10B55A67144B154C1B7813B340
S21400B9E0022032F08BFDF0B131F056FAD8B1A36DDB
S21400B9F0D90302D5E36D9A0715D40D4B9B6DDB0773
S21400BA0011D401220B4B1A7032F06CFDBDE81040C9
S21400BA10094B0A4A1860136F23F0070343F0030329
S21400BA20136730F0C7BC10BD00D00050145D002076
S21400BA3000C00050115D00207C3C002000800050BB
S21400BA400122014B1A707047145D002007B5FFF7FE
S21400BA50C1FE01A8FEF778F99DF80530012B25D127
S21400BA60234B9A6DD20311D45A6B6FF3162242F40D
S21400BA70BC1242F4A0625A631A6B22F4704242F47B
S21400BA8040421A631A6B42F4E0621A639DF804306F
S21400BA9063B94FF000531B68164B1B68164B1B68A8
S21400BAA0164B1B68164B1B68164B1B68164AD2F8BB
S21400BAB0803043F00303C2F8803029F0EEFFFFF732
S21400BAC0CDFBFFF777FBFFF77DFB0DF0C3FBFFF722
S21400BAD0CBFE00F01BF829F0E1FFFFF73DFC29F054
S21400BAE0ECFF2DF066F903B05DF804EB29F0D7BF44
S21400BAF000C00050004000200080002000C0002051
S21400BB0000000120004001200080005070B532F097
S21400BB109FFB144E05463478FCB9134B1C60134B40
S21400BB201C60134B1C6000F031F8012031F0A2FAC3
S21400BB3031F094FA0F4B0246186020B9284632F0CE
S21400BB4082FB232070BD234640F2E7310A480EF000
S21400BB50BBF80A4B186001233370284632F073FB9B
S21400BB600020EFE7175D0020983C0020943C002062
S21400BB70A03C00209C3C002018FCFFFF903C0020CE
S21400BB80014B1868704700BF903C00201FB500248A
S21400BB90184B18689A880290D3F806009B7A009093
S21400BBA01548ADF80C208DF8043032F0EFFB02A8F3
S21400BBB08DF808408DF80C40FEF7A2F86946012083
S21400BBC08DF80040FEF760F81F220C4B9A615A6110
S21400BBD04FF0B042936A13F00803FBD113620120C2
S21400BBE0FEF76CF80A20FFF771FB0A20FFF752FBFE
S21400BBF004B010BDF58604004085040000200058FF
S21400BC0010B532F025FB4FF0B04304465B691A07C7
S21400BC10074A03F0010003F00D0348BF40F002009E
S21400BC20536131F04FF92046BDE8104032F00BBBAF
S21400BC300020005821282DE9F341054604D82C465B
S21400BC40204602B0BDE8F08100240B4E0B4FDFF813
S21400BC5030800023CDF800801A461946386828F050
S21400BC6026FC8442EBD2222CE9D056F8043BAB42A9
S21400BC70E6D00134EDE700BF148A040038670020E0
S21400BC80FFFF0F002DE9F04F644E654D89B029F097
S21400BC9060FF31682868FCF7D1FD0446002827D0ED
S21400BCA033680024D3E900019A6912689047336824
S21400BCB004A89B699B689847336802209B69DB68E9
S21400BCC09847326805985368E7B2B3FBF0F3BB4277
S21400BCD0916904F101044ED8CB6800209847336878
S21400BCE09B695B68984731682868FCF7A7FD04469F
S21400BCF00027DFF844A1DFF84481DFF84491F4B967
S21400BD00484B2868DB5D002B00F08380D8F8006085
S21400BD1002AB314603AAFCF713FF2D2807D070B9F3
S21400BD20039B012B0BD031462868FDF75DF9DAF846
S21400BD30003031461A682868FDF7D6F80446013701
S21400BD40222F0AF1040A08F1040809F10109D6D1E4
S21400BD50B4FA84F3344A5B0913702B681B7C33B146
S21400BD6029F0C3FE18B1DB21304832F063FB2046D1
S21400BD7009B0BDE8F08F12680B6907FB00209847F2
S21400BD809FE7D8F8003003AA194402AB0191FCF7EC
S21400BD90D7FE2D28034601992BD0286813B30BF144
S21400BDA0010B5FFA8BF18E422868EAD8204BDB5DE8
S21400BDB0002BC4D0F3B27E2B2868C0D8D8F8003049
S21400BDC003AA06EB030B594602ABFCF7B9FE2D2877
S21400BDD0B5D059462868FDF707F90136044600280D
S21400BDE0E8D0ACE7039B7BB999F80020029B9A4207
S21400BDF0D5D099F80030DAF800202868FCF76EFFF6
S21400BE000028CCD00446D1E70191FDF7EDF8019962
S21400BE10EFE7084BA346DE5DC3E700BF18670020C8
S21400BE2038670020F0890400195D002037F0030011
S21400BE30CE8904008A89040000870400148A04005E
S21400BE40AC890400F8B51F46214B04461B780D4606
S21400BE50164623B100F47E23B3F50E2F2BD02046D2
S21400BE60FFF7E8FE2128044614D81A4B53F8201092
S21400BE70194B1B78ABB1194B212C18681DD8184BE1
S21400BE801B5DD3B13268FDF72FF8044650B129F098
S21400BE902BFE07E0FF2807D93A46314680B229F044
S21400BEA037FB00242046F8BD4FF4A9710D4832F048
S21400BEB0C1FA0021DCE70146DAE77F2D08BF00253E
S21400BEC03B46324651FA85F1FCF708FFDDE700BF36
S21400BED0185D0020148A0400195D002038670020D1
S21400BEE0F089040037F0030030B5134600F07E6298
S21400BEF0B2F17E6F8BB00DD10A46C0F30B016846D7
S21400BF00FEF71AFA20B140F29311094832F092FA7D
S21400BF100BB030BD5A0829F0EAFD0028F8D04FF4DF
S21400BF209C7103480BB0BDE8304032F083BA00BFC6
S21400BF30C8F003002DE9F743C70705460E4614462A
S21400BF4004D540F2E311494832F074FAE10704D50B
S21400BF504FF4F271454832F06DFA454B93F8008085
S21400BF60B8F1000F20D043F260239D4208D122464C
S21400BF70314640480EF0A4FB002003B0BDE8F08335
S21400BF80C5F30B0705F44055B5F5805F14BF4FF4B5
S21400BF900F204FF40E20234632467F21384303B04D
S21400BFA0BDE8F043FFF74EBF05F47043B3F5805F7E
S21400BFB03FD1C5F30B05304A05F17E65631E2B4461
S21400BFC0934230D82F46DFF8A49007EB0408474585
S21400BFD042D1AA070ED04FF6FF7336F8022BA81EE2
S21400BFE043EA024304220DEB02010193FFF77CFFB4
S21400BFF00235023CA3070ED0023C24F00103F35A9C
S21400C00004226FEA03436FEA13430DEB020128197B
S21400C0100193FFF769FF002CAED022463146284632
S21400C020FFF762FFA8E740F2FD11104832F002FA6F
S21400C030C8E705F46043B3F5005F04D1C5F30B050C
S21400C04005F53E25BEE740F20521084832F0F2F934
S21400C0506FF00F074546B6E717F8013BFF2BB6D043
S21400C0604FF40471484632F0E5F9B0E7C8F0030033
S21400C070185D0020666C0020FF03E00F10B500F08E
S21400C08077F829F080FD044618B100F079F82046CC
S21400C09010BD00F07BF804460028F6D10122014BC3
S21400C0A01A70F2E71A5D0020054B1B7833B1054B7A
S21400C0B0C0F3130100221868FCF75ABF112070471E
S21400C0C01A5D002038670020144B2DE9F0411B78DC
S21400C0D005460E461746FBB129F03CFD012805D95A
S21400C0E0841EE4B2012C09D9212412E03B463146D5
S21400C0F02846BDE8F041002200F052B800F038F8BB
S21400C1003B4600223146284600F076F8044600F00A
S21400C11037F82046BDE8F0811124FAE71A5D0020C2
S21400C120124B70B51B7804460D461646E3B129F04F
S21400C13011FD012805D9831EDBB2012B08D9212465
S21400C14010E0324629462046BDE8704000F040B870
S21400C15000F00EF820463246294629F016FD044621
S21400C16000F00EF8204670BD1124FBE71A5D002093
S21400C17008B532F060F8014B186008BDA43C0020FA
S21400C180014B186832F052B8A43C0020024B1968E4
S21400C190024B1868FCF752BB18670020386700206F
S21400C1A037B505460C46C0F313010848ED02006893
S21400C1B005D5224603B0BDE83040FCF78DBC0093A1
S21400C1C013462246FCF742FC03B030BD3867002019
S21400C1D030B405461346074A0C46C0F313011068F0
S21400C1E0EA0203D5226830BCFCF77EBE224630BC8D
S21400C1F0FCF774BD38670020F7B505460F461446B1
S21400C2001E461BB92125284603B0F0BD0029F9D0EB
S21400C21029F0A0FC4BF23462ABB2934220D14FF02F
S21400C220FF3322466946CDE9003325483346FFF7FB
S21400C230E3FF08220546234968460EF0FDFB38B9A1
S21400C24033462246694641F2F010FFF7D5FF054611
S21400C250002DD8D13246694638460EF031FAD2E77C
S21400C26041F2F01293420FD1174B311908299A6CFC
S21400C270DB6CC7D8CDE9002332460DEB0401384607
S21400C2800EF01EFA0025BEE702280BD1C5F30C43BC
S21400C29032199342B6D3C5F30B0104F17E643246DD
S21400C2A02144ECE7032809D1C5F30C433219934225
S21400C2B0A8D3C5F30B0104F53E24F0E70125A2E759
S21400C2C0021008C0A08A04000080E00F10B52BF012
S21400C2D010FF2CF0C6FFBDE81040034601210220E7
S21400C2E0014A02F00BBC00BF5FF1030013B5D0E9B2
S21400C2F0023253F822301C7820462BF00CFF2346DF
S21400C300009001210220024A02F0F8FB02B010BDA4
S21400C31073F10300014B18782BF0D2BA1B5D002096
S21400C320FF232DE9F04F8FB01122002108A88DF8C9
S21400C33013300EF035F808A82AF07EFC0121022002
S21400C340B04A08AB02F0DAFB41F24903AE4A0121DB
S21400C350022002F0D3FB06A82AF09DFD08A90DF1E5
S21400C36013002AF0A3FD02200021A84A02F0C6FB13
S21400C37000202BF0D6FA10B106A809F0CDFB9DF9E7
S21400C3802A3001210220A24A00939DF82B3002F0A9
S21400C390B5FB2BF0AAFE831EDBB2FC2B054631D87C
S21400C3A0012102209B4A02F0A9FB01249A4E9B4FD2
S21400C3B0DFF8D082234632460021022002F09EFBA0
S21400C3C005A9E0B22BF093FE034650B1A0F1160289
S21400C3D0012A40F2AA8042460121022002F08EFB8A
S21400C3E00CE09DF914303A4601939DF81630012171
S21400C3F0009302209DF8153002F080FB0134E3B272
S21400C4009D42D7D8BDF8284007F072FF234600218A
S21400C410834A0090022002F071FB02200021814A2C
S21400C42002F06CFB00202BF07CFA10B108A809F093
S21400C43073FB01217C4A022002F060FB2BF0B3FD67
S21400C44004462BF0AEFD23460121784A00900220D8
S21400C45002F054FB08F024FC00210220744A02F08B
S21400C4604DFB9DF81330FF2B65D000210220714A4A
S21400C47002F044FB01216C4A022002F03FFB2AF046
S21400C4801AFD012103466C4A022002F037FB07F032
S21400C49007FF00210346694A022002F02FFB2AF01C
S21400C4A010FD04462AF00FFD23460121644A009041
S21400C4B0022002F023FB31F0CAFF08F099FC0121AC
S21400C4C00346604A022002F019FB0025DFF8B88117
S21400C4D008F08EFCECB2A04233D831F0B8FF01234E
S21400C4E0594A1946022002F009FB00202BF0E8F911
S21400C4F0564B574C0093012100230220554A02F068
S21400C500FDFA236863B1012102201B78524A02F02B
S21400C510F5FA2368012102205B78504A02F0EEFA11
S21400C5202BF0D3F90FB0BDE8F08F012102204C4A62
S21400C53002F0E4FA62E7002102204A4A02F0DEFA3C
S21400C54098E7494B204603EB0416D6F8089008F007
S21400C55009FD8246204608F051FC444F00280CBFD7
S21400C560C346BB46204608F0FDFC0AF0B7FA002892
S21400C57008BF4746534600210220CDE900B73C4A93
S21400C58002F0BCFAB37901210293B388022001932A
S21400C5907388384A0093337B02F0B0FA0026DFF83F
S21400C5A0ECB099F80430F4B2A34203D831F04FFF50
S21400C5B001358DE714235C43D9F8007002203A5BFE
S21400C5C007EB040A9AF90C3000922B4A002132EA53
S21400C5D0230228BF5A461346284A02F08FFA002044
S21400C5E02BF09FF938B150463C5B2AF0D3FC01464D
S21400C5F020460AF0C1FA01210220214A02F07EFA02
S21400C6000136CEE7B4F10300C3F10300DFF1030007
S21400C6100BF20300E6F10300FCF1030003F2030053
S21400C62038F2030058F20300A2F2030061F203009E
S21400C63083F20300A41004008EF20300A4F20300A9
S21400C640BAF20300D0F2030049F3030061F30300DB
S21400C6504041002055F303006FF3030083F303000B
S21400C66020F2030040EF0300744000208BF103002B
S21400C670DBF20300FBF20300A8F1030031F3030032
S21400C680B93904002BF2030093F103009CF1030078
S21400C6902DE9F7430025134EDFF8588008F0A8FB75
S21400C6A0ECB2A04202D803B0BDE8F08327012046D2
S21400C6B016F8079008F0A2FB0B4A4B46002808BF66
S21400C6C04246002102200092084A02F017FAF05D66
S21400C6D02AF0FDFB01210220054A02F00FFA01357F
S21400C6E0DCE700BF74400020524004009EF30300C5
S21400C6F0B93904005C40040008B583685A681178AC
S21400C700C26853F82230A1F16502514251411878AF
S21400C71008F02AFD30B9BDE8084001210220024A8F
S21400C72002F0ECB908BD00BFA9F303000021022007
S21400C730014A02F0E3B900BFC3F303000021022060
S21400C740014A02F0DBB900BFF1F3030010B504465E
S21400C75086B01822002168460DF022FE68462BF0AF
S21400C7602CF8D4E9022052F8203002EB80021B7825
S21400C7708DF80B30516891F900108DF80A10916809
S21400C7800988ADF808106168091A032907DDD26820
S21400C79003F01F03127843EA42138DF80B30684605
S21400C7A007F054FE00210346024A022002F0A6F9D2
S21400C7B006B010BD0DF4030007B500202BF059FCA1
S21400C7C000210090034B0220034A02F097F903B0C1
S21400C7D05DF804FB1AF4030020F4030013B5D0E957
S21400C7E0023253F8221003EB82035B68087819685C
S21400C7F00023094CA222994208BF2146C01A18BF3E
S21400C80001202BF02AFC01210090044B0420044A4E
S21400C81002F074F902B010BD00F8FF07E735040017
S21400C82032F5030013B5D0E9023203EB820153F868
S21400C8302230D1E901141878FF22003818BF0120F1
S21400C840237809682BF009FC01210090034B042093
S21400C850034A02F053F902B010BD00BF2BF40300E8
S21400C86032F5030008B5002101230C4A2BF067FAC5
S21400C8700A482AF0C5FF0020094909F0E5F900201A
S21400C8802BF04FF810B1054809F046F9BDE808400E
S21400C89001210420034A02F031B900BF4C62002097
S21400C8A040F40300B939040010B52AF00EFB034625
S21400C8B030B1BDE8104001210420054A02F01EB93F
S21400C8C00121BDE810400420024A02F017B900BF5B
S21400C8D04EF403005FF4030010B52AF095FFBDE8A0
S21400C8E01040034601210220014A02F007B900BFAA
S21400C8F06AF4030010B52AF056FFBDE81040034660
S21400C90001210220014A02F0F9B800BF80F40300BA
S21400C91037B5D0E90232012453F822304FF6FF70C3
S21400C9201D78FE2204FA05F100232BF00AFC2B46A4
S21400C930009021460420024A02F0E0F803B030BD21
S21400C94094F40300D0E9023253F822301B7823B166
S21400C95001210220024A02F0D1B8024A1370704741
S21400C960B3F403001B5D002007B568462AF093FA6F
S21400C97007F0BEFC01210346084A022002F0BEF87A
S21400C980684609F0C9F807F027FF01210346044A64
S21400C990022002F0B3F803B05DF804FBC9F403000C
S21400C9A0E3F4030037B5D0E90245406854F8253073
S21400C9B0401B0328D8BF002004EB8504C8BFE068EE
S21400C9C019786368C8BF00781A78A36893F90030AE
S21400C9D0009001202BF02FFB38B901210220084AD5
S21400C9E003B0BDE8304002F089B8064B01900093D2
S21400C9F001210220044B054A02F080F803B030BD46
S21400CA00F4F40300FCF403009621040010F5030080
S21400CA1007B501202BF017FB48B900900121022032
S21400CA20084B094A02F06AF803B05DF804FB054BB0
S21400CA300190009301210220044B054A02F05EF8A3
S21400CA40F2E700BFFCF4030027F50300454E0400A0
S21400CA5010F5030008B5D0E9023253F822301878F2
S21400CA602BF0A5FA30B9044A0121BDE8084004209D
S21400CA7002F044B8014AF7E73CF5030058F5030016
S21400CA8008B5D0E9023253F8223018882BF08DFA18
S21400CA9030B9044A0121BDE80840042002F02EB84F
S21400CAA0014AF7E777F50300A7F5030073B50378A7
S21400CAB0044613F0050F0ED04588062D17D183685F
S21400CAC001215B68174A1B78019383880420009332
S21400CAD0154B02F013F82378012B20D001210420F7
S21400CAE0114B124A02B0BDE8704002F007B835B9E3
S21400CAF08388012104200E4A02F000F8EBE7012D9E
S21400CB00E9D186680B49002009F09EF8304609F006
S21400CB1003F829460420084A01F0F0FFDBE702B0DC
S21400CB2070BD00BFDDF50300D4F503002FF603004B
S21400CB30FAF5030017F60300B93904002DE9F04FA3
S21400CB4000268FB0364D09AC0FCD0FC42B680121DF
S21400CB500220344A236001F0D1FF3446DFF8DC902F
S21400CB602AF0ADF9F5B2A8420BD82AF0A8F9234668
S21400CB700090012102202C4A01F0C0FF0FB0BDE852
S21400CB80F08F284605A92BF0F4F90346002841D17A
S21400CB909DF81430032B39D904238DF814302B4616
S21400CBA000210220214A01F0A9FF9DF814300EAAA8
S21400CBB002EB830300214A4653F8143C022001F09E
S21400CBC09DFF28469DF821A09DF815B09DF8187089
S21400CBD0BDF816802BF0CFF95346CDE90280002130
S21400CBE00220CDE900B7124A01F088FF0134002088
S21400CBF0E4B22AF096FE18B10DF1190008F08CFF89
S21400CC00002102200B4A01F079FF01E0002BC6D17B
S21400CC100136A5E700210220074A01F06FFFF7E77B
S21400CC20A88A040041F60300BAF60300FEF10300EA
S21400CC306EF60300CBEB030095F6030041010400FB
S21400CC40C3688268013BDBB252F8233002201B78AF
S21400CC50652B14BF00220121044B1BBF01211A7053
S21400CC60034A044A08BF197001F048BFCD6C002083
S21400CC70D1F60300DFF60300D0E9023253F8223083
S21400CC801A88014B1A807047686C002007B5D0E9F7
S21400CC90023103EB810253F8213052681988054BA4
S21400CCA00548128800930088012309F029FC03B088
S21400CCB05DF804FBADCA0000686C0020C36882689B
S21400CCC0013BDBB252F823305B78A3F16602534295
S21400CCD05341014A13707047D06C002030B5D0E93C
S21400CCE0023253F8223089B01D78012302AA194671
S21400CCF004462BF024F801230093102302210DEBA9
S21400CD00030220462AF0FCFF284604AA02A92BF0BC
S21400CD1032FA044600202AF004FE18B121460448E0
S21400CD2007F076FB0020034908F074FF09B030BD19
S21400CD30EEF60300B9390400002330B58FB00221A7
S21400CD40009309AA122305462AF0DAFF05AA01462F
S21400CD5009A807F0E1F8044698B1232805D1134A3C
S21400CD600121042001F0CAFE09E0212801D1104A61
S21400CD70F6E70346012104200E4A01F0BFFE0FB07D
S21400CD8030BD01232846194603AA2AF0D8FF05A974
S21400CD9003A82BF0F2F9054620462AF0C2FD18B18A
S21400CDA02946054807F034FB044AD9E7FBF603009A
S21400CDB01EF7030059F703007AF70300B939040099
S21400CDC0F0B5D0E9023253F8221003EB82039B68D9
S21400CDD005461F7887B038460E782AF082FD04464E
S21400CDE008BBD5E9022101238DF80830194452F812
S21400CDF0210002EB810200888DF809709268ADF878
S21400CE000A00127804218DF80C2028460DF10D0238
S21400CE102AF095FF304602A98DF815402BF0ADF8A4
S21400CE2004462AF052FD334601210420024A0094AB
S21400CE3001F064FE07B0F0BD8FF703002DE9F04166
S21400CE4001218EB00220274A01F058FE002005ABD3
S21400CE5001AA09A92BF089F900250446224E234F82
S21400CE60DFF898801CB128460EB0BDE8F08102209D
S21400CE702B463246214601F041FE20462AF051FD5F
S21400CE8010B10AA808F048FE3A46002102209DF894
S21400CE90303001F033FE424600210220079B01F0AD
S21400CEA02DFE00210220BDF82030114A01F026FE9A
S21400CEB0BDF8143000210F4A022001F01FFE013594
S21400CEC001A82AF029FDEDB2012102200A4A01F04C
S21400CED015FE284605AB01AA09A92BF046F904461B
S21400CEE0C0E700BFC1F7030007F803000FF8030010
S21400CEF0C310040024F80300B93904001BF803002B
S21400CF002DE9F047064698B0C0B929F0D6FF074687
S21400CF1000250EA82BF033F901210220384A01F033
S21400CF20EDFD2C46DFF8E080DFF8E090DFF8E0A0CB
S21400CF30BC4205D3284618B0BDE8F0870127E7E7CE
S21400CF4013A82BF01CF9002E4CD0022306A913A818
S21400CF508DF84C30FE242BF004F900283FD102A9AE
S21400CF6013A82BF004F99DF8593043F001038DF80F
S21400CF705930002E3DD1234631460220214A01F089
S21400CF80BDFD9DF859300AA943F0010313A88DF89A
S21400CF9059302BF0ECF800202AF0C3FC10B114A88E
S21400CFA008F0BAFD0C9B42460021022001F0A6FDC7
S21400CFB0BDF82820002112F4007F0CBF4C2341232B
S21400CFC012F0100F0CBF6E227922022000924A4601
S21400CFD001F094FD06A82AF09FFC0135EDB201345D
S21400CFE0E4B2A5E720460AAB06AA13A92BF0BBF8C5
S21400CFF0B3E752460021022001F080FDC1E700BFE2
S21400D0002EF8030007F803001BF803006AF8030075
S21400D01063F8030030B5012499B00EA82BF0AFF8E2
S21400D02013A88DF838402BF040F8C0B9BDF84C1066
S21400D03011EA040513D121460220444A01F05EFDA0
S21400D04029460220424A01F059FD214602203F4A65
S21400D05001F054FD214602203C4A01F04FFD06A98E
S21400D0600EA82BF07EF820B11022FF2106A80DF0A6
S21400D07097F904A82BF07DF8059B01210220354A7C
S21400D0800093354B01F03AFD9DF812300121022045
S21400D090324A0093304B01F031FD00212E4B304ACE
S21400D0A0022001F02BFD06A82AF036FC13A82BF070
S21400D0B066F802230AA913A88DF84C302BF057F80F
S21400D0C000283FD10B9B009301210220254B264AC6
S21400D0D001F014FD0121234B244A022001F00EFD2D
S21400D0E00120FFF70DFF01211E4B214A022001F00F
S21400D0F005FD0020FFF704FF044629F0DEFE234668
S21400D1000090012102201B4A01F0F8FC01211A4B75
S21400D110174A022001F0F2FCFFF790FE174902289A
S21400D12003461748174A28BF0A46084928BF01463B
S21400D1300092CDE9013102200121134A01F0DEFC04
S21400D14019B030BD4FF0FF33BDE700BFB93904005A
S21400D1507DF80300BBF80300B3F80300CBF8030028
S21400D16020200400472E0400DEF80300EEF803003B
S21400D170F5F80300FEF8030012F9030079F803003F
S21400D1808A150400DC15040020F9030010B5D0E968
S21400D190023253F822301C78201E18BF01202AF0D5
S21400D1A070FF054A054B0020002C18BF1A46BDE844
S21400D1B01040034908F02EBD4DF9030048F903005E
S21400D1C056F90300D0E9023210B553F822301C8815
S21400D1D020462AF058FF2246BDE8104000200149AC
S21400D1E008F018BD97F9030037B5044607F058F85D
S21400D1F0014638B100200D4A0D4903B0BDE8304065
S21400D20008F008BDE368A268013BDBB252F82330A1
S21400D21008481D780123084A00936C2D08BF024673
S21400D220102320462AF06CFD03B030BDE5F903005C
S21400D230EDF90300B66C0020A66C002013B58368D9
S21400D2409A681278672A22D101A82AF02EFF04468F
S21400D250A8B9BDF80420174908F0DCFCBDF8043076
S21400D260DA070AD413F0020F134B144A18BF1A46F3
S21400D2701349002008F0CEFC19E0124AF8E70246EF
S21400D2801149002008F0C6FC22461049F1E7C268A2
S21400D29001A953F8220003EB82035B6800681B6851
S21400D2A0ADF804302AF007FF04460028ECD102B09F
S21400D2B010BD00BF20FA030013FA03007D2104000E
S21400D2C041FA030003FA030053FA03007FFA03004F
S21400D2D0034A04491388C85401331380704700BFBB
S21400D2E00A560020215D002073B5154D01242B78C9
S21400D2F0144E13F0040F0CBF02230423124A2146D7
S21400D3001470328802200192EB5C104A0093104B96
S21400D3105B8801F0F3FB002102200E4A01F0EEFBD1
S21400D3200D4B2946009332882346022001F02CFC40
S21400D33021460220094A02B0BDE8704001F0DEBB7B
S21400D340215D00200A560020205D00208EFA030092
S21400D350FC550020B3FA0300D5FA0300B9390400DF
S21400D36070B516464FF48A52114B124DDA8059802A
S21400D370114B1B881A1E18BF012240EA82000F4A72
S21400D3801278003A18BF012240EA0210287063B1F2
S21400D39003246B701B0AAB7009F00EFC631C285547
S21400D3A0EE54074B02341C8070BD0124F4E700BF26
S21400D3B0FC550020215D0020085600201F5D00203F
S21400D3C00A56002038B5D1E902320C46054653F815
S21400D3D02230024619880C4B1878FFF7C1FFE36825
S21400D3E0A268013352F82330188828F010FC4DB19B
S21400D3F0E368A268023352F823301878BDE8384054
S21400D400FFF766BF38BD00BF1C5D0020F0B50546BF
S21400D410EB68AA68023352F8233008461C7829467F
S21400D42085B0FFF7CFFF204629F0A0FD204E214F04
S21400D43078B3204629F0A6FD0321441C03AA2846FB
S21400D44027F04CFC3288E4B2C2F1FF0303991B1BA1
S21400D4509BB28B4222443CBFC2F1FF0303930123DD
S21400D460032100933A449DF80C3028462AF048FCE5
S21400D470039A022C338804BF0F48110AFA5408BFD7
S21400D480C15413441C44348005B0BDE8F040FFF797
S21400D4902BBF204607F00CFC01233288044600937D
S21400D4A0032103463A4428462AF02AFC3388E9E753
S21400D4B00A560020215D0020225D0020052307B5C6
S21400D4C0012100930220044B044A01F017FB03B02D
S21400D4D05DF804EBFFF79EBDBCFA0300C3FA030039
S21400D4E013B504462AF0DDFD38B1CDE90040012130
S21400D4F00220034B034A01F001FB02B010BD00BF3F
S21400D500E5F90300DAFA0300194B37B51B783BB987
S21400D51001210220174A03B0BDE8304001F0EEBA00
S21400D520D0E90232144C53F8223001211D7863886A
S21400D53002200093114A2B4601F0E0FA104B2571A9
S21400D5401B78104D63B1012102200F4A01F0D6FA74
S21400D55020460E4A298803B0BDE8304029F0A7BA15
S21400D56020460A4A298803B0BDE8304029F061BB4E
S21400D570205D0020F1FA0300FC550020FFFA0300AE
S21400D5801D5D00200A56002016FB0300215D0020CA
S21400D5902DE9F041D0E9023253F8221003EB820362
S21400D5A05A680C7817889A68DB68B2F80080C6B0AC
S21400D5B01D780021304B0220304A0094CDE90178D6
S21400D5C001F09CFA002D0CBF6E2379230121022066
S21400D5D02B4A01F093FAFF23002D0DF1170606AD36
S21400D5E0019320460CBF80234023424639460296CC
S21400D5F000952AF001F80446002835D1307829F045
S21400D600BBFC0746B0B128462AF04AF91D4BFD2858
S21400D610A8BFFD200093234682B20DF11901022017
S21400D62001F0B2FA01210220174A01F067FA46B06B
S21400D630BDE8F081307829F0A5FC60B128462AF0D4
S21400D64034F9FD28A8BFFD200E4B82B200930DF1E1
S21400D6501A013B46E3E7307807F02AFB0B4B0246FD
S21400D660009329460123DAE7009001210220084BA7
S21400D670084A01F043FADAE7E32E040030FB030021
S21400D68055FB030067430400B9390400D5FA0300CC
S21400D690DD0304005FFB0300D0E9023253F82210DA
S21400D6A003EB82032DE9F04F5A680F78B2F800803A
S21400D6B09A68C7B0B2F80090DA681B6992F800A0C2
S21400D6C01E7800212F4B304A0446CDE901890220FE
S21400D6D0009701F013FABAF1000F0CBF6E237923FE
S21400D6E001210220294A009606AD01F007FAFF2222
S21400D6F0002128460CF054FE304629F03DFC8346B7
S21400D70008B30023052100932046FD230DF11902DE
S21400D7102AF0F6FA2870BAF1000F0CBF80234023D7
S21400D7204A4641463846CDE9005629F030FF0146C4
S21400D730144806F06DFE01210220154A01F0DEF9BC
S21400D74047B0BDE8F08F304629F01CFC60B1FD23E1
S21400D75005212046CDF800B00DF11A022AF0D0FAC5
S21400D76085F801B02870D6E70590304607F0A0FA95
S21400D770059A0346009205212A4620462AF0C0FA5A
S21400D780C9E700BFD62E040030FB030070FB030081
S21400D790B93904002DE9FF471C465B68E5685B1B4A
S21400D7A000255FFA83F803952E46FFF7D9FDEBB206
S21400D7B098450BD90C9B9B5D282B39D8202B00F263
S21400D7C0CB800136F6B2002B40F0C980FFF78CFD07
S21400D7D004B0BDE8F087132A2FD801A151F822F033
S21400D7E0A7D80000B9D80000CBD80000FFD80000AA
S21400D7F0CDD70000CDD70000CDD70000CDD7000094
S21400D8003BD800003BD800003BD800003BD80000C7
S21400D8103BD800003BD800003BD800003BD80000B7
S21400D8203BD800003BD800004BD8000025D90000AC
S21400D830A3F13102D1B21329CDD90136F6B2A3F144
S21400D8404102032AC2D8422B6CD06C4F00213A8882
S21400D850DFF8B0A1C2F1FE039BB2FF2B28BFFF2367
S21400D86001320091DBB22046524469B22AF024FA13
S21400D8703B880AF8030001331844388011E04FF063
S21400D8800409E368A2682B4452F823301F68F8B2F4
S21400D89009F1FF39FFF71CFD19F0FF094FEA1727BA
S21400D8A0F5D1013583E7E368A2682B4452F82330AC
S21400D8B01878FFF70DFDF4E7E368A2682B4452F8EA
S21400D8C02330188828F0A3F9EBE7E368A2682B4416
S21400D8D052F823301F68B7F1807F09D2F8B2FFF7FD
S21400D8E0F7FCC7F30720FFF7F3FCC7F30740E0E7B2
S21400D8F02B4601210820424A01F000F966E74FF066
S21400D9000409E368A2682B4452F823301F68F8B273
S21400D91009F1FF39FFF7DCFC19F0FF094FEA17277A
S21400D920F5D1BEE7294603AA204627F0D7F90021FD
S21400D930324F344A3B88DDF80C9002EB030CCAB237
S21400D940914501F1010102D84B443B80A9E710F84C
S21400D95002A00CF802A0F2E7242B3FF670AF013BC2
S21400D960232B3FF633AF01A252F823F0A7D80000CE
S21400D970B9D80000CBD800007FD80000CDD7000073
S21400D980CDD70000CDD70000CDD70000CDD7000002
S21400D990CDD70000CDD70000CDD70000CDD70000F2
S21400D9A0CDD70000CDD70000CDD70000A7D8000007
S21400D9B0B9D80000CBD80000FFD80000CDD70000B3
S21400D9C0CDD70000CDD70000CDD70000CDD70000C2
S21400D9D0CDD70000CDD70000CDD70000CDD70000B2
S21400D9E0CDD70000CDD70000CDD70000A7D80000C7
S21400D9F0B9D80000CBD800007FD800000A56002017
S21400DA0089FB0300215D0020094B1B7823B101210F
S21400DA100820084A01F072B8D0E9023253F82230E2
S21400DA20054A1B88012113800820044A01F066B8C5
S21400DA30205D0020AFFB030008560020F1FB03002A
S21400DA40D0E9023253F82230054A1B780121003B08
S21400DA5018BF012308201370024A01F04FB800BF18
S21400DA601E5D002017FC0300D0E9023253F8223076
S21400DA70034A1B78012113700820024A01F03EB8C1
S21400DA801F5D002046FC030010B5D0E902320446B4
S21400DA9053F82230132219880B4B1878FFF760FCD6
S21400DAA0E368A268013352F823301878FFF710FCB9
S21400DAB0E368A268023352F823301878FFF708FCB0
S21400DAC0BDE81040FFF710BC1C5D002010B5D0E983
S21400DAD00232044653F82230112219880B4B18786C
S21400DAE0FFF73EFCE368A268013352F8233018784B
S21400DAF0FFF7EEFBE368A268023352F8233018788B
S21400DB00FFF7E6FBBDE81040FFF7EEBB1C5D00200C
S21400DB10D0E9023253F82230034A1B78003B18BF84
S21400DB200123DB00137070471C5D002010B5D0E9A0
S21400DB30023253F82230044619880E4B0622187813
S21400DB40FFF70EFC0120FFF7C3FBE368A26803445F
S21400DB5052F82330188828F05AF8E368A26802338F
S21400DB6052F82330188828F052F8BDE81040FFF726
S21400DB70BBBB00BF1C5D00202DE9F043D0E902329C
S21400DB804FF0FD09013253F8221003EB82035A6866
S21400DB90C7B017889A68B1F80080147853F8043C28
S21400DBA0002C0DF1170506AE18783A4614BF402330
S21400DBB0802341460295CDF80490009629F01CFD7E
S21400DBC0034638B1184A0121082000F097FF47B0F5
S21400DBD0BDE8F083201E18BF01200A224146C0007F
S21400DBE0FFF7BEFB384628F012F82878FFF770FBE0
S21400DBF04A463146287829F06DF9044628B10B4F7D
S21400DC003D88C5F1FF03984202DD2346084ADAE75D
S21400DC10024608483146284425440CF051FD3D8014
S21400DC20FFF762FBD3E700BF7CFC03000A56002028
S21400DC3098FC0300215D002010B5D0E902320446AE
S21400DC4053F82230082219880B4B1878FFF788FB08
S21400DC50E368A268023352F823301878FFF738FBDF
S21400DC60E368A268013352F82330188827F0CFFF04
S21400DC70BDE81040FFF738BB1C5D002073B5D0E947
S21400DC8002320546023253F8221003EB820353F8A1
S21400DC90042C53F8083C0C781988234B16881878FF
S21400DCA00622FFF75DFB0020FFF712FB304627F049
S21400DCB0AEFF2046FFF70CFBEB68AA68033352F86A
S21400DCC02330188827F0A3FFEB68AA68043352F8BD
S21400DCD02330188827F09BFF204609F06DF9E8B935
S21400DCE0204606F0E5FF05210446019001AA2846D5
S21400DCF026F0F4FF019B01469C4206D022463146A0
S21400DD000A480BF03BFA02B070BD094D09482E8850
S21400DD102246304434440CF095FB2C8002B0BDE81B
S21400DD207040FFF7E1BA00BF1C5D0020C4FC030092
S21400DD300A560020215D002073B5D0E902324FF468
S21400DD408A5153F82230104D1A88104BD9805A80C9
S21400DD5000232A4600930121FF2329F0D1FF2B78C8
S21400DD60044613F0040F0A4B08BF01261B7818BFA1
S21400DD70032613B108F020FFA855064B1C8002B0FE
S21400DD80BDE87040FFF7B0BA215D0020FC550020CA
S21400DD901E5D00200A560020D0E9023253F82230D9
S21400DDA0034A1B78003B18BF01231370704700BF5F
S21400DDB01D5D002010B50C4608B907F089FE024B21
S21400DDC018715C7110BD00BFFC55002002462DE99D
S21400DDD0F341D0E90253526855F82310D21A0C8842
S21400DDE005EB8301013BDBB255F82380294D022A5F
S21400DDF04868C8BF8A682B78D8BFFF210078C8BF9C
S21400DE0011783BB901210220234A02B0BDE8F04157
S21400DE1000F074BEFFF7CEFF06F06AFA1F4F204EE2
S21400DE203B880146224600931E48334629F0D0FC24
S21400DE300246C8B998F804103B885F2917D1CDE987
S21400DE4000364FF6FF712046164B28F024FE28B108
S21400DE50034601210220144A00F050FE0023134A14
S21400DE602B701380124A137002B0BDE8F0814FF693
S21400DE70FB718C4208D9CDE900362146094B4FF696
S21400DE80FF7028F066FEE2E72146064A009628F074
S21400DE9092FEDCE7205D00200FFD03000A560020FE
S21400DEA0215D0020FC55002016FD030008560020CA
S21400DEB01F5D0020002210B50A2104461046FFF719
S21400DEC04FFA002027F0A3FE0122044B1A70FFF73A
S21400DED00BFA2046BDE81040FFF778BF49620020E5
S21400DEE038B51C4615460123224629F028FF60B99E
S21400DEF0214628462AF0FFF8044620B101210420D6
S21400DF00034A00F0FBFD204638BD0024FBE700BFB7
S21400DF103DFD03002DE9F0430C4615461F46D0E9AB
S21400DF20022352F8231002EB830293680E8893F8BC
S21400DF300080D3688BB0B3F800903246012106AB60
S21400DF40FFF7CEFFF0B90DF1200CF4B101232A88BB
S21400DF504021CDE902C2CDE90471CDE9009322212A
S21400DF60434606AA304629F021FF0B4B0B4A009386
S21400DF700B4B0190002C08BF134601210420094AD0
S21400DF8000F0BCFD0BB0BDE8F08362462868696807
S21400DF90032303C22246DBE79CFD030081FD03004A
S21400DFA07BFD030089FD030007B501236A460021B7
S21400DFB029F0C5FE6846034908F04EFB03B05DF83D
S21400DFC004FB00BFADCA0000D0E9023253F822308D
S21400DFD00149188808F012BBADCA000010B5D0E998
S21400DFE0023203EB8201496853F8223009784FF475
S21400DFF08A52188829F0CAFEBDE81040034601215F
S21400E0000420014A00F07ABDA6FD0300D0E90232E2
S21400E01053F8223002214FF48A5210B5188829F09E
S21400E020A7FEBDE81040034601210420014A00F087
S21400E03065BD00BFBFFD03001FB5D0E9023203EB8C
S21400E040820153F82230496818884FF48A530988A9
S21400E0500293094B094A0193094B1B7800931278E7
S21400E060084B29F0FBFE012103460420064A05B0B2
S21400E0705DF804EB00F042BD0C560020215E002047
S21400E080205E002016560020D6FD03002DE9F04342
S21400E090D0E9023253F8221003EB82035A680E8846
S21400E0A017789A68DB688BB092F80090B3F8008017
S21400E0B03246042106AB0446FFF712FF28BB08AD24
S21400E0C001232A460521204629F039FE38B90420C6
S21400E0D001210F4A00F012FD284628F0DCFE4FF41E
S21400E0E08A53CDE904930023CDE90253032321216B
S21400E0F0CDE9008306AA3B46304629F057FE0121AB
S21400E1000346044A042000F0F9FC0BB0BDE8F08397
S21400E110EEFD03001DFE030038B5D0E9024303F10F
S21400E1208043023B02220F4954F823009D000CF066
S21400E13083FC60B90C4B0D491A78042A0BD82C4482
S21400E140A068008821F8120001321A7038BD084B0A
S21400E15008491A78F1E70121BDE838400420064A4C
S21400E16000F0CCBC11270400215E002016560020CB
S21400E170205E00200C5600202FFE030008B5C36862
S21400E180806803F18043023B0222064950F82300D0
S21400E1900CF052FC10B9044B187008BD0022034B5B
S21400E1A01A70FAE711270400215E0020205E002086
S21400E1B037B5D0E9023153F821208C001578426833
S21400E1C0521A012AC5BF1B195B686C091C78DCBF94
S21400E1D044F0180405F01F052946204629F002FDE4
S21400E1E0034640B12346012104200E4A009500F064
S21400E1F085FC03B030BD0121A94074B92346FE2238
S21400E2004FF6FF7029F09DFF012103460420064AC1
S21400E21003B0BDE8304000F071BCFE2241EAC461A4
S21400E220EEE700BF45FE030065FE030070B5D0E9CB
S21400E230021551F8253001EB8501044618884B6815
S21400E2401A788B68052A1B8802D85E1E072E0BD903
S21400E250012104200C4A00F051FCBDE87040012169
S21400E26004200A4A00F04ABC6468641B032CCABF38
S21400E270C9680749096829F064FFBDE8704002468E
S21400E2800449002007F0E0BC83FE0300A3FE030061
S21400E29000F8FF07C0FE030008B5D0E9023253F8C5
S21400E2A0220003EB82035968FF22038809684FF6B1
S21400E2B0FF7029F046FFBDE80840024601490020ED
S21400E2C007F0C2BCD3FE030008B5D0E9023253F80B
S21400E2D0223005214022188829F04AFDBDE8084072
S21400E2E002460249002007F0AFBC00BFF4FE030060
S21400E2F008B5D0E9023203EB8201486853F82210D1
S21400E300027840230988312029F085FDBDE80840C1
S21400E31002460249002007F097BC00BF15FF030025
S21400E32008B5D0E9023203EB8201486853F82210A0
S21400E330027840230988332029F06DFDBDE80840A7
S21400E34002460249002007F07FBC00BF2FFF0300F3
S21400E3501FB5D0E9023253F8221003EB82039B6804
S21400E36008881A780023D21A18BF0122CDE9023392
S21400E37002A94023D20129F05DFD01210090044B43
S21400E3800420044A00F0BAFB05B05DF804FB00BFA9
S21400E3909CFD03004DFF030007B5D0E9023253F899
S21400E3A0223003214022188829F0E2FC0121009047
S21400E3B0034B0420034A00F0A1FB03B05DF804FB06
S21400E3C09CFD03005CFF030037B5C3688268053315
S21400E3D052F8233004211D786A460123044629F0AA
S21400E3E0AEFC38B904200121064A00F087FB6846D7
S21400E3F028F051FD2B466A4600212046FFF78AFD8D
S21400E40003B030BD76FF030007B5D0E9023203EB58
S21400E4108201486853F82210027840230988322087
S21400E42029F0F9FC01210090034B0420034A00F078
S21400E43065FB03B05DF804FB9CFD0300A7FF03002B
S21400E44070B585690446EA0705F0020605D476B17C
S21400E450C5F3072029F045FA09E01EB1B2210F489E
S21400E4602FF0E8FFA069C0F3810029F029FAE369DC
S21400E4701BB9BA2109482FF0DDFF204614F0D0F969
S21400E480E3693EB1607E9847AB0706D0BDE87040B2
S21400E49029F01BBA20469847F6E770BDBCFF03007C
S21400E4A008B514F0D1FD28B1BDE808404721024860
S21400E4B02FF0C0BF08BD00BFBCFF03002DE9F04130
S21400E4C0FF2B04460F4690461D469DF8186005D063
S21400E4D0FF2E03D0D52111482FF0ACFF0023FF2DCF
S21400E4E018BFAD000E4A1CBF45F00105EDB2226014
S21400E4F00C4AC4E9063818BFA561FF2EC4E90123FB
S21400E5002361E76007D0A36943F0020323F47F4347
S21400E51043EA0623A361BDE8F08100BFBCFF030009
S21400E520A83C002041E40000002310B5054C036120
S21400E5300460054CC261C0E901430123C1608361E8
S21400E54010BD00BFA83C002041E4000070B58669FD
S21400E550044606F00303032B0D4603D1FC211448A2
S21400E5602FF068FFFF2D16D0B20704D440F2011139
S21400E5700F482FF05FFF284628F04DFEFF2805467F
S21400E58004D14FF482710A482FF054FF2DB204EBE9
S21400E5904514204670BDF307FBD5A36913F00C0F96
S21400E5A0F7D040F20B1102482FF044FFF1E700BF0E
S21400E5B0BCFF03000023054AC0E906310361026080
S21400E5C0C360034A034B426083607047A83C002048
S21400E5D041E40000ED27020001482BF0B2BC00BF6A
S21400E5E0A83C002001482BF0B8BC00BFA83C002087
S21400E5F013B50E482BF07FFC27F085FB2AF02DFC88
S21400E6002AF049FC2AF050FCFCF748FF0446FCF7C9
S21400E6105FFF2346009001210420054A00F06EFAB1
S21400E62002B0BDE81040FCF73FBF00BFA83C00208A
S21400E6304F000400022808B503D12FF0F4FE014B6A
S21400E640186008BDD83C002008B50CF00FFF01226A
S21400E650044B1A702FF070FFBDE8084002490348CB
S21400E660FDF7E4B8235E002044670020DC3C002071
S21400E670014B1870704700BF225E0020024B1878CE
S21400E68008B105F019BE7047C66C002008B5074BE8
S21400E6901B780BB1002008BDFFF7F0FF0028F9D16A
S21400E6A006F0E4F9023818BF0120F4E7225E0020E5
S21400E6B070B5FFF7EBFF174D20B1FFF78DFF04286D
S21400E6C0044613D82B781BB92FF036FF01232B7086
S21400E6D027F027FB0446D8B12B781BB9F7210E4844
S21400E6E02FF0A8FEBDE87040FFF776BF27F01BFBB3
S21400E6F00028E7D02B785BB12FF09DFD0646002161
S21400E70001202DF05DFF30462FF090FD00232B708A
S21400E710204670BD235E0020700004001FB5FFF782
S21400E720C7FF0446FDF72CFAA04228BF204688B152
S21400E73003A92EF031FB034638B9CDE90000064A9E
S21400E740039906482FF08BFE18B18E2104482FF04F
S21400E75071FE012004B010BD215D0300B83C00200E
S21400E760700004000D4B70B51B780D4D0D4C01214B
S21400E770002B0CBF2B46234602200B4A00F0BEF9A6
S21400E7800A4B01211B780220002B0CBF2B46234688
S21400E790BDE87040064A00F0B1B900BFC66C002064
S21400E7A0302704004F27040006010400225E0020E4
S21400E7B02501040010B5D0E9023253F822300220B9
S21400E7C01B780121002B15BF01240024044A054AAA
S21400E7D000F094F92046BDE81040FFF749BF00BF9F
S21400E7E04401040061010400D0E9023253F82230EB
S21400E7F0034A1B78003B18BF01231370704700BF05
S21400E800C66C002038B50125084B1D702FF013FD8F
S21400E8100446294628462DF0D3FE20462FF006FD56
S21400E820BDE8384002490348FDF700B8245E0020E2
S21400E8304C670020043D002070B514F08BFC10F0EF
S21400E840070F1D4D11D02B785BB901262E702FF0C7
S21400E850F2FC0446314630462DF0B2FE20462FF03C
S21400E860E5FCBDE8704014F039B929F046FC0228F2
S21400E870E9D1124C2378032BE5D914F06BFC10B9C0
S21400E8802378032B14D814F029F904460028DAD08C
S21400E8902B785BB100262E702FF0CDFC0546314656
S21400E8A001202DF08DFE28462FF0C0FC204670BDBE
S21400E8B04FF0FF34ECE700BF245E0020C862002063
S21400E8C01FB5FFF7B9FF0446FDF75AF9A04228BF67
S21400E8D0204688B103A92EF05FFA034638B9CDE981
S21400E8E00000064A039906482FF0B9FD18B18C219E
S21400E8F004482FF09FFD012004B010BDED62030018
S21400E900E43C00208001040010B5094C09490020B1
S21400E91007F080F923681B68587928F0B2FC236852
S21400E9201B68587927F0EBFC04F092FE002010BD1F
S21400E930044200200E02040008B529F0CEFB024671
S21400E94028B1BDE808400020014907F063B908BDBA
S21400E9503102040008B529F0D6FB024628B1BDE80E
S21400E96008400020044907F055B95422BDE8084085
S21400E970FF2102480BF014BD490204002056002077
S21400E98038B504460D4629F0C2FB024628B1BDE85C
S21400E99038400020034907F03DB9034B23F81450D4
S21400E9A038BD00BF67020400205600202DE9F34161
S21400E9B000240C4E0C4DDFF838800C4F56F8043B04
S21400E9C00BB9D8F8003035F8022B394600920020F3
S21400E9D02246013407F01EF92A2CEFD102B0BDE81A
S21400E9E0F08100BF586700207456002083020400A0
S21400E9F05467002008B52A21034829F080FBBDE8AB
S21400EA000840FFF7D3BF00BF7456002007B5D0E913
S21400EA10023253F822301A78292A0DD8084B53F8B8
S21400EA2022300BB9074B1B680749002031F812103B
S21400EA300091064907F0EEF803B05DF804FB00BF4E
S21400EA405867002054670020745600208302040094
S21400EA5008B52A21034829F054FBBDE80840FFF713
S21400EA60A5BF00BF7456002038B5D0E9023253F86F
S21400EA70221003EB82035B680C781D880020044993
S21400EA8007F0C8F829462046BDE83840FFF778BFAB
S21400EA908E0204002DE9F34100240C4E0C4DDFF8E5
S21400EAA038800C4F56F8043B0BB9D8F8003035F8D0
S21400EAB0022B3946009200202246013407F0AAF8BD
S21400EAC02A2CEFD102B0BDE8F08100BF58670020C5
S21400EAD020560020830204005467002010B502462A
S21400EAE027F023FC20B9044C236811B1134323609C
S21400EAF010BD23EA0203FAE7046800200CB413B53D
S21400EB0002460C4627F011FC60B9094B1B681A42F6
S21400EB1008D005A9049801910AF044FB14B10548F1
S21400EB202AF027F902B0BDE8104002B0704700BFD7
S21400EB30046800208D050400034610B5D3E90232B0
S21400EB4053F8223008461C78211E18BF0121FFF713
S21400EB50C5FF014648B9084A084B0220002C08BFEA
S21400EB601346074AFFF7CAFF10BD00210220054AD8
S21400EB70FFF7C4FFF8E700BF93F103008BF1030033
S21400EB808F050400A50504002DE9F04105461F4643
S21400EB900C46DFF82C808E18B44201D1BDE8F08117
S21400EBA00021284614F8013B069AFFF7A7FF002F1E
S21400EBB0F2D0424600212846FFF7A0FFECE700BF50
S21400EBC019F8030002460249002007F023B800BFE8
S21400EBD0B605040010B5234C2348FF2127F085F81E
S21400EBE0207802281ED003282ED0012804D0212009
S21400EBF0BDE81040FFF7E6BF1C4B19780029F7D098
S21400EC0002231B4A23701378052B0EBF0023013303
S21400EC10DBB29942137003D1052313700020E7E797
S21400EC20052BFBD0124B1B78052B02D10323237038
S21400EC30DDE7104A104932F8230007F0DFFC032313
S21400EC4023700028D4D110BD094B0C4A1878094B04
S21400EC5003EB8001897833F8200007F09FFC01233E
S21400EC60EEE700BF255E00200C3D00202E5E002053
S21400EC70C86C0020C85600205DEE000009EE0000BB
S21400EC802DE9F04F0D46144695B004901122002150
S21400EC900FA89946DFF86C810BF082FB04EB450366
S21400ECA00393D9F800301C2B02D0039B9C4202D160
S21400ECB015B0BDE8F08F0123DFF844A18DF81C30B5
S21400ECC023884C4AADF81E309AF800304A4D08EBBF
S21400ECD083039B7828788DF8203013688DF81D0004
S21400ECE0CDF821305368CDF8253028F0F0FD049B90
S21400ECF08DF8290021882878002B4AD128F0B2FA0E
S21400ED00002844D09AF800300FAA38F8230007A944
S21400ED1027F027FB00283AD028F0D1F84FF0000B58
S21400ED20074606461C255FFA8BF2974234D8B74250
S21400ED302BD99DF81C30032B1AD10FAB0193BDF8CD
S21400ED40213000220421009301202C4B06F0E8FD20
S21400ED509AF8003008EB83039978274B187806F06A
S21400ED605BFE9AF80030002038F8231028F000FDEB
S21400ED705DB107A9304629F000F9214B05461B78FE
S21400ED80304638F8231029F0FAF8C9F80050023453
S21400ED9087E728F05EFAB3E710460BA9059229F03C
S21400EDA0E8F830B99DF82C1031B9059AB74208BF7B
S21400EDB016460BF1010BB6E7BDF82E00BDF81E2077
S21400EDC09042F6D19DF830009DF820209042F0D178
S21400EDD09DF81C208A42ECD1032A14BF0822022286
S21400EDE00DF121010DF131000BF026FE002808BFC1
S21400EDF00025DEE7265E0020C76C002033080400EE
S21400EE00C86C0020C856002013B503460020114ADF
S21400EE109C6812780190052A03D01B78032B00D13A
S21400EE202CB9012002B0BDE81040FFF7CBBE6268E7
S21400EE30217801ABFFF724FF217A0120E26801ABBD
S21400EE40FFF71EFFFF21044802B0BDE8104026F081
S21400EE5044BF00BFC86C00200C3D0020094B1B7847
S21400EE60052B02D00378032B02D00120FFF7AABEA1
S21400EE708168054A0B68054813604B68FF2153609C
S21400EE8026F02BBFC86C0020265E00200C3D00201C
S21400EE9038B50024114B124D1870124BFF211C7010
S21400EEA02C7006F0B9FD0122032110460E4B06F029
S21400EEB037FD4FF6FF712246084628F05CFC0446F4
S21400EEC048B940F6B832FF21084826F0FDFE012377
S21400EED02B70204638BDFFF775FEFAE7C76C00209A
S21400EEE0255E00202E5E0020B93904000C3D00206F
S21400EEF0144BF0B51A681449136809785879884293
S21400EF000BD11249D78808460022114D1E792B785E
S21400EF10D4B2A34203D8052C0AD10020F0BD0C8839
S21400EF20BC4202D18C78B442F7D001320431EFE70C
S21400EF30A342F2D120F82270013300EB82008670E3
S21400EF402B70EAE704420020C76C0020C856002059
S21400EF502E5E0020FF2307B50021044A04480093D4
S21400EF60FFF7ACFA03B05DF804FB00BFD5EB00007A
S21400EF700C3D00201FB5B42303210446ADF80E3027
S21400EF8028F067F998B12123204600930022032138
S21400EF900DF10E0328F00CFB04460020054B064A34
S21400EFA00649009406F036FE204604B010BD8624BE
S21400EFB0F3E700BFE0050400ED05040002060400C8
S21400EFC0D0E9023253F82230034A1B78012113702D
S21400EFD00220024AFFF792BDE36C002011060400EF
S21400EFE00122014B1A707047E36C00200A4B90F820
S21400EFF005111B7890F8082119448A42BCBFB2FB61
S21400F000F3F103FB11234FF0FF32B8BFDBB202FA75
S21400F01003F380F80A317047E36C00202DE9FF41C6
S21400F0200446057F867EDFF870806E43237F98F85F
S21400F030002013449D4212DB607F60B9238B02934D
S21400F04063690193237C00936288A31D217805F0F1
S21400F050EFFDFF232370002004B0BDE8F081E37EBF
S21400F060AB42E9D9A77E228BF1199142A4BF921B2D
S21400F070D7B205EB0323E3813A46334629462046BA
S21400F08027F089F90028E7D1637F3744013301353B
S21400F0906377BEB2EDB2C9E7E36C002037B505462C
S21400F0A028F0A1FF0D4B04461B6869461B78032B0E
S21400F0B082BF0B4B1B881B18284688BF9CB229F0C2
S21400F0C01AF838B9684628F090FF18B9044B1B8820
S21400F0D023449CB2204603B030BD00BF4041002010
S21400F0E0706C0020084B1B78FF2B0BD1074B1B784E
S21400F0F0FF2B07D1064B1B78022B03D04FF48070F2
S21400F10028F07BBB704700BF086800205C3E0020EC
S21400F1102C3D002010B50446FF2126F0E6FD054BE9
S21400F1209C4202BF0023A4F588742370BDE81040FB
S21400F130FFF7D8BF3C3E00202DE9F0479A462A4B01
S21400F14081461B7888461646BDF82050002B49D0CD
S21400F150FF2D3ED938252846BDE8F087234B0C22E4
S21400F1603146A01D636184F80090A4F802800BF07D
S21400F17069F9A289414642F4004242F04002204624
S21400F180A28127F01AF92A46514660690BF05AF90F
S21400F19041464846A21D258328F066FCA076002836
S21400F1A0D8D00544013DB5FBF0F0FF28D2DC0023A3
S21400F1B0E0762046A383FFF731FF054680B9237922
S21400F1C04FF48070B37228F0D9FA227C099B1A801B
S21400F1D0C1E7074C2778FF2FC0D040F60345BAE7B3
S21400F1E02770F2E70225B6E7E36C0020305E0020C9
S21400F1F05C3E0020B0F9063010B5002B25DA144C22
S21400F2002278237CFF2A02D0827A9A4207D0114CB9
S21400F2102378FF2B17D0827A237C9A4213D169B9C0
S21400F220637F013BDBB263775BB90B4A237F1278BF
S21400F230204613442377FFF7F1FE0146204627F0C9
S21400F240CBF8FFF74FFF012010BD0020FCE700BF02
S21400F2505C3E002008680020E36C00202DE9F04F9B
S21400F2609A46B1F9063091B0002B0D461746DDF8E8
S21400F2706880049080F22981B8F80030FF2B04D90A
S21400F2804FF4B871A6482FF0D5F8A64B00241A788C
S21400F29093F80401B3F80211002A40F0A5802E7AF4
S21400F2A0A14A1278B24240F2AF800222A3F802715D
S21400F2B01A70AA7AFF2483F804210022A3F80841D2
S21400F2C083F80521A3F80621B8F80020954883F8AE
S21400F2D00C21FFF78BFE3846FFF7E0FE214600EBD9
S21400F2E04002924826F0F0FC4FF4807028F046FA70
S21400F2F08C4C94F80A91B9F1FF0F20D18A4A94F801
S21400F300053112781344B34219DC94F80C1184F8D2
S21400F3100531B4F80631204601FB0233A4F8063165
S21400F320FFF764FE0122824B38461A70FFF7B6FEDE
S21400F330494600EB400204F5887026F0C5FC94F8B8
S21400F3400531B34260D8DFF8E0B19BF800C00CEBA3
S21400F3500302964258DA764994F808210878013A6A
S21400F360002853D0964205DAB8F8002084F80C211D
S21400F37000220A70B6FBFCF901220CFB196994F80E
S21400F3800A015FFA89F902FA09F2D1B2024076B9A7
S21400F3902889000A844584F8080108D92046CDE962
S21400F3A006210593FFF722FEDDE90621059B94F86A
S21400F3B00A01014384F80A1182B994F80921B4F8C5
S21400F3C006C1013284F80921B8F80020DAF80010E6
S21400F3D00CEB0200FF2826DD0323237094F8083187
S21400F3E0013B9E4230D138E0AE7A864202D18F424F
S21400F3F000D11C462E7A002C7FF47BAF002A3FF407
S21400F4004FAF012A3FF44CAF01205FE09642B1DADD
S21400F41094F80C1198F800209142ABD004F588704F
S21400F420FFF778FEF0E794F80CE1F31A0EFB03C33F
S21400F430A01C10FA83F005920BF004F894F808313B
S21400F440059A013B9E4244D0012394F80A2103FA10
S21400F45009F3013B1343FF2B04D1224629463846C5
S21400F46026F0ACFF94F8083194F809219A42CBD1E3
S21400F4709BF80030B2FBF3F103FB112212F0FF02FF
S21400F48018BF13462278022A26D1264A023410785C
S21400F4905178012804BF01315170012224F8022C52
S21400F4A0EA88B4F8041122F04002EA8094F80921B0
S21400F4B00A44591E94F80A3113FB01F31344A8F8C2
S21400F4C00030CAF80040FFF70DFE002011B0BDE87E
S21400F4D0F08F84F80B21C0E76979002994D0032ABD
S21400F4E092D1B4F8062194F80B1108AE11445A1EB6
S21400F4F094F80C31284613FB02F30B4400219BB210
S21400F500A21CA8F80030CAF80020CDE900710296C7
S21400F510049907F05FFD8921304628F0A2FA7DE7BE
S21400F520380604002C3D0020E36C00203C3E002002
S21400F5302F5E002013B5044618B101280BD002B088
S21400F54010BDFF2301460093064A0748FEF7B6FFA4
S21400F550064B1C70F3E7FFF743FDFF22044B1A70BF
S21400F560EDE700BF15F100003C3E00202C3D0020DA
S21400F5705C3E002013B501A909F0D2FE044648B946
S21400F580BDF806309DF80420034906F043FB2046EC
S21400F59002B010BD8120FBE7CF06040013B5694614
S21400F5A009F0CAFE044688B9BDF802309DF800206E
S21400F5B0074906F049FB2046019906F09DFA2046C9
S21400F5C0044906F027FB204602B010BD8120FBE769
S21400F5D0F30604001907040037B5694609F0D0FEA3
S21400F5E0044618BB9DF801309DF80020104906F02F
S21400F5F02BFB104D9DF80120E3B29A4206D800205E
S21400F6000D4906F007FB002003B030BD01986300EB
S21400F61003F4FF7302220021184428F03BF9294620
S21400F6200246002006F010FB0134E3E78120EBE7FA
S21400F6301B0704004A070400B939040013B501A9E2
S21400F64009F074FE044648B9BDF806309DF804205B
S21400F650034906F0DFFA204602B010BD8120FBE722
S21400F6605407040030B500240B4D85B06946E0B25F
S21400F67028F07FFC50B99DF80030032B06D12946B0
S21400F680BDF805309DF8012006F0C4FA0134202CA0
S21400F690ECD105B030BD00BF7B07040008B50020E4
S21400F6A0034906F0B7FABDE80840FF2000F0DEBACE
S21400F6B08D0704002DE9F04F85B006460D46174627
S21400F6C026F0CAFE044640B130463A46294626F0A1
S21400F6D0ADFE002005B0BDE8F08F4FF003094FEAFD
S21400F6E015285FFA84FA6946504628F042FCB8B9F5
S21400F6F09DF800B0BBF1000F12D1694650468DF858
S21400F70000908DF805508DF806808DF8016028F081
S21400F71034FC02460028D7D05846064906F07AFA46
S21400F7200134202CDDD10020034906F073FA89202D
S21400F730D0E700BFA2070400C90704001FB50023D6
S21400F74004468DF80F3026F072FE28B19DF80F3073
S21400F75063F07F038DF80F30182301930DF10F032C
S21400F7600022009304214023204627F010FF024683
S21400F77018B10020024906F04DFA04B010BD00BFD3
S21400F780E40704001FB502A909F0E8FD044688BB9B
S21400F790BDF80820184906F057FA2046039906F0E7
S21400F7A0ABF92046154906F035FA4FF6F672BDF865
S21400F7B00810134C4B1E9BB2934219D82368039A29
S21400F7C01B685879FFF776FF23681B79012B0BD847
S21400F7D0BDF808300022CDE900030421094B0920BA
S21400F7E006F09EF828F037F96FF0FF0004B010BD61
S21400F7F08720E9E78120F9E70308040019070400D9
S21400F800044200201A08040070B504468AB005AD0C
S21400F8101122002128460AF0C3FD204604A909F05B
S21400F82091FD044600283AD11E4EBDF810201E4910
S21400F83006F0F0F932681379012B28D84FF6F670E7
S21400F840BDF810104B1E9BB2834224D8136858791B
S21400F85026F002FE08B333682A461B68BDF810106F
S21400F860587926F0E2FDBDF8103001220421CDE9DA
S21400F870004309200D4B029506F052F828F0EBF8ED
S21400F880034620B100200A4A0A4906F0C3F96FF081
S21400F890FF000AB070BD8724E5E78B24E3E78120EC
S21400F8A0F7E700BF044200201D08040032080400E9
S21400F8B036080400410804002DE9F0479AB004A970
S21400F8C009F058FD0446002840F0B5809DF8102049
S21400F8D05B4906F0B9F925465A4E9DF81020EBB262
S21400F8E09A4254D80020584906F094F99DF81050D2
S21400F8F0002D40F099802C462E46544F06A9F0B2B3
S21400F90028F037FBC8B99DF81830032B15D13B6893
S21400F9109DF819201B685B799A420ED19DF81D2030
S21400F92005F168036B4403F8402C9DF81E20023551
S21400F930013403F83F2CEDB2E4B20136202EDDD1BF
S21400F9409DF810300BB1002C77D00AABCDE90143FF
S21400F950FF2302220421009309203D4B039505F066
S21400F960DFFF28F078F8034660B19DF81020002AE3
S21400F9705FD0384A3849002C08BF0A46002037496D
S21400F98006F048F96FF0FF001AB0BDE8F08705985A
S21400F9906B0003F4FF7302220021184427F07AFF5D
S21400F9A031460246002006F04FF9013595E70598E6
S21400F9B0730003F4FF7302220021184427F06AFF45
S21400F9C0002780465FFA80FA06A9F8B228F0D1FA36
S21400F9D000BB9DF81830032B1CD1D9F800309DF8D9
S21400F9E019201B685B799A4214D19DF81D30534547
S21400F9F010D19DF81E30C8F307229A420AD105F1AD
S21400FA0068036B440235013403F840AC03F83F2C1E
S21400FA10EDB2E4B20137202FD6D101369DF8102082
S21400FA20F3B29A42C3D88BE70025DFF820902E4623
S21400FA30F4E7084AA2E78120A6E78B20A4E700BFE8
S21400FA409B0804004A070400B93904000442002059
S21400FA50BA0804006C0804008A080400BE08040003
S21400FA602DE9F04389B002A909F072FC044600288B
S21400FA7067D1BDF80820344906F0CCF84FF6F67288
S21400FA80BDF80850DFF8D4906B1E9BB2934254D852
S21400FA90D9F8003029461B685F79384626F0DCFC2A
S21400FAA000284CD026465FFA86F8404603A928F080
S21400FAB060FA28B92946384603AA26F0BAFC20B9C7
S21400FAC00136202EEFD14FF0FF08404628F04FFABF
S21400FAD0014658BB112203A80AF062FC29463846A4
S21400FAE003AA26F0A3FCD9F800301A79012A18D800
S21400FAF01B68BDF80810587927F08DFEBDF8083051
S21400FB0003220421CDE900430920104B05F008FF2D
S21400FB1027F0A1FF034620B100200D4A0D4906F04C
S21400FB2079F86FF0FF0009B0BDE8F08302460A4995
S21400FB30002006F06FF80124D5E78724D3E78B244E
S21400FB40D1E78120EFE700BFE00804001A080400B0
S21400FB501E09040041080400F708040004420020BF
S21400FB602DE9F043DFF894800020D8F800302149D2
S21400FB701B688BB05E79002506F04CF801275FFA0B
S21400FB8085F9484601A928F0F4F9044690B99DF88D
S21400FB900430032B0ED19DF80530B3420AD14846F7
S21400FBA028F0E5F90146A0B102461349204606F0C2
S21400FBB031F827460135202DE1D1D8F80030002154
S21400FBC01B68587927F027FE87F001000BB0BDE8C8
S21400FBD0F083112205A80AF0E3FBBDF80940304681
S21400FBE0214605AA26F022FC2146304627F013FEC1
S21400FBF0E0E700BF2B090400F708040004420020D9
S21400FC0037B5694609F0B0FB044638BBBDF800209E
S21400FC10134906F019F8134D2046019905F06CFFBC
S21400FC202046114905F0F6FF2B681B68587927F027
S21400FC3001FF70B14FF6F672BDF800104B1E9BB276
S21400FC40934209D82B68019A1B685879FFF732FD52
S21400FC500446204603B030BD8724FAE78120F9E742
S21400FC603F09040004420020190704007FB505463A
S21400FC700024E6B26946304628F07BF9A8B99DF81C
S21400FC800030032B11D19DF80130AB4204D0FF2D7C
S21400FC900BD19DF80D3043B9304628F068F902467E
S21400FCA018B10020034905F0B5FF0134202CE0D13F
S21400FCB004B070BDF7080400034B1B6818780128D1
S21400FCC008BF0220704700BF40410020D0E9023242
S21400FCD053F822301A78024B1A7000F0E7BA00BFC9
S21400FCE02F5F002070B5D0E902456B1EDBB254F8DA
S21400FCF0230003221B490AF09FFE54F8253004EB2C
S21400FD008504197863681A78A2F10B030F2B05D9BE
S21400FD1015490020BDE8704005F07CBF01290FD1D1
S21400FD20124C9140236840B90B43114A23600020CF
S21400FD30BDE870400F4905F06DBF23EA0103F4E704
S21400FD4002290CD101230C4903FA02F20B6818B9F8
S21400FD5013430A4A0B60EAE723EA0203F9E70A4676
S21400FD600749D6E763090400670904002C680020E9
S21400FD707D0904008509040028680020980904000D
S21400FD80A209040007B5D0E9023103EB810253F85B
S21400FD9021300B491B785268012B0A4B08BF0B46D3
S21400FDA012684FF000001A600092074A074B084995
S21400FDB018BF1346074A05F02DFF03B05DF804FB95
S21400FDC02C68002028680020BD090400B50904003E
S21400FDD0C7090400CC8A040038B5254A254B264CB2
S21400FDE00020264905F016FF0020254905F012FFE1
S21400FDF022682449002005F027FF2068224C234D66
S21400FE0005F0E2FE2146002005F004FF2A6820499E
S21400FE10002005F019FF286805F0D6FE21460020D0
S21400FE2005F0F8FE1B4B1C491A781C4B002053F8B3
S21400FE30223005F0EFFE00F00DF9194902460020C9
S21400FE4005F0E8FE174B00201A78174905F0E2FE89
S21400FE50164B17491A78002005F0DCFE04F020FA4D
S21400FE60BDE8384002461349002005F0D3BE00BF67
S21400FE70CC8A0400E10904002C680020E80904008C
S21400FE80F0090400FE090400A2F20300286800201E
S21400FE900F0A04005D5F0020200A0400306800207E
S21400FEA0330A0400425F0020470A0400415F002036
S21400FEB0590A04006B0A040007B500F071F8054BF8
S21400FEC00090054A0020054905F0A4FE03B05DF841
S21400FED004FB00BF810A0400CC8A0400020604006A
S21400FEE0F8B504460B4F0C4E0C4D00200C4A0D493D
S21400FEF005F090FE20463B7829783278F5F798FF93
S21400FF0000233B7033702B70FF21BDE8F840064895
S21400FF1025F0EBBE5D5F0020415F0020425F0020C1
S21400FF20CC8A0400860A04007C3E002037B51248BE
S21400FF30FF2125F0DAFE114B187810F0100505D0D9
S21400FF40002003B0BDE8304003F01CBF0121B42000
S21400FF5004F020FB04460A4B0A4A0B490090284648
S21400FF6005F058FE2046FFF7BBFF4FF4806003B055
S21400FF70BDE8304027F041BC7C3E00205D5F00209D
S21400FF809D0A0400CC8A0400020604000021024AEE
S21400FF900248FEF7C9BA00BF2DFF00007C3E0020D5
S21400FFA008B5054B1B7823B11720FFF799FF0020F3
S21400FFB008BD0220FCE700BF5D5F002010B550B111
S21400FFC0054B00F1100250F8044B904243F8044BE6
S21400FFD0F9D1024B197010BD435F0020535F00201B
S21400FFE037B5174D04462B78DB0626D50090154B03
S21400FFF00020154A154905F00DFE1E2C0BD0652C69
S21401000009D0032C19D0002028F033F840F61C4004
S214010010FFF766FF0DE028F054F84FF4FA63B0FBE3
S214010020F3F202FB1300C218FF21094892B225F031
S2140100304BFE2B7823F010032B7003B030BD00BFAE
S2140100405D5F0020B60A0400CC8A040002060400A4
S2140100507C3E0020014B1879704700BFDC5600201B
S21401006070B54C4E8EB0337803F0FB02A3F1090550
S214010070022AEDB258D0042B41F6041257D0A3F150
S21401008008014B424B415B0013434348ADF80C302B
S21401009026F012FA48B9414B3F4A03F1100153F8D2
S2140100A0040B8B4242F8040BF9D13D4B1B78002B15
S2140100B03FD03C4B0DF10E0203F1100153F8040B37
S2140100C08B4242F8040BF9D103A827F0F2FF23284C
S2140100D0044610D1012D49D80020334A334905F092
S2140100E099FDBDF80C3003A823F40053ADF80C308D
S2140100F027F0DFFF0446002C41D14FF40C7027F0A7
S214010100D6FF044600283AD103F0FAFE012D36D870
S214010110274A01AB1068516803C3264901A828F095
S2140101202CF878B319242AE043F60412A7E7022331
S214010130AAE73378042B0DD0082B0BD01E4B0DF1FC
S2140101400E0203F1100153F8040B8B4242F8040B24
S214010150F9D1B9E7104A0DF10E0302F1100152F878
S214010160040B8A4243F8040BF9D1ADE7337803F068
S214010170FB03022B03D10020104905F04BFD20465E
S2140101800EB070BD044901A827F0F7FF0446002809
S214010190C8D1F4E75D5F0020315F0020830B0400C7
S2140101A0535F0020435F0020CC8A0400DA0A040073
S2140101B0940B0400BC8A04009D0B0400350B04005C
S2140101C070B5002686B00446252027F058FF162273
S2140101D0002116480AF0E4F8154B1E60154B1878F6
S2140101E0FFF76AFD022814BF0123042303208DF8BC
S2140101F0083027F092FF04238DF810300E4B02A82A
S2140102000593039403F030FD05460C4B0C4A196820
S2140102100C4B3046A14208BF134600940A4A0B49CC
S21401022005F0F8FC284606B070BD00BFDC5600207D
S2140102309C3E00205D5F0020210501002C68002007
S214010240B5090400BD090400CC8A0400AE0B040005
S21401025008B5134A1378042B09BF124B01331B78D8
S214010260C3F10603DBB2137003F0FD02092A04D1C1
S2140102701720FFF735FE172008BD0A4A1278002A14
S21401028014BF052206229A4207D1074B1868002898
S214010290EED0FFF795FF4D20EEE70020ECE700BF1C
S2140102A05D5F0020535F00202868002073B51E4C58
S2140102B01E4E23683268134334D01D4B1B6853B35C
S2140102C01C4D2B783BBB03F0EBFFF8B94FF4806075
S2140102D027F054FA184B24681B7894B1C3F1020333
S2140102E02B7003F047FD2046FFF76AFF0446002007
S2140102F0124B134A1349009405F08CFC204602B0B9
S21401030070BDC3F1060334682B70EAE70121B420FF
S21401031004F040F9EAE70020094A0B4905F07AFCA7
S2140103200224E4E70224E9E72C680020286800207C
S214010330404100205D5F0020535F0020F60B040063
S214010340CC8A040002060400DC0B04002DE9F34706
S214010350384D394E00202A792B88384905F05AFC49
S2140103603268287922FA00F010F0010002D13449EF
S21401037005F050FC334F3C783CB1082232493348F3
S2140103800AF05AFB041E18BF0124DFF8DC80DFF8F0
S214010390A490DFF8B4A014E098F8000049460130B4
S2140103A0C0B288F8000027F05CFE002835D13C7802
S2140103B03CB10822514625480AF03EFB041E18BFF0
S2140103C001242A793368D340DB07E5D5002CE3D135
S2140103D000922B881E4A1F49204605F01BFC1E4B27
S2140103E01878FFF769FC01230322124927F03FFE24
S2140103F01A4A054613780133137010B902B0BDE8E6
S214010400F08720462B46124A154905F003FC28467C
S21401041002B0BDE8F047FFF763BD0020114905F0C3
S214010420F9FBFFF715FF0028E8D102B0BDE8F04759
S21401043000F01CB8DC5600209C3E0020FC0B04009B
S2140104402D0C04005C5F0020545F0020EA5600205B
S214010450CC8A0400FC0C04005D5F0020415F002094
S2140104609D0C0400C60C0400305F00202DE9F0410D
S214010470214C224D2378002055F82330204A21496B
S21401048005F0C8FBFFF7ECFD03461D4E1E4FDFF8D7
S21401049074802BB92378042B15D8B3B91B4B15E000
S2140104A032463946002005F0B5FBFFF7D1FE00BB0A
S2140104B02378324655F82330414605F0ABFBFFF76B
S2140104C0CFFD0346E5E7092BE8D1114B00201B6859
S2140104D0104A11491360114B187027F0C2FD20B164
S2140104E0BDE8F0410120FFF7FBBCBDE8F041FFF796
S2140104F02DBFBDE8F08100BF5D5F002030680020A1
S214010500CC8A04001C0D0400290D04002868002074
S2140105102C6800209C3E0020DC560020305F002026
S21401052070B51C4C23789BB3838913F4407F2FD07E
S214010530056835B12A46BDE870400020164905F029
S21401054069BB27F08CFD154E03463070144A2846C9
S214010550144905F05FFB33781BB1BDE87040FFF727
S21401056085BF2378082B0CD8042B0CD80E4B1B7890
S214010570C3F1060323700D4BBDE870401868FFF702
S2140105801FBE0A2BF2D1BDE870401820FFF7A8BCA9
S21401059070BD00BF5D5F0020540D0400425F002067
S2140105A0CC8A0400810D0400535F002028680020D7
S2140105B030B5464D03460446454A0020454987B0B6
S2140105C005F028FB2B782BBB01A827F0D8FD0223CA
S2140105D001A88DF8043027F0C0FDB0B93E4901A846
S2140105E027F0BDFD88B1152C0FD127F06AFD47F223
S2140105F03153B0FBF3F202FB130000F51C50103030
S21401060080B203F0BFFB07B030BD162CFBD103F060
S214010610F3FBF8E7152C2AD100202D4A2F4905F0C7
S214010620F9FA2B78042B11D0082B0FD02C4B1B7802
S214010630DA070BD401A827F036FD18B9BDF8043047
S2140106409B0703D42B7843F010032B7027F039FD5A
S2140106504FF4FA63B0FBF3F2FF2102FB1300C2185A
S214010660204892B207B0BDE8304025F02DBB27F0F8
S2140106705AFD04460028C6D12B78013B092B1ED80B
S214010680134A194905F0C6FA184A1949137801336D
S214010690D8B2107027F0E5FC60B12046154905F088
S2140106A0B9FAFFF7D5FD0028ADD107B0BDE8304057
S2140106B0FFF7DCBE07B0BDE83040FFF747BE40F6A7
S2140106C01C4007B0BDE83040FFF70ABC5D5F002064
S2140106D0CC8A0400A50D0400BC8A0400BC0D0400ED
S2140106E02F5F00207C3E0020CF0D0400305F0020ED
S2140106F0DC560020C60C04002DE9F0410B4686B0FE
S21401070004460E4617463A490246002005F082FA8C
S2140107104FF000080123CDE901380DF116030093CF
S214010720424640230621204626F066FF054640B194
S21401073002463049404605F06DFA284606B0BDE847
S214010740F0819DF816202AB936B900202A4905F00D
S21401075061FAF2E7012EF8D082F001030020274962
S2140107608DF8173005F056FA9DF817300DF117067B
S21401077033B310230022CDE900630621402320462F
S21401078026F005FF064630B1324600201C4905F02A
S21401079041FA3546D1E74FB90821204626F059FDE2
S2140107A020B120469DF8171027F036F8052120467F
S2140107B026F04FFD0028C0D0204627F02AF8BCE7D7
S2140107C04FB90821204626F044FD20B120469DF869
S2140107D0171027F021F810230022CDE90063062127
S2140107E04023204626F0D3FE06460028DED0CBE77F
S2140107F0FE0F04001A100400331004005310040006
S21401080073100400002208B5034B11461B681B68D1
S2140108105879FFF771FF08BD0442002008B5044B64
S21401082000221B6801211B685879FFF765FF08BD88
S2140108300442002008B5044B00221B6802211B68F5
S2140108405879FFF759FF08BD0442002010B501236F
S214010850002488B001A88DF80430CDE90244F6F7EB
S2140108603BFA20469DF80420124905F0D3F92046AC
S214010870039A114905F0CEF92046029A0F4905F070
S214010880C9F910220E4B0DEB0201188840F06040AA
S21401089040F48010FBF718FC20460A4905F0D4F90D
S2140108A004A827F039F82046074905F0B3F908B03F
S2140108B010BD00BF8C100400AB100400CA10040069
S2140108C09C8A0400E9100400B939040008B525F033
S2140108D024FE0020024905F09DF9012008BD00BF55
S2140108E0061104000023054A8360C360044BC0E977
S2140108F0002311B14FF6FF730B807047491048AAC9
S2140109000130021110B5044660B10020064905F019
S21401091081F9052C06D002F0CBF9044902460020E5
S21401092005F078F9012010BD1A1104002B110400FE
S21401093037B500216A4601AB054625F0AFFE0446F1
S21401094068B100220F49104605F064F902F0B0F9CB
S2140109500D490246002005F05DF903B030BD0B4994
S21401096005F058F9012024F0B1FD01F099FF431C70
S21401097002D008F025F8F0E721462846FFF7A6FF43
S214010980EBE700BF541104002B1104009C11040076
S21401099038B5054601F084FF044626F003FF4DB145
S2140109A000200E4905F036F9631C14BF20460020CE
S2140109B007F0C8FF25F0BFFD0228044605D0012830
S2140109C005D10020064905F025F9204638BD00204E
S2140109D0044905F01FF90024F7E700BFB911040028
S2140109E0D3110400EC11040008B50020034A0449A1
S2140109F005F010F9BDE8084000F050BD962104004E
S214010A000512040008B50020034A044905F002F95E
S214010A10BDE8084001F0CAB924120400051204001A
S214010A201FB5D0E9023253F8223068461C782146B9
S214010A3001F0D0FB684601F073FC28B92246044950
S214010A4005F0E8F804B010BD6846FFF771FFF9E756
S214010A502A1204000020014905F0DCB84612040001
S214010A607FB50DF1060102A8FFF73CFF00202649DD
S214010A7005F0D0F80020BDF80820244905F0CAF892
S214010A800020BDF80A20224905F0C4F8039A002088
S214010A90204905F0BFF800201F4905F0D5F84FF6AC
S214010AA0FF73BDF806209A4229D000201B4905F0A5
S214010AB0B1F800201A4A1B4905F0ACF800201A4A82
S214010AC01A4905F0A7F800221949104605F0A2F8C0
S214010AD00020154A174905F09DF80A2200201649FC
S214010AE005F098F80A220020144905F093F80A2226
S214010AF00020134905F08EF807B05DF804FB0020CE
S214010B00104905F087F8D4E7551204006D12040069
S214010B10861204009F120400B8120400C3100400D9
S214010B20E0930400CE120400C0270900ED12040071
S214010B300C1304002B1304004A1304006913040069
S214010B4087130400CB12040008B50020034905F002
S214010B5061F8BDE80840012001F0FAB9A5130400C8
S214010B6008B50020034905F055F8BDE80840002007
S214010B7001F0EEB9BE13040030B5104B104D1B5CEE
S214010B8085B08DF80F302B780446834206D00D4B86
S214010B900D4953F82020002005F03CF830232C7036
S214010BA00A4801930DF10F030093062280231921B1
S214010BB0007826F0ECFC05B030BD00BFE38A0400E7
S214010BC0655F0020F08A0400D6130400CA6C00207A
S214010BD01FB5232303900193064803AB009301221C
S214010BE080231921007826F0D2FC039805B05DF821
S214010BF004FB00BFCA6C002073B5164D04462B7863
S214010C00154ECBB125F0B8FC012815D0346040F65E
S214010C10B244124B1B78072B17D02D78C5B925F097
S214010C20ABFC031E18BF01230D480095224619216F
S214010C30007826F030F803E000233360002CE8D17A
S214010C40201E18BF012002B070BD02250123EBE76C
S214010C500025FBE7625F0020A03E0020655F0020C4
S214010C60CA6C002008B50448FFF7C6FFBDE8084077
S214010C700220FFF781BF00BFC027090010B5064C50
S214010C80208826F0CAFD608826F0C7FD6068BDE8AA
S214010C90104026F0D1BD00BFA43E00207FB523231F
S214010CA08DF813300DF113030293042306480193C4
S214010CB005AB0093012280231921007826F09CFCC5
S214010CC0059807B05DF804FBCA6C00202DE9F047D3
S214010CD0DFF84C91044699F8000090460F4626F03E
S214010CE09AFA0B2899F8002005D9BDE8F0470020AC
S214010CF03F4904F08FBF00263E4B3F4D1E803F4BC1
S214010D00DFF820A103EB00135B8801202B802A71FA
S214010D1004F0A8FE05F050FF04F0A4FE204604F0FF
S214010D20A1FE0123042C8AF800300BD8022C45D8EA
S214010D309C4216D02346BDE8F0470020304A314990
S214010D4004F068BF062CF5D130462F4904F062FF47
S214010D50384604F087FEFFF791FF97B18AF80060E6
S214010D600FE04FF6FF76294F3888801B18BF012009
S214010D7004F078FEFFF782FF3888B04201D026F0F3
S214010D804CFD19236B8099F8003000202B71204B05
S214010D901B786B71EB8843F04003EB801D4B198881
S214010DA026F0E6FC034620B1224600201A4904F04C
S214010DB031FF4046BDE8F047FFF71EBF304604F05E
S214010DC051FEFFF75BFFFFF769FF26F035FD134B7A
S214010DD01B78002B0CBF3F20202004F043FE042C80
S214010DE0CFD14FF4806026F018FD3220C7E700BF50
S214010DF0E913040000570020045700207440002027
S214010E00DD0304003514040018140400F456002011
S214010E10C96C00206A6C00204E140400615F00203B
S214010E20CA6C0020625F002038B5044605200D46D6
S214010E30FFF7A2FE184B1A884FF6FD739A4207D1A8
S214010E400020164904F0E6FEBDE83840FFF70ABF69
S214010E5065B1134A13780133DBB2092B137014D929
S214010E600A2200200F4904F0D5FEEDE7012C0ED131
S214010E700B4B1D700C490D48FFF734FDBDE838409B
S214010E80002101200A4AFFF721BF012CF2D0BDE85C
S214010E9038400748FFF7B0BE6A6C0020881404008B
S214010EA0645F0020B3140400F4560020A43E002022
S214010EB0E093040008B50649002004F0ABFE05489F
S214010EC0FFF736FDBDE8084000210846FFF7ACBF36
S214010ED0F7140400A43E0020814237B503461546A8
S214010EE008D2002000910F4A0F4904F093FE00201B
S214010EF003B030BD0C1A224600200C4904F08AFECD
S214010F0040F6BB5322460020094904F083FE4FF405
S214010F107A735C43074B01209C4294BF2C602B6084
S214010F20E6E700BFDD0304000815040045150400CC
S214010F306015040080EE360010B504460820FFF761
S214010F401BFE0D4B3CB91C700021BDE8104006206D
S214010F500A4AFFF7BBBE1B78092BF5D90A220020E7
S214010F60074904F057FE0020064904F053FEBDE889
S214010F701040FFF79FBF00BF645F0020C027090035
S214010F808C150400CD15040073B51F4D2C7834B1B3
S214010F9000201E4902B0BDE8704004F03BBE0220AE
S214010FA0FFF7EAFDFF221A4E1A4B30781A7026F028
S214010FB032F90B2807D920463278174902B0BDE826
S214010FC0704004F027BE154B1549009301EB001144
S214010FD0012319224FF6FD70498805F091FA70B188
S214010FE02046104904F016FE00220F4B0F481C70D5
S214010FF00F4B1A7002B0BDE87040FFF7FDBD01242B
S2140110000C492C70EEE700BF635F0020DE1504007C
S214011010CA6C0020C96C0020E913040019130100F2
S214011020744000201F160400625F0020C0270900DC
S214011030645F00204516040038B5144D04462B782D
S214011040052B21D91249FFF75DFC24B918B91149BE
S21401105004F0E0FD0424104B195D21B9BDE83840C9
S2140110600846FFF769BF032C06D02B78052B03D063
S21401107006200A4AFFF72AFE0021094B0846197086
S214011080BDE83840FFF7D0BE38BD00BF655F002021
S214011090A43E002067160400D98A0400C027090070
S2140110A0625F002030B5044689B00720FFF764FD73
S2140110B0052C0AD100222A4B03A91A7002A804AAF9
S2140110C001F0FEFD30B1022045E09CB90122244B1F
S2140110D01A700224224D287878B1421E50422149C6
S2140110E05041FFF755FC022304462B70022C0ED10B
S2140110F00A200FE0022CE6D1EBE7631F5A424FF0BD
S214011100050018495A4125F03EFA0446EEE7032C3D
S21401111004D10020FFF770FD09B030BD062C06D1C2
S2140111200020114904F076FD01232B70E0E70F4AF9
S2140111300F4B2878002C18BF13460E490E4A009410
S214011140002808BF0A4600200C4904F063FD201E53
S21401115018BF0120400009B0BDE83040FFF76CBF62
S214011160605F0020A43E0020A21604009B16040027
S21401117094160400831604008D160400DD16040080
S21401118013B51F4C0620FFF7F7FC2278092A09D968
S21401119000201C4904F03EFD042002B0BDE81040CA
S2140111A0FFF74ABF184B1B782BB3002024F0B2F987
S2140111B025F0E2F968B9FFF771FD144B196825F0BF
S2140111C0D2F902460420002102B0BDE81040FFF724
S2140111D07DBD01A825F0CEF9FF2809D14FF4FA60AC
S2140111E023780133237002B0BDE81040FFF704BD39
S2140111F00198FFF7EDFC4FF4FA620320E3E700BF26
S214011200645F0020F8160400615F0020B43E0020F1
S214011210F023F0B589B0CDE90003344880230022DD
S21401122019210078324E334F26F0B1F900203249A9
S21401123004F0F0FC3246394603A801F041FD0328CC
S21401124004462E4D1CD10626039A2D49002004F093
S214011250E1FC0398FFF7BCFC0020396800F0ACFE07
S2140112602E7001F09FF900220446264B30461A7074
S214011270FFF782FC84BB09B0BDE8F040FFF780BFF2
S21401128028BB7268204904F0C5FC214604A8FFF774
S21401129029FB059B726893420BD020461B4904F03C
S2140112A0B9FC072305202B7009B0BDE8F040FFF715
S2140112B0F9BE1A462046164904F0ACFC0523002167
S2140112C001202B7009B0BDE8F040FFF7ADBD00204E
S2140112D0104904F09FFCF1E7042C05D0042009B066
S2140112E0BDE8F040FFF7A8BE09B0F0BDCA6C00200B
S2140112F0A43E0020B43E002030170400655F0020A5
S21401130061170400645F00209C170400D5170400D1
S2140113102918040065180400F7B5044687680020FC
S2140113202378364D012B287004D0354B354918707B
S21401133004F070FC26785EBB334B1B78FF2B04D180
S21401134003B0BDE8F040FFF78DBC304B1B78032B94
S21401135011D82F4C0320FFF70FFC6946208826F092
S214011360CAFE002843D02B49208805F047F920B152
S2140113702E70FFF777FC03B0F0BD0124204B264901
S2140113801C7004F047FC0320FFF7F6FB2C70F2E715
S214011390012E25D13B78002BEDD01B4D2B78FF2B52
S2140113A0E9D1A68802F0A4FF864206D100201B4997
S2140113B003B0BDE8F04004F02DBC194BA2881B78A1
S2140113C03BB132B11749002003B0BDE8F04004F04C
S2140113D021BC7B6814491B782B700D4B1A80F2E7F1
S2140113E0032E08D108226846A16809F02BF8684642
S2140113F0FFF70EFFBFE700232B70A1E7625F002017
S214011400635F002080180400C96C0020655F00201F
S2140114106A6C00201913010045160400A018040088
S2140114205F5F0020C6180400F11804007FB5094B61
S2140114301A78FF2A0AD1187001F088FB0022064BA1
S2140114400DF1060102A81A80FFF74CFA07B05DF805
S21401145004FB00BFCA6C0020F2560020152838B5E0
S21401146017D10C4B1D78A5B926F02BFEC4B2012C62
S21401147038BF01240120FFF77FFB28462246064994
S21401148004F0C8FB4FF47A706043BDE83840FFF7BC
S214011490B3BB38BD655F00200E190400034B1B78F3
S2140114A0022B01D8FFF770BD704700BF655F0020B3
S2140114B070B5284C25F05BF82578274EBDB1002085
S2140114C0264904F0A7FB264A13780133137000233C
S2140114D023703378062B0AD1BDE87040214B18687B
S2140114E0B0F5FA6F38BF4FF4FA60FFF785BB337873
S2140114F0013B082B2CD8DFE803F005090D2B131947
S2140115001D222700BDE87040FFF7C8BFBDE8704048
S214011510FFF73ABD00232370BDE87040FFF7A2BB7A
S2140115202946BDE870400120FFF77EBCBDE870404B
S214011530FFF726BE0220BDE87040FFF7B3BD0120CD
S214011540BDE87040FFF7F8BCBDE87040FFF7B2BCDD
S21401155070BD00BF625F0020655F00203D1904007A
S214011560645F0020A03E002010B90520FFF764BD8F
S214011570034B1B78062B01D1FFF79ABF704700BFBC
S214011580655F00202DE9F0478E68054633189A7886
S2140115900C46092A8EB008D90020A34904F03AFB6C
S2140115A0852420460EB0BDE8F08750B98B899F4947
S2140115B0895C8B4205D200919D4904F02BFB802467
S2140115C0EFE79C4BE7881B889F4236D09A490978FB
S2140115D0012932D932B13A460020984904F01AFB63
S2140115E07E24DEE7964B1A70934B26791B78052BE3
S2140115F003D0012B3AD8FFF751FF5EB9314620469A
S21401160026F02FFA0346002851D030468D4A8E49DF
S21401161004F000FBD4F80880A48998F8037098F8C1
S2140116200450002E4CD13046884A894904F0F2FA1B
S21401163000210120FFF7F8FB4FE00021804B1970D5
S214011640072A00F28A8301A353F822F0E915010064
S2140116509717010097170100A9190100A9190100A0
S214011660A91901003F1C01003F1C0100022B17D1E4
S21401167002F03EFE8742B3D00020764A764904F057
S214011680C9FAFFF781FC46BB3146204626F0E9F948
S214011690034610B36B4A6C49002004F0BBFA1CE009
S2140116A06E4A00206E4904F0B5FA012479E7A36872
S2140116B01B78DA06AED432466A4904F0ABFAA9E7DB
S2140116C000210AA8FFF70EF9032F08D95F4B664AD7
S2140116D066490097002004F09DFA002461E76B1E1E
S2140116E0632B04D9594B604A61490095F2E7614B77
S2140116F0E4B2DB5D9C4209D0CDE901430020534BA7
S214011700594A5D49009704F085FAE6E757B3A4B253
S21401171022460521404626F0BDF8BDF82830834212
S21401172003D04A4B554A5649B6E7012F1AD02246EE
S2140117300721404626F0AEF8BDF82A30834203D092
S214011740424B4E4A4F49A7E7032F0BD122460921A8
S214011750404626F09CF80B9B984203D13B4B474AE8
S214011760494999E7642D3FF463AF26F0AAFC642348
S214011770C0B2B0FBF3F203FB12030133DBB29D42AE
S214011780BFF456AFCDE900530020304B3B4A3F49EA
S21401179004F040FAA1E7284B1B78052B01D03C4A00
S2140117A07FE7EB1CDBB2277BF45C44B123460020C9
S2140117B0374A384904F02EFA00210C460BE00F2F69
S2140117C00DD81023204634490093314A3B4604F095
S2140117D021FA802401210020FFF726FBE1E60435EB
S2140117E0EDB220462A4A2D4904F014FA7A1B7119E3
S2140117F0D2B206A824F0CEFE05443A46E9B23046F7
S21401180026F045F8264D069A2B68264F9A423860F0
S21401181001D100284AD1244900201D4A04F0FAF9D2
S21401182085240121D7E700BF5A1904001C8B040048
S214011830721904006A6C0020655F0020A11904007B
S214011840625F0020171A04001F1A0400A71A04007A
S214011850BC1A0400E5190400F2190400471A040032
S214011860541A0400711A0400D11A0400D91A04008B
S214011870F31A0400DF8A0400111B0400661F04002B
S2140118804B1B0400751B04009D1B0400C41B0400B5
S214011890F81B0400121C0400411C0400581C040020
S2140118A0A43E0020B43E0020811C040000F08EFF00
S2140118B03E68B0420AD200F089FF9D49034632468F
S2140118C0204604F0A7F98924012184E7079A6B686A
S2140118D09A4205D12046974A974904F09BF96BE74F
S2140118E09649097859B19A4209D22046944904F09A
S2140118F091F996210620934AFFF7E8F95CE7924AA8
S214011900924905A801F0DCF9079E48B96A68964233
S21401191006D88F4904F07EF90520FFF7C3FB40E6A1
S214011920324600208B4904F075F9396800270020FB
S21401193000F042FB00206E60FFF74AF9864B062056
S2140119401F80FFF719F9854B1F7001F0B1F90646A4
S214011950F8B94FF6FF73824A0AA81188994214BF54
S21401196013463B466A88298801F012F90AA800F056
S214011970D7FC58B10AA801F0DDF938B130467949EB
S21401198004F048F90420FFF757FB0AE6FFF7F8FBD7
S21401199007E6042805D1744B1921187825F092F929
S2140119A0FFE538467149EBE7714B1B78062B01D0F2
S2140119B0704A76E6DFF8A0A1EB1C94F80C90BAF812
S2140119C00080DBB22EB930466B4904F023F9872438
S2140119D0E7E5F75C2C1D972FE4B22FD025D8812F91
S2140119E071D0952F67D017BBB9F1100F7FF6E7AD11
S2140119F031194A460AA824F0CDFD0444E4B2214632
S214011A004A46304625F043FF231DDBB2053416F85F
S214011A1003A0E4B2A9EB04035345054666DA009336
S214011A2038465346534A5549C7E5982F43D03B4657
S214011A300020504A524904F0EDF8C8E7B9F10A0F00
S214011A407FF6BDAD1FFA89F721463A46304625F0A6
S214011A501EFF05F1080104463A46C9B2304625F094
S214011A6016FF0AAA01462046FFF736FA08B9454B83
S214011A700A93B9F10C0F12D905F10C013A46C9B215
S214011A803046DDF8288025F005FF044602463E492B
S214011A90002004F0BFF8AAF8004044440A940A9CC7
S214011AA03A492246002004F0B5F82046FFF7A4F88C
S214011AB024F068FD11E63649002004F0ABF8032057
S214011AC0FFF7BAFA09E6334C23786BB124F04DFDE3
S214011AD050B10020304904F09DF80023237024F013
S214011AE051FDFFF74DFBF8E52C49E5E7DFF8A4903B
S214011AF099F8003043B9FFF7D1F88542034607D07D
S214011B001C4A27490095E5E524F036FD0128F2D167
S214011B1010220D480AA908F08FFF10B9BAF13F0F3D
S214011B2042D9144A1F49002004F074F84FE700BF59
S214011B30A01C0400F81B0400D81C04005E5F0020F3
S214011B400D1D0400C0270900A43E0020B43E00205D
S214011B509C1704004E1D0400F2560020645F00200E
S214011B60F4560020701D0400CA6C00208F1D04006E
S214011B70655F0020B51D0400CA1D0400F71E0400A1
S214011B80D91E0400E0930400051E0400301E040064
S214011B904F1E0400615F00206B1E0400AA1E040095
S214011BA0331F04006F1F04006D4B187099F8003046
S214011BB04BB124F0DAFC30B1284624F0D9FC0428D5
S214011BC007463FF48AAD51462846321924F013FEE3
S214011BD028B10020634904F01DF8042070E799F845
S214011BE00030554463B124F0C0FC48B1FF2FF4D057
S214011BF0012F3FF472AD032F16D124F0C1FC054628
S214011C002846FEF7E5FF044602460521564824F01D
S214011C10E8FC564B1B689C420AD3204624F0E6FD9E
S214011C200520FFF73FFA58E524F0A8FC8046E7E7D1
S214011C304046FEF7E1FF00287FF44FAD51E74C4BDD
S214011C401B7803F0FD03082B01D04A4A29E5A48935
S214011C5035B1F27822B10020474903F0DBFF2EE7C9
S214011C60E4B22246F11C0AA824F094FC434BBDF8CA
S214011C7028201988054691420DD04FF6FF718A42F9
S214011C8009D03C4A00203E4B3E4903F0DDFFBDF83B
S214011C9028203D4947E7BDF82A20598891420CD0B3
S214011CA04FF6FF718A4208D0324A0020374B354939
S214011CB003F0CAFFBDF82A20EBE70B9A5B689A424D
S214011CC00AD0013208D02B4A2E490020304B03F0AF
S214011CD0BBFF0B9A2F4926E7A4B2E91C2246C9B2DC
S214011CE0304625F0D4FDE91DC9B2074622463046E6
S214011CF025F0CDFD431C014606D10820FEF73CFF2A
S214011D002548FEF779FFE8E4384606AAFFF7E4F827
S214011D10A8B9214B0693214B00221978204B18783D
S214011D2024F014FC069C2046FEF766FF224600209F
S214011D301C4903F06FFF0920FEF71EFFCDE440F6B5
S214011D40B733069A9A42E6D840F6B83200201649CA
S214011D5003F060FF40F6B833DCE7812421E400BFDE
S214011D60645F0020A21F0400C51F0400B43E0020CB
S214011D70655F0020CE1F0400E31F0400A43E002080
S214011D80651B04000A200400C31004008F1B040016
S214011D90252004002228040080EE3600C96C0020AD
S214011DA0CA6C00205D2004003220040008B504201F
S214011DB0FFF742F90020FEF7DFFE0023054A19214E
S214011DC01370054A1370054B1878BDE8084024F0D7
S214011DD079BF00BF625F0020635F0020CA6C0020ED
S214011DE010B5164B164C1A78164B002053F82220C5
S214011DF0154903F00FFF2178144B154A00200029DE
S214011E0018BF1A46134903F005FF23782BB1124B6E
S214011E1000201A68114903F0FDFEFEF73FFF044655
S214011E20FEF73CFF0E4B196824F0CEFB2246BDE8B8
S214011E30104003460B49002003F0ECBE655F00200E
S214011E40625F0020F08A0400792004004F27040016
S214011E503027040086200400A03E0020A0200400B5
S214011E60B43E0020B920040038B5014604460020DF
S214011E70FFF788FB054698B1E37C00200A4A0B4928
S214011E8003F0C8FE2379042B0AD02946204625F004
S214011E90E8FD034620B10020054A064903F0BAFED4
S214011EA06FF0FF0038BD00BFDD030400E120040031
S214011EB0171A04001F1A040010B51346094A1278AF
S214011EC082420DD163B1084A002014680A460749C8
S214011ED003F0A0FE2146BDE810400120FFF752BBEB
S214011EE010BD00BFCA6C002004420020032104007C
S214011EF010B50D4B1C782CB1BDE8104000200B49E5
S214011F0003F088BE6420FEF763FE4FF6F0716FF0B3
S214011F100F02074B0320C3E9001222462146BDE803
S214011F201040FEF7D3BE00BF655F00203C210400D1
S214011F30A43E0020014B1870704700BF615F00206F
S214011F4000210620014AFEF7C1BE00BFC0270900D6
S214011F50014B1870704700BF5E5F0020114B2DE9E2
S214011F60F04107460D4618680F49101A096824F013
S214011F702BFBDFF840800D4E98F800400346FF2CFF
S214011F80307004D0A8420AD32C44A04207DB3A465C
S214011F900020074903F03EFE337888F80030307899
S214011FA0BDE8F081BC3E0020B83E0020665F002000
S214011FB06A220400CB6C002050EA010208D0FF22FE
S214011FC0054B091A1A70054B1860054B19607047C6
S214011FD011461046FFF7C2BFCB6C0020BC3E002066
S214011FE0B83E00202DE9F04FAFB006AD284600F010
S214011FF0FDFD0026624FDFF8D091284600F090F9EB
S214012000044648B900F0BEFD5E490246204603F08C
S21401201001FE2FB0BDE8F08F39460020F2B203F082
S214012020F9FD284616A900F0FFFD044620B15649E1
S214012030002003F0EFFD8FE0BDF85820534903F070
S214012040E9FD49462046BDF85A2003F0E3FD204647
S214012050BDF85C204E4903F0DDFD2046BDF85E204C
S2140120604C4903F0D7FD2046BDF860204A4903F0ED
S214012070D1FD2046199A494903F0CCFD2046BDF80A
S2140120806820474903F0C6FD204646490DF16A021D
S21401209003F0C0FD44492046239A03F0BBFDBDF87A
S2140120A05C30D90705D520469DF890203F4903F0BE
S2140120B0B1FDBDF85C309A0714D500203C4903F009
S2140120C0C3FDBDF85830B3F5807F4FD1002025F011
S2140120D028FC18B10DF1910003F01EFD00203549D2
S2140120E003F098FDBDF85C305B070BD50020BDF80A
S2140120F0B220314903F08EFD0020BDF8B4202F49EF
S21401210003F088FD062228460DF116030AA924F0DD
S2140121108AFA044690BBBDF81620294903F07AFDD9
S214012120DFF8A8A0DFF8A8B00DF12808BDF8161052
S214012130A2B2914210D9B8F800205146002003F00F
S21401214069FD0134D8F804205946002003F062FDE9
S214012150062C08F10808E9D16C46204600F05AFD25
S21401216094E80F00013685E80F0046E70123202298
S21401217000200DF1910103F0B1FCAFE7114957E7DB
S2140121807C2204004924040085220400A9220400BC
S214012190DD220400F62204000F2304002823040095
S2140121A0412304005A2304006F2304008B230400F8
S2140121B0A4230400B9390400B7230400D023040083
S2140121C0E92304001C240400C2220400FA230400AC
S2140121D00A2404002DE9F04188B004AD04462846DF
S2140121E08846002700F002FD6E46474507D195E870
S2140121F00F0084E80F00204608B0BDE8F0813046A5
S21401220000F008FD96E80F0085E80F00284600F06C
S21401221087F801370028E8D1014B0FCBE9E700BF6B
S214012220948D04001FB5D0E9023253F82230684677
S2140122301978FFF7CFFF684600F07CFD48B1042807
S21401224009D1074A0020074903F0E4FC05B05DF810
S21401225004FB054AF6E70020044903F0DBFCF5E73A
S214012260E52D0400642404009B270400701D04006F
S21401227010B5D0E9023203EB8201496853F82230E7
S21401228098B00C6804A81978FFF7A4FF03AB4022A6
S2140122900093214608AB04A800F0E2FC024628B1F0
S2140122A000200E4903F0B6FC18B010BD039808A92B
S2140122B000F007040122C0F3C70003F055FC0399A0
S2140122C008A8091B0144064801232246008803F09A
S2140122D005FC044803F03EFCE6E700BF7424040056
S2140122E010570020B9390400F0B504460D460B4BD3
S2140122F0EF880FCB84E80F00AB882E899B0741BF80
S214012300D5F83900D5F83D1004F1080303C3EA688F
S2140123102046278066806260F0BD00BF288B0400DF
S214012320102208B5034908F087FB003818BF0120C2
S21401233008BD00BF948D040008B526F049FBC2888D
S214012340FF219208012A38BF0122024823F0BCFC73
S214012350012008BDCC3E002038B5134690B10120BF
S214012360274A1070274A00201160274A13600A4640
S214012370264903F04FFC02F09DFB254B1870022006
S21401238002F09EFB26F03FFBE8B91D4D1D4C2B7855
S2140123902BB926F01DFB2268C368134423601A4B31
S2140123A024681B689C4229D226F012FBC16820468D
S2140123B006F0AAF8002402462C7050B926F023FB3A
S2140123C0FFF7BAFF03E0FFF7B7FF0028DDD00120D3
S2140123D038BD20460F4903F01DFC0D4B187802F05E
S2140123E06FFB00200C4903F015FC00F091F908B9C9
S2140123F000F0AEF92046FFF7B7F8E8E70124ECE76E
S214012400685F0020C43E0020C03E00209B240400DC
S214012410675F0020C7240400E724040038B500F0F5
S2140124204BFA044600F042FA241A26F0D1FA054681
S21401243018B9B1211B482BF0FDFFAB8803F003034D
S214012440032B03D0B22117482BF0F4FF00F02EFA2D
S214012450054624F05BF901238340013B2B4203D060
S214012460B42110482BF0E6FF24F050F901238340F5
S214012470013B234203D0B5210A482BF0DBFF05F0D0
S21401248019FE054624F042F94FF48063B3FBF5F3D9
S214012490C440A34205D2BDE83840BA2101482BF01A
S2140124A0C9BF38BDFD240400FF2108B5044823F048
S2140124B01CFCBDE80840002211461046FFF74CBF41
S2140124C0CC3E0020F7B504460E4600F089F80546D6
S2140124D026F07EFAC3682B449C4220D324F016F9DA
S2140124E02C44C440013C114F3B68DEB1A34219D1D4
S2140124F001340023ADF8043000F0E4F9054605F098
S214012500D9FD103504FB005405F0D4FD01A902469F
S214012510204605F021FE24F009F9386004E04FF06A
S214012520FF34E0E7A342E4DB03B0F0BD5C680020C3
S2140125304FF0FF320A4B10B51A600022094B1A7091
S21401254000F0B4F9044600F0B7F92146024601202E
S214012550FFF702FF00280CBF0120042010BD00BFBA
S2140125605C680020695F002038B500F0D1F808B932
S214012570002038BD094D0A4C2B7823B924F0D6F833
S214012580012320602B70246824F0C0F801348440B5
S214012590EED000F025F82044EBE700BF695F00208D
S2140125A05C68002070B50D4C2368002B01DA012011
S2140125B070BD00F07BF9054626F00AFA2468C66865
S2140125C024F0A4F8013404FA00F1294401208A1900
S2140125D0FFF7C2FE0028EAD00420E9E75C68002085
S2140125E0024B18680C3024F0D1B800BF6068002098
S2140125F0FF2307B50021044A04480093FBF75EFF5A
S21401260003B05DF804FB00BFA9240100CC3E002006
S2140126100E4B70B51C680546036804F582641C44BD
S2140126200E46FFF7DDFF2B68834208D232681A4454
S214012630824208D9C31A012033602C6070BD044A57
S214012640126813441C1A0020F7E700BF60680020D8
S214012650C83E00202DE9F04FB3F5803F87B00F4606
S2140126609846019003D3002007B0BDE8F08F03A978
S21401267004A8CDE90332FFF7CBFF0024824600F120
S2140126800109DFF888B05FFA89F9019BDDE9035695
S214012690AAB27BB13046109926F0A1F90028E2D102
S2140126A0B9F1020F2BD1DBF800300493019B03BB79
S2140126B02F4421E03946304605F04EFD0028D2D1A0
S2140126C0BAF1000FECD0002CEDD105F0F3FC2E444E
S2140126D0B6FBF0F303FB10600028E4D005F0EAFC3B
S2140126E005A902463046059405F036FD0028DAD0E5
S2140126F0B9E7109B2B441093A8EB05050395631CC3
S2140127004B454FF00104C0D32046ADE7C83E00203C
S2140127107FB56B460C4A1068516803C390680C225B
S21401272018600A4B0DEB0201186826F058F90C22C6
S21401273068460DEB020108F07FF9B0FA80F0400917
S21401274007B05DF804FB00BF388B0400606800200A
S2140127501FB5084A01AB1068516803C3906801A908
S2140127601860054B0C22186805F0F6FC05B05DF8FC
S21401277004FB00BF388B040060680020F7B50446F0
S21401278015460E4681B9072A03D80024204603B011
S214012790F0BD0D4B80791968E379063000EB032014
S2140127A00C3180B223F0FCFF002721462B4632462F
S2140127B038460097FFF74EFF04460028E5D0394615
S2140127C07019FFF77FFEE1E760680020024B18688A
S2140127D0A0F50060704700BF6C68002010B58AB095
S2140127E0684606F09DF810F0FF0027D1009BFBB16C
S2140127F0174C01A9206006F00BF810F0FF001DD160
S2140128002268009B9A4204D34FF4DD7111482BF0E5
S21401281011FE019B104A11491360029A13440B6082
S2140128200F49A3F500630A600E4A1360009B63B963
S21401283040F2CF1107482BF0FDFD06E0044A03469F
S21401284012680020084903F0E5F90AB010BD00BF80
S21401285064680020B0250400C83E00206868002097
S2140128606C680020606800205826040008B5FFF751
S214012870B5FF26F0ADF850B126F0AAF8064B02696E
S2140128801B689A4203D2B32104482BF0D3FDFFF70D
S214012890C5FD012008BD00BF6C680020B0250400FE
S2140128A0014B1868704700BF64680020014B186828
S2140128B0704700BFC83E0020014B1868704700BF34
S2140128C068680020014B1868704700BF60680020E8
S2140128D010B5FFF749FE04462849002003F09AF98F
S2140128E00020274903F096F90020264903F092F9C3
S2140128F00020254903F08EF9244B00201A6824494C
S21401290003F088F922462349002003F083F9FFF7F4
S21401291067FE21490246002003F07CF91F4B002088
S2140129201A681F4903F076F91E4B1F4C1A680020DF
S2140129301E4903F06FF9226800201D4903F06AF969
S2140129404FF4806200201B4903F064F922680020DE
S2140129501949103203F05EF92268002017490C323B
S21401296003F058F922680020154902F5826203F047
S21401297051F9BDE8104005F0D1BA00BFD7260400D2
S214012980142704003327040053270400646800203A
S2140129907E2704009D270400C0270400C83E0020AF
S2140129A0E327040068680020606800200628040009
S2140129B0292804004C2804006F28040092280400EB
S2140129C0B52804002DE9F04194B004460D460020D8
S2140129D0482102AA23F0F5FE18B9534903F01AF963
S2140129E019E060220021204607F0DAFC04224F4954
S2140129F002A808F021F890B16DB19DF80B300020C7
S214012A0001939DF80A309DF80820009348499DF8E7
S214012A10093003F0FFF8012014B0BDE8F081BDF8DD
S214012A200C20B2F5807F228003D0424903F0F2F8F1
S214012A30F1E7BDF81420BDF80E102281DDF816204E
S214012A406180E2600499BDF81A206160228284F8F0
S214012A50320007AD04F112020FAE2B4603CBB34290
S214012A60106051601D4602F10802F6D10F9B324AF2
S214012A7063631360314B10221846002107F090FC67
S214012A80E288A388028022894280E26842600BB90C
S214012A900020C1E700263546A388D90709D536B1F7
S214012AA005F150026A4412F8482C84F838200135A2
S214012AB0EDB29A0714D5208823F099FD07466EB12A
S214012AC002AB03EB05080246414604F1390007F064
S214012AD0F7FD3A4641461A4807F0F2FD2F44FDB28B
S214012AE0A3885B070DD556B105F150036B4433F847
S214012AF0482C33F8463CA4F85A20A4F85C30043538
S214012B00EDB2002EC4D1482D02D930460D4965E7F5
S214012B102946382002AA23F054FE08B90A495DE77F
S214012B2038250126B8E700BFD8280400448B0400E6
S214012B300A29040040290400EC3E0020F03E002053
S214012B40F83E00205B290400AB29040030B50B4C8D
S214012B5099B025786DB9FFF789FE68B129466846B0
S214012B60FFF730FFB0FA80F0054B400918700123DB
S214012B702370002019B030BD0120FBE76A5F0020FA
S214012B806B5F0020014B1878704700BF6B5F002019
S214012B9070B51E46134B044618881D46884298B0E9
S214012BA002D15B88934206D00F4B0FCB84E80F000F
S214012BB0204618B070BD96B100216846FFF702FFA7
S214012BC00028F1D1BDF804305B0708D53388BDF87D
S214012BD05A209A42E8D8BDF85C209A42E4D395E898
S214012BE00F00E3E7F03E0020948D0400064B10B57D
S214012BF01B7804462BB9054B0FCB84E80F00204603
S214012C0010BD034BF8E700BF6B5F0020948D0400F6
S214012C10F03E002010B50446024B0FCB84E80F00AF
S214012C20204610BD948D04000B4B10B51B7804464E
S214012C3008467BB10021FFF7C5FE48B910222146A0
S214012C40064807F0F9FE003818BF0120C0B210BDD3
S214012C500120FBE70120FAE76B5F0020F03E002031
S214012C602DE9F0410E4690460E4910221F4607F008
S214012C70E3FE044670B90C4B3A461D683046AD1B60
S214012C80454528BF4546294623F09BFD28B90749F7
S214012C9002F0C0FF0120BDE8F081069B20461D60C2
S214012CA0F9E700BFF03E0020EC3E0020AB2904000F
S214012CB00022024B1A70FFF73BBC00BF6B5F00207F
S214012CC02DE9F0419CB00F4616468046FFF74CFCB6
S214012CD0054602461549002002F09CFF382D20D9F2
S214012CE0012104A8FFF76EFE0446D0B9119B04A982
S214012CF03B606F463846FFF7F7FA97E80F0086E81D
S214012D000F00119BAB4297BF01210324084AC8F864
S214012D10003094BF1170C8F8005020461CB0BDE8C2
S214012D20F0810022024B01241A70F6E7DD29040027
S214012D306B5F002070B5084D00262B7853B1FFF766
S214012D40F7FB04461022002104482E7007F028FBEA
S214012D50204670BD3446F5E76B5F0020F03E00204C
S214012D6008B50020064902F055FF064B00201A78E8
S214012D70054902F04FFFBDE80840FFF7A9BD00BFB7
S214012D80FC2904006B5F0020262A0400034601206C
S214012D90024AC3E9032000221A7070470100FEFFB1
S214012DA02DE9F0410024264E264FDFF8A88088B092
S214012DB000F0D4F9A5B2854202D308B0BDE8F0818F
S214012DC0284603A923F033FDA2B23146002002F0C3
S214012DD03BFF9DF80D2012B39DF81210BDF8103080
S214012DE0402914BF6E2179210020CDE900313946F2
S214012DF0BDF80E3002F028FFBDF814201AB10020ED
S214012E00114902F021FF9DF80C00BDF8182070B999
S214012E10079B0E490093BDF81A3002F015FF0020FB
S214012E200B4902F0F7FE01342BF011FBC0E7BDF8A9
S214012E301C304146009300209DF81A30EDE700BF94
S214012E403F2A0400452A0400682A0400722A040066
S214012E50B9390400992A040010B500F0ABFABDE8B0
S214012E6010400346024A0020024902F0D3BE00BFCA
S214012E701436040032F50300D0E9023253F822304A
S214012E8010B5188800F086FABDE810400346024ADD
S214012E900020024902F0BEBEC12A040032F503003A
S214012EA010B5D0E90232002486B08DF8044053F8FC
S214012EB0221003EB8203097801A88DF805105A68E1
S214012EC01288ADF806209A681288ADF80820DA68EC
S214012ED01278ADF80C40A24214BF402280228DF831
S214012EE00A201A691288ADF810205A699B6912885F
S214012EF0ADF812201B68059300F0D0FB034A034689
S214012F000349204602F086FE06B010BD63090400A0
S214012F1032F5030038B50024064D2BF084FA45F847
S214012F2024000634C02CF8D10020BDE83840024900
S214012F3002F070BE80100020C82A040030B50020C0
S214012F4087B0204902F066FE00201F4902F062FEAB
S214012F5000201E4902F05EFE2BF065FA00240546AD
S214012F60A0B201A9013423F062FC202CF8D12BF089
S214012F705AFA1749421B002002F04CFE1549002060
S214012F8002F048FE2BF04FFA0446012000F09EF8AE
S214012F902BF049FA0E49021B002002F03BFE0E49B7
S214012FA0002002F037FE2BF03EFA044623F030FCF8
S214012FB02BF039FA021B0020054907B0BDE8304066
S214012FC002F028BEF42A0400232B0400532B04002D
S214012FD0702B04007F2B0400992B040010B50C46BF
S214012FE003F07CFD08B9032C12D101F059F904282D
S214012FF00ED001F055F905280AD0064802F0BAFCB1
S2140130001C2801D124F0B1FBBDE8104002F0C2BC7F
S21401301010BD00BF1B6803002DE9F04F00274FF0DD
S214013020FF36DFF8A4B0264C87B0BBF80030B8B244
S214013030834209D8731C3BD03246FF21214807B092
S214013040BDE8F04F22F040BE01A923F0F0FB9DF849
S214013050050001F05BFFF8B19DF80480B8F1000FA0
S2140130601AD1BDF810A0BDF812902BF0DCF918218A
S2140130700246BBB24B43E018E158007C4FF47A732A
S214013080A2EB010C50B103FB0AF363450ED30B44CC
S214013090981A864228BF06460137C6E74D466B4357
S2140130A0FAD06345F5D31944881AF2E74046F0E7AB
S2140130B0FF21044807B0BDE8F04F22F016BE00BF5E
S2140130C080100020003F0020F65600202DE9F04138
S2140130D0014688B058B1022810D023F0C2FB78B35D
S2140130E0D221194808B0BDE8F0412BF0A3B9FF235F
S2140130F0164A17480093FBF7E1F9EEE700244FF074
S21401310001082746134EA5B2284603A98DF80D706F
S21401311023F08DFB9DF80D0068B101F0F7FE20B19C
S2140131209DF80C300BB986F810800134202C06F17E
S2140131301806E8D12546084B1D80FFF76DFFCCE742
S21401314008B0BDE8F08100BFB92B0400813401004E
S214013150003F002080100020F6560020014B188802
S214013160704700BFF65600202DE9F04F634A077DF1
S21401317089B004466249002002F066FD002024F072
S214013180D0FB20B12368218A588803F0F5FC002083
S2140131905C4902F03FFD637DDFF87491002B2368E4
S2140131A008BF08205988574B18BF00200093228A71
S2140131B04FF0090314BF4FF080084FF0400802F0AB
S2140131C089FBA289BB1C93420CDB24F044FC03461A
S2140131D020B100204C4A4D4902F01CFD012009B0E7
S2140131E0BDE8F08FA068791C89B2C55D24F052FB5A
S2140131F00337012D0646BFB213D8236832465988D5
S2140132005879238A0093434623F08AFF8246002892
S2140132103ED1862002F026FC284602F023FC3046EA
S21401322068E08520F6E703A923F001FB9DF80C3042
S214013230AB4223D123689DF80D105A7991421DD1D6
S214013240BDF80E105A88914218D1BDF81020B2422E
S21401325014D19DF81220424510D1BDF81410228ACF
S21401326091420BD1002D38D0BDF81810E28891425A
S21401327004D19DF81A201B799A422ED00BF1010B2E
S214013280B9F800305FFA8BF08342CCD88B20C1E7C7
S2140132904FF0000BF4E79AF8020002F0E3FBBDF8EA
S2140132A0180024F0BAFABDF81A0024F0B6FA9AF813
S2140132B0020003F081FE002883D19AF8020001F093
S2140132C0F7FC0546079E002D3FF47BAFF0B2013DAB
S2140132D002F0C8FB360AEDB2F5E7002002F0C2FBA9
S2140132E0284602F0BFFB304624F097FA012DD2D1D2
S2140132F0BDF81C0024F091FA63E700BF482C0400D7
S21401330020200400B9390400552C0400722C040056
S214013310F65600202DE9F04391B06946804623F029
S21401332086FA0023194F8DF801303888431E98B26B
S2140133308045388009D16946404623F080FA6846C0
S21401334023F064FA11B0BDE8F0834FF0180905A91F
S21401335023F06DFA0E4C3E880AAD09FB06460FCEE9
S2140133600FC596E8030009FB084485E803000AAE8A
S214013370404605A923F063FA0FCE0FC495E8030073
S21401338084E8030069463888D7E700BFF656002070
S2140133908010002008B5064B1B88834205D9FFF72D
S2140133A0B9FFFFF739FE002008BD2720FCE700BF64
S2140133B0F656002038B5074D2C882CB9FF21064853
S2140133C022F093FC204638BD601E80B2FFF7A2FFB4
S2140133D0F2E700BFF6560020003F00202DE9F34734
S2140133E09A4618239DF82890244FCDE9001203FB36
S2140133F009731446D3E9022324F00CFC0646204642
S2140134000D4603F0D9FD04F0FD03382B80460FD19D
S214013410009432462B460021DAF8100023F032FAE7
S214013420B8F1010F1BD135431ED102B0BDE8F087BC
S214013430392CDAF810300BD107EE906A07EE103A05
S214013440F4EEC77AF1EE10FAACBF01200020E7E7F0
S2140134509E4275F100032CBF01200020E0E7B8F181
S214013460000FE2D10028E0D0182303FB09770123DF
S2140134703B7402B0BDE8F047FFF7CEBD80100020D8
S2140134802DE9F04F00252E46A846AA462C46DFF821
S214013490BC91D1B0694BA8B21B88834209D81CB134
S2140134A061882079FFF79AFDFFF7B6FD51B0BDE8B8
S2140134B0F08F0BA923F0BBF92AF0B5FF1823AFB2A2
S2140134C07B4309EB030B59F8033005909DF82D005B
S2140134D0049301F01BFD002800F0AE809DF82C102F
S2140134E0002940F0A980DDE90432D01A4FF47A723F
S2140134F0BDF838305343834200F29E809BF810306B
S21401350043B9BDF83A30002B00F09680534383420E
S21401351000F29280FD230022CDE9013210AB009328
S2140135200DF119020DF11A03E9B20BA8F0F7D0FE5E
S214013530002877D1BDF81A30DA1C0493D2B214B33E
S2140135403F4B9DF82D101B8813442279914214D1CC
S214013550BDF82E10628891420FD19DF83220B8EB4B
S214013560D21F0AD1BDF83420524506D1B3424DDDF3
S2140135700020344902F04EFB01E0B342F8DC6188DA
S2140135802079FFF72BFD02F041FA04469DF932003F
S2140135902D4BC043C00F0093BDF834200A23BDF85D
S2140135A02E10C0009DF8328002F094F99DF82D305F
S2140135B04FF0000B23714FF48A53FF26BDF834A059
S2140135C04FEAD818E38007A95FFA8BF024F0D1FC04
S2140135D0C0B2B0B99DF81D109DF82D20914210D1B2
S2140135E0BDF81E10BDF82E2091420AD122469DF844
S2140135F029109DF81C0024F037FAB04228BF304647
S214013600C6B20BF1010BBBF1200FDCD1BDF83000C7
S21401361024F003F99DF8190002F024FA049910A881
S21401362002F034FA182300225F4309EB07031A74E9
S2140136302AF0F9FE49F8070001352BE7F656002077
S21401364000570020312D0400B939040080100020F5
S21401365070B500240126104D8AB02B88A0B2834293
S21401366004D80AB0BDE87040FFF7D6BC05A923F020
S214013670DEF89DF8150001F049FC50B19DF81430B4
S2140136803BB91A46CDE901360093E1B205A8F0F739
S2140136901FFE0134E1E700BFF65600202DE9F04396
S2140136A00389DFF858818BB0B8F800900093044680
S2140136B0837982884188407823F032FD002800F023
S2140136C09580E78927B1A389BB4200F29180002744
S2140136D0B8F80030BDB2AB4214D84D4601264FF6BD
S2140136E0FF73E2899A4226D146B9B8F80030AB4258
S2140136F002D92846FFF70EFEFFF78EFC00200BB01E
S214013700BDE8F083284605A923F091F89DF814300A
S2140137107BB92268059B5340FF2B0AD86368069E37
S2140137205E4036F07F4604D1BDF81C2023899A42BC
S214013730D5D00137CCE7E2689A422BD0002E53D180
S214013740D4E90323CDE9082305A823F05FF8002870
S214013750D5D1B8F80030AB4204BF6B1CA8F80030D6
S2140137602AF061FE18236B43234AE9B2D050D418DD
S214013770002305A81A46CDE901330093F0F7A8FD0A
S21401378018B100220023C4E90223284605A923F024
S21401379056F8B1E7234605AA04F1100C1746186837
S2140137A05968083303C763453A46F7D11868386045
S2140137B005A823F02EF80028C0D01F2D1AD8002304
S2140137C08DF8143063788DF815306388ADF81630AF
S2140137D0A388ADF81830A3798DF81A302389ADF88F
S2140137E01C300028B0D1ABE70020E6E7862086E74C
S2140137F0872084E7892082E780100020F656002083
S2140138002DE9F04FB04A90F814908DB00446AF49B8
S214013810002002F019FA002024F083F820B1236872
S214013820218A588803F0A8F90020A94902F0F2F984
S214013830637DDFF8B8A2002B14BF802340230293D8
S214013840236808BF08205988A14B18BF00200093A1
S214013850228A072302F03EF800230393A28909F186
S2140138600305954211DB039B13B9184602F0FAF8DB
S21401387024F0F1F8034620B10020964A964902F05A
S214013880C9F901200DB0BDE8F08FA06809F101016A
S21401389089B210F8096023F0FDFF324680460346E0
S2140138A08E490020ADB202F0B5F98EB1012E00F0BE
S2140138B08A808527384602F0D5F8304602F0D2F8DD
S2140138C0404623F0AAFF852FD2D00123039376E04A
S2140138D0A06809F10401A28989B2475D23F0DAFFE5
S2140138E009F10601A289049089B2A06823F0D2FFEB
S2140138F03A4605900090049B3046794902F08AF9D1
S21401390009F1080938461FFA89F503F055FB002826
S21401391057D1384601F0CCF9294603468146A2899B
S214013920A06823F0A8FF6F498346304602F08CF961
S214013930A1684A4629443346304602F0CFF830465D
S214013940634902F067F9A9441FFA89F523684246DC
S21401395059885879238A0093029B23F0E1FB18B11A
S2140139608378BB4240F0AC80483FFFB2092F05D8B0
S21401397040F21133FB40DB0700F1A48000238DF8F1
S2140139801C30236807A85A798DF81D205B88ADF88E
S2140139902080ADF81E30029BCDF82CB08DF8223079
S2140139A0238AADF82430049BADF82830059BADF88A
S2140139B02A30FFF773FE074600287FF47BAFA9463F
S2140139C04CE7B346C2E72946A289A06823F062FF06
S2140139D04FF0000B024607464349002002F01AF951
S2140139E009F10509BAF800301FFA89F5BAF800207E
S2140139F01FFA8BF94A4503D81F2B31D9892759E776
S214013A00484607A9049322F012FF9DF81C20049B48
S214013A10012A22D122689DF81D00517988421CD1C5
S214013A20BDF81E005188884217D1BDF820104145C7
S214013A3013D19DF82210029881420ED1BDF82400C0
S214013A40218A884209D1BDF82800E188884204D13C
S214013A509DF82A10127991421BD00BF1010BC5E794
S214013A60012299468DF81C20226851798DF81D1087
S214013A705188ADF82080ADF81E1002998DF82210FD
S214013A80218AADF82410E188ADF8281012798DF856
S214013A902A2007A8ADF82C7022F0B8FE07460028A9
S214013AA07FF408AFBAF800304846994508BF09F1D7
S214013AB0010307A908BFAAF8003022F0C0FE7EE77E
S214013AC08D27F7E68C27F5E65C2D04002020040000
S214013AD0B9390400BD2D0400722C0400642D0400C5
S214013AE0812D0400A22D0400AD2D0400F656002001
S214013AF02DE9F04F074688469146002589B09A463B
S214013B00BDF848B09DF84C60149C224B1A88A8B2A8
S214013B10824235D903A922F08AFE9DF80C201D4B5E
S214013B20B2BB9DF80D10B94232D1BDF80E10414519
S214013B302ED1BDF8101049452AD19DF812105145D5
S214013B4026D1BDF81410594522D13046029201F013
S214013B50AFF8A6F14103012B01460AD8204623F00F
S214013B609FFE0D4B0D4A204484420CD10421029342
S214013B7002ACEDB232462046009503ABFFF72EFCB1
S214013B8009B0BDE8F08F14F8011F4B405343EBE733
S214013B900135BBE7F6560020C59D1C819301000147
S214013BA01FB50F4C2478C4B142EA03229DF81830A1
S214013BB08DF8051042EA43220A4BADF80C201A781C
S214013BC0094B8DF80610079903EB021300908DF848
S214013BD00400DB6868460291984704B010BD00BF38
S214013BE06C5F00206E5F0020203F002073B51A4DE9
S214013BF0FF211A4822F079F82B7853B3184C194E46
S214013C002378180106EB03131A7A5968305C24F0FE
S214013C103CFA4D281DD0E0B1012300212278CDE9E0
S214013C2000311201B25CC0B2FFF7BAFF0A22237854
S214013C300A480133DBB2B3FBF2F102FB1133FF2179
S214013C4023702B78013B2B7002B0BDE8704022F048
S214013C5044B802B070BD00BF6C5F0020C03F0020BA
S214013C606E5F0020203F0020F8B5104F3E780A2EE8
S214013C701AD00FC8DFF840C00D4D9CF80040013641
S214013C8005EB041585E80F000A230134E4B2B4FB02
S214013C90F3F203FB12440748FF218CF800403E7004
S214013CA022F01BF80020F8BD0120FCE76C5F002025
S214013CB0203F0020C03F00206D5F00200021024A07
S214013CC00248FAF731BC00BFED3B0100C03F0020BF
S214013CD0002337B50C46124D12492A78CDE9003338
S214013CE012018A5C01230146E0B2FFF759FFA4B92D
S214013CF00D490A788AB10A202B78013A0133DBB2E2
S214013D00B3FBF0F40A70FF2100FB143307482B7055
S214013D1003B0BDE8304021F0E0BF03B030BD00BFC6
S214013D206E5F0020203F00206C5F0020C03F002017
S214013D3008B500F0BDF850B1054B064A06490528FE
S214013D4008BF1A46BDE80840002001F063BF08BD61
S214013D50D12D0400B9390400F22D040008B5032062
S214013D6024F0ADF910B90122014B1A7008BD00BF4D
S214013D706F5F00200022024B18781A70704700BF50
S214013D806F5F00200246FF21014821F09DBF00BF62
S214013D90E03F0020114B37B51D78C5B9FF2110480B
S214013DA021F0A3FFFFF7DAFF044600900D4B2846EB
S214013DB00D4A0E4901F02EFF4CB10D4B1B78DB0668
S214013DC005D5284624F055F9204622F090FB094BEC
S214013DD0186803B0BDE83040FFF7D4BF6F5F00201E
S214013DE0E03F00200F2E04003D2E040002060400D2
S214013DF05D5F002070680020FF21014821F075BF3B
S214013E00E03F002070B51A4E054633780C466BB37A
S214013E100020184A184901F017FF032C01D0652C21
S214013E2020D11649002001F00FFF22460020144938
S214013E3001F0F0FE0020134901F006FF0123294698
S214013E400822002001F04AFE00200F4901F0E2FEA0
S214013E50032C88BF0023204688BF3370BDE870401E
S214013E60FCF7BEB8012CE0D00849DBE770BD00BF07
S214013E706F5F00203D2E0400EC090400502E040064
S214013E80A31004006E2E0400B9390400662E040047
S214013E90014B1860704700BF706800200021024A7D
S214013EA00248FAF741BB00BF953D0100E03F002004
S214013EB0054B10B51C782CB90448FF2121F00DFFE5
S214013EC0204610BD0520FCE76F5F0020E03F002084
S214013ED0F8B50024074B084E1D68084FE3B29D4213
S214013EE004F1010400D8F8BD394656F8230021F044
S214013EF0B3F8F3E7F0A80400F4A804003C69002036
S214013F0010B5044C23780BB124F0C9F801232370B3
S214013F1010BD00BFCC6C00202DE9F743254B0D46A4
S214013F2016460446019350B14AB1042301AA12F879
S214013F30011BA94235D0013B13F0FF03F7D1212025
S214013F4003B0BDE8F08317F8010F90FAA0F0000E59
S214013F5021F0BEFA014608EB07039945F3DCCAB225
S214013F60C1F30F2392FAA2F293FAA3F3120E1B0ED9
S214013F7003EB0223DB43621912F8020C99B2DBB29F
S214013F8098420CD112F8013CB3EB112F07D13246FF
S214013F902146284603B0BDE8F04323F0E0BF2320C6
S214013FA0CEE74FF6FF71671EA5F10209C4F10108BD
S214013FB0D1E700BF080A0E12F0B515468FB00E46BF
S214013FC007462AF0DCFA254B02A81C7824F06BF889
S214013FD015F0FD0F3BD028B9BDF808309B0701D579
S214013FE0032D36D01DF0A4FE58B309A824F0C7F857
S214013FF00323306871688DF824300AAB03C39DF83B
S2140140003130012D43F002038DF8313019D105A965
S21401401009A824F0ACF8002818BF022423F055FCA8
S214014020032D18D80E4B0F4A0020CDE9004753F850
S214014030243052F825200C4901F0ECFD20460FB043
S214014040F0BD032DEAD1042C08BF0024E6E70324C3
S214014050E4E72C46E2E70324F0E700BF705F0020A8
S214014060388D0400288D040075350400014B187046
S214014070704700BF715F0020024B1A6818608260AB
S214014080704700BF74680020024B186800B1406892
S214014090704700BF7468002070B5044600250A4BBF
S2140140A01B687BB100211E8807E05A6802EB0110ED
S2140140B0013145B9021B554255418AB29642F4D8A0
S2140140C09B68EEE7184670BD746800202DE9F04F36
S2140140D01E46002393B0022E074688461446DDF896
S2140140E070909DF874A0ADF81A3040F2C08099F82F
S2140140F000305A0729D5042E40F2B98099F804B049
S21401410000255F4B33F83520002A00F0B6800135D4
S2140141100A2DF7D1209B002B40F0AD80FF25002310
S214014120207908AA0DF119018DF8193023F043FB07
S21401413070B1BDF82C309DF81900238023F0C0FB28
S2140141400790C0B113B0BDE8F08F99F802B0D7E779
S214014150207923F060F80B28059000F28A802079F8
S21401416023F0BFFB07900028ECD1464A059B02EBE3
S21401417003135B8823804FF6FF73002F08BF434667
S21401418062880021CDE9002358465246238802F072
S214014190FDFD18B1E38843F02003E380209B07A9C7
S2140141A00DA8CDE90D34CDF83C90ADF84080ADF8C2
S2140141B042608DF844708DF845A023F00FFB08B1DE
S2140141C00798BFE7484602F025FDA01D02F010FD46
S2140141D022464146384623F047FCB04227D3E388BF
S2140141E02246C3F30E03E3809DF87C3041460393D9
S2140141F0BDF87830384602930DF11A03CDE90093E5
S214014200F3B222F07BFD209B079003B3F8B9BDF80B
S2140142101A2042B1092D06D81B4B03EBC5018A8033
S214014220209A43F83520112023F0A8FA1CE0BAF1B1
S214014230000F0AD10DF11A03CDE9006322464B4661
S21401424041463846FAF778FFDDE73820DBE70528F0
S21401425007D1E388DB0607D5002301200793FFF784
S21401426005FF079B002BDED023F02FFBA8E70120DC
S21401427068E7212066E71C2064E7EDB24FE700BF40
S2140142800840002074400020044000204FF6FF72D2
S214014290024B1A805A809A80704700BFF856002059
S2140142A010B5044C2379FF2B02D123F026FF207191
S2140142B0207910BDF856002010B50C4C2379FF2B41
S2140142C008D1002023F0FCFA20B923F016FF207154
S2140142D023F0FBFA2079022805D00438012894BF80
S2140142E00020012010BD0020FCE700BFF85600208A
S2140142F04FF6FF7310B5044C22889A4202D123F080
S214014300F2FE2080208810BDF856002010B5FFF779
S214014310BDFF40F61D439842044607D8B0F5416FED
S21401432005D2182826D8152848D829D010BDA0F5BA
S21401433041630D2BFAD801A252F823F08143010004
S214014340814301002D4301002D4301002D4301004F
S2140143502D4301002D4301002D430100D1430100EF
S214014360E34301007D4301007D4301007D430100DD
S2140143707D43010040F606439842D7D11C4920E010
S214014380FFF7B6FF1B490246002001F043FC152C3F
S21401439005D123F092FEBDE8104023F028BA164B53
S2140143A0164A1749B4F5416F08BF1A46002001F0B6
S2140143B031FC23F01BFA23F01AFAECE71628DDD1BC
S2140143C01049002001F026FCBDE8104023F034BB64
S2140143D022F07BFDBDE8104002460B49002001F0AB
S2140143E019BC0020BDE81040084901F013BC00BF0D
S2140143F09936040046360400B939040041360400F3
S2140144006236040082360400AE360400D636040056
S21401441007B5094A0346108831B9084A084903B066
S2140144205DF804EB01F010BC0091064A064901F064
S2140144300BFC03B05DF804FB1057002039030400A1
S214014440F6360400DD030400020604000D4B37B502
S2140144501B68044693B11D780389012D08BF022508
S2140144600093C37A084A0020084901F0D3FB21468D
S214014470284603B0BDE8304023F0F7BD022003B064
S21401448030BD00BF404100206B3704001A370400DE
S214014490002010B523F014FA0D4B1B6863B15A784F
S2140144A0052A03D862B1052402220AE0FF2AFAD0BF
S2140144B00020084901F0AEFBBDE8104023F005BA24
S2140144C01446104623F02DFE204623F028FEF3E77F
S2140144D0404100207037040013B5134C002023F030
S2140144E0EFF9FFF7D3FE23689BB101A822F0E0FCA9
S2140144F078B923681A789DF804309A4209D0D91EF3
S214014500032906D9D11E012903D9012A07D1022B75
S21401451005D1032301A8ADF8043023F0ACFD02B0A9
S214014520BDE8104023F0D1B94041002000231946D0
S214014530034A01330A2B918042F8081BF9D17047D0
S214014540044000207FB50E46054623F096FD2A4618
S214014550044603460D49002001F05CFB96B10C4B66
S21401456036211A889B78ADF80C208DF80E3003237F
S214014570002200934FF6FC7003AB8DF80D5023F02C
S214014580BDFC0446204604B070BD00BF9137040050
S214014590A48D0400FF2810B50C4604D10020044960
S2140145A001F038FBFE202146BDE81040FFF7CABFE8
S2140145B0AA370400F8B51E460B8807460C46154672
S2140145C0002B64D14A88B1F9021000200029B8BF37
S2140145D06B78304901F01EFB6288132A1DD002F564
S2140145E0FF437F339BB2052B23D8A2F50042013A45
S2140145F0052A1ED8DFE802F0193F1D033C09264AAA
S2140146002649002001F006FB13E0254A2349002035
S21401461001F01AFB2A792349F3E7022E94BF4FF6DD
S214014620FF72B5F801202049EBE700201F4901F091
S214014630F1FA33462A462146384624F087FC70B9FB
S21401464033462A462146384624F082FC48F22103A6
S21401465062889A4203D13846697823F0B5F86388B0
S214014660B3F5004F02D9082023F0C7F80120F8BDA2
S2140146702A790F49C5E70F4A0849002001F0E4FAF4
S214014680032E94BF4FF6FF726A880B49B9E70020E4
S214014690EDE700BFE53704000D38040014380400C8
S2140146A0253804002B38040039380400513804003A
S2140146B06B3804008D380400923804002DE9F0416F
S2140146C016888AB0DFF88C80ADF80E300DF10E0337
S2140146D0C8F8002015460093324610AB07460C4634
S2140146E0FAF7BCFD90BB109B8DF824000693BDF82D
S2140146F00E3004A8ADF81C30AB898DF81070ADF8FB
S21401470020306B890594ADF81E60ADF8223023F099
S21401471063F8D8B921463046BDF80E30109A01F03C
S214014720C9FF98B921463046BDF80E30109AFFF7FA
S21401473041FF58B9CDE9006039462046BDF80E3034
S214014740109A02F049FB08B9C8F800000AB0BDE8A3
S214014750F08100BF00400020F0B585B004AB03E94E
S214014760030000231C469DF80D609DF80E70154A47
S214014770D9B202EBC1004568EDB99DF80C30284668
S21401478000939DF80A209DF80B300F4901F05CFA62
S21401479026B1324628460D4901F056FA0C4A002049
S2140147A0002C18BF2246BDF808300A4905B0BDE8FE
S2140147B0F04001F02FBA12F831100133B94208BFA8
S2140147C02C46D5E74C8D0400A4380400B538040007
S2140147D0A8020400B93804004FF6FF7310B5084C60
S2140147E088B062889A4207D102A90DF1070022F02B
S2140147F05DFBBDF810306380608808B010BD00BF57
S214014800F85600202DE9F04F85B0894692461C46A1
S2140148100746BDF83850BDF83C80109E002833D0BE
S2140148200346464A0020464901F00EFA2388002B2B
S21401483076D040F20912934274D0424A4249B3F507
S214014840827F08BF0A46CDF8048061880020009167
S2140148503E4901F0F9F9238893B1B8F1020F0FD957
S21401486033783B4913F0010F3A4A18BF0A465907F5
S2140148704FF000004CBF3379B378374901F0E4F9C3
S2140148800020364901F0C6F90023354931F83320B6
S214014890AA4249D1334A52F833B0002331F83300E3
S2140148A0DA00A84246D100202E490A44908041F8F9
S2140148B0330047B9238833B9B4F90230002B02DB41
S2140148C0082022F05BFF012022F097FF9EB1357889
S2140148D0EB0710D515F0040004D0424601213046FE
S2140148E022F0D8FFCDE9017043462246514648469C
S2140148F0009622F0EDFCBBF1000F06D0434622469F
S21401490051464846CDE90067D847434622465146B8
S2140149104846CDE9006722F0A1F905B0BDE8F08F61
S214014920114A90E7114A8EE701330A2BAED14FF0B8
S214014930000BB2E701330A2BB0D1BAE7E5F9030061
S214014940E0380400A9020400CE380400EE38040062
S214014950D1380400D93804001F390400B9390400DD
S2140149600840002004400020C7380400CB3804006B
S2140149700D4BF0B54FF00C0C1F88054600230B4E6F
S214014980DCB2BC4201D30020F0BD0CFB04F43019AC
S214014990345DAC4205D144888C4202D104799442FC
S2140149A0F2D00133ECE700BF6C6C00208468002075
S2140149B073B501262B4D2C4C2A462046FF23002199
S2140149C00096F9F77BFD2A462046FF230021009634
S2140149D0F9F774FD2A462046FF2300210096F9F7D1
S2140149E06DFD2A462046FF2300210096F9F766FD55
S2140149F02A462046FF2300210096F9F75FFD2A4646
S214014A002046FF2300210096F9F758FD2A46204646
S214014A10FF2300210096F9F751FD2A462046FF2381
S214014A2000210096F9F74AFD2A462046FF23002179
S214014A300096F9F743FD2A462046FF2300210096FB
S214014A40F9F73CFD2A462046FF2300210096F9F798
S214014A5035FDFF232A46002120460096F9F72EFD54
S214014A6002B070BD8B650300544000202DE9F84369
S214014A7000244FF00C090C4B0C4F1E78DFF83080E9
S214014A803A88E5B2954202D33046BDE8F88309FB81
S214014A900585FF21A86821F02FF918B9AB799E4248
S214014AA038BF1E460134EBE7725F00206C6C0020B5
S214014AB084680020014B1878704700BF725F0020A1
S214014AC0014B1870704700BF725F0020F8B50646AC
S214014AD00C4622F06EFE0546C8B9304622F09BFB16
S214014AE00B2815D80B4B03EB00131F7B87B95A888D
S214014AF0012122809A88304662809B79237100F0DA
S214014B0037FA39466071304600F032FAA071012555
S214014B102846F8BD7440002070B504460E4615467A
S214014B2022F079FB0B2802D94FF6FF7070BD094BB6
S214014B3003EB00131A7B002AF6D146B90122294657
S214014B40204600F03DFA0028EED00088EEE7012E60
S214014B50EAD1F4E774400020FF2313B50DF10701F5
S214014B6004468DF8073022F022FE18B19DF80700A2
S214014B7002B010BD074B03EB04131B7B0BB1FF20E8
S214014B80F6E7204600F03AF90028F8D0204600F073
S214014B90E9F9EDE77440002013B5F6F785FC044605
S214014BA0F6F788FC224603461249002001F032F847
S214014BB000F084FFFFF7BAFC00F0A6F802210846D1
S214014BC002F074FDFFF764FC41F2490023F0C3FADA
S214014BD04FF0FF130093FF2368468DF8043023F04F
S214014BE098FA4FF4004023F076FA002023F093FA67
S214014BF002B010BD6E39040038B5054622F0F9FD45
S214014C0090B9284623F0B3F9044628B140F6044388
S214014C10984214BF88248D2423462A46002003493F
S214014C2000F0F8FF204638BD8D24FBE786390400E6
S214014C302DE9FF4705460E4617469846BDF83090C3
S214014C40DDF834A0BDF83840CDF80090CDE9014A32
S214014C50E4B2FFF7D7FD43463A4631462846CDE94A
S214014C600094CDF808A024F03AF9FF21034B044A3A
S214014C70044804B0BDE8F04700F01ABE045700200F
S214014C80005700204A610020044B01461888102274
S214014C9040F0404040F48010F7F716BA9E8A0400B0
S214014CA0024B18685968FFF757BD00BFD6CD040000
S214014CB00123064AD15C814202D1054AD05C704785
S214014CC002335F2BF6D10020704700BFA68D04008B
S214014CD0A78D040070B500220446094B1D78094BC8
S214014CE0D0B2854201D8FF2070BD1E78A64204D1FD
S214014CF00029F9D05E7BF607F6D401321033EFE7D0
S214014D00735F0020744000202DE9F04198B06B4697
S214014D10304A1068516803C390680CAA18602E4B7D
S214014D2014469C4603F11806154618685968083358
S214014D3003C5B3422A46F7D112AA1746274B03F1F9
S214014D401806154618685968083303C5B3422A463B
S214014D50F7D1234A03AB106851684FF0010E03C325
S214014D60906871681860DCF83000002206AB03C357
S214014D700C21EC46B068CDE909221860194BDFF822
S214014D806C801970184B0DEB01060B9206AD09A944
S214014D901CF8010B0132187034F8020B0C2A5880EB
S214014DA037F8020B83F80DE0988016F8010B03F133
S214014DB0100303F80A0C15F8010B08EBC00043F8C2
S214014DC0080C11F8010B03F8040CE1D118B0BDE88A
S214014DD0F08100BFA0390400169104002E91040052
S214014DE0AD390400735F002074400020108E04006B
S214014DF0014B1878704700BF735F0020034B03EB2D
S214014E000013587B00F00100704700BF744000207B
S214014E10F0B504460846D9B100220E4B11461F785C
S214014E200D4B1D46D6B2B74201D8002010E01E78C1
S214014E30A64206D09E68F688314489B20132103304
S214014E40F0E75E7BF607F9D505EB02150180A86849
S214014E50F0BD00BF735F0020744000202DE9F347CA
S214014E60894690461D46074618B9002002B0BDE89F
S214014E70F0870029F9D0002AF7D0002BF5D00024BE
S214014E8000780DF10601ADF80640FFF7C1FF0028D6
S214014E90EBD039460DF10602BDF8066022F0B0F8F7
S214014EA007460028E1D00DF10602BDF806A022F063
S214014EB0CEF80028D9D0C9F80070C8F800000379E8
S214014EC013F0200219D1DB0614D4BDF806300C4AC3
S214014ED0564413FA86F612FA86F20BE01A790C3368
S214014EE0920642BF13F8092C891889B29842F5D860
S214014EF0044A0A4401202A60B8E72146024BF5E736
S214014F0096600020745F00205090040008B50021D0
S214014F10FFF7E0FEFF2817BF044B084603EB00131C
S214014F20587B18BF00F0010008BD00BF7440002088
S214014F302DE9F0410D4616461F4622F06CF90B2866
S214014F400AD8074C3B4604EB001032462946BDE81A
S214014F50F041806822F02CB90020BDE8F08100BF46
S214014F6074400020014B0001185C7047744000201B
S214014F7070B50C4622F04FF90B281BD80F4B03EBEC
S214014F8000139A68C2B10023142618461579D9B2BF
S214014F908D4200D870BD116806FB0311097B34B938
S214014FA011F0800F1CBF0130C0B20133EFE711F0E2
S214014FB0400FF7E70020EDE71046EBE774400020CE
S214014FC0F8B50D46164622F026F90B280BD80F4BDE
S214014FD04FF0140C03EB00139A6800231C46177954
S214014FE0D9B28F4201D80020F8BD10680CFB03002F
S214014FF0017B46B911F0800F03D0AC42F4D00134E6
S214015000E4B20133ECE711F0400FF5E774400020FD
S2140150102DE9F04F064600243A4B87B01B783A4FED
S2140150200093009B9C4207D2FF2E08D0304622F008
S214015030F2F80B28044606D907B0BDE8F08F07EB57
S21401504004131B7B2BBB23014FF00008019307EBD6
S214015050041A14E014221B6802FB05352B89B3F5EC
S214015060967F01D929F0F3F94FF000094FF00C0BA8
S21401507029891FFA89F291420ED808F10108019B8D
S2140150805FFA88F5FB189B681A79AA42E2D8FF2EC8
S214015090D2D10134E4B2C4E71FFA89F00BFB00F069
S2140150A06B6819180A7912F0100F23D19AF800E0EC
S2140150B012F0400F8DF80CE0B5F800E0185AADF884
S2140150C00EE00CBF4FF0400E4FF0800EADF8120010
S2140150D028468DF810E021F05FFF5307ADF8140065
S2140150E0C8780AD50228896800D90968002203A869
S2140150F022F02EF809F10109BAE702288CBF896867
S2140151000831F3E7735F002074400020052370B573
S214015110094A06881488B44208D19578047B2C4045
S2140151203F2C03D90D4201D0506870BD013B02F1FE
S2140151300802EFD11846F8E7C090040070B50024C5
S214015140074D084E2B78E0B2834200D870BD06EBBF
S2140151500010437BDB0701D522F03CF90134F1E76F
S214015160735F002074400020F8B50C460021054608
S214015170FFF7B0FDFF2829D0154A060102EB001300
S2140151805B7B03F001016CB143F001031644A142BD
S214015190737305D0C4B100B202EB001022F01AF905
S2140151A00120F8BD2346F1E77B4311682846CA185B
S2140151B0127BC95AD20921F079FD0134B268E3B2F3
S2140151C011799942F0D8EBE71427F7E70846E8E7A4
S2140151D074400020F0B59446497D20B339B30129C7
S2140151E018BF042100254FF6FF702F462A46144E9D
S2140151F03488644511D196F803E01EEA010F0CD0FD
S214015200B4789C4209D30AB1BC4206D81EF0100FEE
S21401521003D08AB1BC420CD370B90135072D06F113
S2140152200406E5D1F0BD002908BF0821D8E7022110
S214015230D8E727460020F0E727460122FAE700BF15
S214015240A49004002DE9F04F0A9FBDF824E09DF8D4
S2140152502C809DF830904C7D78B394B3012C18BF08
S21401526004240025194800F11C0C068896421ED11C
S21401527090F803B01BEA040F19D08678464516D37A
S2140152801BF0100F91F80FA004D0BAF1000F0ED04A
S214015290B1F810A0BAF1000F09D1A94513D0AE4557
S2140152A011D95E553E88013501363E80ADB20430D7
S2140152B06045DAD10120BDE8F08F002C08BF082434
S2140152C0CDE70224CDE70020F5E700BFA490040057
S2140152D02DE9F04F0024B1F57C4F0E4638BF4FF054
S2140152E0010BA246A1464FF6FF781F4628BF274B63
S2140152F085B028BFB3F800B0009001925C4503D397
S214015300404605B0BDE8F08FB6F57C4F0CD3204B78
S2140153103A4603EB840331465B880098FFF708FEA4
S214015320054680B300232AE03A463146009821F02C
S214015330A2FFF5E70C229CB254436A680199105B00
S21401534002EB040C884219D3B9F1000F01D0504585
S21401535014D861462846CDE9023221F01DFE029B93
S21401536060B1039A125BB9F1000F03D0524501D325
S214015370804503D9924680464FF0010901332A89B8
S2140153809CB2A242D6D80134A4B2B7E7068E040076
S214015390088E04002DE9F04F91461A4600238BB083
S2140153A08DF82020BDF850208DF81C00ADF81E1099
S2140153B0ADF8242005460F461A4604A907A8159CF1
S2140153C09DF858609DF85CA09DF860B09DF86480DB
S2140153D00493ADF8229021F067FE049850B92B464D
S2140153E0CDE90079644A654900F014FC86200BB0CB
S2140153F0BDE8F08FBAF1000F14D18378B34206D01E
S21401540050465D4A5E4900F005FC8D20EFE70379C2
S21401541013F0010306D11846574A5A4900F0FAFB21
S2140154208820E4E703795B072CD583685A689B6874
S21401543005920693807822F0CFFB049B0546DF7821
S2140154402146022F03463A4610D805A822F080FBD3
S21401545081462B463A46214606A822F079FBB9F149
S214015460010F01D001300DD18720C0E7059822F049
S2140154706FFB0128F8D02B463A462146069822F0C3
S21401548067FBEFE7BBF1000F6FD1049F4FF6FF728A
S2140154902146B87821F01EFD00286BD0BDF82430D7
S2140154A0C5B20093CDE902549DF82030BDF8222004
S2140154B0BDF81E109DF81C00019622F087F9002801
S2140154C095D1BDF82430CDE902540093BDF82220D1
S2140154D09DF82030BDF81E109DF81C00019621F0A5
S2140154E053FF002883D121469DF8682007A821F0A4
S2140154F02FFE00287FF47BAFB8F1000F07D03B46A4
S2140155002046BDF81E209DF81C1021F0C4FEBDF8F3
S2140155102430BDF82220BDF81E109DF81C00009313
S214015520CDE901649DF82030FEF7E2FABDF824309B
S214015530BDF82220BDF81E109DF81C000093CDE991
S21401554002549DF82030019622F03FF9BDF8243030
S214015550BDF822200093BDF81E109DF820309DF85E
S2140155601C0021F0E9FE002041E70020064900F07A
S21401557051FBF8E701203AE7BA390400C6390400BE
S214015580F2390400063A04001A3A04007FB50025F1
S2140155908DF80830BDF820308DF80400ADF80610FF
S2140155A0ADF80A20ADF80C306946BDF82830099AE6
S2140155B001A80B9E009521F077FD044630B916B17F
S2140155C0009B9B783370204604B070BD8928FAD1C1
S2140155D02846024900F01EFBF5E700BF373A0400F3
S2140155E02DE9F04F4FF0000AC7B0FFF701FC5FFA54
S2140155F08AF6B04202D847B0BDE8F08F5B4B360161
S2140156009A5D00205A4900F005FB0020594900F038
S21401561001FB00230593554B9DF8144033449B68CA
S2140156201A79A24202D80AF1010ADEE714224FF0E3
S21401563000091B6802FB043422891FFA89F39A4287
S21401564002D8059B0133E5E70C231FFA89F803FB13
S21401565008F8D4F804B028F0FAFE0BEB08052B790D
S214015660454913F0400F3BF8083022884FF0000000
S2140156700093424B18BF0B46414900F0E5FA294614
S214015680204621F089FC074600283CD13D4900F020
S214015690DBFA2979DFF814C111F0010F3A4818BF77
S2140156A0604611F0020FAA78EB7832D1DFF800C11C
S2140156B011F0100F354918BF6146CDE900010020F1
S2140156C0334900F0C1FA2B793BF8082013F0400F5C
S2140156D04FF0000B4FF0FD030DF118082188CDE9BE
S2140156E0023BCDE9007821480CBF40238023805D32
S2140156F0FFF74CFF86280ED12649002000F08AFAD3
S21401570009F1010998E702462349002000F09CFAB6
S214015710BFE72249D1E7A87821F02EFCD8B1404650
S21401572022F0BEF8421C92B201234146002000F04E
S214015730D5F93946208801F001FA4FF6FF739842F1
S21401574007D0174B174903EBC0035A68002000F037
S21401575061FA1549D1E7A87821F014FC20B140463A
S21401576022F0A3F8821CDEE7EA78DDE77440002029
S214015770893A0400973A0400613A0400663A040044
S214015780D73A04004E2B04006E3A0400713A040026
S214015790EB3A0400073B0400A83F0400793A0400F2
S2140157A0909104002E0A0400B93904006B3A0400F3
S2140157B0813A04002DE9F04FC7B0BDF844A1064672
S2140157C0BAF1040F0D4614461F46BDF840B163D921
S2140157D0CDE9013B00920B4602463049002000F01D
S2140157E019FAFD230DF117090DF118083046029339
S2140157F022463B462946CDE900B8CDF80C90FFF786
S214015800C5FE0646B8B9FD22414699F8000021F0CA
S21401581061FB0746C0B1AAF10403834238BF89265B
S214015820204621F0FAFF8EB1304600F01BF93046D3
S21401583047B0BDE8F08F009023462A46002018495D
S21401584000F0E8F90027EBE78926E9E7DFF85CA036
S214015850BA1CBAF80030C3F1FF039A4219DA30468F
S21401586000F000F999F8000000F0FCF8BAF8009092
S2140158700C483A4641464844B94404F021FFAAF888
S214015880009023462A4630460749009700F0C2F9A1
S214015890CDE7892000F0E6F88926C8E7133B040027
S2140158A04E3B04004A610020753B0400005700206F
S2140158B010B5044C20600448018004490A60044A7B
S2140158C0136010BD3C410020FE56002038410020E8
S2140158D03441002030B587B00AAC0D4654F8041B9D
S2140158E00093CDE90114134609490246094809887F
S2140158F00068059421F08FFE4FF48A52064B1B6810
S2140159001880064B1B685D80DA8007B030BD00BF8B
S214015910FE5600203C410020384100203441002042
S21401592008B410B587B009AB0C4653F8041B0092B7
S214015930CDE9011302460B490B480593098800235C
S214015940006821F068FE4FF48A52084B1B681880E5
S214015950074B1B685C80DA8007B0BDE8104001B0D9
S214015960704700BFFE5600203C4100203841002011
S21401597034410020044A034611680448044A098851
S2140159801268006821F020B9384100203441002017
S2140159903C410020044B054A1B6812681988044BD9
S2140159A0186821F084B800BF384100203C4100202F
S2140159B03441002007B5074B1B681B880192064A35
S2140159C012680092054A126821F0D2F803B05DF819
S2140159D004FB00BF384100203C4100203441002038
S2140159E01FB51446064A12681288CDE90143009194
S2140159F0044B05491B68096821F096F804B010BDF0
S214015A00384100203C41002034410020014B1868F9
S214015A10704700BF34410020024B1B681871597152
S214015A20704700BF3441002010B50024084B1C709D
S214015A30FEF75EFC074BFF2218802146064804F05D
S214015A40AFFC064B1C80064B1C605C609C6010BD66
S214015A5054620020025700204A61002000570020AF
S214015A600457002007490B88FE2B9FBF064AD054D7
S214015A70581C80B29DBF088000F1FF3080180020BE
S214015A80704700BF005700204A610020F8B5094F53
S214015A900D463B885C18FE2C0ADC074E0A46A4B26B
S214015AA00146F01804F0CEFC3C80641BA019F8BD3A
S214015AB00020FCE7005700204A610020024B034A01
S214015AC000201A60704700BF404100200C8E040081
S214015AD0014B1878704700BF7440002030B4044D65
S214015AE0044C002B0CBF2B46234630BC21F001BFD3
S214015AF0D5FA0300483C040070B5054608460C4636
S214015B0021F0CEFE611C0246024B2846BDE87040DD
S214015B1021F0EFBE6743040000B5037889B0069311
S214015B2043783E220593837808490493C378039308
S214015B30037902934379019383790093C3790448E7
S214015B40008800F081F809B05DF804FBA33B04006F
S214015B5010570020024B02460249188800F05AB836
S214015B6010570020410104002DE9F04705460E4676
S214015B7017460024DFF84480DFF844A0DFF844909D
S214015B80AC4201D1BDE8F087B8F8000006EBC401CD
S214015B905346082221F0ADFE0134B8F800003FB9A3
S214015BA0044AA54208BF4A46034900F04DF8E7E714
S214015BB04A46F9E7B93904004001040010570020AD
S214015BC0483C0400CAEB03002DE9F0410E4E0446A2
S214015BD0308821F0A6FEA8B100250C4FDFF83080F2
S214015BE0E3070AD518B94146308800F02DF8308809
S214015BF02A46394600F028F8002001351B2D4FEAC9
S214015C005404EDD1BDE8F081105700209A27040016
S214015C10EB3804000EB417B505A9044651F8040B79
S214015C20019103F0BFFA01210220054AF8F766FF49
S214015C30044B1C8003B0BDE8104003B0704700BFA2
S214015C40B9390400105700200EB417B505A904464B
S214015C5051F8040B019103F0A5FA034B1C8003B025
S214015C60BDE8104003B070471057002013B5036815
S214015C700446587900F032FF90B923685A88032AFF
S214015C800ED0E17C5B79CDE900211649164AFFF773
S214015C90C1FF0121204621F0E4FE012002B010BD23
S214015CA0637D012B0AD0637D33B92368228A598824
S214015CB0587921F0BCFA48B9C3200AE02368228A41
S214015CC05988587921F0BCFA0028ECD0204621F0FA
S214015CD02AFE064B1B78002BDFD110F5807FDCD027
S214015CE0C1B2D7E7D03B0400C83B04004B6200209A
S214015CF0002970B50F491D460F4B14460CBF6E2286
S214015D007922002808BF0B4600200C49FFF79CFFAC
S214015D100B4E2544AC4205D1BDE870400020094930
S214015D20FFF778BF3146002014F8012BFFF78CFFF0
S214015D30F0E700BF093C0400FF3B0400123C0400EE
S214015D40463C0400D71E04002DE9F04FC27C8BB000
S214015D500592427D0368002A14BF80224022077DF7
S214015D600446856886895879B846B3F80290069243
S214015D7000F0B4FEA0B9059B052B05D86FF02D03E6
S214015D80059A1341DB070BD5B9F1030F08D0AB49D0
S214015D900020FFF73FFF0121204621F062FE76E05A
S214015DA0E37B1BB1228A002A00F0B781607D0022C6
S214015DB0B0FA80F05B4203F00403DFF88CB24009CE
S214015DC043EAC000ABF80020FFF74CFEE37B1BB3B1
S214015DD0208A21F022FD8246A07CFFF743FE059A29
S214015DE0162A00F29A81DFE812F019009E016C0073
S214015DF05600D2016C009201D9019A01E001E70137
S214015E00EE01390102029801980198011402580224
S214015E1014027002390102029A46DDE700204B4661
S214015E20874A8849FFF7F6FE0120FFF71BFE08F1B7
S214015E300207B74229D841463246284621F02AFDB4
S214015E408046236842465879BBF800304946C3F17C
S214015E50FF039BB20193238A0093069B23F079F8F4
S214015E6010B11FFA87F8E2E7236842465879BBF873
S214015E7000304946C3F1FF039BB20193238A009386
S214015E80069BFFF797FC8928EBD121F0E4FD012062
S214015E900BB0BDE8F08F4FF0000B0420FFF7E2FDDA
S214015EA0F31E0893089B984552D3BBF1000FECD123
S214015EB0E37B94F81480002B0CBF02220422624B71
S214015EC01A804FF0000B0420FFF7CCFD5F4608F167
S214015ED0030A564540F29D8032464146284621F047
S214015EE0D9FC05EB08039B78F21EAA44A2EB080234
S214015EF007905146184692B2099320F0EBFF08909E
S214015F00002879D02268099B5079CDE901A3238A1C
S214015F1049460093DDE9063221F00BFB82464A46EC
S214015F200020079B4949FFF78FFEBAF1000F55D1B4
S214015F300BF10103504646495FFA83FBFFF76AFE01
S214015F40089B08F1030813FA88F81FFA88F8BEE7D9
S214015F5032464146284621F09DFC05EB08039F7812
S214015F60089B08F10301A3EB08022944824692B27A
S214015F703846099120F0AEFF079068B32368099967
S214015F80587902970191238A524600934946069B07
S214015F9021F01FFB0746B8B10BF1010338465FFA43
S214015FA083FBFFF75FFD504621F037FC53464A4618
S214015FB000202649FFF72EFE3A4600202549FFF726
S214015FC029FE802F3FF471AF079B08F1030813FAEF
S214015FD088F81FFA88F865E78027DDE75046FFF75F
S214015FE041FD079821F019FC013752460020194956
S214015FF0FFB2FFF70FFEA3E78720FFF733FD0798F1
S21401600021F00BFC0137872212490898FFB2FFF7EF
S21401601001FE059B052B3FF43AAF002F7FF435AF09
S214016020BBF1000F05D10C495846FFF7F3FD80215F
S214016030B2E63846FFF716FD27E700BF93F10300E7
S214016040533C0400A03C0400005700205D3C0400C3
S214016050A03B0400793C0400833C04000599A84A4F
S214016060A84B0020152918BF1346CDF80090A64A64
S214016070A649FFF7CFFD059B0C2B14BF16200D205C
S214016080FFF7F0FC32462846394621F003FC059B13
S2140160903D440C2B0646AD7835D1192D28BF192560
S2140160A0E37BB3B14FF6FF73278A9F4211D1206875
S2140160B032464946069B4079FFF70AF9B84208D0AE
S2140160C0BAF1000F05D020828AF80000000A8AF88B
S2140160D001000020BBF80070FFF7C4FC23683246BD
S2140160E05879059B4946A3F1150CDCF1000343EBF7
S2140160F00C03CDE90153238A0093069B21F08DF909
S214016100834BD855C1E6132D28BF1325C8E7204673
S214016110FDF776FB00287FF4BAAE81213CE62046E7
S214016120FDF722F8F6E7B9F10A0F05EB0708A6EB2B
S214016130070A21D1DFF8DCB19BF80030E3B1E37B3D
S214016140D3B9BAF1080F17D132463946284621F09D
S214016150A1FB88B998F8023073B998F80320E22AAF
S2140161600AD13246391D2846059321F090FB21F0CD
S2140161705DFC059B8BF80030414648461FFA8AF2C3
S21401618022F0E9FE00287FF482AE002104E6F21B2D
S214016190484692B2E91921F03AFBF3E7F21B48466A
S2140161A092B2E91921F0F4FAECE7F21B484692B2F2
S2140161B0E91921F019FBE5E7F21B484692B2E91905
S2140161C022F0CBFEDEE72368EE5D5879238A01379D
S2140161D0ED5D0193069B3246494600932B4621F01E
S2140161E05BF82A463146484621F0D4FA4FE6059830
S2140161F07A1CE95DB31AA0F11606704270410039A7
S214016200009018BF012148469BB22A4421F0C4FAE7
S214016210B8E7059BEE5D112B3D446F7838D112200F
S214016220FFF720FC0025E37BB3B14FF6FF73B4F80C
S2140162301080984510D133464A4621462846FEF737
S214016240C9FF404508D0BAF1000F05D020828AF870
S2140162500000000A8AF80100BBF80080DFF8B0A051
S214016260C8F1FE0292B208F10103009253444A4675
S21401627021462846CDE90267CDF804B0FEF7E2FFD5
S214016280BBF800300AF808000133ABF80030FCE533
S2140162901420FFF7E7FB0125C5E77B1C9E422CD3A4
S2140162A0EF5D1D44003F18BF0127F31A9EB2334627
S2140162B02A4639460020FFF71BFD00962B463A4634
S2140162C04846218A21F06CFA5CE77B1C9E4214D377
S2140162D0EF5DF61A003F18BF01271D44B6B23346DC
S2140162E02A4639460120FFF703FD00962B463A461B
S2140162F04846218A21F052FA44E70020C8E500BF4B
S214016300B93904004E3C0400943C04009E3C040051
S2140163104A6100204962002038B54FF6FB750446F5
S214016320A9424FF001019DF8100098BF43F40043C5
S214016330217023816260A07202230020084A094965
S214016340FFF768FCE07A084B40F6CA0203EB401000
S214016350FF211FF0B9FCBDE83840042021F00EBA39
S214016360AE3C0400B93C04008441002030B505462B
S21401637085B028B91D4905B0BDE83040FFF74ABCD5
S2140163800024007B21F09CFA2046194A19492C70FA
S214016390FFF740FC184BE87AFF2103EB40101FF093
S2140163A0A4FC2046154B02019A5C22B90130042850
S2140163B0F9D121F022FA696899B1B5F908302A892C
S2140163C09B1303F002038DF80430C2F30E03ADF8FD
S2140163D006304FF6FF73ADF80830002301A803938B
S2140163E0884705B0BDE8304021F06FBAE43C0400B0
S2140163F0AE3C0400163D04008441002044410020C8
S2140164000948037873B91946084AD3720133042B35
S2140164101173117051601181917202F11002F4D161
S21401642001230370704700BF4A62002044410020E8
S21401643008B5FFF7E5FF002305491A018A5C01EB61
S21401644003101AB10133042BF7D1002008BD00BF99
S2140164504441002070B50D460646FFF7D1FF0023E4
S214016460094800EB0514A17AB14205D1217819B18A
S2140164702B4400EB031070BD0133042B04F1100410
S214016480F1D10020F7E700BF4441002010B50446D3
S214016490FFF7B6FF0E4B9C4212D003F12002944246
S2140164A010D003F1400294420ED060339C420DD1CD
S2140164B00323084800EB0310BDE81040FFF756BF62
S2140164C00023F6E70123F4E70223F2E70020F3E7CF
S2140164D0844100204441002070B50024064D074E3B
S2140164E02846324600210134F8F71EF8042C05F13F
S2140164F02005F5D170BD00BF844100208D640100E8
S2140165002DE9F34105460C4617469846FFF790FFDE
S214016510064640B91C4A1D49FFF77CFB022420466B
S21401652002B0BDE8F0814FF6FB739D420AD94FF6E3
S214016530FD739D4204D00020134A1549FFF76AFBFC
S2140165404FF6FD75434621463A46284621F056FA4F
S214016550044600F02FFE804634B1234600200A4A46
S2140165600C49FFF757FBDAE73B462046064A0A493D
S214016570FFF750FB062329463046089ACDF80080DF
S214016580FFF7CAFECBE700BFAE3C0400233D040084
S2140165904D3D0400823D0400AB3D0400F7B50646C0
S2140165A00C461746FFF744FF054638B9104A11490D
S2140165B0FFF730FB0224204603B0F0BD21464FF41E
S2140165C08A52304621F0E2FB044600F0F3FD34B176
S2140165D023460020064A0849FFF71CFBEBE700901C
S2140165E004233A4631462846FFF796FEE3E700BF06
S2140165F0AE3C0400233D0400D33D0400F7B5064637
S2140166000F46FFF715FF054638B9104A1049FFF740
S21401661001FB0224204603B0F0BD002240231146B0
S214016620304621F092FD044621F08DFD34B123461B
S2140166300020064A0749FFF7EDFAEBE70090012331
S2140166403A4631462846FFF767FEE3E7AE3C0400CC
S214016650233D0400063E040073B504460E46FFF7CC
S214016660E7FE054638B9104A1049FFF7D3FA022467
S214016670204602B070BD00222046114621F067FD7B
S214016680044621F060FD34B123460020064A08493D
S214016690FFF7C0FAECE70090234632464FF6FC714E
S2140166A02846FFF739FEE3E7AE3C0400233D04002D
S2140166B0343E04002DE9F0418846107800219EB052
S2140166C014461D46FFF7C6FE0646002800F0FD806C
S2140166D00778002F7BD0B8F80010002940F0F5802D
S2140166E00389B8F8022043F40040824240F0ED806E
S2140166F0617800296BD1A2F50042062A00F2E580F6
S214016700DFE812F0A100A100E300E3000700B800F3
S2140167106900E3880D3DADF82430238915F00105A5
S214016720ADF8263063798DF82830E37A03F1060256
S21401673014F812208DF814308DF81C2042D10BA9C4
S2140167408E46069104F10C005FFA85FC9C4500F12B
S214016750020009D210F8018C10F802CC01350CEBBE
S214016760082C2EF802CBEFE701EB43011A440891FF
S214016770D2B2590001F10D009A42C0B20BD02518D1
S2140167806D78205C7831694400EB0520013321F8EF
S2140167904C0CDBB2EDE7B6F908203389002AACBF12
S2140167A001220322C3F30E038DF808206288ADF898
S2140167B00A3005ABADF80C20049302A9304621F04F
S2140167C008F904E0424A43490020FFF723FA384615
S2140167D01EB0BDE8F081042D02D83D4A3E49F3E7DC
S2140167E02379053DADB29D42B4F8028002D0384A05
S2140167F03A49E9E73A4A3B4B0020002D08BF1346C9
S2140168003949334ACDF80080FFF704FA05348DF88C
S2140168101450B6F90830069485B1002BACBF01239D
S21401682003238DF82C303389ADF83080C3F30E0383
S214016830ADF82E3005AB0D930BA9BFE7002BACBF0F
S21401684006230523EDE70B2DC7D9D4F80200D4F8AB
S214016850061013F4004F05AA03C20CBF042203223C
S2140168608DF82C206289C3F30E03ADF83020ADF805
S2140168702E30DFE7042DB0D96388ADF830302379A8
S2140168800533DBB29D4206D00020114A1749009518
S214016890FFF7C0F99BE70E4A00201549FFF7BAF942
S2140168A0B6F908203389002AACBF01220322C3F3BC
S2140168B00E03ADF82E3005AB0D93631D06932379B9
S2140168C08DF82C208DF81430B6E700277FE700BF3F
S2140168D0AE3C0400613E0400893E04009D3E040077
S2140168E051F90300B9390400C43E0400E13E040036
S2140168F0223F0400304BF0B5B0FBF3F24FF4616574
S21401690003FB1200B0FBF5F3DCB205FB13033C25D9
S214016910B3FBF5F3DBB2A0EB04104B71C3EB03132F
S214016920A0EB83004FF4FA630B8040F201134B8017
S21401693001230C711F4600246425204E8871944261
S21401694000D1F0BD91F802C013B1BCF1020F2BD0FB
S21401695006EB0C0010F801ECC87870450BBF01205F
S21401696001300CF1010CC0B208BF81F802C0C8703A
S21401697088780D2816D10B888F7001339BB2980743
S2140169800B8014D1B3FBF5F005FB103080B280B953
S2140169904FF4C870B3FBF0FC00FB1C339BB2B3FA98
S2140169A083F35B090134CAE74FF01D0ED4E70023D9
S2140169B0F8E70123F6E700BF805101005291040079
S2140169C010B5044688B006A9FFF794FF9DF81E305F
S2140169D00A4803939DF81D30049402939DF81C30D9
S2140169E09DF81A200193BDF81830054900930088D8
S2140169F09DF81B30FFF70EF908B010BD10570020A8
S214016A003B3F0400026808B51188154B1980518870
S214016A10598051791971117959714FF48A51D98078
S214016A20D28812F0200F0CBF0A464FF48B528169B0
S214016A30DA800C4A137831B9C0880B4923F0020377
S214016A400880137008BD43F002031370074B15222C
S214016A501846013103F0F6FC002200F8012CF1E79C
S214016A6004570020546200200257002013570020CC
S214016A7010B5184C2368587920F0CDFB0B2822D886
S214016A80154B03EB0010027B237F9A421BD1236830
S214016A90428819888A4205D04FF6FF70814212D18A
S214016AA0120410D42279023A012A06D9A37B63B9CB
S214016AB0BDE810400748FFF747B9198958791FF014
S214016AC0E0FC0028F2D1002010BD0248BDE81040CD
S214016AD0FFF7CCB8084200207440002008B520F02B
S214016AE09AFB0B2896BF024B0020185C08BD00BF1E
S214016AF05962002008B5002020F0E2FEFF2020F0B9
S214016B00BDFB20F0E2FE20F085FDFEF771F90121C4
S214016B100246064803F044FC054BFF21054A064899
S214016B20FEF7C6FEBDE80840FEF708BB5962002026
S214016B3004570020005700204A610020F0B50022CB
S214016B4004464FF6FF750B4F90B237F83060034698
S214016B50AE4201D12846F0BDA64209D1B4F57C4F1C
S214016B60F9D307EBC3035B888B42F4D00029F2D03C
S214016B700132E9E79091040010B50446FFF7DEFF05
S214016B80094A034610884FF6FF72934214BF074A1C
S214016B902246BDE8104017BF02EBC30304495A68FA
S214016BA00449FFF751B800BF105700209091040028
S214016BB05E3F04002E0A0400034B18780130C0B271
S214016BC0187000F07F007047CE6C0020044A1378DE
S214016BD018B143F001031370704703F0FE03FAE7A0
S214016BE054620020014B1870704700BF57620020A6
S214016BF038B1074B1B78012B04D1038843F04003BF
S214016C0003807047022BFCD1038823F04003F7E78B
S214016C105762002068B1074A1378012B07D1064B4B
S214016C201B781370037843F01003037001E0022B06
S214016C30F8D0704756620020556200207FB50121CA
S214016C40264B274E197033780246D90744D4254976
S214016C50096881B10868C1888D0641BF224CE18868
S214016C6041F02001E180C1884C0641BF1E48C18821
S214016C7041F04001C1801D4D1D4928780978400723
S214016C804CBFE97069701B4913F00204098809D0EA
S214016C90164A194820F094FD337823F00203337026
S214016CA004B070BD154B18884FF6FB73984208D890
S214016CB00B46CDE9005201460B4A20461FF058FF0D
S214016CC0EEE74FF6FF73CDE9014200930A46074B04
S214016CD005491FF029FFE3E70020E1E74B620020AA
S214016CE05462002004420020045700204A6100201C
S214016CF0CF6C0020005700201257002002570020BA
S214016D0070B503790446012B0D46164631D88368C3
S214016D101B78DB0600D561B3A37B13B9E37C0B2B91
S214016D2027D00022144B1A80637DB3FA83F35B09E4
S214016D30D800E37BABB9FEF795FEA07CFEF792FE8A
S214016D400B20FEF78FFEE07CFEF78CFE2846FEF752
S214016D5089FE2046FFF756FE3046BDE87040FFF735
S214016D606DBF40F00400FEF77DFE208A20F055FD41
S214016D70E3E7002070BD00BF00570020024B0A4623
S214016D8001461868FFF7BCBF04420020F0B4054670
S214016D9018460F4B0C461B78BDF81010012B0D4EF4
S214016DA001D0377827B1002333700020F0BC70473C
S214016DB00CB9002AF9D143B14FF65743994204D092
S214016DC02B462246F0BC20F0E1BC0120EEE700BFD6
S214016DD0D06C0020586200202DE9F04F684C4FF02F
S214016DE0000A25468446964698460F46654B664EEB
S214016DF083F800A00FCE0FC596E80F0085B085E892
S214016E000F00DDF83C90BDF83830724600933946E5
S214016E1043466046CDE9019400F0DCF8DFF8908146
S214016E20064670B90025FEF7FFFD162200215748D9
S214016E3003F0B6FA00232846C8F8003005B0BDE8CE
S214016E40F08F534BA27CC8F800401A70514B1B7848
S214016E50002B36D020F0ECFD4F4902465046FEF797
S214016E60F3FE22685046537952884C490092A28913
S214016E70FEF7EAFE504620F054FD20B12368218A31
S214016E805888FFF779FEE37B23B10020228A444924
S214016E90FEF7DAFEA36800201A78E37C41490093E6
S214016EA0A37CFEF7D1FE207DA289A168121A0144B7
S214016EB00123002092B2FEF711FE00203A49FEF7A8
S214016EC0A9FE2F48FFF79EFD2D4822F03DF8054606
S214016ED030BBB9F1000F25D12168E0880B880190FD
S214016EE04988BA1E032A00918CBF00220122012183
S214016EF0E07CFFF74BFF38B923685B79FF2B3AD06C
S214016F00FFF7B6FD05468EE72368DB889A06F3D4BD
S214016F100121264C1A48217020F0A3FD84F8009028
S214016F20354680E7B9F814309B07E5D47AE758462A
S214016F30FEF718F882465846FDF760FF88B12368C9
S214016F405046228A598820F069F950B13846FFF731
S214016F5059FD236889F804A083F805A0FFF788FD8A
S214016F6000B9284605460136FDF742FF5FFA86FB63
S214016F705845DCD857E70026014FDFF83890F3E78D
S214016F80084200204B620020709104001257002036
S214016F90CF6C0020CD6C0020773F0400803F0400BA
S214016FA0A13F0400AD3F0400A2F203005862002096
S214016FB004420020045700200023054AD15C814288
S214016FC002D31A44507870470233DBB2F6E700BFAB
S214016FD05E91040073B515462E781A4616F0040F16
S214016FE00CBF032605269E42089C08D9224A23493F
S214016FF000960020FEF70EFE002002B070BDBDF820
S214017000183021712060E380A560A2812B7803F0FF
S2140170100103A3732B7803F00403002B14BF012193
S2140170200021E1732978C1F3C00161754FF00101B8
S214017030217518D0284620F02DFC237D20820233AE
S2140170402375227D531CDBB22375A95C0232D2B2B2
S214017050A1742275EB5CE374A3899A4205D9009268
S2140170600749054AC5E72382EBE7079B0120A36191
S21401707000232377C1E700BFE5F90300F03F0400D2
S2140170800C4004002DE9F7430024204FDFF89C80D4
S214017090DFF89C90E0B220F08CFFFF2805460FD168
S2140170A02346012102201A4AF7F728FD194B01341D
S2140170B018781EF00BFA152CECD103B0BDE8F0835E
S2140170C046B238EA260328BF4B4601210093022028
S2140170D057F82430104AF7F711FD002EE6DA092397
S2140170E0E340DB070AD50D4A0D4B15F0010F18BF1B
S2140170F01A4601210220F7F701FDD7E70A2CD5D160
S214017100084A094B15F0010FF1E700BFA8910400EA
S21401711065400400D16C00208D4004003E40040010
S214017120284004005A4004005040040051F903006E
S214017130B939040008B554220021024803F030F999
S214017140002008BD0058002008B55422FF2102483F
S21401715003F026F9002008BDAC570020024B23F8A7
S21401716010100020704700BFAC570020002310B459
S214017170074ADCB2A14203D85DF8044BFFF7DABF39
S2140171802A2BF9D032F8024B20F813400133F0E7EE
S21401719000580020002310B5054A994201DD2A2B2C
S2140171A000D110BD32F8024B20F813400133F4E74A
S2140171B000580020024B187800F07F00704700BF8F
S2140171C065620020034B18780130C0B2187000F0D9
S2140171D07F0070476562002030B51C4600238BB0E7
S2140171E0ADF82220021D92B2012A0E9DADF8203084
S2140171F0ADF81E10ADF81C3003D94FF6FF72904261
S2140172000FD10022CDE90352CDE90124094B0146F5
S2140172101B784FF6FF70009307AB20F0E8FE0BB02B
S21401722030BD0146CDE901531846009407AA20F067
S214017230FAFEF4E7D26C002038B505464FF48050CC
S2140172400C4603F0B3FA4FF480532860236030B93C
S21401725040F2A511BDE83840014827F0EBB838BD2B
S2140172607C41040000487047DE5A0020014B187824
S214017270704700BFEE6C0020014B1888704700BFB6
S214017280746C0020014B1878704700BFE76C002033
S214017290014B1878704700BFDE6C0020014B187850
S2140172A0704700BFE16C0020014B1878704700BFA3
S2140172B06A620020014B1870704700BF6A620020A6
S2140172C0014B1878704700BF69620020014B1870A7
S2140172D0704700BF69620020014B1878704700BFF5
S2140172E0E26C0020014B1888704700BF726C0020CA
S2140172F02DE9F74F414B424A0193424BDFF8449147
S2140173001B78DFF84481DFF844E1DFF844C13E4FE3
S2140173103E4E3F4D3F49404802EB431A019B5245C2
S21401732003F1200309F1200908F120080EF1200ECF
S2140173300CF1200C07F1200706F1200605F12005C7
S21401734001930FD100221146344B324D1C78344E36
S214017350344B314FD0B2844203F1200346D803B0F8
S214017360BDE8F08F304B314C5360002349E90743A9
S2140173702F4CDFF8E0B048E907432E4CC2E9023053
S2140173804EE907432C4C11604CE907432B4C136123
S21401739047E907432A4C49E9050348E905034EE94D
S2140173A005034CE9050347E9050349F8201C48F89D
S2140173B0201C4EF8201C4CF8201C47F8201C46F8D0
S2140173C0201C46E90743019C45E907B3DFF888B06E
S2140173D046E9050345E9050344E907B344E905031E
S2140173E045F8201C44F8201C203297E743E908564C
S2140173F043E9061743F8101C0132ABE7504500205D
S21401740070460020F56C0020B04500209045002015
S21401741070450020EC540020B9390400EC6C0020C3
S2140174205DBA0200F0450020B5630200A5A6030080
S214017430157802003D030300FFB60300FD9A020023
S2140174405D7F030050460020304600201046002095
S214017450D04500206D300300B9600200002208B557
S214017460074B1A605A6020F060FD064B187020F03A
S2140174705CFD054B1870054B1A78054B1A7008BD54
S2140174808E540020C5620020C4620020DF6C0020FC
S214017490C3620020002100B593B008466A460AF090
S2140174A0FBF90146C8B90E4B0E4A09930E4B0D92D5
S2140174B00A930E4A0E4B0E920B930E4A0E4BCDE9D3
S2140174C00F230C930D4B6A4611930AF09BFC003870
S2140174D018BF012013B05DF804FB0120FAE700BFD6
S2140174E0B9A10300B1710200BDA30300E13A020095
S2140174F09F7F0300B18802001DA40300016C0200F7
S214017500084B1878112806D8012809D9064BC3401C
S21401751003F001007047A0F14303584258417047F9
S21401752000207047C76200203400020008B5064BF1
S2140175301B78013B022B05D80020FFF7E1FF01383D
S214017540C0B208BDFF20FCE7C8620020044B00F172
S214017550100250F8041B904243F8041BF9D17047FF
S214017560C9620020044B03F1100253F8041B934236
S21401757040F8041BF9D17047C962002030B50024D9
S21401758091B0114B0546214614220BA8CDE90943BB
S21401759002F006FF102209ABCDE900440693CDE9BF
S2140175A00452CDE90252094B09490AA81DF08DFB88
S2140175B004460AA821F06FFA1CB1A021054826F05E
S2140175C039FF11B030BD00BF0024800000444004E4
S2140175D0C96200200742040070B5002490B0154B24
S2140175E005460E46142221460BA8CDE9094302F0B2
S2140175F0D7FE102209ABCDE9004406933146CDE90A
S2140176000452CDE902520C4B0AA81DF05EFB04465B
S2140176100AA821F040FA1CB1BA21084826F00AFF50
S214017620099B102B03D0BB21044826F003FF10B0A2
S21401763070BD00BF002480000044400407420400DF
S21401764030B50D4600218FB0124B0446142209A80E
S214017650CDE9071302F0A4FE102207ABCDE90242E2
S214017660CDE90042049329460B4B08A81DF02FFBD9
S214017670044608A821F00FFA1CB1D121074826F0CC
S214017680D9FE079B102B03D0D221044826F0D2FE48
S2140176900FB030BD002480000044400407420400BF
S2140176A0014B93F95A007047245400200022034BE3
S2140176B01870034B1970034B1A707047DA6200207A
S2140176C0DB620020D96200202DE9F04FDFF89080C0
S2140176D0064698F800300D4685B0002B3AD04FF696
S2140176E0FB73984236D84FF0000B1C4FDFF874A09E
S2140176F03C7898F800305FFA8BF94B459AF8000011
S21401770011D9484402AA0DF10601C0B216F028FAB2
S214017710082229460DEB020003F08EF90BF1010B4E
S2140177200028E6D14C463B78A34208D198F80020C1
S214017730631CDBB29A423B7004BF00233B703246A7
S21401774029469AF800301C44E0B205B0BDE8F04F77
S21401775016F0F4BA05B0BDE8F08F00BFD96200207C
S214017760DB620020DA6200202DE9F74F06460D465F
S21401777014461F464FF0010BDFF8789003F10C0A10
S21401778015B903B0BDE8F08F102DA84628BF4FF0FD
S21401779010083A46164B5FFA88F152F8040B524528
S2140177A043F8040BF9D101919AF8002011481A7098
S2140177B0002389F80F4089F800B089F80E30FFF7EA
S2140177C0DDFE324601340B480199E4B212F801CBD2
S2140177D010F8013B83EA0C0302F8013C931BDBB271
S2140177E08B42F3D3A5EB080816461FFA88F5C7E7C0
S2140177F0DD620020DC6200202DE9F04F90469146C4
S21401780085B00090981A029383B20193009B0F46AD
S214017810354903F10C0453F8045BA34241F8045BB9
S214017820F9D11B78314E0B7049233370019BF073ED
S2140178301B0A3046B373FFF7A1FE0221BB460D4675
S214017840737888EA030373704FF0000A1DE0C5F1F0
S2140178501004A9EB0A039BB2A4B29C4228BF1C46A3
S21401786000231FFA83FCE8186445C0B21FD82544DC
S214017870EDB2A344102D54441FFA84FA05D1002515
S21401788030460391FFF77AFE0399D145DFD807EB1F
S214017890080B25B115480391FFF770FE03990129DE
S2140178A04FF000050DD00121DDF80490CCE71BF860
S2140178B003C016F800E001338CEA0E0C06F800C08F
S2140178C0CFE7029B09491F44094B38461C782246DC
S2140178D002F0F6FE2A4621463846009B05B0BDE872
S2140178E0F04FFFF741BF00BFDD620020DC620020E1
S2140178F0F66C002030B540780C4601284FF0110395
S21401790087B001F1100516D1144A01A90BF002F84F
S214017910234601AC224618685968083303C2AB42B5
S2140179201446F7D111230D4A002001A90AF0F2FFEF
S214017930002007B030BD0120094A01A90AF0EAFF7C
S214017940234601AC224618685968083303C2AB4285
S2140179501446F7D11123024AE6E700BF75E4010099
S21401796079EB010030B50C46407887B001284FF01E
S21401797011030DBF0B4A0C4A012001A918BF01A92A
S2140179800AF0C8FF234601AA05AD144603CCAC4253
S21401799018605960224603F10803F6D1002007B0AB
S2140179A030BD00BF75E4010079EB010010B50C464F
S2140179B088B01A230C4A01A901200AF0ABFF214620
S2140179C00DF10E0304F1100251F8040B914243F835
S2140179D0040BF9D11A230020034A01A90AF09AFFE1
S2140179E0002008B010BD00BF24E10100F0B58BB047
S2140179F004460D4622F055FBA8B101A813F082FEFD
S214017A0088B1667B271D16F0020F05D0082238467E
S214017A1001A903F011F8D0B901AB46F0020603CB79
S214017A206060796066731A230A4A03A901200AF086
S214017A3071FF29460DF116030DF1260253F8040BCA
S214017A40934241F8040BF9D100200BB0F0BD2D2074
S214017A50FBE700BF24E10100F0B50546071D002243
S214017A600C463846082193B022F0ADFA6A7B0646EA
S214017A70D0070BD5687808A920F03EFFDDF83D3029
S214017A806B60DDF841307B6080B10BE0910709D572
S214017A90D2000121384602F0800220F03AFFFF288A
S214017AA0687002D12D2013B0F0BDD6B1687801A957
S214017AB020F0B7FE9DF81C305B0604D54FF4C67166
S214017AC00A4826F0B7FC234603AD07AC2A4603CA8C
S214017AD0A24218605960154603F10803F6D100204A
S214017AE0E1E708A920F008FFCEE700BF85420400C1
S214017AF02DE9F04106468AB01F480F461546002478
S214017B00FFF730FD002C01A914BF4FF05C0C4FF0BD
S214017B10360C10238846184A12F8010B013B8CEAF2
S214017B20000013F0FF0301F8010BF5D105A823F0BF
S214017B30B0F84246102105A823F0AFF8C4B939467B
S214017B40324605A823F011F92A460DF1140C0DF161
S214017B50240E634603CB7345106051609C4602F1C8
S214017B600802F6D114B10AB0BDE8F0810124C9E7D4
S214017B702A461021E5E700BF0C6300202DE9F047F7
S214017B8091460D46C0B09DF82041DDF828811E467D
S214017B90DFF87CA09DF82431074622464946404638
S214017BA08AF8003002F08CFD9DB1234632464146EC
S214017BB03846FFF721FEB44207D9A11B3B460122F6
S214017BC089B208EB0600FFF7CFFD002040B0BDE804
S214017BD0F087A11B3B46012289B208EB0600FFF79E
S214017BE0C3FD22464146684602F06AFD32466946B2
S214017BF038462346FFF700FE9AF800200DEB0401F5
S214017C0009EB040002F018FF0028DED02C20DDE787
S214017C10F66C002038B50346104601F1100451F801
S214017C20045BA14242F8045BF9D104491BB1FFF79A
S214017C30D3FC002038BDFFF703FDFAE70C630020F4
S214017C4030B5054689B0694620F060FC6B8804AC07
S214017C50ABB122462946684620F0F8FB0E4A08AD2D
S214017C60234603CBAB42106051601C4602F108026A
S214017C70F6D10948FFF76AFC002009B030BD6B4613
S214017C80054D1A4603CAA24228606960134605F1EB
S214017C900805F6D1EDE700BF0C63002050B10B4B91
S214017CA00B4A03F1100153F8040B8B4242F8040B04
S214017CB0F9D17047064B054A03F1100153F8040B3E
S214017CC08B4242F8040BF9D1704700BF0C630020C9
S214017CD0EC62002008B51022024802F0B3FB002037
S214017CE008BD00BFFC62002008B508461022024904
S214017CF002F0A8FB002008BDFC62002010B5044677
S214017D0086B001A9114A112301200AF003FE9DF84D
S214017D10143001A8E37023F0B2FB80F001000C4A96
S214017D2001A96070112301200AF0F4FD9DF81430BA
S214017D3001A8A37023F0A3FB80F00100207012F0CD
S214017D406DF86060002006B010BD00BF75E401004C
S214017D5079EB010010B5044686B01123134A0120C1
S214017D6001A90AF0D7FDA3789DF814209A4207D0FE
S214017D708DF81430002011230C4A01A90AF0CAFD1F
S214017D8011230B4A012001A90AF0C4FDE3789DF8EE
S214017D9014209A4207D08DF8143000201123044A8B
S214017DA001A90AF0B7FD06B010BD00BF79EB0100CE
S214017DB075E401002DE9F04186B0064603A80C469D
S214017DC014F0EEFC054600284AD1BDF80C309806A2
S214017DD046D510222946204602F0E2FA01A813F001
S214017DE091FCC0B1777B06F1040817F0020F06D0AC
S214017DF00822404601A902F01FFE00282ED101AB41
S214017E0047F0020703CB7060C8F804107773238825
S214017E1043F008032380238843F00203238013F0F2
S214017E2041F8606022F03DF930B10E4B1B68A3604B
S214017E30238843F0040323800B4B1A68D1035EBFEB
S214017E40238843F010032380130203D5238843F4C9
S214017E5000632380284606B0BDE8F0812D25F9E7AA
S214017E602425F7E7A0460020A446002010B5D0E957
S214017E70023253F8223090B01C68402269462046F0
S214017E8020F0ADFD034630B1224600200549FDF73E
S214017E90C1FE10B010BD012269460820FDF764FE40
S214017EA0F7E700BF1B43040070B500F0B1F80028E7
S214017EB00CBF6E22792200201349FDF7ABFE00F0BD
S214017EC0A7F8F0B120F09FFD00280CBF6E227922A2
S214017ED000200E49FDF79EFE082200200C49FDF702
S214017EE099FE00250B4C0C4E234654F8042C3146C3
S214017EF000200335FDF78EFE182D04F10C04F3D196
S214017F0070BD3F22E4E700BF534304006A43040008
S214017F107A430400C84700209943040070B520F056
S214017F2057FD044621490020FDF774FE2CB9204672
S214017F30BDE870401E49FDF76DBE00F0BBF8054672
S214017F401C4B62690020002A08BF1A461A49266897
S214017F50FDF760FEA28800201849FDF75BFE184970
S214017F60E2880020FDF756FEA388228913F0100050
S214017F701ABF002013491449FDF74CFEE2680020A1
S214017F801249FDF747FE226900201149FDF742FE1E
S214017F90104A114B0020B6F5817F38BF13460F49B2
S214017FA02A46BDE87040FDF735BE00BFCE4304004B
S214017FB0DB430400CB120400FC4304001A44040013
S214017FC03B440400584404007544040093440400F0
S214017FD0B1440400C6430400BC430400CF4404007B
S214017FE038B5014600230C25084A05FB03F4A01802
S214017FF01459013404D10C2202F024FA002038BDB1
S2140180000133082BF1D10120F9E700BFC447002056
S214018010034B1878012894BF00200120704700BF49
S2140180201E63002038B50446044D2878A04203D0CC
S214018030214620F0ADFC2C7038BD00BF1E63002029
S21401804000B58FB03422002101A802F0A9F901A8D9
S214018050EEF7E0FF0598D0B182680E4BB2F5803F8F
S21401806034BF92B2C2F38F2241881A81028828BF98
S21401807041F010011A6042689980DA80C268DA60BD
S21401808002691A6142695A61027E18461A760FB071
S2140180905DF804FB48470020054B1B7820B1012BF7
S2140180A004D80220FFF7BEBF012BFBD8704700BFE4
S2140180B01E63002010B5084C237853B920F088FCC5
S2140180C00123237028B10368B3F5817F24BF037EA3
S2140180D02370207810BD00BF1D63002070B5184BBB
S2140180E01B78012B2BD820F056FC164D024616495C
S2140180F00020FDF78FFD0120FFF7CEFF2E78FF2E23
S2140181001DD1FFF79DFFC8B1848860223146C4F3B4
S21401811040040E482C7002F043F9602231460C48A8
S21401812002F03EF95CB1FFF7C5FF042807D9BDE8A8
S214018130704040F22B11074826F07CB9287070BDBC
S2140181401E630020F76C0020F2440400C4470020A0
S21401815064470020044504002DE9F04FDFF88492BF
S2140181608DB003AB07468846144699E8070083E8B6
S2140181700700FFF7B3FFFFF79DFF944B06461D78F8
S2140181804B46012D40F07081012840F27281B7FB09
S214018190F0F200FB1272002A00F06B818C4900227B
S2140181A08B46D1F800C0BCF1FF3F04D0087A60448A
S2140181B0874200F019810132082A01F10C01F0D141
S2140181C093E8070006AE0DF1240A86E807008AE860
S2140181D00700FFF76FFFB7FBF0FB00FB1B7BA0EB75
S2140181E00B094A46414606460AA809978DF82C907F
S2140181F002F066FA00224FF00C0E764902E00132D8
S214018200082A0ED00EFB02F000EB010C08580130D4
S214018210F5D19AE807008CE807006F490A78013221
S2140182200A70A14504DD4FF4E2716C4826F002F9AC
S214018230A41B5C444F44A1B217FA84F4B4FBF6F2D3
S21401824006FB1242C8448E1A91B1A41A08EB060125
S21401825007A88DF82020069402F032FA06A8FFF748
S214018260BFFEFF2804D140F2D9115C4826F0E2F89F
S214018270B6B2B6B10320FFF7D5FE802E0AD8324635
S2140182804146574802F01CFA32463846544920F017
S2140182908AFB05460220FFF7C5FE28460DB0BDE85D
S2140182A0F08F0025F9E74FF40E714C4826F0C2F81E
S2140182B0464B1B78012B00F0E380002C36D00320C0
S2140182C0FFF7B0FE802C2FD822464146444802F0E4
S2140182D0F7F922463846424920F065FB054602205A
S2140182E0FFF7A0FEDFF8F09099F8003093B1039CF9
S2140182F0FFF7E0FE374B002798461A68511C04D05A
S214018300197A411A521A944224D00137082F03F1E0
S2140183100C03F2D1002DC0D1039B0133C1D003A8B9
S214018320FFF75EFE0546B8E70125D8E72546D9E7FB
S21401833040F26D21294826F07DF8012524E0012D23
S21401834030D0802E2FD832462549039820F02BFBBB
S214018350054628E0002DA0D10C247C4308EB04033D
S2140183609DF814A093F808B00AEB0B03802BDFDC12
S2140183701B4B524604A9184602F0A2F9211D5A4683
S2140183804144504402F09CF90C2303FB07839DF8FB
S21401839014201B7A13449E42D1D040F273210F4819
S2140183A026F048F801250220FFF73CFE99F8003038
S2140183B013B1013B89F800304FF0FF3308EB04029C
S2140183C048F80430C2E9013367E700BFF76C0020C4
S2140183D0C4470020644700201C63002004450400B5
S2140183E0C84600200C9204004FF00C0A0AFB02B3A8
S2140183F0187AA6EB00095FFA89F9A14501D35FFA5D
S21401840084F90AFB02FA0AF1040528444A46414661
S214018410584402F055F90BEB0A031A7AA4EB090447
S2140184204A44D2B2B242A4B21A7219D103200193BD
S214018430FFF7F8FD32460BEB05015BF80A0020F06A
S214018440B2FA05460220FFF7EDFD4FF0FF32019B21
S2140184504BF80A20C3E90122002D7FF41EAFC84461
S214018460002C3FF41EAF4F44104B1B78012B7FF4BA
S21401847024AFB7FBF6F306FB1373002B7FF413AFA1
S214018480E319B3FBF6F506FB1535002D3FF415AFE2
S214018490641B5B1B08EB04012A4604A80393A4B2E1
S2140184A002F00EF98DF8145007E700BFF76C0020B4
S2140184B070B5134B1B78012B0CD1FFF70FFE00266E
S2140184C0104D55F8043C013306D10336182E05F13C
S2140184D00C05F6D1002411E00320FFF7A3FD55F8A3
S2140184E0044CFFF7E7FD29460246204620F05BFADA
S2140184F004460220FFF796FD002CE6D0204670BD0C
S214018500F76C0020C847002070B505460C46FFF7FB
S214018510E5FD0520FFF786FD2146284620F051FAA5
S21401852006460220FFF77EFD00220A4B2C441968FE
S214018530481C08D0A94206D3A1423EBF4FF0FF31E6
S214018540C3E9001199600332182A03F10C03EED136
S214018550304670BDC4470020D0E9023253F82230BD
S21401856010B51C68204600F095FA28B12146BDE8F2
S2140185701040024800F002BE10BD00BF8245040054
S21401858008B5D0E9023253F82230186800F06CF9C9
S21401859020B1BDE80840024800F0F0BD08BD00BFAC
S2140185A0A44504002DE9F041D0E9023253F8221027
S2140185B003EB82035B680F681D789AB0642D04D9BB
S2140185C06421114800F0DAFD64252A46384601A9DF
S2140185D000F002F9044698B90C4800F0CFFDDFF828
S2140185E0348001AE013DA54202DC1AB0BDE8F0813F
S2140185F03919404616F8012B00F0C0FD0134F2E7A8
S214018600034800F0BBFDF0E7C7450400E74504005A
S21401861011460400FE4504002DE9F04700252D4FC4
S214018620DFF8E080DFF8E0908CB0284603A900F080
S214018630EFF810B10CB0BDE8F087049B2946039A09
S2140186400093384600F09AFD404600F097FD0599E4
S21401865010290CD810290CD8DFE801F00F14320BC2
S214018660340B0B0B360B0B0B0B0B0B0B3A002029A9
S2140186702CD0194800F082FD07E0184800F07EFD76
S2140186800135D2E7164800F079FD0699484600F014
S21401869075FD0799134800F071FD134800F06EFD53
S2140186A01024DFF868A00DF11F06504616F8011FCA
S2140186B0013C00F063FD14F0FF04F6D10B48DDE742
S2140186C00B48E0E70B48DEE70B48DCE70B48DAE748
S2140186D00B48D8E72C460400D14604008146040026
S2140186E091460400F74604000F470400CBEB030055
S2140186F099460400A1460400AA460400B5460400B3
S214018700CC46040070460400E046040020470400FE
S21401871010B50B4C8EB023785BB9EEF7F5FB01462E
S21401872050B9012301A82370EEF774FC054B049A97
S2140187301A6020780EB010BD034800F01FFDF8E760
S2140187401F630020084B00202647040000B58FB0A9
S214018750FFF7DEFF002829D001A8EEF75BFC059B9A
S2140187601448198800F00AFD059B13485969134BF4
S214018770002908BF194600F001FD059B10485988DD
S21401878000F0FCFC059B0F48196900F0F7FC059BFF
S2140187900D48D96800F0F2FC059B0C48197E00F0E4
S2140187A0EDFC0B4B0B48196800F0E8FC0FB05DF8C8
S2140187B004FB00BF6347040075470400CB120400A6
S2140187C0874704009B470400AF470400C3470400E3
S2140187D0084B0020D747040070B5064615460C46E0
S2140187E079B172B1FFF794FF68B121462A46304647
S2140187F0EEF71AFD014618B1044800F0BFFC01204F
S21401880070BD2120FCE71120FAE700BFE94704000C
S21401881037B505460C46FFF77BFFE0B1114B1B68E9
S214018820AB421AD9CCB100212422204601F0B8FD72
S214018830214628461BF0A1FA88B9284601AA04F168
S2140188400801EEF7A3FC20B140F20643C01A18BF98
S214018850012003B030BD1120FBE72120F9E70120FC
S214018860F7E700BF084B0020F0B593B00546FFF7C9
S2140188704FFF002845D0254B1A68AA4207D829463B
S2140188802348013A00F07AFC212013B0F0BD05A878
S214018890EEF7C0FB284603A91BF06FFA98BB049AB3
S2140188A022F4FF57C2F30C0327F01F072BB14FF436
S2140188B000532946174800F061FC039E7FB125F05E
S2140188C0C6FD30464FF40051EEF73AFD33460446F6
S2140188D006F5005650B9039BF31ABB42EFD32A465E
S2140188E039460D4800F04AFC002406E000902A466E
S2140188F04FF40051094800F041FC201E18BF01202A
S214018900C3E71120C1E70120BFE700BF084B0020E5
S21401891017480400C548040084490400334904008C
S21401892010B5044638B1FFF7F3FE30B10020044B12
S2140189301B68236010BD2120FCE71120FAE700BF69
S214018940084B002010B50446FFF7E2FEB0B10C4B11
S2140189501A68A24206D821460A48013A00F00EFCDF
S214018960212010BD25F073FD40F2C12220460649A4
S214018970EEF7CCFB003818BF0120F2E71120F0E734
S214018980084B0020174804004448002010B5044650
S214018990FFF7BEFE70B121460848EEF7D7FB40F25E
S2140189A00323984208D040F2012398420CBF0520C9
S2140189B0012010BD1120FCE70020FAE74448002002
S2140189C02DE9F0412D4D04462F68FFF7A1FE002842
S2140189D051D02968A14207D84A1E2948214600F0ED
S2140189E0CDFB2120BDE8F0812648EEF76FFBDFF8CE
S2140189F094800246B0B943462E68964222D1BE42C2
S214018A0014BF3A4606F1FF3212BB31461D48C8F87C
S214018A100040EEF73BFB014600B31B4800F0AEFBFF
S214018A200120DFE72046EEF711FB044638B1014688
S214018A30164800F0A3FB201E18BF0120D2E7EEF770
S214018A4061F9F8E753F8041B8C42DDD00132D4E714
S214018A500C499200081D01F0F5FCD6E72968094883
S214018A60EEF734FB044610B101460948D6E7EEF7A7
S214018A7049F92046B6E71120B4E700BF084B0020AD
S214018A801748040024480020CA490400A0490400ED
S214018A90FD490400F8B50446FFF73AFE002845D024
S214018AA0234B1A68A24207D821462248013A00F011
S214018AB065FB21242046F8BD1F4800F05FFB25F02A
S214018AC0C6FC40F2C1221D492046EEF71FFB40F2CC
S214018AD00327054625F0BBFC184E65B140F203237B
S214018AE09D421AD02946164800F048FB0124154835
S214018AF000F044FBDEE725F0AAFC29463046EEF7F7
S214018B0025FBB84209D040F20123984203D10E4812
S214018B1000F034FBE1E70546DFE721460B4800F0AD
S214018B202DFB2046FFF74CFF0446E0E71124C1E782
S214018B30084B002017480400344A0400444800202B
S214018B40544A0400CBEB0300D71E04006C4A040011
S214018B5010B50A46044619B1024B00211B68984716
S214018B6010BD00BF1892040010B5114C23785807A9
S214018B7044BF23F0040323702378990705D500F03A
S214018B805DF8237823F00203237063781BB100237A
S214018B90084A636053600023082106486370FFF7A4
S214018BA0D7FF2378DA0744BF23F00103237010BDF3
S214018BB00C4B0020104B002038B51A4C62782378F5
S214018BC0022A01D1072B11D0DD0712D52378980789
S214018BD007D400F02BF82378054643F002032370F0
S214018BE080B96278237882B15A0716D500252846BF
S214018BF038BD1BF0E8FF2378054643F001032370D8
S214018C000028E3D0FFF7B0FFF1E7D907ECD5064916
S214018C1062604A6002226270E6E743F00403237052
S214018C20E4E700BF0C4B0020104B00200122024B52
S214018C30002083F8F0207047184B00202DE9F04102
S214018C400A4C002526464FF0010803272046C4F8A3
S214018C501C80277601351FF001FF062D04F128043C
S214018C60F4D1002386F8F030BDE8F081184B0020DF
S214018C702DE9F04F984691B00B1E0A93B44B9146DE
S214018C8014BF83469B4600251A9E98F8000070B9CB
S214018C904D4538BF2A464B464FF000000A9928BF7B
S214018CA009F1FF32D847284611B0BDE8F08F2528D4
S214018CB008F1010806D02A464B460A996C1CD8478B
S214018CC02546E2E70023414611F8012B2B2A16D050
S214018CD00AD8202A16D0232A17D0A2F13000092854
S214018CE034D800270A2418E02D2A05D0302AF4D1DA
S214018CF043F001038846E6E743F00203FAE743F050
S214018D000403F7E743F00803F4E743F01003F1E741
S214018D10884604FB0722A2F13007414611F8012BD1
S214018D20A2F130000928F3D998F800202E2A52D152
S214018D3098F8011008F10102A1F13000092843F466
S214018D4080633ED800244FF00A0E11E02A2A08D18B
S214018D5056F8047B8846002FBCBF43F002037F42CF
S214018D60E2E70027E0E702460EFB0411A1F130041A
S214018D70104610F8011BA1F1300CBCF1090FF2D915
S214018D809046424612F8011B6C292DD025D8682939
S214018D9033D06A293BD04246904618F8010B672823
S214018DA060D8572836D8452808D084D9462800F0F8
S214018DB0188147287FF47FAF43F4006343F0200314
S214018DC027E12A2906D156F8044B08F1020824EABD
S214018DD0E474D6E790460024D3E7742901D07A29B3
S214018DE0D9D143F48073D7E798F801106C29F8D1EC
S214018DF043F4407308F10202CEE798F8011068299F
S214018E0002D043F08003C7E743F0C003F2E743F420
S214018E100073C1E7A0F158020F2A3FF64CAF01A13B
S214018E2051F822F0C58E0100B78C0100B78C010005
S214018E30B78C0100B78C0100B78C0100B78C01001C
S214018E40B78C0100B78C0100B78C0100C58E0100FC
S214018E5031900100C58E010007900100E78F0100E7
S214018E6007900100A0F16901C9B20F293FF623AFAF
S214018E70012249F2410C8A4012EA0C0218D10A2951
S214018E8000F0158107297FF416AF43F021030593FF
S214018E900823CDE903431023CDE9012356F8043B0B
S214018EA02A46009358464B460A991FF0C7FEA8E08B
S214018EB06F2800F05E8110D9782808D1102223F09F
S214018EC00C0310E0582839D0622800F054810A2299
S214018ED023F01003642806D0F1E769284FF00A0250
S214018EE023F01003F6D1590548BF23F00103692882
S214018EF003F4007101D0642840D111B3073626F07F
S214018F000706B24670685AF8081BCDE907730023B6
S214018F100593C30F0028029306940B46049202DAC7
S214018F204B4260EB4000CDE900304B462A4658469E
S214018F300A991FF0C5FE05465646A6E643F02003ED
S214018F40BCE7D90506F1040A04D5316805E000BF7F
S214018F509F8A030058060CD53178CDE90224CDE965
S214018F60047300294FEAD1730193B8BF49420091B7
S214018F7020E01906E9D5B6F90010EEE779B1CDE99A
S214018F8007730023CDE9042306F1070A2AF0070A2E
S214018F9006940293FAE80223CDE90023C5E7D80533
S214018FA006F1040A0DD5CDE90473CDE90224019139
S214018FB0336800934B462A4658460A991FF03EFEF0
S214018FC0B9E7590607D53178CDE904730023CDE911
S214018FD002240193CBE7316813F0800F18BF89B2E2
S214018FE0F2E743F02003CDE90173073626F00706C2
S214018FF00094B6EC020B4B462A4658460A99EBF704
S214019000C7FB054641E600F0DF00472801D143F4DF
S2140190100063CDE90173073626F007060094B6EC27
S214019020020B4B462A4658460A99EBF7F5F9E8E74C
S21401903013F0020426D04FF0010A6B1C0B932A464C
S2140190404B460A9916F8040BD84774B354460B9A44
S21401905021E04B4620200A99D8470AEB05020AF17F
S214019060010A5745F5D83A1E18BF0122002A07F112
S214019070FF3308BF002307F1010A1D4408BF4FF064
S214019080020ADAE7A246E8E7551C4B4620200A9971
S214019090D8472A460134BC42F6D3A7EB0A03574504
S2140190A038BF00230B9A1A440B920B9DEDE532460E
S2140190B0002C52F8046B14BF21464FF0FF310B927F
S2140190C032463144107808B1914211D1A2EB060A1A
S2140190D013F480620C9202D0A24528BFA24613F078
S2140190E002030D931BD1AAEB05032A460F9308E052
S2140190F00132E7E7531C0E9320204B460A99D847C6
S2140191000E9A0F9BD318BB42F4D3A7EB0A0357451D
S21401911038BF00230AF101021D4403EB020AAB1B10
S2140191200E9304E01C464B462A460A99D8470E9BE6
S214019130F51816F8010B28B10C9B002BF3D0631E13
S214019140002CEFD10D9B93B12A46AAEB050405E04E
S214019150561C4B4620200A99D84732461319BB4263
S214019160F6D3A7EB0A03574538BF00231D440B9ED1
S2140191708BE50822A3E60222A1E600BF0FB41FB5C5
S21401918006AA52F8043B02A90392009204484FF043
S214019190FF32FFF76DFD05B05DF804EB04B07047D4
S2140191A0618D03001FB5034600914FF0FF3203A9FE
S2140191B00248FFF75DFD05B05DF804FB618D030015
S2140191C01FB5CDE90201009302A9134603484FF0EB
S2140191D0FF32FFF74DFD05B05DF804FB698D030016
S2140191E01FB5094B094A1868094B01A91860094BB4
S2140191F01360094A0192094A1268CDE902231BF05D
S21401920089FD05B05DF804FB24690020E03B0020E1
S214019210E43B002018690020D5800400C84E0020D9
S214019220014B18681BF08ABD2469002038B5F2F797
S21401923067F80446064D2B68D3F8B002F2F754F8E7
S21401924028681BF08EFD2046BDE83840F2F74CB882
S2140192502469002010B51F4CF0F7ACFB236F0120EA
S21401926023F0070343F002032367F0F7B1FBD4F8BA
S2140192702031002023F0070343F00103C4F8203116
S214019280D4F8403123F0030343F00103C4F840311E
S214019290D4F8603123F0030343F00103C4F86031CE
S2140192A0D4F8403223F0030343F00103C4F84032FC
S2140192B0D4F8003223F0070343F00103C4F8003268
S2140192C0D4F8083223F0070343F00103C4F8083248
S2140192D010BD00BF00800050064B1B681A7A022A98
S2140192E001D81AB97047032A00D070471B68024A92
S2140192F01360704728690020C84E00200022024BE8
S2140193005A60DA601A607047CC4E002008B501F04A
S21401931037FF0022014B1A7008BD00BF20630020F2
S2140193200A4601491FF08ABD39AA04000A460149C6
S2140193301FF084BD34AA04000A4601491FF07EBD11
S2140193402DAA04000A4601491FF078BD2AAA040086
S2140193500A4601491FF072BD27AA04000A460149C0
S2140193601FF06CBD22AA04000A4601491FF066BD23
S2140193701DAA04000A4601491FF060BD18AA040090
S2140193800A4601491FF05ABD11AA040081F00041A6
S21401939002E000BF83F0004330B54FEA41044FEAD4
S2140193A0430594EA050F08BF90EA020F1FBF54EA6F
S2140193B0000C55EA020C7FEA645C7FEA655C00F00B
S2140193C0E2804FEA5454D4EB5555B8BF6D420CDDDC
S2140193D02C4480EA020281EA030382EA000083EA5F
S2140193E0010180EA020281EA0303362D88BF30BDFF
S2140193F011F0004F4FEA01314FF4801C4CEA113155
S21401940002D0404261EB410113F0004F4FEA0333B3
S2140194104CEA133302D0524263EB430394EA050F3E
S21401942000F0A780A4F10104D5F1200E0DDB02FAAD
S2140194300EFC22FA05F2801841F1000103FA0EF241
S214019440801843FA05F359410EE0A5F120050EF107
S214019450200E012A03FA0EFC28BF4CF0020C43FA38
S21401946005F3C01851EBE37101F0004507D54FF045
S214019470000EDCF1000C7EEB00006EEB0101B1F595
S214019480801F1BD3B1F5001F0CD349085FEA3000DB
S2140194904FEA3C0C04F101044FEA445212F5800FE6
S2140194A080F09A80BCF1004F08BF5FEA500C50F183
S2140194B0000041EB045141EA050130BD5FEA4C0C66
S2140194C0404141EB0101013C28BFB1F5801FE9D2C3
S2140194D091F0000F04BF01460020B1FA81F308BFE6
S2140194E02033A3F10B03B3F120020CDA0C3208DDB2
S2140194F002F1140CC2F10C0201FA0CF021FA02F18D
S2140195000CE002F11402D8BFC2F1200C01FA02F1FC
S21401951020FA0CFCDCBF41EA0C019040E41AA2BF21
S21401952001EB0451294330BD6FEA04041F3C1CDAE9
S2140195300C340EDC04F11404C4F1200220FA04F009
S21401954001FA02F340EA030021FA04F345EA0301B3
S21401955030BDC4F10C04C4F1200220FA02F001FA75
S21401956004F340EA0300294630BD21FA04F02946F7
S21401957030BD94F0000F83F4801306BF81F4801190
S2140195800134013D4EE77FEA645C18BF7FEA655C03
S21401959029D094EA050F08BF90EA020F05D054EAD5
S2140195A0000C04BF1946104630BD91EA030F1EBFDA
S2140195B00021002030BD5FEA545C05D140004941DE
S2140195C028BF41F0004130BD14F580043CBF01F5D1
S2140195D0801130BD01F0004545F0FE4141F47001B7
S2140195E04FF0000030BD7FEA645C1ABF1946104692
S2140195F07FEA655C1CBF0B46024650EA013406BF93
S21401960052EA033591EA030F41F4002130BD00BF51
S21401961090F0000F04BF0021704730B54FF480640E
S21401962004F132044FF000054FF0000150E700BF8F
S21401963090F0000F04BF0021704730B54FF48064EE
S21401964004F1320410F0004548BF40424FF00001DB
S2140196503EE700BF42004FEAE2014FEA31014FEA1E
S21401966002701FBF12F07F4393F07F4F81F060516D
S214019670704732F07F4208BF704793F07F4F04BFB8
S21401968041F40021704730B54FF4607401F0004595
S21401969021F000411CE700BF50EA010208BF7047F5
S2140196A030B54FF000050AE050EA010208BF7047E6
S2140196B030B511F0004502D5404261EB41014FF44F
S2140196C0806404F132045FEA915C3FF4D8AE4FF057
S2140196D003025FEADC0C18BF03325FEADC0C18BF3A
S2140196E0033202EBDC02C2F1200300FA03FC20FA8B
S2140196F002F001FA03FE40EA0E0021FA02F11444D8
S214019700BDE600BF70B54FF0FF0C4CF4E06C1CEAF0
S21401971011541DBF1CEA135594EA0C0F95EA0C0F61
S21401972000F0DEF82C4481EA030621EA4C5123EAD4
S2140197304C5350EA013518BF52EA033541F4801103
S21401974043F4801338D0A0FB02CE4FF00005E1FBB6
S21401975002E506F00042E0FB03E54FF00006E1FB00
S21401976003569CF0000F18BF4EF0010EA4F1FF0443
S214019770B6F5007F64F5407404D25FEA4E0E6D4183
S21401978046EB060642EAC62141EA55514FEAC52094
S21401979040EA5E504FEACE2EB4F1FD0C88BFBCF510
S2140197A0E06F1ED8BEF1004F08BF5FEA500E50F1C1
S2140197B0000041EB045170BD06F0004646EA010187
S2140197C040EA020081EA0301B4EB5C04C2BFD4EBB9
S2140197D00C0541EA045170BD41F480114FF0000EB2
S2140197E0013C00F3AB8014F1360FDEBF002001F020
S2140197F0004170BDC4F10004203C35DA0C341BDC9A
S21401980004F11404C4F1200500FA05F320FA04F06B
S21401981001FA05F240EA020001F0004221F000419F
S21401982010EBD37021FA04F642EB06015EEA430E12
S21401983008BF20EAD37070BDC4F10C04C4F1200542
S21401984000FA04F320FA05F001FA04F240EA0200F5
S21401985001F0004110EBD37041F100015EEA430EC6
S21401986008BF20EAD37070BDC4F1200500FA05F2E6
S2140198704EEA020E20FA04F301FA05F243EA020365
S21401988021FA04F001F0004121FA04F220EA020074
S21401989000EBD3705EEA430E08BF20EAD37070BDBA
S2140198A094F0000F0FD101F00046400041EB01019A
S2140198B011F4801F08BF013CF7D041EA060195F07C
S2140198C0000F18BF704703F00046520043EB030336
S2140198D013F4801F08BF013DF7D043EA0603704723
S2140198E094EA0C0F0CEA135518BF95EA0C0F0CD02E
S2140198F050EA410618BF52EA4306D1D181EA030174
S21401990001F000414FF0000070BD50EA410606BF6D
S2140199101046194652EA430619D094EA0C0F02D1B2
S21401992050EA013613D195EA0C0F05D152EA0336F7
S2140199301CBF104619460AD181EA030101F0004115
S21401994041F0FE4141F470014FF0000070BD41F05E
S214019950FE4141F4780170BD70B54FF0FF0C4CF438
S214019960E06C1CEA11541DBF1CEA135594EA0C0F57
S21401997095EA0C0F00F0A7F8A4EB050481EA030EA4
S21401998052EA03354FEA013100F088804FEA03338B
S2140199904FF0805545EA131343EA12634FEA022259
S2140199A045EA111545EA10654FEA00260EF000411A
S2140199B09D4208BF964244F1FD0404F5407402D26C
S2140199C05B084FEA3202B61A65EB03055B084FEAFD
S2140199D032024FF480104FF4002CB6EB020E75EBFA
S2140199E0030E22BFB61A754640EA0C005B084FEA22
S2140199F03202B6EB020E75EB030E22BFB61A75469F
S214019A0040EA5C005B084FEA3202B6EB020E75EBE9
S214019A10030E22BFB61A754640EA9C005B084FEA61
S214019A203202B6EB020E75EB030E22BFB61A75466E
S214019A3040EADC0055EA060E18D04FEA051545EA5D
S214019A4016754FEA06164FEAC30343EA52734FEA06
S214019A50C2025FEA1C1CC0D111F4801F0BD141EA7F
S214019A6000014FF000004FF0004CB6E711F4801FE4
S214019A7004BF01430020B4F1FD0C88BFBCF5E06FC4
S214019A803FF6AFAEB5EB030C04BFB6EB020C5FEAD4
S214019A90500C50F1000041EB045170BD0EF0004E29
S214019AA04EEA113114EB5C04C2BFD4EB0C0541EA5B
S214019AB0045170BD41F480114FF0000E013C90E658
S214019AC045EA060E8DE60CEA135594EA0C0F08BF1C
S214019AD095EA0C0F3FF43BAF94EA0C0F0AD150EA1B
S214019AE001347FF434AF95EA0C0F7FF425AF1046AE
S214019AF019462CE795EA0C0F06D152EA03353FF4D6
S214019B00FDAE1046194622E750EA410618BF52EA52
S214019B1043067FF4C5AE50EA41047FF40DAF52EA26
S214019B2043057FF4EBAE12E74FF0FF3C06E000BFC3
S214019B304FF0010C02E000BF4FF0010C4DF804CDD0
S214019B404FEA410C7FEA6C5C4FEA430C18BF7FEA90
S214019B506C5C1BD001B050EA410C0CBF52EA430CBE
S214019B6091EA030F02BF90EA020F0020704710F13E
S214019B70000F91EA030F58BF994208BF90422CBFCD
S214019B80D8176FEAE37040F0010070474FEA410CC6
S214019B907FEA6C5C02D150EA013C07D14FEA430CE4
S214019BA07FEA6C5CD6D152EA033CD3D05DF8040B55
S214019BB0704700BF8446104662468C461946634687
S214019BC000E000BF01B5FFF7B7FF002848BF10F15E
S214019BD0000F01BD4DF808EDFFF7F4FF0CBF0120A3
S214019BE000205DF808FB00BF4DF808EDFFF7EAFF1F
S214019BF034BF012000205DF808FB00BF4DF808EDDA
S214019C00FFF7E0FF94BF012000205DF808FB00BFCE
S214019C104DF808EDFFF7CEFF94BF012000205DF858
S214019C2008FB00BF4DF808EDFFF7C4FF34BF012065
S214019C3000205DF808FB00BF4FEA410212F5001252
S214019C4015D211D56FF47873B3EB625212D94FEA7D
S214019C50C12343F0004343EA505311F0004F23FA67
S214019C6002F018BF404270474FF00000704750EABC
S214019C70013005D111F0004008BF6FF00040704779
S214019C804FF00000704700BF4A0011D212F50012D3
S214019C9011D20DD56FF47873B3EB62520ED44FEA3E
S214019CA0C12343F0004343EA505323FA02F07047BE
S214019CB04FF00000704750EA013002D14FF0FF30FC
S214019CC070474FF00000704753B94AB9002908BFE2
S214019CD000281CBF4FF0FF314FF0FF3000F08CB969
S214019CE0ADF1080C6DE904CE00F006F8DDF804E0ED
S214019CF0DDE9022304B070472DE9F04F099D0E46B9
S214019D0004460F46002B47D18A429446B2FA82F3A4
S214019D105AD943B102FA03FCC3F120029F409C408A
S214019D2020FA02F217434FEA1C461FFA8CFE220C59
S214019D30B7FBF6F106FB117701FB0EF042EA07428C
S214019D40904208D91CEB020201F1FF3702D2904281
S214019D5000F23C813946121AA4B2B2FBF6F006FBB9
S214019D60102200FB0EFE44EA0244A64508D91CEB6D
S214019D70040400F1FF3202D2A64500F22A81104601
S214019D8040EA0140A4EB0E0400211DB1DC40002393
S214019D90C5E90043BDE8F08F8B4205D90DB1C5E991
S214019DA0000100210846F5E7B3FA83F100294FD1F7
S214019DB0B342C0F00281824240F2FF800846002D85
S214019DC0E8D0C5E90047E5E7002B40F0AF808A1AE6
S214019DD04FEA1C4E1FFA8CF70121B2FBFEF60EFB72
S214019DE01620220C42EA004207FB06F090420FD9E9
S214019DF01CEB020206F1FF382CBF4FF001094FF0B1
S214019E000009904203D9B9F1000F00F0DC80464604
S214019E10121AA4B2B2FBFEF00EFB102200FB07F7EB
S214019E2044EA0244A7420FD91CEB040400F1FF32B6
S214019E302CBF4FF0010E4FF0000EA74203D9BEF122
S214019E40000F00F0C9801046E41B40EA06409CE77C
S214019E50C1F120048B4006FA01FC00FA01FE22FA49
S214019E6004F7E6408A401F4320FA04F34FEA1748F6
S214019E7043EA0C031FFA87FC4FEA1349B6FBF8F0D6
S214019E8008FB106649EA064600FB0CF9B1450ED9F7
S214019E90BE1900F1FF3A2CBF4FF0010B4FF0000B3B
S214019EA0B14503D9BBF1000F00F0A2805046A6EBE6
S214019EB009061FFA83F9B6FBF8F308FB136603FBE2
S214019EC00CFC49EA0646B4450ED9BE1903F1FF3823
S214019ED02CBF4FF001094FF00009B44503D9B9F181
S214019EE0000F00F08280434643EA0040A6EB0C06D2
S214019EF0A0FB028C66454346E14602D307D1C64520
S214019F0005D2B8EB02036CEB070C0138E1465DB1F4
S214019F10BEEB030266EB090606FA04F422FA01F325
S214019F20CE401C43C5E90046002133E702FA03FC94
S214019F30C3F1200299409C40D6404FEA1C4E20FABD
S214019F4002F21FFA8CF7B6FBFEF00A430EFB106610
S214019F50110C41EA064100FB07F68E420ED91CEBB6
S214019F60010100F1FF382CBF4FF001094FF0000945
S214019F708E4202D9B9F1000F34D04046891B92B205
S214019F80B1FBFEF60EFB161142EA014206FB07F193
S214019F9091420ED91CEB020206F1FF382CBF4FF09E
S214019FA001094FF00009914202D9B9F1000F16D00C
S214019FB04646521A46EA00410FE7841A66EB030248
S214019FC001201746FBE6023E624421E7023962445D
S214019FD0C1E664440238D3E66444023834E7023EFC
S214019FE06244E6E702386144C8E7023B3E447BE749
S214019FF002383E445BE700BF704700BF2DE9F04FD3
S21401A000924685B089461E460D46554A0390294616
S21401A01015F8014B135D13F00803F8D12D2C7CD0F5
S21401A0202B2C4ED04FF0FF3102936FF00043CDE959
S21401A030001336F0100851D037464FEAE6783A4614
S21401A0404346DDE90001FFF73FFE002383468E46C7
S21401A05018461946A44613E0ACF13704A6421FDDA4
S21401A060002B09DB83457EEB010305D38E4508BF34
S21401A07083453BD1A24239DA4FF0FF3315F801CBC5
S21401A080ACF13004092CE9D9ACF14104192CE3D91F
S21401A090ACF16104192C03D8ACF15704A642DFDCFD
S21401A0A05A1C2FD0029A12B1404261EB4101BAF11B
S21401A0B0000F03D0002B48D1CAF8009005B0BDE8C8
S21401A0C0F08F4FF0FF30029336F010086FF0004328
S21401A0D02C7801F10205CDE90003ADD1302C25D055
S21401A0E0002E3AD10A27B0463E46A8E700FB08F301
S21401A0F007FB0133A0FB07010B44201843EBE47177
S21401A1000123BBE72223039A1360BAF1000F17D08D
S21401A11005F1FF39DDE90001CEE74FF00047009376
S21401A12001232C788D1CCDE9017382E72B7803F08F
S21401A130DF03582B0CD086B90827B0463E467EE78B
S21401A140DDE9000105B0BDE8F08FCDE90001DFE7EC
S21401A15010276C7802353E4671E710273E466EE7BB
S21401A16041AA04004AE700BF10B4044C13460A464D
S21401A170014620685DF8044B40E700BF586900209F
S21401A18010B4044C13460A46014620685DF8044B99
S21401A19034E700BF5869002020F0030110F00300E7
S21401A1A0C0F1000051F8043B00F1040C4FEACC0C5E
S21401A1B06FF000021CBF22FA0CF213434FF0010CA1
S21401A1C04CEA0C2C4CEA0C4CA3EB0C0222EA0302E0
S21401A1D012EACC1204BF51F8043B0430F4D0C2F1A9
S21401A1E0000102EA0102B2FA82F2C2F11F0200EB9A
S21401A1F0D20070472DE9F04780460C464548264672
S21401A20014F801EB10F80EC01CF0080CF7D1BEF1E3
S21401A2102D0F5BD0BEF12B0F3AD0654633F0100000
S21401A2203ED04FF0FF379A46B7FBF3F703FB07F92B
S21401A2306FEA0909002630460EE0AEF1370C634599
S21401A2401DDD002E04DBB84202D833D1CC4531DD0A
S21401A2504FF0FF3614F801EBAEF1300CBCF1090FEC
S21401A260EDD9AEF1410CBCF1190FE6D9AEF1610C96
S21401A270BCF1190F03D8AEF1570C6345E1DC731C32
S21401A2801CD005B140420AB1F6B91160BDE8F087AD
S21401A29033F0100094F800E0654606F10204C0D1E0
S21401A2A0BEF1300F17D06BBB0A234FF005091A4FCA
S21401A2B09A46BFE700FB0AC00126CBE722233046B9
S21401A2C0C8F80030002AE1D0611EDEE794F800E00D
S21401A2D00125B41CA2E7207800F0DF00582807D03B
S21401A2E083B908234FF007096FF060479A46A1E744
S21401A2F0102394F801E04FF00F0902346FF0704715
S21401A3009A4697E710234FF00F096FF070479A4669
S21401A31090E700BF41AA0400999999196AE700BF1E
S21401A32010B4044C13460A46014620685DF8044BF7
S21401A33060E700BF5869002010B4044C13460A4673
S21401A340014620685DF8044B54E700BF58690020B9
S21401A3500F4B70B50F4DAB42A3EB050607D0B610F9
S21401A3600024013455F8043B9847A642F9D80A4D13
S21401A37024F066FA094B5E1BAB424FEAA60606D0EE
S21401A3800024013455F8043B9847A642F9D870BD1D
S21401A3902C6D00202C6D00202C6D0020306D0020CF
S21401A3A070B5860747D0541E002A3ED0CAB203466F
S21401A3B001E0013C39D303F8012B9D07F9D1032CA9
S21401A3C02CD9CDB20F2C05EB052505EB054535D966
S21401A3D0A4F1100C03F1100E1A462CF00F064FEAEA
S21401A3E01C1CB644C2E90055C2E90255103272453A
S21401A3F0F8D10CF1010214F00C0F04F00F0C03EB72
S21401A400021213D0ACF1040323F003030433134404
S21401A41042F8045B9342FBD10CF003042CB1C9B2A1
S21401A4201C4403F8011BA342FBD170BD64461346CE
S21401A430002CF4D1F9E703461446C0E71A46A446B1
S21401A440E0E700BF88420ED98B1883420BD900EB98
S21401A450020C002A6ED0624613F801CD994202F82A
S21401A46001CDF9D170470F2A0FD8034602F1FF3C00
S21401A470002A5FD00CF1010C013B8C4411F8012B32
S21401A480614503F8012FF9D1704740EA01039B07A4
S21401A49051D1A2F1100301F1200C70B523F00F0584
S21401A4A001F1100E00F110041B09AC445EF8105CBB
S21401A4B00EF1100E103444F8205C5EF81C5C44F873
S21401A4C01C5C5EF8185C44F8185C5EF8145CE645A3
S21401A4D044F8145CEAD1013312F00C0F02F00F0CB1
S21401A4E001EB031100EB031329D0ACF1040C1C1F84
S21401A4F08E462CF003064FEA9C0C1E445EF8045B65
S21401A50044F8045FB442F9D10CF1010402F00302ED
S21401A51003EB840301EB840102F1FF3C4AB10CF129
S21401A520010C013B8C4411F8012B614503F8012F06
S21401A530F9D170BD704702F1FF3C03469AE76246C7
S21401A540EAE700BF2DE9F04F82468E463F48754642
S21401A5501EF801BB10F80B4014F00804F7D1BBF14C
S21401A5602D0F5BD0BBF12B0F6FF0004904BF9EF897
S21401A57000B005F1020E33F0100010D1BBF1300F20
S21401A58004D0002B5ED10A231F4609E09EF8000086
S21401A59000F0DF0058284ED0002B53D108231F4669
S21401A5A00025B9FBF7F6284607FB16980EE0ABF137
S21401A5B0370C63451DDD002D04DB864202D321D115
S21401A5C0E0451FDA4FF0FF351EF801BBABF1300C4A
S21401A5D0BCF1090FEDD9ABF1410CBCF1190FE6D96D
S21401A5E0ABF1610CBCF1190F03D8ABF1570C634505
S21401A5F0E1DC6B1C0AD004B140420AB1CDB911604E
S21401A600BDE8F08F07FB00C00125DDE72223CAF86D
S21401A61000305AB10EF1FF314846F0E79EF800B01F
S21401A6204FF0004905F1020E0124A4E74846BDE8B3
S21401A630F08F8146EEE710239EF801B00EF1020E70
S21401A6401F46ADE710231F46AAE700BF41AA040034
S21401A650242B02D8012B00D074E710B500F02EFA97
S21401A66016230360002010BD10B5242A084C13469B
S21401A670246807D8012A05D00A4601462046BDE8C7
S21401A68010405FE700F01AFA16230360002010BDA1
S21401A6905869002010B5242A084C1346246807D8A8
S21401A6A0012A05D00A4601462046BDE8104049E782
S21401A6B000F004FA16230360002010BD586900203C
S21401A6C0844641EA000313F0030349D1403A23D3F9
S21401A6D00B6803604B6843608B688360CB68C3601C
S21401A6E00B6903614B6943618B698361CB69C36104
S21401A6F00B6A03624B6A43628B6A8362CB6AC362EC
S21401A7000B6B03634B6B43638B6B8363CB6BC363D3
S21401A71040304031403ADBD230320BD30B68036015
S21401A7204B6843608B688360CB68C3601030103120
S21401A730103AF3D20C3205D351F8043B40F8043BEF
S21401A740043AF9D2043208D0D2071CBF11F8013BF3
S21401A75000F8013B01D30B8803806046704700BFB9
S21401A760082A13D38B07B1D010F00303AED0C3F180
S21401A7700403D21ADB071CBF11F8013B00F8013BAA
S21401A780A4D331F8023B20F8023B9FE7043AD9D321
S21401A790013A11F8013B00F8013BF9D20B7803703E
S21401A7A04B7843708B78837060467047024B014646
S21401A7B018681BF095B800BF58690020024B014687
S21401A7C018681BF090B800BF58690020CAB38446C9
S21401A7D00B4630B504460843800719D09CF80000A4
S21401A7E00C78A04212D150B3012A28D0E64603E0E5
S21401A7F01CEB030F23D010B31EF8010F11F8014F05
S21401A800A2EB0E03A04203F1FF33F1D0001B30BDD3
S21401A810032A07D8E2E7043A11D01EF0803F0ED192
S21401A820032A10D92068194653F8045BA446A0F100
S21401A830013E0434A8422EEA000EECD0CEE70020FA
S21401A84030BD10467047A4461946C7E780EA010C9A
S21401A8501CF0030F37D110F0030C20F0030021F099
S21401A860030150F8042B08BF51F8043B0ED08CF0BE
S21401A870030C6FF07F434FEACC0C23FA0CFC51F823
S21401A880043B42EA0C0243EA0C0300BFA2F1013C7E
S21401A8909A4201BF2CEA020C1CF0803F50F8042BB0
S21401A8A051F8043BF2D04FEA02604FEA1222012827
S21401A8B028BFB0EB036F08BF1B0AF4D003F0FF03F9
S21401A8C0000EC01A704710F0030F0AD010F8012BC3
S21401A8D011F8013B012A28BF9A42F4D0A2EB0300EB
S21401A8E070474DF8045D50F8042B01F0030521F084
S21401A8F0030151F8043B022D26D04DD822F07F45A6
S21401A900B5EB132FA2F1013C2CEA020C0DD11CF081
S21401A910803C08BF51F8043B0AD185EA0205B5EB35
S21401A920036F0CD150F8042BE8E74FEA13235BE0E2
S21401A9303CF07F4C54D10B784FEA126554E04FEA55
S21401A940126503F0FF034FE04FEA0245A2F1013C16
S21401A9504FEA15452CEA020CB5EB134F18D11CF043
S21401A960803C08BF51F8043B07D185EA0205B5EBE8
S21401A970034F09D150F8042BE6E75FEA0C4C2FD1C0
S21401A9800B884FEA12452FE04FEA03434FEA124580
S21401A9904FEA134328E000BF02F0FF05B5EB136F43
S21401A9A0A2F1013C2CEA020C0DD11CF0803C08BF40
S21401A9B051F8043B0AD185EA0205B5EB032F0AD10B
S21401A9C050F8042BE8E74FEA13630DE012F0FF0F8F
S21401A9D006D051F8043B4FEA122523F07F4303E0EB
S21401A9E04FF0000020BC704705F0FF0203F0FF00A7
S21401A9F0012828BF904204BF2D0A1B0AF4D0A2EBFF
S21401AA00000020BC704700BF08B5064B044613B1D2
S21401AA10002100F0AFF8044B1B6803B198472046AD
S21401AA2019F033FA75AB01001450002000230146DB
S21401AA301A46184600F048B8032A30B415D941EA38
S21401AA40000484460B46A40704D0541E0FE0043AC3
S21401AA50032A08D91946604653F8044B5CF8045B90
S21401AA60A542F4D0F1E760461946541E7AB1431E5A
S21401AA700139021901E09A4209D013F8010F11F8C1
S21401AA8001CF6045F7D0A0EB0C0030BC704700202A
S21401AA9030BC704738B5074D074C2C1BA41005D0A9
S21401AAA0013C55F8043D9847002CF9D1BDE83840E3
S21401AAB023F0CCBE346D0020306D0020014B1868A9
S21401AAC0704700BF58690020F0B5264C83B0064693
S21401AAD00F46256805B36C681F2C3FDCA6B1D5F878
S21401AAE0880048B3D0F800114FF0010C40F824203C
S21401AAF0022E00EB84020CFA04FC4CEA0101C0F8B9
S21401AB000011C2F8803010D0631C002002346B6044
S21401AB1045F8247003B0F0BD13491448216010B104
S21401AB200068C1F88800104DD5E7D0F8043143EA33
S21401AB300C03C0F80431E7E70D49CDE9002369B1FC
S21401AB404FF48470FFF732FE40B100216C68C0E913
S21401AB504011DDE90023C5F88800C5E74FF0FF3056
S21401AB60D8E700BFA45000201850002000000000C5
S21401AB70ADA701002DE9F04FDFF8B49083B0D9F806
S21401AB80006096B3884601907568D6F888706C1E8A
S21401AB902BD4013507F1800B06EB8505B8F1000FC4
S21401ABA026D173682A68013BA3423BD000232B6061
S21401ABB0BAB1D6F804A05FB30123D7F80011A340B9
S21401ABC00B4225D0D7F8040157F8241003422BD1A5
S21401ABD0019890477368D9F8002053451ED1B242B8
S21401ABE01CD1013C043D631CD8D103B0BDE8F08FF5
S21401ABF04FB15BF824304345D3D0013C043D621C81
S21401AC00F3D0002FF5D1013CEFD3013CFBD2ECE7AA
S21401AC1090477368D9F800205345E0D0002AE4D065
S21401AC201646B1E77460C3E708469047D2E700BF0F
S21401AC30A4500020431E033306D8044B984228BF75
S21401AC401846642838BF6420704700BF40420F0092
S21401AC5038B5194B05461B680C4603B1984744B1F5
S21401AC60236833B11B68013303D0E3680BB1A368D3
S21401AC704BB91EF09FFD00204FF4C172412100F038
S21401AC80FFF9212038BD204602F04AFC00230B4A7A
S21401AC9085F83C31C5E93743C2E9003363694BB1F6
S21401ACA0074A422110684FF4D272C31A58425841DB
S21401ACB000F0E6F90020E5E714530020E0650020E7
S21401ACC078530020F8B5044623F0B5FA0026074667
S21401ACD00E4B1B6893B19E68AEB196F82420D2073E
S21401ACE011D435460FCC0FC50FCC0FC523682B608A
S21401ACF096F8243043F0010386F82430384623F0D2
S21401AD0095FA3046F8BD1B68E4E700BFAC69002041
S21401AD1010B5044618B9054B054A136010BD00F07E
S21401AD20D9FCD4F8E830002BF6D1F4E75F8F0300A6
S21401AD30A8690020014B1868704700BFE065002035
S21401AD4008B502460868FFF775FF08604868FFF710
S21401AD5071FF48608868FFF76DFF8860C868FFF775
S21401AD6069FF0B69C860581C03D00B48834228BF93
S21401AD7003460B614B69581C03D00748834228BF22
S21401AD80034688694B61FFF755FFBDE808408861B7
S21401AD90104601F07BBC00BF40420F00D0F8E03007
S21401ADA02DE9F04105460C4613B1C38D8B424CD0BC
S21401ADB0D5F8DC30002B4BD09E68002E48D0D868E2
S21401ADC0002845D0013800B200281ADB002106E031
S21401ADD0128A591CA24217D209B2884211DB0B18FB
S21401ADE003EBD3735B1003EBC30206EB8202B2F8EC
S21401ADF00EC003F1FF3EA445EAD90FFA8EF0884251
S21401AE00EDDA2120BDE8F0814FF6FF7299B291424A
S21401AE10F7D09BB203EBC30306EB83062846B6F9CD
S21401AE20122095F83011D5F8F080EFF755F807465F
S21401AE30B8F1000F04D00023324628461946C04711
S21401AE40EC85C5F8E06085F839710020BDE8F08131
S21401AE500E20BDE8F08100BF2DE9F04782B0044620
S21401AE600F46164601F086FE002863D14F4D2B682B
S21401AE70D4F8DCA0D4F8E0800BB1534576D04FF07F
S21401AE800009AF6001F09EFE0128074665D1204605
S21401AE901EF0CFFB002851D12B68DAF80010D8F845
S21401AEA0002013B1186888426BD020461EF073FB51
S21401AEB0C5E900A8D4F8F0508DF80760002D67D0DA
S21401AEC00022204611460DF10703A847204600F050
S21401AED0EDFF0546B9F1000F0FD076B9D4F88C30E6
S21401AEE00BBB012F05D025B1314B002103205B6838
S21401AEF09847284602B0BDE8F087B5FA85F040F2DB
S21401AF0007523321400900F0BBF83146204601F0D4
S21401AF100BFA284B05461B68414620469847D4F84D
S21401AF208C30002BDDD000224FF40073204600F059
S21401AF30E1FBD6E700231D4D6B6098E794F82530BA
S21401AF40DA07A9D5D4F894305B05A5D51A4B0122AA
S21401AF50002120461B6898479EE70021012000F04B
S21401AF6001FC01F02FFE0128FBD190E76B68002B56
S21401AF7085D0434583D1AB689F4215D04FF0010978
S21401AF807FE7696811B10968914291D059688CE7E9
S21401AF9094F82A1094F839313246994228BF194656
S21401AFA0204600F0D1FE91E70025A2E7E0650020EB
S21401AFB0B4690020A869002018530020F8B50F4690
S21401AFC0054623F038F9394606462846FFF7E6FED9
S21401AFD0044620B1304623F029F92046F8BD01F099
S21401AFE0A7FD224639462846FFF736FF04460028C5
S21401AFF0F0D128461EF01DFB0028EBD095F8253031
S21401B00013F001030DD0D5F8942052050DD5B5F8EF
S21401B0102A21BA4205D0B5F82C31DB1BB3FA83F3EB
S21401B0205B09034A82F8C430D4E72346F9E700BF38
S21401B030001E00B013B5044669461EF0BEF8204651
S21401B0401EF002FAFF28024606D020469DF80010A0
S21401B050EEF7C0FF02B010BD0048FBE70080FFFF1F
S21401B06038B5044D044C054B286021601A6022F067
S21401B07037FD38BDA8520020B0690020AC52002030
S21401B08010B550B90548064B0160064802601868BD
S21401B090054B18601868FFF7E3FF10BDB069002084
S21401B0A004540020AC520020A85200202DE9F041A3
S21401B0B08AB001AC05460B462746194A02F1200C18
S21401B0C0264610685168083203C662453446F7D1F1
S21401B0D0002B08BF3B46002710681C4630603846E8
S21401B0E003F10C0690B95FFA87F842462846218894
S21401B0F01EF0A2FA50B942462846E1881EF0ADFA83
S21401B10020B94246314628461EF0B9FA0137032FC8
S21401B11006F1080604F10204E4D10AB0BDE8F081A4
S21401B12064AB0400F0B589B005460E461EF0B6FACB
S21401B130044600BB01AC06F10C070FCF0FC497E81D
S21401B140070084E8070001A92846FFF7F9FD28460D
S21401B150311D1EF07DFC044648B92846074901F01A
S21401B16057FA044618B9284601F0C6FD0446284693
S21401B1703168FFF79BFF204609B0F0BD5CAB0400C9
S21401B18001491EF06DB800BFC9CC010070B5164E5E
S21401B190032804460D4633781ED023FA04F202F043
S21401B1A00102AA421DD053B10122A240A54023EAC2
S21401B1B002032B43DBB233704BB1012070BD2DB1BE
S21401B1C00A4B01201B6898473378EDE73570074B2B
S21401B1D000201B689847F0E79A07DED003F0FC03CF
S21401B1E0E9E7002070BD00BF21630020EC5200207B
S21401B1F038B504460D4605F077FD60B101F0C6FC92
S21401B20048B9012D07D801201EF0F3F90D4B1B6834
S21401B21023B15B6898470C4B1C7038BD23F062F96C
S21401B2200A4B1A68801A186021F0D4FD4FF47A721E
S21401B230074B1B6802FB00301EF010F8012001F0DE
S21401B240ADFCE8E710530020F96C0020E452002022
S21401B250E8520020F8B505460C4622F0ECFF104FE8
S21401B26006463B7833B1012D04D01CB90D4821F0B8
S21401B27003FD3C7021462846FFF788FF0A4B04462B
S21401B2801B783BB93B782BB91EF0A7F910B1074BD9
S21401B2901B689847304622F0C9FF2046F8BD00BF1C
S21401B2A022630020C052002021630020B4690020E0
S21401B2B0054A0B46117831B100211170034A01216C
S21401B2C0526818781047704722630020B46900203E
S21401B2D0124B0239012910B518701ED805F004FD6D
S21401B2E0D8B101F053FCC0B101F034FAA8B90C4B47
S21401B2F01C6834B123689847BDE8104000201EF052
S21401B30078B91DF0A9FF074B186023F0EBF8064B40
S21401B3101860204601F042FCEEE710BDF96C0020F3
S21401B32010530020E8520020E452002038B50446AD
S21401B33080B122F080FF01210446084621F040F941
S21401B34001210B4A08461AF09FFB2046BDE838400B
S21401B35022F06CBF22F06FFF05462146012021F046
S21401B3602FF901202146024A1AF08EFB2846EDE706
S21401B370B9810400F0B585B022F05DFF344D044676
S21401B3802B7823B1334821F077FC002852D121F0E5
S21401B390FDFC02AA03A91EF00AF90346002838D0CC
S21401B3A01EF019F9029B98421CD100202A4B0399E2
S21401B3B01B682A4E9942307020D90027C91A0123EA
S21401B3C024482B70264A3346CDE9007723F066F8E9
S21401B3D0002837D1234A1378D90701D53178F9B136
S21401B3E0204611E01EF0F5F8029B984228D0002373
S21401B3F018461949194A0968137003910121FFF784
S21401B400C5FE002320462B7022F010FF002005B059
S21401B410F0BD20462B7022F009FF212005B0F0BDBB
S21401B42003F0FE031370002BDAD10F4B1B6898470D
S21401B4302046E9E7204622F0F9FE0E2005B0F0BDD1
S21401B4400220B3E7032320462F703370F3E700BFD3
S21401B45022630020C0520020E0520020F86C002039
S21401B460B1B2010021630020EC52002038B522F071
S21401B470E2FE0F4D04462B789BB90E4A0E49137017
S21401B4800E4B0F4A0F481A600F4A5A60F0F7CEF972
S21401B4900E490F48F0F7CAF90E4B0F4A1A600123FE
S21401B4A02B70F0F7CDFA204622F0C0FE002038BD02
S21401B4B0236300202263002088AB0400B4690020C7
S21401B4C075B30100B052002055B2010090AB0400E4
S21401B4D0B8520020EC5200202DB301002DE9F043B4
S21401B4E08F7880460F2F0C4685B003D9212005B0F2
S21401B4F0BDE8F08327B90123374A00201370F6E729
S21401B5000D784E78EDB9002EF0D194F90310E0884D
S21401B51003F00AF82128E9D055EA0603A088DFF8E7
S21401B520C89013D003F064F84FF60403B9F800206E
S21401B53001469A424BD1AE42334638BF2B460026CF
S21401B5402DE0082DD2D8082ED0D8DEE703F050F82B
S21401B5504FF6040501464FF60500204A136E9BB2CE
S21401B560AB4208BF0346B1F5803FA9F800300FD9BA
S21401B57002230825136680230126C2F880302B4655
S21401B58049084FF6FF720139914228BF114608E07B
S21401B5908023012608251666C2F880302B4600292E
S21401B5A0EFD1002202920122013FFFB200920197E1
S21401B5B02A4608F1F80002F0B7FE1EB14FF48012D9
S21401B5C0074B5A65074BA2681A60022394E70348A3
S21401B5D00266A9F80030AEE72463002000C001B877
S21401B5E000D001B8F85200207C6C002010B504464B
S21401B5F0D0F818210B4B4FF40061C3F8A82090F83F
S21401B6002420D20102F4006205F0D2FA94F8243024
S21401B61013F0100F4FF4007314BF034A034A136765
S21401B62010BD00BF001E00B0001002B8002002B816
S21401B630431C07D06FF0FF02034B10401A62A3F5BC
S21401B64080531862704700BF00E000B8F8B50446A2
S21401B6500F46164622F0EFFD0546A047044620B1E8
S21401B660284622F0E3FD2046F8BD04F07FFC0422C4
S21401B6700549D1F8D83E23EA07033343C1F8D83E3B
S21401B680024B1A67ECE700BF001000B0002002B8BA
S21401B69000F01803182B0AD003070AD440F201134E
S21401B6A010F0100018BF1846034B186570470020AD
S21401B6B0FAE70120F8E700BF001F00B0044B186846
S21401B6C0830654BFC0F30F204FF6FF70704700BFCC
S21401B6D0E053002038B10368044A002B08BF134624
S21401B6E0034A13607047014BFAE700BFA7920300B5
S21401B6F0C069002010B4D0E9544122400B4052EA00
S21401B700030104D003495DF8044B096808475DF856
S21401B710044B7047C06900200F2938B505460C4612
S21401B7200ED801F04FFA01280CD1074A2846D36BF0
S21401B73023F00F032343D3631DF0BFFF002038BD62
S21401B7402120FCE70220FAE7001F00B0014B186C2D
S21401B750704700BF001F00B0014B002019647047FE
S21401B760001F00B003282DE9F347884655D82C4B17
S21401B77013F800902B4B1E5C2B4B13F800A022F005
S21401B7805AFD074604F03EFB054640B10023002261
S21401B790CDE9003301200023002104F079F904F0FB
S21401B7A039FB48B100230022CDE9003300200023F5
S21401B7B04FF4004104F06CF96EB31C4BDC6C04F0E2
S21401B7C008041B4B3146DC64484604F02DFC524607
S21401B7D03146484604F092FC164BDC646DB1164BBC
S21401B7E01868D0F89410F83003F06EFA1349086818
S21401B7F0FFF71EFF4FF0FF330B60B8F1000F04D0C8
S21401B8000F4B002103205B689847384602B0BDE81D
S21401B810F04722F00BBD3446D3E702B0BDE8F0870F
S21401B820A0AB04009CAB040098AB0400004000B839
S21401B830006000B8005000B804540020BC69002025
S21401B840B46900200F4A136F13F0A00F15D1506F83
S21401B85010F0040013D10C4BD3F8D83E23F07F43ED
S21401B86023F0FF035BB1D368C3F30362092A07D051
S21401B870B2F10C0018BF012070470020704701206C
S21401B880704700BF000002B8001000B070B50D464A
S21401B890064620B91A4B1B68A3B10E2011E001F031
S21401B8A091F9012829D1174B93F90040C4F11C04E2
S21401B8B0641BC4F11C03002BB8BF5B42232B0CDDB9
S21401B8C0212070BD81EAE173A3EBE173DBB2232B88
S21401B8D0F6D80C4B19700020F3E786F8285022F0B2
S21401B8E0AAFC094AE402D36904F4FF2423F4FF23E3
S21401B8F01C43D46122F09AFCEDE70220E1E700BF89
S21401B900045400202563002000C000B818B9034B7A
S21401B91093F90000704790F92800704725630020CE
S21401B92010B504461DF085FE10B1012001F0D4F9D2
S21401B9302046FFF75BFE22F07EFC0A4A0121D2F880
S21401B940A030044623F02003C2F8A0300222064BA2
S21401B95008469A60054B5B689847204622F066FCCD
S21401B960002010BD001E00B0001002B8B46900200F
S21401B970064B5A6A920207D4D3F8803013F4706FDC
S21401B98014BF01200020704701207047004001B815
S21401B990F8B50E46D0F8943002EA010423EA010312
S21401B9A02343C0F89430464A01F00B0323EA04010E
S21401B9B0D1642340A2F58052D3647207054610D5A0
S21401B9C00121FFF7D5FF60B104F0D0FA4FF4007300
S21401B9D014F0040F14BF3B4A3B4A536204223B4B0C
S21401B9E01A67F30606D514F0100F14BF00221B22A7
S21401B9F0374B5A6537061DD5200616D54FF400126B
S21401BA00304B1A62012203F58053C3F8002122F05D
S21401BA1012FC0E210746032003F09EF840F2012295
S21401BA202B4B3846DA6222F001FC214605F1F8007C
S21401BA3003F04AF9F10503D5E2052AD503F05CF8CF
S21401BA40B30503D5A70527D503F062F816F48C6F66
S21401BA501DD014F4806224D095F82530DC070CD56F
S21401BA60EA8DB5F82A31934219D0B5F82C31981AD7
S21401BA7043424341174A82F8C430D5F8E4102846B9
S21401BA801DF012FC8022144BD864144B1A6100205E
S21401BA90F8BD03F02BF8D3E703F034F8D6E701231B
S21401BAA0E8E77105E9D595F82530DB07E5D5094BBB
S21401BAB0114683F8C4200A4B28461B689847DCE7E2
S21401BAC0006000B8005001B8006001B8002002B85C
S21401BAD0004000B8001E00B0001F00B0000002B811
S21401BAE018530020014B1868704700BF045300200C
S21401BAF037B522F0A0FB002401230022CDE9003453
S21401BB00002305461946104603F0C2FF022002F044
S21401BB10E7FA064B21461C60054B02205B689847F6
S21401BB20284622F083FB204603B030BD0C5300208C
S21401BB30B46900202DE9FF4102290D4616469846B4
S21401BB40039004D1FFF7D4FF04B0BDE8F08122F0E2
S21401BB5072FB1E4F04463B683BB1B34205D022F050
S21401BB6065FB002321203B60EEE7194B0022C3F85A
S21401BB7000803E60002301264FF00008104619465B
S21401BB80CDE9006603F084FF124B022083F80080A3
S21401BB9002F0A6FA43462A46022003A902F0BEFA9C
S21401BBA00D4B039A1A6008B92046D8E70B4D2B684F
S21401BBB09847212804D0204622F038FB0020C3E70E
S21401BBC031466B6802209847F5E700BF0C5300200A
S21401BBD0085300202763002004530020B469002086
S21401BBE0044B5B6E5B054EBF0120034B187800F0DB
S21401BBF00100704700C001B8276300200A78022AB6
S21401BC0011D0101F4242424152004B781201022BC2
S21401BC100BD0191F4B424B415B000549054842EAD0
S21401BC208312FFF713BD0122EFE70123F5E700BFFB
S21401BC30F0FFFF000DCC01000B78022B10D0181F6F
S21401BC40434243415B004A78022A0BD0111F4A4205
S21401BC504A4152000F21044843EA8202FFF7F6BC2C
S21401BC600123F0E70122F5E739CC01002DE9F8437D
S21401BC700E780446042E0D4690F830810BD100272D
S21401BC805FFA87F9484601F07DFD08B14E4602E0AD
S21401BC900137042FF4D1304601F074FD002849D055
S21401BCA094F83031B34209D1AA88D4F8A8309A4220
S21401BCB004D16A88B4F832319A4238D084F83061B7
S21401BCC0AB883046A4F834316B88A4F83231AB889F
S21401BCD004F59875C4F8A830FF2384F82B301DF0BE
S21401BCE09DFD84F82A00284601F078FC18BB2846FA
S21401BCF001F03EFDF8B9D4F8E03053B194F83011B4
S21401BD00414506D02046B3F91220EEF7E5F884F84F
S21401BD103901204601F09AFE0949A4F834010123AD
S21401BD20084AD1F8FC1004F1F80003F0AFFC00203B
S21401BD30BDE8F88321200C2384F83031F8E700BFF2
S21401BD40001F00B0581F00B0F8B5054690F8300146
S21401BD500C460C28164623D0FF2923D01AB14FF0E3
S21401BD60FF32114B1A601DF059FD074695F8300158
S21401BD7001F068FD844228BF0446E4B2BC4238BFE5
S21401BD803C46E0B285F82B0001F002FEFF280CBF0E
S21401BD902124002416B9284601F068FD2046F8BD86
S21401BDA00224FBE72124F9E7C469002010B590F8C6
S21401BDB0303104460C2B43D0D0F8E03080F82A10FE
S21401BDC0D3B3D0F8F020CAB990F839318B421BD3DF
S21401BDD000222046FFF7B8FF40BB1A4B1B78022B08
S21401BDE023D8204601F032FE17490123174AD1F81D
S21401BDF0FC1004F1F80003F049FC16E0B0F942200B
S21401BE00B3F912309A42E3DD0022204694F8391144
S21401BE10FFF79AFF50B9C4F8E00020461DF047F935
S21401BE204FF6FF739842014601D1002010BD20460F
S21401BE30BDE81040FFF7C2B8FF2380F82B30F4E7C7
S21401BE400220F3E7806C0020001F00B0581F00B0EE
S21401BE50F0B51D46144B04461B780F46164685B0B2
S21401BE605BB1D0F8E030E3B102AAB3F91230009228
S21401BE70002218F06BFD05B0F0BD02A91DF09DF97A
S21401BE809DF808103A462046EEF726F8014626B9F0
S21401BE902A462046FFF758FFEDE72046FFF786FFC4
S21401BEA0E9E71846E7E700BF66830400D0F89C3050
S21401BEB0012B01D10020704770B5044665498CB04E
S21401BEC01DF0E1FCD4F8E0600146E58DC4F8E4001D
S21401BED026B1336813B15B68002B71D122F0ABF940
S21401BEE022F0A4F90123D4F8E4108DF80630B389C2
S21401BEF0D6E90120EB1A9BB200FB03225648ADF8A7
S21401BF000430036800928B4207D020461DF0CCF91E
S21401BF1080225249524BC8641A61514D00F052FEBC
S21401BF200128FBD1AB689E06F8D420469DF8062072
S21401BF30009906AB03F0E6F800283ED100F042FE79
S21401BF400128FBD1464A136FD801FCD493689906A1
S21401BF50F9D4684606A903F08DFA054668BBE28D5A
S21401BF60404B5A6494F8243060F3410384F824303B
S21401BF7000F0EEFFD4F8E0305969431E0E68DBB2DC
S21401BF80FD2B029622D9F31C34D84B68FF28039365
S21401BF905ED10126DA1C25D8024602A920461DF0EC
S21401BFA09BFBE6B9D4F8543199053FD494F8243074
S21401BFB043F0020384F8243011E002200CB070BD77
S21401BFC01A68032A8AD99B6A5B0E8EE74B6801289A
S21401BFD00393DED00246204602A91DF07DFB002019
S21401BFE00CB070BD0133204B5B6816D0DA1C23D829
S21401BFF00393D1E71C4B01361B6818BF0126DD1CD5
S21401C00006D802934B68FF280393C3D00020C3E7EA
S21401C010FF284B6819D00393C3E7DD1C0FD80246EF
S21401C020204602A903931DF057FBBBE720464FF4B9
S21401C03080311DF0D9FCD2E7FF28B2D1E6E7FF2810
S21401C040B0D10022204602A9EDE701200393A1E723
S21401C0502A46C0E7FC1F00B0F4520020001F00B0C3
S21401C060000002B8008001B8CC69002010B50C466B
S21401C07019B11DF0DEFA00B10434204602F0B8FA18
S21401C080024B4042C3F8C80E002010BD001000B09D
S21401C090838E70B593420C4615461CD3836C8B4237
S21401C0A008BF002422F0C7F84FF49C530B490646FC
S21401C0B0CA68C2F30362D340DA0702D50B6F9B034B
S21401C0C004D401222946204601F016F8304622F013
S21401C0D0ADF8002070BD2120FCE700BF000002B8CB
S21401C0E02DE9F84F064615460B4611B92120BDE845
S21401C0F0F88F002AFAD0032905D8002201F05EF94C
S21401C10003460028F2D01C889978B4F5804F01F0D8
S21401C110070080F0C580A0F1070C1A7993F805A0F6
S21401C120DF88DCF1000343EB0C0305282B7394BF77
S21401C1300023C1F30013C1F3801C6B738B0985F8D0
S21401C14010C003F00203C1F3C00C43EA0C03C1F3B1
S21401C15040116B74A974AF82002A40F0828096F871
S21401C1601E31013BDBB2EB74D6F89430DF0600F1EA
S21401C1708380063801287FD8B6F81280F76908F15F
S21401C180FF38484B083C04EA08045B6D3B5D01340C
S21401C190802B0EBF6FF07F03323B5BB2AB73002385
S21401C1A0AB6096F8279004EA0804B9F1000F61D154
S21401C1B0631D03EA08035A1C02EA0802BA5CFB5C28
S21401C1C043EA0223D9040FFA83FB4CD5D6F8E430B0
S21401C1D013B11B68022B05D841F24D724C21002089
S21401C1E0FEF74EFFD6F8E420CBF30B0392F824209B
S21401C1F0DB000AB1B3FBF2F39A4508D83BB1CAEBB0
S21401C2000A2ABAFBF3FA6FEA0A0A5FFA8AF9D6F83B
S21401C210EC3023B1484695F90E1098478146631CC9
S21401C22085F80F9003EA0803F95C013303EA080373
S21401C230FA5C013303EA080341EA0221FA5C01339E
S21401C24003EA0803F85C41EA0241002341EA00617F
S21401C2506A7C304603F0D8FA06232860AB710020CA
S21401C26045E7531E7EE717F804904FEA49095FFA3F
S21401C27089F9CCE79946D2E700230020EB730A4BF5
S21401C2805A69C2F30723120448BF63F0FF035AB288
S21401C29012F1800F1CBF323B5AB2AA730346DCE789
S21401C2A0022024E7004000B800C000B838B5148862
S21401C2B011F003054FEAC40422D13F2C20D9B4FA69
S21401C2C084F4C4F11903DBB2052B01D8192C15D05F
S21401C2D0052B28BF052301240633DBB29C40C4F39B
S21401C2E0CF03138003828161448700F02DFF054A46
S21401C2F0631E2343C2F8A430284638BD2B46EAE71E
S21401C3002125F9E7001E00B011F5004F1FBF01F30C
S21401C3100E01044BC1F30E01002014BF99642120C5
S21401C320704700BF008001B8F8B504460E4619B93B
S21401C33090F824305A063FD44FF6FF73618ED4F836
S21401C340E470994204D0314B1B680BB120469847E4
S21401C3502F4D2B68BB424DD02E4B1B683BB11FB1F6
S21401C3603A68002A48D0BF683946204698470727CA
S21401C370204601F06BFB002E32D006270126264B05
S21401C38094F9282093F900302449C3F11C039B1A21
S21401C390CA69DB0222F4FF2203F4FF231343CB61B5
S21401C3A0D4F8E4301E4A2B601E4B976720461E7059
S21401C3B01DF083F90020F8BD4FF6FF71144DD0F83B
S21401C3C0E4702A6866F386139742418680F8243023
S21401C3D017D0104B1B68002BC1D101F037FB072784
S21401C3E011493B46114AD1F8FC1004F1F80003F05C
S21401C3F04DF9C2E70127BBE717462046394698475D
S21401C400B5E701F023FB0127EAE700BF0053002050
S21401C410F4520020FC5200202563002000C000B822
S21401C420006000B826630020001F00B0581F00B04F
S21401C430054A12681AB190F81E1119B91047084634
S21401C44002F0AABB01487047F052002000FEFFFF31
S21401C450344B2DE9F7431C6801F4007900F0010321
S21401C460174653EA090206460D4635D04FF0000836
S21401C4703BB30023002200210120CDE9008803F010
S21401C48007FB042001F02CFE41462046FFF7D0FFB3
S21401C49001224146208610461CF0BBFDD4F89410BC
S21401C4A004F1F80002F010FC1F490868FFF7C0F815
S21401C4B04FF0FF330B6094F8243043F0040384F804
S21401C4C02430B9F1000F07D0012120461DF08CFA67
S21401C4D025F4007506430D432B4632462046FFF7EA
S21401C4E009F9FB070FD51149114A0868002113689D
S21401C4F0116001210F4A117003B198470E4B0021BC
S21401C50002205B68984717F00E0F08D04FF40972A7
S21401C5103B21002003B0BDE8F043FEF7B1BD03B0F8
S21401C520BDE8F08304540020BC69002008530020B5
S21401C5300C53002027630020B469002008B5482268
S21401C54000210248FDF72CFF002008BDDC1E00B0CC
S21401C55073B578216422A0F8141182210C23C0E956
S21401C5604112C0E94322C0F8002107224FF0FF35EF
S21401C570002680F830314FF6FF730446C28700F17B
S21401C5804C0282641E4AC385A0F8403080F82C30E5
S21401C59043864263038780F82860C0F8A850458523
S21401C5A080F8265003F03EFC2046FFF7C7FF94F9BB
S21401C5B028102046FFF76AF9602340F6FF71114AFA
S21401C5C02046D36402F11C42D162D1650E4A294647
S21401C5D0D36440220D4B1A67D4F89420FFF7D8F99C
S21401C5E00E230022CDE9003340F2022310461946FD
S21401C5F003F04EFA01F0E2F8304602B070BD00BF1B
S21401C6004000FFFF004000B8005000B8002002B80C
S21401C61010B50C46FFF792FFBCB1A378082B16D8CD
S21401C620E278082A13D843EA021313F0FF030CBF7B
S21401C63019466168074AC2F8DC10217882F8201191
S21401C640617882F8233182F82111002010BD212063
S21401C650FCE700BF001E00B0012A10B512D8032B5C
S21401C66010D803EB82020123074C934094F8220171
S21401C670DBB221B10343002084F8223110BD20EA49
S21401C6800303F8E72120F9E7001E00B0034670B562
S21401C6900C68B0F83421013408BFD3F800418D6826
S21401C6A008BF0C604C68F830013404BFD3F80C4165
S21401C6B04C606E1C3CD1D3F80841CE688C60751C6A
S21401C6C03CD1D3F804510E69CD60013604BFD3F8CE
S21401C6D0F8600E614E69013604BFD3F8FC604E6106
S21401C6E08E69013604BFD3F810618E618E695EB320
S21401C6F05A32B24238BF32460E688A6116B15A2E95
S21401C70038BF5A26C3F808414C68C3E94065C3E9F7
S21401C71043420A69C3F8F8204A690C49C3F8FC2069
S21401C720D1F8FC1007230A4A02F0B0FF002070BDC2
S21401C73002F15A04AC4238BF2C46BEE702F1780536
S21401C740B54238BF3546BEE76422D5E7001F00B0C4
S21401C750581F00B070B521F06EFD04460B4E00F078
S21401C76031FA012805D0204621F060FD0225284631
S21401C77070BDF36813F0706FC3F30365EFD1B36A4E
S21401C780DB06ECD5204621F051FDF0E7000002B8AB
S21401C79038B521F050FD4FF6FF710A4A13888B42D7
S21401C7A003D121F043FD0E2038BD074C074D1B0475
S21401C7B06566A4F580546366118021F037FD00207C
S21401C7C0F2E700BF7E6C0020006001B80000FFFFAA
S21401C7D02DE9F74304460F4615461E46FFF732F885
S21401C7E030B3A38A23B320461CF029FD78B9002E66
S21401C7F040F0F280794BD3F8D83E03F03002102A8D
S21401C80000F0EA8003F0C003402B00F0E580DFF87B
S21401C8100082D8F81430D90740F1DE8021F00BFDF4
S21401C8200646032001F058FD30B1304621F0FEFCEB
S21401C830022003B0BDE8F083D8F8142012F00608F1
S21401C840F3D1304621F0F2FC644B4FF400612046F0
S21401C850D3F8D89ED3F8AC6E04F0BEF940B14FF4CD
S21401C860007201215E4B08461A6742461CF0D1FB56
S21401C87094F82530DA0707D5D4F894305B0542BF23
S21401C8804FF40022574B1A6739462046FEF796FBAF
S21401C890524BC3F8D89EC3F8AC6E0028C9D194F8A1
S21401C8A02430980601D4002D57D0C5F3400003F07C
S21401C8B023FB022315F4807F1BBF0021494A484A07
S21401C8C0136717BF484A13675161136303F04EFBA2
S21401C8D04FF4806315F0040F14BF444A444A15F020
S21401C8E0400F53624FF004023D4B28461A674FF043
S21401C8F0400314BF3F4A404AC2F88830FEF7C8FEDC
S21401C90020461CF0C6FD38B14FF4807315F0010FB8
S21401C91014BF344A324A1367A90647D54FF6FF7249
S21401C920B4F8403093420FD0344A3549526E100C59
S21401C930C2F301120132B3FBF2F308802B4A2C49F1
S21401C94030481B0448665366003D18BF012594F81D
S21401C950243065F3451384F8243020461CF069FE24
S21401C960F0B120461CF095FDD0B14FF400312046C1
S21401C97004F032F9431C03229BB2234801A91CF0A0
S21401C98010FF9DF8042002F00703052B9DF80530E3
S21401C99015D112070DD443F480731C4AC2F8B8307F
S21401C9A0002003B0BDE8F0431CF008BFFFF7F0FE1F
S21401C9B0CAE713F0040F09D19DF80630EBE703F040
S21401C9C03002202A05D113F0010FF4E74FF48073EB
S21401C9D0E3E79DF80630E0E70E202AE7001000B0F6
S21401C9E0002002B8001002B800400054005001B800
S21401C9F0006001B800D000B800E000B8004001B8FF
S21401CA007E6C00200000FFFF08400054001E00B0AE
S21401CA1000C001B82DE9F3410646884615461F4673
S21401CA2021F009FC0446032001F056FC38B12046EB
S21401CA3021F0FCFB0E24204602B0BDE8F081042064
S21401CA4001F04AFC0028F2D1204621F0EFFB012339
S21401CA502A4641463046FFF7BBFE04460028EAD187
S21401CA60DFF8C8805FB388F8000039463046FEF725
S21401CA7035FD00284CD198F80030012B1CD020221F
S21401CA80244B1A67244BDB6CB3F5817F1FD2012040
S21401CA901CF0D5FE21F0CFFB204B06461B68019308
S21401CAA0CBB901F093FC15F0800526D101F0E0FC2E
S21401CAB0284603F0F5F925E003F008FABBE798F8F5
S21401CAC00030012BF8D0002BD9D12124B3E78022E6
S21401CAD0134B1A61DBE7042001F002FB002301225D
S21401CAE0042001A901F01AFB0028DAD103F056FA56
S21401CAF02124304621F09AFB9DE70022094B9A67D4
S21401CB0001F0B6FC084B01215B6800209847F0E76E
S21401CB10044690E7001002B8001F00B0F85200204B
S21401CB20000002B800C001B8B469002024630020E8
S21401CB3008B50C4BD3F84C114B1C12D011F08041A8
S21401CB400FD1094B1B6813B10320FEF70BFE4FF004
S21401CB5080624FF40071054BDA67054AD162012203
S21401CB605A6108BD0080E00F04540020001002B88E
S21401CB70004000B84FF40022034B186F03F5005332
S21401CB801A67C0F3C0407047000002B8024B5869EC
S21401CB9000F00100704700BF00C001B8084B5A6999
S21401CBA0D10707D508B901F077BA5B69DA0706D469
S21401CBB001F064BA5B69DB0701D40028F8D170473D
S21401CBC000C001B80F4BDB68C3F30363013B0B2BBB
S21401CBD00FD8DFE803F006060C06060606080A0864
S21401CBE0080802207047042070470520704703207C
S21401CBF07047054B5B6913F0060F0CBF012004203C
S21401CC00704700BF000002B800C001B8094AD368E7
S21401CC10C3F303630B2B08D06FF49050184100F058
S21401CC20010080F0010040007047106F10F4803062
S21401CC30EDD17047000002B80C4AD368C3F3036312
S21401CC40062B07D8042BD8B20BD8C31E584258411E
S21401CC5040007047072B06D1D2F830010028ECD1EE
S21401CC607047022070470020704700BF000002B8DE
S21401CC70094BDB68C3F303639A1E012A8CBF0022AB
S21401CC800122012B02701EBF4FF4026222FA03F347
S21401CC9003F001030B707047000002B8094AD3681D
S21401CCA0C3F30363032B01D0072B08D1536FDB06B5
S21401CCB005D4906F80F00800C0F3C00070470020D4
S21401CCC0704700BF000002B8024B002219681CF032
S21401CCD091BC00BF04AC0400024B1B6803B11847AB
S21401CCE0704700BF24530020024B1B6803B118474E
S21401CCF0704700BF2053002010B5FF224FF6FF718A
S21401CD0004461CF099FC68B9FF224FF6FF712046D5
S21401CD101CF0A3FC30B92046BDE81040FF220249B2
S21401CD201CF0ADBC10BD00BFA8AB04002DE9F0415E
S21401CD301C46184B05461E680F46904646B130689D
S21401CD4001F01CFEF3681BB1B368186801F016FE0B
S21401CD50114B1B682BB1DA681AB19B68186801F091
S21401CD600DFE9DF81830640744EA08425B0503F09F
S21401CD70BC6342EAC7621A432846084942F4C872AD
S21401CD8003F016FF002228461146FFF781F900201E
S21401CD90BDE8F08100AC040004AC04009007E12D6E
S21401CDA008B5FFF77BFF88B1094BDA6912030DD589
S21401CDB0186F10F4003009D19B6F13F0100F4FF06D
S21401CDC010030CBF034A044A936708BD0220FCE720
S21401CDD0000002B8001002B8002002B838B50446B8
S21401CDE0F8B1124AD3691B031DD5556F104BC5F315
S21401CDF08115032DB3F8B4300DD10822083B9BB240
S21401CE0021460C481CF0CDFC0020084B25729B6F78
S21401CE101B0A637238BD022D05D1023B2A469BB21E
S21401CE20EEE72120F6E70220F4E700BF000002B893
S21401CE30001E00B038400054431EDBB2FD2B14D94F
S21401CE40FF280B6801D14A68134313F0802F1EBFD9
S21401CE5042F20102074BC3F8282251F82020054B65
S21401CE60C3F85022C3F8542270470128F5D1002395
S21401CE70E9E700BF004001B8F0B585B06D460E4643
S21401CE800F4B074614460FCB85E80F000D4BD3F822
S21401CE9048020090D3F84C2201923EB1631EDBB2E9
S21401CEA0FD2B0AD93060FF2C00D17260224629463C
S21401CEB038461CF011FC05B0F0BD012CF4E700BFAC
S21401CEC0B0AB04000080E00FF0B585B06E460D4BA8
S21401CED007460D460FCB86E80F0000F039F83146BD
S21401CEE00446024638461CF070FD4DB140B9FF2C91
S21401CEF01BBF04AB03EB8404009B54F8103C2B606F
S21401CF0005B0F0BDB0AB040030B50C4B054618704B
S21401CF1085B0082380B90A4AC2F8FC3351B96C4679
S21401CF20084B0FCB84E80F00074B2A4621461868AA
S21401CF30FFF7A2FF05B030BD044AEDE7FA6C00200A
S21401CF40001002B8C0AB040004540020002002B850
S21401CF50014B1878704700BFFA6C0020124BD3F8CB
S21401CF60E020D2031ED54FF480321049C1F8E020EC
S21401CF70A1F58051C1F8EC201A6CD1B2C2F3072298
S21401CF80C3F88010C3F880200422C3F88020002252
S21401CF90C3F88020C3F88020C3F88020C3F880201F
S21401CFA0C3F88020704700BF004000540060005462
S21401CFB0F0220A4B01219A64A022A3F580539A64B9
S21401CFC0074B826CC3F8C010FC21C3F89810C3F855
S21401CFD09C204FF40052C3F8BC207047006000B894
S21401CFE000400054F8B50D461746064621F023F9D1
S21401CFF001230421084C094A2363A760E6602561E2
S21401D000C2F8E010064AC2F8843121F00FF90DB1DA
S21401D01002232363F8BD00BF0040005400600054A3
S21401D02000E100E00222024B58611A63704700BF1C
S21401D030004000540122044B1A6640F6FF729963C1
S21401D040D863DA65704700BF004000542DE9F04F01
S21401D050042A05460B4683B039D901260978141FE0
S21401D06081615A7803F1040982619A788261DB78DA
S21401D07083610368D0F808B003F0070306339E40C7
S21401D08006F1FF3A0AEA0B084768A6EB0802944243
S21401D09047F000570ED84946224607EB0800FDF731
S21401D0A00FFB46EA0A0604EB0B023240AA6003B005
S21401D0B0BDE8F08F494607EB08000192FDF700FB3B
S21401D0C0019A384609EB0201A21B4244E7E7013AFE
S21401D0D0032AECD8DFE802F00B08050213F8012B4F
S21401D0E0826113F8012BAA6113F8012BAA611B7840
S21401D0F0AB6103B0BDE8F08F38B50C461546014666
S21401D1000F4B60B101220F48C3F8C0202246FFF73B
S21401D1109DFF1DB104220A4BC3F8C02038BD64B17F
S21401D120D3F8A420A24284BF0122C3F8C020022261
S21401D130C3F8A040C3F8C020EBE70122FAE700BF1E
S21401D140004000549840005438B5044621F073F866
S21401D15001211A4A638F054611663BB3B3FA83F37E
S21401D160C3F11903DBB2A069C2F8901093660723D6
S21401D170D066C2F88C304FF4A02302F50052C2F8F4
S21401D180E030A2F58052C2F8EC3000220C4B1A6057
S21401D1900C4B1B6F5B0209D54FF480020A4B04F15E
S21401D1A0F8001A67D4F8941001F08EFD4FF4E023CE
S21401D1B02846E363BDE8384021F038B80040005403
S21401D1C028530020000002B8002002B82DE9F843D9
S21401D1D005460C46B1B1D0F81880478F21F02BF8E0
S21401D1E0B5F83CC0791E01EA0C0323F00702032CB4
S21401D1F00646DFF8F8E042445CD1DEF8004024B988
S21401D20021F014F80E20BDE8F88324F00104DEF8BE
S21401D210000020F00100A04251D10023CEF80030DA
S21401D220238894426FEA43436FEA534323803CD1F9
S21401D230EB8F08EB07091846083880B202F108049C
S21401D2404C4528BF4446082804D9B4F800E0BEF58A
S21401D250804F3ED263440F431B1A3B409BB2AB87C1
S21401D260E887118894781C4AC1F30C01516453670E
S21401D270C2F88C004FF48022184B04F00704C3F860
S21401D280E0200122164BC3F88421FFF767FE042C29
S21401D2900BD14FF48002134B05F1F8001B6F124BB4
S21401D2A01A67D5F8941001F00FFD304620F0BEFF46
S21401D2B00020A8E7601E012898BF1446A7E7E88F5C
S21401D2C04344E31A48BFDB1908389842A8DC3046C5
S21401D2D096E72246B0E700BF0040005400600054C5
S21401D2E000E100E0000002B8002002B82853002048
S21401D2F0144B10B51968CA8F8B8F488F13440138A9
S21401D300073B8C69034023F007031C4402F1080322
S21401D3100D4A9BB2CB87C2F88C304FF480220B4B60
S21401D320C3F8E02001220A4BC3F88421A07800F05C
S21401D3300700042803D1074AD3681B03FCD4064B15
S21401D3401C6010BD045400200040005400600054CE
S21401D35000E100E0000002B82853002010B5064C9A
S21401D360216839B1CB0703D4044B1868FFF72EFFA9
S21401D3700023236010BD00BF285300200454002062
S21401D3804FF480320B4B0C49C3F8EC20A3F5005345
S21401D390C1F8E020D3F888109A6E012302F0070244
S21401D3A006329340C1F30C01083B994201D8FFF7BE
S21401D3B0D5BD704700600054005000542DE9F04779
S21401D3C080460C4616468769458F20F034FFB8F82C
S21401D3D03C2005F1FF3C02EA0C0323F00701032C75
S21401D3E082463944B8F83E0019D1494C24689CB9A4
S21401D3F00244073A02EA0C0222F00702BC183B4438
S21401D400E31A48BF5B19834210DB504620F00EFF3B
S21401D41000242046BDE8F08724F00104EFE7012C44
S21401D42002D0022CEBD108380C46E8E7002E3DD09E
S21401D4308C423FD1374AD2F844903649B8F8127038
S21401D440D1F88820C2F30C02934247DA2588B5F555
S21401D450804FDAD2A378C5F30C0503F007037A1ED2
S21401D460A5EB09053A43052B337005EA02052DD8CD
S21401D4702DB2E84340F241420421C00FFDF700FE01
S21401D4807580E3783374D8F81C207B1E03EA090301
S21401D490D118B160A9B213FA85F5AF422FBF0023A8
S21401D4A0FF1AB780F26024BFB180F360504620F0C7
S21401D4B0BDFEAEE7A4F10802974284BFED0802EB79
S21401D4C0C502B2F80090C9F30C09B6E7124B5B6DC2
S21401D4D0003B18BF0123A5EBC305C9E70B6C7A1EF9
S21401D4E0A3EB09033A431A400C4915B2002DCB6849
S21401D4F00BDCC3F30363D81E43424341DB003370A6
S21401D5008B6F72801B0A3374BDE70823F7E700BFF1
S21401D5102853002000400054004000B8000002B824
S21401D520054BA822D3F84C013121431C0CBF012026
S21401D530C0F38070FDF7A4BD0080E00F38B5094D3B
S21401D5400446286840F69702003818BF01202B21B0
S21401D550FDF796FDFA235C432B680A20B4FBF3F42F
S21401D560604338BD5C530020174B30B51A68431C26
S21401D570164B22D0B2F1407F1FD3154D00F03F0469
S21401D580D5F8002122F03F021443C3F8C84001F049
S21401D5903F042243C3F8D020D5F804310D4A1A407F
S21401D5A00D4B03EA500003EA510110431143074BA8
S21401D5B0C3F8CC00C3F8D41030BD00200146C3F830
S21401D5C0C800C3F8D000F2E70080E00F001F00B0EB
S21401D5D0000002B81FF087E1E0FFFF7F73B5574EEA
S21401D5E00446317819B91C225548FCF7D9FE237830
S21401D5F0544A6188137051804FF0FC62524CFF21EF
S21401D600C4F8FC204FF47F02C4F808214F4A022BCD
S21401D6104F4D117033D1042307224E49C4F8FC2321
S21401D620C5F8FC33C4F800114FF4C071C5F80011F9
S21401D630C4F8FC234FF48052C5F8FC33C5F87021BA
S21401D6404FF40052C4F87021C4F808314FF4FF13A8
S21401D650C4F8FC304FF4BB13C5F8FC308023C4F883
S21401D660703148F2C8023C4BC3F8D8203B4B3C4AC9
S21401D6700020C3F8C02F0123337002B070BD394AB1
S21401D680012BC4F80021384B27D14FF4C072C5F8DE
S21401D6900021D3F83802D3F83C12FFF765FF0723C1
S21401D6A0C4F8FC330223C5F8FC334FF48053C5F8A5
S21401D6B070314FF40053C4F870310423C4F80831B4
S21401D6C00DEB0300ECF740FB9DF80530023B012B08
S21401D6D09CBF8023C5F87031C3E7244AC5F80021F2
S21401D6E0D3F83002D3F83412FFF73EFF0723C4F80D
S21401D6F0FC330123C5F8FC338023C4F870314FF4A2
S21401D700805301A8C4F87031ECF71EFB9DF8053074
S21401D710012B05D19DF8043053B948F25D1309E099
S21401D720FBD9023B012B9CBF4FF40053C5F8703167
S21401D73048F25813084AC2F8D83097E72863002001
S21401D740C41F00B0806C0020002002B8FE6C0020D0
S21401D750001002B8C0F10F00001F00B0001000B0AA
S21401D76030530020C0F70F000080E00FC0F60F0016
S21401D770034B1A6802609B8883800020704700BFB5
S21401D780806C002010B5044601F026F80A4BD3F849
S21401D790F83724B983F40023C3F3C04010BD012C2D
S21401D7A005D113F4C02F0CBF01200020F6E7A31EFD
S21401D7B058425841F2E700BF000002B86FF07F42BE
S21401D7C0154BD3F8FC37934208D0144A03F03F03B5
S21401D7D01370F123124A1370124A13701249134B35
S21401D7E009781A68A9B1B2F1A06F12D3D3F8501212
S21401D7F00F4A104BB1F1FF3F18BF13460E4A136094
S21401D80041F66A020D4B1B68B3FBF2F30C4A136038
S21401D8107047084BF2E700BF000002B8FF6C00201B
S21401D820006D0020016D0020FD6C00200080E00FDF
S21401D8305082E00FE4AB04002C5300207853002004
S21401D8405C530020012807D0022802D030B1002006
S21401D8507047034B18787047024BFBE7024BF9E71A
S21401D860FF6C0020006D0020016D00200023F0B544
S21401D87090F8304185B002462046CDE90133CDF817
S21401D8800B30FFF7DFFF92F82B30411EC9B28B42F7
S21401D89028BF0B46002C3CD0012C38D10424184656
S21401D8A04FF00F0C384E0DEB0405B0FBFCF7F75D9F
S21401D8B0013CC01BC0B2814238BF00206055002C1D
S21401D8C0F3D105240F278DF80830B3FBF7F0305C51
S21401D8D00344DBB28B4228BF0B462B5501340B2C7D
S21401D8E0F3D10F2602F1A800D43215F8013BB3FBA1
S21401D8F0F6F14C1CC1EB01115B1A0133DBB2E4B249
S21401D9001B0443EA045340F8043F8242EDD105B0BC
S21401D910F0BD042418464FF00F0C1C4F0DEB040607
S21401D920B0FBFCF5EDB27D5D013C401BC0B281420F
S21401D93038BF0020A055002CF2D105240F258DF804
S21401D9400830B3FBF5F0385C0344DBB28B4228BFEA
S21401D9500B46335501340B2CF3D10F2502F1A804E5
S21401D960D43216F8013BB3FBF5F1481CC1EB0111AB
S21401D9705B1A0133DBB2C0B21B0443EA005344F81E
S21401D980043FA242EDD1C2E7DDAB0400D0AB0400F8
S21401D99038B5284B05461A7827490C2A02D1FF20AC
S21401D9A0087038BD10461BF039FF04461046FFF7D5
S21401D9B049FFA84228BF2846C0B2A04238BF204629
S21401D9C00B78C0B28342ECD0087088B1431EDBB23C
S21401D9D0022A1A490ED14FF0FC62C1F8FC20A1F5CB
S21401D9E00051D1F8FC2042EA4353C1F8FC30D8E795
S21401D9F00346EDE7124A134C1268AC32C4F8C02F46
S21401DA004FF47F02C1F808210F49CA6FD202C8D469
S21401DA100F22B3FBF2F2551CC2EB02129B1A013322
S21401DA20D1F808411B0443EA05532343C1F80831E2
S21401DA30B7E700BF806C0020FE6C0020002002B813
S21401DA4004540020001000B0000002B82DE9F04F89
S21401DA5090F830510646D0F8A82087B035BB1F2A6B
S21401DA6038BF1F22093A4C24844B85481B6A96F816
S21401DA702B10C3F38213DC400368DFF82CA2934219
S21401DA80DFF828827F4B04F0010414D11F78A742E7
S21401DA9011D19AF80070AF420DD17B4F3F788F427B
S21401DAA009D1B8F8040007B0BDE8F08F032A38BFE3
S21401DAB00322023AD7E7026098F800001C70FFF7CD
S21401DAC0C1FEFF2924D128461BF0A8FE07466F4950
S21401DAD03CB3D6F8E4702FB13B68082B40F2CB80FC
S21401DAE097F838701DBB0B6840F27121B3FBF1F358
S21401DAF053431922B3FBF2F339462A4605A8059388
S21401DB001BF062FE02023C04059842F0110988E00F
S21401DB10471E8F4228BF0F46012F38BF0127FFB28D
S21401DB20D5E7012D29D0022D01D0B5B327460B68C4
S21401DB3040F27121B3FBF1F353431922B3FBF2F325
S21401DB403946012207EB072405A8059307EB0424B1
S21401DB501BF03AFE7F00032F38BF0327020242EA7A
S21401DB60001242EA0009033F00F01F0007FA00F026
S21401DB70FFF7E4FC00F5FA6758E00F23B7FBF3F371
S21401DB80581CC3EB0313FB1A0133DBB2C0B21B04F0
S21401DB9043EA0053C3F30747C9E70C6840F2712113
S21401DBA0B4FBF1F40F2354431922B7FBF3F3B4FB90
S21401DBB0F2F43748374A0068A2FB0412013350FAE0
S21401DBC083F313F8013C0392A3F140012A4603A80C
S21401DBD001931BF0F9FD039F2F4AE41BA2FB0412DD
S21401DBE000903021049204A82A461BF0EDFDDDF8D2
S21401DBF010B08146A4EB0B0401220594102144F2D7
S21401DC00100405A81BF0E0FD009B1A02019B42EAE6
S21401DC10091244EA0344059B42EA000907EB0B009C
S21401DC201844FFF78BFC00F50C57283740F6FF71B8
S21401DC301A4B3846C3F8C010A3F58053C3F8C090FA
S21401DC40A3F58053C3F8C440154C276001F0B0FC1F
S21401DC504FF47A72134B4042986523680A49B3FB26
S21401DC60F2F3A8F8043096F82B30B7FBF2F08AF8F6
S21401DC7000500B7017E7002734E700BF004001B8DB
S21401DC80C469002029630020FB6C00207853002023
S21401DC902C53002069C2F568911E856B006001B89F
S21401DCA060530020001F00B0FC6C0020806C002038
S21401DCB0014B1870704700BFFD6C002010B504467C
S21401DCC003F012F878B1174B1B786BB964B1164B99
S21401DCD01B784BB1154B1B78013B012B04D84FF435
S21401DCE00042134BDA6710BD124BDB6F1B04FAD4EC
S21401DCF020F0A1FA4FF400420F4B0446DA67A3F571
S21401DD00A0435B682BB1FEF741FF10B102201BF068
S21401DD1096FD0222094B2046BDE81040C3F8842434
S21401DD2020F084BA2A6300202B630020645300206D
S21401DD30002002B8000002B8001002B800D003505C
S21401DD400122024B00201A70FFF7B8BF2A63002099
S21401DD500022024B01201A70FFF7B0BF2A63002091
S21401DD60F7B50646504C00F037FD504B2578504F1E
S21401DD701E7085BB2846FFF7A1FF2378013B012BC8
S21401DD8019D8E37B01A88DF80430237C8DF8053083
S21401DD90E9F77EFCC7F884544FF6FF72454BC3F88B
S21401DDA08420F822A3F58053C3F884200022404B38
S21401DDB0C3F884240DE04FF6FF723E4BC7F8845437
S21401DDC0C3F88420F822A3F58053C3F88420C7F84B
S21401DDD08454394B5BE00020FFF770FF2378013B4A
S21401DDE0012B08D8E37B01A88DF80430237C8DF83D
S21401DDF00530E9F74DFC0023C7F88434002ECBD05C
S21401DE0062685AB32D4B1B6803EB5203B3FBF2F364
S21401DE10013B1B0243F0F80326782649022E284AC6
S21401DE201ED0032E4FF6FF75214826D0012E34D181
S21401DE3043F00203C1F88450C2F884300723C0F8C7
S21401DE408434E37B01A88DF80430237C8DF80530FB
S21401DE50E9F7F2FB0120FFF731FF17E0F823DBE7D4
S21401DE604FF6FF7043F00103C1F88400C2F8843016
S21401DE7006220F4BC3F88424E3E743F00503C1F8F9
S21401DE808450C2F884300423C0F884340D4B4FF01C
S21401DE9080420020DA6703B0F0BDC1F88450C2F8B2
S21401DEA084300023F0E700BF645300202B6300207A
S21401DEB000C00350006000B8002002B8785300206C
S21401DEC0005000B8001002B8F0B5294F06463D468E
S21401DED004460FCE0FC5336885B02B6000F07CFC7E
S21401DEE00022244BC3F88424A17A627A42EA0142D2
S21401DEF0C3F89024217CE27B42EA0142C3F88C24D9
S21401DF00217B627B41EA0240C3F888043B78032BFD
S21401DF102AD8DFE803F022020C178DF8041004213A
S21401DF208DF805200DEB01000022E9F751FBE37B9C
S21401DF3000228DF80830237C042102A88DF80930D0
S21401DF40E9F746FB637A01228DF80C30A37A0421A7
S21401DF5003A88DF80D30E9F73BFB074B187805B0A1
S21401DF60BDE8F040FFF7FCBE212005B0F0BD00BFC4
S21401DF706453002000C003502B630020034BDB6F6B
S21401DF80002BBCBF024BC3F888007047000002B8E4
S21401DF90004000B82DE9F0471BF0B5FC4FF47A7647
S21401DFA02D4BB0FBF6F618604FF4FA737343074631
S21401DFB02A48190E1B021818294A4FF0000341F18E
S21401DFC00001FBF781FE274BA0F5807205461A6318
S21401DFD020B948222B21FDF753F801254FF47A7218
S21401DFE04FF0000A6A43534650083102FBF76CFEB5
S21401DFF01C4B1D4AB7F57A7F9A601C4B4FEA0568A1
S21401E00019601B4B8946044618604FEA152505D250
S21401E0109B222B215046FDF733F801264FF47A73E5
S21401E020A8FB030103FB05117308C01841F10001A9
S21401E03000233246FBF748FE0E4B023419600E4BA6
S21401E04049F10009A408186044EA8974054B013CAB
S21401E0509C63BDE8F08700BF7853002020A107002D
S21401E06040420F0000C001B8021101008853002091
S21401E07084530020805300207C5300201022044B40
S21401E080C3F884215A600122024BDA60704700BF50
S21401E09000E100E000C001B81022064BC3F884215D
S21401E0A0C3F88420BFF34F8FBFF36F8F0422024B58
S21401E0B0DA60704700E100E000C001B810B5044620
S21401E0C0A242A2EB0000A3EB010104D2034B0139EB
S21401E0D09B6B0133184401F0030110BD00C001B869
S21401E0E038B501250A4B02019D504FF48073044652
S21401E0F0084A8340536620F09EF8074AA5401378E5
S21401E10023EA05031370BDE8384020F08FB800BF3E
S21401E11000E101B800E001B8346300202DE9F84FB2
S21401E120164605468A461F4620F085F8022E00F060
S21401E1309080804620F08CF8594B5A4AD3F82090AC
S21401E140147D5A6EE4B2520744BFD3F820900134CE
S21401E15004F0030420F077F84846214600F036FA2A
S21401E1608446DAF80000012E04BF01306044ACEBAF
S21401E170000C08BFCAF80000BCF1804F7DD300F048
S21401E18037FA8145A1EB040188BF454BDFF834C15E
S21401E19088BF01F1FF3101F0030188BF9B6BA0EB43
S21401E1A0090E0CF80510A1B1F90742BF41F61F721E
S21401E1B03D4B5A67BA0742BF3B4B3C4A5A677B07FF
S21401E1C042BF0022364B9A673C0742BF0022344BBF
S21401E1D09A6511244FF0010A314B05F11002120124
S21401E1E003EB051BCBF80C0131499C501A6A0AFA5D
S21401E1F005F4586E0B78A2EB0902E4B2234372458C
S21401E2000B7025D34FF48073AB40034220D11CF82A
S21401E2100520002A40D10EB3264AF807536607D5D3
S21401E22041F61F7140F201101F4B5967506759673D
S21401E230B90706D51C4B1D4A1E491F485A67486731
S21401E2405A677A0742BF01221C4B1A613B071AD450
S21401E25040461FF0EBFF0120BDE8F88F184A2D015C
S21401E26042F805A042F89C3C1FF0E5FF10490B78E8
S21401E27023EA04030B701FF0D9FF40461FF0D6FFB8
S21401E2800020BDE8F88F2120FFF778FE4FF480329A
S21401E290034B4046DA60DCE7064A40465366D8E759
S21401E2A000C001B8E853002000E001B800001F1FBD
S21401E2B03463002000D001B800000101000002B85C
S21401E2C000E101B82C630020024B1878003818BF13
S21401E2D00120704734630020034B103000011858AA
S21401E2E000F00100704700BF00C001B870B50646D7
S21401E2F0FEF74CFC044608B1FFF7CEFE0023084D9E
S21401E3003046AB61EB612B6200F072F9054BC9B286
S21401E310197528620CB1FFF7B1FE002070BD00BF71
S21401E32000C001B8E85300202DE9F0419DF818809F
S21401E3300D46B8F1000F08BF0022214EB5F5803F0B
S21401E340B168074621F4700141F4A001B1609DF85F
S21401E35020409DF81C104FEA042444EA016444EA74
S21401E360031444EA084444EA02044FF0180140F258
S21401E370E9222CBF002001207465FCF781FE35647C
S21401E380B8F1000F1AD00F4BBC68D3F888305A2C5E
S21401E39038BF5A245B0606D500F0F0FB18B10A4BCD
S21401E3A0B3FBF0F31C44204600F022F9013085420D
S21401E3B038BF0022024B34BF5A645864BDE8F0816E
S21401E3C000C001B800C000B800093D00214B10B5DF
S21401E3D01A6E1A66596C59B11F49C96800292EDB95
S21401E3E0596D4FF0FF3301F00F018B409A4326D150
S21401E3F010242020FFF7C2FD184B9C6002F088FB1A
S21401E4002022174BC3F8842101F0F4FC48B1002206
S21401E41000200821FEF71CF8124B5C66A3F580531A
S21401E4201C670D4AD36803F07063B3F1807FF9D996
S21401E430084B0D4A5A6741F201429A6710BD01F036
S21401E440D9FC0028F4D0094B064A5366A2F580523F
S21401E4501367EDE700C001B8000002B8001002B86B
S21401E46000E100E000E001B8011B011810000020E7
S21401E47008B52120FFF782FD4FF48032014BDA60A8
S21401E48008BD00BF00C001B8F8B5184D04462B6A98
S21401E4901B0426D500F0E6FB2B6AA0FB044613F00E
S21401E4A0787F4FEA9367C3F34450C3F3044505D11D
S21401E4B040F25A422B21FCF7E3FD0120AD01B5FBEA
S21401E4C0F0F010EB871005D140F25F422B21FCF7EC
S21401E4D0D7FD01200246002320463146FBF7F4FB18
S21401E4E0F8BD00F04BFBA0FB0401F9E700C000B843
S21401E4F00246012030B50B4CA0F12003C0F12005E7
S21401E50024FA05F504FA03F32B4304FA00F59542C1
S21401E5108B4100D330BD0F2801D00130ECE7FF203E
S21401E520F8E700BF40420F0010B50C46FFF7ACFFFE
S21401E530C30943EA4163C01A61EBD111FFF7D8FF63
S21401E540FF2814D00F220C4B40F01000C3F888208F
S21401E550A3F58053C3F88800A3F580531B6ADBB28A
S21401E560802B06D02046BDE8104000F067BB212076
S21401E57010BD0220FCE700BF00E000B838B51FF070
S21401E58067FE084B084A1D6A147D5A6EE4B25207AC
S21401E59044BF1D6A01341FF056FE284604F00301ED
S21401E5A038BD00BF00C001B8E85300200346064A44
S21401E5B0103302EB00111B01D1F80C01D158C1F345
S21401E5C040011BF047B900BF00C001B8064B1B68ED
S21401E5D0434303EB8171054B1B68A3FB003013F12A
S21401E5E0004341EB00007047805300207C5300201D
S21401E5F00C4A20F04043014610B5002014684FF045
S21401E6000042E4FB0320084A890F126802FB03005C
S21401E610064B9B6B984204D901330131C01A01F0B5
S21401E620030110BD845300208853002000C001B8A8
S21401E630044B01F0F071103041F003010001195054
S21401E640704700BF00C001B808B52220FFF796FC4E
S21401E6504FF48022014BDA6008BD00BF00C001B84C
S21401E66008B5064B4FF030401A6805499200FCF792
S21401E67027F8BDE8084001F0E3B800BF20AC04006D
S21401E68024AC040070B50C68651C15D0C4F3026692
S21401E6909E42C4F3074530D1A4B294422DD804EB70
S21401E6A08506B24229D2141BA50824F003040E598C
S21401E6B0340F04D0012C08D00022212402E06B1C68
S21401E6C051F82320C0E9002470BD0E4C34F81330F5
S21401E6D042EA03431A686B1C51F8234001EB83019D
S21401E6E04B6822405E4036F0704404D11B0F032B6A
S21401E6F004BF8B681A430024E4E7013501EB85016A
S21401E700C1E700BFF8AB040007B501A8EBF71CFB97
S21401E7104822164B5A65164AD2F8D43023F4FC33F5
S21401E720C2F8D430134B1B689DF80530023B012B11
S21401E73019D84022104BC3F8FC23104BD3F85C3297
S21401E740DBB2FF2B00D10623094A1B03D2F8FC13C8
S21401E7509BB20B43C2F8FC33D2F83021084B1A6047
S21401E76003B05DF804FB00F0E7FEECE7008001B8BB
S21401E770000002B8002000B0001002B80080E00FD0
S21401E7801C53002000224FF400710F4B10B51A677E
S21401E7905A679A670D4AD162012102F5E832516142
S21401E7A0DA6812F0706FFBD14FF0304201245A66DE
S21401E7B002F5FC5208329C66DA64054B1B689847E2
S21401E7C0044B5C6110BD00BF000002B8004000B8F9
S21401E7D0C8690020002002B801230F4A0F49C2F879
S21401E7E080328A6A22F002028A620D4A53600D4A1A
S21401E7F053600D4A5360A2F580425360A2F5404231
S21401E800536002F5C032536002F580425360A2F5B0
S21401E81000425360704700BF0080005000C00050A7
S21401E82000D000B800500054005001B808B5FFF7FA
S21401E830D3FF0E4B0E4ADA6700F076FEFFF764FF51
S21401E84003220C4BC3F8E020012203F54043DA67AC
S21401E8504FF460725A614FF40072DA67FEF778FB84
S21401E860BDE808400021FEF74FBB00BF000002B81C
S21401E8700048F000005001B82DE9F04F054687B07A
S21401E88002900F4657F8044B631C06D1029B2C607E
S21401E890E81A801007B0BDE8F08F5FEA147B18BF56
S21401E8A00123344AC4F3016108BFC4F3074332F8B5
S21401E8B01120A4B24FEAC30A2F4844EA02440AF1DF
S21401E8C004022A4482421BD20722CA4002F00102F5
S21401E8D001929A0004EB830303930123B94603FADA
S21401E8E00BF808F0940305F1080604920593039BC0
S21401E8F009F10409A34208D1049955443944C0E7F3
S21401E9001D4A9542E0D80020C4E7059B53B918F08C
S21401E910420F19D118F0280F0BD146F8084C59F8B8
S21401E920042C21E04FF4206232210020FCF7A8FBE2
S21401E930F3E740F6042232210198FCF7A1FB04F527
S21401E940805246F8082CEAE740F60D22322101985B
S21401E950FCF796FB04F50052BBF1010F46F8082CB4
S21401E960DDD159F8042CD24346F8042C0434083679
S21401E970BDE700BFF8AB0400003000B0F8B50546AF
S21401E980F0B10026154B34461F46154953F8042BA3
S21401E990BAB9A00000F13040294600F50150FFF752
S21401E9A06BFF30B940F6AE323621BDE8F840FCF7D1
S21401E9B067BB0C4B0134044447F8265023F8164035
S21401E9C0F8BDAA42FCD001360C2E02D031F8164012
S21401E9D0DCE740F6C83236210020E6E78C530020FB
S21401E9E0D25B0020D45B002070B50446A8B1C1B14B
S21401E9F0384A52F8043B984215D1002336498A68B2
S21401EA009206FCD49B00354A03F1304303F50153CB
S21401EA10C2F8B0302022324B9A6070BD01330C2B05
S21401EA2002D1304D12E0012352F8041BA142F5D168
S21401EA302D4A32F81330E1E704D16268C3E90012C7
S21401EA40083403E0012A01D1043419602268531CFA
S21401EA50E3D0C2F3016335F81300110C93B211F041
S21401EA60FE0F43EA004360680DD00434CAB2022A9E
S21401EA702168E1D9D4E90160033AC3E90016986038
S21401EA800C340C33F3E7120F072AD9D8DFE802F06B
S21401EA900704090D1013181DC04303F50053186031
S21401EAA0CEE71A6842401A60CAE703F58053F6E7D4
S21401EAB01AF0C5FEC4E7012203F580538240F2E74F
S21401EAC0012203F500538240EDE71A6830EA02029C
S21401EAD0FBD1B5E78C530020000002B8001E00B041
S21401EAE0001002B8F8AB0400D25B00200122014BF3
S21401EAF0DA677047001002B80122014BDA677047E7
S21401EB00002002B84022014BDA677047002002B8A5
S21401EB104022014BDA677047001002B80B4B1B68A6
S21401EB20D3F8E43023B11A68022A01D9186A70476B
S21401EB30074B9A6D90B238B1064BC2F307421B6879
S21401EB40DB085343B3FBF0F0704700BF04540020CA
S21401EB50004001B878530020064BDB68C3F303631B
S21401EB60984206D1044AD36B23F0F00343EA01111D
S21401EB70D1637047000002B8001F00B0054B1B6848
S21401EB80D3F8E43013B11A680A2A01D8FFF7C6BFD2
S21401EB90186C7047045400202DE9F74306461AF016
S21401EBA047FE00248046DFF890901FF044FB0DF1ED
S21401EBB0070105460DF10600FEF75AF89DF80630E6
S21401EBC08BB9721C29D01AF033FEA0EB0804284634
S21401EBD01FF02CFB9DF8063013B99DF807303BB3A8
S21401EBE0A642E2D824E0D9F80C3013F4603FE8D00E
S21401EBF0D9F810001AF089FE731C074603D01AF0E4
S21401EC0017FEA0EB080428461FF010FB17F5007F3F
S21401EC10E0D0384603B0BDE8F08328461FF006FB77
S21401EC209DF80630002BC0D19DF80730002BBCD1D3
S21401EC30004FEEE700FEFFFF00C000B810F1800FA6
S21401EC4004D04D28CEBF7F20323040B2FF22044B85
S21401EC50C0B21A62A3F5805318620020704700BF45
S21401EC6000E000B80B4A10B5136E0B4C116E03F0A2
S21401EC700703E35CC1F3CD0101FB0333126E0748C2
S21401EC80C2F3454202FB033300688001B0FBF3F098
S21401EC9010BD00BF004001B8F0AB0400785300205F
S21401ECA0084910B5D1F89C3040B11C46CA68D1F865
S21401ECB09C309C42F9D1C2F30362027003F00F004C
S21401ECC010BD00BF000002B8094B01F080011B6FA8
S21401ECD003F480030B4309D14FF40012054B1A626B
S21401ECE0837F1BB10122044BC3F80021704700BF8C
S21401ECF0000002B8006001B8005001B82DE9F04FDD
S21401ED00404F804685B038680C461AF098FA20B90C
S21401ED100024204605B0BDE8F08F2246002140467B
S21401ED20FBF73EFB384B5D6915F00105F0D1FCF7AA
S21401ED3001F806460028EBD03F6838461AF0B7F9C6
S21401ED404FF6FF73984234D04FF060512F4E304B40
S21401ED50304AD3F82090D6F88C3011624FF000611B
S21401ED60A2F58052116224220421C6F88C202A4A78
S21401ED704FF4804B91604FF480520027DFF8A4A037
S21401ED80CAF868B0F262A7421ED30421234A9160F2
S21401ED90A2F5F032C2F88C304FF060521D4B1A6269
S21401EDA009EA02031E4A13624FF480421D4B9A661B
S21401EDB0AFE7314638461AF01EF901463846FCF7E9
S21401EDC0FDF80028C0D0A3E7B26E5104FCD5B268A6
S21401EDD0D205F9D5CAF868B0D6F890200135012DCC
S21401EDE00392D0D9E21B042AA8BF042208EB07002D
S21401EDF003A901930092FBF763FC009A019B3A4436
S21401EE0097B2C0E704540020000002B8004000B8E2
S21401EE10004001B8006001B8001002B8002002B836
S21401EE20005001B8006000B84FF604014FF6050225
S21401EE30044B01201B6C9BB28B4208BF1346024A4F
S21401EE40136670470080E00F00C001B82DE9F74F48
S21401EE5081460F464FF0FF35FFF790FB00260190E5
S21401EE608A462C463046DFF8D8B006F110031B015F
S21401EE705BF8033003F00308B8F1010F15D13046F3
S21401EE80FFF794FB02460B4601985146FFF716F929
S21401EE90DBF8643006F10802D340DB0739D5002FD2
S21401EEA040D000252C463E6040460136082EDCD177
S21401EEB060B3234A0027D2F808C0916B0CF44033A4
S21401EEC00131A4FB0141641941F10001B3F5003F92
S21401EED030D1536B0CF4405C013347F10006BCF5AE
S21401EEE0805F22D1156B15F5807505FB06F647F197
S21401EEF0000203FB0266A5FB03323244594304FBBE
S21401EF000212A3FB04341444C9E9003403B0BDE87B
S21401EF10F08FA84271EB0403C6D207B13E600546E6
S21401EF200C46C1E73D463C46BEE7320242EA136262
S21401EF301B02E3E7136B13F5807347F10002DDE76D
S21401EF4000C001B808B51AF0F4FC044B5A7C012342
S21401EF5002329340024A536108BD00BFE8530020C5
S21401EF60002000582DE9F34105460F466846114634
S21401EF70FFF76CFF0646B0B1AFB1DDE900321B0A00
S21401EF8043EA0263A5FB0384094B120A05FB02440C
S21401EF901A6812B91AF0B7FC024600234046214609
S21401EFA0FAF792FE3860304602B0BDE8F08100BF45
S21401EFB07853002037B50446FFF70EFCE178227936
S21401EFC01B4841EA0243C0F8CC34E579A37943EA09
S21401EFD00543C0F8D03423784BB18DF804100421D2
S21401EFE08DF805200DEB01000022E8F7F1FA6378B1
S21401EFF05BB10421A37900228DF80430E3790DEB8F
S21401F00001008DF80530E8F7E3FA227801235AB1BA
S21401F010084AC2F8C834627802233AB1054A002089
S21401F020C2F8C83403B030BD034AF2E7024AF6E735
S21401F03000C0035000D0035000E0035070B52C4BC5
S21401F0400C461A7812B92B4A926D1A702A4AD26F58
S21401F05052054AD51D78294B05F00F06B0FBF3F093
S21401F06040434FEA151505D140F27C622B21FCF78F
S21401F07007F80120224A0A217243B2FBF0F3484303
S21401F080B3FBF1F602EB5002B2FBF0F201FB1633D2
S21401F090042BD2B207D8C3EB8310C3EB80035BB259
S21401F0A083B96DB217E0C3F10B0303EB8303DBB245
S21401F0B0B3FBF1F32B44DDB20F2DF2D9013AD2B2F4
S21401F0C0053DEEE7053B5BB293FBF1F31D44EBB266
S21401F0D06DB2002D04DB002042EA0512226070BDED
S21401F0E001320533D2B25DB2F5E70220F7E700BF81
S21401F0F035630020008001B8000002B8403B2500BF
S21401F100809698004FF0000C2DE9F84FA2FB017B8A
S21401F110C84EDFF85CE3BE1999466BF10003B645AD
S21401F1207CEB030308D240F23E220E216046FBF739
S21401F130A7FF0220BDE8F88FD0F8E4A00C461546DC
S21401F140BAF1000F04D0DAF80030032B00F21B816D
S21401F150B94BBA4A9B6BD2F8FCA0C3F31408B84B60
S21401F160D3F8EC305E00B64B48BF48F400181B6E6F
S21401F17048EA456858074EBF4FF440039B0503F025
S21401F180E07348EA03081DF02FF9012D0646D0D199
S21401F1900028CED0AB4B984200F0048103F5122331
S21401F1A003F5F863984200F00381A74B984200F0FC
S21401F1B02F81002502462B4600204FF00071FAF7FA
S21401F1C083FD2B46013007FB03F3C8F3130100FB55
S21401F1D00B33A1FB0662A7FB007001FB052203446B
S21401F1E020339B09C9F80030F60C984B46EA4236A4
S21401F1F018F4801F1C6008BF7642954B954DC9F8E0
S21401F200144034441E602C60BAF1000F00F0B9803F
S21401F21000239149C8F381528A5C194618F0807F11
S21401F22018BF6408002EB8BF764292066008C2FB7B
S21401F23006012246FAF748FDDAF800300E2B08D907
S21401F2407F4B7D4A926BD969D3F80C31C90600F120
S21401F250D68018F4001814BFC42240F207127F4962
S21401F260C0F31300A1FB04614FEA511102FB01F147
S21401F270C9F80400DAF818004FF4FA73B1FBF0F19C
S21401F28018BF4FF0000801FB03F3A4FB0262FA3338
S21401F290A3FB003004FB0822B342904138BF013182
S21401F2A0C9B241F4006CC9F808C000297ED0DAF86A
S21401F2B01C00A1FB003624B1B4FA84F20E2A40F3F6
S21401F2C08880E203002E77D1B2FBF3F2530003FBF2
S21401F2D00113A3FB00764FEA044EBE454FEA1444E1
S21401F2E074EB060609D34E003344A0FB0371BE45FA
S21401F2F074EB010102F10102F6D2C2F30E024CEAEE
S21401F300023C4CF00063C9F808301DF06DF82B681C
S21401F310002B00F08880B3FA83F4D4F102044CBFCA
S21401F3201C4623FA04F44E4B9C4288BF640800280E
S21401F33046D0B4FBF0F3642100FB134201FB02F25A
S21401F340904244D85A1E52085B08013B120242EA18
S21401F3500313C9F80C301DF013F800285CD0B4FB79
S21401F360F0F2642100FB124401FB04F4A0425ED8D3
S21401F370531E5B085208013A1B0243EA0213C9F8FE
S21401F38010300020D6E6042BDAF828807FF4FBAE96
S21401F39018F0807F0CBF08F0E0734FF4400328F0AC
S21401F3A0E078EEE600232F481D460CE72120C1E653
S21401F3B000232D481D4606E70B46002289E7044632
S21401F3C040F2C2422B210020FBF75AFE2346013BA6
S21401F3D0B8E7C2F10F0702F1110E06FA0EFEFB4066
S21401F3E043EA0E03A7F1200E26FA0EFE43EA0E03A9
S21401F3F0FE40013304FA02F246F1000662E702F427
S21401F400801203F400131A4308BFC0F5801020E7EA
S21401F410002316481D46D6E640F2E5422B21FBF7AF
S21401F4202FFE621EA4E70028C9D01C46CFE714466B
S21401F430F7E700BF006CCA88008001B8001F00B063
S21401F440004001B800F04902005A6202C45300208D
S21401F450C0530020BC53002008AC0400D34D6210FA
S21401F4603FBE40250A3BB2DF313641DCD694BFD6DB
S21401F470807C814A10B50B46044686B039B982793C
S21401F480016821486B460068FFF73CFE6B461F4A41
S21401F490196851631E4AD2F8FC2062B35A6842B119
S21401F4A01C4A1D49C2F80C115968A2F58052C2F8CF
S21401F4B00C119A6842B1174A1849C2F8EC109968BB
S21401F4C0A2F58052C2F8EC101549D868D1F864212B
S21401F4D022F4EE620243C1F86421D1F85C21186976
S21401F4E022F4EE620243C1F85C21A1F5FF4158699E
S21401F4F02839FFF7A3FD0020A2880A4B9A6203F57C
S21401F500A033186406B010BD04540020008001B872
S21401F510001F00B0006001B8FFFF0F00FFF8FF0FEB
S21401F520000002B8004000B84FF48062014BDA6771
S21401F530704700BF001002B84FF48062034BDA67D1
S21401F540034B1B780BB1034A93657047002002B842
S21401F55035630020008001B840B10368012B05D94E
S21401F5600069034B002808BF1846704700487047DB
S21401F57010AC040010B590B10468012C0FD90269D3
S21401F5806AB11168094B102C19605168596091686D
S21401F59088BFD268996094BFD960DA6010BD102226
S21401F5A000210248FAF7FCFEF8E700BFCC53002022
S21401F5B0084BC1171A68A2FB000302FB013310F1C6
S21401F5C0807043F10003400E40EAC310803820EA01
S21401F5D0E0707047DC5300200722164B70B5DA66E0
S21401F5E0154B164A1D68164BEC08E005C0184FEA85
S21401F5F0153141F100010023FAF766FB114B124E5B
S21401F60018604EF66020FFF7D3FF4042C6F884002C
S21401F6100E48FEF7EDFF024658B1E30150081818F0
S21401F6204FEA15714FF0000341F10001FAF74CFB68
S21401F630F06570BD000002B87853002065CD1D004E
S21401F640B2E60E00DC530020001F00B040420F005F
S21401F65010B5044698B10B4BD3F8FC00FFF78AFFB0
S21401F6604FF47A7303FB04F0074BA0F6AC50DA684C
S21401F6709B681044C01ABDE81040FFF799BF4EF6CC
S21401F6806020F8E7001F00B0CC5300202DE9F843B6
S21401F6900546084614461E46FFF76CFF0DB306F0F6
S21401F6A0020716F004061ED1DFB14FF47A706B68BC
S21401F6B05843002B40F08C80FFF77AFF60626B693D
S21401F6C0002B00F08C804B4AD0684FF47A7202FB14
S21401F6D00300A0F503501038FFF76AFF2062002EE2
S21401F6E057D1BDE8F8832869002868D04FF47A73AB
S21401F6F05843404BA0F6AC509B68C01AFFF758FF22
S21401F700E061A88B00285DD04FF47A735843394BDB
S21401F710A0F6AC509B68C01AFFF74AFF2061364B33
S21401F720E968D3F8008000294FD04FF47A73594323
S21401F730304BA1F6AC519A685B68891AC91A2F4BEF
S21401F740C8171A68DFF8BC90A2FB011302FB00334E
S21401F75011F1807143F10003490E41EAC31180396A
S21401F760274B6161DB6EA361D9F8003053B1404687
S21401F77019F05FFF30B12246D9F800301D49D8F89C
S21401F780D80098470021A869FFF762FFA062002F02
S21401F7908BD1A86830BB47F23050FFF709FFA06055
S21401F7A04FF47A702B6858432BB1124B1B6803F544
S21401F7B01C5310331844FFF7FBFEE06091E74EF64A
S21401F7C060209BE74EF66020A6E74EF66021B6E77E
S21401F7D0084B1B6803F51C53103318446CE747F2BB
S21401F7E0305079E74FF47A735843A0F50350103838
S21401F7F0D3E700BFCC53002004540020DC53002084
S21401F800001F00B0C853002038B5054608461C4600
S21401F8101AF031F80246D5F8E400FFF79DFE43687A
S21401F820A018002B044AA8BF4FF4FA721A44034BDF
S21401F83092FBF3F2104438BD0CFEFFFF18FCFFFFED
S21401F84070B5124C88B001AD0FCC0FC594E8070017
S21401F85085E807008C2200210D48FAF7A1FDD42285
S21401F86000210C48FAF79CFD0B4B0C4A5A6301F039
S21401F8704DFA0B4B1B783BB1044E01AD0FCD0FC6B5
S21401F88095E8070084E8070008B070BDC41F00B003
S21401F890A01E00B02C1F00B0001F00B010111111E7
S21401F8A02863002008B51EF0C6FC0E4B1A78A2B9D4
S21401F8B00D4A126812F4843F0FD10C4A1021D16709
S21401F8C01B7863B9084B1B68DB0508D4074B20225D
S21401F8D0DA67BDE808401EF0A9BC054AEEE7044B0E
S21401F8E0F5E700BF3B63002048160020002002B861
S21401F8F0001002B80A4B197801F0FF0229B1002165
S21401F900197008499202C1F8B420597801F0FF0233
S21401F91029B1002159709302024AC2F8B8307047E3
S21401F92036630020005000B8064BD3F8D80E064BBD
S21401F9305B6F1A0103D4054B9B6E1B0401D500F5C2
S21401F94080707047001000B0000002B8004000B898
S21401F95010B51EF070FC0E2104460320FFF7FCF8DC
S21401F96040F20122034B2046BDE81040DA621EF049
S21401F9705DBC00BF004000B808B51EF05CFC4FF04F
S21401F9800042224BC3F88020BFF34F8FBFF36F8F27
S21401F9900122C3F88420BFF34F8FBFF36F8F02227B
S21401F9A0C3F88420BFF34F8FBFF36F8F0422C3F8D1
S21401F9B08420BFF34F8FBFF36F8F0822C3F88420D4
S21401F9C0BFF34F8FBFF36F8F1022C3F88420BFF3AE
S21401F9D04F8FBFF36F8F2022C3F88420BFF34F8F62
S21401F9E0BFF36F8F4022C3F88420BFF34F8FBFF35E
S21401F9F06F8F4FF48072C3F88420BFF34F8FBFF32D
S21401FA006F8FBDE808401EF011BC00BF00E100E0AA
S21401FA1008B51EF010FC4FF00042094B1A60012297
S21401FA205A6004225A6008225A6010225A60202224
S21401FA305A6040225A60BDE808401EF0F7BB00BF7E
S21401FA4000E100E0012370B5074C2370074B1E68E8
S21401FA50074B3240D3E9005319402840FCF7F8FC25
S21401FA600023237070BD00BF39630020E4530020DB
S21401FA70481600200022044B1A70044B197811B165
S21401FA801A70FFF70FBF70473A6300203B630020F0
S21401FA902DE9F047DDF820A003EA0108099B064698
S21401FAA00C4602EA000703EA0A09BAF1000F40F021
S21401FAB04E81031F0B4300F00E81052871F10003F0
S21401FAC080F0E48050EA010300F06081431E0B439E
S21401FAD000F02481FFF750FFAD4AD2E9005323EA34
S21401FAE0040325EA06053D4343EA0807A94BC2E994
S21401FAF000571E68DFF8F48226EA0A0646EA090677
S21401FB001E60FFF7CFFE15F02A4F14BF48F202031E
S21401FB104FF40043A04AB007D26EA04848BF43F452
S21401FB20005383EA020122EA0302C2669C4A0B40A2
S21401FB308166D366C5F380421203290348BF42F4A7
S21401FB408072EB0648BF42F40052964BAC0648BFA3
S21401FB5042F400726806D3F80C3248BF42F4806261
S21401FB60290648BF42F400628F4882EA030123EA6D
S21401FB700203C0F80C328D4B0A40C7F34024A4049C
S21401FB80C0F80812C3F80C22EA0448BF44F48034D3
S21401FB90AB0348BF44F48014A80748BF44F480046C
S21401FBA015F4001F06D0D8F8000019F098FF08B920
S21401FBB044F40024E90248BF44F40034FA0648BF7E
S21401FBC044F4000473077A4B48BF44F004041A6AED
S21401FBD044F4001484EA020323F0010375491A4031
S21401FBE00A621C40CB61744B16F0010F1C62734B0A
S21401FBF0734A18BF1A46734B7C071B6F48BF42F007
S21401FC000062714882EA030123EA020303676F4B2D
S21401FC100A4041661A676E4A05F00103516CA0F569
S21401FC20803081EA030221EA0301416482631A40BB
S21401FC30684B28025A64D8F8002048BF664B92F8F1
S21401FC40F62058BF654B690748BF43F4806322B16D
S21401FC5015F4C06F18BF43F480733207604A48BF7B
S21401FC6043F00043D2F8EC105E4883EA010222F426
S21401FC70A0221140C0F8EC101340C0F8E0205A4A08
S21401FC80BDE8F047C2F8EC30FFF7C2BEA0F58063CE
S21401FC900B4306D020F48063A3F500730B437FF477
S21401FCA019AF1EF0C8FA3A49D1E9003223EA060331
S21401FCB022EA040242EA08023B43C1E900324B4A07
S21401FCC0126892F8F610474A09B313F4C06F1ED0B3
S21401FCD04FF4807311E01EF0AEFA2D4AD2E90031DE
S21401FCE023F004033B4341EA080157EA0807C2E947
S21401FCF000314FF480633B4A0BD0C2F8E030A2F5E6
S21401FD008052C2F8EC30BDE8F0471EF08FBA4FF4CF
S21401FD108073C2F8EC30C2F8E030F4E71EF08BFADC
S21401FD201B4AD2E9003123F001033B4341EA0801B3
S21401FD30C2E9003101232E4A57EA08071BBF936325
S21401FD40A2F580525364536408BF9363DBE750EA1D
S21401FD5001037FF4BFAEBAF1010F7FF4BBAE1EF014
S21401FD606AFA0C4A136823F0010343EA0903136095
S21401FD704FF48063144AB9F1000F04D05366A2F51C
S21401FD8080521367BFE713675366BCE7BDE8F08789
S21401FD9048160020E4530020004000B8006000B878
S21401FDA0005000B8004001B8006001B8005001B82A
S21401FDB0000002B8002002B8001002B8041C0003BC
S21401FDC00418000300C001B800E001B800D001B873
S21401FDD000C000B800D000B80D0A0A09090A0A09CD
S21401FDE000400054006000540050005404540020A9
S21401FDF000E000B8024B5868C0F3C000704700BF6F
S21401FE0048160020024B186800F00100704700BF3A
S21401FE1048160020024B5868C0F3C030704700BF38
S21401FE204816002010B50446FEF700FDFFF7A4FDB6
S21401FE302046FDF7BDF8FEF7A5FCFEF7ABF8FEF78A
S21401FE401DF9FFF7C9FB13490723134AD1F8FC1024
S21401FE5004F1F800FFF71AFC4FF080710020FEF75E
S21401FE60E7FB4FF000720D4B4FF400110120C3F871
S21401FE700021FEF7DDFBFEF7D7FF20B940F29232F4
S21401FE801421FBF7FDF819F05DFDBDE810400120D7
S21401FE90FDF766BF001F00B0581F00B000D001B8C4
S21401FEA08023074A1367082340B11367054AD2F82F
S21401FEB0A03023F02003C2F8A0307047024AF4E7CE
S21401FEC0001002B8001E00B0002002B810B51EF0E7
S21401FED0B2F9012104460020FFF7E2FF044B196145
S21401FEE0044B5B6898472046BDE810401EF09EB95B
S21401FEF0000002B8B4690020F8B5194C0546207810
S21401FF0040F2E442B0FA80F03E214009FBF7B8F82F
S21401FF1055B9607840F2E442BDE8F840B0FA80F0A6
S21401FF203E214009FBF7ACB84FF440660D4F0E4D2D
S21401FF30D7F8B43040F2E442C3F381232370C5F806
S21401FF40B46060783E21B0FA80F04009FBF798F87B
S21401FF50D7F8B830C3F381236370C5F8B860F8BD2D
S21401FF6036630020004000B8006000B8F8B5084CC1
S21401FF70084D236F0423084F2B67236F5B0300D4C0
S21401FF80F8BD042602203E6719F059FC2E67F4E7F7
S21401FF90000002B8001002B8002002B8A82238B546
S21401FFA01A4B1D6F03F500531A6710229A60A3F5CA
S21401FFB0804302F100521A675A66FFF79BFC144B06
S21401FFC01B7813B90320FEF78BF80024114B9C67AE
S21401FFD0FFF7CCFF104A114BD2F8D81E0B40C2F8DF
S21401FFE0D83E04220E4B1A670E4BAA06C3F8AC4045
S21401FFF008D503F58073DB6CB3F5817F22BF8022C1
S214020000024B1A61BDE83840FCF7C2BB000002B8DA
S2140200103863002000C001B8001000B0DF0000FF07
S214020020002002B8001E00B010B549B930B3164A17
S214020030D3681B0E13F00E0F20D193689A061DD4B8
S214020040FFF786FC104C0020FEF72AFE032801D09C
S214020050092805D1636FDB03F5D4E36D0C2BF2D9C7
S214020060FFF784FF4FF40072084BDA62012203F5B1
S214020070E8335A61042203F580531A674FF4C062CC
S214020080034BDA6210BD00BF000002B8004000B8A1
S214020090006001B808B503210920FEF75DFD2022A5
S2140200A0014B1A6108BD00BF000002B838B505460C
S2140200B01EF0C1F80E4B04461868FDF745F835B138
S2140200C0FFF7D8FC2046BDE838401EF0AFB8094B13
S2140200D01B78002BF6D0084B1D78002DF2D1FFF7C7
S2140200E0C9FC2A464FF480400021FFF7ABFCE9E743
S2140200F0045400203A630020396300202DE9F84FAB
S2140201005C4B06460D4614461B6F002A40F0AE8036
S21402011013F0A00F14BF4FF001094FF00009FCF7CF
S21402012037FBA0234FF0000ADFF868810320C8F8E7
S2140201307030FDF7D5FF0420FDF7D2FF4E4FFFF7D4
S21402014099FC4E4B4FF0040B7B67C7F878A0FFF77D
S2140201500DFF4B4B4FF48071D3F8A020494842F074
S2140201602002C3F8A020FF22C8F80820414A1161E5
S214020170D0F8D82E44491140C0F8D81EC8F870B03E
S214020180C3F8ACA07B6913F0060F04D0FEF75CFA46
S2140201905846FDF7A5FFB9F1000F08D04FF40062EC
S2140201A03A4B1A674FF40042A3F5E0339A6666B1FB
S2140201B0374BDB6C180701D4FFF7CAFBFFF76AFF61
S2140201C00420FDF78DFFFFF795FB2A4B5A69D107EE
S2140201D047D5DA6812F0706FFBD12E4B2E4A1A679B
S2140201E02E4AD36B23F0F003D36315B12046FFF7F4
S2140201F05DFF2B4BD3F84C315A1C01D05B0002D565
S2140202000122244B5A6164B3214BDA6E03F5005384
S2140202109A6603F5D0331B6A1E4A23F00103D361A4
S214020220204BD3F80C1203F50053C3F8081203F55B
S2140202300053D3F8841003F5005399671A4BD3F88A
S214020240EC1003F50053C3F8E010184B596C03F595
S21402025000539963164903F5803359664FF60843EF
S21402026013670020BDE8F84FFCF736BD4FF00009D3
S21402027055E700BF000002B800C001B80000010147
S214020280001E00B0001000B0DF0000FF001002B831
S214020290004000B8002002B810003000001F00B076
S2140202A00080E00F004001B80040005400C000B8D3
S2140202B05000002F9B4B2DE9F04F9F6EDB6E85B0F2
S2140202C01F40994B9F66994BD3F8E050D3F8EC3019
S2140202D01D40974BC3F8E050964BD3F80822D3F84C
S2140202E00C3202EA0309944BC3F8089203F5204342
S2140202F0DA691B6A02EA0308904B08F47702DA61AD
S2140203008F4BD3F80422D20605D4D3F80431C3F3B4
S2140203100016DB0651D51DF08EFF8A4B5A695E6EBB
S2140203201B6F12F0060F06EA0306874A26F00073D2
S21402033014BF4FF0010A4FF0000A23F4006374075B
S214020340536604D5814A137D0133DBB213751DF063
S2140203506DFF002F00F0E28017F4004300F0D38018
S2140203601DF069FF0146FFF7DFFA0446784BD3F823
S21402037000B0DBF80020DBF800309A42FBD0DBF856
S21402038000209A42FBD0FFF7CFFAA04217D10846C8
S2140203901DF04CFF6F4B1C606F4BD3F870B01BF414
S2140203A0E0520ED124F07F4424F0DF040CB9FFF7AC
S2140203B0F5FD4FF0807B002414E0B246C9E7044600
S2140203C0D7E70192FFF7EAFD5C4B019A1BF48054D3
S2140203D01A6740F09A801BF4806F0CBF4FF0805B68
S2140203E04FF0806BB80715D55B4A5448126F02F47B
S2140203F060410167002900F08B80110400F18B80B8
S21402040012F4005F0CBF4FF000524FF0006200245F
S2140204104BEA020BC7F340377F00504A2A40002AB5
S2140204204AD015F4206F0AD040F6A3120621002007
S214020430FAF726FE0020FFF739FE25F48025EB05A5
S21402044006D5FF213D4A4BF4C06B9160FFF780FA58
S21402045015F0090F0AD040F6B81208210020FAF764
S2140204600FFEFFF717FE0121304A116315F0106FD9
S2140204700CD040F6C11209210020FAF701FEFFF760
S21402048009FE002211461046FCF736FE15F4202F10
S2140204900AD040F6C91207210020FAF7F1FD002023
S2140204A0FFF704FE25F48025E80301D5FCF768FF74
S2140204B0002DB8BF47F0080769070DD51B4AD26A58
S2140204C012F4005F4FF4005217BF19492449CA625A
S2140204D04BF4000B08BFCA626A0548BF4BF0040B18
S2140204E015F48023019300F0A480FCF701FF013885
S2140204F0062837D8DFE810F028012B0128012E0144
S2140205003101340134019B4655E74FF0804B52E7E8
S2140205104FF000727BE74FF0004278E7BB463C465E
S2140205207BE700BF004000B8006000B800400054FF
S21402053000600054004001B8006001B8002002B814
S21402054000E100E000C001B800E001B8E853002076
S214020550A4AB0400E0530020000002B8090B0B898C
S2140205600050005440F6FA1203210020FAF788FDE4
S21402057001218548826ED0F8883002F007020632E2
S21402058001FA02F2C3F30C0CA2EB0C0292B2072A97
S21402059012D97E4A126F53020ED47D4B826B806D47
S2140205A05B6D5BB102F0070206329140C0F30C00AD
S2140205B0091A89B2072901D84BF4007B754A1278CA
S2140205C0002A36D0704AD2F8E02012F4A02F30D19A
S2140205D0714A724912789AB9F20411D40A787AB139
S2140205E04FEADB026E4842EA447282F00102D0F819
S2140205F0D80E02F00102520020FA02F2930718D136
S2140206000420FDF76DFD674A67485067FFF732FA28
S21402061062490A784AB9654A127832B1644A65492B
S21402062012680BEA02020A4201D14BF4804B26F40E
S2140206308056B9F1000F1DD019F4805F18BF4BF435
S214020640802B19F4807F18BF4BF4002B19F4005F3F
S21402065018BF4BF0100B19F4007F18BF4BF0200B9D
S21402066019F4806F18BF4BF0400B19F4006F18BFD7
S2140206704BF0800BB8F1000F48D018F4001F0AD0D8
S2140206804D4A13683BB1414A4C48116F006800223C
S214020690C1F3C061984718F4802F18BF44F4007461
S2140206A018F4803F18BF4BF4805B18F4801F18BF05
S2140206B04BF4003B18F4800F18BF4BF0020B18F4F3
S2140206C0003F18BF4BF4801B18F4000F18BF44F00D
S2140206D0100418F4002F19D0394AD2F8A02012F0CC
S2140206E0C00F13D02949CA68C2F30362032A01D095
S2140206F0072A05D14A6FD00602D48A6F120732D56E
S2140207004FF400212F4A28F40028D161002E00F071
S2140207101B81330540F18F802B48DFF88890C27822
S2140207202A49002A58D04FF40063013AD2B24B66E7
S214020730C27032B9264A1278C2B140F60141254A41
S21402074051670022002173E04BF4803B10E74BF424
S214020750006B0DE74BF4806B0AE74BF4807B07E7F0
S2140207604BF0080B04E74BF4001BCFE7D9F87820D0
S21402077012F4A05F15BF4FF4807240F60142C9F82A
S2140207805820C9F87820DCE700400054000002B880
S214020790004000B83B6300203A6300203D6300201F
S2140207A0001000B000C001B8000001013C63002048
S2140207B048160020088D010018530020045400201B
S2140207C0001E00B0002002B82C63002000E001B832
S2140207D03863002000D001B80320FDF781FCD9F869
S2140207E01420A84B12F0060F04BF41F61F72A6494A
S2140207F0A64808BF4A674FF40061A34A5166D9F873
S214020800142012F0060208BFC9F878205A8A12F499
S214020810006162D022F400625A82027802F0FF0976
S214020820002A5ED1FDF710FFFFF7B8FB4A462021EB
S2140208304BEA020B0C43B00009D52E20FDF79EFBB7
S2140208404FF00051904A44F0080411675166F106D1
S21402085006D52B20FDF792FB10218B4A11675166B5
S21402086016F0306F05D1F20463D5BAF1000F00F02E
S214020870C080330117D52920FDF780FB844A526CCD
S21402088012B11021834A9160FFF7B4FA48B1824A46
S21402089082487D494A66026700F54050C0684004B7
S2140208A022D444F0040416F0007A28D00420FDF77F
S2140208B017FC2720FDF762FBFFF770FB4FF0007175
S2140208C0714A5166764AD2F8D82E520679D4022157
S2140208D0704A916044F0020428E002784FF4005215
S2140208E0A6E74FF400422DE70A6720204A66FDF786
S2140208F045FB2D2044F00C04FDF740FBD3E716F031
S214020900807FDFF88C9147D00420FDF7E9FB282092
S214020910FDF734FBD9F87820002A3AD1FFF73EFBE0
S214020920594A5D4944F00104116751660021584A4C
S2140209309165720508D55B498A78002A00F0D8804E
S214020940013A8A7000221743574AD2F8A0201306AB
S21402095003D558462146FCF7C7F93A46584621467B
S214020960FFF770F8019B0BB1FCF7F8FC01224F4B26
S21402097005F00435C3F8E0504D4B18F4002FC3F8C9
S21402098084211EBF4FF40022424BDA6105B0BDE857
S214020990F08FC9F878A0C3E7F104C7D50420FDF7A5
S2140209A09FFB444AC9F87420FDF74EFED9F864202E
S2140209B012F0407FBAD12A20FDF7E0FAFFF7EEFAEE
S2140209C080E7394AD2F8A0108B0683D402203A492F
S2140209D088603A49096891F82510C8077FF57AAF0A
S2140209E092F8C420002A3FF475AF8021344A116180
S2140209F070E7344A1268013202D04BF0010B98E7D6
S214020A0028490A7952B1013AD2B20A7112B9234A76
S214020A102D49516700224BEA020B8AE70420FDF7B4
S214020A205FFB0320FDF75CFB194A224951671DF064
S214020A3002FC81460DF10F00FEF732F9234A824688
S214020A4012780AB1FEF784FFBAF1030F0ED1DFF86F
S214020A5070A00020FEF724F9032807D1DAF87420E4
S214020A60D103F6D4DAF85C200C2AF2D99DF80F20CE
S214020A70032A2FD10121164A484611701DF0D6FBD3
S214020A80C8E700BFE853002000E001B83863002042
S214020A9000C001B8002002B81000002000D001B843
S214020AA0001000B02C630020001E00B0006000544E
S214020AB000E100E000000101001002B8045400202A
S214020AC0000002B8BC6900200000010D3E63002051
S214020AD03A630020094AD2F8E02012F4A02FC9D1C6
S214020AE0FEF7C8FF48461DF0A1FB4FF4804292E78E
S214020AF00220FDF7F5FA012225E700BF0040005468
S214020B000122024B1A62DA61704700BF002002B867
S214020B100D4B10B5DC691A6A14400C4A24F47F01A6
S214020B20D161E20706D5D9684FF0FF30C1F3036101
S214020B3018F012FF630706D5BDE810400422002015
S214020B400021FEF77FBF10BD000002B8002002B8E9
S214020B500C4A08B5936B526C13400B4A9363DB073F
S214020B600FD50A4B40F663421878122100F00100B6
S214020B70FAF786FABDE80840002201200021FEF7B7
S214020B8061BF08BD00C000B800E000B848160020EB
S214020B90054AD2F88430DB07FBD4936FD2F8842060
S214020BA01340024A93677047008001B800A001B85C
S214020BB070B514460D461DF03EFB064BD3F8A060FA
S214020BC074402C407440C3F8A0401DF02FFB06EA88
S214020BD0050070BD001E00B0034BD3F8A030994349
S214020BE00CBF012000207047001E00B02DE9F04126
S214020BF017460A43012A1D469DF818409DF81C60B8
S214020C00DDF8208029D8B44227D2082E25D8032B17
S214020C1023D8B8F1000F20D00A460021FBF71CFDAE
S214020C20FF21EB009940C943DFF834C008F1FF38D2
S214020C30FF00E2B2964202D80020BDE8F0813D19DC
S214020C400CEB8505D5F8E02018F8010F0A4098400D
S214020C501043C5F8E0000134EBE72120EDE700BFC2
S214020C60001E00B0034B1868034B002808BF184646
S214020C70704700BF00540020F4CC04002DE9F8436E
S214020C80DFF860900646D9F8008008461746B8F1A5
S214020C90000F03D00E242046BDE8F88306B333685F
S214020CA001331DD1E1B1FAF70DF805460028F1D05F
S214020CB0C9F80000FAF72CF8284618F061F904463D
S214020CC040B14046C9F80080FAF722F8284618F0E4
S214020CD052F9E0E73560002FDDD02846B847DAE75C
S214020CE02124D8E704540020024B1868003818BFA5
S214020CF00120704704540020002108B5024B084624
S214020D005B689847002008BDB46900200523064AA0
S214020D10A2F84A3092F8493003F0010363F07303F5
S214020D2082F84930704700BF001F00B00023F0B5BC
S214020D3085B0CDE901330393124B134D1B78134E46
S214020D408DF804301DF084FA2A78337804469A42E5
S214020D500F4F0CD03178386801AA297018F031FE8E
S214020D6050B140F608210B481DF064FB04E03868D9
S214020D7018F007FE0128EDD020461DF064FA05B0F3
S214020D80F0BD00BFD36C00200A6D00200B6D002062
S214020D9020540020BE810400F8B52B4B1B7823B1EB
S214020DA040F6FC3129481DF045FB1DF051FA284B50
S214020DB007461C8814F0060409D001214FF48070FF
S214020DC01CF0FAF93846BDE8F8401DF03CBA214658
S214020DD04FF480701CF0F0F9204600F0ABFF0228BA
S214020DE008D180221B4B8021186818F093F9FFF770
S214020DF09DFFE7E7204600F09DFF054638B1012833
S214020E0007D040F6314111481DF014FBDAE70246DE
S214020E10E8E7FF220F4E104B30681A70FFF76CFFA0
S214020E20306818F0AEFD0128CCD02A462946306834
S214020E3018F0A9FD21462C201CF0EAF921460A20CA
S214020E401CF0E6F9BEE700BF44630020BE81040042
S214020E50EE5B0020205400200A6D0020002101488D
S214020E601CF0F0BF346A00207F2837B5044610D144
S214020E704FF6FF73022217480DF10601ADF8063051
S214020E80EBF722F9BDF80640E2054CBF6FF04A04C4
S214020E9064B21DF0DDF9104B05461C700F4B1B8823
S214020EA0DB0710D50E4B1B78002B0E4B0CBF2146D2
S214020EB06FF07F01186818F052F920B140F6786199
S214020EC009481DF0B7FA284603B0BDE830401DF0C9
S214020ED0BAB900BF641002C0026D0020EE5B0020AB
S214020EE04563002020540020BE81040010B513F094
S214020EF029FD60B113F028FD0B4A80B141F20D03C3
S214020F00BDE8104041F20D0107481CF0A7BA074B96
S214020F101A781B799A4204D100220023F0E70D23A7
S214020F20EEE7034AF9E700BF400D0300D36C00204A
S214020F30488D0100F8B5164E0D46337802F00104CE
S214020F4023B140F2C53113481DF074FA124B134F09
S214020F501D60134DA4B1134B997801B101212020D5
S214020F601CF02AF92B783B700F4B1C780F4B002194
S214020F701C70042333700E48BDE8F8401CF062BFB4
S214020F80214620201CF018F92B783B70EEE700BFB4
S214020F9044630020BE8104001054002041630020F8
S214020FA00C6D00201454002042630020436300208E
S214020FB0346A00202DE9F8431DF04AF9DFF8A081D3
S214020FC00546B8F80030614C13F4807F03D02378CE
S214020FD073BBFFF7E1FE002108461CF019F95C4BD3
S214020FE01A78FF2A13D01A7802F0FF0632BBFF22C5
S214020FF01A702378052B0AD10023284623701DF089
S21402100022F9304618F06DFD1DF022F905462378C8
S214021010504E062B09D13378FF2B06D03378022B9D
S21402102015D100214C481CF00DFFFF2333702BE036
S21402103000214FF480701CF0BFF8CCE71A78012A22
S2140210404FF0FF0214BF33264C261A70D4E73378CB
S21402105013B13378012B22D11CF04EF907463E48D5
S21402106096F8009001F0DCFBFF235FFA89F93370F3
S21402107077B1B9F1010F44D16421374884F8009062
S2140210801CF0E0FEFFF752FE28461DF0DCF806E0F4
S214021090284627701DF0D7F8384618F022FDB8F813
S2140210A000301B0605D5002180201CF085F817F0BD
S2140210B00CF801F0F1FA294E308000B32778012FA0
S2140210C042D11CF0D3FD054610B301301DF090FA54
S2140210D000F44060B0F5006F1AD104223946284663
S2140210E01CF004FD28441DF083FA4FF6FF73984265
S2140210F00ED10020318800F0FFFC00233380BDE8CB
S214021100F8830023284623701DF09DF83F20C4E78D
S214021110114801F085FB002108462170012500F0E8
S2140211209DFC23780BB9FFF737FE0020318800F0CC
S214021130E3FC00233380002DE1D020780028DED1A6
S214021140BDE8F84318F018BE0025EAE7446300201D
S214021150096D0020086D0020346A0020EC5B002038
S214021160EE5B002008B513460A461946064B186879
S21402117018F082F830B1BDE8084040F2F441034866
S2140211801DF058B908BD00BF20540020BE810400DF
S21402119008B513460A461946064B186818F066F84C
S2140211A030B1BDE8084040F2FB4103481DF042B9A9
S2140211B008BD00BF20540020BE810400024B1878F0
S2140211C0431E5842584170474463002008B5064BF8
S2140211D01B7823B140F2255104481DF02BF9FFF786
S2140211E0DBFD002008BD00BF44630020BE81040072
S2140211F008B5054B01EB81011868490017F0B1FFED
S214021200002818BF212008BD2054002008B5044B32
S2140212101868F9F70FFF0A2390FBF3F040B208BDF7
S21402122020540020014B1878704700BF0B6D002039
S21402123008B5044B186817F0FFFEB0FA80F04009B4
S21402124008BD00BF2054002038B5124D0C462B783E
S214021250012B04D940F246510F481DF0EBF8214607
S2140212600020FFF7E5FF90B10C4B1C702B785BB9A2
S214021270FFF792FD0A4B93F900100A4BC901186852
S21402128017F043FF002038BDFFF750FDF2E721209C
S214021290F9E700BF44630020BE8104000B6D002006
S2140212A0466300202054002008B5074B186817F044
S2140212B0C1FE30B1054BB3FBF0F083B20BB118465A
S2140212C008BD0120FCE700BF2054002040420F006A
S2140212D02DE9F3475C4E01201DF0A9F833889907E3
S2140212E004D440F63F4159481DF0A4F8DFF8808147
S2140212F098F80030053B012B04D940F6414153488B
S2140213001DF098F8524F3B6823B940F644414F48C7
S2140213101DF090F8348814F0200478D001212220A1
S2140213201BF076FF4FF47A74FFF7BEFF3B681B781C
S2140213300933434304EBC30498F80030A5B2062BE6
S2140213400BD11CF0A1FB0446FFF7AEFF6023584307
S2140213500C2303FB0400284485B2D7F800903D4BCB
S21402136099F800801C7808F1FF381FFA88F8002CDC
S21402137052D133885A0505D409F101001DF038F917
S214021380C0F340143449354A887812784B7812FBF9
S21402139000F2334F93423B70A4BF9B1A3B703B78DC
S2140213A0CA78BD60934238BF13463B7013F0D2FA38
S2140213B0002833D013F0CCFA012814BF10250825D4
S2140213C025430023DFF8ACA000938022434649461B
S2140213D0DAF8000017F0F7FE20B14FF43B611B4825
S2140213E01DF028F81F4BDAF8000019781E4B19700A
S2140213F033889B0614D52A461C4B009718F0DFFA52
S214021400C0B9002002B0BDE8F0471DF010B8214672
S21402141022201BF0FDFE87E70024B3E72546D0E72F
S2140214202A460F4B18F0C9FA014618B925201BF0B8
S214021430EFFEE6E7214626201BF0EAFE40F6F431F0
S21402144002481CF0F7FFDCE7EE5B0020BE810400DA
S2140214501054002047630020D36C00204163002014
S214021460E46900200B6D00200A6D00201454002051
S2140214704463002020540020184B10B51B889B079D
S21402148004D440F6A66116481CF0D4FF154B1B7810
S214021490053B012B04D940F6A76111481CF0CAFF90
S2140214A0114B1B6823B940F6A9610D481CF0C2FF18
S2140214B000240E4B0E4921201C701BF0A9FE01468B
S2140214C018B9BDE81040FFF703BF022804D1204632
S2140214D0BDE810401BF032BF10BD00BFEE5B00201F
S2140214E0BE81040044630020105400203F630020A5
S2140214F091160200F8B55A4C23889A0704D54FF481
S2140215003E7158481CF096FF574801F089F91CF0C6
S2140215109FFE238805465B070DD54FF0FF3017F078
S21402152099FE524B1B68C01AB0F5717F03D9002191
S21402153004201BF041FE28464D4D1CF084FE2B78FD
S214021540042B32D11CF084FE238806465F0708D59A
S214021550454800211CF076FC3046BDE8F8401CF0F9
S21402156072BE1CF070FE1CF073FE424B06461B78E1
S214021570414F13B9238859050FD5052301210220AF
S2140215802B701BF019FEFFF777FF30461CF05BFE50
S2140215903B68DA78394B1A70F8BD386801301DF0AE
S2140215A027F88206E9D50623E8E7062B4DD1344B09
S2140215B01B78FF2BF0D1334E13F0CEF93378002B85
S2140215C03DD01CF045FE238805465B0705D5264818
S2140215D000211CF037FC2846BFE71CF034FE3378A7
S2140215E0013B33701CF034FE0446012102201BF03E
S2140215F0E3FDFFF741FF20461F4C1CF024FE206847
S21402160001301CF0F5FF00F44060B0F5006F13D116
S21402161024680121042220461CF068FA20441CF0AB
S214021620E7FF0146184B04201A783378D21AD2B252
S214021630BDE8F8401CF0A5BF4FF6FF71F2E7402068
S2140216402B70BDE8F84018F04CBA012BA4D1002349
S2140216502B700E4B1868FFF74FFB3F20F1E700BFD9
S214021660EE5B0020BE810400346A00200C54002089
S214021670446300204763002010540020406300208B
S214021680086D0020416300200C6D002020540020CD
S21402169008B50A4B1A7882B9012210281A7004D0AB
S2140216A040F69D6106481CF0C5FE002120201BF076
S2140216B083FDBDE80840FFF70BBE08BD3F63002070
S2140216C0BE81040008B5094B1B88DB0604D440F231
S2140216D0C35107481CF0AEFE102000211BF06CFD23
S2140216E0044B1868BDE8084018F060B9EE5B0020AD
S2140216F0BE81040020540020012208B5074B114683
S214021700186818F040F900212C201BF081FDBDE876
S214021710084000210A201BF07BBD00BF2054002099
S214021720014B4008185C7047046D002008B513464C
S2140217300A461946064B186817F0A4FD30B1BDE8F4
S214021740084040F6E94103481CF074BE08BD00BFDD
S21402175020540020BE81040008B5044B186818F017
S21402176010F9013818BF012008BD00BF2054002020
S214021770054B10B54C0022460146186817F0DFFCF0
S214021780031B5842584110BD2054002070B5054630
S2140217901CF05EFD0E4B0F4E1B880446DA073570B2
S2140217A008D50D4B0D4D1B78012B08D90121286851
S2140217B018F091F92046BDE870401CF044BD1BB1FC
S2140217C013F0BEF8C305F1D4317881F00101EEE7DB
S2140217D0EE5B0020036D00204563002020540020AD
S2140217E00C4B10B51B880446DB0711D5FFF77EFBB2
S2140217F0094B84F0010208211868D20017F08AFC0F
S21402180030B1BDE8104040F6367104481CF012BEF6
S21402181010BD00BFEE5B002020540020BE810400F5
S21402182008B5044B0146186817F037FD003818BF94
S214021830012008BD2054002010B50A4C23787BB145
S214021840FFF75AFF002104201BF0B6FC00210220FD
S2140218501BF0B2FC00232370BDE81040FFF79CBAD1
S21402186010BD00BF4463002038B5094800F0E8FC0C
S2140218700024084D95F84430E0B2834200D838BDC3
S21402188005EBC000043000F0DBFC0134F2E700BFD9
S214021890C45400202454002008B5104602494822A9
S2140218A0F8F70EFF002008BD7C54002008B5054856
S2140218B01CF030FF014620B9BDE8084001481CF084
S2140218C0C1BA08BD546A0020002238B51C4B154622
S2140218D01C461A700132082A5D609D8043F8085F34
S2140218E0F8D1482200211748F8F75AFD4FF6FE7342
S2140218F0A4F868306FF48033E365134B00211A882E
S214021900124B1868F8F74CFD114BC4E91255C4E99E
S214021910283584F8445084F85050656584F8A850F9
S214021920E9F73CFFFF220B4B012118700A4B0020FF
S2140219301A70E3F7A9F80020FFF7B8FF002038BDB9
S214021940245400207C540020766C00201469002069
S2140219500000FFFF486300209D63002010B5AC2402
S214021960084B04FB0030836C53B990F850403CB9E6
S21402197031B1C0E912122046FFF798FF204610BD8B
S2140219802120FCE724540020AC2370B503FB00F5AD
S214021990094E731993F850405CB9204610F0AAFC21
S2140219A0735D204643F002037355FFF77FFF204620
S2140219B070BD0120FCE700BF24540020AC2358432E
S2140219C0024A135C23F00303135470472454002086
S2140219D070B516461F4A04461278C2BBAC211E4D8D
S2140219E001FB00518A6C92BB91F850203AB1022B4F
S2140219F02DD191F84410072907D91C2026E091F82A
S214021A0044100729F9D8012B08D0AC2000FB04505B
S214021A10CA00011D0C30F8F715FD0021AC2303FBAC
S214021A2004F000249DF8143000EBC1012944CB7168
S214021A30049B8E808B602B1893F84420204601323C
S214021A408C7183F84420FFF731FF204670BD0120D9
S214021A50FCE700BF4763002024540020F8B5234B60
S214021A6004461B780F46002B3ED1AC23204D03FBC9
S214021A700053B3F8A03023B940F245311D481CF09C
S214021A80D9FCAC2202FB0452D2F8A46036B192F81A
S214021A90A33039460020B2F8A020B047AC2300217C
S214021AA06343EA18A2F8A010C2F8A410482192F8DC
S214021AB0A82001FB02322A44D2F89820964213D07C
S214021AC0EB5C9B070CD5AC226243AB5C204623F052
S214021AD0020343F00103AB54BDE8F840FFF7E6BE4D
S214021AE010F02AFC0028EED1F8BD00BF47630020A4
S214021AF024540020158204002DE9F04F89B0059089
S214021B0008460D461CF0B2F8044618B9212009B062
S214021B10BDE8F08F28461CF0C5F8C0B20838215C34
S214021B20221892F802A00491D1785268277803927C
S214021B300022B4F80130ADF81E20434A029192F812
S214021B4000B0BBF1000F08D0404B1B681BB120460B
S214021B504FFA8AF298470020D9E703F00703022BD0
S214021B6070D001340922594620461BF0BFFF023FBF
S214021B703F1A3B0606465FFA87F8C7D4344FD7F8B3
S214021B809090B9F1000F27D100210DF11E0B4346AC
S214021B9022460846CDF800B010F0E4FAC3B2054675
S214021BA0002B4BD1BDF81E0017F0DFFFE0B9BDF8E1
S214021BB01E0018F0D6F88146BDF81E0017F0D5FFB5
S214021BC0F0B906EB080201232146584692B200F00D
S214021BD07BFDD0B119209AE75B465A46012128467A
S214021BE0C8470028D0D191E7D7F89430BDF81E0038
S214021BF0002BDCD0A11998470028D8D1022086E70E
S214021C0042464846A119F8F75BFDBDF81E001CF0D7
S214021C102DF8029B059A0372049B80F809A0837232
S214021C20039B1BBAC360AC2303FB027393F85020DA
S214021C30BDF81E0022B1DB6C03B19847E8B266E736
S214021C40BB6FF9E7012062E74763002008540020D3
S214021C50245400202DE9F84308460F46164602F1A2
S214021C60010918F083F88046384617F077FF0428F3
S214021C7056D1384617F096FF48F661054FF6FF72C2
S214021C8048F64103294C904208BF1D46B4F85C1042
S214021C90301D1CF0AFFC384617F084FF0146B01D1D
S214021CA01CF0A8FCB4F85E1006F108001CF0A2FCBA
S214021CB006F10A0438460DF067FF10B145F010052C
S214021CC0ADB2294648461CF095FC384618F049F84D
S214021CD0424601462046F8F7F3FC384601211BF03F
S214021CE0FDFF4444074660B11BF0DCFF054638465C
S214021CF01BF0BCFFEDB201462A462046F8F7E0FC90
S214021D002C440B4AA41B13780134591C1170F3702F
S214021D1034703046BDE8F843092201211BF0E6BEC6
S214021D2048461CF065FC4C460546C3E72454002092
S214021D3048630020AC2210B548245043094B1A18B9
S214021D4092F8A81004FB0100034493F877000228D7
S214021D5006D092F850301BB9032818BF012010BDD8
S214021D600020FCE72454002070B508B1012070BDA5
S214021D70234C94F8A850002DF8D12946B4F85C20DC
S214021D80FFF706FA29462846B4F85E20FFF7EAF976
S214021D902946284604F16002FFF7C8FC94F877301B
S214021DA0002BE3D0284694F85860FFF73BFA8642A9
S214021DB015D1002094F95A50FFF728FA854216D119
S214021DC00020FFF7B7FF044600201BF045FE002860
S214021DD0CDD02146BDE870400020FFF7F7B928466F
S214021DE094F85810FFF730FA0028E2D0BFE7002038
S214021DF094F95A10FFF7FCF90028E1D0B7E700BFC4
S214021E00245400200346AC2010B51446164A00FBA4
S214021E10032292F8770002280CD1E07F022809D12B
S214021E2041B112490978012913D992F8581022783B
S214021E3091420ED118462178FFF7FAF990B148225E
S214021E4021460B48F8F73CFC00201BF005FE08B9BB
S214021E50002010BD044B93F8A8000028F8D1FFF725
S214021E6083FFF5E72120F4E724540020D96C0020F4
S214021E707C54002038B5AC230D4C054603FB0043CA
S214021E8000205A6DD86483F8500012B15865FFF7E7
S214021E9019FCF5F74BFBFF281EBFAC2303FB0544DA
S214021EA084F8A8000020FFF75FFF002038BD00BFBF
S214021EB0245400207FB51D4C94F8A83023B100208E
S214021EC084F8A800FFF750FF94F85A30B4F8A060E0
S214021ED08DF80F3026B940F2FD2115481CF0AAFAFB
S214021EE0144B31461D6800202A46FFF7B3FEE46F06
S214021EF002469CB10DF10F0301930023294630469A
S214021F000093A04702462C7854B920462146FFF794
S214021F10A5FD2046FFF7CAFC04B070BD0122F2E719
S214021F2029460020FFF706F8F6E700BF24540020F3
S214021F30158204001469002038B5494B1C78002C21
S214021F4058D1484800F06CFC20461BF085FD00285E
S214021F5050D0454C2378D90733D594F850201AB17F
S214021F6023F00303237045E023F00103237010F0EF
S214021F70CBF9237805469A0701D510F0BBF9294616
S214021F8000200FF053FF40B92378284643F00103A0
S214021F902370BDE8384010F0ADB90023482284F81B
S214021FA0A33094F8A83084F8A25002FB0343D3F877
S214021FB09830A4F8A000C4F8A430BDE83840FFF773
S214021FC079BF94F84400B0B104F1A003251D95E84A
S214021FD0030083E80300FFF76DFF94F844202846C9
S214021FE0D20004F10C01F8F72DFA94F84430013BC4
S214021FF084F8443038BDA26C62B99B0711D52378A9
S214022000002023F0020343F001032370BDE83840AA
S214022010FFF74CBC0123A06484F850309047237825
S2140220209EE710F089F90028E9D194F8A83073B138
S214022030F5F77CFA94F85030002BDBD1FF2818BF56
S21402204084F8A800BDE838400020FFF78DBED4F81B
S2140220508C30002BECD098470028CBD1E8E700BFA5
S21402206047630020546A00202454002070B50446BA
S21402207000201BF0F1FCAC235C430B4E351995F89F
S21402208050300BB1002070BD0028FBD007481CF072
S21402209041FB0028F6D1335D002BF3D195F84400BE
S2140220A0B0FA80F04009EEE724540020546A00207B
S2140220B010B5084A034617F067FE14684FF6FF721B
S2140220C003EB40039C42184603D90188023391422F
S2140220D0F8D010BDE05400202DE9F047204F054609
S2140220E03B88A3B3B0F90230002B30DBDFF87C80EC
S2140220F01C49D8F80000F8F7A9FB20B94FF4EA719A
S21402210019481CF097F90026DFF85CA0DFF860900B
S2140221103A88B3B29A4204D84FF4EB7150461CF098
S21402212089F9D9F80030B2B253F83200D8F8001064
S21402213003EBC20468B943F83210A3882846013379
S214022140A38017F021FEE38803EB4003E380BDE89B
S214022150F087F8F77BFB01360028D9D1EDE700BF00
S214022160F05B0020E2810400EC810400746A002027
S214022170D454002038B5094C094D22682B689A427F
S21402218004D94FF4877107481CF054F9286823686D
S214022190C01A20F0010080B238BD00BFE054002013
S2140221A0E8540020EC81040038B5124C124D21464A
S2140221B02846F5F741F823680BB12B681BB9DE21D8
S2140221C00E481CF037F92A680D4B0E491A60236830
S2140221D023F0010313440B600B4B1A602AB9BDE8C7
S2140221E03840F82105481CF025B9FFF7C3FF6428DC
S2140221F0F5D938BDD8540020DC540020EC81040008
S214022200E4540020E8540020E054002038B5094C7D
S214022210094D22682B689A4204D34FF48A71074804
S2140222201CF008F928682368C01A20F0010080B262
S21402223038BD00BFE4540020E8540020EC810400BE
S2140222402DE9F0411D4B04461B78012B24D1008852
S2140222501BF0EEFC0546D8B10426DFF864802C4657
S2140222601BF0F6FF07462046FFF736FF638843EA71
S21402227008036380A05B1BF0DBFC044638461BF0B9
S214022280E2FF1CB1B4F90230002BE9DA062E01D1C6
S214022290BDE8F0810626E2E7022BF9D11BF0D8FF53
S2140222A0024620881BF0C4FC18B10388C3F30E0351
S2140222B023801046BDE8F0411BF0C5BF49630020ED
S2140222C00080FFFF2DE9F04F0024BA4B97B0064678
S2140222D01C801BF0BDFF0123DFF8EC82B64F3B707B
S2140222E0B8F80030A8F80040ADF81630B34B1B68BB
S2140222F001931BF0A8FFB24B21461A88B14BD200BD
S2140223001868F8F74DF80DF11600FFF799FF002E42
S2140223103CD1DFF8B8924FF0000B0125D9F8004007
S214022320019B9C4239D3BBF1000F39D1002DF2D06C
S214022330D9F80040DFF898A225462246019B9A4229
S21402234073D302230DF116003B70FFF779FF002EC0
S21402235040F08F80D9F800603246AA4280F0A28010
S21402236090881BF065FC18B10388C3F30E039380B4
S214022370D0881BF05DFC18B10388C3F30E03D3802C
S2140223801046FFF795FE0246E7E79847E3B256F88F
S21402239023300134002BF8D1BBE7BBF1000F3ED04F
S2140223A00BF1FF335FFA83FB16AB03EB8B0252F89B
S2140223B0402CB2F9020051880028B1DA4B04AFD49F
S2140223C0924641F48040931D2AF8020F02933AF88F
S2140223D0020F1BF02DFCF0B1B0F902E0B0F802C01B
S2140223E0BEF1000F17DB6FEA4C4C6FEA5C4CA0F8AC
S2140223F002C00390FFF770FEBBF10F0F8FBF0025E0
S21402240016AB039A03EB8B009EBF0BF1010340F859
S214022410402C5FFA83FB029B9A45D8D180E7204680
S214022420FFF746FE22460446C3E7104617F0ACFC0A
S2140224308346B2F90200118800280AEA010108DA86
S21402244020461BF0EBFB084381B204EB4B0402EB85
S2140224504B0510461180FFF72BFE02466EE79847A3
S2140224605FFA8AF356F823300AF1010A002BF6D1F6
S21402247070E74FF0000AF3E73046FFF719FE824690
S2140224807EB1B6F902307188002B0ADA3088C0F3C2
S2140224900E001BF0CDFB864203462DD1C1F30D0183
S2140224A071805646AE42E7D3DFF81CA11BF0D0FE81
S2140224B000210646504617F0CAFC1BF0B9FB05463B
S2140224C0002800F0878030461BF0BDFE284617F035
S2140224D05BFC064620461BF0A1FB81467600324690
S2140224E029462046F7F7AEFF002249460DF11600B0
S2140224F01CF0E8F83444D9E71BD9304617F044FC00
S214022500C1F30D01420071801846314692B2F7F7C8
S21402251099FFC6E75046FFF7CBFDD146854203D961
S214022520B0F90230002B01DA824603E0FFF7C0FD65
S214022530F4E7B146554507D9BAF80000C0F30E00D5
S2140225401BF076FB8245E5D3B9F1000F30D0B9F81F
S2140225500000C0F30E001BF06BFB034638B933468F
S214022560CB46994513D8B1459BD0D946ECE74846A9
S21402257017F00AFCB9F802204946C2F30D02A9F880
S2140225800220420092B21846F7F75CFFE7E71846C9
S2140225900193FFF78DFD019B9B46854203D9B0F957
S2140225A00230002B01DA0346DBE7FFF781FDF4E792
S2140225B0CB46DAE7F25B002049630020E0540020B5
S2140225C0F05B0020D4540020F45B0020E45400208A
S2140225D00080FFFFBDF816303870A8F80030044BB4
S2140225E030461C601BF02FFE17B0BDE8F08F00BF10
S2140225F0E05400202DE9F04105461BF019FB0F467A
S2140226000446D8B11CF048F820B940F2FB412048F5
S2140226101BF010FF28461BF045FB05462046FFF739
S21402262047FDBD42064609D004D840F20351184879
S2140226301BF000FF2588ED0B02D02781BDE8F08154
S2140226406780204617F0A0FB074604EB40081BF005
S214022650FFFD104B1A68B2420AD1C3F800801BF085
S214022660F2FD2A464046BDE8F041FF21F7F798BE44
S214022670A6EB0806B5B21BF0E6FD072DF1D900233E
S214022680083D44F81730C8F80430A8F80250D5E7D9
S214022690EC810400E054002038B51BF0D9FD00217F
S2140226A00546044817F0D3FB044628461BF0CBFD2C
S2140226B0204638BDF45B0020024B1888B0FA80F042
S2140226C040097047F45B00202DE9F74F0446008866
S2140226D01F461BF0ADFA8846154606461BF0DCFF81
S2140226E020B940F2FE613F481BF0A4FE3388DB0BA4
S2140226F0009306D033892B443381002003B0BDE813
S214022700F08F20881BF0CEFA82463046FFF7D0FCC8
S21402271001901BF09DFDDFF8D0B0019BDBF8002096
S21402272081469A421DD1FFF725FDA84204D24846AB
S2140227301BF089FD1A20E1E70AEB050373803FB11F
S21402274020881BF093FA2A4641465044F7F7B8FF12
S2140227503046FFF7ADFCCBF8000048461BF073FD91
S214022760CBE71BF070FD20881BF09CFA28440099EA
S21402277080B21BF0EFFA06460028DBD01BF076FA92
S214022780814620881BF072FA824620881BF08AFA5D
S214022790514602464846F7F793FF3046AFB11BF064
S2140227A065FA074620881BF07DFA2A4641463844D9
S2140227B0F7F786FF012120881BF090FA01210246D6
S2140227C030461BF09FFA268097E71BF04FFA8046AA
S2140227D020881BF067FA2A4639464044F7F7E0FDA0
S2140227E0E8E700BFEC810400E054002034210148F1
S2140227F01BF020BE00820400036910B55BB182683C
S214022800064B9A4201D1002010BD44691BF00BFE14
S214022810201AF9D5F7E74FF0FF30F5E7ED2702006B
S21402282082681C4B70B59A420446056819D11BF0A3
S2140228300FFD236923B1A34206D100222A601A6142
S214022840BDE870401BF0FFBC1A4611461269A24250
S214022850FBD12A68A24208BF29600B6100232361CC
S214022860EEE7036993B198426E6803D19D210A4848
S2140228701BF0E0FD2B46B44209D122699D4218BFE7
S2140228801A614FF0000308BF6A60236170BD3346C9
S2140228903669F0E7ED270200008204002DE9F047D2
S2140228A0074600254FF0010A154EDFF858808AB019
S2140228B0347914B90AB0BDE8F087D6F8009087B923
S2140228C000972A46B8F80010234603A81BF091FF8B
S2140228D02246484603A9E9F723FC2544EDB208360A
S2140228E0E6E7224603A94846E9F7EEFBCDF800A044
S2140228F023462A46B8F8001003A81BF07AFFECE736
S21402290020CD0400F65B00200148FFF799BC00BF0B
S214022910F65B00209C46174BF7B505460846198815
S214022920164611B1144B1C78CCB1014662463046AD
S214022930BDB103B0BDE8F040E9F7C6BB1C44E4B243
S21402294008373B79002BF0D03A689642F6D185F0EC
S2140229500105224600951BF04CFF03B0F0BD074F61
S214022960EFE7E9F7DDFBB0B203B0BDE8F04015F0E3
S214022970B0BB00BFF65B00200D6D002020CD04002A
S21402298010B5074C238843B10020FFF787FF0020CD
S214022990FF22044B20801A7010BD0220FCE700BF05
S2140229A0F65B00200D6D0020142810B518D80828F4
S2140229B005D115F007FCC401E4B2204610BD0E286E
S2140229C002D115F002FCF6E7064B53F82040002C25
S2140229D0F3D00A282478F0D107F0C2FB0443EBE7D1
S2140229E0FF24EAE770CD0400014BB3F86800704795
S2140229F024540020004870478E540020014B18785B
S214022A00704700BFC0620020014B1878704700BFB5
S214022A10C3620020014B1870704700BFC3620020DB
S214022A20204B022810B5204C187002D0043801281A
S214022A3022D82378042B0BD000211C481BF002FA64
S214022A402378033B012B03D9002119481BF0FAF91E
S214022A50184B1B689A0022D513F0805F40F611448B
S214022A6018BF4FF44164204615F061FFC8B92046EE
S214022A70BDE8104015F02BBB0C48FFF7D1FE0C4802
S214022A80FFF7CEFE17F05CFC2378033B012B03D83E
S214022A9015F047FF1624E6E70DF0BAFFFAE715240D
S214022AA0E1E710BDC7620020C8620020986A0020D5
S214022AB010460020A4460020024B187800F00F00B3
S214022AC0704700BFC7620020034B187800F00F0063
S214022AD0831E584258417047C762002008B517F057
S214022AE01AFCC0B117F030FCA8B10FF01BFD90B96C
S214022AF00A4817F063F970B1094817F05FF950B148
S214022B0015F068FB38B115F014FF20B9BDE808408F
S214022B10044817F016BA002008BD00BFF85B002074
S214022B202C5C0020EC54002030B505460C4693B0D1
S214022B3081B910B9002013B030BD1023214A69466E
S214022B400120FFF7E7FE9DF805305A1E052A28D910
S214022B501720F0E7182200212046F7F721FC002D67
S214022B60EBD1FFF7B1FF30B315F0DCF96A46014648
S214022B700020FEF791FEBDF80430204623819DF822
S214022B800230A3729DF80030E37217F0A2FD002314
S214022B9004F11401237304F1100004F0F7FDE08140
S214022BA0C8E7094A9DF8041012789142D0D12B70DA
S214022BB0002CD6D1BEE7054B1B78033B022BD3D99C
S214022BC0C6E700BF64EE0100E06C0020C76200208A
S214022BD030B593B005460C46FFF776FF20B90C4B8E
S214022BE01B78033B022B10D815F09CF96A46014667
S214022BF02846FEF751FE00209DF8023060702370D2
S214022C009DF80030A37013B030BD1720FBE700BF5D
S214022C10C7620020054B1878012805D000F0FD0099
S214022C20A0F1310358425841704700BFC7620020E6
S214022C302DE9F3410E46002105461BF03DFD00231B
S214022C40124FADF806002B800DF1060017F0B6F80D
S214022C50044610B102B0BDE8F08121460DF106002F
S214022C6017F0F5F880461BF001F8438AB34207D9FD
S214022C709B1B43822246414628461BF023FDE3E780
S214022C8043895B07E0D53B88F3E700BF786C0020FA
S214022C9008B50A48FFF7C4FD09484FF47A71FFF7F2
S214022CA0C7FF074817F08AF830B9BDE808404FF466
S214022CB07A7102481BF0C6B808BD00BF786A0020C9
S214022CC0866C00201FB50146002201A81BF08AF977
S214022CD0064801A91BF053FD20B11AF0C7FF408930
S214022CE0C0F3400005B05DF804FB00BF866C002010
S214022CF030B585B00D460022014601A81BF072F9D8
S214022D00084801A91BF03BFD50B11AF0AFFF04467C
S214022D10014608222846F7F795FB6089C0F3400073
S214022D2005B030BD866C002010B5044C204617F066
S214022D307CF86388181A80B210BD00BF866C00202B
S214022D40F8B50546F8B100210F481BF0B5FC04465D
S214022D50A8B10D4F20461AF089FF06461BF02EF941
S214022D60830705D4082229463046F7F765FE38B1B0
S214022D70214638461BF0C4FC04460028EAD100244B
S214022D80201E18BF0120F8BD866C002010B50C4628
S214022D90014606481BF0F3FC30B11AF067FF438980
S214022DA01C4214BF0120002010BD00BF866C00200C
S214022DB01FB51446024601A81BF014F9074801A9DC
S214022DC01BF0DDFC40B134B11AF050FF142201466C
S214022DD02046F7F737FB012004B010BD866C0020B2
S214022DE01FB50146002201A81BF0FCF8094801A9FC
S214022DF01BF0C5FC58B11AF039FF4389024613F09E
S214022E00020004D0507B80F00800C0F3C00005B07A
S214022E105DF804FB866C00200146014817F02BB9CA
S214022E20866C0020F8B504460E46142000211AF0DF
S214022E3091FF0546204616F0F8FF6388834225D99F
S214022E4025B33146204617F016F908BB28461AF075
S214022E500DFF07460A223146F7F7F4FA082206F172
S214022E600A0107F10A00F7F7EDFA0A4B1B887B8284
S214022E70238823B94FF47A7107481AF0E3FF2046F5
S214022E80002229461BF01EFC0020F8BD1C20FCE791
S214022E902E20FAE7786C0020786A002010B50446E7
S214022EA086B0B0B11BF08AF810F0020011D1CDF84E
S214022EB00E006168CDF81200ADF81600206801AB6E
S214022EC003C32289044801A91A80FFF7ABFF06B0A4
S214022ED010BD2120FBE700BF866C0020F8B50D462A
S214022EE016461F46044648B31BF068F830BB204619
S214022EF0FFF792FFE0B1214611481BF040FC1AF0A2
S214022F00B5FE438905734673877343F0020321892E
S214022F104381204601F0F2F9FF28044606D001F06C
S214022F20F3F818B10022074B43F82420002004E0EF
S214022F302046FFF7B3FF0028DDD0F8BD2120FCE7CE
S214022F40866C0020E0430020F7B59DF824400D462D
S214022F5001949DF82040064600941F460DF076FC2C
S214022F604FF6FF718842044610D0BB0711D428469C
S214022F7000F0CCFF20461BF099F8FF281FBF084A36
S214022F8032F8103023F4804322F81030204603B083
S214022F90F0BD02462946304617F074F8EAE700BF4D
S214022FA0BC5B002073B50E46014614481BF0E7FBD7
S214022FB00546D8B11AF05AFE43890446334012D069
S214022FC09B0736B20BD5002E09DAA17B437B02891A
S214022FD0007B0191012100912146FFF7B5FF63892D
S214022FE023EA06036381628912B1012002B070BD32
S214022FF02946024816F04AFFF7E700BF866C002013
S2140230000148FFF71DB900BF866C00201FB50C46AD
S2140230100B4A014601A81AF0E5FF01A8FFF7FCFEDD
S21402302060B101A907481BF0AAFB1AF01FFE03684D
S214023030236043680020636004B010BD2D20FBE7C8
S214023040DECD0400866C002013B53E4C12F03CFA2E
S214023050D4F8FC311020C3F307430193FFF7A4FC16
S214023060000650D50020FFF79FFC01064BD5019BBA
S214023070802B3ED1236A9A0704D440F61544204694
S21402308002B010BDE3699B07F7D52F4815F071FF14
S214023090012016F041FD12F02AFA04460028EED16D
S2140230A000F086F9294816F026FF00F0F1F9E8F755
S2140230B075F912F008FA0AF0F1FC0AF043FDF4F78B
S2140230C017F9F4F7CBF9F4F7E5F904F003FD15F078
S2140230D07BF815F07CF815F02FFC1D480CF00CFC64
S2140230E007F092FE15F0E7FB0028C8D015F0E5FBC6
S2140230F0C5E7019B812BC0D1D4F80C315B00BCD54F
S214023100D4F80C31BFE71020FFF74EFC0006BCD403
S2140231100020FFF749FC0106B7D5019B802B05D19D
S214023120084B1A6AD207A8D5DB69ACE7019B812B4C
S214023130A3D1044BD3F80C21002A9EDAD3F80C3123
S214023140A1E700BF0080E00F690345ECEC540020C5
S214023150C52C020010B517F0F0F870B301F0B8FBFA
S21402316080F00104E4B20020FEF7F6FA44EA800496
S21402317024B217F0D0F810BB0220044316481BF006
S214023180C9FA44EA401415481BF0C4FA24B244EAC9
S214023190001413481BF0BEFA24B244EA8014114805
S2140231A01BF0B8FA24B244EA40240F481BF0B2FAE5
S2140231B024B244EAC02080B210BD0124D3E70B48F3
S2140231C016F0FCFD0028D7D0094816F0F7FD80F06F
S2140231D00100C0B24000D0E7D86A0020BC6B0020D5
S2140231E0A84600203C6B00209C6B0020F85B002069
S2140231F02C5C002008B501F047F90EF0DFF8FDF769
S214023200D9FE154816F0DAFD08B906F065F9134836
S21402321016F0D4FD08B907F0E1FD03F059FC0CF0F6
S2140232201DFD0F4816F099FE0E4B1B78043B022B31
S21402323009D80D481BF06EFA28B1FFF78BFF10284D
S21402324001D109F07DF914F0C7FF16F029FFBDE899
S21402325008400648FFF736B8F85B00202C5C0020D2
S214023260EC540020C8620020BC6B0020E8CD0400AD
S214023270014B1868704700BF20540020F8B54FF67F
S214023280FF77104B06461B780C46033B012B0F803C
S21402329009D830460AF0BAFC4FF6FF7398422080EF
S2140232A00ED000200DE00CF023FEB842054620802A
S2140232B0F7D1304600F002FDA8422080F1D1E8E7BF
S2140232C02D20F8BDC86200204FF6F77370B59842FD
S2140232D004460D4686B05AD816F0E3FEA04207D141
S2140232E008222C492846F7F7ADF8002006B070BD34
S2140232F0294EB6F86830A3420AD10022082106F108
S2140233006A0016F060FE18B9082206F16A01E9E7BB
S214023310ACB1224B1B78033B012B1AD800230122A7
S2140233201946204600930AF01BFBFF2823D12946A4
S21402333020460AF0BFFC80F00100C0B2D6E7184B68
S2140233401B689B07E5D4284608F0DCF90028E0D085
S214023350CBE7204600F06AFFFF2806D12946204622
S214023360FFF754FE0028D9D1BFE7294600F080FFB8
S2140233700028F3D0B9E702A918F0C1F80028D6D180
S214023380DDF80D302B60DDF811306B60ADE7012003
S214023390ACE700BF4A63002024540020C862002025
S2140233A0A4460020014B1870704700BFE06C002056
S2140233B010B5054C082221460448E8F785FE20464B
S2140233C016F0A9FE10BD00BF4A63002034B608C03E
S2140233D0004870474A630020082208B50349F7F7F9
S2140233E02BFBB0FA80F0400908BD00BF4A630020FC
S2140233F0014B1870704700BFBB620020074B44F6B3
S214023400FF701A7840F6FF73012A18BF1846044B5D
S2140234101B780BB140F40040704700BFC862002022
S214023420BB620020F7B50D46044616461F4600212D
S214023430284601F0F1FF0B4B002183F859402A463B
S2140234403346204600970EF0AFFC014630B102220A
S214023450204603B0BDE8F04000F006B8012003B0F5
S214023460F0BD00BF2454002013B513460C461AB113
S214023470022A0CBF134601230021044A019100923E
S2140234802246FEF7A5FA02B010BD00BF1DA4030037
S21402349000B5002093B0FEF717FA1E4B18880CF002
S2140234A031FA1D4B1D491A7800200EF0A1FD342278
S2140234B000216846F6F774FF0B238DF800306FF490
S2140234C0803301934FF6FE73ADF8103003238DF868
S2140234D01D30134B134A0893134B10680993134B72
S2140234E051680D93124B6A460E93124B0F93124B72
S2140234F01093124B119302AB03C300210846FEF74A
S21402350081FC6A4601210020FEF77CFC13B05DF8C0
S21402351004FB00BF706C0020F36C0020FC910400DA
S214023520393902004A630020B9A10300B1710200D2
S214023530E13A0200B18802001DA40300016C0200F9
S214023540014B1878704700BF52630020014B188861
S214023550704700BF8A6C00202DE9F74F814610465F
S2140235600E4690461BF044F8DFF840B105469BF83D
S214023570003033B94A4B1B681BB94A4B1B68002BF9
S2140235807FD015F4406A05F040071BD19FBBB5F506
S214023590804F61D24FF48074B9F1400F73D0B9F105
S2140235A0800F63D0B9F1100F6BD100239BF8000097
S2140235B03D4AD9B2884264D932F8021B0133A1428D
S2140235C0F7D166E008F103001BF012F84FF6FF731E
S2140235D0984214BF0124022487B1052705F440430C
S2140235E0B3F5004F44F0080425D0B5F5804F24D239
S2140235F044F4807421E054460327EFE7B5F5804F84
S2140236004FF00507F4D3BAF5406F14BF0220082026
S214023610384440441AF0ECFF019016F05FFD019B1F
S21402362005F4404598420CBF44F0080444F00404F4
S214023630B5F5004F01D144F08004BAF5006F0FD102
S21402364008EB07001AF0D4FF054616F02AFDA8423A
S214023650A2D144F010049FE7544603270220D7E77E
S214023660BAF5406F08BF44F0200495E70C4B1B6880
S2140236703BB10022D1B233F8110033F91110002900
S21402368003DA002008E0074BF1E7A04202F101024C
S214023690F0D106B13480012003B0BDE8F08F00BF40
S2140236A0FC54002000550020565C00209A6300203F
S2140236B0034B1A78022A04BF09221A70704700BF09
S2140236C0536300200C22034B1A211A700320002297
S2140236D002F024B8536300200C2208B5054B1A21C9
S2140236E01A700022104602F019F80022024B1A60E5
S2140236F008BD00BF53630020085500200C2270B599
S2140237000D4B05461E781A7030B93046BDE870403B
S21402371000221A2102F002B8084B1C78E1B21A29DC
S214023720F3D825FA04F3DB0703D54422304601F02A
S214023730F5FF0134F2E700BF536300200F6D00204F
S2140237400C22024B1A7015F0EDB800BF536300202E
S214023750F0B50C8805460E468BB0E4B94FF6FF77F7
S214023760ADF8247015F0F1F810B902200BB0F0BDD8
S214023770CDE90340CDE90544134A0294B2F85C3021
S2140237806032019300923B464CF60101FF2009AAE3
S21402379018F0FEF93080284616F019FE0B4C70B170
S2140237A0237863B1013BDBB22846237016F00FFE86
S2140237B038B12078B0FA80F04009C0B2D6E70523C7
S2140237C0F2E70120F9E700BF245400200E6D002026
S2140237D0034B11461B6803B1184714F036BC00BFF2
S2140237E0085500200C22024B1A700AF0F1BC00BFEA
S2140237F0536300200148FEF723BD00BFFA5B00209A
S2140238007FB505460C4616461AF000FD00286BD119
S214023810062D03D85223EB40DB071AD4B4F1006F0F
S21402382005D3E30E1C3B032B18D94F202EE00022B3
S2140238302F4B1A602F4B1D7016F0EEFB03460A2D17
S21402384054D8DFE805F02D183E4918251853534181
S214023850360002F03BFCB4F1006FE2D20022244BA9
S214023860042D1A60234B1D70E6D1022001F02EFCB7
S21402387016F0D2FB0346012202921F4A01921F4A09
S21402388000921F4A314620460EF088FE04B070BDF4
S214023890314620461B4A04B0BDE870400EF066BEB4
S2140238A031462046184B194A04B0BDE870400EF067
S2140238B041BE00220292164A0192104A0092154A0E
S2140238C0E0E702220B4B1A7000221046124904B09F
S2140238D0BDE87040FEF742B8002202920F4A0192FB
S2140238E0064A00920E4ACDE74D20CFE70120CDE7EB
S2140238F00855002053630020FD36020039390200C5
S21402390009A40300E5370200D9360200D1370200C7
S2140239104137020051370200B1360200C5360200B6
S214023920CBA3030008B50EF069FE0C22014B002063
S2140239301A7008BD53630020F0B585B0ADF80600D6
S21402394018B9762164481AF075FDBDF8060016F01F
S21402395005F90446BDF8060016F000F9082846D018
S2140239600C2CBDF8060042D116F0FBF907461AF0F9
S2140239703FFE0DF10F010646BDF8060014F00DFCE1
S214023980002879D00922002138461AF0AFF89DF8AF
S2140239900F301033C518BDF806001AF083F9EDB2E1
S2140239A0854269D22946BDF806000EF035FF06F4B8
S2140239B04C4416F44066054614D0F81C1AF018FE5D
S2140239C04FF6FF73984208BF44F04004B6F5006F06
S2140239D008D1781D1AF00CFE4FF6FF73984208BF06
S2140239E044F010049DF80F305BB3072D44D1BDF8A8
S2140239F0060016F0A9F80446BDF8060016F0AEF862
S214023A00082817D0A30615D524F0200189B2BDF8E0
S214023A10060016F084F8BDF8060016F0A2F900219A
S214023A2009221AF063F800F1100189B20DF10600BE
S214023A3018F0D7F90022BDF8061028481AF042FE00
S214023A401AE0082D16D8BDB1013D072D14D801A3E2
S214023A5053F825F0B13A0200BD3A0200793A020064
S214023A607D3A0200793A0200C93A0200EF390200B2
S214023A70CF3A02007C2D24D005B0F0BD24F4884451
S214023A80A4B2B4F5084FF7D1BDF8060016F061F8F7
S214023A90BDF806100BF0D0FF0028A8D0BDF806002F
S214023AA016F0C2F80022014602201AF06AFDE3E789
S214023AB024F48064A4B2B4F5484F97E7B4F54C4FAB
S214023AC094E7B4F54C4F92D04CF6500301E04CF616
S214023AD040439C428AE700BF0E820400F85B002047
S214023AE02DE9F7430F469046994606461AF0BEF869
S214023AF0044630461AF0D6F8C5B2083D2C44E178A2
S214023B00094BA2781970094B31461A7000204346B9
S214023B103A46CDF8009012F08CF9003818BF012012
S214023B2003B0BDE8F08300BF776300207663002011
S214023B302DE9F04FDFF84081DFF8409198F8002039
S214023B4099F8003006469A4285B004D340F219111D
S214023B5042481AF06FFC30460DF10F011AF05AFA7D
S214023B6020B14FF48E713D481AF064FC98F800704C
S214023B709DF80F403D1B15F0FF0530D04FF0FF3C7F
S214023B80374B01211B78A140184699F800304FF6B2
S214023B90FF790CFA03FC0023324A01F1FF3E01933F
S214023BA0C1F1000A9DF80430984243D8122004FB63
S214023BB000002D4BA0F1120105EBC502520019447C
S214023BC004F101091844F6F73DFC4FEA8909274833
S214023BD0A9F104010144AA004844F6F733FC22493D
S214023BE004EBC40201EB420321F81260204A0137BB
S214023BF012784FF6FF71DA731A745A7412025A80E8
S214023C001C4A0D2012781A7110225A7100229A73D9
S214023C10C3F80620C3F80A20144B43F8242088F879
S214023C2000701AF0AEFC0EB908F05CFF204605B034
S214023C30BDE8F08F13884B450AD053680AEA030B97
S214023C4003EA0E030B4403EB4B0343EA0C035360F5
S214023C50019B083201330193A4E700BF21820400CE
S214023C60ED6C00203C440020AC590020E0430020CC
S214023C707763002054630020C1620020EB6C0020B2
S214023C802DE9F041074600250A4B0B4E93F80080BB
S214023C90ECB2A04503D8FF242046BDE8F0810822F6
S214023CA03846B11DF6F7C8FE01350028F4D01236A4
S214023CB0EEE700BFC1620020AC59002008B5FFF74E
S214023CC0DFFFFF281DBF00B2044B00EBC0004FF61B
S214023CD0FF7018BF33F8100008BD00BFAC590020B3
S214023CE007B50DF107011AF095F930B19DF80730C6
S214023CF0034803EBC30300EB430003B05DF804FB89
S214023D00AC5900202DE9F843294E044633785D1E4F
S214023D102D1A8342EDB204D84FF4A17125481AF049
S214023D2089FB0123A3404FF0FF305F1E3B44002176
S214023D304FF6FF7E6FEA03081F4A92F800C01F4A3A
S214023D40127890401E4ACBB29C4523D8BDB127B20A
S214023D5004EBC4041B48640005EBC50204F112011F
S214023D60014452002044F6F76DFBBF001648AA0035
S214023D70391D014402F0FC023844F6F763FB33783F
S214023D800022013B33704FF6FF71BDE8F8430E2068
S214023D901AF0F7BB1388734507D0536808EA03097D
S214023DA03B4003EB59030343536008320131CAE731
S214023DB0C162002021820400ED6C0020EB6C002022
S214023DC03C440020AC590020E043002010B50A4CC9
S214023DD0207858B9094B1B781A2B03D99921084821
S214023DE01AF028FB0322074B1A7010BD0138C0B226
S214023DF0FFF788FFECE700BFC1620020EB6C0020F3
S214023E0021820400BD6200202DE9F04705461AF023
S214023E10CCFCFF28044624D1DFF884901E4B99F888
S214023E2000201B789A422BD22846BDE8F047FFF7BF
S214023E307FBE38883B79504518D86F2B4FEA13124D
S214023E4014D85B0710D0123708F1010899F8001051
S214023E505FFA88F6B142ECD80023104ADEB28E42F0
S214023E6014D32046BDE8F087022AECD90DF0E2F919
S214023E700028E8D129463046BDE8F04716F0E8BAF1
S214023E804FF000084FF6F77A044FDFE71079013358
S214023E908F28EFD81232E1E7EB6C0020AC590020F5
S214023EA0C16200204FF6F773984210B514D8FFF798
S214023EB0ABFFFF2810D0134C00B200EBC00004EB9F
S214023EC0400412F010FA104938B962880B7802EBF7
S214023ED00313A3EB1213638010BD227C637C097864
S214023EE09A42E2732374617407D98B4203D2134653
S214023EF08B4228BF0B461B02EDE78A42F8D31346D5
S214023F00F9E700BFAC590020776300202DE9F041A5
S214023F1006460F4600240E4DDFF8388098F800302B
S214023F20A34201D8BDE8F081082229463046F6F7BA
S214023F3083FD40B935F8063CBB4204D02046FFF765
S214023F40E1FE013CE4B20134E4B21235E6E700BF1A
S214023F50B2590020C1620020F8B5054608460E4652
S214023F60FFF78EFEFF2830D01D4B294653F82070EF
S214023F703046FFF7CBFF2846FFF746FFFF280446EA
S214023F8025D10CF083F8FF280AD1164C207838B1D8
S214023F9013F0CBFF2378B0FBF3F202FB1300C0B2A0
S214023FA0294616F055FA044623B20F4D03EBC30317
S214023FB005EB430508223146A81DF6F743FA2B798E
S214023FC0204603F00F032B71F8BD0027D3E7074BFB
S214023FD01B78002B18BF0027014B43F82070E3E73D
S214023FE0E0430020EB6C0020AC590020106D00204E
S214023FF038B50B4B04461B780D46834204D840F274
S2140240005A2108481AF016FA074804EBC40400EBD3
S21402401044002946BDE8384008220630F6F712BAB0
S214024020EB6C002021820400AC59002070B50446D7
S21402403008460E461AF0B9FBFF28054610D0204661
S214024040FFF71EFEFF2807D0084B1B7823B9084B44
S21402405053F8202043F8252021462846FFF7C8FFBC
S21402406031462046BDE87040FFF750BF106D002075
S214024070E04300202DE9F843002480460127264627
S214024080114DDFF84C9099F80030A34210D83E4309
S2140240900134E4B21A2C4FEA470705F11205F2D1B1
S2140240A04FF0FF30094B1B7898403043BDE8F88349
S2140240B02B884345EBD0284616F022FA0328E6D88A
S2140240C02B796F2BE3D8E3E7AC590020EB6C00208A
S2140240D0C162002010B5084C00EBC00004EB40049F
S2140240E023795B0707D1204616F00AFA237923F0D4
S2140240F007031843207110BDAC590020014B1878F5
S214024100704700BF116D0020014B1878704700BF42
S214024110106D002070B51A48FEF782FB194B1B780B
S214024120033B012B28D805F0A3FB03F057FBBDE8A1
S21402413070404FF47A51124819F084BE23798F2BBF
S2140241404FEA131111D80131204616F009FA062952
S21402415001D8032909D12379002223F007034FF659
S214024160FF710F2023711AF00CFA123401353278DF
S214024170EBB29A42E2D8D6E70025034C034EF6E7A6
S214024180986A0020C8620020AC590020C162002054
S2140241900022084B1878084BD1B2884203F112036A
S2140241A000D8704713F80D1C013221F0100103F8F5
S2140241B00D1CF1E7C1620020AC5900202DE9F04742
S2140241C002261227DFF85C90DFF85C8099F8004040
S2140241D000250CE007FB05F338F803A00021504643
S2140241E016F0A3F910B15CB1013CE4B2013599F8BE
S2140241F00030EAB29342EDD8A34204D14FF6FF7ADA
S2140242005046BDE8F08713F090FE99F80030012E74
S214024210A3EB040390FBF3F202FB1300C4B2EDD04F
S2140242200126D5E7C1620020AC59002010B504462D
S2140242301AF0BBFAFF2808D1204619F037FFFF28EC
S2140242401FBF024B1B78C018C0B210BDEB6C00201B
S214024250044B00211A78044B04481B781A44920037
S214024260F6F79EB8EB6C0020F26C0020E0430020CC
S21402427010B5134B0C461B7886B0834212D91149EF
S21402428000EBC00001EB4001082220460631F6F79B
S214024290D9F800220821204615F095FE80F001008C
S2140242A0C0B206E0C01A01A9C0B20CF02BFA10B1D7
S2140242B0002006B010BD01AB03CB20606160E8E7CA
S2140242C0EB6C0020AC59002008B5074B024653F8A9
S2140242D020308B4206D915204FF6FF711AF051F99D
S2140242E0002008BD0120FCE7E0430020024B01311C
S2140242F043F82010704700BFE04300202DE9F34743
S21402430081460C4600272A4EDFF8ACA09AF8003009
S214024310FDB2AB4210D86946204617F025FAC0B364
S214024320082269464846F6F787FB90B34946204678
S21402433016F0BCFBFE2537E006F1060808224146C9
S2140243404846F6F779FB90B94FF6FF739C422BD09E
S2140243503388A34228D0204619F0A8FEFF2814D19D
S2140243604946204602B0BDE8F047FFF7F5BD14B94E
S21402437012360137CAE73388A342F9D10022082150
S214024380404615F020FE0028F2D12846FFF7BAFC78
S214024390CCE74946002019F059FEFF28054603D00F
S2140243A0044B1B780344DDB2284602B0BDE8F08712
S2140243B0AC590020EB6C0020C162002008B5FFF764
S2140243C0E7FE054B1B78013B012B03D8BDE80840EE
S2140243D00CF084B908BD00BFC86200200F4B1B78E2
S2140243E083420CD8C01A0E4AC0B232F81030D90432
S2140243F011D443F4805322F8103001207047094B41
S21402440000EBC00003EB40035A79D10603D442F016
S21402441010025A71F1E70020704700BFEB6C0020D3
S214024420BC5B0020AC590020F0B5134B06461B7847
S214024430FBB100251148DFF84CC090F800E01048A8
S21402444007781F44E8B2864501D80020F0BD7C1BE1
S21402445094FBF3F003FB10440CEBC4003CF834402E
S214024460B44204D1002AF1D184788C42EED00135D0
S214024470E8E71846EAE700BFED6C00209046002009
S214024480BF6200203C44002070B511F00EF81425DF
S2140244900F49104E0B78328830809B1A03449BB229
S2140244A0B3FBF5F405FB14330B700B49E2B20B7841
S2140244B0934292BF00239B1ADBB2032A0B7088BF7B
S2140244C0002306499EBFD2000B68D3400B6070BD26
S2140244D057630020FC5B0020BE620020904600204E
S2140244E0084B1868084BC2B21B789A4208D2074B90
S2140244F0C0F307201B78984234BF00200120704783
S2140245000120704790460020ED6C00205663002084
S214024510F8B505461746FFF7E3FF064610B9184BEF
S2140245201A783AB9212001224FF6FF711AF029F8BB
S2140245300020F8BD1348DFF854C003780133B3FBFC
S214024540F2F402FB143303700F48DCF8002000EB91
S214024550C30420F8335002F10132A1703846CCF879
S2140245600020FFF787FDE670606015F09AFDA8420E
S21402457001D10120DDE7E3780133E370F9E700BFFC
S214024580ED6C0020BF6200203C44002090460020D4
S21402459010B50B4C0B4A2378063B137010F085FFC0
S2140245A00022094BFF211880084B09481A6022781E
S2140245B0D200F5F7F5FE0422064B1A7010BD00BFB6
S2140245C0ED6C002056630020FC5B00209046002025
S2140245D03C440020BE62002048B139B1044B1B782F
S2140245E00B70044B1B780370012070470846704717
S2140245F055630020126D00202DE9F843074619F096
S21402460012FF05461A481AF085F81A4B48B31C687A
S2140246103C1B2C44A4B20022174BDFF864901B7894
S214024620164D99F8006005EB03155FFA82F84645C9
S21402463009D9AB8805F11000A34215D9B21A29464A
S2140246401201F5F7FFFE013689F80060AC80B8F17A
S214024650000F03D13946064819F0F4FB2846BDE898
S214024660F8833C461D60D6E705460132DDE700BF0B
S214024670B86A00200C55002059630020E042002052
S2140246805A6300202DE9F74F19F0CDFE4FF0000EC9
S214024690284D294F2978294C97F800A004EB0113DE
S2140246A003EB0A120092F3465246DFF898801FFA8E
S2140246B080FC0646B8F80000ACEB0009A0EB0C0044
S2140246C01FFA89F901900098984217D1BEF1000F9F
S2140246D000D02970524503D200203A70FDF7E6F862
S2140246E03B7823B32B78164804EB0314A188C8F84A
S2140246F0006003B0BDE8F04F19F0A4BBB3F804C0E5
S214024700CC450FD84FF0010E93F802C001310CF1E0
S214024710FF3C013AA3F804B083F802C0C9B2D2B291
S2140247201033D0E701988444A3F804C0F8E703B036
S214024730BDE8F08F596300205A630020E042002053
S214024740B86A00200C5500207FB56C461E4B1F4DE4
S2140247501E78013EF6B21E7095E80F0084E80F0040
S2140247601B4B28461A7805F1100132441201F5F760
S21402477069FE9DF8026016F00F0511D1BDF808001B
S2140247800EF0C4F9360918BF29464FF00002BDF8EC
S214024790000008BF039904B0BDE8704003F0F4BC03
S2140247A0BDF80400FFF728FF0346828804ADADF883
S2140247B00420224603CAAA4218605960144603F12E
S2140247C00803F6D104B070BD59630020E042002011
S2140247D05A630020F8B50024084D094F094E3B786D
S2140247E03178E2B20B449A4204F1010400DBF8BDD0
S2140247F02846FDF725FD1035F1E700BFE042002010
S2140248005A6300205963002070B5134B06460D46C6
S214024810104612491A78124B09781B780B449342B9
S21402482006DB1F204FF6FF7119F0ABFE002070BDAD
S214024830FFF7E2FE013506808570044619F0EEFDAC
S214024840E0800EF069F940F602432081E360002022
S214024850FDF72CF80120EAE7EA6C00205A630020F4
S214024860596300202DE9F84386460023144FDFF8EB
S2140248705C803E7898F8005012497219DCB2944275
S2140248801CDA4FEA041C31F80C900133F14501EBB7
S2140248900410F3D1631CD21A0CF1100C12016144FD
S2140248A0F5F7D0FDA5428BBF05F1FF3506F1FF36C1
S2140248B088F800503E700CB9034B1C70BDE8F883B4
S2140248C05A630020E042002058630020596300200B
S2140248D0044B054A1B781278D3420CBF01200020F5
S2140248E0704700BF596300205A630020024B1878B5
S2140248F0003818BF0120704759630020002108B510
S214024900084B09481970094B1970094B1970094B65
S2140249101A781201F5F744FDBDE808400648FDF78F
S2140249207FBF00BF5A630020E04200205963002088
S21402493058630020EA6C0020B86A002010B50B4CC1
S21402494023784BB10A4803F0ABFD58B1084B01215E
S214024950188815F0E8FC08B9002010BD0122054BA6
S2140249601A70FAE7FFF7F0FEEAE700BF5963002085
S214024970E04200205863002010B50E4B1B78BBB1F6
S2140249800D4C238883424FF0000311D10B4AE1609D
S214024990137049B9A3781033A37015F0BAFF18B98B
S2140249A0A37823F00F03A370FFF7CEFE012010BDFD
S2140249B01846FCE759630020E042002058630020B6
S2140249C070B592B00C46064613F0ACFAE17A05468C
S2140249D00020FCF72DFC28B394F90A0015F001FB21
S2140249E010BB134BE27A294683F85820A27A83F842
S2140249F05A206A46FCF750FF4FF6FE739E420CBFE3
S214024A004FF6FF7323896A4629460020ADF80660F2
S214024A10ADF80430FDF7F6F940B92289054B5A8005
S214024A2012B070BD5520FBE75620F9E72120F7E7C4
S214024A30245400201055002010B5044601460822D2
S214024A400948F5F7FFFC237B022B0AD8002B14BF7C
S214024A503122012205490B7017234B61044B1A7051
S214024A6010BD00230122F5E7145500201055002042
S214024A70C7620020014610230120014AFDF74ABF03
S214024A8064EE0100014B5861704700BF10550020CC
S214024A90014B1878704700BF1055002010B5054C22
S214024AA02378112B03D0E221034819F0C3FC4123DB
S214024AB0237010BDC76200202C820400064B0146FC
S214024AC01B78042B04D1054A137E053313767047F0
S214024AD0034819F0B7B900BFC8620020105500207D
S214024AE0D86A002008B50648FDF7AAFB0548FDF778
S214024AF0A7FB13F05EFBBDE8084001F003BB00BF56
S214024B00F85B00202C5C0020064B1878332806D071
S214024B1000F0EF00A0F143035842584170470120CD
S214024B20704700BFC7620020002208B5074B4FF649
S214024B30FE701A7015F0C1FA4FF6FF7015F0DAFA29
S214024B40034B5869BDE8084013F0C1BAC76200209B
S214024B501055002008B5064B187838B10548FDF701
S214024B604BFE4FF47A73B0FBF3F0C0B208BD00BF41
S214024B70BC620020504600202DE9F0438BB0074669
S214024B80154698460E469DF8489049B9104605AC1B
S214024B9019F08CFA21460BF0B5FD172818BF2646E9
S214024BA0B9F1000F0AD1124B1B781BB9284616F032
S214024BB000FED0B92846FEF713F902E0284616F0A2
S214024BC0F8FD80F00104E4B29DF850302A460293C4
S214024BD09DF84C303146CDE900933846434603945F
S214024BE015F0FFFC0BB0BDE8F0834C46ECE700BFC7
S214024BF0C36200202DE9F04F97B099469DF88830A1
S214024C00BDF880B0219D08939DF88C300E4658461C
S214024C100FA90492079317F046FA05B3002800F08E
S214024C20208195F801A00FACCAF3400A8E4B19F00A
S214024C30800F1B7814BF4F4649F08007022B17D00F
S214024C404FF6FF78002D40F087810225584614F073
S214024C5080FF2B464246214615F09CFABCE0584699
S214024C6014F0F8FF0446002800F0FB80AA46DDE7B1
S214024C701EB97E4B1B78002BE2D00DF13A0120467E
S214024C80FEF7FCFA584614F0F8FF012838BF012058
S214024C90C3B2059395B3281D19F0AAFC804609F005
S214024CA002032046069315F0D7F92146099081465D
S214024CB0002019F0CBF9069A099B12BBFF2820D1D7
S214024CC0F2F7E6FA6A4A1278824200F032814FF62A
S214024CD0FF72099B934214D1FEF726F8002800F0D3
S214024CE028814FF6F773984523D915F0AFFE11A920
S214024CF08146FEF7E9FA0028F7D02EE0BDF83A80A2
S214024D00CDE74FF6F772904520D8934211D89845D2
S214024D100FD0194622460AA819F064F90A980B9988
S214024D2013AB03C3BDF83020022113A81A80FEF786
S214024D3039F9404611A9FEF7C7FA024628B90821F2
S214024D4011A815F040F9002866D0C1464FF6F67253
S214024D5009F1FF339BB29342C7D8BAF1000F03D1D1
S214024D60444B1B78002B60D1584614F0F2FE059B8C
S214024D704A4601930123214600933B46FEF7E4F898
S214024D804FF6FF739842804600F0D3800146002219
S214024D900AA819F027F90A980B9913AB03C3BDF8B2
S214024DA03020022113A81A80FEF7FCF8002D3FF4EB
S214024DB04DAF002E40F0D28045460123C7F3C00710
S214024DC04246CDE9016321462B4604980397CDF867
S214024DD000A015F006FCA846BAF1000F0FD04FF659
S214024DE0FF7398450BD0404619F060F9FF281FBFA5
S214024DF0214A32F8103023F4804322F81030089B00
S214024E007BB315F04EF9249B014600934246234697
S214024E1007980CF0EDFC24E00822204611A9F5F7CD
S214024E200BFE00287FF461AF8FE7002D64D0134B92
S214024E301B68980727D5049B0F2B21D0281D19F035
S214024E40D7FB02230121CDE901310023C7F3C007B6
S214024E500246009321464FF6FF730498039715F017
S214024E60C0FB17B0BDE8F08FC7620020BC6200200E
S214024E70C0620020C3620020BC5B0020A446002063
S214024E80079B012BDAD1281D19F0B2FB804619F0D8
S214024E900DF90990404619F088FC4FF6FF71BDF8EF
S214024EA03A208A4256D04245099B53D1FF2B4AD01C
S214024EB0184616F094FC784010F0EF0F14BF01234A
S214024EC00023BDF83A00099319F0F0F80690BDF8F1
S214024ED03A0019F06AFC099B66B14FF6FF7CBDF8F2
S214024EE03A10614506D0414504D0069A0240D2B235
S214024EF0FF2AA3D1002BA1D1224649460AA819F0BF
S214024F0071F80A980B9913AB03C3BDF830205846C4
S214024F101A8014F01EFE3A460146059B13A8FDF7BA
S214024F20DDFF30B94FF6FF73BDF8548098457FF425
S214024F303DAF4FF6FF789DB10126281D19F058FBAC
S214024F404546804639E7FF2804D0069BB3FA83F32A
S214024F505B09B6E70023B4E70226EEE70026ECE795
S214024F60012573E60022014B1A7670471055002081
S214024F7008B50B4B1B78022B10D10A4B1B78033B50
S214024F80012B0BD9084B187800F00100FEF730FA17
S214024F900023064AC2E90133538008BD0020F3E726
S214024FA0C7620020C8620020BC62002010550020A4
S214024FB038B5174D2B78033B012B1CD8154BB3F88D
S214024FC068204FF6FF739A4215D10320FDF728FD9D
S214024FD002F0CEFBFFF7CCFF2B78033B012B01D967
S214024FE009F0FCF8002018F037FD78B1BDE838402B
S214024FF0002014F0C4BEFDF7FDFC0446FDF7F4FCE9
S2140250000146204608F05EFB0220DFE738BD00BFFF
S214025010C86200202454002008B5114A114B58617A
S2140250201378032B1BD0D3B1332B01D0432B10D1D3
S2140250300D4B1B78033B012B05D803231370BDE8E9
S214025040084013F044B813F042F8BDE80840FFF7F2
S214025050AFBF21231370BDE8084002F09DB908BD1A
S214025060C762002010550020C862002038B50446EA
S2140250701348FDF7D5FB134B1B78013B012B1DD8BC
S214025080114D5CB92B7823B140F619402C7013F001
S2140250901EF80024FFF76CFF204638BDFF2C05D013
S2140250A04FF47A710648614318F0CCFE2B78002B39
S2140250B0EFD1012340F618402B70E8E70224E9E717
S2140250C050460020C8620020BC62002038B5114D50
S2140250D004462B78834218BF287013F02EFC80B14A
S2140250E024B9204613F02BFC02220DE0012013F017
S2140250F026FC2B781A1F012A05D9062BF4D1032287
S21402510002E0002CF5D10122BDE838400021084615
S21402511015F08DB9C862002030B5044685B06846E1
S2140251200D46FFF7A7FC94B100212846144A02F068
S21402513043FB144B20681B7861688DF80430124BD1
S2140251401B788DF8053002AB03C306F0B1FA0F4B9D
S21402515093F8582093F85A308DF803208DF80230D1
S21402516014F0BCFFADF8000014F09BFF1023ADF85E
S214025170060069460020064AFDF7CCFB05B030BDA6
S21402518000F8FF07E06C0020C862002024540020CC
S21402519064EE010010B5144B04461A78134B002037
S2140251A083F8582018F058FC10B1002014F0E7FDE0
S2140251B000210846FFF7B0FF0D4B1B78033B012B7F
S2140251C00ED813F0AEFB2046FCF754FE40F617400E
S2140251D012F07DFF0023074A1380074A138010BD92
S2140251E00BF016FCEFE700BF5B63002024540020A0
S2140251F0C8620020D25B0020D05B00201FB50446A8
S2140252006846FFF737FC54B100238DF805301023AB
S21402521069460020064AFDF77DFB04B010BD14F077
S21402522040FFADF8060014F059FFADF80000EEE7B7
S21402523064EE010010B5014604460020FBF7F8FFB5
S21402524090B10C4B1B78023B032B0FD80A4B1C70F9
S21402525018F0DCFF60B9094A0949FCF77FFB003801
S21402526018BF0120800010BD5520FCE70220FAE797
S2140252704D20F8E7C76200205B63002059890200D0
S21402528095510200F8B5064618F0C0FF044668B904
S21402529018F0E2FB50B1064D204695F8587085F896
S2140252A0586014F06CFD10B185F858704D20F8BDAA
S2140252B0245400202DE9F04180461846033B012B7A
S2140252C00E46174602D918B121243CE0FFF7FEFE2F
S2140252D0294B1B78012B4CD0284B1D78022D08D069
S2140252E0032D46D1B8F1000F03D1254B1B689B074F
S2140252F03FD43320FDF794FB01F0E8FCB6F1006FD3
S21402530034BF204B052231464FF0060038BF1A78CC
S214025310FEF776FA044628BB1B4D2873012000F0E0
S21402532029FF14F0DBFE68802846B8F1000F0DD086
S214025330022300F8043B15F0CCF96C732F61394652
S214025340304612F0FEFD2046BDE8F081012300F84B
S214025350043B15F0BEF96C732F613946304612F0E5
S214025360EFFDF0E72846FDF75BFBB8F1000FF4D03F
S214025370E5E70224E7E700BFC8620020C762002014
S214025380A4460020136D002010550020034B187809
S21402539018B9034B034A1B78D05C7047C6620020DC
S2140253A0C8620020DBCE040038B5174B04461B78D3
S2140253B0033B012B06D8437BDB0703D590F9090094
S2140253C013F0AEFA0025114B83F859502079FFF7F7
S2140253D059FFFFF7DBFF61882488034622462846EA
S2140253E0FEF720F8044620B11720FFF715FE2046E8
S2140253F038BD1723064DC82106486B6118F022FDFA
S21402540003232B76F3E700BFC86200202454002053
S21402541010550020D86A0020F0B51A4D06460C46F4
S21402542093B0A5F8680005F16A0729BBC5F86A10AB
S214025430796012F077FD6A4601460020FCF72CFAE6
S214025440D5F86A30ADF81060CDF812307B68CDF82A
S214025450163012F067FD6A4601460020FCF7D2FCC1
S2140254604FF6FF73B5F86800984203D014B10649A8
S21402547012F06AFD13B0F0BD08223846F4F7E2FFD8
S214025480D7E700BF245400208E5400202DE9F041B7
S214025490DFF8B8801F4698F8003005460C461646D8
S2140254A01BB102252846BDE8F081531E052BF8D80D
S2140254B018F0ACFE0028F4D13B7B032B14D14FF638
S2140254C0FE739C4212D1012E09D0022EE9D114F0AD
S2140254D0E8FD4FF6FB73984203D814F0E2FD04464B
S2140254E004E015F0B3FAFAE7012EDAD0EDB9394640
S2140254F02046FFF765FA05460028D3D198F8003013
S214025500332B03D0532B1CBF0E4B18613046FFF7CC
S214025510DDFD00214FF6FF70FFF77EFF0A4B1B787A
S214025520002BBFD00BF048FABCE7397B721ECB1EAD
S214025530594259415042504107F054F90546002855
S214025540D5D0AFE710550020146D0020C7620020AA
S2140255502DE9F84305468846914614F0A2FD3F4ED3
S21402556004463378033B012B06D86B7BDB0703D557
S21402557095F9090013F0D4F914F093FD384B394F1E
S214025580188014F0ABFD384B1880FDF72DFA374B18
S2140255901880FDF72FFA082201463548F4F752FF25
S2140255A014F048FD334B18702879FFF76BFE002184
S2140255B06888FFF731FFFDF72DFB60B14FF6F672F4
S2140255C0631E9BB2934206D915F040FAB7F86830CC
S2140255D004468342F8D0204614F06FFD288814F063
S2140255E089FD4946B7F86800C047044628B919201D
S2140255F0FFF712FD1920BDE8F883B7F8681014F01B
S214025600E7FA00231C4D87F859302B7803F0FB038A
S214025610022B02D0204614F0D4FF00222046114668
S214025620FFF7F2F80446A8B117236B613378042B10
S21402563009D1C821114818F005FC03232B7684F003
S2140256400100C0B2D7E74FF416710C4818F0FAFB07
S2140256500023F3E71720FFF7DFFCF0E7C86200201D
S214025660025C002024540020005C0020FE5B002028
S2140256705C6300206463002010550020D86A002076
S214025680F0B50C461E460B462049074689B004F183
S214025690140053F8045B834241F8045BF9D11B887B
S2140256A002AD0B80D4F80E00D4F81210238803C57E
S2140256B0ADF8103023798DF812208DF813300023C0
S2140256C03A468DF814304FF6FE71012002ABFFF712
S2140256D0DDFEC8B902A8FFF7AFF9237B4BB10C4D2C
S2140256E00C4B01AA29460120019313F0F5F82A78FB
S2140256F01AB92046FFF758FE03E020460199FFF745
S21402570027FF08B9044B1E7009B0F0BD045C0020E8
S21402571010550020E9A603006563002001232DE949
S214025720F341304E05460F4600202F491446737348
S21402573000F0EEFC13F0F6F8DFF8AC8038B9012D75
S21402574001D9042D0FD12146384612F084FC1020D0
S21402575000210AF07FFC00283CD0002002B0BDE801
S214025760F041FCF7A3B8002CF1D1204B1B78212B7B
S21402577003D0062B01D0532B02D101F00DFEE6E733
S214025780FDF748FA0028E2D000F0EEFC28B9307B9C
S214025790C0F11800FFF740FCD9E7154B41462046FA
S2140257A0019300F0B5FC20B140F61901114818F03B
S2140257B041FE01AA0B4998F80C0013F08DF83278D6
S2140257C01AB90948FFF7F0FDC1E701990648FFF745
S2140257D0BFFEBCE7FFF78AF80028BED102B0BDE8DC
S2140257E0F08100BF10550020045C0020C762002034
S2140257F0E9A603002C8204001FB5144B04461B883E
S214025800DB0707D44FF6FF700021FFF705FE0020E6
S21402581004B010BD0A230E4A012001A9FDF77AF84A
S2140258204FF6FF73BDF80C209A42EBD00822FF21F8
S21402583001A814F0C8FB0028E4D10CB90120E7E760
S214025840BDF80C0001A9FFF7E7FDF7E71C5C002096
S21402585026E1010038B50C46154614F02EFC03F07E
S214025860AFFE29462046FFF7D7FD00F07DFC48B183
S214025870074BDB790E2B28BF0E230133DBB2054A1A
S214025880137038BD044B1B78013B18BF0123F6E7A3
S214025890045C00207B630020C862002038B500222A
S2140258A00821044614F08FFB0546C8B914F0F9FB2C
S2140258B02A464FF6FF71FFF7CDFF2046217CFFF701
S2140258C02BFC6269E189207C01F076FF054B1B7890
S2140258D0012B01D107F0F6F8FFF76AFB002038BD6E
S2140258E00120FCE7C862002038B51D46FFF7CEFD52
S2140258F00446C8B92B7B2846032B03D1BDE83840A3
S214025900FFF7CCBFFFF798F8084B25469C8114F0AA
S21402591091FB0121064B81401A780620FDF770FFA5
S214025920044608B1034B1D70204638BD10550020B2
S214025930136D0020C762002030B5012087B0FFF744
S2140259405BFF6B460446144A1068516803C384B969
S21402595005F0BCFE02A8FFF78DF84FF6FF7522464B
S214025960BDF80E002946FFF775FF12F0F3FA07B0EE
S21402597030BD6B46094AD2F86A00D2F86E10B2F809
S214025980685003C305F0A2FE02A8FFF773F86A4642
S214025990BDF80E00E6E700BF940B04002454002076
S2140259A073B53A4B04461B781BB10224204602B05C
S2140259B070BD18F02BFC0028F7D100F0E5FB14B1FF
S2140259C02288334B1A8000210DF10700FDF7ACF850
S2140259D0002856D114F06EFE04460028E6D12D4D5E
S2140259E09DF80700FFF772FB2B785A1E012A1FD874
S2140259F0FFF7A2FF2B78033B012B01D801F014F925
S214025A00FFF7D6FA012014F0DCFA034600283AD152
S214025A102A78033A012AC9D81D4A108810F00205CE
S214025A2021D0052201201C49FFF744FC0446BDE7AD
S214025A30033B012B04D82046FFF7DEFE0028D7D111
S214025A402B78053B012BB1D8FFF776FFFFF7B0FAAC
S214025A502B78052B0CBF04200520FCF7E1FF012064
S214025A6014F0AFFAE2E70D4E0223314601200C4A4B
S214025A70FCF750FF33885B0798D5284601F0E8F814
S214025A8094E7172492E7044690E700BFC762002017
S214025A901C5C0020C862002000F8FF07CE5B0020D6
S214025AA027E101007FB50024184E194D3278E3B283
S214025AB09A4201D804B070BD4FF6FF73B5F868205D
S214025AC09A421AD0134B1B88DB0714D5124AB5F834
S214025AD0683010685168ADF80C3001AB03C30F4A4A
S214025AE00A23002001A9FCF715FF022300200C4A16
S214025AF00C49FCF70FFF0134D8E7002208210648BC
S214025B0014F061FA0028F6D1DCE700BFEC6C002046
S214025B10245400201C5C00208E54002026E1010044
S214025B2027E10100CE5B002010B501F0CFF802F0AD
S214025B3013F8D8B10E48FCF773FE0E480E4C017AE5
S214025B400E30FFF7E9FA23781BB100F0BFFA002304
S214025B5023700022094B1A73FFF72AFA08F056FD43
S214025B6001F044F9BDE81040FFF79CBF10BD00BF2E
S214025B70D86A0020045C00206563002010550020CF
S214025B8010B52548FCF74CFE01F0E6FF30B1234B7A
S214025B901B781BB9BDE81040FFF7C6BF01F0DCFF5B
S214025BA078B11F4C237E83B1C8211B4818F04AF9EE
S214025BB00021237E0846013B2376BDE81040FBF712
S214025BC0E3BEFDF727F80028EBD1FDF723F8154BC7
S214025BD01B7858B9112B03D003F0FD03412B19D1C2
S214025BE0BDE810400E4B5869FFF716BA332BF7D1B3
S214025BF00D4B188814F061FA0C4B188814F07AFAD8
S214025C000B4B0C491888FFF707FC0B4B1878FFF76D
S214025C1039FBE5E710BD00BFD86A0020C36200204A
S214025C2010550020C7620020025C0020005C0020A5
S214025C30FE5B00205C630020646300202DE9F04FC9
S214025C400F4685B002AD044629463846914616F000
S214025C502AFA4FF0000B82463846CDF804B014F00C
S214025C6080F84678022C804606F0020609D85CB117
S214025C70FCF7D0FF0446002848D1754B01241B7858
S214025C8065E0043C022C3AD9FCF7C4FF384613F010
S214025C90E1FF00240546A046DFF8D8A1384614F0F6
S214025CA060F850F809300DF10500019318F0A0FCD9
S214025CB09DF807B00746B8F1000F4DD1BBF1000FB3
S214025CC05BD0DFF88C9199F800300BB1002E63D0D0
S214025CD0002C61D05F4B1B78022B5DD1BBF1000F0D
S214025CE053D1384614F0E9F958465946FFF714FAE4
S214025CF008F08CFC40F6074012F0E9F934E014F0A4
S214025D00A8FCFCF787FF0446F8B15C464EB1524B3E
S214025D101B78012B02D0043B012B0BD805B0BDE843
S214025D20F08F4B4B1B782BB14B4B1B7803F0FB03CE
S214025D30022BF3D0BAF1000F404608BF002516F03A
S214025D40A5F94FF001088246A8E7414B1B78002BC5
S214025D50F0D0002EEED1E1E7BAF1000FAED05046F9
S214025D60FDF73AFB0028A9D1002017F075FE00289F
S214025D70D4D0002014F003F8D0E74FF6F7739F4212
S214025D809FD91720FFF748F9EEE7FCF743FF48B123
S214025D903248FCF745FDF4E7FCF73CFF10B1BBF1D7
S214025DA0000FF5D1FCF736FF0028DDD02846FDF7B8
S214025DB067FFFF28DFF89CA0294C03D09AF8003032
S214025DC0012B04D12946B4F86800FEF7C5F8FEF7A1
S214025DD081F92A463846B4F86810FFF73BFD214B96
S214025DE0214A93F906301B0213809AF80030012BE1
S214025DF019D0312B14BF432311238AF800301B4BD2
S214025E001648196818F01EF800F00EFF0023124C10
S214025E1099F80010237641B9104818F013F840F6A6
S214025E201B436361A0E71123E7E7B8F1000F03D035
S214025E3016B1FFF779FEF2E70D4B1B78042BEED175
S214025E400521064817F0FEFF09232376E7E700BF81
S214025E50C3620020C762002010550020D86A0020C6
S214025E6024540020045C00201A5C0020F86A0020FB
S214025E70C86200204A6300202DE9F043084693B02A
S214025E800E4613F06EFF09220021804617F02EFE02
S214025E900446304613F0DEFE052207460DF10903DE
S214025EA030460AA912F06DF9022881461DD09DF8E7
S214025EB0093031461C440023E4B204F1100218F8FB
S214025EC0045001200093D2B20FF0B3FF68B1072D41
S214025ED009D855B1013D062D07D8DFE805F00918A7
S214025EE0068A062541007C2D45D013B0BDE8F08316
S214025EF05B4B1B78013B012BF7D8304613F029FE8B
S214025F00002332461946009414F0A7FBEDE7554BE2
S214025F101B78012BE9D1544B18780028E5D122468C
S214025F203146FFF78BFEE0E74D4B1B78013B012B1A
S214025F30DBD8384609F0DCFF4FF6FF73984204467A
S214025F4006D0304613F005FE2246394614F011F903
S214025F50444B1B78022BC8D1384612F07AF8C4E7B5
S214025F603F4B1B78013B012BBFD8494630460AAA55
S214025F7000F01EF9B9E73A4B1B78013B012BB4D867
S214025F80A04498F8012098F80230652AADD16D2B0E
S214025F90ABD1304617F086FE1334E4B28442A4D264
S214025FA00822394603A8F4F74DFA214630460DF189
S214025FB00A0215F0BBFF002897D1BDF80A30002B65
S214025FC093D005A809F0B0FA0123284DBDF80A00BF
S214025FD02B7017F067FE0446BDF80A0017F046FE5F
S214025FE0E2B2034605A903A811F0CDFF00232B70E9
S214025FF07BE71B4B1B78013B012B3FF676AF062255
S2140260000021404617F072FD404418F0F1FA0746A8
S214026010FCF758FE044600287FF467AF304613F0BC
S21402602093FDC3047FF561AF46F204030121ADF888
S214026030143038460223CDE9004405AA15F0C5FF00
S214026040054600283FF451AF394613F0C1FD3046ED
S21402605013F07FFD22462946FDF706FA45E700BF04
S214026060C8620020C76200201055002096630020F8
S21402607008B5084B187050B1074B1B883BB14FF45C
S2140260807A710648594317F0DDFE002008BD01204C
S214026090FCE700BFBA6200208C6C0020504500204E
S2140260A0014B1878704700BFBA620020014B188077
S2140260B0002070478C6C002008B5FCF7B1FB00226C
S2140260C0014B1A7008BD00BFBA62002010B500244A
S2140260D0044B05481C80054B1C70FCF7A1FB2046B0
S2140260E010BD00BF1E5C0020FC6A00206F6300200B
S2140260F008B50348FCF794FBBDE80840FFF7E6BF87
S214026100FC6A00200148FCF79BB800BF1E5C00201A
S214026110F7B5134B04461B780E46EBB183421DD9E6
S2140261200021104818F0C8FA002501460D4F09B99B
S214026130012009E0AC4209D100241623224630464B
S214026140009418F056FB204603B0F0BD384618F00F
S214026150D7FA01350146EAE71820F5E72720F3E7E4
S2140261606F6300201E5C0020014B1878704700BF4A
S2140261706F63002025289DBF024B18700020212047
S214026180704700BF166D0020012307B51846064A61
S2140261900DF10701FCF7BEFB9DF80720034B1A70B2
S2140261A003B05DF804FB00BF29E101008E6C0020FD
S2140261B0F8B507460E46144613F04CFD1A4B054634
S2140261C01B78022B2FD1194818F0A4FA58BB284680
S2140261D011F0F4FF38B322463146384611F0EAFF92
S2140261E008B311F0A2FE0446384613F0B2FC104B78
S2140261F0012E1A784FF00F0303FA02F39BB2B4FB98
S214026200F3F203FB124404F10104A1B206D1094BD6
S214026210094A1E702B6813606B6853600348BDE81A
S214026220F84017F00FBEF8BDC76200207046002087
S214026230156D00206E6300206663002084B010B5E2
S21402624002AC84E80F00082227480DF11601089CCC
S214026250F4F7F2FB08BB9DF815309A0705D4234BDA
S2140262601B7803F0FD03312B1DD121496378097891
S21402627003F00F028A4203D0012922D1022A12D148
S214026280227882B91B09022B0DD11A4BA0781B78F3
S214026290022B1AD1C0F3800006E000220821124821
S2140262A013F091FE20B90020BDE8104004B07047FC
S2140262B0114BBDF808205B889A42CCD0002BCAD07E
S2140262C0F1E70229EFD1012AD9E7030609D40B4BDD
S2140262D0B3F86820BDF80A309A42E4D1FEF714FCFF
S2140262E0E2E70120E0E700BF14550020C762002065
S2140262F0E06C0020C86200201055002024540020C4
S214026300284BF0B55D88002387B08DF80830264B01
S2140263100DF10B001B7805F0010743F020038DF802
S214026320093014F0D6F96FF07F43ADF813308DF8CC
S214026330153014F04CFA1D4B8DF816001B7805F03C
S2140263401006DB00DCB2F0F7A3FF194B1B78834282
S2140263502CBF44F0040344F084032FB1A9061ED4D4
S21402636026B143F0020301E0AA07F9D40021084649
S2140263708DF80A3017F0EEFCADF8060058B101238E
S2140263800F2202A90DF10600FCF79EF918B90DF1CD
S214026390060012F09EFABDF8060007B0F0BD43F004
S2140263A00103DDE78E6C0020E06C00207B6300209A
S2140263B0C062002010B5FCF733FA0A4B1B78022B9A
S2140263C00CD1094B1B78033B012B07D9074C2078CD
S2140263D028B1002011F0F5FE0023237010BD13F043
S2140263E09BFEF9E7C7620020C86200206E630020A9
S2140263F084B02DE9F0478EB016AC84E80F00DFF8C3
S21402640078C1594BBCF802009DF85DA010F001045B
S2140264109DF96220BDF870E09DF875909DF9767042
S2140264209DF878509DF97A109DF95E809DF860601F
S2140264301B7835D09DF87D00C0F34004C0F3800081
S214026440002B4AD0494B1B78022B09D18A4244DBE7
S21402645024D1A81BC0B280288CBF0020012016E0E1
S214026460434B1B78012B01D1002C7AD078B19CF8D3
S21402647000301E335BB29F42D4BF002701279845E7
S214026480D4BF00230123BB4206D18A42E0DA0EB013
S214026490BDE8F04704B070473846F8E70020F6E754
S2140264A010F0020F18D0C3B1490814BF0120002013
S2140264B0520814BF012300238342E8D1AB1BDBB290
S2140264C0802B0AD9AE42E9D1B84506DB49D1CA4586
S2140264D02CBF00200120DAE70BB90120D7E7AE4235
S2140264E016D002AC1CAF0FCF0FC497E8030044F8D7
S2140264F0040B2180DDE91A0116AB0090ADF80410FA
S2140265000FCB12F0E0F90028E7D1AE42A1D1BEE7E8
S214026510BDF8583073451ED008AC0DF1700CBCE8BF
S2140265200F000FC49CE8030044F8040B2180114CB2
S214026530638873450FD10822211D0DF12E00F4F752
S2140265407BFA024638B90821201D13F03CFD10B92B
S2140265506388002BC1D1B845BFDBC2D1CA45BCD3C4
S214026560BFE7204693E700BF6F630020C8620020A3
S214026570C7620020105500208E6C002084B02DE9E2
S214026580F04F8FB06A4E18AC08AD84E80F001622A2
S21402659000212846F3F704FF33783BB90024654B05
S2140265A032781B789A4239D2002726E000216248C8
S2140265B018F082F800270446B846DFF87C91002CD3
S2140265C045D13FB1224639465B4813F05FFC33782B
S2140265D0013B33703378002BE0D0002156484FF051
S2140265E0000918F069F84F468046CA46DFF848B1F7
S2140265F0B8F1000F6CD1002FD1D01621002218A8B6
S21402660013F0CAFB014648B1002F00F08B802246E9
S214026610494813F0E1FB337801333370454B327847
S2140266201B789A4207D944480022018813F02EFCB0
S2140266303378013B33703378012B03D13F4940480E
S21402664017F000FC0FB0BDE8F04F04B07047002210
S214026650214616232846CDF8008018F0CAF81622DE
S214026660294618A8F4F7E8F90028EBD09DF864202C
S2140266709DF824309A4225D1BDF86020BDF820301E
S2140266809A421FD108220DF12E010DF16E00F4F789
S214026690D3F9B8B902AF0DF1600CBCE80F000FC712
S2140266A09CE8030047F8040B39800EAB13E903009D
S2140266B00090ADF8041095E80F00FFF799FE002849
S2140266C0C0D027462146484618F01AF8044676E710
S2140266D01623002241462846CDF800A018F089F875
S2140266E002AF0DF1600CBCE80F000FC79CE8030078
S2140266F047F8040B39800EAB13E903000090ADF89F
S214026700041095E80F00FFF773FE074620B1B9F1B3
S214026710000F04BF444681464146584617F0F0FF34
S214026720804665E73A46044817F0CCFF73E700BF99
S2140267306F630020166D00201E5C002020BF020042
S214026740FC6A00202DE9F04F002104469FB00DF1AF
S2140267504008162240460E91CDE90C11CDF83B10AA
S214026760F3F71EFE052220460DF11F0316A911F0AF
S21402677008FD0228074600F0F880204613F0F1FADA
S214026780064617F035FF8146F01C17F031FFADF8CC
S2140267904000701D17F02CFF012FADF84200204676
S2140267A040F0E68013F0DDFA0546204617F05EFA62
S2140267B00D3502232D1A0093214643460820EAB2DD
S2140267C00FF037FB002800F0D080204613F0CEFAF8
S2140267D0012F83469DF84D3040F0E38000252F467A
S2140267E043F001038DF84D3016AE3388022B4DD19F
S2140267F0F178204602310CF00FF81B2846D1F178CA
S214026800204603310CF008F819283FD1F1782046CB
S21402681004310CF001F84A2838D14FF0050AF17815
S2140268202046013151440BF0F7FFF17805905144B0
S21402683020460BF0F1FF059B00EB032083B200F02D
S2140268403F02932B059240F09B800023F778214667
S21402685002375744FFB23A4600930CA80F2317F0AC
S214026860C8FF07F10F01204615F0F6FA07F11101ED
S2140268700546204615F0F0FAADF84200059B0233B5
S21402688053445FFA83FA33795345C8D806360DF176
S2140268907603B342A9D19DF84D20C5F3C03363F306
S2140268A0410220468DF84D2013F0F2F98DF844008F
S2140268B0204613F0E2F98DF84500204613F0E2F97F
S2140268C09DF83230BBF1190FC3F3C3028DF847208F
S2140268D0DDF833208DF84600CDF84E20DDF837205F
S2140268E0CDF8522094BF00229DF83E208DF8482015
S2140268F003F003028DF84A206E4A1278022A9DF8A7
S2140269004D200CBFC3F38003DB0963F382026A4B9C
S2140269108DF84D201B78022B57D1BDF8406013F03E
S214026920DDFB864251D108A813F0D3FEBBF1190F46
S21402693048D908220DF14E0108A8F4F77DF8002880
S2140269403DD1B9F5004F02D0B9F5624F0DD140F6F0
S214026950FF7325F440459D4207D1002208210DF120
S2140269604E0013F030FB00283FD01FB0BDE8F08F7A
S21402697013F0F7F90546204617F078F9073518E7B9
S214026980412B7FF47BAFF1782046023151440BF065
S21402699043FF4A4B1B78C3F1B30318448DF84900F2
S2140269A06CE76FF30003F01D8DF84D3017F020FEF4
S2140269B00CA90546204613F0C0FE0B276BE700F035
S2140269C0B3FFBEE700F0B0FFCFE7B9F5004F02D045
S2140269D0B9F5624FC9D140F6FF7325F440459D4292
S2140269E0C3D1BBF1190FC0D9B7E7BBF11A0F06D056
S2140269F007F11F0142462046C9B211F06CFF304C27
S214026A00304D637BDBB12B78012B1DD10123237321
S214026A100CAB029314AC94E803000090ADF804109B
S214026A2098E80F00FFF70AFC90B194E80300009084
S214026A30ADF8041098E80F00FFF7A0FD08E0FCF799
S214026A40E9F80028DFD0E1E703F0FD03042BDDD0F0
S214026A502B78012B01D0042B87D11B4BDDF84E007F
S214026A601B78DDF852108DF82230BDF84030ADF8B4
S214026A7020309DF84D30C3F340038DF823309DF847
S214026A80313003F00F038DF82C309DF848308DF826
S214026A902D3009AB03C30D4B1B681BB1414608A83A
S214026AA0984762E79DF946209DF8451008A811F020
S214026AB0CEFA5AE7C8620020C7620020766300203A
S214026AC010550020536300207563002004550020F3
S214026AD02DE9F043424B434C1B7885B0033B012B18
S214026AE022D817F0A0FC2378022B31D13E4A146834
S214026AF0A0422DD03D4910600A68121B10443C4A41
S214026B000860127872B1013A93403C2253434FF424
S214026B107A72534398421BD9032005B0BDE8F0436E
S214026B20FBF77EBF0A23F2E717F07DFC2378022BE1
S214026B300ED12D4A1568A8420AD00027DFF8BC807D
S214026B402C4E1060451B98F80030FCB2A34202D8C7
S214026B5005B0BDE8F08356F8243020462B4446F8AC
S214026B60243017F0FBFAC3074FF0000910D5204671
S214026B7009F0FEF970B156F82430242B08D91022F9
S214026B8000232046CDF8009009F00CFA46F824902F
S214026B900137D8E7184B1B5D13F00F031FBF03F135
S214026BA0FF32022393403C220CBF0A2353434FF486
S214026BB07A72534356F824209A42E9D9204609F0BD
S214026BC067F902A914F0D0FD28B1204609F060F951
S214026BD002A911F0BAF9204614F05CFED8E700BF0D
S214026BE0C8620020C76200209C460020984600200B
S214026BF0DB6C0020B44400206C620020F26C0020A3
S214026C00064B1B88DB0708D50022054B43F82020DD
S214026C10044A135C63F00F0313547047205C002091
S214026C20B44400206C62002008B517F0FCFB00227A
S214026C30024B1860024B1A6008BD00BF9C4600203B
S214026C4098460020014B1868704700BF98460020FF
S214026C5008B50C48FBF7E4FDFBF736FF80B10A4B9C
S214026C600322B3F86810012011F057FE4FF47A7130
S214026C70064B04481B885943BDE8084017F0E2B8A3
S214026C8008BD00BF1C6B0020245400206E6C002040
S214026C90014B188000207047926C0020044A054B76
S214026CA01870138823F003031843108000207047DF
S214026CB0205C0020DC6C0020034B1888C0F30E001A
S214026CC0003818BF01207047CE5B002008B5FFF7DA
S214026CD0F3FF30B1002004490223044A0880FBF780
S214026CE019FE002008BD00BFCE5B002027E1010090
S214026CF0024B1888C0F30E00704700BFCE5B002020
S214026D000023084A01201370074A08491370084BEB
S214026D10084A1B7843F0040313800223064AFBF753
S214026D20F9BD00BF7263002071630020CE5B0020B5
S214026D30DC6C0020205C002027E1010013B514461D
S214026D408DF80710DAB9CAB20E2A18D80E4B1B886D
S214026D501341DB0713D517F0A9F9FF2811D09DF8C8
S214026D6007200A4B0DF107011A5400F58330012261
S214026D7000F58070E5F7D4F9204602B010BD012474
S214026D80FAE70224F8E700BF926C00206C6200204B
S214026D9030B5012100240B2385B0104D01940091DB
S214026DA08DF80C308DF80D000323B5F8680003AAA1
S214026DB08DF80E4015F009F968B1B5F8681013F0B1
S214026DC0A5FD40B10522064B64211A70054B064804
S214026DD01C7017F037F805B030BD00BF24540020F1
S214026DE071630020726300203C6B0020064B1B7808
S214026DF0033B012B06D8054B1B781BB9044B1878AE
S214026E00FFF7C6BF704700BFC8620020706300204D
S214026E10DB6C002010B51548FBF702FD144B197801
S214026E20F9B9144A13787BB1013B1370124B1B78E5
S214026E30042B02D10846FAF7A7FDBDE810404FF42E
S214026E4096710A4816F0FEBF0C4A128802F0030238
S214026E50022A0AD1BDE81040032201200849FEF7A3
S214026E6029BABDE81040FFF7C1BF10BD3C6B002039
S214026E707263002071630020C8620020CE5B00208F
S214026E8000F8FF071FB50C238DF80C300B4B0C4691
S214026E901B88012123F004038DF80E3000238DF8A1
S214026EA00D00CDE900132046032303AA15F08DF842
S214026EB010B1214613F02AFD04B010BD205C00205C
S214026EC0F8B5064612F0B0FE0546304615F0A1F8B3
S214026ED0411C044689B230460BF09EFC023407463B
S214026EE0A1B230460BF098FC394602462846FFF718
S214026EF025FF022816D02946FFF7C4FF0A4B1B8837
S214026F0003F00303022B0DD1284617F0CFF8FF2813
S214026F1008D00022054B43F82020054A135C63F094
S214026F200F031354F8BD00BF205C0020B4440020B9
S214026F306C620020084B1A785AB10223013A934039
S214026F404EF66022534303210448B3FBF1F116F0D8
S214026F5079BF42F21073F6E7DB6C00203C6B002030
S214026F6070B505461748FBF75BFC0122164B284610
S214026F701A7015F04EF8411C044689B228460BF0EA
S214026F804BFCA11C064689B228460BF045FC0F4C6A
S214026F9002232080214600200D4AFBF7BBFC86B95F
S214026FA0238803F00303022B03D1FFF73DFEFFF70E
S214026FB0C1FF23885B0704D5BDE870400548FFF78C
S214026FC047BE70BD3C6B002072630020CE5B002083
S214026FD027E101001C6B00202DE9F0431F4C0546FB
S214026FE0238889B0002B33D01D4E00214FF48070C9
S214026FF009F09CFA3378DB0728D50121208816F0A1
S2140270006DFE0746208812F0ACFE023017F0F0FA4A
S21402701005A98046208815F002F93378384613F021
S214027020020F104B18BF0025B3F8009016F03AFE78
S2140270300646384616F01AFEF6B202904246062178
S2140270402846CDE9009605AB10F0BFFF002323804B
S214027050054809B0BDE8F043FBF7E2BB285C002018
S21402706073630020245C00205C6B00202DE9F0474F
S214027070304F80463D880E4614469946ADB31046BC
S21402708012F07DFDB0F5006F2FD1204612F08AFD7A
S214027090824617F00BF8FF2827D02EB1264A32F880
S2140270A010302B4322F81030B5F5007F36D0B5F5F8
S2140270B0806F33D0B5F5807F17D1204B1B88A34253
S2140270C01CD14FF6FF718A450FD0204612F080FD84
S2140270D0284609F059FA50B93046FFF77DFF0023DB
S2140270E0174A1380174A3B801370BDE8F0870220C8
S2140270F0002108F0AFFF0028EED1F0E7104D2B88F4
S214027100A342F2D14FF6FF718A45EED024B1204653
S21402711012F05EFD00232B800023E3E70023094ADA
S2140271203B80137031464B4622464046BDE8F04748
S21402713013F074B9225C0020BC5B0020285C00209F
S214027140265C00205863002010B5044640F6214015
S214027150FFF742FF01214FF4807009F0E7F978B19A
S2140271600022084B1C80084B1A700BF0D5FCBDE8B9
S2140271701040064B1880064B0648198816F062BE69
S21402718010BD00BF285C002073630020245C002032
S214027190706C00205C6B0020044A137818B943F028
S2140271A001031370704743F00303FAE7736300208A
S2140271B02DE9F04FDFF84C9187B099F80060002E69
S2140271C040F08C80DFF840B1DFF840A19BF8003039
S2140271D0F4B2A34207D80022424B1A8007B0BDE899
S2140271E0F04FFDF7ABBB20463AF8145008F0C0FE4D
S2140271F08046002860D0204608F04AFE15F400714A
S214027200074645D001464FF6FF720E2013F0A1FC4A
S2140272100546002850D0394612F0DAFC4FF40073C7
S2140272200027304E204633803AF8142022EA030321
S2140272302AF8143010220023009708F0B3FE2A4BD7
S2140272401B88DB0707D5294B294A43F82470135DB0
S21402725063F00F031355182000216043254B264C7C
S2140272600093019101232A46205CFAF7B1FB00281D
S21402727014BF0123002389F8003005D13388B3F503
S214027280807F01D11D4B1880404607B0BDE8F08FC5
S214027290680513D5059113F0D9FB0122059903461B
S2140272A0009207203A46CDE90111FDF765FC4FF43E
S2140272B080630546002DB3D1013687E7104B188848
S2140272C00028F9D0EA05F7D5394612F081FC0C4BB6
S2140272D01D880A4B1D804FF48073EBE74FF00008C1
S2140272E0D2E700BF225C0020205C0020B4440020CD
S2140272F06C6200206D70020080130020265C002065
S214027300285C002058630020F26C0020BC5B002042
S214027310042230B501F0400387B0002B054614BFA7
S214027320012400248DF80C208DF80D1004D004A939
S21402733014F01AFA38B304ABCDE900430121022354
S214027340284603AA14F041FE0446F0B1104B1B78FF
S214027350033B012B04D80F4BB3F8681012F038FC2D
S2140273604FF6F7739D4209D9322202212046FDF7D5
S2140273704BFA80F00100C0B207B030BD2946204665
S21402738013F0C4FAF5E70120F6E71920F4E700BF88
S214027390C86200202454002010B5FFF797FC04F0C2
S2140273A0DBFF13F00CF9002014F0D9F916F02EFFCB
S2140273B008B1FCF7B7FA204C2378532B12D10323DB
S2140273C023700023FF2219460120FDF773FF0020D9
S2140273D016F042FB10B1002012F0D1FCBDE81040BE
S2140273E011F09FBA062B01D0212BF0D10120FDF718
S2140273F005FF4FF6FE7012F060FE4FF6FF7012F0B9
S21402740079FE0020FDF732FE0020FDF75FFEFDF755
S214027410AFFD00F087FB11F087FA2378212B02D10B
S214027420FDF782FBD3E70020FBF7FAFA00214FF4C0
S214027430004013F096FFCAE7C762002010B50A4C58
S2140274400A48FBF7EDF92378062B02D10120FDF757
S214027450D5FE2378062B01D0532B03D1BDE810406E
S214027460FFF79ABF10BD00BFC76200207C6B0020EA
S2140274702DE9F84FDFF8CC8004460E461746FFF794
S21402748025FC98F8005015B90220BDE8F88F212D8A
S214027490FAD0DFF8B49099F80030012B01D1A30698
S2140274A0F2D4274817F036F90028EDD114F020045C
S2140274B039463046DFF894B0DFF894A005F00F05A1
S2140274C01BD010F040FD012D8BF80070AAF800606A
S2140274D033D1212388F80030FFF75EFF0020D4E77F
S2140274E0212388F80030FFF757FF00214FF6FE7081
S2140274F0FDF792FFFEF7D6FAF0E710F023FD012D16
S2140275008BF80070AAF80060EAD0062321464FF6F0
S214027510FD7088F80030FFF7FBFE40F6020240F2EC
S214027520262199F800300648033B012B88BF1146F6
S21402753016F088FC002CD1D1D7E75323E6E700BF2C
S2140275407C6B0020C7620020C862002074630020A3
S214027550946C00202DE9FF410F460546511C384623
S2140275600BF05AF90446384612F0FBFB0646023088
S21402757017F03EF8424B80461B7804F04002022B7E
S21402758002D0043B012B06D83E4B1B68580205D599
S214027590A10603D452B304B0BDE8F08132B33A4A2E
S2140275A01278D11E012917D8384BB3F86830AB428F
S2140275B0F1D17378180714D5304614F067FDFBF73F
S2140275C00BFF0028E7D00122294604F0200004B071
S2140275D0BDE8F041FFF74CBF022ADCD1DF01DAD466
S2140275E0E7E712F05EFD4045D5D1ECE7264B1B7867
S2140275F0013B012BCFD87378D906CCD502A93846E1
S21402760014F051FD002002A916F020FDFF280646C0
S2140276100BD0A20601D413F0BFF8304608F038FCAF
S21402762004F0BAFE304614F035F9284617F0BDF8D5
S214027630FF280DD0FCF766FB14F0200608D112F0E6
S21402764030FD28B133460222284602A905F0E0FFA3
S21402765012F027FD00289ED1A3069CD402A94FF65D
S214027660FF73022228460EF0A5FB4FF6FF72034672
S21402767000922846022202A910F057FD8BE700BFAF
S214027680C7620020A4460020C862002024540020BE
S21402769038B504460D4616F009FDFF28034615D0F8
S2140276A00B4A127842B10B4A32F81020520403D524
S2140276B014F0F0F8002038BD184613F06DF8204696
S2140276C045F04001BDE83840FFF722BE0120F2E750
S2140276D0C3620020BC5B002038B5054612F041FBB1
S2140276E00446284614F095FC411C89B228460BF045
S2140276F093F842060DD563781B070FD5204614F083
S214027700C5FC0146002016F0A1FCBDE8384014F086
S214027710C1B80348BDE83840FFF790BE38BD00BF89
S2140277207C6B002038B54FF6FF75A842044617D08A
S21402773012F0D4FCA04213D04FF6FD72094B198802
S21402774091420DD9084A1288AA4201D0A24207D114
S2140277501C804FF47A71BDE83840044816F072BBBC
S21402776038BD00BF7A6C0020966C002030460020A0
S21402777008B50448FBF754F84FF6FF72024B1A801E
S21402778008BD00BF304600207A6C002037B505469B
S2140277900C46082369460120064AFBF7BBF815B1DA
S2140277A09DF806302B700CB1009B2360BDF80400D8
S2140277B003B030BD25E1010007B508238DF80600A9
S2140277C0ADF80410009269460020034AFBF7A2F8BF
S2140277D003B05DF804FB00BF25E10100024A1378FE
S2140277E00BB1013B13707047B662002008B512F069
S2140277F081FC00214FF6FF72054B08461A80FDF702
S2140278008BFCBDE8084040F6164010F060BC00BF96
S2140278107A6C002008B5FBF703F80A4B1B78023B8C
S214027820032B08D84FF6FE73074A108898424FF685
S214027830FF7301D1138008BD9842FCD0BDE8084012
S214027840FFF7D4BFC76200207A6C002010B5084B41
S2140278501B78042B0AD012F024FC002104460846AA
S214027860FFF794FF231A5842584110BD0020FCE748
S214027870C8620020F0B5002689B00546CDE9056647
S214027880ADF81C6014F0C5FB0A23024604462946DE
S214027890009605A816F0ADFF9DF815309DF81470F9
S2140278A01F2B27D803A812F014FF08220DF1160189
S2140278B003A8F3F7C1F80646E0B9092F1CD1FFF773
S2140278C0C5FFB8B1144B1B78A3B1144B1A884FF6F8
S2140278D0FD739A420ED9124C124A23780433DBB255
S2140278E023701278013AB3EB820F03DD58B20EF022
S2140278F0B7FC267009B0F0BD0A34E4B22146284629
S2140279000AF08AFF12F06EFF611C284614F0A4FAF1
S214027910FFF708FFEEE700BFF46C00207A6C002049
S214027920B6620020DA6C002038B5134B1B78033B96
S214027930012B20D9114B4FF6FF711B78ABB1104DBE
S2140279402B888B4217D112F0C9FB4EF660210446F3
S2140279500C4816F077FA4FF6FE7322462B8000216B
S214027960BDE83840092012F04BBF074A13888B4205
S2140279701CBF0133138038BDC8620020F46C00209F
S2140279807A6C002030460020CA5B002010B5044600
S21402799061B1FF2112F086F90021204612F088F923
S2140279A012F0B6F80146204612F088F92146BDE8E4
S2140279B010400022014816F085BE00BF2C5C002055
S2140279C02DE9F0410D461746044612F0CAF906782C
S2140279D02846FBF777F929468046204612F0F8F843
S2140279E012F05FFBA84206D120460121FFF7CEFF28
S2140279F00120BDE8F0812846B8F1000F0AD0FBF757
S214027A00EFF950B9144B3A462046BDE8F0411978D2
S214027A10FCF7FABE13F0CDFEF3E706F00306012EDE
S214027A2008D012F03EFB00232246294602F030FF21
S214027A300028D9D1204612F087F8430505D52046FE
S214027A40BDE8F041002112F06EBC204613F084FE21
S214027A50B0FA80F04009CCE7D86C002010B586B0AA
S214027A60044614F0D6FA104B0246186819790290AA
S214027A70D3F805005B7A01328DF8143000238DF8B6
S214027A800C1004902146009392B2052304A816F027
S214027A90B0FE052204A902A8F2F7CEFFB0FA80F0E3
S214027AA0400906B010BD00BF44CE040008B5074822
S214027AB0FAF7B6FE064B1B78033B012B05D8BDE84A
S214027AC0084000210846F9F75FBF08BD9C6B0020FE
S214027AD0C862002008B5114812F012FA104B1B7843
S214027AE0012B06D8FF2009F0FDFBFCF751FD08F03C
S214027AF09DFCFCF76BF902F06BF9FFF701F914F045
S214027B001FFC0BF05BFBFCF7F9FE0BF085F810F0A0
S214027B101EFABDE8084003F0B1B900BFEC540020DD
S214027B20D96C002008B5EFF701FDFF2803D0094BFA
S214027B301B78012B06D9002009F0D4FBFCF728FDA0
S214027B4008F074FCFCF742F902F042F9BDE808407E
S214027B5003F094B9D96C0020064B1878112806D089
S214027B6000F0FD00A0F14103584258417047012041
S214027B70704700BFC76200202DE9F0410446FCF7BB
S214027B80AFFC18B100263046BDE8F0811D4B1B78CD
S214027B90033B012B09D81C4BB3F868104FF6FF7352
S214027BA09942EFD0204612F013F8184B02212046D5
S214027BB01A88FCF729FE06460028E3D0204612F073
S214027BC0D0F890F807800546043016F011FD0746F7
S214027BD012F067FA414602463846FCF799FCA81CA2
S214027BE016F006FD4FF6FF73984202D12046FFF7C5
S214027BF0ABFA2B789B07C6D101212046FFF7C6FEBB
S214027C00C1E700BFC8620020245400202A5C00207E
S214027C102DE9F04F002585B00746039512F0A1F82E
S214027C200646043016F0E4FC8046B01C16F0E0FC73
S214027C30337804464046009316F038FA82464046A9
S214027C40FBF740F83378BAF1FF0F0CBF83464FF0CC
S214027C50010B9A070AD112F024FA404514BFD946FE
S214027C604FF00109B3791BB90320B9E0A946F9E739
S214027C7012F017FAA04205D112F013FA0446994BF5
S214027C801B7836E0984B1B78052BF8D0033B012B6C
S214027C9003D8964BB3F86840F1E7204616F0A2FDEB
S214027CA0737840B313F00402DFF838820BD198F8E9
S214027CB000301A4421463846D2B2FFF781FE002829
S214027CC0D2D000208CE0384614F065F9014605460D
S214027CD038460AF0A1FD421C52002946384602F0F8
S214027CE0FE0212F0D3FD737823F00403737098F843
S214027CF000300022DDE75B0726D5384614F04BF944
S214027D000146064638460AF087FD824606F1010914
S214027D101FFA89F9494638460AF07EFDDFF8C48123
S214027D20BAF1000F01D0FF2805D100224946384695
S214027D300AF086FDDBE7B11C01EB4001C9B238460A
S214027D4014F08AF80446D2E7204603AA02A913F0E2
S214027D5080FE0546B9F1000F4AD0009B03F0C0032F
S214027D60802B0ED1FF2320468DF809300BF03EFA09
S214027D70FF281BD00DF109020DF10A010BF02AFCB7
S214027D8014E0402B34D19DF808308BB3FF232046F5
S214027D908DF809300BF02AFAFF2807D00DF10902F8
S214027DA00DF10A010BF016FC2D281CD13378404643
S214027DB003F03F03337016F015FD10B912F071F997
S214027DC08046002342461946204608F04FFE002809
S214027DD03FF44AAFC822072138460AF055FF012071
S214027DE005B0BDE8F08F9DF80930FF2BDED12546A1
S214027DF0039838B99DF80820002A62D1394B2C46E0
S214027E001B7856E709F032FA039AFF2803461279DE
S214027E1008D1CDE900204FF4E171354816F00AFB8F
S214027E20DDE90023B9F1000FE4D002F03002102A97
S214027E300AD0202ADED1BBF1000F24D051461846C4
S214027E4009F016FC0028D5D1DFF8A89099F8003082
S214027E50012B45D0204610F040FD28B92A4621467F
S214027E604046F37913F078FDA54212D1039A1379AE
S214027E7023F00C0313719DF80830ABB92C46194B4E
S214027E801B78302215E7039B1B7913F00C0FDBD10E
S214027E90B0E799F80030022BE8D0039A137923F062
S214027EA00C0343F00403E5E70121204612F03DFBF4
S214027EB020B920460BF09AF9FF280FD0094B1B7801
S214027EC0DFE70121204612F030FB00287FF4D7AE10
S214027ED020460BF08BF9FF287FF4D1AE02207FE715
S214027EE0A542D9E72A5C0020C8620020245400205C
S214027EF0A28204007863002038B50E4B04461B7835
S214027F000D46033B012B10D900F108039BB2012B4F
S214027F100DD812F0C6F8002302462946204608F07D
S214027F20A5FD80F00100C0B238BD0120FCE70220AA
S214027F30FAE700BFC86200202DE9F0410646104667
S214027F400D4614F066F8A0F11004E7B256FA84F46F
S214027F502146EA1B04F10E00F2F774FA2823DFF832
S214027F604480F35598F80030637301F045FF611CB6
S214027F700246012010F0EBFC08220949601DF2F7C8
S214027F8061FA98F8000013F05AFA05F10E0130462D
S214027F903B460022C9B201F0E1FF1220BDE8F081A3
S214027FA04A630020C26200202DE9F04F89B00446E1
S214027FB011F0D7FE0546204611F036FE0746281D6C
S214027FC016F016FB8146A81C16F012FB03903846E4
S214027FD095F807A016F006FC2B780490990761D155
S214027FE02146042002F0C2F800285BD0204614F096
S214027FF010F8014620460AF00FFC820752D12046AE
S21402800014F007F8014620460AF006FC10F00303B7
S214028010059347D12046FFF721FD002842D020468F
S21402802014F0ECF8461C204615F03CFEF6B206F1BB
S2140280300A0B834580F29F80504A06AB106851684F
S21402804003C3711C20460AF0E7FB314680462046F1
S2140280500AF0E2FB594600EB082820460AF0DCFB51
S2140280608346059B2146B21C009306A8082316F0F9
S214028070C0FB1FFA88F8204611F0D6FD5A46414644
S21402808010F059FC0122404606A901F09BFB00288D
S21402809071D102200BF036F8013003D1404606A912
S2140280A0EFF712FB11F0FDFF48453A46514608D15C
S2140280B012F069FA00285ED109B0BDE8F04F01F06F
S2140280C077BB484612F05FFA002854D12C4B1B7837
S2140280D01BB93946484612F0F3FB3A465146484623
S2140280E0FCF716FA002846D0297811F0030102D1CF
S2140280F02046FFF74BFCAB79002B3CD0214B1B787C
S214028100DA1E012A37D9062B35D06B78DB070DD558
S21402811003982E7A13F032FA10B3F30803F01C0316
S21402812026F01F06334343F001032B724FF6FF710E
S214028130204611F04DFD049BDBB90FF0F6FE00F071
S2140281403F0202212046FCF75FFB4FF6FF73039ABD
S2140281509A4210D1204609B0BDE8F04FFEF7F4BFB0
S21402816006F01C031C2BE1D0042B04D9043E2E720D
S214028170DCE70022E5E709B0BDE8F08F940B0400C7
S214028180BE620020C86200202DE9F04385B0044696
S2140281900E46174611F0E2FC0C2820467BD111F061
S2140281A0E0FD0922002115F0A1FC00F11005EDB258
S2140281B0294620460AF030FB042853D006D8012868
S2140281C015D0022822D005B0BDE8F0837C28FAD16B
S2140281D0204615F067FD0546204615F047FD024687
S2140281E03046E9B205B0BDE8F0430FF0CABE46B964
S2140281F01321204613F030FE05B0BDE8F04311F01F
S21402820079BF05B0BDE8F043FCF7ACBE9D4B1B78CA
S214028210013B012BD7D82046E91C0AF0FDFA074697
S21402822086B978B9691C204613F016FE0546214623
S21402823013F0F3F83A462946102005B0BDE8F0439D
S21402824016F09FB9002508232146152200950DEB4E
S214028250030016F0CEFA284602A915F0F7FE13F030
S21402826019FBB0E7884B1B78022BACD146B9FEF758
S2140282703FFDC2070AD5FEF7D7FC002F08BF3F26F0
S214028280304605B0BDE8F0430FF087BEFEF714FD9A
S2140282900028F0D0F1E711F064FD8046043016F0B5
S2140282A0A7F9074608F1020016F0A2F94FF6F7738F
S2140282B0984205460CD8754A138801339BB2138040
S2140282C00BB9734A13801EB1714A138801331380A7
S2140282D098F8009009F00309B9F1010F40F0838085
S2140282E0204613F096FE014620460AF095FA043818
S2140282F009283FF668AF01A353F820F02583020051
S214028300C7810200C781020049830200C7810200BA
S214028310C7810200C781020031830200C7810200C2
S21402832031830200204605B0BDE8F043FFF7D4B91A
S214028330544B1B78042B7FF446AF0021084605B049
S214028340BDE8F043F9F720BB4E4B1B78013B012BEF
S2140283503FF639AF404613F099FE00274D4B0146D3
S2140283605B898DF80A70ADF8083000283FF42BAF11
S214028370384615F06BFE0546204613F04AFE421CB0
S21402838003232146009792B202A816F032FA9DF80D
S2140283900A30E6B93C4A1278022A18D1BBB9FF2D38
S2140283A0BDF808400AD03C4A214632F81530284625
S2140283B023F4806322F8153013F04BFA204613F0AC
S2140283C029FB00222146102016F0DBF8FBE6022BE2
S2140283D03FF4F9AE2BB9304B33F815305B053FF559
S2140283E0F2AE28463BE7B9F1000F7FF4ECAE314619
S2140283F0204604F0BBF8002E3FF4E5AE4FF6F773C6
S2140284009D423FF6E0AE98F80160284616F0040654
S21402841020D113F04CFB044628467CB113F0C9F970
S2140284200346F0B90C2200902946384612F0A6FB05
S2140284300C22002339462846009308E013F0B9F9C7
S2140284400346B8B9154A009012782946384612F003
S21402845095FBB8E613F0ADF9034678B90B22009007
S214028460F3E70622334629463846009612F086FB84
S2140284700622DEE7234600940622E6E74B46CDF8C0
S2140284800090F9E7C8620020C7620020D25B002095
S214028490D05B002044CE0400BC5B0020186D002098
S2140284A02DE9F04F05888BB00446284611F059FC9A
S2140284B08046043016F09CF8074608F1020016F0D3
S2140284C097F805A90190284613F0EDFD284613F00B
S2140284D0A0FD0146064628460AF09EF998F80030A6
S2140284E0029003F00303012B0CBF82464FF0FF0AF3
S2140284F015F094FFB4F806B0814611F0D2FD98F854
S214028500073000903846039301F08AF8002838D1E5
S214028510019801F085F8002849D1FCF7B9FAA9EBD1
S2140285200B0B1FFA8BFB8146FAF774FB002844D12B
S214028530FFF712FB002840D1A14B1B78033B012B0F
S21402854042D8BAF1060F00F0BE80BAF1040F00F06E
S214028550BA80FFF701FB20B1029B03F00303012B55
S21402856032D0FAF7B1FA28B9964B1B7803F00F030C
S214028570062B6FD1944B2846B3F8681011F028FBEF
S21402858022E0284611F0EDFB023016F031F84FF6E5
S214028590F773984206D9039B23B92846FFF75EFA7B
S2140285A00028B5D1A37823F00F03A37054E00198F6
S2140285B016F018F90028B0D1F4E7A9F104095FFA19
S2140285C089F9B9F1020FB7D8BAF1010F40F0A280CB
S2140285D0284611F0E7FA4FF6FF7398426AD1002355
S2140285E03146284607AA13F078F980460028D9D0E3
S2140285F042799DF82530934209D9711D284689B2E1
S2140286000AF01EF9A37823F00F030233A3700FF0CB
S2140286108CFC7E23B0FBF3F202FB130303F580739C
S214028620A3809DF8263013F0180F0BD0A3781907F5
S21402863008D1009BBB4205D0384698F8052005A90C
S2140286400FF0BBFC9DF82700003818BF01200BB0C6
S214028650BDE8F08F2823A3800020F8E7584B1B784C
S214028660033B012B5FD940F6B8339B459AD80FF0EF
S2140286705CFCFF238DF81330002300F03F00C0F5AA
S214028680FA70A08007A90DF113008DF81C30FBF7D5
S214028690A3FF054698F80710384611F068FF002D2C
S2140286A080D09DF81C20013A032A7BD8DFE802F02E
S2140286B0807A697D4FF6F773019A9A4224D898F821
S2140286C00130DA0720D4284611F06CFA16F027F8A3
S2140286D0012808BF3D4BA27809BF1B78FA2303EB9B
S2140286E0830303EB830302BF9B00FA339BB2120998
S2140286F07FF458AF5B45FFF455AF0FF016FC00F061
S2140287001F001030A08053E02D4B1B78033B012B3B
S214028710A9D8D8E74FF6F773019A9A429ED898F8E6
S2140287200130DB079AD4BAF1020F53D10123314646
S21402873007AA284613F0D1F8074611F0B2FCBDF896
S2140287402230984236D1002F3FF42CAF01227B888C
S2140287503146284608F00EFB1D4A13780133DBB279
S21402876088F8073013707B88BDF81E209A421FBF18
S214028770A37823F00F030233A3704FF4C873A380C9
S21402878016E0009BBB4213D000283FF40BAF4268B2
S21402879001323FF407AFC2789DF813309A42BFF415
S2140287A001AF05E0009BBB4202D0A2781209EBD1D2
S2140287B001204CE7184616F015F80028C3D182E7C8
S2140287C0C8620020C762002024540020EA6C002001
S2140287D0C5620020BAF1030F7FF475AF009BBB425F
S2140287E07FF471AF711C284689B20AF015F80C287E
S2140287F07FF469AFFBF7E2FC4FF6FF73984201463F
S2140288003FF461AF284611F0E3F95CE72DE9F34146
S2140288100446008811F0A5FA0546043015F0E8FE75
S2140288200646A81C15F0E4FE074615F0F7FD0546B9
S2140288303046B4F8068000F0F3FE064648B93846DD
S21402884000F0EEFE58B9194AA3781278033A012AC4
S2140288500BD8A378002623F00F03A37021E0384636
S21402886015F0C0FF0028EED1F3E71B09F1D1A5EB06
S2140288700805ADB2B5F5C86FEBD80DF10301384661
S21402888001AA019313F0E5F89DF80350014645B995
S2140288904FF6FF73984204D00126208811F098F90B
S2140288A0A580304602B0BDE8F08100BFC862002055
S2140288B02DE9F04105460C4611F050F9082802D180
S2140288C00120BDE8F081201D15F092FE06462846DE
S2140288D094F8078011F0A8F90746284611F034F9F3
S2140288E0010612D5184B1B78042B0ED1174B1B789A
S2140288F0022B0AD1164BB3F868204FF6FF739A4242
S21402890003D000210846F9F73FF8124B1B78002BDC
S214028910D6D1A01C15F06CFE4FF6F773984202D81B
S2140289206378DA070DD523789B070AD13A46414683
S214028930304611F028FE80F00100C0B200F00100BF
S214028940BFE70120FAE700BFC8620020C762002026
S214028950245400207A6300202DE9F04F9DB004468F
S21402896011F0FCF80546204611F0F8F808285AD10E
S2140289704FF40043102200212046ADF8503011F08B
S21402898085FF204615F072F90DF08FFC0023214674
S2140289901A460C2000930DF04CFA98B3204615F0B8
S2140289A065F914A902461020FAF7D6FD05012046FD
S2140289B015F05CF914A902464020EDB2FAF7CCFD98
S2140289C010B120460FF0C5FA204615F04FF914A94B
S2140289D002468020FAF7C0FDB8B99DB1102517A847
S2140289E006F0A2FD2046BDF8507015F05BF906466B
S2140289F0204615F03BF929460090F3B2384617AAEE
S214028A000FF045FB1DB0BDE8F08FBDF8503017A83B
S214028A10ADF85E40ADF85C300FF087FF0028DCD181
S214028A2045F08005DBE7204611F0EBF8B0F5006F65
S214028A3040F00581204611F0F7F80646042D40F076
S214028A400181204611F080F880F40060C0F3C02057
S214028A5000223146400015F094FD954B1A78022A02
S214028A600DD0FFF779F850B902F0FD03312B06D08E
S214028A70043A012A03D98F4B1B78002BC2D0214619
S214028A80022001F073FB05900028BBD02046ADF80B
S214028A90464011F066F90446BDF8460011F0C4F8E7
S214028AA00546201D15F0A4FDA31C83461846039315
S214028AB015F09EFD12A90746BDF8460013F0F3FA1C
S214028AC063780690BDF8460094F80080099313F088
S214028AD0A0FA6378064608F0030828460C93FAF7CD
S214028AE0F1F8B8F1010F0CBF032302230E93724B69
S214028AF008BF4FF00B091D80237818BF4FF00A09F4
S214028B0003F03C03082B0D907FF47CAFBDF84600C3
S214028B1015F0C8F8B0427FF675AFB8F1010F03D072
S214028B20237898077FF46EAF644BB3F86830AB4295
S214028B300DD1634A634BB2F9001093F90030002955
S214028B4000F0A58001EB0313A3EB211313804FF073
S214028B50010AA6F11003DBB207938DF84530102206
S214028B604846BDF84610CDF800A00DF145030DF0BD
S214028B7060F900283FF446AF099B13F002030A93FC
S214028B8000F00A81504B1B78002B3FF43BAFBDF838
S214028B904690484613F03DFA002308904846CDE931
S214028BA017331993ADF8683011F03EF8089B03901E
S214028BB003F10E01484689B213F0FEF9002870D080
S214028BC000234946089A009317A80E2315F011FEB3
S214028BD050460DF15D010FF0C8FE9DF869300B900E
S214028BE004939DF85C30282B5BD10DF16100FAF7F7
S214028BF0F3FB0F90002854D1049812F020FC0F9B30
S214028C00002867D1314B049A1B78D31A190648D428
S214028C1004F04CFD50453CD115F005FC2C4E0546A3
S214028C20346824B104F048FD2C1B844239D3002357
S214028C30FF2219461846FCF73DFB356031E04FF639
S214028C40FD76FBE64FF6FF70301A18BF01200022B1
S214028C503146400015F095FC0C2D0DD12146012021
S214028C6001F084FA00283FF4CDAE214600201DB064
S214028C70BDE8F04FFDF700B92DB920461DB0BDE89E
S214028C80F04FFDF75FBD042D7FF4BCAEE5E61B0298
S214028C905CE704F00BFD022803D104F0E9FC00288F
S214028CA0BAD000221920039915F06BFCAAE600BF81
S214028CB0C76200207A630020485C0020245400200B
S214028CC01A5C002076630020C3620020C262002085
S214028CD03455002010214846089ACDF800A012F01C
S214028CE0ECF90028DDD0A64B049A1B78934240F09C
S214028CF0AA8003990DF1610214A815F073F90121F7
S214028D0014A8FAF743F8824648F2030114A8FAF7C1
S214028D1049F9BAF1000F03D0082114A80FF0C0FDDC
S214028D20484613F094F903990DF16100FBF7E6FA51
S214028D30FE288246B5D0FF280AD1039815F035FDE5
S214028D40FF28824600F087800DF16101FBF750F99B
S214028D508B4B049A1B78934200F0A38050460B99E3
S214028D60FBF7B2FA00283FF44DAE50460B99FBF7DC
S214028D70BDFA23789A070FD1484613F04AF90146FE
S214028D80484609F049FD00F00300012804D1039883
S214028D900DF16101EEF798FCBDF8460010F0D4FE26
S214028DA0030440F18580204615F022FC40F4007151
S214028DB089B2204615F01EFC00224FF40041BDF891
S214028DC0460010F0B2FEDDF8149001231022009344
S214028DD0BDF846100E980DF145030DF02AF800284E
S214028DE03FF410AE032866D1204615F001FC40F48D
S214028DF0007189B2204615F0FDFB284615F0F2FCFC
S214028E00002840F0B780DDF81490B8F1010F40F06A
S214028E10C1800320BDF8461001F0A8F9002840F0F2
S214028E20B9803146BDF8460009F0F6FC0F28014627
S214028E307FF6E8AD4FF6F7739F423FF6E3AD28465E
S214028E4011F088FDDEE55046049903F049FD00283E
S214028E507FF44FAF25E7237803F00303012B08D1F5
S214028E60484613F0D6F80146484609F0D5FC0828CD
S214028E7092D0444B1A78444B1B789A4209D20DF191
S214028E8061010398FBF768F8039815F08EFC82469A
S214028E905EE7A01C15F0ACFB4FF6F7739842EED9CE
S214028EA0FFE65046FBF79AFA00283FF457AF5CE716
S214028EB04FF0000989E7284615F094FC0028A4D054
S214028EC00A9B002B58D1B9F1000F53D1B8F1010F0C
S214028ED0BDF846009DD0314609F09EFC8246DFF87A
S214028EE0B09099F80030002B5FD011F0DAF8874284
S214028EF07FF488ADB8F1010F40F08280BAF1070F17
S214028F0078D8BAF1050F7FF67DAD204B1B78022B81
S214028F1002D0043B012B03D899F80030002B4BD02B
S214028F200C9B980640F1BB800D9B002B40F0B38053
S214028F30284615F0BBF8FF2840F0AD805D457FF46B
S214028F4061AD069B002B00F0A48012AB46F2040231
S214028F500124ADF85C2001932146022328460094A2
S214028F6017AA13F032F800283FF44CAD214611F050
S214028F70DAF947E5DDF81490284607F053FD44E792
S214028F80C2620020C1620020EB6C0020C762002093
S214028F90C36200203146BDF8460009F03DFC0A9B3C
S214028FA0824613B9B9F1000F99D0A84B1B78022B51
S214028FB002D0043B012BB3D8284600F031FB814691
S214028FC000287FF41FAD11F06CF8854222D1A04B29
S214028FD01B78033B012B19D89E4BB3F8684011F05F
S214028FE060F84B4601460D222046CDF8009011F05F
S214028FF0C5FD07E5AAF10E03DBB2012B85D901E513
S2140290000AF00303012B7FF4FDAC7EE7012000F09B
S214029010A5FBF7E4284615F0E5FB58B911F05EF813
S2140290204FF6FF73984205D015F0F0F810B92846AF
S214029030FAF738FF284615F0D5FB88B111F04EF83E
S2140290404FF6FF7398420BD015F0E0F840B9B8F12E
S214029050010F02D1BAF1060F02D0284607F04CFAE9
S214029060069BA3B919460122584600F0ABFB81467F
S21402907000287FF4C7AC204613F008F84A4601469B
S214029080384600F09FFB00283FF44AAFBAE412A924
S214029090E9E7069B5AE7637823F0200363704FF6EE
S2140290A0FC739F4275D16A4B1B78033B012B7FF6FC
S2140290B0A9ACA3790BB1013BA3716378590727D5F5
S2140290C00023584617AA14A9179312F0C2FC179841
S2140290D0F0B108F0CBF88146384614F0E7FF179A4D
S2140290E00146137903F03000102806D003F00C0076
S2140290F008281CBF23F00C031371137903F0330303
S214029100202B05D1FF2903D00122484608F078FA21
S214029110284614F0CBFFFF281EBF00224E4B43F812
S2140291202020099B03F001094FF6F7739F4200F2D5
S2140291301381B9F1000F40F01C812946584611F000
S214029140BFFB10F0AEFF874200F0DF80384615F016
S21402915049FB00284AD0B8F1010F30D1BAF1010F0D
S21402916020D14A463146BDF8460007F05FFE384633
S21402917015F038FB394B1B78002B78D1584615F082
S21402918031FB002870D1384615F02CFB00286BD135
S21402919038E44FF6FD739F428BD12D4B1B78042B80
S2140291A087D12FE4384615F01DFB50B3BAF1030FF2
S2140291B027D13146BDF8460011F018FD22E43846A4
S2140291C015F010FB384612F0F4FA002848D00023B7
S2140291D039465846BDF8462001F05AFB00283FD0D3
S2140291E00021BDF84600FEF7D1FB0BE4384615F029
S2140291F0F9FA18B1B8F1010FD8D0E3E7B8F1010FC8
S214029200E0D1164B1B78002BB8D0BAF1050F2ED141
S21402921010F047FF8DF85C0010F043FF000A8DF84F
S2140292205D000123022217A90DF14600F9F74CFA58
S21402923000287FF4E7AB711CBDF8460089B209F03E
S214029240D9FA03780133037011E000BFC762002029
S214029250C862002024540020B4440020F16C002090
S2140292609A4B1B78002B89D0B8F1010FCDD06378CA
S2140292705A070CD5BDF84640204612F08CFE411C1B
S21402928089B2204609F0B6FA0378013B0370904B88
S2140292901B78033B012B30D8B8F1010F06D1BAF187
S2140292A0050F1FD110F0FDFE834522D1BDF8460002
S2140292B0FEF7AEFC02281CD10021584617AA08F079
S2140292C021F930B10379458003F03C0343F04003B3
S2140292D0037100237F4A009339465846127811F0EC
S2140292E04DFC06E0BDF84600FEF792FCBAF1030F0D
S2140292F0E0D1002239461C20D6E4BDF84600FEF72F
S21402930087FCB8F1010FD5D1F0E7B8F1010F7FF471
S21402931067AF0AF1FF330C2B00F2AA8001A252F8C3
S21402932023F000BF8793020087930200B3910200E6
S2140293309D930200AD930200D1930200F3930200C4
S2140293401F940200359402003594020041940200F4
S2140293505994020065940200B8F1010F00F094805F
S214029360B9F1000F08D1BDF84600FEF71DFEFFF763
S21402937049BBB8F1010FCCD0237A03F00303012BCB
S2140293807FF440ABEFE7AAF102035A423146BDF83A
S21402939046005A4107F04AFDFFF734BB32465846AC
S2140293A0BDF84610FEF7D6F8FFF72CBB711CBDF8C9
S2140293B0460089B209F030FA0236F6B20246BDF825
S2140293C046305846009612A90AF054F8FFF71ABB20
S2140293D03F4B1B78013B012B3FF614AB079B012149
S2140293E0009300202346BDF8462011F036F9FFF719
S2140293F009BB374B1B785A1E012A07D90120079A48
S214029400BDF84610FCF71AFCFFF7FCBA022B7FF4F5
S214029410F9AAF9F7FFFB0028F0D1FFF7F3BABDF877
S214029420460006F069FEFFF7EDBABDF84600FEF705
S21402943021FA98E7BDF84600FEF71CFAFFF7E2BAF3
S214029440234B1B78013B012B3FF6DCAABDF84600F6
S214029450FDF736FDFFF7D6BABDF84600FDF780FDEC
S214029460FFF7D0BABDF846000FF059FAFFF7CABAAE
S214029470334622465046BDF846100FF022FA002820
S2140294807FF4C0AA5146DAE40AF1FF330C2B3FF60A
S214029490B9AA01A252F823F087930200879302002A
S2140294A0B39102009D930200AD930200D193020095
S2140294B0F39302001F9402002B9402002B940200E6
S2140294C0419402005994020065940200F16C002057
S2140294D0C8620020186D002010B50021114810F057
S2140294E0B6FC0446E8B110F0C8FB0F4B18702046D5
S2140294F010F0C8FB0D4B1870204610F0C9FB0C4B41
S2140295001870204610F0C9FB0A4B1860012014F0B0
S2140295108EFF2046FFF720FABDE81040002014F028
S21402952086BF10BDF85B00207763002076630020BC
S214029530756300202C55002070B5164E044633681D
S2140295400D46E3B110F00AFB0C2818D1204610F0A5
S21402955008FC09220021044614F0C8FA235C042BF6
S2140295600DD10D4B1B78033B012B08D80B4C25B1B4
S2140295700B4B22781B789A4203D3002323700020D9
S21402958070BD0848316814F05DFC23780120013371
S2140295902370F5E730550020C8620020796300206A
S2140295A0176D00209C6B0020014B93F90100704759
S2140295B01A5C0020014BB3F8680070472454002060
S2140295C070B50024124D2C70EDF762FEE6B2B04282
S2140295D012D8104B1B78013B012B04D800214FF602
S2140295E0FF70FBF719FF00220B4B1A700B4B198802
S2140295F001B11A80012070BD304614F0AFFDC307DA
S21402960048BF2B7804F1010444BF01332B70DBE71B
S214029610C0620020C8620020B7620020CC5B002037
S21402962038B50B4B05461B7873B101335C08094B02
S214029630188814F01BFB002330F81320AA4205D02A
S2140296400133DAB2A242F7D3002038BD0120FCE78C
S214029650B7620020CC5B002030B5054685B00846D0
S2140296600C4615F0BBF8FF280CD011F0EFF90122DA
S21402967000210346CDE90112009221462A46072020
S214029680FBF77AFA284614F011FDFF2804460FD09D
S21402969014F064FDC2070DD5204614F05FFD830763
S2140296A008D40B4A32F8143043F4806322F814309C
S2140296B005B030BD11F0CAF9012200210346CDE9FA
S2140296C00112009207202A46FBF756FAF0E700BF7F
S2140296D0BC5B00204FF6FA72431E9BB2934270B5F3
S2140296E004462AD8FFF79CFF38BB194B1B78042B7D
S2140296F023D0204615F059F8FF2801D0FAF702FBCE
S214029700204612F07FF908B107F0C6FD2046114E3A
S21402971004F046FA20460EF04EFC31780E4D69B142
S214029720288814F0A3FA054601461E220230F0F7F6
S21402973089FE2C8033781E2B07D970BD202014F0AA
S21402974009FB28800028EBD1F7E702333370F4E7F1
S214029750C8620020B7620020CC5B002037B5134BEE
S21402976005461B78022B1FD110F09BFC044610F016
S21402977098FCFFF7AFFF11F069F910F09EFC00208D
S214029780FBF73CFD40F607400EF0A1FC3DB100237E
S2140297900D2221464FF6FD70009311F0EFF903B04B
S2140297A0BDE8304004F032BF03B030BDC8620020CE
S2140297B0034B1B7813B90120FFF7D0BF704700BFD9
S2140297C0BE620020F7B504460D46174610F069FC47
S2140297D00646002D47D04FF6FB739C4243D82046E0
S2140297E0FFF71EFF30B1A64204D1204B1B78033B85
S2140297F0012B38D92046FFF713FF10B1012003B022
S214029800F0BD20460EF0A7FBC0B1A642F6D00CB3C0
S21402981069462046F9F758FD0246D8B90821684637
S21402982010F0D1FBB0B9082269462846F1F704F9D0
S21402983080B12946204611F039F9DFE7A642E6D183
S2140298402846F9F7C9FD28B90120FFF787FF06F079
S214029850DFFDD3E73FB121462846FAF7E7FB21466C
S214029860284604F0B9F90020C9E700BFC862002004
S214029870044A13782BB1013BDBB213700BB9024AD0
S21402988013807047B7620020CC5B00200148F8F7CF
S214029890D7BC00BFCC5B00202DE9F04780461746B8
S2140298A00D468CB061B903AE00211B4814F004FFCC
S2140298B04FF000090446DFF860A01CB920461DE000
S2140298C00E46F1E70022214624233046CDF80090CA
S2140298D014F08FFF082241463046F1F7ADF8A8B9DA
S2140298E0337C9BB96FB945B92A4621460A4810F01F
S2140298F0CDFA0A4A1388013B138001200CB0BDE85A
S214029900F0873B88B28953405B06ECD52146504629
S21402991014F0F6FE0446D0E7305C00202E5C0020F1
S214029920024B1888003818BF012070472E5C0020B2
S21402993040232DE9F04397B0074611A88946ADF8B3
S2140299400E300EF04EFC02238DF84430002304AE97
S2140299503146384604937360F9F7B6FC054600288C
S21402996040F0958038460EF0B8FF804610F099FB1E
S2140299700446002840F0BB8099F80130042B40F0E2
S214029980B980EDF791FC022840F08480EDF78CFC5C
S214029990022840F08B8096E8030003238DF84430BB
S2140299A012AB83E803009DF85130002143F0060312
S2140299B0102209A88DF85130F0F7F2FC09A911A877
S2140299C00EF0A4FD40B111A80EF00BFC30460DAB14
S2140299D009AA11A90EF09FFEBDF846300DA943F064
S2140299E0040311A8ADF846300EF0E9FD102209F185
S2140299F00A010DA8F1F720F80546002872D1EDF706
S214029A0053FC022806D13146FF2009AA0EF0A5FD16
S214029A1000286AD134240025EDF746FC022808D136
S214029A209DF851301B0704D430460DF10E0111F09B
S214029A305DFA2146304611F082FA10238DF818306E
S214029A4004238DF81A303346002203CBCDF81B00D0
S214029A50CDF81F1006A80B218DF8195010F09CF9AE
S214029A60024638B1002D14BF01230323314638467F
S214029A7003F078F8B8F1000F09D0342C07D106A805
S214029A803246394614F0AEFA06A80EF00CFF17B0AE
S214029A90BDE8F083234621463046009411AA01F021
S214029AA05FFE00283FF472AFAD25C6E7EDF7FCFB7C
S214029AB0012891D1104B1B6803F08403842B8BD1B1
S214029AC096E8030002238DF844301023ADF84630A2
S214029AD012AB83E803009DF8513043F002038DF881
S214029AE0513079E73324AD2596E7052494E72C46D2
S214029AF0A325A2E7AA25A0E7A44600202DE9F04365
S214029B0036488DB0F8F78CFE14F08DFC344D2B6879
S214029B10C41A4FF47A73B4FBF3F4A4B214B114F07B
S214029B2082FC28602F4F4FF6FF763B88DFF8B8801E
S214029B30ADF80A3000233B8000210DF10A0010F038
S214029B4086F9054658B9284B1B882BB14FF47A7113
S214029B502248714314F076F90DB0BDE8F0834FF059
S214029B60000924234A462946CDF8009003A814F09B
S214029B7040FEBDF81A30A34294BFDB1A1B1B9BB2F1
S214029B80ADF81A30CBB910F08CFABDF8183003F0E5
S214029B904003184380B218B9322103A80EF07DFAAA
S214029BA0BDF818301B0602D508980EF083FCB8F8EC
S214029BB00030013BA8F80030BEE79E4228BF1E4692
S214029BC001234A462946009303A8242314F011FED3
S214029BD04A462946384614F075FDADE7B0450020E2
S214029BE038550020305C00202E5C0020F0B504467C
S214029BF0304A8DB01068516801AB03C3A378012BBD
S214029C0054D1162200210DF11A00F0F7C9FBD4F840
S214029C102110D4F81D0003AB03C32388190644BFE2
S214029C2062680892DA050BD5221D08AE04F1140705
S214029C30354610685168083203C5BA422E46F7D137
S214029C40ADF8183013F0040318BFA3690593EDF7B7
S214029C5049FB0023ADF81A008DF81C3010F021FAEB
S214029C60E0B906A903A811F041F90022242103A8AD
S214029C7010F092F80446D8B10020FFF73FFF00220A
S214029C8021460D4814F01EFD0C4A002013880133AD
S214029C901380FFF733FF00200DB0F0BD082201A9A4
S214029CA003A8F0F7C9FE0028DFD0DAE70220F3E7C0
S214029CB01920F1E7940B0400305C00202E5C002093
S214029CC0F7B5044600200E46FFF718FF104B1B8818
S214029CD0A34202D8212003B0F0BD00210D4814F0A3
S214029CE0EBFC002501460B4F0029F3D0A54208D114
S214029CF00024242322463046009414F07AFD20469F
S214029D00E9E7384614F0FCFC01350146ECE700BFF3
S214029D102E5C0020305C00200148F8F791BA00BFA4
S214029D20305C0020014B1888704700BF2E5C002074
S214029D3030B5154A8DB051680546106801AB03C3AD
S214029D4007A80EF04EFADDE90101032308AC84E809
S214029D5003008DF81C309DF8293003A943F0020356
S214029D6007A88DF829300EF0D1FB10B12D200DB0CA
S214029D7030BD23462868696803C303A907A80EF006
S214029D80AAFB0028F3D0F1E7940B040070B50C464A
S214029D9011460E4A23781278064613F0200542EA48
S214029DA00302227018BF611D0822F0F74BFB002D3C
S214029DB00CBF05200D20D4F80130B360237833732E
S214029DC003F01803082B08BF013070BDC3620020E1
S214029DD0042307B501200DEB0301054AF8F79AFDA7
S214029DE0019B044A1B03136003B05DF804FB00BF2B
S214029DF063E511009446002010B5064C2368C3F3B1
S214029E000B0313B90448E2F74FF92068431C23609A
S214029E1010BD00BF9446002063E51100014B186890
S214029E20704700BF9446002007B50020054B064A3F
S214029E30186004230DEB03010190F8F76BFD03B0E5
S214029E405DF804FB9446002063E511007FB51123FC
S214029E500A4A012001A9F8F75DFD094B9DF8142076
S214029E601A70084B1B780BB1052B05D10EF05CF867
S214029E70012007B05DF804FB0020FAE779EB010049
S214029E80C2620020C36200202DE9F04F0646CBB026
S214029E90884600880121174613F020FF2E4B3A46CB
S214029EA03188ADF8160006A811F0DCF80DF1280B83
S214029EB05A464146C419308811F05EF8E4B208EBFF
S214029EC00003A34208BF044605464FF004091CBF20
S214029ED0A4EB0804E4B223465A460121CDE9000960
S214029EE00BEB050ACDF808B02D1B06A8EDF746FECB
S214029EF0EDB20BEB04030093019523465A46414606
S214029F00308811F067F834883946204608F084FC19
S214029F10394600F0F802204608F092FC012130880B
S214029F2013F0DCFE01234A46514680B10DF11600BD
S214029F30F8F7CAFB01210446BDF81620308813F054
S214029F40E1FEB4FA84F040094BB0BDE8F08F30462B
S214029F50F8F7BAFB0446F4E74A6300202DE9F04F0F
S214029F60C9B0044688469246C118224A04A81F462B
S214029F70FFF70CFF4FF00409C519EDB208AB0293C8
S214029F80A5EB0A0BA8EB0A035FFA8BFBA8EB050608
S214029F90DBB2F6B204EB0A02009301215B46CDF86F
S214029FA0049004A8EDF7EAFD06F590730DEB0302A4
S214029FB05A44A2F58072136808A844F80830E35D94
S214029FC0324623F00703E3552C442146F0F778FB8C
S214029FD008ABCDE9019308AA00230121009604A844
S214029FE0EDF7CCFD3246204608A9F0F769FB49B0EA
S214029FF0BDE8F08F4A630020F8B5064612F0FEF878
S21402A000811C054689B2304611F0D6FFF0B1EDB19B
S21402A0102946304608F000FC1228074616D80C4B94
S21402A020691C1C5C89B2304608F0F6FB2C44052FEE
S21402A030E4B205D1052809D8064B1B5C1C44E4B2E1
S21402A04021463046BDE8F84011F0B6BF0020F8BD04
S21402A0508ACE040084CE0400F8B5054611F0D9FF76
S21402A060044628460FF07DFEA11C074689B2284604
S21402A07011F0A2FF00283ED0002C3CD021462846F4
S21402A08008F0CAFB0646611C284689B208F0C4FBE3
S21402A0900F2E30D8194B9B5DE118731E89B2092B1F
S21402A0A00ED8DFE803F009050D0D120D0D181E1E61
S21402A0B0C40644BF083189B2820601D5083189B286
S21402A0C02846BDE8F84011F077BF7B78DB0612D54C
S21402A0D001EB4001F3E700F01F0000EB40000144F3
S21402A0E0EDE71F2805D8092E0ABF4000022080B2DD
S21402A0F0F5E7C828E4D00020F8BD00BF9DCE0400D6
S21402A100F8B506460FF02DFE09220021054613F08B
S21402A110EDFC00F11004284614F06AFAE4B2074691
S21402A1202146304608F078FB0546304613F0BAFD65
S21402A130BA05A0EB0403DBB20AD47C2D0AD0082DA4
S21402A1400AD8064A505D98428CBF00200120F8BD0E
S21402A1501220F8E70320F6E7FF20F4E7AECE04006D
S21402A160014B1878704700BF196D002038B5114BA7
S21402A17004461B7808469BB9012038BDA24205F169
S21402A18001050FD103EBC1035B6898470028F3D1A2
S21402A1901E2022464FF6FF7114F0F3F90020ECE77A
S21402A1A00025054BE9B213F83120002AE6D1144601
S21402A1B0EEE700BF196D002054CE04004FF6FF7381
S21402A1C007B502220DF106010348ADF80630E1F7A5
S21402A1D0A7FF03B05DF804FB603202E0002307B578
S21402A1E0ADF80430134B984221D10B88DA0703D519
S21402A1F0232003B05DF804FB9B0748BF4FF47F4360
S21402A2004FF002020C480DF1060148BFADF80430CB
S21402A210E1F75AFF4FF6FF73BDF806209A42E7D1E0
S21402A2200222054801A9E1F77BFF0020E1E7212091
S21402A230DFE700BF1FD1BACA603202E0002313B5BF
S21402A2400222038004460DF106010F48E1F73CFFA7
S21402A2502D2801D0112805D14FF6FF73ADF8063030
S21402A260FFF7ACFF9DF80630BDF806201BB1238829
S21402A27043F0010323800020FF2A82BF238843F095
S21402A2800203238002B010BD603202E0034B1B784B
S21402A290002B14BF442056200E307047C3620020A5
S21402A2A02DE9F04F8DB0179C06468946CDE902236C
S21402A2B0BDF85870D588ADF816103CB9EC0605D531
S21402A2C000970DF085FF0DB0BDE8F08FC5F3802432
S21402A2D02B054FEA043448BF44F40064A80511D5A0
S21402A2E044F080040A2E00F26981DFE816F09A0034
S21402A2F02F001700370067016701370010009A0029
S21402A30037009E00E90548BF44F04004EAE74FF0F4
S21402A31001084FF0020B4FF0000A14E008A95FFA9A
S21402A32089F011F0ECF8DDF82500DDF8291006AB0F
S21402A33003C3A44B33F81930ADF816304FF00008BB
S21402A340C3460DF1180A002F5DD125E006AA0DF1CD
S21402A35016015FFA89F003F003FCEFE74FF6F77396
S21402A360994540F22B8115F4026F40F02781964BF7
S21402A3701B78022B03D0043B012B00F2218147BB42
S21402A380032E4FF001080CBF4FF00C0B4FF0080BDA
S21402A390BA4624F4C074A4B28C4B18884FF6FF73E6
S21402A3A0984206D08A49F8F78FFF10B124F48054F9
S21402A3B0A4B2039B38460093BDF81620534644F4D5
S21402A3C0027108F051FAADF82000002838D11920A1
S21402A3D079E7384613F066FC0246FFF757FF032E6E
S21402A3E008BF0138824201DD38206CE7032E4FF0A9
S21402A3F001080CBF4FF00C0B4FF0080B4FF0000A91
S21402A40024F4C074A4B2029B1B889BB91A46394630
S21402A410062000930BF030FD0028BDD140F6014027
S21402A42051E74FF00008C34675E74FF001084FF0BA
S21402A430030B70E7002339461A4607200093E9E724
S21402A4404FF6FF73614A118899421CD00FF089FCBF
S21402A45003465E4A04301188039314F0CBF85D4934
S21402A460039B097814F4805FD9715949574A1FBF74
S21402A470086898604868D8604FF6FF7313804FF0FC
S21402A480FF330B604B605946029A08A808F0A8FAF8
S21402A49000289CD0504C2378002B3CD1A7B13846DC
S21402A4A013F000FC0746BDF8200013F0FBFB2378F0
S21402A4B00744002B14BF12220022EB1003F0040301
S21402A4C017443B44842B8FDC15F400570AD0BDF8A2
S21402A4D0204020460FF038FB40F4806189B22046C7
S21402A4E00FF01DFBA6F10803012B05D8012210214F
S21402A4F0BDF820000FF019FB179BBDF8204043B3B0
S21402A5002046BDF816100FF063FBBDF82030179AF0
S21402A51000201380D7E6AA06C0D56B0103F02003FD
S21402A5200A2E14BF43F0010363F07E03DBB2B8F1D8
S21402A530000F08D000215246009108A800F086FEBF
S21402A5400028ABD0BFE61A46514608A810F0B5FE62
S21402A550F6E7204611F05DFD179B024621460420D1
S21402A56000930BF089FC00283FF458AF0A2E18D847
S21402A5704FF4D963F340DB0713D5072E0AD00A2E11
S21402A58008D0BDF8200010F0ABF980F00100C0B290
S21402A590800098E608A80EF0A3F90028F1D004205F
S21402A5A091E617B125F04005ADB22B463146BDF80F
S21402A5B020005FFA89F201F01BFF84E6012082E6A2
S21402A5C0162080E614590020C7620020986C0020EE
S21402A5D01A6D002085630020C3620020F7B50F467F
S21402A5E09DF828100446DDE90B061D46F1B94FF624
S21402A5F0FF739C421CBF174B1C804FF000041CBF0D
S21402A600154B1A70BDF8240008F080FA00232A467B
S21402A610CDE90043394606209DF82030FFF740FE7C
S21402A62010B90EB1AB7A337003B0F0BD78B14FF605
S21402A630FF739C421FBF074B1C80074B1A700022F9
S21402A6400FF0AAFB04460028DCD11920ECE72120F3
S21402A650EAE700BF986C0020856300202DE9F047EA
S21402A66088469DF82810074616461D469DF820A0E7
S21402A670BDF824900B9839B158B300220FF08CFB2A
S21402A680044610B9192025E00C464FF6FF739D428A
S21402A6901FBF114B1D80114B83F800A04FF6F773B6
S21402A6A09E4208D80E4B4FF6FD761A784FF6FF7389
S21402A6B0002A18BF1E46484608F028FA00233A46E3
S21402A6C0CDE9084331464346BDE8F0470320FFF78D
S21402A6D0E7BD2120BDE8F087986C00208563002046
S21402A6E0666200202DE9F04786B09DF83860054680
S21402A6F0DDE90FA80C4617469946B6BB374B1B78C2
S21402A700022B1DD125BB4FF6F7739C4214D80026A8
S21402A710484608F0FBF900233A46CDE90063214695
S21402A720FF232846FFF7BCFD38B9B8F1000F04D066
S21402A730BB7A88F8003000E0012006B0BDE8F0875A
S21402A740043B012BDED908460EF0C7F810B31DB342
S21402A750022D31D1ECF796FDA042EDD9204B33F80D
S21402A76014204FF6FD739A4219E0BAF1000F32D068
S21402A7701A4B1B78022B05D1FFF788FDB042E6D2B2
S21402A7803820DAE7043B012BF6D908460EF0A5F886
S21402A7900028F1D11620D0E74FF6F7739C42CBD8AB
S21402A7A0002EB4D03146002250460FF0F5FA064687
S21402A7B00028ADD11920C0E7012DBDD104AA0DF1A4
S21402A7C00E01E0B203F0CCF9064B1B78A342B3D9D4
S21402A7D0BDF80E20C5E72120AFE700BFC762002004
S21402A7E014590020E56C002030B5104B87B00546A2
S21402A7F00C461868596803AA03C298680C49106088
S21402A8009A88DB8852BA23F04003ADF81230002350
S21402A810CDE90043ADF81020FF23098803AA0720DC
S21402A820ADF80E50FFF73CFD07B030BD3C5C002093
S21402A830485C002038B50C461146124A124D10806C
S21402A84022682A6062686A60A268AA60E288500685
S21402A85016D5EA88520613D561B1002218460FF0C3
S21402A8609BFA014650B16088FFF7BEFF0522074BF0
S21402A8701A7038BD084611F00DFBF2E71920F5E70D
S21402A8800220F6E7485C00203C5C0020966300202D
S21402A8902DE9F04F074689B0104615461C468A46F3
S21402A8A011F0B7FB0146284607F0B6FF06462846D3
S21402A8B00FF057FA043013F09BFE80460FF0F1FBC0
S21402A8C0804550D0B2074ED1DFF8AC80284605A9A5
S21402A8D0B8F800B011F0A3FC9DF81930A8F8007083
S21402A8E003BBBDF81430EBB928460FF03AFA023033
S21402A8F013F07EFE4FF6F773984294BF4FF00009AE
S21402A9004FF0010901230134E4B22A463846CDF855
S21402A910009005A9039303F0C5FE039B40B90133DB
S21402A9209C421ED20020A8F800B009B0BDE8F08F05
S21402A930022CF8D1012BF6D10C4A0D4BA3F800A03D
S21402A9401378591C11700B4A7F3B16F00C011370DA
S21402A95007D1BDF81A305B0603D5BDF81600FFF71F
S21402A96043FF0223D1E70020DFE700BFC5620020D5
S21402A970986C002085630020485C00202DE9F04F8B
S21402A980ABB00F46ADF81E000FF0EBF900F1020A6D
S21402A9900646504613F02CFEBDF81E4005462046DD
S21402A9A011F037FB0146204607F036FF814600F0DD
S21402A9B00308301D13F01CFE434C20800FF071FB81
S21402A9C0A8422DD04FF6F7739D4229D87378DA073E
S21402A9D026D4284610F0EDFE30B101232946BDF8F4
S21402A9E01E202088FFF754FF0FF05BFB364B1B88B8
S21402A9F083420FD1BDF81E40204611F00AFB0146E5
S21402AA00204607F009FF10F00C0103D1BDF81E0026
S21402AA1001F0ACFD00222D4B1A602BB0BDE8F08F82
S21402AA202B49BDF81E0011F0FAFB2A49BDF81E009C
S21402AA3011F039FB0028274B08BF0023234ABDF834
S21402AA401E0013600FF019F9234B1870BDF81E0094
S21402AA500FF018F9214B1870BDF81E000FF01DF903
S21402AA601F4B186000238DF82230002F3ED0184B63
S21402AA70DB889B063AD50FF014FB10B3194B1B6804
S21402AA809D071ED4B8F1010F14BF082318230DF139
S21402AA902202009200220DF11E00114600F0D6FBA3
S21402AAA020B3B8F1010F9FD10F4B1B78112B9BD10E
S21402AAB010F0A2FC002897D140F61D40F9F7E2FFFD
S21402AAC092E70823E3E700BF485C002040550020D9
S21402AAD03C5C00207D6300207763002076630020C4
S21402AAE02C550020A4460020C7620020504613F0D2
S21402AAF07FFD8246BDF81E0013F0D4F8A0F11005C3
S21402AB00EDB22A4631460AA8EFF7DAFDFF238DF8A2
S21402AB102F304FF6F7739A4540F2DF80B8F1010FF7
S21402AB2000F0E780B8F1020F00F04681B8F1000F9E
S21402AB307FF45AAFA44DBDF81E00EB88ADF8240092
S21402AB4004930FF00EF9BDF824600746304611F064
S21402AB5060FA0146304607F05FFE8DF82300B81C07
S21402AB607E7813F045FD07460FF09BFA06F00106C5
S21402AB70B4F8009003906C88002E7FF435AF4FF641
S21402AB80F77A4246494657458CBF0620082013F0FE
S21402AB90F8FCBDF824B0584611F03BFA5946024676
S21402ABA043460420CDF800800BF043F95745834610
S21402ABB00AD8B5F90620EB88002A05DB580603D525
S21402ABC041462046FFF710FEBBF1000F3FF40CAFE4
S21402ABD02B88002B5AD16B79002B57D14FF6F7737F
S21402ABE00DF126019F42BDF8240094BF4FF0000BE2
S21402ABF04FF0010B10F0E2FCDFF8D8A100F1FF38AD
S21402AC00BAF800301FFA88F10593EB88BDF82600E3
S21402AC10069307F001FE069B0499019000932246D4
S21402AC205B460598C1F340110DF064FE00283FF420
S21402AC30DBAE042306200093BDF82610624B5FFAB3
S21402AC4088F20BF0F6F800283FF4CEAE48F2020384
S21402AC506A889A4205D1BDF82410BAF8000000F0BE
S21402AC608DFF594D09AA29460DF123000DF040FE2D
S21402AC70034600287FF4B8AE2104BAF80000BDF8F7
S21402AC80242060D52346294610F0ADFC9DF82330DB
S21402AC904D4D03F00C030C2B75D1288910F06EFC79
S21402ACA000283FF4A1AE039B002029894B4514BF20
S21402ACB00226032602F02CFE444B18704FF6F7735A
S21402ACC09F42BDF8240075D8A4F13802534253417E
S21402ACD032463D4904F066FC86E6B8F1020F6BD0B8
S21402ACE0394BB3F90630002B26DAB8F1010F7FF4A0
S21402ACF01DAF0FF0D6F9238883423FF475AE0520C8
S21402AD00BDF81E10FFF732FA00283FF46DAE2E4A49
S21402AD10D3885B0607D50023CDE900330A20FF233C
S21402AD202188FFF7BDFA3A469DF822302188BDF801
S21402AD301E0002F023F957E629460AA800F070F82A
S21402AD400028D2D050E60221DFF88C8088F8001066
S21402AD502946CDF800B003F0A5FC132C96D0EB885C
S21402AD605D0493D41A4B1B78D80703D598F80020B5
S21402AD70022A8BD099077FF537AE98F80030012B60
S21402AD807FF432AE82E700222B79124800936B7969
S21402AD901146008802F0E4FD0C4B18709DF8233033
S21402ADA003F00C03082B89D1039B4B4514BF0426E2
S21402ADB0052683E701238BE74846BDF81E20024995
S21402ADC001F048FB10E600BF3C5C002095630020C3
S21402ADD068620020485C00208663002010B50021CF
S21402ADE008480FF034F8044650B101460420FFF735
S21402ADF0BDF928B12046BDE810400121FFF7BEBDCF
S21402AE0010BD00BF2C5C0020034BFF211A780348BC
S21402AE109200EFF7C5BA00BFE66C0020CC420020D5
S21402AE2070B5451804464FF0FF31AC4212D1104BB4
S21402AE3010481A7805460023934211DB0E4C207800
S21402AE40431CB3FBF2F602FB163345F820102370C0
S21402AE5000200CE014F8010BE0F7B6FA0146E4E72E
S21402AE6050F8044BA14201D00133E5E7012070BD42
S21402AE70E66C0020CC42002087630020042307B53E
S21402AE8001200DEB0301054AF7F744FD019B044A36
S21402AE901B03136003B05DF804FB00BF23E111003F
S21402AEA03C550020014B1868704700BF3C550020F7
S21402AEB0014B1868704700BF3C55002010B5064C81
S21402AEC02368C3F30B0313B90448E1F7EDF82068CF
S21402AED0431C236010BD00BF3C55002023E1110037
S21402AEE02DE9F04F93B003930023DDE91C79069316
S21402AEF099F8003083460DA804930E4615460DF0C9
S21402AF0070F999F8003013F003043ED0039B0DF15C
S21402AF10250A8DF824300022082138460FF053F80F
S21402AF20002870D028880EF01CFF99F800301C0705
S21402AF304CBF0430023013F05BFB07A98046F7F7DC
S21402AF40D7FE9DF824300446980633D5288806F1A5
S21402AF500D0111F031F8A8B10023009338460823FA
S21402AF602988721D13F045FC99F8003003F0180387
S21402AF70182B4AD1B8F1000F47D0A94BB3F8683066
S21402AF80434542D040F60A4327E02888711D11F057
S21402AF9013F80028F6D0009405233246298809A81B
S21402AFA013F027FC9DF824300DF1240A03F0180351
S21402AFB00393B0E714BB39464046F8F785F90028F4
S21402AFC0D2D099F800309907DCD040232246214699
S21402AFD0404610F0B6FB40F6094399F8002012F0FE
S21402AFE0030440F0F780288803930EF01DFE2246E5
S21402AFF001461A2013F0C5FA039BEBE007AB03CB1E
S21402B00038607960B0E74FF6FF780DF054FC0446DE
S21402B01020B104213846F7F793FE04461E9B002B08
S21402B0205AD009231E990DA88DF834300DF053FA24
S21402B030209B0BB1209B0693039B002B40F08E8037
S21402B0400DA8ECF7FDFD99F800309A0700F09880FD
S21402B050FFF734FF5146024601200DF078FC99F8BE
S21402B06000309B0710D55946288811F09EF80BF140
S21402B070090350FA83F35FFA83FB5946288811F0D6
S21402B0806BF800EB0B06F6B299F8003013F0C20F1D
S21402B0900AF104030DD09DF82420624942F02002F2
S21402B0A08DF824200A68CAF804204A685A600AF111
S21402B0B00C03012209A800921B1A324629889BB269
S21402B0C013F097FB324659462846FEF7DDFE002867
S21402B0D000F0A48000237DE01F9B5BB19E460DF12D
S21402B0E0340CBEE80F00ACE80F00DEF80030CCF8F7
S21402B0F000309DE7049B594603F0200328880493FA
S21402B10007F08AFB10F0030F0CBF01230023059300
S21402B110049B059A003B18BF012342EA43030093AF
S21402B1200DAA06AB38461F9900F01AFB049A03468E
S21402B13082B1002880D0059B0DAA0093384606AB44
S21402B1401F9900F00DFB034699F8002022F020021A
S21402B15089F80020002B3FF46FAF3EE7039B102BCD
S21402B16006D1BDF8363043F00103ADF8363067E756
S21402B170039B182B4FD1BDF8363043F00203F4E799
S21402B18001200DF125010DF0F0FB99F80030824602
S21402B19013F0040F288821D1069B1BB3002C35D050
S21402B1A00EF042FD00220146162013F0EAF984B1A1
S21402B1B07FB14FF6FF7398450BD000230DA91A46B0
S21402B1C038460DF0A8FA394640469DF835200DF06F
S21402B1D08AFB0123184613B0BDE8F08F002CDFD19E
S21402B1E0104F01E0002CDBD1002332460093594673
S21402B1F03B460FF062FF00283FF4C4AE002C3FF43B
S21402B20069AF069A0AF10103136063E71B685345A8
S21402B210C6D80124E8E740F60A43DBE71923D9E754
S21402B220245400204A630020002307B5054A064836
S21402B230136004220DEB02010193E0F771FF03B0E5
S21402B2405DF804FB3C55002023E111002DE9F04F88
S21402B2500446B1B000888DF82F3016468A4610F0A4
S21402B260D8FE01468146208810F076FF00EB0908DA
S21402B270208810F0C3FF00239DF82F505FFA88F84D
S21402B28015F001070790ADF8363008D101460DF1EA
S21402B2903602208810F04AFE08B1ADF8367016B9AC
S21402B2A0CDE90E660EAEFEF73BFB18B145F0200563
S21402B2B08DF82F500023CDE9033302930DF12F03AF
S21402B2C0CDE900632246534641464846FFF708FE4C
S21402B2D00546002800F0CA809DF82F3013F00107BB
S21402B2E047D123F020038DF82F300EF0DAFE68B136
S21402B2F07C4A10AB1068516803C3184600F002FA85
S21402B3000546FEF70FFDBBB298423BD83A9B13B1F7
S21402B31000233A9A1370BDF83630CBB1012120884B
S21402B32012F0DCFC27880546002800F0CA800121BE
S21402B330384612F0D3FCBDF836700546384612F091
S21402B340B1FC002300903A461946284610F071FDDB
S21402B3500023CDE9033302930DF12F03CDE90063F9
S21402B3602246534641464846FFF7BAFD05460028A0
S21402B3707CD00EF096FE002840F0BA80284631B007
S21402B380BDE8F08F18AB14AA26A9F8B20DF018FA89
S21402B390002840F09480082210A927A8EFF74CFB5B
S21402B3A08346ADB19DF8A53013F0020F08930FD077
S21402B3B0082212A927A8EFF73FFB48B9089B5907AE
S21402B3C006D53A9B13B101233A9A1370089507E003
S21402B3D03A9B002B61D1BBF1000F70D1002308937A
S21402B3E00DF1740C14AB0FCB8CE80F00BDF83630A1
S21402B3F0CBB10121208812F071FCB4F800B000280D
S21402B4004FD00121584612F069FCBDF8362083461B
S21402B4101046099212F046FC00231946099A00903B
S21402B420584610F006FD304B0DF1740B04930023C2
S21402B43003930DF12F03CDE900632246534641469E
S21402B4404846CDF808B0FFF74BFD002837D1002D4F
S21402B45033D012AA5B464FF482714FF4005000F0CC
S21402B460D9F8089B13B126A80CF0B6FF0EF019FE09
S21402B47088B11E4B1B689A070DD4FEF751FA50B1DD
S21402B480184A18AB1068516803C3002226A918A8E8
S21402B4900FF0F0FC00BB002570E700233A9A137009
S21402B4A099E7BDF836200A901046099212F0FAFB88
S21402B4B0DDE9092307990090B2E72A46CAE7013771
S21402B4C01FE7BDF836B0584612F0ECFB2B4600904C
S21402B4D05A463846079939E726A918A80FF006FDF6
S21402B4E0D3E700BF940B0400A0460020A446002029
S21402B4F09DF82F3003F01103102B7FF43FAF3E4B25
S21402B5001B78432B7FF43AAF3C4B1B685B067FF5F8
S21402B51035AF208808F1050110F04EFD834600285D
S21402B5203FF42CAF4146208807F076F9344B10F0F2
S21402B530200F08BF1E4612A800F0E4F80822314683
S21402B54012A8EFF779FA002852D0314612A80DF069
S21402B5508BF9012326AE00933246002314A912A8C3
S21402B56000F0FEF800287FF409AF12AB0DF12F07AA
S21402B570CDE9036002900093224653464146484670
S21402B5800197FFF7ADFCA8B3BDF89A30102043F040
S21402B590080318AA14A9ADF89A300FF048FC002840
S21402B5A07FF4ECAE12ABCDE90360CDE901700093F7
S21402B5B02246534641464846FFF792FC0546002877
S21402B5C07FF4DCAE18AB4FF49071002012AA00F0A4
S21402B5D021F84FF0005100200FF0C3FEBBF1000F20
S21402B5E03FF459AF4FF0805100200FF0BAFE52E7F9
S21402B5F08346AEE714ABE6E7C7620020A446002007
S21402B6008E54002001461A230120014AF7F782B918
S21402B61024E10100F0B5164691B0074609A80D468A
S21402B6201C46FFF7EFFF3EB1336845F04005CDF804
S21402B63026307368CDF82A301B4B1A6822EA0702B6
S21402B64042EA050119604B040DD5BDF824200B0A09
S21402B65003F4E243C9B222F4E3420B4322F07F0230
S21402B6601343ADF824301A230020104A09A9F7F72D
S21402B67051F9B4B104A80CF0B4FD02236A468DF861
S21402B68010301546234604F1100614461868596809
S21402B690083303C4B3422246F7D1294604A80CF065
S21402B6A01AFF11B0F0BD00BFA446002024E101003D
S21402B6B047F2FF10044B196841F48042014041F4FE
S21402B6C080411A600FF04DBEA446002000B589B036
S21402B6D0FEF7BCFB01A8FFF795FF0948BDF804205A
S21402B6E00168130221F0FF0103F4E2030B43D2B216
S21402B6F0134343F48043036009B05DF804FB00BFC4
S21402B700A446002010B50C4B0446186888B0830780
S21402B71006D54FF0FF3323600120636008B010BDEA
S21402B72010F04000FAD001A8FFF76CFFDDF80630F3
S21402B7302360DDF80A30EFE7A446002008B5074B81
S21402B74002461B6813F0400305D118461946FFF758
S21402B75061FF012008BD0020FCE700BFA4460020D0
S21402B7602DE9F0479EB080460C461D4691469DF850
S21402B77098A0A2B1164630460CF033FD1AF0020F1E
S21402B7800FD004B917AC22463146404601AB0CF046
S21402B790F5FF0DB100232B601EB0BDE8F0870DAE9D
S21402B7A0E9E701AB3146404605AA0CF0B4FF7378D0
S21402B7B00AF0010AFF2B26D0002840F0B68054B1CA
S21402B7C005AA09AF134603CBBB42206061601A4646
S21402B7D004F10804F6D125B17278554B03EB8203C7
S21402B7E02B60BAF1000F01D10020D5E7BDF8043076
S21402B7F0D906F9D418204FF6FF71727812F0C1FEFE
S21402B80040F60E40C8E74B4F3DB10EF04AFC10B171
S21402B8103B689A072BD500232B603B6803F0300366
S21402B820102B01D0202B24D117A8FFF7EBFE0822FD
S21402B83040460DF15E01EFF7FFF820B13B6803F0DA
S21402B8404403402B15D0BAF1000F15D109A80FF00A
S21402B8508CFD02233370002C4CD1B9F1000FC3D0FB
S21402B8600EF01FFC60B3301DFFF74CFFBCE7324BF7
S21402B870D2E740F60A408FE73B68DB03E6D509A825
S21402B8800FF073FD0223337074BBB9F1000FB1D011
S21402B8900EF007FCF0B1301DFFF734FFAAE73B6855
S21402B8A003F08403842B2CD009AB0DAF1A4603CACF
S21402B8B0BA4220606160134604F10804F6D105E03E
S21402B8C025463B6803F08403842B28D0301DFFF7FF
S21402B8D019FF26E03B68012503F08403F4E73B6882
S21402B8E0012503F08403DDE70EF0DBFB0028F6D02B
S21402B8F00125D9E70EF0D5FB05460028CFD0002556
S21402B900D2E712A80CF06DFC022312A88DF848307C
S21402B910ECF796F9224608214046ECF7E9F81023A0
S21402B9207380002D3FF460AF64E72D2034E700BF3C
S21402B93028420020A4460020A046002049B9084B11
S21402B940197849B14EF66023594328B1054812F0DA
S21402B95079BA41F28831F8E70248F6F761BF00BFCC
S21402B96067620020F045002070B586B005460EF0EE
S21402B97098FB10B9022006B070BDF7F745F800280C
S21402B980F8D001A8FFF7BEFE06460028F2D08DB911
S21402B9902E4B1C6814F0020406D02D4B1B78112B7C
S21402B9A0E8D12C4BB3F868404FF481630221ADF81E
S21402B9B00C3023E02846F7F70FFD0028DAD1234B98
S21402B9C01C6814F0020406D0214B1B78112BD1D12F
S21402B9D0204BB3F868400822294601A8EFF72CF856
S21402B9E00028E1D04FF4027300260A21ADF80C308D
S21402B9F02B68CDF80E306B68CDF81230002203A803
S21402BA000EF0CAF9024608B91920B4E70F4B1968B6
S21402BA1001F03003102B17D0202B14BF0123032371
S21402BA20490001F004010B432046002101F09AF878
S21402BA300028E9D000210120FFF780FF16B101227D
S21402BA40054B1A70002096E70323E9E7A446002078
S21402BA50C7620020245400207C63002030B50025F5
S21402BA6085B0CDE90055F6F7DBFE0EF01AFB1E4C4C
S21402BA7060B905F0AFFF0D25002108462170FFF7DB
S21402BA805DFF294668460CF008FB18E023784BB3A6
S21402BA90164917480A780078904223D90132012BBA
S21402BAA00A700ED12A464FF4A071284602F012FD03
S21402BAB0C0B2B8B941F288310E4812F0C3F905B0E7
S21402BAC030BD022B09D1284602A9F7F7FDFB002854
S21402BAD0EED102A8FFF748FFEAE7032B02D101F0F6
S21402BAE0FBF9E5E70425C7E78863002089630020A1
S21402BAF0226D0020F045002070B51B4A1B4D0446FF
S21402BB005168106886B02E7801AB03C31EB10224BA
S21402BB10204606B070BDF6F7CFFF0228F7D10EF02A
S21402BB20C0FA0028F3D003A800F03AFE082201A9C2
S21402BB300DF10E00EEF780FFA0B10D4B32464FF42A
S21402BB40A07130461C7002F0C5FC04460028DFD106
S21402BB500123084A41F2883107482B70137012F00D
S21402BB6071F9D5E72324D3E7B7CE04008863002013
S21402BB70226D002089630020F0450020F0B50C46B7
S21402BB8000219BB02B4F0646492207A80691EEF7E6
S21402BB9007FC3B78012B34D19EBB0DF10E012046EB
S21402BBA00FF00CFD0546BDF80E0012F07BF8441BA4
S21402BBB0E4B2BDF80E1023462A46009606A812F0F6
S21402BBC018FE304604A9F7F77FFBD0B9CCB19DF832
S21402BBD01920B2B9BDF8233003F47E43B3F5285FCB
S21402BBE01ED3B3F5385F0ED31349BDF80E000B68AB
S21402BBF043F400030B6029460CF050FE18B10423F0
S21402BC003B701BB0F0BD01220C4B04A81A70FFF764
S21402BC10ABFE41F288310A4812F014F90223EFE72C
S21402BC2011463A70FFF78AFE1E2104A80CF035FA78
S21402BC30E7E700BF88630020A4460020896300204F
S21402BC40F0450020014B1870704700BF8963002042
S21402BC50014B1878704700BF88630020014B1870AC
S21402BC60704700BF886300202DE9F04F04464088E5
S21402BC7091B00E298846ADF81A0079D094F808904B
S21402BC80A7790EF06EF809A90546BDF81A00E679FE
S21402BC9010F0C5FABDF81A000DF056FF420542BF75
S21402BCA0BDF82A3043F40053ADF82A30E379DB06B8
S21402BCB042BFBDF82A3043F48053ADF82A30BDF8AF
S21402BCC02A30980613D5022F57D10CA9207A0FF0E6
S21402BCD016FCDDF83500DDF8391007AB03C307AAFA
S21402BCE00021042300910DF11A00FFF7AFFA01219B
S21402BCF0BDF81A0011F0F2FF022F824649D1474BD7
S21402BD0033F81950B8F1000F7ED0BDF82A2051063C
S21402BD107AD54FF6FB739D4276D8414B1B78033B90
S21402BD20012B04D83F4BB3F86830AB426CD0D30536
S21402BD3002D528460FF0C5FDBDF82A30D80463D5D3
S21402BD40002F33D1BDF81A000DF0FEFEC10663D5F2
S21402BD5048F23403BDF826209A4209D1324E307892
S21402BD60FF2805D003222946FBF782FBFF23337008
S21402BD700023236011B0BDE8F08F012F01BF237AA4
S21402BD802A4A03EB430302EB830314BF00229A1CE6
S21402BD90A6E7012F05D10C2303FB09F3234AD55A44
S21402BDA0B0E7A81C12F024FC0546ABE7284601F0D3
S21402BDB0F7FEBDF81A000DF0C7FEC206C8D46389A6
S21402BDC05046059311F06EFF8346504611F04EFF23
S21402BDD0059B02905FFA8BF04A4639460190009323
S21402BDE0404609AB0CF0F1F8B8F1000F14BF0B2077
S21402BDF0092016F0030218BF02F1FF32294618BFC7
S21402BE00D2B212F0BEFBA3E7BDF81A000DF09CFEFC
S21402BE10C3069DD4002FD2D1A946D0E714590020DC
S21402BE20C862002024540020266D002054580020AA
S21402BE3038B500240F4B104D2A78A24205D8C2B955
S21402BE40BDE838400D48F6F7EBBC598869B9013AA7
S21402BE50D2B2A2422A70EFD0121B184603F110018A
S21402BE601201EEF7EFFA0346E6E701341033E4B2C6
S21402BE70E2E738BD2C4200208C630020BC6B002019
S21402BE8070B51A4B1A4A1D780023DCB2A54200D8B8
S21402BE9070BD144666880133864202F11002F4D160
S21402BEA0E379A588E16003F040028DB9CAB123F0B8
S21402BEB00403E3710DF055FF037803F07F0303706C
S21402BEC021880029E4D1BDE870400A4811F0BABFC3
S21402BED000216580A180002AE9D1BDE87040FFF705
S21402BEE0A7BF2046FFF7C0FEF7E700BF8C6300201F
S21402BEF02C420020BC6B00202DE9F047044686B099
S21402BF0040880F4615460DF02CFFA3798046082B75
S21402BF1052D8DFE803F0052E185151515151050051
S21402BF20023012F065FB002D4ED06946F7F7CCF9C9
S21402BF30002841D1684601F0DDFEB0FA80F04009E3
S21402BF4006B0BDE8F08702A9207A0FF0D8FA6B4651
S21402BF506E46DDF80D00DDF81110334A03C3237A6E
S21402BF6032F81390314AD05C75B131460FF0EBFAD5
S21402BF70E6E7237A2E4903EB430301EB830231F80B
S21402BF802390907A961CEFE74FF6FB7AD14515D9A7
S21402BF90304603F0ADFF4FF6FF739842054615D0C4
S21402BFA00146304601F018FE554508D9E379DA060F
S21402BFB00ED440F62243E3600020C1E74D462946F0
S21402BFC008F1020012F016FB0120B9E74D46EDE734
S21402BFD04FF6FC78454512D103F00C030C2B1CD10E
S21402BFE0DFB130464FF6FD7101F0F6FD40F61F4117
S21402BFF02046E160FFF738FEFFF71AFFDCE74FF650
S21402C000FD739D4209D10023304619461A4602F0B6
S21402C0102DFB4146304601F0DFFDE37943F00C0389
S21402C020E37140F62343C6E71459002073620020EA
S21402C0305458002073B5044640880E460DF091FE13
S21402C040023012F0D5FA0CF048FC18B1A11C201DE3
S21402C0500CF048FCE6B1E5790135EDB2E57115F074
S21402C060400514D0EBF708F90122054600212046C8
S21402C070FFF742FF18B1394B1B882B449DB2384B51
S21402C0801B78042B01BF354B1B885B199DB225809C
S21402C090002231462046FFF72FFF20B360880DF0BE
S21402C0A060FEE2792F4922F00C03E3710B78054615
S21402C0B00133DBB20B70C3712B4BA61C1B780BB380
S21402C0C0E37998061ED52949097871B159060CD527
S21402C0D092070AD500220423114630460092FFF743
S21402C0E0B5F810B1E06002B070BD0022012311461F
S21402C0F030460092FFF7AAF820B1E37943F0030333
S21402C100E371EFE730460CF0EBFB0028EAD16088DB
S21402C110FBF77EFD0328E6D8DFE800F0020D1D19C6
S21402C120E37943F00403E3711B06DCD5104B1A785F
S21402C130104B1A70D7E740F62443E360E37943F0E6
S21402C1400803E3712B7803F07F032B70CBE740F6EE
S21402C1502543E360C7E740F62643FAE7706C002003
S21402C160C8620020C5620020C3620020236D002042
S21402C1706B6200208B6300202DE9F74F064612F013
S21402C1804DF95F4B0546B3F8009018805D4BA0EB67
S21402C19009041B78A4B2A34298BF00234FF00008FC
S21402C1A04FF6FF7788BF1B1B564A88BFDBB2137059
S21402C1B0DFF864B1A9EB00030093534B5FFA88F2F1
S21402C1C0197891420ED80EB1FFF732FE4FF6FF7382
S21402C1D09F4200F08E8039464C4803B0BDE8F04FCF
S21402C1E011F030BEBBF80220002A3CD0484B9BF828
S21402C1F007201878BBF800A0042818D00020BAF14F
S21402C200000F08BFA2462044504523D2BBF80010B8
S21402C210009B1944ABF80010002E4ED002F04802E4
S21402C220482A4AD100215846FFF704FF45E001920A
S21402C230F6F790FF30F01003019ADFD1FAF702FD0D
S21402C240344B019AB3F800C08445D7D9ACEB000052
S21402C25080B2D4E702F00C00042807D10022ABF823
S21402C26000200BF1100B08F10108A6E7510602F0B8
S21402C270030C02F008000ED528B3BCF1030F25D13B
S21402C280DEB1DBF80C105846002908BF4FF44261B5
S21402C290FFF7EAFC11E040B3BCF1010F25D112060C
S21402C2A0EED44FF4C862ABF800209BF8072022F0C9
S21402C2B0030242F002028BF80720BBF800209742E6
S21402C2C028BF1746CDE703208445D9D213060ED5DC
S21402C2D00C4B1A780AEB0200844208DA4A44521BD4
S21402C2E00AEB0201ABF80010E7E70120ECE70121B8
S21402C2F099E7064803B0BDE8F04FF6F791BA00BFDB
S21402C300325C00208B6300208C630020BC6B002014
S21402C310C8620020706C00202C420020F8B5002570
S21402C3200A4E0B4F3378ECB2A34204D8BDE8F8406D
S21402C3300848F5F785BF07EB0414A01CF5F780FF45
S21402C340201DF5F77DFF0135ECE700BF8C6300206A
S21402C3502C420020285C002070B500240B4D0C4EA9
S21402C3602B78A34208D81B1BDBB22B706BB9BDE837
S21402C37070400848F6F754BA06EB041040F621411E
S21402C3800134FFF771FCE4B2EAE770BD8C6300206B
S21402C3902C420020BC6B00202DE9F0410025064609
S21402C3A02F46114CDFF8448098F80020EBB29A42F0
S21402C3B003D8BDE8F041FFF73BBD60880DF0D1FC25
S21402C3C0023012F015F9B0420AD16088F8F74AFA3C
S21402C3D000230E211846628803F086F927806780BC
S21402C3E010340135E0E700BF2C4200208C630020A9
S21402C3F0F8B5154EDFF858E035789EF800E0134F92
S21402C400AE454FEA051C07EB051419D0002503F4C8
S21402C410835343EA1323A1712272E371608027F8E3
S21402C4200C50A58006F078FB40F60243E3603378B2
S21402C4306081013328463370FFF79EFE2846F8BD1A
S21402C44040F60340FBE700BF8C6300202C4200202E
S21402C450E46C00202DE9F04F344B0D461C7817464D
S21402C46085B05CB9B1F90680DFF8C890DFF8C8A0DD
S21402C470DFF8C8B099F80030A34202D805B0BDE88C
S21402C480F08F0AEB0416B08800B9708801A90FF085
S21402C490C6FEAA7A9DF80E309A4244D1B8F1000F31
S21402C4A00FDA297A9DF80C202B89914209D8204868
S21402C4B000780844824236DA521A1B0A1341D90718
S21402C4C031D538460FF09AFEBDF80A3004469A0671
S21402C4D002D5EB889B06D1D5F37903F00C03042B27
S21402C4E008D17088F8F7BEF90023728819461846F4
S21402C4F003F0FAF800213046FFF7B6FBFFF798FC88
S21402C500384611F0CFFB844208D2337A01228BF8E8
S21402C510003029460023384603F044F8B8F1000FED
S21402C520ACDA0024A6E70134E4B2A3E78A6300206B
S21402C530E36C00208C6300202C42002095630020D0
S21402C54008B511F06BFF074B1B88C01A80B2B0F516
S21402C550807F05D9BDE808400021034811F072BC6F
S21402C56008BD00BF325C0020BC6B00202DE9F047FE
S21402C57088B004460D460FF04CFD0146204606F0F4
S21402C5804BF910F0030340F0848010F00C0F06D134
S21402C5902946204608B0BDE8F047FFF771BC2046A2
S21402C5A00DF0D2FAC10659D420460FF032FD0146EC
S21402C5B0204606F031F9074620460DF0D2FB064625
S21402C5C0023012F015F805A98046204607F00C073F
S21402C5D096F806A00FF023FE73780C2F0CBF0327E5
S21402C5E00627012113F0010F204618BF032711F07A
S21402C5F075FB2B4B81461B78033B012B1DD9BAF1E9
S21402C600010F1AD94FF6F773984502D8337A1F2BC3
S21402C61013D9301D11F0ECFFF17982460DF0A7FF19
S21402C62006465046F7F726FDDEB173685A1C04D05C
S21402C630834340F6284308BF1D461A4B1B88A34275
S21402C64012D1B5FA85F04009FAF7A6FD20460DF09C
S21402C650A9FA00220146072011F093FF08B0BDE8B0
S21402C660F08740F62845E8E706F056FA824648463E
S21402C67011F018FB0646484611F0F8FAF6B2029098
S21402C680424639462846CDE900A605AB0BF09DFC8E
S21402C690DCE7012BE2D110F00C0FDFD178E700BF08
S21402C6A0C8620020285C0020002210B5094B1C78C6
S21402C6B0094BD1B28C4201D8002010BD197A8142B2
S21402C6C002D19979022902D010330132F1E7012012
S21402C6D0F3E700BF8C6300202C42002001460022B4
S21402C6E010B5084B1C78084BD0B2844201D8002003
S21402C6F010BD187A884202D198790128F8D01033F2
S21402C7000132F1E78C6300202C420020002210B494
S21402C7100A4B1C780A4BD1B28C4203D85DF8044B04
S21402C720FFF786BB197A814205D19979012902BFA2
S21402C73000211980598010330132ECE78C63002007
S21402C7402C420020044B1B6813F0300F03D020212C
S21402C75030200EF006BE7047A4460020002310B517
S21402C760044608491A4601EA00414FF07F60FEF788
S21402C77051FFE30703D5002130200EF0F2FD002022
S21402C78010BD00BF00007207044B5B8823F4784399
S21402C79023F08D0303800020704700BFA4460020CC
S21402C7A008B500220346C3F80220C3F806200B4A47
S21402C7B002301268D1B212F0200F18BF41F01001F9
S21402C7C01980930701D4FEF79DFF054B1B78023BA9
S21402C7D0032B8CBF1720002008BD00BFA4460020F4
S21402C7E0C762002038B505460C46FDF72FFB98B108
S21402C7F00E4B187878B10E4B1B681A040FD58CB105
S21402C80013F0420F00D17DB103F44073B3F5407FBD
S21402C8100CBF0020232038BD40F60840FBE740F658
S21402C8200B40F8E72046F6E72320F4E7C362002031
S21402C830A4460020F0B504468DB007A80D4616465D
S21402C8400BF0CFFC1022002103A8EDF7A9FD5CB186
S21402C850234603AC03F110072246186859680833CA
S21402C86003C2BB421446F7D1012703A986EA07038F
S21402C87007A88DF81C708DF81D300BF01DFE80EA9F
S21402C880070401A8E4B2EBF739FAB6B101A88DF8AD
S21402C8900650EBF75FFA64B1002303A907A88DF8E8
S21402C8A01D300BF018FE0C4B1B78432B01D1F7F70B
S21402C8B0CFFC0A4B1D700DB0F0BD01A88DF80750D5
S21402C8C0EBF748FA002CF6D003A907A88DF81D70DE
S21402C8D00BF001FEEFE700BFC7620020C262002035
S21402C8E0F0B5012593B007460DA80C460BF079FC6F
S21402C8F005A90DA8ADF834500BF008FE01A8EBF719
S21402C900FDF909A90DA88DF835509DF806600BF0C3
S21402C910FDFD0DA89DF807500BF08EFD70BB731B36
S21402C920DBB2802B28D91FB1A64225D0A54223D13F
S21402C93005A90DA80BF0CFFD03A8EBF7DFF903A8B6
S21402C9408DF80F60EBF706FA0122294609A8FFF7D1
S21402C95071FFF7F733FD01214FF4007003F0E6FD97
S21402C960FDF75CFAB0F1004F01D9FDF75DFA044B12
S21402C97018780BF090FB012013B0F0BD0020FBE707
S21402C980C262002070B50E46144605460320FFF725
S21402C99065F946F00402294620460BF0F6FD002211
S21402C9A0014B1A6070BD00BFA0460020F0B587B0EC
S21402C9B0078805461022002102A8EDF7F1FC3E4B3F
S21402C9C01B78002B76D1BC055ED407F08403842B3B
S21402C9D063D00022394C11461046FFF72BFF17F49E
S21402C9E0045F276005F102061CD0B9040AD530465A
S21402C9F005F0A4F900284ED1236823F4005343F42B
S21402CA008073236030460EF03AFD002842D10BF0C8
S21402CA10E4FB18B9236843F480332360236843F0A9
S21402CA202003236022680DF1060042F400432360CF
S21402CA30FFF7AAFE12F4805FBDF8063031D043F04D
S21402CA402003ADF806302168334611F0400218BFC5
S21402CA5005F123024FF07F60FEF7DCFDBDF80630DD
S21402CA60DA0703D5002130200EF07BFC23689B05F5
S21402CA7006D5012295F8221005F11200FFF7DAFE1C
S21402CA8000200F4B186006E005F112000EF0F7FCCE
S21402CA9000289AD0292007B0F0BDB80799D52320E0
S21402CAA0F9E723F02003ADF80630FDF7BDF9FEF7EF
S21402CAB0BBFBC8E70220EEE7C7620020A4460020C0
S21402CAC0A046002008B5054B1B7833B1FFF73AFEA7
S21402CAD0BDE808400248FEF731BE08BDC36200202A
S21402CAE04A63002010B5154B1B78D3B1144B1B7844
S21402CAF0033B012B15D900200EF084FF044698B1A3
S21402CB00EAF7EAFB237913F0300F0AD148B101287D
S21402CB1003F0CF0206D0811E4B424B415B0113430A
S21402CB20237110BD1023FAE7F7F7DAF80028F8D0D9
S21402CB3021462046BDE8104004F096B8C3620020A5
S21402CB40C862002008B50DF0ACFA054B18B9186893
S21402CB50C0F3800008BD1868C0F30050FAE700BFB3
S21402CB60A44600202DE9F04F0646894610460021CD
S21402CB7089B01546984605F04FFE102807460AD893
S21402CB806A4B0341DB0706D4C8F340049DB9002074
S21402CB9009B0BDE8F08F664B1C78002CF6D0FFF784
S21402CBA0D1FF00280CBF4FF4F0744FF4D074FC4051
S21402CBB004F00104EAE74FF0000A18F0010F5346AA
S21402CBC0524629464FF00500CDF800A00CBF4FF0A4
S21402CBD0080B4FF4027B09F04FF90028D7D0C82380
S21402CBE03246009359465346284605F03DFEADF8B8
S21402CBF00E000028CBD018F0080A4AD14FF6F77379
S21402CC00A7F10F02D2B29E428CBF09230123012A4A
S21402CC1001D843F04003474A8DF810301378591C68
S21402CC2011708DF81130002C4FD09DF81030052F62
S21402CC3043F020038DF8103033D03F4B1D78002D83
S21402CC405AD04FF6F77300259E424FF00F0248D98E
S21402CC50012304A90DF10E00F5F736FD002896D142
S21402CC60002C4DD1BAF1000133463A4618BF0121D5
S21402CC70BDF80E00CDF800900BF039FEADF80E00B0
S21402CC80002884D018F0040F4DD031460DF03EFE39
S21402CC907EE749460DF10E0005F02AF80028ADD1D0
S21402CCA075E70121BDF80E0011F018F8012105F014
S21402CCB0B3FD0123834013F0620F1CD11E4B1B7879
S21402CCC0E3B14FF6F7731825BEE71B4B25461B78D4
S21402CCD00222002BBCD04FF6F7739E42B8D8052F1F
S21402CCE0B6D0BAF1000FB3D19DF8103043F040032E
S21402CCF08DF81030ACE710250F22A9E71825FBE7C0
S21402CD00BAF1000F0AD002234A46009029460DF1D6
S21402CD100E00FEF79BFA0028A4D038E741235246BD
S21402CD20CDF800A0F2E70DF0DBFD31E79FFEFEFF37
S21402CD30C3620020C4620020B56200202DE9DF43F2
S21402CD401E46144B80461B680F469B0791460A9C5C
S21402CD501BD4204614B10BF0B2FDC0B20622CDE9B8
S21402CD6002403B460020CDE900890B490FF0D1F87E
S21402CD70024650B10021002E0CBF012303230846B1
S21402CD8004B0BDE8D043FFF7EDBE002004B0BDE816
S21402CD90D08300BFA44600203A8204002DE9F04F5B
S21402CDA08DB081468A461F4693469DF85C803AB906
S21402CDB003A8FEF7A7FCB0BB00200DB0BDE8F08FBD
S21402CDC015460022232110460CF0E6FFADF80A00B5
S21402CDD00028F1D010F04AFF0523044618F0100F81
S21402CDE000F8023B677020D011220021EDF7D8FA36
S21402CDF004F11306032F4FF0080237D15946304686
S21402CE00EDF720FBC8F3801306F1090533720BF029
S21402CE1052FD00283ED000232B706B700123033591
S21402CE2005F8013C36E003ADCBE701261022169941
S21402CE30EDF708FB06FA07F313F0620F02D104F1CE
S21402CE401206D7E707A80BF0CCF905A88DF81C60E8
S21402CE50EAF754FF9DF8162018F0200F9DF81730B9
S21402CE6008BF134604F11306A374C3E751463046BF
S21402CE70EDF7E8FA012306F10802121B2846009392
S21402CE80BDF80A10082392B211F0B3FC042F06F183
S21402CE901005BCD02D1BA9B20DF10A000EF0A1FFA1
S21402CEA0002889D118F0040F0BD0484611F0FEF87E
S21402CEB0FF281FBF074A32F8103023F4804322F8B7
S21402CEC01030434651464846BDF80A20FFF74AFE50
S21402CED073E700BFBC5B002070B5032690B08DF8E8
S21402CEE007600DF0DEF818B90224204610B070BDB7
S21402CEF0F5F78AFD0028F7D002AD2846FEF702FCB9
S21402CF000028F1D01B4B1C6814F00204ECD140F24E
S21402CF100F43194AADF82430136804A8CDF826301A
S21402CF205368CDF82A300BF05CF995E8030005ABA0
S21402CF3083E80300062304A88DF81D308DF81060E0
S21402CF40EAF77EFE01210DF12E020DF10700EAF747
S21402CF50CFFD22461A2109A80CF01EFF024608B988
S21402CF601924C2E7012329462046FFF7FBFD0028C5
S21402CF70BBD1F5E7A44600204A6300202DE9F04F16
S21402CF8006460F46002199B01F2210A803930F9160
S21402CF90EDF706FA30460FF03CF80146304605F04B
S21402CFA03BFC8DF81B0030460CF0DBFE9DF81B3078
S21402CFB045788146C5F340059806304648BF45F099
S21402CFC002050FF01BF90446304610F06BFE0023F4
S21402CFD0001B5FFA80FA00935346232B28BF2323B5
S21402CFE0224631460FA811F004FC002840D19E4B81
S21402CFF09DF83C801B789DF83DB0002B3BD0FFF798
S21402D000A1FD00280CBF4FF4F0734FF4D07323FA3F
S21402D01008F3D9072FD5AA072DD4B8F1080F24D1C3
S21402D020BBF1040F24D1FAF797FD08BB0123224671
S21402D0300093314605200DF11B0308F0FAFEB8B145
S21402D040A8F10508B8F10D0F12D8DFE818F028008D
S21402D050A001C701EC01F501110011001100110039
S21402D060FB019D02A902D702D702B8F1050F08D02C
S21402D07019B0BDE8F08FB8F1100F05D1039B002B55
S21402D080F6D0FAF769FDD1E7FAF766FD0028CDD0AB
S21402D090B8F1050FCAD0B8F1110FC7D0E8E7BBF157
S21402D0A0050FE5D830460CF0BFFD059009F10200E9
S21402D0B011F09EFA81460DF11E00FFF765FB012373
S21402D0C09DF83D70BB4013F06203039305D0BDF894
S21402D0D01E309B0701D5AE07CAD50CF0E2FF00282A
S21402D0E0C6D0FAF739FD08B9002DC1D00DF13E0AB7
S21402D0F050460EF0C4F9039B0490BBB1032F9DF873
S21402D1004EB01AD10DF14F040CF0CBFF814540F022
S21402D1101781032DACD19DF856105246003918BF20
S21402D12001210DF14E000BF0EFFBA1E7032FDDF816
S21402D1300CB07BD10DF14E04E6E74C4B1B689C0706
S21402D14029D5FF2208210DF157000CF03CFF80463E
S21402D15008BB034601460DF157020220FEF75AFAB3
S21402D1600CF09FFF81450DF157060DF14F0422D0BA
S21402D1704FF6F773994540F2E880002208212046D0
S21402D1800CF021FF002800F0E080002259465046AD
S21402D190FFF750FB6CE70DF157060DF14F043046D2
S21402D1A00EF007F9002846D00CF07BFF814540F0D0
S21402D1B0C8804FF000082046F6F70EF9002800F067
S21402D1C0C080012F58D0042F7FF452AF0EF014F90E
S21402D1D010B1032D7FF44CAF049B002B7FF448AFB5
S21402D1E0324602215046FFF7CDFB214B1B7863B136
S21402D1F0FFF772FEFEF72CFD022806D10120FEF78D
S21402D20021FD01210846FEF799FB1A4B1B78022BDB
S21402D2101FD1032130460AF040FFFEF719FD0146F2
S21402D22000287FF425AFFEF789FB21E70DF15606AD
S21402D2300DF14E04B3E70F4B1B78432B7FF418AF68
S21402D240012F7FF415AF0CF02CFF814579D1B8463B
S21402D250B1E7412B7FF40CAF044B1B6858057FF5F2
S21402D26007AFF8F761FC03E7C3620020A44600207C
S21402D2707C630020C7620020B64C2378022B22D0A3
S21402D2802378412B3FF4F4AE049B33B9FAF764FCDF
S21402D290594602465046FFF7CDFAFAF75DFC0028DB
S21402D2A03FF4E6AE0EF0A8F8AB4F98B13B681A050D
S21402D2B002D42378432B0DD1AB070BD440F61A4089
S21402D2C0F7F7E0FBD4E60EF097F80028D8D0A907C7
S21402D2D0D6D4CDE6386810F0020002D1059903F0E4
S21402D2E0C3FC2378112B16D13B685F0513D50020AB
S21402D2F0FEF73AFB044600287FF4BAAE0DF0A9F911
S21402D30040F61C40F7F7BEFB21462046FEF716FB0A
S21402D310F7F7C4FBACE6AC0701D5FFF713FAB8F192
S21402D320000F9ED00AF059FF18B94FF480310EF064
S21402D33018F80022894B30461A600EF031F890E752
S21402D3400026039B002B7FF413AF4FF6FF73204695
S21402D35008A9ADF82030F5F791FF20B120460CF071
S21402D3607BFEADF820004FF6FF73BDF82000984212
S21402D3703FF47EAE049B3246002B0CBF04231523DB
S21402D3802146CDE900A33B46FFF708FD70E60CF008
S21402D39088FE00287FF46CAE714B1B78002B3FF49E
S21402D3A067AEA80704D46C4B1B6899013FF560AEC4
S21402D3B0BAF10C0F0DF1450094BF002412AC11F027
S21402D3C017F902469DF8470003283FF651AE394644
S21402D3D000940DF13D0304F00BFA49E60DF13D0011
S21402D3E0F5F7FAFF28B1022239460020FAF740F88C
S21402D3F03EE65C4B1B78013B012B3FF639AE0DF146
S21402D4003D0002F075FD4FF6FF739842044606D1C2
S21402D4100DF13D000CF020FEA0423FF429AE0021A3
S21402D420FAF736F924E6EA077FF522AE2A463846A8
S21402D4300FA904F0DBFA1BE69DF83D100120FFF76A
S21402D4404FFA15E6474B1B78013B012B3FF610AE11
S21402D450EB077FF50DAE0DF13D0002F049FD4FF6EC
S21402D460FF7398420546804640F080800DF13D00ED
S21402D4700CF0F2FD40450546074677D10DF13D001A
S21402D480F6F71CFCB84205463FF4F2AD304610F003
S21402D49009FC00220934E4B2071BFFB239461046E3
S21402D4A00CF07AFCADF81C0000283FF4E1AD4FF01A
S21402D4B0010900232A460821CDF8009005F0D4F988
S21402D4C0ADF81E0000283FF4D3AD214630460EF0DC
S21402D4D06CFE4FF0000A80461622514609A8CDF887
S21402D4E020A0ECF75DFF434622463146CDF800A069
S21402D4F008A811F07EF94B46424608A90DF11E0017
S21402D500F5F7E2F800287FF4B3ADA7EB0807FFB201
S21402D510394607A80EF065FC284610F0C7FDFF281E
S21402D52018BF114A444418BF32F81030E4B21CBF88
S21402D53023F4804322F81030BDF81C0023463246FE
S21402D540002100970EF075FC2946BDF81E000DF06E
S21402D550DDF98DE5C7620020A4460020A046002023
S21402D560C3620020C8620020BC5B0020284610F080
S21402D5709DFDFF28074689D0F6F7C6FD002885D010
S21402D580384603F099F881E71E4B1B78013B012BC6
S21402D5903FF66EAD2A4638460FA9FCF7C9F967E58D
S21402D5A0194B1B78022B20D1002F7FF461AD08A8FF
S21402D5B0FEF7A8F800283FF45BAD144B1F709DF8E9
S21402D5C03D30002B14BF64246524FEF741FB03287C
S21402D5D006D138463946FEF7B1F93846FEF73EFB25
S21402D5E0214608A80AF059FD42E5043B012BDBD987
S21402D5F038460BF072F90028D6D139E530460BF0E2
S21402D6006EF935E5C8620020C76200207C63002000
S21402D6102DE9F34105460E46174698460DF0ECFEF8
S21402D620044640B101233A4631462846CDF80080EA
S21402D630FFF784FB04460DF0DFFE30B1FFF782FAF7
S21402D64078B10A4B1B689B010BD400233A4631463D
S21402D6502846CDF80080FFF771FB002C0CBF04466D
S21402D660012404F0010002B0BDE8F081A4460020C7
S21402D67070B58AB005A80AF0B4FD022301AA1546C1
S21402D6808DF81430084B03F11006144618685968D2
S21402D690083303C4B3422246F7D1294605A80AF046
S21402D6A00BFF0AB070BD00BFBFCE0400014B187856
S21402D6B0704700BF246D0020014B1888704700BFDA
S21402D6C09A6C00204FF6FF732DE9F043994280468C
S21402D6D00D4685B00BD000274FF6FD791C4EE9F7B4
S21402D6E0D1FDFCB2A0420BD84FF6FF701DE0F5F755
S21402D6F073FE0028EFD005B0BDE8F0430CF0D1BCB5
S21402D70036F814304B4517D8694620460DF0BBFE56
S21402D710082241460DF10500EDF78EF94FF6FF732C
S21402D72060B99D4204D136F8140005B0BDE8F08316
S21402D73026F814500DF070FE0137D0E79D42FBD05C
S21402D74036F81430AB4208BF26F81490F4E700BF50
S21402D750145900202DE9FF4706460F4600254FF6CE
S21402D760FD79DFF83C80DFF83CA0E9F78BFDECB2F0
S21402D770A04202D804B0BDE8F08738F814304B4512
S21402D7800CD8694620460DF07EFE082231460DF181
S21402D7900500EDF751F908B90AF804700135E4E717
S21402D7A01459002073620020014B33F810007047B2
S21402D7B014590020F0B5064600250D4F85B0E9F74E
S21402D7C061FDECB2A04201D805B0F0BD37F81430C6
S21402D7D0B3420BD1694620460DF091FE9DF800300B
S21402D7E0022B1CBF4FF6FD7327F814300135E6E70F
S21402D7F01459002030B585B004460D46E9F742FDBF
S21402D800A0420FD9084B33F814204FF6FD739A4204
S21402D81008D8694620460DF072FE29460DF105002D
S21402D820FFF750FF05B030BD1459002030B585B063
S21402D8300446E9F727FDA04219D92046FEF734FF31
S21402D8400546B0B9694620460DF01DFE9DF800302B
S21402D8502BB1694620468DF800500DF032FE4FF689
S21402D860FF720020044B23F8142005B030BD282098
S21402D870FBE740F60440F8E7145900202DE9F04192
S21402D8800B7805460E461BB9BDE8F041FFF7CEBF42
S21402D890E9F7F8FCA84231D92846FEF705FF78BB1F
S21402D8A0374617F8058B4FF6FF713846FFF70AFF23
S21402D8B00446384600F01EFAB0FA80F04009B8F185
S21402D8C0000F15D0B8F1030F15D04FF6FF724FF6C2
S21402D8D0FD73944208BF1C460B4B314623F8154095
S21402D8E00A4B585528460DF0ECFD0020BDE8F081A5
S21402D8F04FF6FF74F0E74FF6FE74EDE72820F5E7E3
S21402D90040F60440F2E700BF14590020736200207C
S21402D9102DE9FF410D4604464FF6FE780F4F0E0ADC
S21402D920E9F7B0FCA04204D8FF24204604B0BDE8C4
S21402D930F08137F8143043450CD1694620460DF085
S21402D940A2FD9DF80520EBB29A4203D19DF806305F
S21402D950B342EAD00134E4B2E2E700BF1459002031
S21402D9602DE9F04F0C461746984600254FF6FD7BEC
S21402D97087B09DF840A0DFF85C900190E9F782FC42
S21402D980EEB2B04201D8FF2616E039F816205A4504
S21402D9901ED8304602A90DF076FD3FB99DF8092043
S21402D9A0424515D19DF80C20524511D144B939F89B
S21402D9B01620019B9A420BD1304607B0BDE8F08F85
S21402D9C0082220460DF10D01EDF736F80028F3D0B7
S21402D9D00135D3E71459002010B514460DF053FD57
S21402D9E02046BDE8104008220149ECF72BBD00BFD7
S21402D9F04A6300202DE9FF470746154608460822D7
S21402DA0024491E46EDF718F8044600283FD14FF683
S21402DA10FF7ADFF88490E9F735FC5FFA84F88045F0
S21402DA200BD385B3384608F0E6FA01250C9B18702E
S21402DA300120357004B0BDE8F08739F81830534538
S21402DA401FD0694640460DF01EFD7A789DF80130DB
S21402DA509A4216D17A88BDF802309A4211D13A79A2
S21402DA609DF804309A420CD108220DF10501781D6A
S21402DA70ECF7E2FF28B9002DD7D1404608F0D6FAD7
S21402DA80D3E70134C7E7FF2008F0D0FACEE700203C
S21402DA90D0E700BF4A63002014590020F0B50025E5
S21402DAA0154E164F85B0E9F7EDFBECB2A04201D851
S21402DAB005B0F0BD694620460DF0E5FC9DF8003045
S21402DAC0032B06D90023694620468DF800300DF058
S21402DAD0F8FC9DF8002062B14FF6FD734FF6FE711A
S21402DAE0032A08BF0B4626F81430002301353B559F
S21402DAF0D9E74FF6FF73F6E7145900207362002049
S21402DB00F8B50E4604464FF6FF770C4B0C4D1B78C5
S21402DB1003EB430305EB8305A54202D80024204607
S21402DB20F8BD2388BB4206D008223146A01CECF77B
S21402DB3083FF0028F3D00C34EEE700BFE56C00202C
S21402DB4054580020044BFF211A78044802EB420284
S21402DB509200ECF725BC00BFE56C0020545800206C
S21402DB60F8B504460C4B0D461B781046A3420DD959
S21402DB700C27022117FB04117C43084E082231446D
S21402DB80ECF760FC335B00202B80F8BD00231360AB
S21402DB9053604FF6FF73F6E7E56C002054580020FA
S21402DBA038B504464FF6FD75FFF704FE0022084B13
S21402DBB01878084BD1B2884200D838BD33F80C1C0E
S21402DBC00132A14208BF23F80C5C0C33F2E700BF17
S21402DBD0E56C00206058002070B505460E460846E3
S21402DBE0FFF7DEFF31462846FFF76CFD294606485A
S21402DBF0FFF786FF00B970BD044624F80C6B0DF0E3
S21402DC000BFC29462046F3E75458002010B508229C
S21402DC1086B023490446ECF70FFF20B906B0BDE8EC
S21402DC2010400CF03EBA082220461E49ECF704FFCC
S21402DC3020B91D4BB3F8680006B010BD00230122C0
S21402DC4021464FF6FF700093FFF78AFEFF2806D0A4
S21402DC50164B33F810004FF6FB739842ECD903A824
S21402DC60FEF79EFD58B9BDF80C305B0607D50822B4
S21402DC7021460DF10E00ECF7DFFE0028DCD021462F
S21402DC800B48FFF73DFF40B14FF6FB724FF6FF73AE
S21402DC900088904288BF1846CEE74FF6FF70CBE763
S21402DCA04A6300208E540020245400201459002079
S21402DCB05458002070B5002204464FF6FB760846FC
S21402DCC00A4B1D780A4BD1B28D4201D8002009E0DA
S21402DCD01988B14207D8A14205D10822991CECF74F
S21402DCE0B1FB012070BD0C330132ECE7E56C00207D
S21402DCF05458002037B5014605460E48FFF700FF88
S21402DD00044640B1807A29460DF01DFC80F00100E1
S21402DD10C0B203B030BD03460090012229464FF63A
S21402DD20FF70FFF71DFEFF2816BF034B2046185C48
S21402DD30E9E700BF54580020736200202DE9F34142
S21402DD40224B04461B780F468342154638D9FEF707
S21402DD50C5FCB8BB4FF6FD739D421D4E0ED004EBBC
S21402DD60440326F823504FF6FF739D421FD12046E8
S21402DD70FEF7CCFC002002B0BDE8F0810DF10601F2
S21402DD803846F5F77BFA4FF6FF72BDF8063038468E
S21402DD90934218BF1D460C236343F55206EB030855
S21402DDA0FFF7A8FFB0FA80F0400988F80A000C23B3
S21402DDB003FB0460082239460230ECF743FBD9E73E
S21402DDC02820D8E740F60540D5E700BFE56C0020DE
S21402DDD05458002038B504460D46FFF7BBFC2146D2
S21402DDE00448FFF78DFE00B938BD857221460C3017
S21402DDF0F7E700BF545800200023074A1370074A6B
S21402DE001370074A118801B11380064B1A880AB1AB
S21402DE1000221A80704700BF8E6300208D630020A8
S21402DE20385C0020365C00202DE9F04F4C4C9846BA
S21402DE30238889B005900F4610469DF848A05BB926
S21402DE4052B10DF0E7FF20804FF4FA61454809B061
S21402DE50BDE8F04F0FF0F6BFDFF81C91B9F800509E
S21402DE60002D69D028460FF01DFFC0F34704284650
S21402DE700FF0FCFEDFF804A10294BAF80030DFF8D7
S21402DE8000B10193BBF800300546009300224346DA
S21402DE90012035490EF03DF8ADF81E0010B305EB33
S21402DEA044080124454512D1E4B9BDF81E50CDB14F
S21402DEB02E4B1B782BBB2B4600223946059800F0CA
S21402DEC043FA0023ABF80030AAF800300AE0012338
S21402DED029461A460DF11E00F4F7F6FB02350446F3
S21402DEE00028DFD00023224AA9F800301378013B2D
S21402DEF0DBB21370002BA7D109B0BDE8F04FFFF7D5
S21402DF007BBF0CF097F80146284604F085FC0A21F0
S21402DF108046284604F080FC0646A64202D8FF2C1D
S21402DF20CFD1C8E7284604F10B0104F075FC804502
S21402DF30C1D80134E4B2F0E70E4C237823B910F0CE
S21402DF4065F908B901232370524641460520F5F7C4
S21402DF5057FC0028D0D1207009B0BDE8F08F00BF72
S21402DF60385C0020DC6B0020408204008F630020B7
S21402DF708E6300208D630020365C0020D05B00207C
S21402DF80D25B002030B5154D87B02C889CB923464D
S21402DF904FF4A07248F2380103A80DF0B7FB2146F1
S21402DFA02046F9F7F3FB22460D4B009403A9FFF730
S21402DFB03BFF07B030BD20460BF0D3FE043010F016
S21402DFC017FB03A9044628880EF029F900230093BC
S21402DFD020462A8803A900F065FBEAE7385C0020A1
S21402DFE000F8FF0737B5002001A9F9F7CFFB0D4C63
S21402DFF0014623780C4D7BB10C4B019A1878F9F741
S21402E000DBFB2078F7F716F9002323702B700848FD
S21402E010F4F706FC03B030BD2B78002BF7D0FFF7E1
S21402E020B1FFF4E7916300208E6300209063002026
S21402E030DC6B002008B50548F4F702F90448F4F74B
S21402E040FFF8BDE808400348F4F7FAB8385C002049
S21402E050365C0020345C00202DE9F04F89B08946FA
S21402E0600446CDE905239DF84870139E30B316F892
S21402E07001ABBAF1000F23D00AF1FF34A400E4B2D8
S21402E080314601200AF071FCC00E1BD1DFF838B110
S21402E090314601200AF069FC9BF80050344422798C
S21402E0A0BDB1002F47D180234846CDE90277CDE99E
S21402E0B000773E4A059900F047F93CE08246DFE7E2
S21402E0C05446DDE71B28ECD9314601200AF04DFC08
S21402E0D0E7E7DFF8F880FF2A00EA08080BD1424695
S21402E0E0E379A179607901EB032189B209B0BDE831
S21402E0F0F04FF9F761BB2E4909688B070AD5FE2A4D
S21402E10035D101230135EDB2202D4FEA43030AD162
S21402E110FF250AE0294628460792F9F737FB4845C5
S21402E120BFD1079AEBE79845ECD1224B1B78FF2B21
S21402E13004D0AB4204D009B0BDE8F08FFF2DFAD070
S21402E14029460020F3F774F80028F4D09BF8003034
S21402E1506479002BEFD1FFF74FFE17484FF41051AA
S21402E1600FF070FE154B8BF800501C70E3E7052A83
S21402E17097D8BAF1010F94D8B8F1000F91D0002FBA
S21402E180D9D17379002BD6D00D49098821B9082B2D
S21402E19028BF08230B490B70434648461292DDE916
S21402E1A0051209B0BDE8F04FFFF73EBE40820400FC
S21402E1B0A4460020256D0020DC6B00209063002022
S21402E1C0385C00208E6300209163002000F8FF0771
S21402E1D0014B1880FFF7D6BE365C002037B5184BC9
S21402E1E01B78022B03D01725284603B030BD00212A
S21402E1F00DF10700F4F798FC05460028F3D1114B01
S21402E2001B78013B012B01D90225EDE7F4F7F6FB5B
S21402E2100028F9D009F089FE0446F4F7EFFB0A4B12
S21402E2204FF47A7118700B23B4FBF3F203FB12441B
S21402E2300A34A4B2614305480FF004FED4E700BFD7
S21402E240C7620020C8620020B8620020D0450020C5
S21402E2502DE9F043384B00241E784FF4F813374F5D
S21402E260A5B003933D78ADF81040F7F78FF8BDF9E7
S21402E2700E30ADF81200A342ADF8144006DB304B68
S21402E2801C780134E4B21C7044F080048DF82C40F3
S21402E290A94602244FF000088DF82D60B14529D317
S21402E2A0002221460BA83D708DF82D800BF074FDE0
S21402E2B0E8B1B8F1000F09D000234FF6FC71CDE9A2
S21402E2C0000303AAFF230620FBF7EAFFB5422FD27C
S21402E2D009F02BFE0B23B0FBF3F24FF47A7102FB2C
S21402E2E013000A3080B2414316480FF0ABFD25B04A
S21402E2F0BDE8F083484606A902F004FA98B9512C04
S21402E30011D804F190030DEB0302083406AB013575
S21402E31008F1010803CBE4B242F8640C42F8601C30
S21402E320EDB25FFA88F809F101095FFA89F9B5E7F3
S21402E3300448F4F775FADAE7B8620020B9620020FA
S21402E34093630020D04500200CB42DE9F04F8BB02B
S21402E35014AA0E4652F8041B07460992002940F0FA
S21402E3608F80BDF85400ADF82200002800F0A1808E
S21402E37033794FF6F778002B40F0868047458CBFFE
S21402E3804FF009084FF008084C4B1C78FF2C40F061
S21402E3908380B6F90230002BA9BF494B347A1C7829
S21402E3A00134A2BFE4B21C7044F08004DFF81CB152
S21402E3B02246002104F044FA9BF80030BDF8220001
S21402E3C0002B6CD0DFF808A14FF00009BAF8003035
S21402E3D007930FF067FC0546BDF822000FF046FCD7
S21402E3E0EBB2CDE90193FF23CDE903090093224660
S21402E3F0334639460798FCF7F1F84FF6FF730546A1
S21402E4008BF80090AAF80030382D33D132463946C0
S21402E41040460DF122030AF068FA00284BD04FF668
S21402E420F7739F4226D8B6F902307088002B21DA9D
S21402E43048F204022349244B4FF00008904214BFCE
S21402E440894699460BF02DFE494603468A2201204C
S21402E450CDF800800DF05DFD814658B1224641465A
S21402E46004F0EEF9FF23324639464046CDE90098DD
S21402E470FBF716FF28460BB0BDE8F04F02B0704718
S21402E48001200DF023FD6EE7002347458CBF4FF0B9
S21402E49006089846337177E7FF221A7086E7CDE9B9
S21402E4A000033246FF2339464046FBF7F9FE05468F
S21402E4B0AAE71925DEE70546DCE700BF276D002040
S21402E4C09363002051820400468204009263002077
S21402E4D03A5C002070B54FF4003300240546164619
S21402E4E088B0ADF81A100DF10F0204A90593ADF825
S21402E4F01840ADF81C4004948DF80F400AF0CCF991
S21402E5009DF80F3028460193049B044A009305A900
S21402E5103346FFF719FF08B070BD00BF4A820400F9
S21402E52030B54FF48035002487B00395BDF82850E7
S21402E530CDE900128DF81030074A034603A9BDF84C
S21402E5402C008DF81140ADF81250ADF81440FFF7CC
S21402E550FBFE07B030BD00BF56820400B1F1006F6B
S21402E5602DE9F04314462CBF392238228BB01D46C3
S21402E5704FF00003ADF81E204FF480022CBF4FF080
S21402E58001099946FF2C0646ADF81C300892ADF8F4
S21402E59024304FEA11471FFA81F80FD10CF017F911
S21402E5A0B9F1000F19D1154ACDE9020543463046A6
S21402E5B0CDE9007407A9FFF7C7FE1AE0FE2C0AD1C0
S21402E5C00CF005F90130C0B20CF00CF9B9F1000FED
S21402E5D012D00B4A02E0E8B2F8E70A4ACDE9030590
S21402E5E001233046CDE90174CDF8008007A9FFF774
S21402E5F0ABFE0BB0BDE8F083034AD5E74E820400BB
S21402E600548204004D820400558204004FF498128E
S21402E6104FF0806310B586B0CDE903230023ADF832
S21402E62014300BF03EFD0446F6F7B0FE054B0190A3
S21402E6300093054A234603A94FF6FD70FFF784FEB2
S21402E64006B010BD4A6300205A82040008B5064B85
S21402E6501B78022B02D0043B012B03D8FFF7D6FF10
S21402E660002008BD0220FCE7C762002030B5002467
S21402E6704FF4806587B0CDE900128DF81030084A55
S21402E680034603A94FF6FD708DF811400394ADF8CA
S21402E6901250ADF81440FFF757FE07B030BD00BF6A
S21402E6A05E8204002DE9F04F9BB00E4605460EA989
S21402E6B01046CDE90A329DF890700CF07FFFBDF847
S21402E6C038A0804650460FF0EDFAB6F902300446FE
S21402E6D0002BB6F80690B6F802B004DA0022B24B67
S21402E6E01A70002049E050460FF0DCFA4045F5D398
S21402E6F0A4EB0804E3B2002F18BF4FF4A079152B41
S21402E700099328BF15230024013308F1FF3251462E
S21402E710DBB292B2009414A810F06BF86FEA4B4387
S21402E7206FEA5343A1499DF8502008684968ADF83E
S21402E73046300FAB03C3ADF84840ADF84440ADF8E1
S21402E7404A90ADF84C20BBF1000F24D10DF15100D8
S21402E750F4F742FEA0B10BF0A4FC5C4606460DF1AF
S21402E760590A0DF151030A9A9AF80080012A2DD10E
S21402E77057B384F0010404F001001BB0BDE8F08F2B
S21402E7800DF1510001F0B4FB4FF6FF74011B4C4231
S21402E79006464C41E3E7BBF1010F40F09480BDF81A
S21402E7A051600BF07EFC86420AD030460FA90CF070
S21402E7B0DBFF80F00104E4B20DF1530A0FABD2E79F
S21402E7C07B4B0DF1530ACEE70A9CD4E797B3002C95
S21402E7D075D1B8F1010F72D837D10BF062FC0BF08D
S21402E7E060FC224606469AF80170714B0021012011
S21402E7F0CDE9006102976F490DF08BFBADF83A0048
S21402E80000285CD0002C53D1B8F1010F50D1264617
S21402E810DFF8B8A19AF800305FFA84F8434538D991
S21402E82040460FF09BFCC20702D5BFB1013FFFB2C4
S21402E8300134EFE7B8F1010F05D1002CCDD08122CB
S21402E8409AF80170D2E7002CF9D1B8F1010F94BF03
S21402E850002201229AF80170D201C7E7404601F071
S21402E86017FB0123ADF8340002220DA90DF13A0080
S21402E870F3F72AFF18BBBDF83A000FF013FA8046EA
S21402E88048460CF00DFD08F1010801368045F6B247
S21402E890CEDBB6B132460C21BDF83A0003F0D0FF0B
S21402E8A000222846BDF83A3011A9FFF74DFD06E0D2
S21402E8B00C210DF13A000DF094FA0028F0D0012058
S21402E8C05BE70D21F5E70A9B002B7FF40AAF7388FE
S21402E8D0342B57D1099B092B7FF403AF002F7FF40B
S21402E8E000AF9DF959603A46B41008210DF1510067
S21402E8F004F020040BF067FBD0B12F4B1B78012BE2
S21402E9003FF4EFAE022B27D12C4B1B6813F0807F0F
S21402E91025D12A4B1B685B0201D5002E30DA002374
S21402E9202846274A11A9FFF70FFD264B1C70D8E68A
S21402E9300DF15100F4F750FD0028DED10DF1510023
S21402E94001F0D6FA4FF6FF73984208D02146F8F740
S21402E9509FFE034618B903E0033B012B06D9C823E2
S21402E9602846174A11A9FFF7EFFCBAE6164BB3F88A
S21402E9706830AB42CDD0114B1B6813F0805FC7E7FF
S21402E9808D23EDE7099BCDE9059204930DF1510322
S21402E990CDE9028331462846CDE9007A0B9B11AABF
S21402E9A000F058F89DE600BF86630020940B040032
S21402E9B04A63002062820400C8620020A446002047
S21402E9C044390400266D002024540020F26C0020F6
S21402E9D0024B187840F08000704700BF9363002017
S21402E9E038B50A4B05461C7824B10BF05AFBB0FA30
S21402E9F080F46409F8F72AFF08B144F04004E8F707
S21402EA004DFC44EA4020284038BD00BFC3620020C7
S21402EA10014B188000207047A26C00204FF6FF7151
S21402EA20034602881B798A4217BF074901200A80DB
S21402EA3041881EBF054A00201180FF2B1EBF044AD4
S21402EA4000201370704700BF9E6C00209C6C002054
S21402EA50946300202DE9F04FB7B09946BDF8043113
S21402EA60439C0D939DF8083183460E93BDF81431EE
S21402EA7020460F939DF81831B1F802A00F46904633
S21402EA809DF8005110930FF0B3FDBAF1110F064630
S21402EA9000F28A800BF005FBB04200F08F80BAF1DC
S21402EAA0060F19D14FF6FD739E423ED0DDB9BC4B20
S21402EAB01B78033B012B36D930460FF0F7FAFF28B6
S21402EAC014BF8923812300224146CDE900625846BD
S21402EAD0B44AFFF739FC06E02DB9BAF1030F08D89D
S21402EAE0BAF1010F0AD80022AF4B1A7037B0BDE850
S21402EAF0F08FAAF10403022BF5D8D8E7A84B1B78AF
S21402EB00033B012B0DD930460FF0D0FAFF2814BF75
S21402EB108923812341465846A44A0096FFF714FCEF
S21402EB20E1E78023F6E78023CDE7A14B1B78590760
S21402EB304CD40BF0B6FA0026034632460120994919
S21402EB4000960DF0E6F92379ADF86C000F930028D5
S21402EB50CCD0DDE90E320D9803EB42090FF0A2F895
S21402EB605FFA89F909F10507FFB28742BED2394634
S21402EB700D9803F051FE109007EB40070D980FF02A
S21402EB8091F88742B2DADDE90F321343DBB2002B8B
S21402EB9040F03282002DA9D12F463A460421BDF814
S21402EBA06C0003F04DFE76E1814BBAF13A0F1B780A
S21402EBB011D948F23B039A4508D014E07C4B1B78E7
S21402EBC05A070BD5AAF10403022B07D8FB8843F495
S21402EBD08043FB808AE7BAF11B0F1ED8AAF1020314
S21402EBE09AB2132A5ED9109B494602930F9B50464F
S21402EBF0CDE900530E9A5B4609F05BFE0F287FF4C0
S21402EC0075AF0122684B1A70694B1B789B0740F15F
S21402EC10D982002D7FF46AAFD8E7AAF11C021E2A19
S21402EC20E1D801A151F822F04DF40200E7EB020010
S21402EC30E7EB02006DF00200E7EB02004DF1020086
S21402EC404DF10200E7EB0200E7EB0200E7EB020001
S21402EC50E7EB0200E7EB0200E7EB0200E7EB02005D
S21402EC60E7EB0200E7EB0200E7EB0200E7EB02004D
S21402EC70E7EB0200E7EB0200E7EB02007DF10200A1
S21402EC807DF10200E9F30200E7EB0200E7EB020087
S21402EC9003F40200E7EB02009DF40200B3F4020064
S21402ECA0C1F40200132B9ED801A252F823F000BF33
S21402ECB001ED0200C9ED0200E7ED0200C5EE02001A
S21402ECC033EB0200E7EB0200E7EB0200E7EB0200A1
S21402ECD0E7EB0200E7EB0200E7EB0200E7EB0200DD
S21402ECE0E7EB0200E7EB0200E7EB0200E7EB0200CD
S21402ECF0E7EB020007F00200E7EB020079F40200FD
S21402ED0000241BAB5A4648460E9900931DAB1D9431
S21402ED108DF86C4009F0C1FD0BF0C3F9204B054697
S21402ED201B78012B03D0022B14BF02240124E8F720
S21402ED30B5FA162894BF0020012044EA4014F6F7DC
S21402ED4025FB1C4B0646B3F800A0FBF79FFA1A4BAE
S21402ED5007464FF6FF70B3F80090FFF741FE174BD9
S21402ED609DF86C201988124B1B7813F002031CBF07
S21402ED70134B1B780B921D9ACDE90701CDE9093298
S21402ED8040234146CDE9014358460023CDE90579A3
S21402ED90CDE9036A0B4A0095FFF7D6FAA6E600BF4E
S21402EDA0C862002046820400866300205182040066
S21402EDB068620020A26C00209E6C00209C6C0020E2
S21402EDC094630020688204000BF06BF9A34BA44AFC
S21402EDD01B88CDE9400300234146584637B0BDE8BC
S21402EDE0F04FFFF7B1BAA4781DA9631EDBB2EF2B72
S21402EDF0204610D9F22C0ED008F049F882240BF0E7
S21402EE0050F900234146CDE90003964A2346584668
S21402EE10FFF79AFA6AE608F03AF8002850D00BF0A4
S21402EE2040F99DF878209DF87A100492BDF8762075
S21402EE3049000392BDF87420C9B2CDE901429DF89B
S21402EE40792003465200D2B208320A4400920120C8
S21402EE50002285490DF05DF89DF87930ADF86C001A
S21402EE608DF8673000283FF441AE002601230DF1ED
S21402EE7067011A461BA8F3F727FC054600287FF40D
S21402EE8035AE9DF86730EAB2934209D89DF87A30DB
S21402EE908DF8673016B1BDF86C3033E00126E5E731
S21402EEA03146204607F0F5FF0123ADF8680002223E
S21402EEB01AA91BA8F3F708FC01350028E1D015E6CD
S21402EEC083249CE70BF0EDF8044608F001F823468D
S21402EED000900022012063490DF01BF800283FF441
S21402EEE005AE00252C46ADF8740007F0F1FFEEB231
S21402EEF0B0420DD822460421BDF8740003F0A0FCEF
S21402EF00BDF87430002241465846FFF71DFAEDE57B
S21402EF10304607F0BAFFFF288DF86C000AD00123AE
S21402EF2001341A461BA91DA8E4B2F3F7CDFB00284C
S21402EF307FF4DCAD0135D8E75046B4F8029007F00E
S21402EF40A4FFFF288DF8680000F0CF821DA907F005
S21402EF509EFFBDF874304B4507D04FF6FF729145C1
S21402EF6040F0C3821B0400F1C0829DF879301293F0
S21402EF700E9B0533DBB213930F9B1493002311935E
S21402EF804FF000094B4613E017934900139BC9B292
S21402EF9019440D9889B20CF05FFF4FF0000A179BD8
S21402EFA0159012995FFA8AF28A4217D309F101097B
S21402EFB0149A5FFA89F19142E6D39DF87A2012926A
S21402EFC0169A1392002B40F08582119B002B40F07C
S21402EFD08C8201231193109B1493D1E711999DF80B
S21402EFE06800179307F055FF159A179B0AF1010A56
S21402EFF0824208BF0123D4E709F106095FFA89F3C2
S21402F0003746169372E2A71C39463046A57A08F0B0
S21402F010A4FF012239463046FAF7D4FB30460CF0FC
S21402F020F9FC384600F064FF2288824207D04FF689
S21402F030FF72904203D00FF039F80CF02BFC85F0EB
S21402F0400804C4F3C00421463846FEF7C3FE214630
S21402F050384637B0BDE8F04F09F058BCA06C002027
S21402F060758204004682040079820400AD4B1B7848
S21402F070033B012B7FF63AAD0BF013F858453FF4ED
S21402F08035AD08F052FF0B23B0FBF3F24FF47A7162
S21402F09002FB13000A3080B24143A3480EF0D2FEB0
S21402F0A0F3F7ACFC00283FF421AD012300221846FA
S21402F0B09E4994F800A00CF02CFFADF868000028DA
S21402F0C03FF414AD0026354634460E9B1BAF013383
S21402F0D00E93F2B2524514D3002C3FF407AD01232F
S21402F0E02A461DA91AA8F3F7EFFA00287FF4FEAC09
S21402F0F022460221BDF8680003F0A2FBBDF8683084
S21402F10000E74FF000090E99D200D2B20A44082353
S21402F1100D993846CDF800900FF06BFB39464846FD
S21402F1200EF094FFFF280FD0814B1B5C0F2B0BD9E0
S21402F13097E8030005F1D8036B44643B83E80300B9
S21402F14008350134EDB2E4B20136C2E7002D7FF491
S21402F150CDAC18073FF53AAD5346224641465846CF
S21402F16003F066FE00287FF4C1AC8423414658466D
S21402F170704A37B0BDE8F04FFFF7E6B823780F982D
S21402F18010930CF08DF800210646584604F0BAF9A2
S21402F190644BBAF1310F1B780746A3F103030BD178
S21402F1A0012B13D9644B654A1B7812781344DBB2E1
S21402F1B00D9316230E930DE0012B03D9604B1B789B
S21402F1C00D9353BB002D7FF491ACCEE7012316219D
S21402F1D0CDE90D310024109B2246009301202346E0
S21402F1E0584901940CF095FE00283FF47FACF61BBC
S21402F1F0F3B22646544FDFF85C911193ADF86C00DB
S21402F2000F940D9BE5B2AB4209D832460221BDF8F7
S21402F2106C0003F015FB0F9AC0E40523CAE716221A
S21402F22000211DA8EBF7BCF8BAF1320F3DD13B79AD
S21402F23003F00302032A21D18DF87620109B0136B3
S21402F240F6B2B34215D2BDF86C000EF02BFD0E9B43
S21402F2501844119B98420CDC01230E9A1DA91BA888
S21402F260F3F732FA00287FF441AC0F9B0133DBB28E
S21402F2700F930134083709F11209C2E7B979002958
S21402F280DCD13249C3F3C203CB5C1DA8012A08BFF6
S21402F29043F0010339888DF876300FF0ABF97988A0
S21402F2A00DF177000FF0A6F9C8E71DA80BF011FACA
S21402F2B04FF0FF33CDE91F331F4B1B78AB4261D9AA
S21402F2C099F804306F2BD4D828461FA9F4F7D0FF3C
S21402F2D00028CED01E4BB9F80020B3F8683092B999
S21402F2E0003B18BF01235B0143F004038DF8863010
S21402F2F002238DF88730B9F802301B0A11468DF8C2
S21402F300893021A8CEE79B1A18BF01235B0143F080
S21402F31005038DF8863002238DF887300F238DF88B
S21402F3208830E8E7C8620020D045002083820400C7
S21402F3306C62002044390400C1620020C0620020D2
S21402F340F06C002081820400265B0020D0CE0400F0
S21402F35024540020AC5900200132D2B2551EEDB220
S21402F3602846139312920EF0F9FEDDE9122310F0EE
S21402F370010FF1D063490978611A994205D0013329
S21402F380DBB2E9E701220023E8E75F4B1FA9187802
S21402F3902844C0B2F4F76CFF00283FF46AAF284650
S21402F3A000F076FD129028460EF0D8FE10F0010FFF
S21402F3B0129A0FD116238DF88630544B1B780133E0
S21402F3C0DBB20F2B28BF0F238DF88830504B33F853
S21402F3D0153092E7284612920EF0C0FE10F0020F89
S21402F3E0129AE7D11223E6E71A073FF5EFAB234658
S21402F3F05A4641460F9803F073FD00287FF476AB19
S21402F400E0E695B1434B1B78033B012B7FF66EABD0
S21402F4100AF047FE18B9BBF1000F7FF467AB2078FD
S21402F42037B0BDE8F04FF5F721BE0AF03AFE20B13C
S21402F430384B1B78033B012B01D8802396E62B46DC
S21402F44041465846344AFEF77FFFE8E70AF029FEAF
S21402F450B0427FF44BABA01CF3F7BEFF00283FF48C
S21402F46045AB0AF01EFE04460AF01BFE2B4B2C4A46
S21402F470CDE940032346AFE420460FF0B9F8FFF784
S21402F480AFFA00283FF432AB40900023414658467C
S21402F490244A37B0BDE8F04FFEF756BF4B46424609
S21402F4A059460020CDE9405437B0BDE8F04FFEF78C
S21402F4B0D3BD4B46424659460120CDE94054F3E7B8
S21402F4C02B464A4641465846409437B0BDE8F04F70
S21402F4D009F021BA01231AA91A461BA8F3F7F4F871
S21402F4E000287FF403AB0137FFB2013607F0F0FCC9
S21402F4F05FFA86FA50453FF61FAD002F3FF44AAB3F
S21402F500FFF74BBBC1620020EB6C00207B63002040
S21402F510AE5B0020C8620020443904004A63002023
S21402F5208682040051820400F8B5164B04461D88F4
S21402F530154B20F8025B196879B10822EAF782FFB8
S21402F540124B0C201B78124EA372124B1978002312
S21402F550DAB2914205D8FF2209E0C4F802104160EF
S21402F560EEE7013300FB03F7F75BAF42F0D10A4B3D
S21402F570E2721B782373094B1B786373084B1B6874
S21402F5802361F8BD485C00204055002095630020AA
S21402F59048580020E56C0020776300207663002040
S21402F5A02C550020F0B589B006460C4615460CF0E0
S21402F5B025FE0DF10A02014630460CF0B7FC144F48
S21402F5C00346F0B901223A702288BDF80A102AB121
S21402F5D002460090072006F02CFC90B103A8FFF725
S21402F5E0A3FFBDF80A000EF05DFB0646BDF80A0052
S21402F5F00EF03CFB21460090F3B2284603AA08F020
S21402F600DEFC0023034A3B70136009B0F0BD00BF66
S21402F610966300204055002073B5ADF806000DF144
S21402F62006000AF0CBFB014608B102B070BD0DF130
S21402F63006000AF00CFC04460EF018FBC67A002EF2
S21402F640EDD120460CF0A1F8FF28E8D00EF06EFDB2
S21402F650054BD3F88850002DE1D03346224641218F
S21402F6603046A847DBE700BF2454002073B50022CB
S21402F67000210C2000F0C2FC002119480FF01CF8F3
S21402F68001250446164E84B120460CF07EF8FF286B
S21402F69005D1214630460FF033F80446F3E704223C
S21402F6A00023009500F07EFCF3E721460D480FF09C
S21402F6B003F8012504460B4E0CB902B070BD204675
S21402F6C00CF063F8FF2804D008220023009500F00F
S21402F6D069FC214630460FF013F80446ECE700BFFB
S21402F6E04C5C00204E5C00202DE9F84F10460E467A
S21402F6F0174699460AF043FA254A264B0021B0F5EA
S21402F700006F14BF9046984640460EF0D5FF4FF065
S21402F710000A0446DFF880B00CB9BDE8F88FBC4298
S21402F72028D120460EF0A2FA857A80F80BA0013D79
S21402F730EDB2857216B13F2E00D02DBB0EF088FDBD
S21402F740054620460AF01BFAB0F5006F4FF000029D
S21402F750214615D10F480AF099FBFFF787FF284686
S21402F7600EF071FDDBF8885025B14B463A4631461D
S21402F7700020A847214640460EF0C2FF0446CBE7CB
S21402F78003480AF083FBEAE7FFF770FFF2E700BFE1
S21402F7904E5C00204C5C00202454002000232DE9FF
S21402F7A0F34706460F464FF6FF78284CDFF8A09040
S21402F7B0ADF8063020460AF001FB054648B9294650
S21402F7C020460EF079FF82460EF050FA0389B342C5
S21402F7D017D94C4501D1FFF749FF002120460EF00C
S21402F7E06BFF054607F1FF3A5FFA8AFAD5B94C4530
S21402F7F016D1BDF80600FFF70FFF404602B0BDE87F
S21402F800F0877B1EDBB2FD2BD4D9294620460AF0B0
S21402F8101EFB2A4651460DF106000EF053FFC9E7BD
S21402F8204C46C7E7BAF1FD0F09D928460EF01EFA74
S21402F83003899B1B9BB2984528BF9846038129469D
S21402F84020460EF05DFF0546D0E700BF4E5C002066
S21402F8504C5C002008B50EF0E1FD0B4AFF21138830
S21402F8601080C31A98B2FFF799FF4FF6FF7301464E
S21402F8709942064803D1BDE80840F2F7D1BFBDE879
S21402F88008400EF0DFBA00BF505C0020FC6B002080
S21402F890174B00282DE9F041164D18BF1D460F469E
S21402F8A028464FF000010CBF4FF008084FF0020840
S21402F8B00EF002FF044610B92046BDE8F08120464D
S21402F8C00EF0D4F9C37A064623B1214628460EF036
S21402F8D017FFEFE720460AF081F94246014638460E
S21402F8E0EBF7AAF80028F0D1B378002BEDD1E3E7C6
S21402F8F04C5C00204E5C0020014B1860704700BF35
S21402F9004455002010B504460548F2F789FF002347
S21402F910044A1380044A1380044B1C8010BD00BFA7
S21402F920FC6B00204E5C00204C5C00204A5C0020F1
S21402F93008B50448F2F784FCBDE808400248F2F72E
S21402F9407FBC00BF4E5C00204C5C00202DE9F341DA
S21402F950044688460EF062FD324B074620461E8855
S21402F9600BF013FF054620460AF009F9B0F5006FC2
S21402F97032D1FF2D06D0012304220093284600230D
S21402F98000F010FBB8F1000F1DD10EF061FC21460D
S21402F990054625480AF017FA28460EF054FC234876
S21402F9A00EF0B8FE224BA8B31988711A17FA81F026
S21402F9B086B220460EF05AF903230681837200208F
S21402F9C002B0BDE8F0810EF043FC00222146054657
S21402F9D015480EF077FEDFE716480AF026FA0428E6
S21402F9E01ED8FF2D06D001230822009328460023A6
S21402F9F000F0D8FAB8F1000F05D10EF029FC214626
S21402FA0005460C48C6E70EF023FC002205462146B2
S21402FA100848DEE7314605481F800EF013FAC8E7AD
S21402FA201C20CDE74A5C00204C5C0020FC6B0020CA
S21402FA30505C00204E5C00202DE9FF4708460C462D
S21402FA400AF082F800F4805820460AF003F90546C8
S21402FA5020460AF0D6F8B0F5404F1BD1B8F1000F99
S21402FA6014D029460020FFF713FF054670B10EF0AA
S21402FA70FDF80023404A81780446009218462A463A
S21402FA800193F1F7A5FF08B90123E372012004B040
S21402FA90BDE8F08728460EF0ABFD81460EF006FB69
S21402FAA0FF28074637D00125A0F12006C0F1200323
S21402FAB0324925FA03F305FA06F61E438540D1E9D4
S21402FAC000232A433343C1E900230EF009FB044610
S21402FAD038B138460EF042FB10F00C0F14BF01246A
S21402FAE00024B8F1000FD1D04FF0000A03A901207C
S21402FAF0ADF80C90FFF7CCFE81460EF0B7F88046C4
S21402FB00B9F1000F1ED1BAF1000F14D1FF2FBDD0EC
S21402FB10002CBBD128E01A4B1B684BB148469847CD
S21402FB20044628B1B8F1000FB0D000252E46DBE718
S21402FB30B8F1000F01D10020A9E7002501242E46C6
S21402FB40A246D3E774B100230B4A81780092184686
S21402FB504A460193F1F73CFF002897D1012388F823
S21402FB600B3093E7FF2F91D0064BD3E900122943BF
S21402FB703243C3E9001289E7E9F602006016002064
S21402FB80445500205816002038B5044609F0F7FF01
S21402FB90054620460AF022F8A5F50063044601460B
S21402FBA058425841FFF774FEB0B9B5F5006F01D060
S21402FBB0002038BD20460EF01BFD0EF077FAFF2817
S21402FBC0F6D0064B00B21B6833F8100000F4E26071
S21402FBD0003818BF0120ECE70120EAE7485500206C
S21402FBE02DE9F7434FF000090746ADF804900EF0F2
S21402FBF0B5FA10F00C0F29D04FF00208154D2B88DD
S21402FC00A5F80090ADF806300DF106000AF0D6F819
S21402FC10044630B1B8F1010F14D04FF001080E4D72
S21402FC20EDE721460DF106000AF011F906460BF043
S21402FC30ACFDB8422246314614BF284601A80EF053
S21402FC4041FDE1E7BDF80400FFF7E6FC03B0BDE8BE
S21402FC50F08300BF4E5C00204C5C00202DE9F04F84
S21402FC60DFF8208185B0D8E9003213437CD105B095
S21402FC70BDE8F08F02EA040103EA0700014327D039
S21402FC8022EA040223EA0703C8E90023DAE900238A
S21402FC9004EA020507EA030C55EA0C056FEA0400BB
S21402FCA06FEA070124D130460EF058FAC2070FD584
S21402FCB030460EF03BFADBF89C30002B45D11D4651
S21402FCC0304600F0E5F8DBF884300BB12946984759
S21402FCD024197F4109F10109284B5FFA89F61B783E
S21402FCE0B342C4D9D8E9002352EA0301C2D1BEE71F
S21402FCF002400B403046CAE900230EF02FFAC30733
S21402FD00E6D51F4B30461B6833F8163003F488736B
S21402FD10102B10D00EF00AFADBF89C3013BB1D46EF
S21402FD200123102200933046002300F03BF9002006
S21402FD30F1F7BCFDC4E70EF0F9F9DBF89C300125BB
S21402FD40002BBDD00122039502E000252A4603952A
S21402FD500392002130469847039A002AB0D0002D1D
S21402FD60AED1DDE70025EDE74FF0000901244F464E
S21402FD70DFF814A0DFF814B0AEE700BF286D00204D
S21402FD8048550020601600205816002024540020F3
S21402FD90F8B50346084613B309B3402A1FD81149DB
S21402FDA000260B6010490027086010494FF0FF3507
S21402FDB00A7000210C460433914205DB00215200F2
S21402FDC0EAF7EEFA0020F8BDC3E9036703F8044C2D
S21402FDD023F8024C1D605D6001311833ECE72120E8
S21402FDE0F1E700BF4C55002048550020286D002042
S21402FDF0F0B5144CDDE905672568EDB1F0B9124897
S21402FE00007888421AD901EB41014FEAC10C05EB92
S21402FE10C10415F8311011B92169C90710D40020A0
S21402FE2005F80C0062801A6846F0010662605A689D
S21402FE30C4E90467A260F0BD0220FCE72120FAE7CD
S21402FE402E20F8E74C550020286D00200E4B30B5CA
S21402FE501A68A2B10D4B1B78834212D900EB400000
S21402FE6002EBC003C100002400200025C3E90445BC
S21402FE7050544FF0FF3258805A609A6030BD0220CC
S21402FE80FCE72120FAE700BF4C550020286D002031
S21402FE90094B1B6863B1094A1278824208D900EB03
S21402FEA0400003EBC0031A69D20701D55888704791
S21402FEB04FF6FF70704700BF4C550020286D00209B
S21402FEC0094A0346106870B1084A12789A4209D95C
S21402FED003EB430300EBC303186910F0010002D0E2
S21402FEE0181D7047002070474C550020286D0020D2
S21402FEF0F8B50E4B05461C6834B128B100260C4BEB
S21402FF001F78F3B29F4202D84FF6FF7009E008222C
S21402FF102946201DEAF790FD20B92369DB0701D5A3
S21402FF206088F8BD01361834EBE700BF4C55002058
S21402FF30286D00200C4B1B689BB14FF6F77291425E
S21402FF400DD80A4A1278824209D900EB400003EB28
S21402FF50C0031A69D20704D50020598070472120B1
S21402FF6070470220704700BF4C550020286D0020C5
S21402FF700A4A0346106878B1094A12789A420AD9A0
S21402FF8003EB430300EBC300036913F0010003D045
S21402FF90C3F3001070470020704700BF4C55002086
S21402FFA0286D002070B51C46124B9DF8106019682B
S21402FFB0D1B1114B1B78834218D900EB4000551E75
S21402FFC001EBC0012543D1E9040301D0C5070FD5D3
S21402FFD02EB110432343C1E90403002070BD20EA7A
S21402FFE0020023EA0403F6E70220F7E72120F5E7FA
S21402FFF02D20F3E74C550020286D0020134BF0B55A
S2140300001B6803B300266FEA000C6FEA010E104C60
S2140300102778F4B2A74201D80020F0BDD3E90445FF
S21403002014F0010F07D014F0020F04D132B10443C9
S2140300300D43C3E9044501361833EAE70CEA040422
S2140300400EEA0505F5E70220E7E700BF4C5500205A
S214030050286D00200B4B70B51B682BB100240A4A91
S2140300601678E2B2964201D8002070BDD3E9042583
S21403007002400D402A4304F1010403F11803F0D0B3
S2140300800120F2E74C550020286D00202DE9F047AB
S2140300900026FF27B246164DDFF8588098F8003042
S2140300A05FFA86F94B4502D83846BDE8F0872B79C8
S2140300B02F2B0FD928460AF023FA2B796C7903F0F5
S2140300C0070304F0030483422CBFE4182418E4B2A5
S2140300D0A24506D95446B946A2464F4612350136BE
S2140300E0DCE7288801F0A6F80028F3D1F4E700BF80
S2140300F0AC590020C16200202DE9F04F89B081463B
S21403010009F092FD029048460BF083FF0024411C41
S214030110054689B2484602F07FFBA246A346A046A0
S214030120274600F01F00023500EB4000EAB27D4E82
S21403013050FA85F5EDB2AA4274D9DFF8FCA19AF815
S214030140003033B1A400E4B2B4FBF3F4042C08BFCC
S21403015003240298F3F7C4FD054600283CD1FFF7B5
S21403016095FFFF285BD0704B05B2049018780AF011
S214030170AEF987422CBFE1192118002F14BF0123C3
S2140301800223684E05EBC50506EB450553FA81F3D6
S214030190284603930AF0B4F995F804C06B790CF07B
S2140301A0070103F0030388422CBF1B185B18039A4E
S2140301B0DBB29A4233DA049A2FB921B19AF80030A7
S2140301C0033B5B452BDC104602990AF041F905B266
S2140301D005EBC50506EB45052B791E09002F00F038
S2140301E08180394628460AF0B5F9032128460AF0E5
S2140301F0B7F9B8F1000F09D1002E40F0868007F05A
S21403020094FEC0F30B0149480DF01CFE6B7948467B
S21403021023F003031C446C7109F09BFCA87309B01C
S214030220BDE8F08F50D0424B49461B8807A8ADF86F
S2140302301C304FF000038DF81E3000230093032379
S21403024003920EF0D6FA9DF81E30BDF81C101B095B
S214030250039A18BF08F10108CDE9041318BF5FFA23
S21403026088F8039209F01DFF0499039A8842059BB8
S21403027003D19DF81E7007F00F072E4890F800C0B4
S21403028016E016F80E0C10F0070003D00BF1010B66
S2140302905FFA8BFBAA4207D036F812EC8E4503D1E1
S2140302A013B108B10134E4B20AF1010A5FFA8AFA1B
S2140302B0AA4206F112060BD1D4450FD916F80E0C36
S2140302C010F00700E2D1EFE700234FF6FF71D4E703
S2140302D036F8120C884201D8D445D2D80332123EDF
S2140302E0D2B228E7022E14D95B0707D03946284630
S2140302F00AF036F9B8F1000F81D087E703212846C4
S2140303000AF02EF9B8F1000F80D1062E3FF677AF2C
S2140303107CE7314628460AF023F958EA06063FF4F6
S2140303206EAF73E7AC5900207763002010460020B9
S214030330D8CE0400C1620020EB6C00202DE9F04308
S2140303400823002485B08DF80830064602230121D1
S2140303504FF6FC70CDE9004402AA0BF036FEADF86A
S2140303600A00D8B12746DFF8A080DFF8A09099F8F6
S2140303700020E3B29A4224D8BDF80A4020460BF088
S21403038048FE411C47F06002204689B202F058FA44
S2140303900022BDF80A001146F4F736FA07F0C5FD49
S2140303A0184AC0F30B01137801F55A51013113B102
S2140303B0013B89081370304605B0BDE8F0430DF0E5
S2140303C041BD18F80E5C6F2D17D8404630F8123D25
S2140303D02D01ADF80C300AF093F805F070052844AB
S2140303E08DF80E000123032203A90DF10A00F2F78C
S2140303F06BF90028D2D10137FFB2013408F1120895
S214030400B5E700BFBD620020BE590020C1620020D0
S21403041010B5054C2046F2F703FA2046BDE8104017
S21403042000210DF00FBD00BF104600202DE9F0435C
S2140304302A4D87B0F6F7F8FB2A7829492948FFF7AB
S214030440A7FC09212A782848E9F7AAFF0026244FA3
S214030450DFF89C80DFF89C902B78F4B2A34202D896
S21403046007B0BDE8F08304F582300B2203A900F53C
S214030470C070DBF729FE4FF6F670BDF814209DF822
S2140304801630511E89B2814215D80020C3F3C0032B
S214030490DB1840EB0001CDE90031214603ABFFF743
S2140304A0A7FC0028DCD14FF4805327F8143048F813
S2140304B0240029F8140004F5833001220DF10A0103
S2140304C000F58070DBF700FEBDF80A20064B013608
S2140304D01A558022054B1A55BEE700BFF26C002062
S2140304E0BC5B0020801300206C620020AE620020FC
S2140304F0B4440020AE5B002010B50A4B1C780DF008
S214030500D5FDFF280DD0012C38BF0124064A23024F
S21403051032F8101019B101EB1313A3EB111322F8E1
S214030520103010BD77630020AE5B00202DE9F04746
S214030530002506460F46AA46DFF84490DFF84480B7
S21403054099F80030ECB2A34202D85046BDE8F087D3
S21403055020460DF003FEC2070CD520460DF0FEFD27
S214030560830707D438F8143037B133434FF0010A02
S21403057028F814300135E3E723EA0603F6E700BF5D
S214030580F26C0020BC5B002010B5084B084A1C78B0
S2140305900023D9B28C4201D8002010BD32F8021BCA
S2140305A0013330EA0101F4D10120F6E7F26C0020B2
S2140305B0BC5B0020F0B50C464FF6F77187B08A4255
S2140305C086461D469DF8306002D9002007B0F0BD70
S2140305D0596818680DF10C0CACE803002C49ADF80B
S2140305E014200978A142F0D900218DF81660B610C0
S2140305F006F002060191704621460096FFF7F8FBC7
S2140306000028E2D1234B244A43F824009DF83830CF
S214030610224E1B0222F814304FF4A04304F5823016
S2140306200B2226F8143003A900F5C070DBF778FD1B
S2140306309DF834301A4913F0040F17BF0123194BE2
S2140306400B5536F814300CBF1B7843F0080304F53B
S21403065083300CBF0B5526F814300122214400F5D5
S2140306608070DBF75DFD00210F4B104A1B78284690
S214030670234442F82310E7F713F80D4B1855284682
S21403068007F09EFD0B4A01201378013313709DE794
S214030690F26C0020B4440020AE5B0020BC5B00205C
S2140306A06C620020DB6C0020EB6C0020E043002033
S2140306B0AE620020C0620020054B1B78834206D939
S2140306C00021044B044A1B78034442F82310704766
S2140306D0F26C0020EB6C0020E0430020074B084A36
S2140306E018780023D9B2884200D87047118801339E
S2140306F021F4805122F8021BF4E700BFF26C0020BD
S214030700BC5B002030B585B004460D46E6F7C0FD59
S214030710A04202D8172005B030BD20460DF01EFDBE
S214030720C007F7D504F582300B2201A900F5C07087
S214030730DBF7CAFC9DF80E2001AB03CB696091077B
S214030740286030D412F0080F0CBF042303232B7247
S2140307502046FFF79DFB154B68811B5D20466B7398
S2140307600DF0E4FC124A2873135D4FF47A7103F01C
S2140307700F03AB73135D002013F00F031FBF03F1CA
S214030780FF32022393403C2218BF5343094A08BF53
S2140307900A2352F82420B2FBF1F29A422CBF00231C
S2140307A09B1A2B61B7E70223D1E700BFAE62002096
S2140307B06C620020B4440020F8B51F4E044633781C
S2140307C0834237D0FFF764FB4FF6FF77B84231D04A
S2140307D020463470FFF704FA2046FFF759FB054618
S2140307E009F05FFC012301461A4628460BF0AAFDD2
S2140307F02046FFF72BFB0546E0B9104A1378013B6A
S2140308001370F4F7B5FB294620460BF022F8802236
S2140308100B4B204623F814500A4B1A550A4B23F861
S214030820145009F0C9FB2A46394611200DF0A9FEDB
S214030830FF233370F8BD00BF296D0020C06200207F
S214030840BC5B0020AE620020AE5B00202DE9F04FBB
S2140308500E4615464FF000098BB01F469DF85430E0
S2140308609DF850A0DFF84CB1049005939BF8002048
S2140308705FFA89F4A24207D84FF6F7739D421CD855
S21403088017F0020B3FD01AE02046FFF701FB804625
S21403089004F582300B2207A900F5C070DBF714FCC1
S2140308A04FF6FF727EB9904516D14FF6F7729DF854
S2140308B02630954203F0EF0311D94FF6FF7528460D
S2140308C00BB0BDE8F08F904506D00822304607A946
S2140308D0EAF7B2F80028E8D009F10109C6E79F4213
S2140308E007F002082CD0F3F70FFC002857D12D4B46
S2140308F02D4A1B78234412F823B020460AF0CAFF79
S214030900B8F1000FDBD1E6F7C3FC284B1B78834214
S214030910D3D0002108460DF099FBFF280446CCD01F
S214030920059B0146CDE901A32A4633460498009762
S214030930FFF740FE0028C0D0F4F71AFBD8460FE0B6
S2140309402046FFF7A5FAA842CDD1B8F1000FB6D1DD
S2140309503046E6F7A5FE164B1855304607F030FC32
S214030960514620460AF049FF2046FFF791FA05460E
S21403097009F097FB00230146012228460BF0E2FC10
S214030980F3F7C2FB28B9074B074A1B78234442F800
S214030990238020460BB0BDE8F04FFFF779BA4FF03F
S2140309A0000BAAE7EB6C0020E0430020C0620020A7
S2140309B0AE620020F26C0020F8B50026104F3C789B
S2140309C0F5B2AC420FD800250E4B640022462946EA
S2140309D00D481D70E9F7E4FC22462946BDE8F840B9
S2140309E00A48E9F7DDBC2846FFF7FAF8002128464F
S2140309F00AF02FFF2846FFF729FA0136DFE700BF84
S214030A00F26C0020C0620020BC5B0020AE5B0020BE
S214030A10024B80211A780248E9F7C2BCF26C002028
S214030A20AE62002038B50DF041FBFF28044616D011
S214030A300B4D35F810301B0711D50A4B0A491B78A6
S214030A4001220B54014400F5833000F58070DBF778
S214030A5067FB35F8143023F0080325F8143038BD47
S214030A60BC5B0020DB6C00206C6200202DE9F04F9D
S214030A70794B05461B788946022B17468BB004D064
S214030A80002630460BB0BDE8F08F0DF0ABFE0646F1
S214030A900028F5D14FF6F9739D4262D04FF6F873EE
S214030AA09D4276D02B0A28460DF11E018DF81C3088
S214030AB08DF81B50F2F708FC002814BFB0464FF021
S214030AC02008B34614BF06230E23022229463846BF
S214030AD0039300F0EBFC01220446039B002840F03E
S214030AE0B880DFF880A18DF818209AF800204946D0
S214030AF0CDE900008DF81A208DF81D0006AA4FF6E2
S214030B00FC708DF819800BF060FA81460028B7D088
S214030B1009F0C7FAB8420FD0484609F022F9394619
S214030B2004300DF067FD384604A90AF01DFE70B1C7
S214030B30484604A90BF0D7FA484B1B78033B012B16
S214030B402BD84FF6FF71484609F0E0FE06469AF8A2
S214030B500030FF2B0EBF01230133DBB28AF80030CF
S214030B608FE74FF008084FF0200B3C4B1B78033BF6
S214030B70012B85D909F095FAB84281D109F091FA8B
S214030B80FC238DF81B30FF2305468DF81C30062307
S214030B909BE74FF01008C346E7E70AF044FF80469A
S214030BA00028D4D009F07DFAA8422DD12C4B1A7810
S214030BB052BB03214846F3F727FE0028C7D09AF80E
S214030BC00030A8F8007088F80430002388F8053051
S214030BD088F8083009F065FAA84202D1204B1B7842
S214030BE053B109F05EFAB84206D12CB1237923F04B
S214030BF0030343F00103237100224FF6FF710C2019
S214030C000DF0BFFC0126A2E75946284608F1070265
S214030C1000F078FC0446002899D0002203214846B9
S214030C20F3F7F2FD0028CAD1237903F00303012B5F
S214030C308DD109F036FAA84203D1094B1B78002B55
S214030C4085D0237943F0030323714FF6FF73238084
S214030C507DE7164615E700BFC7620020C86200207E
S214030C602A6D00209763002037B50E4B05461B7888
S214030C700C46033B012B11D9E6F72EFB01280FD0B8
S214030C80821E53425341590128460DF1070200F0D4
S214030C9039FC18B1002144800AF0ACFE03B030BD25
S214030CA01021F1E7C86200202DE9F0438BB0857A66
S214030CB0B0F8069004460E46174609F0F2F9814549
S214030CC0804605F0400541D10021608809F02DFCDF
S214030CD00246002E44D1082304A9C14501EB0306AE
S214030CE00CBF234902A90868496803C6A2B30221B8
S214030CF000268DF8172001228DF81010217A45F072
S214030D0020058DF81210A18808338DF81310090AF0
S214030D108DF81410E188CDE900268DF81510090A20
S214030D208DF816106088314604AA8DF811500BF022
S214030D304CF9054680B1618808F04AFF79003246CF
S214030D40284601F0FE01F3F75FFD06E0E08802A9FE
S214030D500AF00AFD0028B7D100200BB0BDE8F083E7
S214030D603068716806AB03C345F010051023B3E77C
S214030D704A6300202DE9F74389461E4607469046F8
S214030D8008F0EFFF00210446304609F0CEFB054687
S214030D9009F10701384601F02DFD7DB1B8F1000FCA
S214030DA002D103781D44EDB2057063781A0716D591
S214030DB069463046F2F788FA024618B1002003B0B7
S214030DC0BDE8F0830821684609F0FDF80028F5D150
S214030DD020460BF05BF908226946E9F733FB09F076
S214030DE060F90146201D0DF005FC6378DB0603D58C
S214030DF038460C490BF077F93146A01C0DF0FAFB88
S214030E003146384608F0E4FE074A13780133DBB26E
S214030E101370E371A3790BB10120D0E70123A3710B
S214030E20FAE700BF4A630020C5620020FF232DE9CE
S214030E30F04F8FB08146164605918DF822301AB3CF
S214030E4001230BAA0AF049FD9DF836500446EF0627
S214030E5025D50027059BBDF8308003F108024946D7
S214030E60D2B20823009709A8CDE909770DF0C1FC93
S214030E703A46404609A9F8F7A5FC002840F08C80BE
S214030E80A90627D510220DE013460BAA0AF025FD66
S214030E909DF836500446A80663D5062202E0AA0645
S214030EA018D5082200230599BDF832700A44CDE907
S214030EB0093349460093D2B2082309A80DF099FCDA
S214030EC0384686F0010209A9F8F77CFC002863D1AE
S214030ED0002E46D0BDF8307009F0E3F8874249D0BB
S214030EE038460DF07FFC8046002E45D1BDF82EB067
S214030EF00021584609F019FBBDF82C30039018461C
S214030F0006930DF06FFC064609F0CBF8069B83426A
S214030F1042D0B64B1B78033B012B3DD915F040035B
S214030F20049339D1039B0BB9002E35D09DF8357049
S214030F30039B05F018051F44FFB2082D8DF8357086
S214030F406CD120230493002C40F041810AF06BFD02
S214030F50054608B3002E40F0B28033460126B2465B
S214030F6074E0BDF8327009F09CF88742B8D14FF0B0
S214030F700108BBE74FF00108002C43D09C4BE279F5
S214030F80678803EBC20633F83220BDF832309A4244
S214030F9005D04FF6FF7323800FB0BDE8F08FBDF882
S214030FA02EA0B8F1000F08D0002130460AF022FD2B
S214030FB0A6F802A00AF030FAEEE7BDF830000AF011
S214030FC021FD0546414630460AF014FDA6F802A068
S214030FD0884E2DB1414628460AF00CFD63886B8087
S214030FE00AF01AFA3378002BD6D03B46002248463E
S214030FF00599FFF7BFFE0028CED03946484609F0CC
S21403100085FCC9E70AF008FA7A4B1B78002BC3D095
S214031010B8F1000FC0D14FF6FF77E6E7102D01D1E8
S214031020049590E7B8F1000F8DD1002C3AD0C24654
S2140310300021BDF832000DF1220200F063FA0346E8
S2140310400028A9D0002E40F0CA8025460499BDF892
S21403105030000DF12302079300F054FA04460028EB
S2140310609AD0644A079B1278002A78D0BAF1000F08
S21403107026D102462C466179B9427ED92546A4F884
S21403108002B067711446002B00F09E809DF8223054
S214031090EA799A4200F09880002E40F08E80EB7139
S2140310A000253FE00AF0BFFC044600283FF474AF77
S2140310B04FF0010ABCE7002201261346DBE70126B0
S2140310C0B8F1000F1ED106F030FF7E23B0FBF3F21B
S2140310D002FB130005993A4605315FFA80FA484643
S2140310E001F0AEFB4FF6FF71484608F071FD039B17
S2140310F0032B2CD9AAF17E0A022148465FFA8AF20C
S214031100F3F782FB069BA5F802B02B809DF83430DC
S2140311106F712B7100232B72002E42D19DF8223063
S214031120EB710125B8F1000F3FF436AF484609A925
S2140311300AF0B9FF00283FF42FAF2A4609A90BA8E7
S214031140FFF7B2FD28E7002625463446BBE7039B98
S214031150012B94BF0AF1020A0AF1420ACCE7BAF15C
S214031160000FCFD16979B94209D9A5F802B06F71DA
S214031170002B8BD1002E93D024E025461446049AE8
S214031180002A3FF409AF8F427FF406AF039306F0BD
S214031190CCFE83077FF400AF039BA5F802B06F7104
S2140311A071E7FF23EB71002CBBD001252379A4F84C
S2140311B002B023F003032371B4E7FF23EB71002C83
S2140311C03FF46EAF0025F1E7002CD3D168E7002E7D
S2140311D07FF471AFB24625460126534636E7BAF189
S2140311E0000FB0D15646524645E700BFC8620020FE
S2140311F0265B0020F16C002070B50C4B4FF6FF7594
S2140312001C78002302460A489C4201D1002005E0D0
S2140312100688964206D1AA4201D10B7070BD867924
S214031220002EFAD001330830DBB2EDE7F06C002075
S214031230265B0020002210B50A4B1C780A4BD1B25D
S2140312408C4201D8002010BD5988814204D11979F7
S214031250890701D1997911B108330132EFE70120EB
S214031260F1E700BFF06C0020265B002010B5084BAA
S21403127001461C780023074AD8B2844201D8FF20CF
S21403128010BD914203F10103FAD00832F4E700BF20
S214031290F06C0020265B002038B50446FFF7E6FF17
S2140312A0FF28054603D13F210B480DF0C3F84FF640
S2140312B0FF7320462380A37103210AF09BFB074B91
S2140312C007481A7800210732D21002FB0500BDE852
S2140312D03840E9F765B800BF8A820400F26C002044
S2140312E09D620020F8B504460026124D124F3A7848
S2140312F0F3B29A4209D800224FF6FF710F4B1D78BE
S2140313000F4BD0B285420BD8F8BDFF2C02D0AB7979
S214031310A34202D12846FFF7BFFF08350136E6E7AA
S214031320FF2C02D0187AA04201D1198019720A3311
S2140313300132E6E7265B0020F06C0020EF6C00200D
S214031340FE5A0020FF28F8B504462CD0164B1B780F
S214031350834203D8802115480DF06CF84FF6FF75CD
S214031360134A32F8341002EBC4000379A94203F09F
S214031370030318D0012B16D100220E4B1F780E4BF9
S214031380D6B2B74203D8BDE8F840FFF785BF1E883C
S214031390AE4205D093F807C0A44504D0B14202D0AC
S2140313A00A330132ECE7F8BDF06C00208A820400B1
S2140313B0265B0020EF6C0020FE5A00202DE9F74341
S2140313C004F073F8324B1B78033B012B21D9314BC6
S2140313D01D88451BADB2E5B118804FF6FF77002098
S2140313E02D4A13782B44C3F3C81403F07F031370FA
S2140313F02A4B2B4A1E78C3B29E420DD800264FF6C0
S214031400FF77284CDFF8A09099F80020F3B29A42B1
S21403141016D803B0BDE8F0831388BB420DD013790A
S21403142099070AD104EB9311022928BF022103F07E
S2140314303F0389B243EA8113137108320130DAE7B6
S21403144034F80A8CB84506D014F8043CAB4205D9E8
S2140314505B1B04F8043C01360A34D5E708F021FE8A
S214031460804534F80A3C04F8027C24F80A7C09D048
S21403147018460DF10701FFF7BFFE18B19DF80700E8
S214031480FFF760FF14F8030CFFF75CFFE3E700BF0A
S214031490C8620020525C002098630020F06C002095
S2140314A0265B0020085B0020EF6C0020F0B50024CC
S2140314B04FF6FF7703461048DFF844C006780F4818
S2140314C0E5B2AE4201D800200FE005889D4210D158
S2140314D03AB1012A16BFC57905793CF83550A942B9
S2140314E007D1BB4202D114238371F0BD057A002DC8
S2140314F0FBD00A300134E3E7EF6C0020FE5A0020ED
S214031500265B0020F8B50D46114607461646FFF73C
S21403151073FE002836D102464FF6FF7C1E4B1F4C47
S2140315201978D3B2994206D800231C4C8B4221D19A
S214031530F8BD0834F5E7B4F800E00132E645F8D123
S21403154033700123278023710021A17165B1144BE9
S21403155045F008051A782571D31DDA103078114B3B
S21403156002FB0030E8F71CFF2379204603F03F0315
S2140315702371DDE722799209022AE1D00133083488
S214031580DBB2D3E7037904469A071EBF23F00303AF
S21403159043F001030371D7E7F06C0020265B0020BD
S2140315A0F26C00209D62002073B50DF1070105461D
S2140315B0FFF722FE40B103799A0705D113F03004F2
S2140315C004D043F00303037102B070BD28460AF04B
S2140315D021FA094B4FF6FF711D7823469DF80760E5
S2140315E0064AD8B28542EFD9D0790133B04204BF58
S2140315F0118011720A32F4E7EF6C0020FE5A0020C5
S21403160030B50A4BCC081B78094D0733DB1000FBBB
S2140316100340012301F007018B402C5CDBB212B1BF
S2140316201C432C5430BD24EA0304FAE7F26C002072
S2140316309D62002070B50B4B04461B78834204D88A
S21403164040F24B2108480CF0F5FE0025074E337890
S214031650E8B2834200D870BD00222146FFF7D0FFD0
S2140316600135F4E7F26C00208A820400F06C002057
S214031670FF2810D0FF290ED0084BCA081B7801F0AC
S21403168007010733DB1000FB0323054AD05CC84081
S21403169000F0010070470020704700BFF26C002086
S2140316A09D6200200148F0F7CBBD00BF545C0020CC
S2140316B02DE9F0471E464D4B8CB01B681546074672
S2140316C088469DF8509003F0080A08F0EAFCA84202
S2140316D03FD1B9F1000F14D06EB9ADF806603D46A0
S2140316E004242246414628460AF030FA00F0010058
S2140316F00CB0BDE8F0870023ADF806303D4606245F
S2140317003AE038460CF0D2FCFF28044605D0F2F740
S214031710FBFC10B12046FEF7CFFF96B10023ADF8D1
S2140317200630F8F7FDF80028E8D0062440460DF109
S214031730060202A909F09EFBD8B94046F8F7F8FA64
S21403174017E0ADF80660F8F7EBF80028C7D00424D6
S214031750ECE73EB3BAF1000F2ED000230B24ADF80E
S2140317600630B9F1000F0AD1F8F7DAF82F46002849
S214031770DCD13D46002EB4D0BAF1000FB1D004F050
S2140317800402414642F0110228460AF0DFF92246D7
S2140317900646414628460AF0D9F9002814BF3046C3
S2140317A00020A3E7BAF1000F14D00124ADF80660B9
S2140317B0B9F1000F95D1D7E70B24284602A9F1F714
S2140317C083FD074668B902A807F01EF820B9ADF8EE
S2140317D00600EDE70124F0E744F00204ADF80670D6
S2140317E0E6E70023ADF80630E2E700BFA446002094
S2140317F02DE9F0471E46744B8CB01B7807460D4602
S2140318001446DDF85080002B3ED008F04AFC30B377
S2140318106E4B1B68980722D44FF6F7739C4233D857
S21403182043463A4631462046FBF7F2FE08F039FCBB
S214031830854200F0C5803046FEF75AFBA04203D12E
S2140318400CF034FC0AF026F8BA1E534253412946DC
S214031850002220460CB0BDE8F0470AF073BDE7B19E
S214031860F91ED1F1000949EB01094FF6F7739C42C3
S21403187016D90321204606F069FB03233A46314670
S2140318802046009506F051FC08F00BFCA84200F039
S21403189097804FF6FF739C42CBE74FF00109E4E7CE
S2140318A02B463A463146204604F084FA2146CDE9D3
S2140318B000082B463246384606F0F6FF80460146B9
S2140318C0204606F043FBB8F1000F61D1B9F1000FD3
S2140318D012D100233A4631462046009506F025FCF1
S2140318E088F001032A4631462046CDF8009003F0DF
S2140318F00103FFF7DDFE99E7002FEAD003AA92461D
S214031900334B03F1100E9446186859680833ACE855
S214031910030073456246F6D107A806F062FC03236C
S214031920306871688DF81C3008AB03C39DF8293006
S21403193007A843F002038DF8293006F07DFD90B129
S2140319403068716808AB03C3042307A88DF81C30FE
S21403195006F072FD38B1022307A88DF81C3006F096
S2140319606BFD0028B5D1514607A806F0A5FD002853
S214031970AFD0F4F795FB0028ABD103233A463146A4
S2140319802046009506F0D1FB08F08BFBA84250E7F3
S21403199043463A4631462046009506F0C6FBB8F164
S2140319A0010F9DD0B8F1020F7FF440AF284607A978
S2140319B0F1F78AFC20B93246284607A90AF08DF8C3
S2140319C00CB0BDE8F08700BFC3620020A446002029
S2140319D0E2CE0400044B1A880AB100221A800021C2
S2140319E00846F9F7ABBF00BF545C002000232DE97F
S2140319F0F0478EB004460D46CDE903334F7808F022
S214031A0050FB50B1B64B1B689A0706D4092103A8AE
S214031A1006F043FB0EB0BDE8F087204603A9F1F7B6
S214031A2053FC0646002840F05781022F3DD0042F72
S214031A30ECD1E5F739FC002846D0E5F735FC02285B
S214031A4040F022810DF124083346324641463046A3
S214031A5006F061FE012103A89DF8255006F04EFF0F
S214031A602840FF2800F0348105AD284608F0B6FA72
S214031A70002840F02F8195E80F0088E80F003A46CB
S214031A80414603A806F081FD0246002840F0208167
S214031A90032303A9CDE9005320463B46FBF77EF913
S214031AA000280CBF13210621B1E78D4B1B689B074B
S214031AB0ACD40235082229468A48E8F7BDFF002839
S214031AC0A4D0E5F7FDFB08B91121A0E7864B874EA6
S214031AD01B78FBB9FFF77EFF3088002860D103AF81
S214031AE02946384606F07BFB002800F0CA802846C5
S214031AF00DF10A01F1F7C2FB40B90DF1240A504675
S214031B0008F06CFA8046002800F08780FFF762FF33
S214031B100F217CE73088002842D101460CF01AF9E1
S214031B20308000283AD001230822304603A9F0F774
S214031B30CBFD98BB0123082229463046F0F7C4FDA7
S214031B4060BB01230222694809A9ADF82440F0F7D7
S214031B50BBFD0346308823B1002848D04FF0100958
S214031B6020E00CF09FF861490746204601F0CAFCC6
S214031B7030880CF097F8FFB2874209D1FF238DF81F
S214031B802430012359481A4609A9F0F79DFD28B9C0
S214031B9000210120F9F7D2FE0C2138E73088DBE775
S214031BA04FF007090CF062F8074630880CF05EF831
S214031BB03488112100F10808204600F02DFE10217C
S214031BC08246204600F028FE0822044603A9404623
S214031BD0E8F732FF002840F081800822294638467D
S214031BE0E8F72AFF002879D1B9F1070F01D01021B1
S214031BF00DE704EB0A244546A4B271E730884FF09C
S214031C00010828B1122100F007FEFF2881461ED1E5
S214031C102A46B9462046402304E03A46A9464346A8
S214031C20BDF80A0043F00303CDE900A349460323A6
S214031C30FBF7B4F800283FF469AF0721484606F0DF
S214031C402CFAB8F1000FD9D0FFF7C4FEE2E6002164
S214031C5008460CF07FF8ADF8140048B1204605A9F5
S214031C6001F050FCBDF814000CF01CF80028CFD18E
S214031C70142300934A4639462046338801F0FAFB7C
S214031C80C6E7FFF7A7FE1FE7E5F70EFB012801D01F
S214031C900621BCE605AD324633462946009603A820
S214031CA0F9F75EFD024608B10A21B0E60C4B204662
S214031CB01B6803A95B0003F0040343F00303CDE9A9
S214031CC000533B46FBF76AF80028E1D113219EE652
S214031CD005219CE612219AE60B2198E60E2196E64C
S214031CE0A44600204A63002067620020545C00205C
S214031CF0012330B50D4C85B022788DF80430D51805
S214031D008DF805200E228DF806200A682570CDF87A
S214031D1007204A6801A9CDF80B200B22F0F7D4FC64
S214031D20B0FA80F0400905B030BD00BFC4620020A1
S214031D30014B1878704700BF99630020142230B512
S214031D408BB005460DEB02011548DAF7BDF910BB5B
S214031D50BDF81430DA0720D413F0060FC3F341029C
S214031D6008BFC3F341220F4B0DF116019C5C684676
S214031D702246E8F7A5FCBDF8263004F128026A449B
S214031D8002F8283C02341B0A02F8273C69462A4616
S214031D90E0B209F04CF80BB030BD2320FBE700BFE0
S214031DA0703214E0F2CE040010B58AB0ADF82620E7
S214031DB00022CDE9052204920CAA02924FF6FF7286
S214031DC00446AC2101200192064A039004FB01223B
S214031DD0603200924CF620010DF1260209F0D8FE7F
S214031DE00AB010BD2454002000B58BB0ADF82430E3
S214031DF09DF8303003208DF82630002303900A49DF
S214031E0009A8CDE90130CDE90533049301F1600358
S214031E100093B1F85C3002204CF6604109F0B8FE3E
S214031E200BB05DF804FB00BF2454002010B54FF63A
S214031E30FF741E4A8AB0B2F86800B2F85E10A04279
S214031E40ADF82600B2F85C304FF6FD70ADF82410FE
S214031E5018D081424FF0000094BF48F660014CF65C
S214031E606001CDE90500CDE90300CDE9010094BF8B
S214031E7009AA603200920DF12602042009F088FEBA
S214031E800AB010BD81424FF000008CBF603209AA31
S214031E9000928CBF4CF6604148F66041CDE90500E0
S214031EA0CDE90300CDE90100014AE6E7245400200A
S214031EB08E54002000B50E4B0022B3F85E308BB074
S214031EC0ADF824304FF6FF73CDE90522CDE90322A2
S214031ED0CDE9012209AA00924FF400610DF1260212
S214031EE00720ADF8263009F053FE0BB05DF804FB6F
S214031EF02454002030B58BB08DF825301B0A8DF89E
S214031F00263000230D4991F85840CD6DB1F85C009A
S214031F10CDE90533049307236031039308ABCDE97A
S214031F20010300914FF6FF734CF6204108200895F5
S214031F308DF8244009F02CFE0BB030BD245400204D
S214031F4070B54FF6FE76294C1D46B4F85E10B4F80D
S214031F505C30B14294F85C00A2B04FEA132321D15F
S214031F604FF440416034ADF808108DF80B008DF83F
S214031F700C3003CC0DF11504CDF80D00CDF811107F
S214031F802270120A6270002211461046A270E27096
S214031F90ADF8062007F0C3FEADF8060090B90020A2
S214031FA022B070BD4FF400448DF80D10090AADF849
S214031FB008408DF80B008DF80C308DF80E100DF1DF
S214031FC00F04DDE7043402A9621A012392B20DF16D
S214031FD00600F0F779FB0028E1D1BDF806002A4693
S214031FE001210BF08FFEBDF80600D9E7245400202C
S214031FF0202A10B5144614D8012A04D10C88B4F547
S214032000004418BF0124620030B10748E8F71AFA03
S214032010064B00201C7010BD0548E8F713FA054B65
S214032020F7E72120F7E700BF565C00209A630020FD
S214032030965C00209B6300202DE9F0471046174668
S2140320400CF0D6FADFF814A1DFF814919AF80030F2
S21403205099F800200546134302D10020BDE8F08717
S21403206010F4406800F0400619D186BBB0F5804FE7
S2140320705CD24FF4807400239AF80000344AD9B235
S21403208088425DD8002399F80000324AD9B28842C4
S214032090E3D932F8021B0133A142F7D155E0F81C0D
S2140320A00CF0A6FA4FF6FF73984214BF01240224DD
S2140320B086B1052605F44043B3F5004F44F0080403
S2140320C024D0B5F5804F23D244F4807420E04446F0
S2140320D00326EFE7B5F5804F4FF00506F4D3B8F5C2
S2140320E0406F14BF02200820304438440CF080FAB6
S2140320F0194B05F44045B3F85C3083420CBF44F0FB
S214032100080444F00404B5F5004F01D144F08004FC
S214032110B8F5006F0ED1B8190CF06AFA0E4BB3F887
S2140321205E308342A7D144F01004A4E74446032656
S2140321300220D9E7B8F5406F08BF44F020049AE7B9
S21403214032F8021B0133A14299D1012086E700BF72
S214032150965C0020565C0020245400209B630020DD
S2140321609A6300202DE9F04F104685B01646984630
S2140321700CF03EFA5D4F00F00803B7F85C10044617
S21403218000F00709F01C02930391B7F85EB00CF059
S2140321902FFA06F1050A054650460CF029FA0346BF
S2140321A04FF6FF70854218D00399A1EB050CDCF1BE
S2140321B0000545EB0C056D004FF6FF718B420ED103
S2140321C045F004050CF022F8029B6BB1B9F1000F41
S2140321D011D0422005B0BDE8F08F0125ECE79B4502
S2140321E008BF45F00805EDE7B9F1030FF1D8DFE8BE
S2140321F009F0021B795D0CF009F808B9A807E8D5C1
S21403220024F00804A4B2B4F5004F05D0B4F5624F29
S21403221002D0B4F5404FDCD10025294697F8A82014
S214032220002007F07CFD3CE0D7F88030E3B90021BE
S21403223032460846FFF700FFD8B948F6410224F0B5
S21403224038039BB29342C4D10A2D49D0062DC0D180
S21403225097F87730023B012BBBD8EEF7AFFF002889
S214032260B7D140F6040505E04146304698470028B6
S214032270DDD00825E20648BF45F08005A30648BF23
S21403228045F4805505F00C03042BC6D1F01D0CF065
S214032290AFF997F8A8303246009341462B4607F02D
S2140322A013FD08B30E9B1880002093E7A90705D1FA
S2140322B04FF6FF73B7F85C209A428AD104F4406362
S2140322C0B3F5006F0AD0B3F5406F82D108225046AB
S2140322D00749E8F7B1FB00287FF47BAF0C25C9E775
S2140322E00425C7E7432075E7192073E72454002025
S2140322F084540020034B1A781AB1FF2A04BF002225
S2140323001A7070479D63002070B5084C084E2378FA
S214032310F55C1DB13E2107480CF08CF8FF222378AC
S2140323202846F2540023237070BD00BF9C63002030
S2140323309D63002098820400034B044A1B78D05CFC
S214032340FF3818BF012070479C6300209D63002060
S2140323500023074A07491360074A1360074A1360B6
S214032360074A11600121074A1170074A1360704734
S2140323705C5500201BBD0300585500205455002013
S2140323801C6C00202B6D0020645500200E2A70B5AF
S2140323900C4606461546194603D9FFF7D9FF5020C3
S2140323A070BD012807D10020EEF722FFB0B1FFF77A
S2140323B0CFFF2120F4E780220021224B1A70224B04
S2140323C01960224B1B684BB134200BF0C3FC204B27
S2140323D0188018B9FFF7BCFF0120E1E724F0FF637C
S2140323E023F4FF231BB1FFF7B3FF4F20D8E774B9DD
S2140323F02046EEF717FF0124032510F0800F43B2A3
S2140324001BBF00F01F039C409C4044F07844002010
S214032410104B24F078441E700F4B10491D70104B60
S2140324201C60104B1870104B1A68EFF797FA18B128
S214032430FFF78EFF0420B3E79DF810200B4B1A70AE
S214032440AEE700BF9E630020605500205455002071
S214032450D65C0020A3630020A1630020512703005D
S21403246064550020A26300205C5500209F63002073
S2140324707FB5244B00251A7801232348234903FA02
S21403248002F200781A440A60ADF80E5020B3984260
S21403249036D11F4C1F4B20781B680DF10E01984751
S2140324A01D4EBDF80E20307092B11C4B294600938A
S2140324B0284602230195EFF78BFA3278237822B168
S2140324C0012A12BF1B230133DBB2237004B070BD95
S2140324D0013818BF0120F0E778235A43013A0A600F
S2140324E008220F490BF07CFB0B49094A097813783D
S2140324F021B1012912BF1B230133DBB21370E5E7B9
S2140325001846E3E7A1630020A36300206855002074
S214032510A26300201C6C00202B6D00208D27030077
S21403252099E10300024B1868003818BF0120704772
S2140325305455002037B505461C460BF067FE68B9B0
S21403254074B1084B1A60084B0A461C6001232946DF
S21403255000930323FFF71AFF03B030BD4D20FBE7BC
S2140325602520F9E7505500205855002013B504469A
S2140325700BF04CFE58B962B1074B1A6001230A46AA
S214032580009321460323FFF701FF02B010BD4D2041
S214032590FBE72520F9E700BF545500202DE9F0415D
S2140325A00446DDE906861D469DF820700BF02EFED8
S2140325B088B99EB1A2B10B4B01201A600A4B0A469A
S2140325C0C3F80080094B21461E602B460697BDE8DC
S2140325D0F041FFF7DBBE4D20BDE8F0812520FBE789
S2140325E02120F9E71C6C00205C550020585500207C
S2140325F00148EFF725BE00BFD65C00202DE9F04169
S2140326000020EFF719F9114B114C1E68114B208867
S2140326101D68114B114FD3F8008010B13978EFF7CE
S214032620E9FF00203870FFF793FEEFF723FC0EB1A7
S2140326304046B0473DB12088A84700232380BDE825
S214032640F0410BF072BFBDE8F08100BF5855002083
S214032650D65C00205455002064550020A463002057
S214032660F8B52F48F0F7DCF82E4B187830BBEEF7AA
S214032670D9FD2D4F06463B6803B32C4B2C4D1C68E7
S21403268024B195F900301A461946A047294B1B6812
S21403269083B1294C2378312B0CD8284B18880BF0A0
S2140326A0E5FA23785A1C22702A78C25423785A1CD7
S2140326B02270C65480232B7000233B60204C237863
S2140326C01A2B22D81F4A1278012A09D100211E4A42
S2140326D0156825FA03F0C007DAB20ED501B12270E9
S2140326E00020EEF79FFD2178884212D10022174B77
S2140326F01A70FFF7BDFE40B9F8BD0133D8B21A28E9
S2140327004FF00101E5D90A442270BDE8F840FFF70F
S21403271075BF0020EEF798FD0028E7D0F5E700BF69
S214032720206C0020A3630020605500205055002035
S2140327309E63002054550020A4630020D65C00202E
S214032740A26300202B6D002064550020A0630020A8
S21403275008B50B4B187880B90221EEF737FD094B05
S2140327601B782BB100214FF6FF720846EEF710FDDB
S214032770BDE808400448FFF773BF00210846ECE7AE
S214032780A36300209F630020206C002038B5144B01
S2140327900C461D78012D21D181B90846EEF742FD7E
S2140327A0104A05FA00F013680F4923EA0003136082
S2140327B020462A46BDE838400BF012BA0B4A137877
S2140327C00133DBB2022B137004D9BDE83840084846
S2140327D0FFF746BFFFF74CFE0028F6D138BD00BF13
S2140327E0A36300206455002099E10300A063002042
S2140327F0206C002038B50C4605460BF053FAA04271
S21403280003D82D2103480BF015FE28460BF02EFAAD
S214032810204438BDAC82040070B506460D460BF066
S21403282025FA044648B130460BF03CFAA84203D8D2
S214032830352102480BF0FEFD605D70BDAC820400DE
S21403284070B50C46064615460BF02CFAA04203D884
S2140328503E2104480BF0EEFD30460BF007FA00B1BC
S214032860055570BDAC8204002DE9F0431E46574B58
S2140328708FB01B780746033B012B0C4615469DF885
S214032880588007D8F4F718FA20B1F0F71DF908B105
S21403289044F400544E4B1B7813B924F40074A4B2CA
S2140328A0200509D546B9284604A9F0F70DFD0028EA
S2140328B046D024F40064A4B2ADF81840ADF81A501C
S2140328C007F0EFFB434BADF81C00B8F1000F02D046
S2140328D01A78424501D293F800803F4AE1051378FF
S2140328E048BF0DF1210103F10103DBB2137058BF9A
S2140328F008A922058DF81E808DF81F3006D533688B
S214032900083141F8083C736841F8043CE30407D5F2
S214032910324A0831136841F8083C536841F8043CCE
S2140329200DF11808A1EB08005FFA80F9002148466C
S2140329300BF010FA064628B900200FB0BDE8F08366
S21403294004AEB9E70BF092F941464A46E7F7B8FEFC
S21403295030460BF0A7F9804630460BF087F9002384
S214032960024600934FF6FF7004235FFA88F107F0E0
S214032970ABF9ADF80E000028DED040F201131C427E
S2140329801AD14FF6F7739D4216D80BF08BF90DF15B
S2140329900E010446284600F0B5FDBDF80E000BF008
S2140329A081F9E4B2A04207D9BDF80E0007F0D9F9C1
S2140329B0437843F004034370BDF80E003A46012102
S2140329C00BF0A0F9BDF80E00B7E700BFC862002001
S2140329D0C3620020DD6C0020C56200204A6300202D
S2140329E0F0B50829D58889B028D00C2926D0AE049E
S2140329F024D405F040030B43424C267816B105F069
S214032A00200423432FB2002FB8BF43F080030329CB
S214032A1020D11223AC068DF80430937A10D48DF8A7
S214032A2005300DF1060401A9621A012392B2EFF7ED
S214032A304BFEB0FA80F0400909B0F0BD0B46DBE769
S214032A4032228DF805308DF80420002EE9D00DF1E2
S214032A501304E8E70C298DF804300ABF1389537969
S214032A608DF80530548805BF1B0A8DF806308DF89F
S214032A7005300DF1070318BF0DF106031C70240A79
S214032A805C70148802399C70240ADC70147901295E
S214032A901C7111D8917A002F597131DA02211289EB
S214032AA09971DA71120A03F109041A72002EBAD068
S214032AB0AB06B8D50534B6E7A9071AD4002F0CDA47
S214032AC0117A51B1917A59711189127A03F1080476
S214032AD092B102229A71D971E8E70B4C217801F181
S214032AE0010C84F800C091729C1D002F5971DDDA29
S214032AF0EAE7917A9C1DF8E70122090A9A71EAE748
S214032B009C1DD3E7C3620020C4620020014B1880DB
S214032B10704700BFD85C0020014B1888704700BF81
S214032B20D85C00202DE9F84307460BF07CFC0546ED
S214032B301B480BF0EFFD1B4B60B31C683C1B2C447F
S214032B40A4B20022184BDFF868901B78174D03EBEE
S214032B50830399F8006005EB43055FFA82F8464560
S214032B600AD9AB8805F10A00A34216D90A23B21A7A
S214032B7029465A43E7F766FC013689F80060AC80BD
S214032B80B8F1000F03D1394605480BF05BF9284628
S214032B90BDE8F8833C461D60D3E705460132DCE713
S214032BA0406C00206C550020A56300207A59002055
S214032BB0A66300201FB5154A154C1378013BDBB2FC
S214032BC013706168206801AA03C221891180114A23
S214032BD01278D21805D00A2320465A43E118E7F79D
S214032BE031FC9DF806301B070DD0BDF80C00FFF72F
S214032BF099FF03468288ADF8082001AA03CA128803
S214032C00186059601A8104B010BD00BFA563002088
S214032C107A590020A6630020002108B5084B09480E
S214032C201970094B1970094B1A7802EB820252008D
S214032C30E7F7B6FBBDE808400548EFF7F1BD00BF70
S214032C40A66300207A590020A5630020E96C0020C3
S214032C50406C0020F8B50024084D094F094E3B7818
S214032C603178E2B20B449A4204F1010400DBF8BD6A
S214032C702846EFF7E5FA0A35F1E700BF7A59002050
S214032C80A6630020A5630020F8B516460C4B0D4A34
S214032C901B781278074613440B4A0D461278934264
S214032CA00CD03046FFF73EFF01350681078085705E
S214032CB004460BF0B3FBE0800120F8BD0020FCE7E0
S214032CC0A5630020A6630020E96C002010B5064C1F
S214032CD0207828B10548F5F799FD10B1034B1888FD
S214032CE010BDFFF767FFF3E7A56300207A590020BE
S214032CF008B50A4A0346107860B1094A1088984214
S214032D0009D121B99378103323F00F039370FFF79B
S214032D1051FF012008BD0020FCE700BFA56300208B
S214032D207A5900202DE9F74F00260BF07CFBDFF8DD
S214032D30F890B24699F80070B3463A46DFF8EC804E
S214032D401FFA80FEB8F800C0344CAEEB0C039BB2FF
S214032D5001932378324D009303EB830305EB430380
S214032D60ACEB0E0C5FFA86FEBE4515D3BAF1000F28
S214032D7001D0009B2370BA422AD3002F37D00A22F1
S214032D802378C8F8000002FB03532648998803B04B
S214032D90BDE8F04F0BF056B8B3F804E001998E4542
S214032DA012D84FF0010A009993F802E001310EF1B0
S214032DB0FF3EC9B2013AA3F804B083F802E00091DB
S214032DC0D2B20A330136CDE7E644A3F804E0F8E7C7
S214032DD089F800204AB10A222378C8F8000002FBCB
S214032DE00353104899880BF02DF8237813B903B0D2
S214032DF0BDE8F08FFFF76AFF06460028F5D006F019
S214032E00D1FE0146304607F081FD20B10021288817
S214032E10FFF76EFFE9E740F60241F8E7A5630020F7
S214032E207A590020406C0020A66300206C550020D1
S214032E302DE9F04192F808801F4608F1FF33DBB214
S214032E40EF2B05460E46144688B00BD982238DF821
S214032E500E30314628469DF80E30204AFBF774FAAA
S214032E60012037E00E22002104A8E7F799FAB4F808
S214032E7009308DF81180ADF81230E37A03F07F0243
S214032E80032A08D0012B24D103238DF81030A389FD
S214032E90ADF815300EE0032B14BF022301238DF883
S214032EA01030E368CDF815302369CDF81930237D4B
S214032EB08DF81430A7F121014A420DF10E034A4161
S214032EC0009321460DF10F0304A8FAF793FD00289B
S214032ED0BFD1002008B0BDE8F08100BF443904002C
S214032EE02DE9F04F00241D7895B0CDE90201049238
S214032EF0234622460120CDE90054404909F009F84B
S214032F00ADF81E00F8B1A346264627460DF1200964
S214032F100DF1380AE4F7B6F95FFA84F8404516D897
S214032F203A460221BDF81E00FFF78AFC324604210A
S214032F30BDF81E00FFF784FCDDE903100022BDF890
S214032F401E30FBF701FA012015B0BDE8F08F4A46A4
S214032F5040460AA9FAF740FD9DF8282022B12DB174
S214032F60013DEDB20137FFB20134D3E7BBF1000FE9
S214032F70F8D199E803009DF829308AE803008DF814
S214032F804030BDF82A30032A8DF841304FEA132328
S214032F908DF8423017BF032301238DF843309DF885
S214032FA02C30DDF83110DDF82D0014BF8DF84C30D1
S214032FB08DF8433011AB03C302980CBF4FF00E08D5
S214032FC04FF0150808F06CF90590BDF81E000AF0DE
S214032FD069FE059900EB080399420BDB0123424681
S214032FE051460DF11E00EFF76FFB0028ABD10136FB
S214032FF0F6B2B7E74FF0010BB4E700BF81820400D7
S21403300038B505460D4B0E481C88EFF7F5FB012D2A
S2140330100CD10C4B1C88FA21614358B1884209D263
S2140330208408012C204638BF012038BD022D08BF76
S2140330300224F0E702480AF005FFF2E7765900207B
S2140330407045002074590020012208B5054B064838
S2140330501A7000210AF0F6FEBDE808400020FFF7CC
S214033060CFBF00BF94620020704500201E4B73B58F
S2140330701A8802F108039BB2012B02D81B4B1B785C
S21403308023B902B0BDE87040EFF7CABB0024184B63
S214033090184D1C70184B1C702B787BB14FF6FC73C5
S2140330A0164E0093224623462146308808F036FB08
S2140330B04FF6FD732C70338001200FE0104B104643
S2140330C01978F4F719FF0028F6D10C4B1A884FF637
S2140330D0FD739A42F0D0012302202B7002B0BDE8A4
S2140330E07040FFF78DBF00BF785900209462002020
S2140330F09762002095620020966200207259002095
S21403310098620020012808B50AD002280CD020B9FE
S214033110084B18700848EFF783FB4FF0FF3008BDE5
S214033120BDE80840FFF790BF0020BDE80840FFF762
S21403313067BF00BF946200207045002002280CD8A9
S21403314059B1064A13780133DBB21370044A127876
S2140331509A4202D80220FFF7D5BF70479662002036
S2140331609962002038B5A0F61343012B04460D469A
S21403317015D80E4A13780133DBB213700C4A127853
S2140331809A420CD84FF6FD720A4B002019889142DA
S21403319001BF00221D80084B1A70FFF731FF294636
S2140331A02046BDE8384004F00EBF00BF97620020FB
S2140331B09A620020725900209562002000234FF681
S2140331C0FD71054A1370054A1370054A1180054AB6
S2140331D01370054A137070479762002096620020AA
S2140331E072590020956200209462002030B5094B86
S2140331F002461B7833B1084B084C19780023D8B223
S214033200884201D3FF2004E0013334F8235095426B
S214033210F5D130BDE86C00209C6200205259002096
S2140332200022FF21044B05481A70054B1970054B05
S2140332301A789200E7F7B4B89C620020565900202B
S2140332409B620020E86C0020F7B58DF807100DF19F
S2140332500701044602F059FE234B1D78002D41D08A
S2140332602046FFF7C3FF214EFF283178204B05D1B8
S214033270204A107885422DD9451C1570884219D0EE
S2140332801C4A1B4D92F800C00022D7B2BC450CD98D
S2140332902F4697F803E00132864505F10405F4D17D
S2140332A002B203EB8202D278FA7002B203EB820216
S2140332B0D170307002B203EB820123F82240FF2262
S2140332C08A709DF80720FF2A02D003EB82039870CA
S2140332D003B0F0BD0A46104603EB8202D278FF2AFB
S2140332E0F9D1CBE7FF20F3E7E86C00209B620020D0
S2140332F0565900209C6200202DE9F843FFF776FF1D
S214033300FF28044669D04FF6FF72354F03B2DFF845
S214033310DC80344E27F8232098F80050A54202D1CB
S2140333200020BDE8F883337820B28100A34207EB80
S214033330800090F803E010D00023294A5FFA83F94F
S2140333404D45944606D99CF803900133A14502F1F6
S2140333500402F3D18CF803E001E086F800E0013DB7
S214033360EDB22A1BD2B2043192003944E7F76AF869
S21403337088F800503378FF2B04D0A34224BF03F110
S214033380FF33337000214FF6FF70154BCAB2AA42C3
S2140333900CD300234FF6FF71134ADCB2AC42BBD208
S2140333A0013332F823008842F7D1B5E79A78A24270
S2140333B00BD11880DA78FF2A04D0A24224BF02F188
S2140333C0FF32DA7001310433E0E7FF2AF2D0A2427B
S2140333D024BF02F1FF329A70ECE72D20A1E700BF6D
S2140333E0565900209B620020525900209C62002000
S2140333F0F8B51C4B05461B78084673B3FFF7F6FE75
S214033400FF28044629D02846FFF7F0FEFF2806D0FB
S214033410154B164E1A780023D9B2914218D3FF21C2
S2140334202846FFF711FFFF28014616D00546104F22
S21403343023B207EB830237F823009678FFF704FFDF
S214033440A84208BFFF25FF2E214608D12846F8BD0F
S214033450013316F823108142DED1FF25F6E7344602
S214033460E6E700BFE86C00209C6200205459002069
S214033470565900202DE9F04180460E461F4600238C
S21403348086B001A814469DF830508DF80330FCF73B
S2140334904BF8ADF804802EB13368CDF80630736868
S2140334A0CDF80A3038460AF0E1FB0DF10303421962
S2140334B0214601A804F093FD9DF8033093B93146E5
S2140334C04046E4F701F90E4B1B785BB10B2C09D889
S2140334D0FF214046FFF7B8FE064605EB4404E4B278
S2140334E0A54202D106B0BDE8F0812946384608F069
S2140334F0B3FC3146FFF7A8FE02350646EDB2EFE70A
S214033500E86C002000232DE9F3470DF107028DF840
S214033510073004460E4602F0E3FC9DF807300546E6
S21403352063B92046FFF762FE04465EB130880AF0B0
S214033530B9FB5FFA80F8FF2C45D10025284602B078
S214033540BDE8F087B046F6E701320C2AF5D02DB277
S21403355007EB8505AD78FF2DF6D112F0FF0AECD008
S2140335604FEA4A050235EDB2002EE7D0304605EBAA
S214033570080108F036FC0028DFD152464146308861
S214033580FFF75EF90AF1FF3208F1010108F10209BB
S2140335903088D2B2C9B25FFA89F9FFF751F924B27B
S2140335A007EB8404A478FF2CC8D023B2494637F827
S2140335B02320308808F060FC0028BED109F10209F8
S2140335C05FFA89F9EBE725460022014FBFE700BF04
S2140335D056590020FF2818BF064B10B51BBF03EB38
S2140335E0800433F820302D200B801EBFA3780020E4
S2140335F0137010BD5659002008B5D2F76BF9D1F7F2
S214033600F3FD00F091F9D2F7DFFFBDE80840D1F7EC
S2140336109DBB38B5044690F844108378826CCB1A69
S21403362059425941D1F71AFCE37893B1257985B904
S21403363000F012F90346A268218A04F11C009C1AC2
S2140336408C4236BF52182946D11ABDE8384000F0DE
S214033650FAB838BD09B1D2F7ADB9D2F7BBB938B5A8
S2140336608388044603B3E3780088A17804F10C0545
S214033670A3B10023B1FA81F1E3704909FFF7EAFF2A
S2140336804FF6FF72A388218993421CBF03F1FF33D1
S214033690A3802846BDE8384000F0D5B80123E37080
S2140336A0FFF7D8FFE188F4E738BD10B50446817804
S2140336B00088FFF7CFFF0123E3700023A38010BD2C
S2140336C010B581780446B1FA81F100884909FFF7FD
S2140336D0C1FF0023E370A38010BDFFF7F1BF70B5F1
S2140336E00446054600262B4655F8040B10B11B1B53
S2140336F00C2B00DD70BD237C8680002BF3D0637C0F
S21403370013B1FFF7D2FFEEE7FFF7DAFFEBE7FFF7BA
S214033710E6BF70B5044605464FF6FF762B4655F8CA
S214033720040B10B11B1B0C2B00DD70BD8388B3424A
S214033730F4D04FF4FA724FF6FF731146D1F7E2FB5B
S214033740ECE709B1D2F736B9D2F744B910B5044657
S214033750C0600830D2F728FA21792088B1FA81F1BF
S2140337604909FFF7EEFFA37943B121796088B1FADF
S21403377081F1BDE810404909FFF7E3BF10BD00F033
S21403378058B8092901D900F054B8704703461846BB
S21403379013F8012B8A4201D0002AF8D1704710B5DE
S2140337A03B2104460068FFF7F1FF0022034603F8B7
S2140337B0012B2068236010BD10B540B1421E0A24B9
S2140337C0002012F8013F303BD9B2092900D910BDB9
S2140337D004FB0030F5E708B500F028F850F80C3C79
S2140337E023B150F8041C30F80E0C184770470846EF
S2140337F019B1FF21103002F070BA7047007800F05C
S214033800DF03552B07D0642807D0663818BF4FF060
S214033810FF30C0B27047012070470320704718B1CD
S2140338202D280CBF012002207047704708B501F011
S21403383046FE08B500F06DF8BDE8084004F095BBF9
S21403384050E9023018470A460830FF2102F03CBA16
S214033850FF21083002F049BA08B50AF043FEBDE876
S214033860084009F0B7BA2DE9F041044600274FF0A7
S2140338700C0E8F4202DB0020BDE8F08120789042D8
S21403388004D1002594F80780454502DB01370C3444
S214033890EFE70EFB05F6D4F808C00CEB06003CF881
S2140338A006609E42E8D00135EEE7F0B585B00546E2
S2140338B00E461746D2F7B8F90446A0B13146284655
S2140338C0D2F780F983783A46002BA36831460293F1
S2140338D0A378284601934FF0000300930CBF802380
S2140338E04023E0F705F905B0F0BD08B51288D2F716
S2140338F09BF950B10279BDF80C309A4207D881681B
S2140339000298E6F79FFD002008BD8620FCE7892085
S214033910FAE7002004F0ADBB08B504F01AFC002853
S21403392014BF0320002008BD704708B502F0B1F8A5
S214033930FFF762FED2F7CEFA642003F063FF64203B
S21403394003F05FFF02F0A7F8D1F72CFA08F09CFE0D
S214033950F8E7F8B5D0E90176437B04460D4613B184
S21403396033463E461F46FFF777FF012D2064384651
S2140339700ED1D1F72FFB3046D1F750FB2573607875
S2140339804FF47F42BDE8F8404FF48171FFF78DBFD7
S214033990022D05D1D1F742FB3046D1F71BFBEDE7ED
S2140339A0D1F73CFB3046D1F739FB0025E6E738B5BF
S2140339B0037B04468B420D4607D190F844305BB335
S2140339C0BDE838404830FFF743BFFFF745FF216C9B
S2140339D0431AC72B0CD80123C83184F8455084F802
S2140339E04430091A04F14800BDE83840FFF72BBFFE
S2140339F00DB1237B2BB929462046BDE83840FFF797
S214033A00A8BF00212046FFF7A4FF0123C82184F89E
S214033A10455084F84430E5E738BD90F84510FFF785
S214033A20C6BF0121FFF7C3BF0221FFF7C0BF0021B6
S214033A30FFF7BDBF4FF60173994210B5044602D196
S214033A400021FFF7B4FF2046BDE81040D2F75ABB6B
S214033A50032910B504462BD0007B30B9012903D0C7
S214033A6002290CBF0120FF2010BD032A07D8DFE878
S214033A7002F00208101401291CD002291FD0FF20CF
S214033A80F2E70029FBD1B4F85C20012A12D0022AFF
S214033A90F4E704290ED00529F0E7042914D00529F4
S214033AA014D00029EBD1B4F85C20111F0129ECD8FF
S214033AB00220D9E75A1E534253415800D4E7022B3B
S214033AC00CBF02200120CFE70020CDE70120CBE783
S214033AD030B587B005460C46D2F788F9012820D1C1
S214033AE01CB1611E4B424B4158006B784FF48072F9
S214033AF08DF804304FF48273ADF806304FF48173BB
S214033B00ADF8083001238DF80B30002385F89000BC
S214033B1001A8CDE903238DF80A408DF81430D2F7B7
S214033B2099F907B030BD41680346C978027B99B955
S214033B308168C97899B9002A08BF0321D2F7A2BBC6
S214033B409B7B002B0CBF01210221F7E79B7B002BFD
S214033B500CBF02210121F1E7012AF1D17047012AA6
S214033B60F4D17047042910B5044604D831B1BDE832
S214033B701040D2F70BBC05290DD010BD037B552290
S214033B80002B08BF0321A0F85C1040781221FFF732
S214033B908CFE2046EBE743681A8A83681A82E6E7B8
S214033BA0012303730378013343734FF44073C381D4
S214033BB0032303740023A0F85C3080F8903070472A
S214033BC010B50446806BD8B1E278022A04D0636B42
S214033BD05B7972B984F83C3094F83C306BB1FFF7EC
S214033BE064FD60784FF60272BDE810400621FFF7C9
S214033BF05CBEB3FA83F35B09ECE7FFF761FDF0E71E
S214033C0010BD10B50446406BD1F7E4F92046BDE875
S214033C101040FFF7D5BF10B50446406BD1F7FEF949
S214033C202046BDE81040FFF7CBBF10B50446406BF7
S214033C30D1F71AFA2046BDE81040FFF7C1BF10B50A
S214033C400446002206214078FFF72FFEA378022BB6
S214033C5001D0FF2B04D12046BDE81040D2F728BD83
S214033C6010BD4FF60273994210B5044601D1FFF713
S214033C70A7FFE378022B02D02046FFF7A1FF2046DA
S214033C80BDE81040D2F714BD10B582780446037918
S214033C907AB90BB1D2F7CCFD2046D2F7F5FD032354
S214033CA06078A4F86C305522BDE810401221FFF767
S214033CB0FCBD012B01D1D2F7BBFDA379012B02D1A9
S214033CC02046D2F7E1FD0123EAE710B583780446E0
S214033CD083B903790BB1D2F7C1FD2046D2F718FE9C
S214033CE004236078A4F86C305522BDE810401221F6
S214033CF0FFF7DBBDB0F86C30022B0CD00379032B37
S214033D0001D1D2F795FDA379032B02D12046D2F732
S214033D10BBFD0023E5E7D2F73BFEFAE7827883682C
S214033D205AB9DB78002B14BF03230423A0F86C30A6
S214033D30552212214078FFF7B8BD1A7922B9DB78ED
S214033D40003B18BF0123F1E70223EFE77FB500230B
S214033D509E6A0446B6F5804F0D460CD201A8D2F7EC
S214033D60BBFF039B5B0506D529462046336C04B090
S214033D70BDE87040184704B070BD00239B6AB3F5D6
S214033D80804F05D21B6BB3F5804F01D29B68184753
S214033D904FF4817070471FB500239A6AB2F5804FBF
S214033DA004D340F2011005B05DF804FB126BB2F5C4
S214033DB0804FF6D2012201A8CDE902338DF8042004
S214033DC0D2F78AFF039BDB03EBD5029B1A0EE8D0E0
S214033DD0012A03D1C3F307430A2BE2D900239B6AC4
S214033DE01B6B1B6C9847DEE708B50AF035FDB0FA87
S214033DF080F0400908BD134610B542B103439B0744
S214033E0007D10AF02DFDB0FA80F0400910BD01205D
S214033E10FCE70020FAE700230360704703680B60A3
S214033E200160704710B538B132B129B100230139AA
S214033E30D45C14B90023037010BD8B42FAD200F889
S214033E40014B0133F4E7034638B10020814204D026
S214033E501A5C02B970470130F8E770474FF0FF313C
S214033E60FFF7F1BF70B50C461646054660B15AB16A
S214033E7051B1FFF7F3FF844206D9211A324628448C
S214033E80BDE87040FFF7CEBF70BDFEE7FEE7002338
S214033E909A4200D1704710B550F8234041F82340AA
S214033EA001339A42F8D110BDD3F776BB4369426C0F
S214033EB0D91C143AB1FBF2F103EBC1000330B0FB9B
S214033EC0F2F00230704738B505460C46FFF7EEFFB2
S214033ED06A6CE31D143AB3FBF2F3013304EBC30439
S214033EE002FB004038BD38B5054644692146FFF756
S214033EF0EAFF6A6CE31D143AB3FBF2F3013304EBF7
S214033F00C304204438BDF7B507460E4600257C6C2F
S214033F10A819644280EA06031C4003D02C462046B8
S214033F2003B0F0BDFB6B01225B6901A99847019BB7
S214033F300133F4D10435EAE770B505460C46D5F7E8
S214033F4001F9EB6B2046BDE87040DB68184770B597
S214033F500025044686B00562E369AB4202D8206AB0
S214033F6006B070BD666C2068E36B05225B6901A929
S214033F7006FB0500984701A800F023FC00F046FC6A
S214033F8010B1236A013323620135E5E738B50446E9
S214033F90456C006804F1400305FB0101E06B00F08B
S214033FA042FC05462046FFF7D2FF284638BDF0B54B
S214033FB00546002687B0EC69013CB44203D80C469C
S214033FC0204607B0F0BD01B14C1E6F6C2868EB6B42
S214033FD005225B6901A907FB0400984701A800F0C6
S214033FE0F0FB00F013FC0028EAD121460136E2E795
S214033FF0F0B504460D46466CE36B006887B00522B1
S2140340005B6901A906FB0500984701A800F0D9FBE8
S21403401000F0FCFB20B101A800F0AAFB07B0F0BD3E
S21403402029462046FFF7C3FF0646676C2068E36B06
S21403403005225B6901A907FB0600984701A800F063
S21403404097FB431CEAD0B54238BF0130E6E72DE9BB
S214034050F0434FF6FF79D0F8248004460E46C84551
S21403406014BF45460025002787B0E369BB4202D844
S21403407007B0BDE8F083E26B2368606CD2F814C027
S21403408000FB0530052201A9E04701A800F099FBD3
S214034090022806D0C8450CD1721C29462046FFF7D5
S2140340A075FFE3690135B5FBF3F2013703FB1255E0
S2140340B0DBE729462046FFF79BFFB0F1FF3F14BF1F
S2140340C0024632460132E8E70368F0B5CC1A436C81
S2140340D00646B4FBF3F4002587B0F36937685A1E27
S2140340E09542706C08D3706C336800FB043007B0DD
S2140340F0BDE8F04000F095BB0134B4FBF3F203FBDC
S2140341001244F36B05225B6901A900FB0470984710
S21403411001A800F056FB00F079FB0028E3D1013537
S214034120DBE710B423F0030422449B070A44436CE2
S21403413018BF04325B4281EA0204234203D05DF8CF
S214034140044BFFF7C1BF10465DF8044B70472DE9DB
S214034150F041D0E90A369E42044686B028D114229E
S214034160C369456802FB1355284606B0BDE8F081CF
S2140341702068676C331AB3FBF7F3E26B07FB0300A5
S214034180D2F8148001A90522C04701A800F019FB44
S214034190012804D0636C1D44013B3340ED1A3146BD
S2140341A02046FFF791FF0646A36AB342E0D1DBE75A
S2140341B00025F9E708B508301346D1E90012D4F70D
S2140341C047FF012008BD13B50C4600212176009356
S2140341D0616813462246D3F735FB18B1E37D03B176
S2140341E0A07EA075A07D02B010BD73B5164600F183
S2140341F008050C46284609680DF1070200F098F9F1
S214034200032E06D16368834203D12846216800F053
S21403421076F9012002B070BDD01E009B4242424197
S214034220187E824211D11A688A420ED85A688A4288
S2140342300BD35A6901325A61D3E9030282423FBF64
S214034240986840F8221001321A610120704710B5B1
S214034250032A029C07D1A26A5340626C524213425D
S21403426001D100F04CF9012010BD08B5C368002049
S2140342709847BDE80840D4F76DBF012814BF042053
S214034280022070B5002442431C70CC7D101D02F042
S21403429002024CB91AB1012220F003001A7000F191
S2140342A008034868184470BD1AB1012220F00300C1
S2140342B01A7000230C7E01F12005DAB2A24201D364
S2140342C00020F0E735F833205E1C824206D901EB66
S2140342D0C30300F10802D8691044E4E73346801AA2
S2140342E0EBE773B5054690F842601C4630460DF181
S2140342F00303FFF7C2FFEB6B012E5B690DD132465A
S21403430001A998479DF8033013B1BDF80630019311
S214034310BDF80430236002B070BD0122214602B00E
S214034320BDE870401847F0B5054600244868EB6BB7
S21403433087B00E4601225B69029402A908309847AB
S214034340274695F84230012B40F0AC80632C00F2F0
S214034350AB80612C08D805AB224631462846FFF7CA
S214034360C0FF9DF814305BB305AB224631462846A2
S2140343708DF81070FFF7B5FF95F84230012B059BBB
S2140343807FD14FF6FF72934256D0082205A904A8A0
S21403439000F063FA059B9DF81010C3F307229142C1
S2140343A04AD1DBB2029A1A44029245E0DCD005AB4E
S2140343B0224631462846FFF794FFBDF81430D2E76D
S2140343C095F84230012B39D1612C2ED8224631463E
S2140343D0284603ABFFF785FF3146284604AB621C2D
S2140343E0FFF77FFF3146284605ABA21CFFF779FF90
S2140343F0102208230DEB02010DF107008DF807309C
S21403440000F02BFA102205A90DF1070000F025FA9B
S214034410039BDAB24AB99DF80720B2EB132F04D1F7
S214034420DDE9043203EB0243029395F84230012B95
S21403443014BF012302231C44013482E7302CF4D832
S21403444022463146284603ABFFF74BFF3146284644
S21403445004AB621CFFF745FF102320220DEB03017C
S2140344600DF107008DF8073000F0F7F9039B9AB2B9
S214034470002ADAD19DF80720B2EB134FD5D1049B5F
S214034480D2E70133D8D0102205A90DEB020000F0C5
S214034490E4F9059B9DF81010C3F307429142CBD174
S2140344A09BB27FE7312C81D9029807B0F0BD13B5D4
S2140344B000240194049C0094D3F7A0FE02B010BD20
S2140344C013B501240194049C0094D3F797FE02B01D
S2140344D010BD00234FF0FF3230B544689C4202D132
S2140344E00023037230BD016801EBC30541F8332096
S2140344F06A600133F2E7C0E90012FFF7EABF002360
S214034500F0B545689D4210D00468DF0054F83320A8
S21403451004EBC306B2F1FF3F08D0C2F31302914285
S21403452004D14FF0FF33E3517360F0BD0133E9E785
S2140345300023F0B545689D4202D14FF0FF300EE0F0
S2140345400468DE0054F83340671C09D0C4F313072D
S214034550B94205D1240D1470036833445868F0BD7E
S2140345600133E8E7704770B59400224605460E46C9
S2140345700AF076F9431C0AD058B922463146284633
S214034580E6F75AFA002814BF3D20002070BD6E20BF
S214034590FCE77120FAE713B5044601A8D5F7D4FB68
S2140345A09DF8063023804FF480736380D5F7DAFBDB
S2140345B06060002002B010BDD5F74ABB08B5D5F73A
S2140345C03BFB002008BD10B5044644EA010313F084
S2140345D00303084609D1934201D1002010BD54F8C5
S2140345E0231040F823100133F5E721469200E6F73F
S2140345F067F8F2E710B504460AF02EF9431C10D00C
S21403460088B9D5F7AFFB234620F003002044984231
S21403461001D1002010BD53F8042B0132F7D03E2001
S214034620F8E76E20F6E77120F4E7704713B500232A
S214034630044601461B220DF107008DF8073000F0F3
S2140346400CF922689DF80730B3EBD26F0CBF01203C
S214034650002002B010BD13B50023044601462022F5
S2140346600DF107008DF8073000F0F7F80DF107009D
S2140346701A22211D00F0F1F862689DF80730B3EBAB
S214034680926F0CBF0120002002B010BD0068431CCF
S214034690584258417047006810F07E0F0CBFC0F3B5
S2140346A0C160002070470068C0F3D31070470068ED
S2140346B000F07F0001288CBF0020012070470368AC
S2140346C013F07E0F14BF042008207047036813F00E
S2140346D07E0F03D1406820F07C40704713F07800CB
S2140346E01CBF03F07F03D81F7047006800F07F00ED
S2140346F07047032809D0022803D1C1F10201C8B2CA
S214034700704700290CBF07200020704737B50546C1
S21403471001F10C0443696946012220469847BDF817
S2140347200030012201932046AB6901A9984703B0E4
S21403473030BD37B501F10C044369012269460546CD
S214034740204698474FF6FF72009B99B291420DD1CF
S2140347506FF30F0343F4254343F0A50301930122AC
S2140347602046AB6901A9984703B030BD0020FBE79C
S21403477037B5044600251B22011D0DF107008DF8F1
S214034780075000F06AF860689DF80720B2EBD06F18
S21403479003D120F0784003B030BD0DF107001B2293
S2140347A004F108018DF8075000F057F8A0689DF84B
S2140347B00730B3EBD06F01D1C043EAE74FF0FF30C9
S2140347C0E9E74BF29A22036810B5B2EB134F04469F
S2140347D013D19BB2012B13D1FFF7CAFF01300CD0C4
S2140347E04FF6FF72E068B2EB104F4FEA104309D161
S2140347F080B2C01A18BF012010BD2368013303D04E
S2140348000420F9E70220F7E70320F5E701288CBF29
S214034810002001207047033801288CBF00200120A8
S2140348207047143070472DE9F041054698460369F2
S21403483008460E4617469847044638B943463A464E
S21403484031462846D4F7F6FC044618B131462846C6
S214034850FFF75CFF2046BDE8F0811F2A0B689EBF6A
S2140348604FF0FF3191408B43590801F055315B1AE5
S21403487003F033319B0803F033330B44017803EB27
S21403488013130A444FF0013103F00F334B43A2EBEB
S21403489013620270704708B507F09EFDBDE8084036
S2140348A00021D4F7D1BD02210320D4F7CBBF704734
S2140348B07047704770474FF050234FF400321A6723
S2140348C070474FF0B0435A6812B19A6A002AFAD179
S2140348D0704770B5054614460E4609F0ACFC2B68C7
S2140348E05C4034405C402C60BDE8704009F09EBCE0
S2140348F00122417803788A4030214B4342F210016B
S21403490003F1A04303F570335A50704721FA00F2BF
S214034910D20730B5034600F0FC040FD5002201325F
S214034920D2B2042A02D14FF0FF3008E0831803F016
S2140349300303234421FA03F5ED07F0D4184630BDEC
S2140349400020704700207047002070470020704703
S21403495001207047012070470F207047E6F786BD99
S214034960002307B5CDE90033012369464FF0FF3036
S2140349708DF8023004F0CBFB03B05DF804FB002097
S214034980704710B508B9212010BD0029FBD0036875
S21403499013F0704205D1C3F30E030B607BB1002006
S2140349A0F2E703F05044B4F1004F05D0B2F1304FB4
S2140349B002D0B2F1404FE6D103F07F03EDE7436840
S2140349C0002BE0D00B60EAE737B50C46054610B976
S2140349D0212003B030BD0029FAD0002301A901939A
S2140349E0FFF7CFFF0028F4D12968019A11F0704130
S2140349F002F1030222F0030201D12260E9E7AD6867
S214034A00B1F1004FC5F38033C5F3403504D103EB52
S214034A10450353432360DCE7B1F1204F01D12B4418
S214034A20F7E7B1F1304FFAD0B1F1404FF7D0CFE707
S214034A3037B50C460546002800F08780002900F0AD
S214034A40848000230B60036803F070430B60C26826
S214034A5022B1032A79D143F080630B60AB689A01D5
S214034A6049D403F08073EA680AB9002B6DD1226833
S214034A7022F0407213432360EA68032A05D12A69A9
S214034A80F62A62D962F317432360AB681B0442BF5E
S214034A90236843F400432360EB68032B1FBF23689C
S214034AA02A6862F30E0323602B68AA68002B2ADBAE
S214034AB012F4C84F49D12B6803F0704303F1004347
S214034AC0B3F1804F05D2530542BF236843F4806396
S214034AD023600023284601A90193FFF752FF40B93C
S214034AE02B6813F070421FD12368019A62F30E03FA
S214034AF0236003B030BD03F04073B3F1407F18BFAB
S214034B004FF00073AFE7500402F4005105D4E1B14F
S214034B10236843F400532360CDE7236843F48043BC
S214034B2023600029C7D0F3E703F05043B3F1004FE7
S214034B3005D0B2F1304F02D0B2F1404F05D1019B00
S214034B405A1E236862F30603D2E72120D1E738B161
S214034B5031B101234B604FF0005300208B60704748
S214034B602120704737B50C46054608B9212016E0C4
S214034B700029FBD001234B60C368A3B901A90193A5
S214034B80FFF722FF58B9019B6A699A4209D32A693B
S214034B90002AEBD0226043F000530020A36003B04A
S214034BA030BD1D20FBE7032BE0D10023F5E7436868
S214034BB013B9416070475B685A68012AFBD1596094
S214034BC07047FFF7DCBE08B5FFF7D9FE002814BF11
S214034BD06FF09200002008BD1346428870B5073276
S214034BE0072A0C464FEAD20101D0A14222D14668D9
S214034BF00588202218460021E5F7D2FB360A03462D
S214034C00DEB9BCB141F20102954205D0B5F5885F25
S214034C1002D0B5F5905F02D100205C6070BDB5F59B
S214034C20105F0DD1182C03D0202C01D0102C01D1ED
S214034C301C60F1E76FF08600F0E76FF08B00EDE79E
S214034C406FF08500EAE7F0B51C46436806461B0A84
S214034C500F46154689B035D122462946FFF7BCFFD5
S214034C6068B9EB1C23F00303C4E90307636145B982
S214034C70202200212046E5F793FB6FF0860009B05B
S214034C80F0BD014620226846E5F78AFB6A462946B8
S214034C903046FFF7A1FF0028EAD12368009A9A421C
S214034CA0E6D16368019A9A42E2D1A368029A9A42CD
S214034CB0DED1A369069A9A42DAD1E369079A9A4241
S214034CC0DDD0D5E76FF08B00D9E7D5F785BBD5F7F1
S214034CD09FBC70470020704700207047C368194484
S214034CE0836853F8210030F8023B136070470123B2
S214034CF010B580F888300378044653B100F061FAA3
S214034D0021462046D5F776FD2046BDE8104000F044
S214034D104DBA10BD38B50D460446D5F753FD6B683E
S214034D202046C4F8B032A96800F096F94FF0FF3376
S214034D302046C4F8B432FFF7CDFF38BDD0F8B432FE
S214034D4010B50133044601D0002010BD00F0BCFAB4
S214034D50C4F8B4020130F7D194F8B80280F0010029
S214034D60F3E708B5D5F76AFD08BD0A7801382D2A9A
S214034D700ABF012200228918D5F7BCBD07281BD815
S214034D80DFE800F0060A0D1013150417012070471C
S214034D9000220820D5F7AEBD00221020FAE7002235
S214034DA02020F7E70820FFF7E0BF1020FBE72020CE
S214034DB0F9E70846D5F700BE002070472DE9F7430C
S214034DC007280C46DDE90A7690461D4608D80138C2
S214034DD006280AD8DFE800F01D27303A44574A0071
S214034DE0212850D003B0BDE8F083002220461146A8
S214034DF0E5F7A2FA3368C0B205EB83013A6845F8D3
S214034E002300013348F8221033603B6801333B60CC
S214034E10E8E7002220461146E5F78EFA336880B2AB
S214034E2005EB8301EAE7002220461146E5F784FAFC
S214034E30336805EB8301E1E7002220461146E5F7D8
S214034E4029FC336840B205EB8301D7E700222046EE
S214034E501146E5F71FFC336800B205EB8301CDE787
S214034E60002220461146E5F715FCE1E700238946B4
S214034E701E461D468DF8063019F8013F7D2B06D1D8
S214034E8025702D0A65703B6848F82340BDE7202B44
S214034E90F2D006F00102013612B98DF80430EBE7C2
S214034EA01022002101A88DF80530E5F7F3FB6319FE
S214034EB001359870ADB2DFE72DE9F04F9B4600232E
S214034EC085B08B45814688469246CDE902336BDC36
S214034ED01A461E4619F80340212C09D81F2C04D85D
S214034EE0103C072C98BF012200E001260133F1E7AE
S214034EF0FF2CFBD15B4436B1013B43450ADD2B2037
S214034F0005B0BDE8F08F62B1013B4345F7DC35469B
S214034F10374602E000252F462E46454504DB002093
S214034F20EEE79845F3D0EAE75D453BDB19F8073033
S214034F30202B18D109EB07035B78FF2BDFD1CEB903
S214034F4020465AF82510FFF719FF78B303AB0193F1
S214034F5002AB00932046DDE90E235AF82510FFF72F
S214034F602DFF0135D9E7212B0ED109EB07035B781B
S214034F70FF2BC4D1029B5AF825200E99012641F82F
S214034F80232001330293ECE7A3F11004072C02D984
S214034F901C460137D3E709EB07035B78FF2BAED13B
S214034FA0E4B2CCE70624CAE72120A9E72620A7E730
S214034FB02DE9F04F07460E4615469846044685B03B
S214034FC0DDF84490DDE90FAB206808B3DAF800207B
S214034FD0D8F800108A421BDA0E9B53F82210D2F739
S214034FE00FFA48BBDAF800200132CAF800206268DC
S214034FF0117BFE291BD10E9B1068012100932A46C4
S2140350004346CDE902B9CDF804A0FFF7D1FF044625
S2140350102B7843B999F800302BB97EB101233C466F
S21403502089F800302B70204605B0BDE8F08F0123C9
S2140350308BF800302B70EBE70C34C5E73446F2E709
S21403504010B50446236803B910BD237A13B9204666
S214035050D5F7E8FC0C34F5E710B541B10A7932B957
S21403506001249C300C71FEF7D9FE204610BD0020AB
S214035070FCE72DE9F041BAB005460AAA084603A99B
S21403508000F05FF90446B0B90DF10A0301930DF180
S2140350900B038DF80A0000930AAA284604AB03A95B
S2140350A0D5F770FE9DF80A20B2B19DF80B2048B1E3
S2140350B02AB1D5F7B7FC20463AB0BDE8F081FFF732
S2140350C0BFFFF8E7D5F89C50002DF4D0A86808B1C8
S2140350D0FFF7B6FF2D68F7E700B346681AAB06F18D
S2140350E00C082AAF01934046049B039900970AAA2B
S2140350F0FFF7E2FE04460028DDD1039B05A8CDE9B1
S2140351000637049B0595CDE90838D7F703F905A8B4
S2140351103368984705A800F03FFDCCE72D24CAE77F
S21403512010B50446AC30E5F737F804F1AB031A18AC
S2140351300020934200D110BD13F8011F0029FAD0B6
S2140351400A2908BF0130F4E70023F0B50B601360AB
S2140351500646D0F8AC0278B196F8AC0060B10124EC
S21403516006F1AC07D6F8AC02844210D306F1AC00C5
S214035170B3F5007F10D30120F0BD0D6801350D6037
S214035180156801351560F85C01330A2802D0B3F5BB
S214035190007FF2D30134E5E7C15C0A29EBD000298E
S2140351A0E9D01168013301311160E1E710B5002140
S2140351B0D0F88C200446E5F7F3F80023C4E924333B
S2140351C010BD73B5044600F1AC0580212046FEF7FA
S2140351D03AFE4FF4007106462846FEF734FE0136C3
S2140351E0C0F50070864220461FD8E4F7D5FF064672
S2140351F02846E4F7D1FF01362946421CA819E5F7ED
S21403520021F92046E4F7C8FF214602462846E5F77B
S21403521057FA2046E4F7C0FF0A23204480F8AC3050
S2140352200023C4F8AC3202B070BDFFF779FF01AAC1
S214035230C4F8AC0269462046FFF786FF0022009BAF
S214035240234483F8AC20C0E773B50D460446FFF746
S21403525067FF6B1C19D1D4F8AC3213B1013BC4F809
S214035260AC3200252046E4F797FFA84215D820461F
S214035270FFF79CFFD4F8AC322BB16946204601AA4F
S214035280FFF762FFA0B902B070BD012DFBD1D4F8C1
S214035290AC328342F7D20133E1E7082000F023F86B
S2140352A0202000F020F8082000F01DF80135D9E78B
S2140352B0009D04F1AC06019BAB42E4D9715D204628
S2140352C0D5F78EFE0135F6E707B500200DF1070189
S2140352D000F0E7F820B99DF8070003B05DF804FB7B
S2140352E04FF0FF30F9E710B5C1B20446002000F0D6
S2140352F0C8F800280CBF20464FF0FF3010BD0FB48F
S21403530007B504AA52F8041B00200192D6F704F846
S214035310002003B05DF804EB04B0704710B54C1CD6
S2140353200B460119045D222C03D07B2C01D05C2C88
S21403533005D1D21A1844E5F785F8012010BD0020E0
S214035340FCE72DE9F047054691468846E4F724FF37
S2140353502A4606461346197801322029FAD0C9F898
S21403536000305C1B01236FF0404AC8F80030A642A9
S21403537001D8002014E02F5D29197B2F12D0222F8D
S2140353802ED1D8F80030621C53442A4449F823200F
S214035390012C09D911F8013C13F0DF0F04D02120AA
S2140353A0BDE8F0877D27F3E701342B5DBB4209D1C7
S2140353B02B195B7813F0DF03F1D1222F00D12B5585
S2140353C00134D4E75C2B07D1324621462846FFF743
S2140353D0A5FF0028E3D0013E0134A642E5D8DEE768
S2140353E05C2F08D1324621462846FFF797FF002850
S2140353F0D5D0013EE4E7202FE2D10022631CB3425E
S2140354000A70DDD2EA18EB5C202BD9D0D8F800302E
S2140354100F2B05DC49F823200133C8F80030CFE70B
S2140354201E20BDE700F000B800207047D1F7D6BFB6
S21403543070B50C46154610B9D5F762FF38B1436808
S2140354402BB12A462146BDE8704000681847232042
S21403545070BDF7B50D4616461C4638B9D5F750FF4E
S21403546004B901AC20B9232003B0F0BD03B901ACE5
S214035470C768002FF7D02346324629460068B84748
S214035480F2E707B501228DF807100DF10701FFF7C4
S214035490CFFF03B05DF804FB0B4601461846FFF743
S2140354A0F0BF00230122FFF7D4BF08B508F0BBFF07
S2140354B0FA23B0FBF3F080B208BD0420704740F235
S2140354C00160D6F713B87047012070470020704775
S2140354D049BA89B280EA0103C3F30312534018039F
S2140354E080B258405B0103F4FF535840704708B539
S2140354F0D6F7C8FB58B1A0F15903042B06D8042BE2
S21403550004D8DFE803F00404040304005C2008BDA9
S214035510D6F710BD7047F8B50C468D1807355242BE
S2140355201540A5F108070646384600F0DFF9A188BE
S214035530381B628801EBE00189B2A2EBE00225F892
S214035540041C25F8062CA288C310AAB1A4EBC20239
S214035550B2F802C0D18003EB0C015180E28892B10D
S214035560D31A9BB204EBC20425F8023CA380B368AB
S2140355700344B3603846F8BD15F8082C42F002021F
S21403558005F8082CEAE725F8022CF0E72DE9F04F9A
S2140355904FF0000887B09946531C109B05461746E4
S2140355A014BF14460824CDF81480002B00F0C580E1
S2140355B0C3F80080002900F0C28042688A4240F2A5
S2140355C0BE80073121F0070608F042FE05AACDE9A2
S2140355D0008282463A464B463146284600F08AF910
S2140355E0059F834607B130B9504608F02CFE1920B4
S2140355F007B0BDE8F08FB7F8028029694FEAC80202
S214035600C0EBC8080139B8F1270F29617AD9B9F177
S214035610000F51D1864206F1080848D02246394683
S2140356202846FFF778FF04460590059B98444046B6
S21403563000F05CF9059906F10F004A88C308A2EB4F
S214035640D002A8F80220CA88A8F80430002A30D06E
S214035650D31A9BB201EBC202A8F8063093808B885C
S214035660F608A380B8F804303A46E38041460023A0
S2140356702846668000F0A6F9AB680833AB6023784B
S21403568043F0010323702B6901332B616288AB68F7
S214035690504603EBC203EA68AB60934288BFEB60F5
S2140356A008F0D1FD109B083400201C60A0E73C46A0
S2140356B0BBE7A8F80620D2E707EB080420460392C8
S2140356C000F014F90BF10703DB080599638008F172
S2140356D00703DB08A380CB8893B1DB00039AD81DAE
S2140356E0821A5A44C2F3CF020B44E2809A80A388FC
S2140356F008F1FF384FEAD808A1F80280CB80BBE751
S214035700E380F4E7B9F1010F1BD107F10803B3FBFC
S214035710F4F204FB1233B3B1224639462846FFF7A8
S214035720FAFE044623783A4643F0010323702146E3
S2140357300123284600F046F9A8E7222058E721204F
S21403574056E78642E8D13C46ECE707B500224FF021
S214035750FF3101AB0192D6F74DF8019803B05DF81F
S21403576004FB2DE9F74F04460D46002900F0AB80F5
S214035770D0E9056808F06CFD15F8087C35F8061CBA
S214035780FB07009000D531B9009808F05CFD0120B6
S21403579003B0BDE8F08FA368D4F8109035F804EC96
S2140357A0A3EBC10B09F10103A5F1080C4A1CC4F8CD
S2140357B008B02361BEF1000F7BD0ACEBCE03D888D4
S2140357C0B3F802A00190187807F00207C00765D463
S2140357D0002F64D10198A0EB0A07012F69D18A1C18
S2140357E0ABF108075244C4F81090A76035F802ECF2
S2140357F0BEF1000F61D0D4E900700CEBCE0A07EBC4
S2140358000009CA4559D21CF83EC057461CF0010C85
S21403581015D1AEEB0101012911D1BAF80210AAF88D
S21403582002C001310A44BAF80610002943D00AEB35
S214035830C107216901392161A1680839A16015F8FA
S214035840081C013A21F0010105F8081C002125F87F
S214035850061C5A801A7861F300021A707FB3C3F1EC
S21403586007023A44C2F3CF02DA80BA804EB3B34299
S21403587027D37288002A08BF1E46B8F1000F06D049
S214035880434504D8B8F80220002A18BF43460098B8
S214035890C4E9056308F0D7FC002079E74FB115F893
S2140358A0087C724427F0020705F8087C00279F80CF
S2140358B09CE763469AE70F46BBE70027BFE7DF8010
S2140358C0D4E71E46D9E7222062E710B50446D5F78B
S2140358D0A9FF2146BDE81040FFF743BFFFF7F5BF1A
S2140358E00846FFF732BF0846FFF7F8BF00230360FA
S2140358F043607047F0B5D0E90554561C08BF08222C
S214035900002B4FF0000008BF2C46DDF818C0CCF87B
S2140359100000002C37D09DF814706588FF0007EB55
S214035920C505C2F1000E2078C00708D51BBBE0886A
S214035930A0B104EBC004658807EBC505F3E78D4209
S214035940F4D363B904F10806B6FBF2F002FB106663
S21403595070180EB1A842EAD8CCF80040F0BD082A69
S2140359600FD06088013004EBC000461A06EA0E0624
S214035970801B8542F0D2A0880028EFD0A4EBC00499
S214035980D9E70846E8E72046E8E703460069C0B1DA
S2140359900AB951B91A6810460378DB0711D531B92D
S2140359A0C3885BB100EBC300F6E79A69F3E7012906
S2140359B004D1838823B1A0EBC300EDE70020704732
S2140359C0184670472DE9F041D0E905540746884646
S2140359D01646ABB1954200D00ABB42460021384674
S2140359E0FFF7D3FFB442054600D02EB94246012145
S2140359F03846FFF7CAFF0446C7E90554BDE8F081F9
S214035A00954208D08D4228BF0D46B44205D0444582
S214035A1038BF4446F0E70D46F7E74446ECE79442C2
S214035A20EAD1E3E770B500261C46C3E90001C3E9E3
S214035A300266C3E905001E611A775E62FFF756FF2A
S214035A4023690139C908013341802361A3683046BD
S214035A500833A360E3680833E36070BD002307B52B
S214035A60684600938DF80430D4F7DCF803B05DF88D
S214035A7004FB10B508F0DFFB044606F03FFD2046A6
S214035A80BDE8104008F0D2BB70474FF4C870D5F796
S214035A9029BFD5F7DBBF00F01CB87047704708B5C1
S214035AA003F07EF903F086F903F08DF903F09CF911
S214035AB0BDE8084003F0ABB9704708B503F06BF9CF
S214035AC003F06AF903F069F903F069F9FFF7F4FFE5
S214035AD008BD08B503F09CF903F09BF903F09BF9A6
S214035AE0BDE8084003F09EB97047012070472DE9D2
S214035AF0F34112F001050446884622D110F003054F
S214035B0025D12F465208BA4209D1D4F795F8002674
S214035B10B74204EB860008D1D4F79AF811E054F89C
S214035B20273001330CD10137EDE7042258F826302D
S214035B300DEB0201019308F093FE30B1D4F788F819
S214035B403D25284602B0BDE8F0810136E0E7012591
S214035B50F7E77047B0F1006F0FD300F07843B3F167
S214035B60006F0CD000F06040B0F1404F09D0B0F1A8
S214035B70604F14BF042003207047002070470120A5
S214035B80704702207047002070471AB111B180B2E7
S214035B90D6F7D0B92120704701F097BEDFF780B85B
S214035BA0FFF78DBCD0E9023253F822300021187873
S214035BB0DEF7C8BC704702F0D8B901F018BEC36858
S214035BC08268013BDBB252F823305B78652B02D147
S214035BD00020E1F707B86E2B01D10120F9E7662B09
S214035BE001D10220F5E7704710B5D0E9023204462A
S214035BF053F82230187802F0A2FAE368A268013359
S214035C0052F82330BDE81040187802F096BA10B563
S214035C100446C0B2D7F75CFB200ABDE81040D7F7AE
S214035C2057BBD0E9023253F822301878D7F758BC5E
S214035C3002F035BADFF7D4BC08B501F0F9FEBDE8CB
S214035C400840E0F7BDBED0E9023253F822301868A8
S214035C5001F0ECBE0020E0F7B9BF0120E0F7B6BFC5
S214035C600221D7F7D3BB0321D7F7D0BB0521D7F73C
S214035C70CDBB08B501460C20D7F7A4FBBDE808400A
S214035C80D7F732BB08B501460020D7F79BFBBDE824
S214035C900840D7F729BB07B5C2688368043253F8B0
S214035CA0223001211B880DF10602ADF806300023D1
S214035CB0D8F730F903B05DF804FB08B508F0C7FB66
S214035CC0BDE80840EDF796BA10B51446D8F73EFC83
S214035CD02146BDE8104008F0B5B808B5D8F736FC3D
S214035CE0BDE80840002108F0ADB808B5D8F72EFC8B
S214035CF0BDE80840ECF794BD08B5D8F727FCBDE827
S214035D000840ECF779BD7047704708B508F09FFB6D
S214035D10FFF7FAFF03F0E0F8BDE80840D8F762BCE7
S214035D207047012070470120704708B5D8F7F6FC86
S214035D3000280CBF0420012008BD70472DE9F3415D
S214035D4004460D4616461F46DDF8208008F017FC6D
S214035D503B46324629462046CDF8008003F0BDF880
S214035D603B46324629462046CDF80080FFF7E5FF3E
S214035D7002B0BDE8F04101F0A8BD2DE9FF47044697
S214035D800D4616461F46BDF830809DF83490DDF864
S214035D9038A008F0F4FB3B46324629462046CDE9B8
S214035DA0019ACDF8008001F041F804B0BDE8F04751
S214035DB001F08BBDF8B504460D4616461F4608F09F
S214035DC0DEFB3B46324629462046DEF7F5F8044618
S214035DD001F07BFD2046F8BD70472DE9F3410446EC
S214035DE00D4616461F46BDF8208008F0C8FB3B4606
S214035DF0324629462046CDF8008003F071F8334634
S214035E004246294620460097FFF7E6FF02B0BDE864
S214035E10F04101F05ABD704708B508F0B0FB03F037
S214035E2060F8FFF7F8FFBDE8084001F04EBD01201B
S214035E3070472DE9F74304460D4616461F469DF860
S214035E40289008F09CFB3B46324629462046CDF870
S214035E500090FFF7ECFF80463B4632462946204635
S214035E60CDF8009003F03EF801F02FFD404603B056
S214035E70BDE8F083012070472DE9F74304460D463D
S214035E8016461F469DF8289008F079FB3B46324697
S214035E9029462046CDF80090FFF7ECFF80463B46A8
S214035EA0324629462046CDF8009003F01CF801F050
S214035EB00CFD404603B0BDE8F083F8B504460D4636
S214035EC016461F4608F05BFB3B46324629462046ED
S214035ED003F00AF8BDE8F84001F0F7BC002070476D
S214035EE0F8B504460D46164608F049FB32462946E1
S214035EF02046FFF7F3FF074632462946204602F0C0
S214035F00F4FF01F0E2FC3846F8BD38B504460D460A
S214035F1008F035FB2946204602F0E8FFBDE8384086
S214035F2001F0D3BC704710B5044608F028FB2046A2
S214035F3002F0DDFF2046FFF7F5FFBDE8104001F055
S214035F40C4BC704738B504460D4608F018FB29460E
S214035F50204602F0DBFF29462046FFF7F2FFBDE8A6
S214035F60384001F0B2BC704770B504460D4616467D
S214035F7008F005FB32462946204602F0C9FF3246A2
S214035F8029462046FFF7EFFFBDE8704001F09DBCB1
S214035F90704738B504460D4608F0F1FA2946204600
S214035FA002F0B8FF29462046FFF7F2FFBDE8384067
S214035FB001F08BBC70472DE9F34104460D461646A7
S214035FC01F469DF8208008F0DAFA3B4632462946FB
S214035FD02046CDF8008002F09FFF3B463246294616
S214035FE02046CDF80080FFF7E5FF02B0BDE8F0419C
S214035FF001F06BBC704738B5054608F0C0FA284672
S21403600000F0E1FE04460146284601F0ACFF01F02D
S2140360105CFC204638BD38B504460D4602F07DFFCD
S21403602029462046FFF7E6FF38BD704738B50546D4
S21403603008F0A5FA2846DEF7DFFD044601462846A3
S21403604001F08FFF01F041FC204638BD38B5044609
S2140360500D4602F063FF29462046FFF7E6FF38BDEC
S214036060704710B5044608F08AFA204602F057FF38
S2140360702046FFF7F5FFBDE8104001F026BC704749
S21403608038B504460D4608F07AFA2946204602F04B
S21403609047FF29462046FFF7F2FFBDE8384001F0E8
S2140360A014BC704770B504460D46164608F067FAEA
S2140360B032462946204602F034FF32462946204619
S2140360C0FFF7EFFFBDE8704001F0FFBB704738B540
S2140360D004460D4608F053FA2946204602F022FFEE
S2140360E029462046FFF7F2FFBDE8384001F0EDBB36
S2140360F0704738B504460D4608F041FA294620464F
S21403610002F011FF29462046FFF7F2FFBDE83840AC
S21403611001F0DBBB704710B5044608F030FA2046A2
S21403612002F002FF2046FFF7F5FFBDE8104001F03E
S214036130CCBB704710B5044608F021FA204602F09F
S214036140F4FE2046FFF7F5FFBDE8104001F0BDBBA7
S2140361507047704770B504460D46164608F00FFAAA
S21403616032462946204602F0E3FE324629462046BA
S214036170FFF7EFFFBDE8704001F0A7BB704710B50F
S214036180044608F0FCF9204602F0D3FE2046FFF74B
S214036190F5FFBDE8104001F098BB704738B50446DC
S2140361A00D4608F0ECF92946204602F0C3FE2946C0
S2140361B02046FFF7F2FFBDE8384001F086BB704784
S2140361C0F8B504460D4616461F4608F0D8F93B4672
S2140361D032462946204602F0AFFE3B463246294663
S2140361E02046FFF7ECFFBDE8F84001F06EBB7047B2
S2140361F070B504460D46164608F0C1F932462946E0
S214036200204602F09AFE324629462046FFF7EFFF65
S214036210BDE8704001F059BB70472DE9F3410446D1
S2140362200D4616461F46DDF8208008F0A8F93B46C3
S214036230324629462046CDF8008002F07FFE3B46D4
S214036240324629462046CDF80080FFF7E5FF02B028
S214036250BDE8F04101F039BB0E2070470E207047B1
S21403626038B5044608F08BF92046FFF7F7FF0546D6
S214036270204602F064FE2046FFF7EEFF01F025FB02
S214036280284638BD704710B5044608F078F920460E
S21403629002F056FE2046FFF7F5FFBDE8104001F07A
S2140362A014BB002070470020704738B5044608F03A
S2140362B066F92046FFF7F7FF0546204602F041FE43
S2140362C02046FFF7EEFF01F000FB284638BD704777
S2140362D008B508F054F902F035FEFFF7F8FFBDE8FD
S2140362E0084001F0F2BA002070477047704708B5BF
S2140362F0D8F7E6FA00280CBF0420012008BD704733
S2140363000B68DA7B1AB9DB7C0BB9D8F7FDBA8120A8
S214036310704708B5D8F710FBBDE80840D8F71ABB96
S2140363207047D8F709BBD8F715BB082808D84FF429
S2140363308B73C34013F0010F0CBF2120002070475E
S214036340212070470121D8F7F7BB0221D8F7F4BB09
S2140363500421D8F7F1BB0821D8F7EEBB1021D8F7F4
S214036360EBBB01207047D0E9023253F8223018788D
S214036370D8F78EBD0868C37B1BB9C37C0BB9D8F7A7
S214036380B7BD81207047D0E9023253F8223018781F
S214036390D8F7F0BD704730B50546044615F8100B20
S2140363A085B0029565691D44CDE900250B46A21DFF
S2140363B0618801F038FE05B030BD704710B492F81E
S2140363C00A4192F8053103EB04230B8100235DF8A1
S2140363D0044B1A4601F025BE1FB50446084671B1A4
S2140363E02178FF290BD0238B029363690193237CC7
S2140363F000936288A31DDEF71BFCFF23237004B003
S21403640010BD0868C37B73B9C37C032B0BD8DFE8C6
S21403641003F002080406D9F7ADB8D9F7DDB8D9F703
S2140364200DB9D9F7BBB88120704770477047002075
S2140364307047137810B5032B0CD15479CBB29C421A
S21403644008D19379B3EB112F04D153781B1A584212
S214036450584110BD0020FCE77FB505460E460024D4
S2140364606946E0B201F085FD28B96A4631462846FA
S214036470FFF7DFFF18B90134202CF1D1002004B058
S21403648070BDFFF7E9BF0868C37B9BB9C37C052BC8
S21403649010D8DFE803F0030D070B0905D9F772B927
S2140364A0D9F7AEBBD9F708BAD9F75ABBD9F7D8BAD2
S2140364B0D9F7AAB9812070470020704730B5102558
S2140364C087B001AA00210195FEF708FC04462A4678
S2140364D0002102A8E3F764FF2A46214602A8E3F751
S2140364E0B1FF012102A8D9F769FD07B030BDD9F77E
S2140364F0F7BC7047FFF7FDBF0B68DA7B5AB9DB7C46
S214036500012B04D0022B04D02BB9DAF77BB9DAF7C8
S21403651085B9DAF78FB981207047002307B50121C3
S21403652001A80193D0F7B2FD08B9D0F7EBFB012021
S21403653003B05DF804FB08B502F070FA052803D033
S214036540003818BF012008BD0220FCE77047D0E9D9
S214036550023253F822301878003818BF0120DBF7D0
S214036560E9BCDBF7EDBC002070470020704770479E
S214036570FF207047FF2070470020704700207047B9
S21403658000207047704706207047DAF791BF086807
S214036590DBF76ABC70B50D4604460021284616464E
S2140365A001F078F9324620800221284601F072F97C
S2140365B0324660800421284601F069F90023A3606F
S2140365C0E3606060082070BD034641B181424FF02E
S2140365D0640005D94343B3FBF1F0C0B270470846E5
S2140365E07047DBF7BBBCDCF7B1BADCF7B9BBB0F579
S2140365F0807F05D0A0F5007358425841400170478C
S2140366000820704730B599B00D4669461446DCF746
S2140366100BFB30B915B1BDF802302B600CB10D9BE6
S214036620236019B030BD2DE9F04788B00E4690467A
S21403663004A905AA07461D46FFF7E4FF044638BB30
S21403664028800DF10C09DDE904A39A4520D2062221
S21403665051463846CDF8009006ABDCF701FBD8B9B7
S214036660039B062B18D12A88DDF81A3042450ED232
S214036670BDF8181026F832102A8806EBC2025360BB
S2140366802A885344013206332A800493DBE7F7D97A
S214036690204608B0BDE8F0870124F9E72DE9F0436A
S2140366A08FB00F46904601A9002204469946FFF78D
S2140366B0A9FF18B101200FB0BDE8F08306222046DB
S2140366C00DF1020302A9FFF7AEFF0028F2D105463B
S2140366D00246BDF80210019CEEB28E42EAD20EAB21
S2140366E003EBC60656F82C3C36F8306C0634BE422E
S2140366F017BFE418012213460022013522B1C8F859
S2140367000040C9F80030D6E71A46E5E770B500241E
S214036710012602F05DF9E5B2C26806FA05F5954270
S214036720234604F10104F4D3D8B270BD70B586B025
S214036730DCF7C8F800F11006E1F7BCFC00240546B8
S214036740142201A9301902F04AF91CB99DF8043045
S214036750FF2B16D0002303F118026A4412F8142CF8
S214036760FF2A06D11C44601E90FBF5F080B206B0EB
S21403677070BD2B44DBB2132BEDD91434B4F5826F02
S214036780DED14FF0FF30F2E7DBF7D2BE07B50422C7
S2140367900DEB020102F023F9019803B05DF804FB48
S2140367A037B5054608460C46FFF7F0FFA84206D065
S2140367B0042220460DEB02010195E1F7CDFC03B060
S2140367C030BD07B50B460092002102460120DBF7D9
S2140367D041FF03B05DF804FB08B50121DBF772FE49
S2140367E0BDE80840E1F764BEDCF7B0B908B5FFF7CB
S2140367F0F3FF002008BD08B513460A4601461846AF
S214036800DBF7BCFF80F00100C0B208BD0020704774
S214036810704708B1DCF7BABA704730B4DDE9024511
S2140368201DB1029430BC00F0C6B930BC70471F28B7
S21403683004D8142200F5A030D5F746BC70471F28AD
S21403684004D8142200F5A030D5F76ABC7047152883
S21403685008B505D1FFF7DCFFBDE80840DCF7DCBB75
S21403686008BD10B5142486B02246002101A8E3F71C
S21403687097FD2023224601A94FF4A03001F097FC90
S21403688006B010BD0020704713B500230C461A4609
S2140368900146CDE90033E0B2DDF782F902B010BD60
S2140368A013B500231446019001220093E0B2DDF7EE
S2140368B077F902B010BDD0E9023253F822301868D7
S2140368C0DDF7E6BA194491420ADC4218002003B900
S2140368D0704712F8011D013B01EB0020DBB2F6E71F
S2140368E0002070472DE9F04F4FF0000A85B0019362
S2140368F081460F4615465346019A11785FFA8AF287
S214036900914203D8002005B0BDE8F08F019909EB4A
S214036910050801EB4202517892F802B011F04004E8
S214036920009101F03F061BD0AC19BC42D4BF002433
S214036930012433466400A20740F18880009B1B06AF
S21403694040F192800E9B324603EB0B000021E3F7E7
S21403695027FD3D4600231D44ADB20AF1010ACBE7ED
S214036960042E07D866B1B31E022B0BD8DFE803F05C
S214036970122130003E2E37D03F2E5BD03D2E4BD01B
S2140369800320C0E7BD4234BF00240124012664006F
S2140369903346D0E7AB1CBB4250DC02233A462946BB
S2140369A04846FFF78FFFADF80A0002230DF10A08E9
S2140369B0C1E7EB1CBB4243DC03233A462946484661
S2140369C0FFF780FF0390042603230DF10C08B2E7BC
S2140369D02B1DBB4236DC04233A4629464846FFF7BE
S2140369E071FF03900423F0E77A1E95422CDA022304
S2140369F03A4629464846FFF765FF4FF6FF7380B2CF
S214036A0098420EBF0223023083B25C19A742B4BF7A
S214036A100324012404268EE7BD4215D298F80030DD
S214036A20FF2B0CBF01230133EC18BC42CCBF03245D
S214036A300124EFE70124042600237CE73446B4E769
S214036A400224C0E70224CDE70324E3E70E9A02EB11
S214036A500B0014B142F80B807DE7324641460093A3
S214036A60E3F72EFE009B76E702204CE710B51446AC
S214036A7086B018811A460A9B0291CDE90343012387
S214036A800193099B014600930320BDF82030DDF7F0
S214036A901DFB06B010BD1FB500240294079C01948D
S214036AA0BDF818400094FFF7E1FF04B010BD2DE9D0
S214036AB0F0410E461746054686B098B391B38AB39F
S214036AC04FF0000802A95FFA88F001F052FA044674
S214036AD040B99DF80830032B08D008F10108B8F137
S214036AE0200FEFD1204606B0BDE8F0819DF80920BF
S214036AF02B799A42F1D1BDF80A206B889A42ECD1E1
S214036B009DF80C30BDF80D006B7128812B4622468C
S214036B104FF6FF71CDE90067FFF7BDFF0028DCD015
S214036B200446DFE72124DDE710B586B00A9C04940B
S214036B309DF824400394BDF8204002940124CDE937
S214036B40003413460A4601460620DDF7BFFA06B0B0
S214036B5010BD1FB504460846194600230094CDE928
S214036B600123079BBDF81820FFF7DEFF04B010BD16
S214036B70F0B5022805460E4614461F468BB00AD1CA
S214036B8006A9F0B201F0F5F998B99DF8193023710A
S214036B909DF81C306371119B224604930023CDE9B4
S214036BA002330193109B3146009328463B46DDF79C
S214036BB08DFA0BB0F0BD13B500240194049C009429
S214036BC0FFF7D6FF02B010BD2DE9F045064688460E
S214036BD014469A46002701258BB006A9F8B201F0A1
S214036BE0C8F920BB9DF81830012B19D19DF8192040
S214036BF033799A4214D1BDF81A2073889A420FD17A
S214036C009DF81C3032467371B9B2CDE9030ACDE95B
S214036C100100434602200094DDF758FA054610B9F2
S214036C200137202FD9D128460BB0BDE8F08505469D
S214036C30F9E70023FFF7C8BF10B50446DEF724F8CC
S214036C400021631E04F10F0213F8010FFF2808BF8B
S214036C5019709342F8D10023237410BD00207047A7
S214036C6070B506461D46DDF783FE044608B92120A7
S214036C7070BD3046DEF74AF90028F8D0A0682A46E9
S214036C80FF21FFF721F89DF81030002063719DF86F
S214036C901430A371ECE713B59DF81040CDE900342A
S214036CA013460122FFF7DCFF02B010BD08B5DDF77F
S214036CB05FFE28B18068FF21FFF717F8002008BDA4
S214036CC02120FCE70122FFF7F1BF1FB50B466A46FA
S214036CD00146184601F043F96A460823002032F8B5
S214036CE0021B013B13F0FF0380EA0100F7D10128E2
S214036CF038BF012080B205B05DF804FB2DE9F04FE4
S214036D0087B0DDE9109B05468846484619461F4668
S214036D101446BDF848609DF84CA0FFF7D6FF042D37
S214036D200346ABF800001AD8022D1DD9042D07D050
S214036D304FF2F222A188914222D1E28891071FD511
S214036D40E17A0022CDE9013720463346CDE90392A6
S214036D50CDF800A001F058F907B0BDE8F08F6A1F20
S214036D60012A11D92120F7E700224146CDE91192E5
S214036D7028462246109707B0BDE8F04F01F053B9F6
S214036D804FF6FF760C21DCE7052D0ED10023E17AC2
S214036D900022CDE90137CDE90392009123465246FE
S214036DA04146304601F023F9D6E74FF2F222A18896
S214036DB0914204D1E288920701D5E17AE8E74FF6DB
S214036DC0FF760C21E4E7F0B585B00546DDF790FACB
S214036DD048B16B88B3F5006F05D1681D05B0BDE8F3
S214036DE0F04000F0EFBC284600F005FD0446C8B9A5
S214036DF0E7B26946384601F0BCF878B99DF80060FA
S214036E0066B92946384601F0B8F820B140F604437F
S214036E10984207D08C26304605B0F0BD0134202CAE
S214036E20E6D1F7E78D26F6E7DDF748BC2DE9FF4701
S214036E3004460D460146184617461E46BDF83080E2
S214036E409DF83490DDF838A0D8F7D4F9D0B92146A8
S214036E50284601F038F933463A4629462046CDE916
S214036E60019ACDF80080DDF7CDFC33463A46294635
S214036E702046CDE90D9ACDF8308004B0BDE8F04742
S214036E8002F02DB804B0BDE8F087DDF765BEDDF788
S214036E901DBEDDF741BE10B5044601F020F90822F9
S214036EA001462046BDE81040E3F7CCBA01F019B915
S214036EB0002101F016B901F028B900207047202000
S214036EC07047EBF757B9EBF7A1B9EDF743BE704739
S214036ED0DDF78EBF70B506460C46154600F04CF837
S214036EE050B13CB135B1204600F0DAFC013080B237
S214036EF0A84200D9002070BD304600F043F840B1E8
S214036F00002CF7D0012DF5D9204600F0CEFC023038
S214036F10EDE73046DDF7CCFEEAE7F8B5BDF81850E6
S214036F2010B3967855B9D478A6F14107012F07D840
S214036F30621ED2B200F0D3FD0020F8BD2C46F3E764
S214036F40433E012E04D8A21E92B200F0E0FDF3E702
S214036F50D27813B90DB1AA4206D811B9E3F720FACD
S214036F60EAE7E3F76FFAE7E78920E6E7413803281D
S214036F708CBF002001207047413801288CBF0020B9
S214036F8001207047433801288CBF0020012070473A
S214036F9000207047002070470388B3F57C4F01D369
S214036FA0FFF7F8BF0846FFF7F3BF10B54A88048813
S214036FB0A2420DD1037B0C79234009D0B2F57C4F56
S214036FC008D3FFF7E7FF0B891B1A5842584110BD39
S214036FD00020FCE70120FAE738B50D88D488A542DF
S214036FE00AD10388B3F57C4F08D2FFF7D5FF138980
S214036FF01B1A5842584138BD0020FCE70120FAE727
S2140370002DE9F04715460446B8B149B1EAB1002662
S2140370104FF0140AB04690F80490F3B2994501D89D
S21403702000240AE027680AFB06773846FFF7BDFF09
S214037030013628B13C46A5F800802046BDE8F08717
S2140370407B8943441FFA83F8E7E71446F5E72DE9FF
S214037050F0470E4615460446B8B149B112B30027A9
S2140370604FF00C0AB846B0F80890BBB2994501D861
S21403707000240AE06368324620460AFB0731FFF71E
S214037080ABFF28B10C46A5F800802046BDE8F08784
S2140370900B79013713F0300F02BFCB7843441FFA46
S2140370A083F8E2E71446F0E72DE9F04186B00D4693
S2140370B01446984604AA05AB03A90646DDF7CEFE9A
S2140370C040B30DB1049B2B6034B3049D039829464B
S2140370D0FFF762FF2B88074602467188307800F078
S2140370E050FBD8B1297911F010030BD0EB782A4660
S2140370F0CDE900433B4671883078FCF7F6FB06B0D3
S214037100BDE8F0812A4620460599CDF80080FFF7B2
S21403711004FFF4E78620F2E72046F0E77E20EEE75A
S2140371201FB51C460023ADF80A20BDF818208DF8BD
S2140371300400ADF80610ADF80C2069461A4601A8FF
S21403714000938DF80840FFF7AFFF009804B010BD1A
S214037150F0B587B00E4605AB04AA03A90446DDF7CF
S2140371607DFE08B3049D03982946FFF715FF2B8879
S214037170074602466188207800F005FBB0B12979FE
S21403718011F0100108D000963B462A466188207805
S214037190CEF710FE07B0F0BD009101232A46314614
S2140371A00598FFF7BAFEF5E78620F3E77E20F1E7BA
S2140371B02DE9F041064600254FF014080779E8B29A
S2140371C0874201D800241AE008FB05F0D6F800C071
S2140371D00CEB00043CF8000081421AD132B1802A3D
S2140371E010D194F90CC0BCF1000F12DAB0F57C4F45
S2140371F005D32046FFF7CEFE834200D04BB9204688
S214037200BDE8F081402A04D194F80CC01CF0400F6E
S214037210ECD10135D3E70121DDF75CBD08B5134694
S2140372200022DDF785FE003818BF012008BD08B52B
S21403723013464022DDF77CFE003818BF012008BD48
S21403724008B513468022DDF773FE003818BF012009
S21403725008BD08B540220023DDF76AFE003818BFD4
S214037260012008BD08B580220023DDF761FE003843
S21403727018BF012008BD0023DDF75ABE0021DDF745
S214037280C7BE10B504460121DDF7C2FE2046BDE8A1
S214037290104001F058BE7047F8B516461F469DF8D5
S2140372A01820BDF81C300546DDF742FE78B10421F0
S2140372B0DDF72CFF044650B1284600F012FB3A4691
S2140372C031462846A047BDE8F84000F0FEBAF8BDB0
S2140372D02DE9F74F1E46DDE90C9B07468846144604
S2140372E0BDF838302AB3B9F1000F22D00EB392F8A6
S2140372F004A099F80020504612F0080F0CBF802215
S21403730040226188DDF714FE98B10821DDF7FEFE02
S214037310054670B1504600F0E4FA3346224641462D
S2140373203846CDE9009BA84703B0BDE8F04F00F010
S214037330CCBA03B0BDE8F08FF8B5BDF818701646A2
S2140373401A463B460446DDF7F3FDE0B177B9022162
S214037350DDF7DCFE0546B0B1204600F0C2FA314642
S2140373602046A847BDE8F84000F0AFBA1021DDF785
S214037370CDFE054638B1204600F0B3FA3A4631460C
S2140373802046A847EEE7F8BD73B5BDF81840164685
S2140373901A4623460546DDF7CBFDB8B1C4B920210E
S2140373A0DDF7B4FE044670B1284600F09AFA099B4E
S2140373B03146009328469DF820309DF81C20A047B0
S2140373C0044600F082FA204602B070BD8624FAE72F
S2140373D00024F8E72DE9F04186680446007800F0BB
S2140373E080FA002514273279EBB29A4203D8BDE817
S2140373F0F04100F06ABA7B4332682078D15A02EB38
S214037400030800F0C2F901214046DDF77FFE03467C
S21403741008B1207898470135E5E72DE9F04F1C467B
S21403742089B09DF84C30BDF8488001939DF85030E4
S214037430924602932246434607460D46DDF778FDFD
S2140374408DF814700646ADF816508DF81840ADF852
S2140374501AA0ADF81C8018B9012009B0BDE8F08F5A
S21403746005A9FFF7A2FD0028F6D000252F46A8465B
S2140374702C4634E00C231FFA85F903FB09F93188FF
S2140374807368B1F57C4F33F8092003EB090B1AD365
S21403749033F8090050452CD3019BA3422DD900F0A5
S2140374A0BCF99BF80200DEF7DDFA029B43B19BF8BA
S2140374B0043013F0010F0CBF05200720DEF7D2FAC5
S2140374C00134A4B219E0ADF81A205946304605AA8D
S2140374D00393FFF781FD039B0028D9D10135328939
S2140374E0ABB29A42C6D804EB0800C31B58425841B5
S2140374F0B3E708F101081FFA88F80137BFB2EDE7D2
S21403750010B5012488B006949DF83C4005949DF878
S214037510384004949DF8344003949DF83040029418
S2140375200B9C0194BDF828400094DDF733FF08B0A8
S21403753010BD2DE9F04786B0BDF83880DDF83C90E5
S2140375409DF840A0CDF80080CDE9019A04460D468B
S21403755016461F4600F013F9B8B1431EDBB2012BE3
S21403756010D800230122811E48424841CDE9043247
S214037570CDE902A03B46324629462046CDE900899E
S214037580FFF7BEFF06B0BDE8F0870120FAE730B587
S2140375900024012587B0CDE9044503959DF82C50BA
S2140375A002950A9DCDE90045FFF7AAFF07B030BD57
S2140375B030B50024012587B0CDE9044503959DF831
S2140375C028500094CDE901354023FFF799FF07B013
S2140375D030BD10B5012486B0CDE9044400240394DD
S2140375E09DF828400294099C0194BDF8204000941D
S2140375F0FFF786FF06B010BD1FB5089C03949DF8E1
S2140376001C400294069C019400240094DDF7BEFF00
S21403761004B010BD70472DE9F84F02290746884687
S2140376200C9D04D84FF0000A5046BDE8F88F1BB1F6
S2140376300429F7D942F004023A702BB303247B7073
S2140376401B0ABB70DFF7B8FA4FF000099DF8283025
S214037650385504F1020A01343B550B9A5FFA89F355
S214037660D45C002CE0D0732C10D82E464C2C56F845
S21403767004BB3DD0532C15D0622C45D1AC8805F104
S214037680080600231A4616E00124DBE7A4F1750377
S214037690032BC7D8763C2E1D022C52D8DFE804F005
S2140376A0565A58006A6805F1080694B2D2B2B2F187
S2140376B0FF0318BF01230AEB040119448845B1DB15
S2140376C050461946002947D153441FFA83FA5CB142
S2140376D0BBF1000FA6D0224607EB0A005946E2F795
S2140376E0EFFF54441FFA84FA354609F10109B4E75B
S2140376F04FF6FF736A6805F1080694B222469C4269
S21403770014BF02230023D6E76C2C05D1584600F09D
S214037710CCF8841CA4B2B4E7732C04D1584600F00A
S214037720BFF8441CF6E7A4F13003DAB2092A01D8FD
S2140377309CB2A6E7A4F14103062B3FF673AF373C92
S214037740E8E7012300242A68A346B4E70223F9E7FF
S2140377500323F7E70423F5E700F1010C01393A5454
S214037760C9B2120A1FFA8CF0ACE70020DEF702B9A2
S2140377700022DEF71FB90023DEF732B97047012077
S21403778070470120704701207047704700207047FC
S2140377900020704700207047002070470020704785
S2140377A00020704770470E20704700207047002067
S2140377B0704700207047002070477047FF207047CF
S2140377C00E2070478420704770477047002070472C
S2140377D00020704700207047002070470020704745
S2140377E000207047002070470020704770470E2027
S2140377F0704700207047002070477047002070478E
S21403780070477047704770470E20704770470020D8
S2140378107047812070477047704738B50546C0B239
S214037820DEF720F90446280ADEF71CF914B100280F
S21403783008BF0024204638BDF8B50546C0B2DEF7BB
S21403784011F90446C5F30720DEF70CF90746C5F31E
S2140378500740DEF707F90646280EDEF703F924B1DC
S2140378602FB136B1002808BF00242046F8BD3C4699
S214037870FBE73446F9E710B4CC18944203DC5DF812
S214037880044BFFF71FB800205DF8044B7047042332
S214037890FFF7F1BF08B50223FFF7EDFF80B208BD7F
S2140378A00078FF2808BF0020704708B50222002191
S2140378B0FFF7F0FF4FF6FF73984208BF002008BD9E
S2140378C0003818BF0120400070470020704708B5F5
S2140378D0FFF7A1FCFF284FF0FF3018BF0020C0B20F
S2140378E008BD08B5FFF7F3FFFF280CBF21200020D3
S2140378F008BDF8B506460C4615461F4600F011F8B7
S21403790010B12544AC4200D1F8BD3946304614F8D0
S214037910012BDEF799F9F5E7014600220220DEF790
S21403792023B90120704737B50546DCF7ADFB04469F
S21403793001950CB981201CE0237823B12046DCF79F
S214037940ABFB0446F5E72B6862685B889A42F5D181
S214037950A368EA7B99B272B12A8A9142EED16A7D14
S214037960B2EB134FEAD10020E36801A998478128B8
S214037970E4D003B030BD4FF6FF72EEE72DE9F843CF
S21403798004460F46904699460BB3012A1FD80C208F
S214037990E2F70CFF064610B91920BDE8F88310205D
S2140379A0E2F704FF18B93046E2F708FFF4E70123CD
S2140379B0002547EA084770600570C0F80C904460DD
S2140379C0876033803046DCF757FB2846E5E72120FF
S2140379D0E3E738B50446436808460D469847B4F9C6
S2140379E00830002B02DB2B78042B06D1002320461D
S2140379F06360BDE83840DEF7B9BC38BD30B54FF438
S214037A008A5587B0ADF816200DF116041A4602956E
S214037A1043B100230122CDE90033234600F01EFACA
S214037A2007B030BD019401240094F7E7FFF7EBBEDF
S214037A30FFF7BBBE0020704708B500F014FB20B963
S214037A4000F05BFB08B9DBF7B5FCFFF7CFFEBDE83C
S214037A500840FFF7DBBE0020DFF7F0B80021DFF7B2
S214037A608DB90022DFF74CB91FB5D2880B4612F04A
S214037A70200F4FF6FD7114BF49245224ADF80610AB
S214037A80510544BF083CE4B2110544BF083CE4B2C8
S214037A90120444BF023CE4B2032805D8DFE800F032
S214037AA0020F161CADF80630BDF80600FFF786FE7B
S214037AB0FF281CBF241AE4B2204604B010BD02AA55
S214037AC00DF10601D8B200F08CFAEDE7D8B200F05B
S214037AD052FAADF80600E7E7013CE4B2E4E7F8B58E
S214037AE0064617460D4681B10C78FF2C0BD0084688
S214037AF0FFF7D6FEB84228BF3846C4B22246691CF2
S214037B00701CE2F79FFC3470F8BD0C46FBE770B5BB
S214037B10044615460E4611B94170017070BD0B78C8
S214037B20FF2B05D14B78FF2B02D103704370F5E78B
S214037B303046FFF7BAFEA84228BF284685B22A4633
S214037B40B11CA01CE2F77EFC25702D0A6570E5E7E4
S214037B50F0B523B9013A531C2FD1002020E0042AA4
S214037B60FBD800231C46551E6E1C1AD1042A10D0BF
S214037B700121D200501E01FA00F020421EBF9140A0
S214037B8049420C4318421EBF4FF0FF3101FA02F27E
S214037B9013439C421EDCB4BF4FF0FF30002040B2BC
S214037BA0F0BD40B1465DEF00BE4034434E5D013D3F
S214037BB0BE403343D8E70646F5E78C5C38B9034640
S214037BC0A34202F1FF32C6D24FF0FF30E8E7835CF0
S214037BD0A342F5D90120E3E7283807288CBF002005
S214037BE0012070471D2810D004D840B11C2804D0AB
S214037BF0552070471E380128FAD81A2901E00B3998
S214037C000F298CBF5520002070470829F9E700206C
S214037C1000217047F7B59DF820400546082C10460E
S214037C2019469DF8246036D8002213462C44AC42ED
S214037C3008D106F0FD04382C0ED10096FFF7E7FFB7
S214037C4003B0F0BD14F8017D1B0243EA126312026F
S214037C50BA1843F10003EAE7392E10D107EE100AEB
S214037C6007EE902AB4EEE77AF1EE10FACCBF77EE81
S214037C70677A77EEC77A002117EE900AE0E782422A
S214037C8073EB010403D2801A61EB0301D8E7101AE1
S214037C9063EB0101D4E700200146D1E738B5C3689A
S214037CA014461944836853F821501AB12846E2F75C
S214037CB073FA2070284638BD2DE9F3411C46164654
S214037CC00DF107029DF82050FFF7E8FF9DF80730F7
S214037CD08046A34288BF8DF807409DF807700DB114
S214037CE0E41BE5B22A4600213046E2F759FB3A4642
S214037CF041467019E2F7A6FB384602B0BDE8F081AC
S214037D002DE9F3411D46164601AA9DF82040FCF7CF
S214037D10E5FF019B80469D4238BF0195019F04B154
S214037D20EC1B224600213046E2F73AFB3A46414630
S214037D303019E2F787FBF8B202B0BDE8F08173B5FD
S214037D400024154601AA1E460194FCF7C7FF019BB3
S214037D50072B0AD92146CCB216B1C4F10704E4B204
S214037D60425C013108292A55F5D1D8B202B070BD5C
S214037D701FB5030A8DF80E300323009303AB8DF86B
S214037D800D0000F0BBF805B05DF804FB1FB58DF8D9
S214037D900F100421030A8DF80E30009103AB8DF803
S214037DA00D0000F0ABF805B05DF804FBF0B589B044
S214037DB016689DF83C50CDF809608DF8113056686A
S214037DC0BDF83830012D109FBDF84440CDF80D6046
S214037DD0ADF812308DF8145014D0032D19D13B682A
S214037DE0CDF815307B68CDF819309DF848308DF8FE
S214037DF01D3016230093BDF84C2002AB00F07EF82E
S214037E0009B0F0BD8DF81540240A0F238DF81640EF
S214037E10F0E70120F4E71FB50446084611461A4664
S214037E2002238DF80D100093214603AB00F066F88D
S214037E3004B010BD10B514461A460B6886B0CDF8CC
S214037E400D304B683421CDF811300A23009303AB71
S214037E508DF8154000F052F806B010BD2DE9F0413C
S214037E60B6B014461D4606460F469DF8F080DFF76B
S214037E70A9F903AA8DF80C001046330A8DF80F7083
S214037E803F0A8DF80E308DF80D602B468DF8107076
S214037E908DF8114005EB4405AB4202F102021FD1F7
S214037EA06200D2B2931DDBB23D99D8336B440732DE
S214037EB003F8CC8C01EB4805D3B250FA82F2A94200
S214037EC002F1020212D103EB48030090062130466A
S214037ED0BDF8F820DBB2DFF77FF936B0BDE8F081F6
S214037EE033F8021B1171090A5171D5E731F8024BB9
S214037EF002F8024C240A02F8014CE0E72DE9F041AF
S214037F001C4605460E4617469DF81880DFF75AF9B5
S214037F10207043463A46314628460694BDE8F0416B
S214037F20DFF75AB9002070477047D3F737BC08B558
S214037F30E9F71EFC002840F6124018BF002008BDD3
S214037F407047704770477047704770477047002008
S214037F50704770477047002070477047704702F0BD
S214037F6066BFFEF773B8FEF756B803F0D7BAF5F751
S214037F705DBC03F0C4BAF5F717BCF5F77FBCF5F79D
S214037F8039BCFEF735B9FEF71BB910B49DF80440AB
S214037F9001945DF8044BFEF70EB8FEF762B8FEF7E1
S214037FA06FB8F1F701BBF1F705BBEEF771BEEEF75D
S214037FB075BEEAF7F9BCFEF7AEB8FEF773B8FDF781
S214037FC0BDBEFEF796B8FEF782B830B4BDF80840DB
S214037FD09DF80C50CDE9024530BCFDF7CEBEFDF74B
S214037FE06CBFF5F7BDBDDFF747B9F5F783BE70B4D1
S214037FF09DF80C40BDF810509DF814600394CDE92D
S214038000045670BCF2F7EABA70B49DF80C40BDF89B
S21403801010509DF814600394CDE9045670BCF2F733
S2140380201DBBF2F707BC10B49DF8044001945DF83D
S214038030044BF2F757BB10B49DF8044001945DF867
S214038040044B01F0BABF01F0BABFFDF77BBFFDF7E3
S2140380508BBFFEF718B9FDF79CBFEDF72BB9EEF70C
S21403806083B8EEF755B8ECF74FBD02F051BBEDF70A
S21403807007BB02F0A7BBEDF793BCECF7F7BFEEF731
S21403808079B8EDF7F5BFEEF711B8EBF7B9BBFEF726
S214038090C4B8FEF75FB8FEF772B8FEF77FB800F015
S2140380A036BC00F02FBCF4F77BBBF2F7C7B8F4F787
S2140380B055BBF4F77BBCF2F791B8EAF761BCF3F76C
S2140380C01BBDFFF732BFFBF739B8FEF701B9FDF763
S2140380D02ABFFEF72FB801F020BDDFF72BB8EBF76A
S2140380E077B9EAF721BD01F0DCBF01F0B3BFEAF7C9
S2140380F06FBDEBF7BDB8EBF7E7B8EAF7DDBCDFF724
S21403810035B8DFF747B8DFF71FB8EAF77DBCDFF708
S21403811025B8F6F783BC01F09BBF01F062BFEAF710
S21403812079BCEBF73FB9EAF7CFBC10B4BDF804400F
S21403813001945DF8044BFDF750BEDFF7C7B8DFF7D1
S214038140B9B8F6F70BBAF6F743BC03F0FABA03F07E
S21403815000BBF6F77BBAF6F75BBC00F06DB900F030
S214038160ABB900F0D3B900F0B9BA00F029BB00F000
S21403817092BADFF7C3BD00F0F0B900F01DBA00F005
S21403818030B810B51C4601F0ECFD06F031FA0023BA
S214038190C0F340202370400010BD002208B50B46F4
S2140381A01146FFF7EEFF023818BF012008BD002076
S2140381B070477047B1FA81F0400970470120704755
S2140381C0704770470020704770470020704770471D
S2140381D00E2070470120704770470120704701202A
S2140381E0704714220021E2F7DBB8704770B50546E6
S2140381F00C468AB0252200210DF10300E2F7D0F8E1
S2140382006B68CDF81D30AB68CDF82130234601AC42
S21403821003F11006224618685968083303C2B342AE
S2140382201446F7D101236A7B8DF8023012F0040F4F
S2140382300CBF4FF480734FF4A073110748BF43F489
S2140382408063ADF80030930748BFBDF8003068463A
S21403825044BF43F00803ADF80030F1F7C7FC0AB09B
S21403826070BD30B5427B0D46D10704468BB007D5AB
S214038270407801A9F1F724FDD8B12D200BB030BD0D
S2140382809307FAD5C2F3800310074FEA8313ADF8BA
S214038290023044BF43F48063ADF80230BDF80220D9
S2140382A0201D0AB10DF1020201A902F0DDFD00282E
S2140382B0E3D001AB03CB9DF81430A1602373BDF864
S2140382C010306060590642BF627B42F0040262735C
S2140382D05A0542BF627B42F0080262731B0742BF25
S2140382E0637B43F0020363732B4606AC0AAD224658
S2140382F003CAAA4218605960144603F10803F6D16C
S2140383000020BBE7F0B504460D4693B025220021B6
S2140383100DF12300E2F744F8636804F1040CCDF88A
S2140383203D30A36809AECDF841302B4605F1100762
S214038330324618685968083303C2BB421646F7D15B
S21403834005238DF82230637B5B0103F40073ADF8DD
S21403835020306378FF2B1AD1002360461A4601A902
S21403836000F0D9F99DF80530FF2B0DD1002301A9A4
S2140383701A46184600F0CFF99DF80530FF2B03D1B7
S2140383801C26304613B0F0BD9DF805306370002000
S214038390617808AA00F0B4FA06460028F1D160789E
S2140383A001A900F03EFA2B4603AD2A461868596821
S2140383B0083303C2BB421546F7D1637B6078DB06FE
S2140383C048BF9DF81C3001A944BF63F07F038DF8B6
S2140383D01C3000F03DFAD4E710B504468AB02422D8
S2140383E0002101A8E1F7DCFF637B590744BF402265
S2140383F0ADF810201A0742BFBDF8102042F4806281
S214038400ADF81020DB070FD5607801A9F1F758FC0B
S21403841010B12D200AB010BD01AB03CB637B6060A7
S21403842043F00203A160637304A9201D02F01EFD3E
S2140384300028EED00020EDE71FB5694600F066F889
S214038440002818BF2D2005B05DF804FB73B50D4654
S21403845014460646DFF77AF86B881A071AD52246BB
S2140384603146102002F0E3FC2046DFF76FF86B88F6
S214038470D90717D50023224601210DF107008DF8F1
S2140384800730DFF735FB6B88002B0CBF212000205D
S21403849002B070BDDE06EAD522460821281DDFF7A6
S2140384A027FBE1E79A0701D50223E4E75B07EAD552
S2140384B00323E0E70F2070471FB50C46694600F01C
S2140384C025F8102221466846E2F7B6FAB0FA80F09D
S2140384D0400904B010BDB8B1B1B14388A3B903785D
S2140384E0013B082B10D8DFE803F00507090B0F0F35
S2140384F00F0F0D00DFF7FEB9DFF758BAFFF776BEAA
S214038500FFF700BFDFF7E6BB2120704738B50D46FF
S21403851009B300B30378013B082B1AD8DFE803F04E
S214038520050D1013191919191600DFF71BFA04465F
S214038530284602F099FE204638BDDFF757FAF6E7DD
S214038540FFF78FFEF3E7DFF787FAF0E7DFF7CCFBFB
S214038550EDE72124ECE72124EDE770B586B0064667
S21403856001A80C461546FFF73CFE04238DF804309D
S2140385701CB12068616802AB03C3294601A88DF8C5
S2140385800560FFF7A8FF06B070BD70B586B0044659
S21403859001A80D461646FFF724FE032320686168EC
S2140385A08DF8043002AB8DF8116003C3294601A889
S2140385B0FFF791FF06B070BD0022FFF7E6BF30B5A8
S2140385C085B00D4669460446FFF7A0FF20B92A4644
S2140385D021466846FFF73AFF05B030BD30B5437B0A
S2140385E0044613F001020D468BB007D0407801A96C
S2140385F0F1F766FB70B12D200BB030BD9B07FAD5A3
S214038600ADF8022001A90DF10202043002F02CFCA1
S2140386100028F0D000210E22A81CE1F7C1FEBDF809
S21403862010302B80039BAB60BDF81230AB819DF8F6
S2140386301430237301AB03CB6060A1600020DBE73B
S21403864070B5437B0446DB070E468AB003D42D255C
S21403865028460AB070BD6946407800F04DF90546D5
S2140386600028F4D1DDF81D300E226360DDF82130DA
S2140386700146A360637BB01C43F002036373E1F718
S2140386808FFEBDF80030069A43F004033380059B43
S214038690B2607360DCE70B4610B504461022002177
S2140386A01846E1F77DFE2278032A09D0042A0DD066
S2140386B0022A11D101462046BDE81040DFF77ABBF7
S2140386C001462046BDE81040FFF788BF0146204616
S2140386D0BDE81040FFF7B4BF262010BDF8B5074627
S2140386E008460C4616461D46FFF77BFD04232370FB
S2140386F0637B314643F00103204667706373FFF7DD
S21403870005FF08B12D20F8BD29462046FFF7C3FF15
S2140387100028F8D0F6E7F8B5054608460C461F4687
S2140387201646FFF75EFD0423237025B1082229466B
S214038730E018E1F787FE637B43F0020363734EB9E9
S21403874032460121284600F0E4F8FF28607007D17E
S2140387502D20F8BD31462046FFF7D8FE0028F7D176
S214038760637B43F0010363730DB90020F1E7002F29
S214038770FBD039462046FFF78EFFF6E7F8B50C46E2
S2140387800746084616461D46FFF72BFD03232046DD
S214038790394600F8043B0822E1F754FE637B314672
S2140387A043F0020320466373FFF7B0FE08B12D20A3
S2140387B0F8BD29462046FFF76EFF0028F8D0F6E7F7
S2140387C0F8B5074608460C4616461D46FFF709FD4C
S2140387D003232370637B314643F00103204667700F
S2140387E06373FFF793FE08B12D20F8BD2946204694
S2140387F0FFF751FF0028F8D0F6E718B180220121D1
S21403880000F087B8FF207047002307B51A461946BD
S2140388100093F2F7A5FFB0FA80F0400903B05DF8C5
S21403882004FB0B4610B519220446FF211846E1F750
S214038830B7FD7E2C01468CBF04F5C43004F58330A7
S2140388404FF01902BDE8104088BFAD30D3F73CBCEB
S2140388507E2888BF00F5C4304FF0190294BF00F598
S2140388608330AD30D3F75CBC30B589B00D46FFF727
S214038870C4FFFF2804460DD001A9FFF7D2FF2868DE
S214038880696801AB03C3204601A9FFF7E1FF002097
S21403889009B030BD2D20FBE77047704700207047B6
S2140388A070470F20704770479DF8000070470F20F1
S2140388B070470F207047002070470F207047002036
S2140388C070470020704784B08DE80F00002004B086
S2140388D07047002070477047704700207047704706
S2140388E0002070477047002070470120704770478C
S2140388F000207047012070470E207047FF20704706
S2140389000E2070470E2070470020704770470E20D9
S2140389107047FF20704770477047002070477047C6
S214038920704770470020704770470020704700204C
S21403893070470020704770477047002070477047A5
S214038940002070470020704770470020704710B51E
S2140389500024E3B210B9C3F10303DBB20134042CE1
S214038960CA544FEA1222F4D110BD10B50B784C78D6
S2140389708A78C97828B91046224604460846194616
S214038980034642EA012043EA042343EA004010BDBB
S2140389907047DFF7C3BA08B5CEF7B6FA002814BF98
S2140389A08620002008BD08B5CEF77EFC003818BF29
S2140389B0012008BD08B5CEF737FC003818BF0120E4
S2140389C008BD08B5CEF7BCFC003818BF012008BDAB
S2140389D008B5DFF783FBBDE80840DFF731BB70B5AA
S2140389E004460D461646DFF779FB0420DFF71AFB2D
S2140389F0324629462046FFF7DDFF04460220DFF70E
S214038A0011FB204670BD08B5DFF768FBBDE80840DC
S214038A10CEF7EEBBDFF79ABEDFF77ABE08B5DFF711
S214038A2077FE20B1BDE808400020DFF7AFBF112076
S214038A3008BD10B5044608B1E0F78AF82046BDE83D
S214038A401040FCF74BBF10B50446006A10B1616ACC
S214038A50FFF7EFFF0020C4E9080010BD38B5054650
S214038A60FFF7F1FF2B7E0446012B0ED0023B012BB2
S214038A700ED8EB69012B18BF6FF09604282200214D
S214038A802846E1F78DFC204638BDEB69002BF2E75C
S214038A906FF09604F2E718220021E1F781BC7047D5
S214038AA02DE9F84F9846DDE90B490D9B15469A07C5
S214038AB006460F4623D02A460A9B03EB040A1444B1
S214038AC0A24220D10D9B9B0705D5A2EB050AD145F3
S214038AD005EB0A0420D82046BDE8F88F43463946FE
S214038AE02020B0470AF1010ACA450AEB0B02F5D368
S214038AF0A9EB04024C4588BF00222A44DCE7A246C1
S214038B00A5EB040BF0E702F1010B434639461AF8CE
S214038B10010DB0475A46D3E743462246394620203E
S214038B20B0470AF1010AD2E72DE9F047DDE90D76F1
S214038B3016F0020F9DF82880DDE90854DDE90BCE18
S214038B401FD106F001094FB1B9F1000F06D0B8F1F5
S214038B50000F02D116F00C0F00D0013F4FF0300A81
S214038B6004E0202C04D005F804A001347445F8D39F
S214038B70B9F1000F05D04FF03009A74201D9202CD8
S214038B802DD116F0100F1FD016F4806F2CD15CB3C6
S214038B90744501D0BC4227D1B4F1010E23D0BCF1F9
S214038BA0100F46D1023C16F0200F28D1202C28D0D7
S214038BB04FF0780C05F804C00134202C21D04FF078
S214038BC0300C05F804C00134202C1AD0B8F1000F7D
S214038BD023D04FF02D0C05F804C0013412E005F83D
S214038BE004900134C9E77446BCF1100FDBD0BCF126
S214038BF0020FE2D1202C04D04FF0620CDAE7202CCF
S214038C0008D12024CDE90A76CDE90854BDE8F0471B
S214038C10FFF746BF4FF0580CCCE716F0040F02D010
S214038C204FF02B0CD7E716F0080FEBD04FF0200CC5
S214038C30D1E7BCF1020F7446C1D1DDE72DE9F0435D
S214038C4091B0189D1A9E1D9F0DB927F010077C053D
S214038C5000D515B317F0200F14BF4FF0410E4FF099
S214038C60610EAC4600250DF12008AEF10A0EBCFBE2
S214038C70F6F906FB19C95FFA89F4B9F1090F94BF2F
S214038C8030347444E4B2B44508F8014B05F10105E9
S214038C90BCFBF6F401D3202D10D11C9C069705943B
S214038CA01B9CCDE903649DF86440CDE9015408ACF0
S214038CB00094FFF739FF11B0BDE8F083A446D6E76A
S214038CC02DE9F04F95B0269ECDE90A23DDE91E7403
S214038CD0DDE9229B57EA040308BF26F01006720557
S214038CE0CDE9080102D557EA040337D016F0200F62
S214038CF014BF4123612300250DF1300AA3F10A08AE
S214038D0021464A465B463846E0F7DEFFD2B2092ADA
S214038D1094BF303242444F45D2B274EB0B0405F194
S214038D2001050AF8012B01D3202D14D1259B0696A5
S214038D300593249BDDE90801CDE903939DF8803074
S214038D40CDE901530CAB0093DDE90A23FFF7ECFEF4
S214038D5015B0BDE8F08F07460C46D1E70025E5E7DA
S214038D6008B100F014B8704710B1D1E900311847C4
S214038D70704738B5441E14F8015F25B90A2000F081
S214038D8006F8284638BD284600F001F8F3E7014602
S214038D900020FCF776BB70477047E9F705BA7047C3
S214038DA008B5FCF73FFBCEF7AFF8BDE80840D0F7B1
S214038DB0BFB9704708B5CEF7EFFBFBF775F8BDE80C
S214038DC00840DFF78BB908B5FBF7FBFEDFF7F4FEC9
S214038DD0FBF7D5FDE0F792FAE0F77EFAE0F700FA44
S214038DE0BDE80840D3F74AB908B5D1F761F9FBF7F0
S214038DF0B5FDD1F769F9FBF7B3FDD5F751FBD5F709
S214038E00F7FBD5F7FFFCBDE80840D5F71DBC704758
S214038E107047E0F70BBA08B5FCF74FFFBDE808400C
S214038E20FCF773BF704707B50022034611460120BF
S214038E300092D4F7AFFC03B05DF804FB07B50092CD
S214038E400B46027D81898068FDF74CFD003818BF0C
S214038E500120C00103B05DF804FB08B50020DBF772
S214038E60A7FD0020DDF738FB0020D6F773F80020B7
S214038E70D6F760FB0020D7F789F80020D9F7B8FBB0
S214038E800020DAF723F90020DAF718FFBDE80840D8
S214038E900020DBF703B808B50120FDF73AFABDE872
S214038EA008400120D6F746BB08B50220DBF774FE60
S214038EB00220DBF70DF80220DDF71CFE0220FFF789
S214038EC0ABFD0220FDF790FC0220DAF7FFF8BDE8C1
S214038ED008400220DBF700BB7047FDF7A5BF7047CD
S214038EE0704770477047704770477047704710B5B4
S214038EF00446DBF70BFA2046D7F75AFB2046D8F78B
S214038F00ADFA2046BDE81040FDF7A1BCFDF7BCBC9A
S214038F10FDF7C6BCDAF7DCBE70477047704770478C
S214038F2070477047704770477047704705F026BB19
S214038F3070477047DAF766BF7047704770477047E9
S214038F407047704770477047FEF744BCFEF748BC4F
S214038F50704700207047FEF745BCFEF74FBC7047CE
S214038F60431E012B03D9031F584258417047012063
S214038F70704700F021BC4FF4D0720021E1F710BA1D
S214038F8070B50446E3F7E4FA0546A8B9A169F1B15A
S214038F90238AD3B1204604F11002E3F787F938BBDE
S214038FA0E16919B3638AA3B1204604F1120200F003
S214038FB0CAFA78B1054603E00023A3612361E3619F
S214038FC0002328466361236270BDA061E8E7208220
S214038FD0E6E7E361216A0029F2D0A28A002AEFD0ED
S214038FE02046E38ABDE8704000F06FBA6182F1E77D
S214038FF06582E561DEE711B9D0F8DC1021B1CB68F4
S21403900013B18B68D88970474FF6FF707047E2F745
S21403901083BB10B50C461146E2F7A4FBE3F7D2FD7B
S214039020012801D1002010BD002CF7D10520FAE756
S21403903000F0CFB900F0E3B970B500232425D0F8CB
S214039040DC00C4689C4201D1212070BD826805FB08
S2140390500322D6898E4202D8128A8A4201D201336B
S214039060F0E70020F1E7F8B506460D46E1F7F0FD18
S214039070D8B94FF6FF734FF0240CEF68C1B28F4296
S21403908008D81C4621463046E1F798FF00F09AFBC5
S2140390902046F8BDAA680CFB0122D4899C4202D262
S2140390A0002CEFD023460130E8E70024F0E7C08D1C
S2140390B070470A7838B505461046FFF751FF60B18A
S2140390C04C782046FFF74CFF38B12243530704D4AD
S2140390D02846BDE83840E2F791BD212038BD10B5DB
S2140390E004460878FFF73CFF58B14A781046FFF766
S2140390F037FF30B1042A04D02046BDE81040E2F71B
S2140391009BBD212010BD00F0E8B8E3F7FDB8084684
S21403911000F008BBE2F73CBC38B504460D4600F049
S2140391208EF850B129462046E1F748FF30B9294664
S2140391302046BDE83840E2F7F3BB0E2038BD70B5D5
S21403914016460C4605F077F8314605462046E5F701
S214039150D5FD0446284605F069F8204670BD00F0A4
S21403916032B970B5044600200E4600F027FBD4F84B
S214039170F0503DB1002331462046AC46BDE8704072
S2140391801A4660472B46012231462046E2F760FE28
S214039190284670BD38B5044648880D4600F00EFBD9
S2140391A0D4F8F0302BB929462046BDE83840E2F71C
S2140391B05DBD022038BD00F003BB00F03CB9E2F70A
S2140391C07DBAE4F775BD70B5BDF81060054606B107
S2140391D06BB1334428469BB200F077F9044620B9B6
S2140391E01EB13146284600F0ABF9204670BD212457
S2140391F0FBE7E4F7E3B8C0F8EC1000207047E2F7AB
S2140392006FBF00F05EB910B4BDF8044001945DF87A
S214039210044B00F09FB80B4610B514461846A168D9
S2140392209288E1F74DFAE168034631B1A088628877
S214039230121A92B21844E1F743FA002010BD03460F
S214039240408A18B1188A003818BF012070470846AC
S214039250E4F73ABE00F0ECBA00F0EABAE5F746B82F
S214039260084708B5E2F772FAC0B208BD022A01D869
S21403927000F0E2B921207047022A01D800F0EDB9C8
S21403928021207047022A01D800F0F9B9212070473F
S214039290E3F786BD0846E3F7A1BD00F018BA002041
S2140392A07047002070477047D0F8943003F060038F
S2140392B0402B0DD0602B03D0203B584258417047BB
S2140392C049B10B68012B06D9486940F00100704785
S2140392D040F20110704700207047F7B50446104669
S2140392E0D4E954C7DDE908268CEA020587EA0601B5
S2140392F00540194085EA0C057940C4E95451002518
S21403930023F4004106EA010320F0010043F400734E
S214039310024043F00203CDE90055E6F7B9FB94F8A3
S21403932024309A0713D5D4F854319B050FD54FF440
S2140393308811204600F058FB94F82430024665F363
S214039340410384F8243020460B46E2F7D3F9002085
S21403935003B0F0BDF0B587B01C461746BDF83060C5
S2140393601AB90024204607B0F0BD002BF9D0002917
S214039370F7D001AAE4F722F80028F2D0BDF80630A9
S214039380A2199A42BDF80850C4BF9B1B9CB2B542B3
S21403939012D90399AD1BADB23144A5420391ADF882
S2140393A008500DD22A463846E1F78AF90499621B1B
S2140393B07819E1F785F9D5E70499761B31440491CA
S2140393C022463846F5E70846E5F738BC0220E4F7B8
S2140393D083BF08B5D0F8E4304BB11A68022A06D921
S2140393E093F825204AB1186AB0FBF2F008BD4FF493
S2140393F046624C210020E1F743FE0020F6E7D0F852
S214039400E42008B57AB11368022B0CD9536A13F417
S2140394107F4FC3F3072106D0126ADBB253438B4256
S214039420B3FBF1F006D2002040F67F424C21E1F771
S21403943027FE002008BD0346D0F830010860B3F8C5
S214039440343100208B80704790F830310C2B14BFDA
S21403945090F82B00FF20704738B50C464FF4006198
S2140394600546E7F7B9FB70B17CB195F81E3173B9C1
S2140394704FF480724FF480712846E7F799FB003863
S21403948018BF012038BD2202F4E72246F2E7002087
S214039490F8E74FF48071E7F79FBB08B54A024FF42D
S2140394A00071E7F785FB002008BD08B58A024FF474
S2140394B08061E7F77DFB002008BD4FF40071E7F7F6
S2140394C08BBB062300208B717047B2F5805FF8B51F
S2140394D00F460646154619462ED89A422CD33F2ADF
S2140394E026D9B2FA82F40122C4F11F03DBB29A40F2
S2140394F092B2AA422CBFC4F11904C4F11A04E2B210
S2140395000124931DDBB29C40A4B2AC4212D096F861
S214039510F5309BB9012096F8243060F3C71386F81C
S21403952024303846E3F75EFD00203762B582F8BD87
S2140395300022ECE70020EEE72120F8E70E20F6E70E
S2140395400846E3F76FBD70B505460E46144602B3EC
S21403955013883F2B1DD9B3FA83F3C3F11901C9B29C
S214039560062901D8192B12D0062928BF0621012364
S2140395708A1DD2B2934030462380E3F75BFD2388EF
S2140395802846EE616B82E3F7DFFD002070BD002105
S214039590EDE72120FAE710B5144608460121E5F762
S2140395A023FA2046BDE810400121E5F71DBAF8B5B9
S2140395B004460E46174604F03EFE3A460546314636
S2140395C02046E5F7CFFC0446284604F02FFE204647
S2140395D0F8BD0220704703207047E4F775BE10B548
S2140395E00023E3F7F5F8044608B9E6F76FFC2046D0
S2140395F010BD704770B505460E46144600F0E3F8F6
S21403960031462846FFF72FFD00F0DDF8230704D583
S2140396100B2C9CBF24F00804A4B221462846E2F78C
S2140396209BF800224FF400312846E7F7C1FA0020E2
S21403963070BD8021E7F7D0BA7FB5531C05AAADF8F5
S2140396401410029202210022DBB2CDE9002111465A
S214039650E7F7CCFA07B05DF804FB7FB5531C05AA01
S214039660ADF81410029204210222DBB2CDE90021E8
S21403967000220121E7F7BAFA07B05DF804FB1FB52D
S214039680531C029100220821CDE900210122DBB2FE
S2140396901146E7F7ABFA05B05DF804FB07B591F89A
S2140396A02830009391F82B3091F8292091F82A104E
S2140396B0E3F73CFB03B05DF804FB10B50446E2F7A2
S2140396C045F801462046BDE81040E2F745B80029B4
S2140396D014BF21200020704738B5054610460C46B7
S2140396E0E3F7AAFBD5B1D5F8E030BBB15B69ABB104
S2140396F0421ED2B2FD2A13D90A68013204BF6FF0A4
S21403970001020A600A68FF281A6007D162680132FC
S21403971002D16FF00102626062685A60002038BDB1
S2140397200128F2E738B50546E5F744FC0446002170
S214039730A878E3F7E9FB204638BD2DE9F74F012566
S2140397401C469DF83030064601930368174603F01F
S214039750070306339D4005F1FF380B46A1B1416868
S21403976004EA080BA5EB0B0A41F00059524509EB36
S2140397700B0114D952461846E0F7A2FF49467A1B56
S2140397805A445044E0F79CFF019B2BB13C4448EA03
S214039790050804EA0804F46003B0BDE8F08F184631
S2140397A0F0E737B5002514460095FFF7C6FF2046B9
S2140397B003B030BDE3F7BCB9002070470020704704
S2140397C0002070477047704730B549000446056867
S2140397D012B102291FD90339C90395B9E1B1B1FA08
S2140397E081F3C3F12003C3F10F00012838BF012022
S2140397F003F01F03D940A94201D901384908216063
S21403980030BDB5FA85F339B1B1FA81F29B1A002B54
S214039810E9DC0F20EFE700210F20F0E7012805D948
S214039820023818BF4FF0FF30C0B2704701207047B0
S21403983008B5E4F7A3FEBDE80840E4F7C7BE38B5AD
S2140398400446FFF7F5FF0546FFF7F2FF431BA34267
S214039850FAD338BD38B50D460446E4F78FFE35B166
S214039860844200D90139204601F0030138BD844201
S21403987038BF0131F7E708B50121FFF7EBFFBDE875
S2140398800840E4F7A3BE0B0C23F48053B3F5284F2C
S214039890F7B50D468FB2064699B216D04AF60103BF
S2140398A0994214D04AF60203994212D0B1F5204FDA
S2140398B014BF04240324D6F8E0300BB1196851B959
S2140398C0D6F8DC3093B928680EE00024F3E70124C9
S2140398D0F1E70224EFE7234668463A46E4F7D2FE6A
S2140398E0DDE90003002BEBD103B0F0BD19680029B6
S2140398F0E9D0234668463A46E4F7C4FEDDE90003AA
S214039900002BE0D1F0E702F06FBD0204C0F3891329
S21403991007D56FEA83536FEA935313F5007F18B2A4
S21403992006D0A3F1C8006FF4FF739842B8BF184679
S21403993070474FF0384359699A6903F500530A4054
S2140399405A6170470E207047E6F7B4BCE6F7B2BC20
S214039950E6F7B0BCE6F7AEBC08B50846E7F7D0F8BE
S21403996008BDE6F7A7BC0220704702207047002018
S214039970704701207047002070470E207047002074
S2140399807047E3F71FB9084611460122FFF741BBAC
S21403999070B505460C4611461A46E7F763F906689E
S2140399A02B462046B446BDE87040604710B5E7F73F
S2140399B059F9BDE8104083681847FFF710BEE3F770
S2140399C029B8FFF7A9BBE2F733BD70B504460D46C9
S2140399D016464FF4881100F01CF8324629462046F6
S2140399E0BDE87040E3F748BA38B505460C4604F0C0
S2140399F022FCD5F890301C40D5F88C302343C5F8AC
S214039A008C3004F013FC211E18BF012100204902EC
S214039A1038BD38B504460D4604F00DFCD4F8903036
S214039A201D40D4F88C3023EA0505C4F88C5004F0A6
S214039A30FDFB284638BD38B504460D464FF488115D
S214039A40FFF7E7FF29462046BDE83840E3F73CBA70
S214039A5073B50D7806460C4635B304238DF80430EB
S214039A602379304601A98DF80530FFF738FB054604
S214039A70B8B92278A37952BB8DF80430E37930461F
S214039A8001A98DF80530FFF714FB054648B923787E
S214039A903BB161883046E2F7E9FA01213046FFF729
S214039AA0DBFC284602B070BD2946FFF7D5FC2946E5
S214039AB03046FFF7F2FC29463046FFF7F6FC2378DC
S214039AC0002BCAD123798DF804306379C9E70222C3
S214039AD08DF80420D3E7FFF7E0BCFFF7EEBC0020C9
S214039AE0704710B50446E7F757F921460020E7F715
S214039AF0B5FFBDE81040002000F03EB970470120D6
S214039B00704708B5E8F7D8FD80F00100C0B208BD7D
S214039B104FF0FF30FFF79EBB70470020704710B52D
S214039B200C4604F0A3F8048010BD38B50C46154661
S214039B3004F09CF803881DB11C43A1B2018038BD14
S214039B4023EA040189B2F9E708B504F08FF8008820
S214039B5008BD08B504F08AF8C07808BD08B504F057
S214039B6085F8008800F00C0008BD08B504F07EF800
S214039B70008800F00C00031F5842584108BD38B552
S214039B80054604F073F804462846FFF7EEFF30B99F
S214039B9004F1100004F02CFD00F4406038BD4FF4CF
S214039BA00060FBE738B5054604F060F8044628462F
S214039BB0FFF7DBFF014648B910342046042203F0C2
S214039BC095FF2044BDE8384004F012BDA08838BD98
S214039BD010B50C4604F04AF8848010BD38B5054627
S214039BE004F044F804462846FFF7BFFF014608B1D1
S214039BF0201D38BD10340422204603F077FF20448E
S214039C00F7E738B5054604F031F804462846FFF76B
S214039C10ACFF30B904F1100004F0EAFC00F4404055
S214039C2038BD4FF40060FBE738B5054604F01EF870
S214039C3004462846FFF799FF014648B910342046E4
S214039C40062203F053FF2044BDE8384004F0D0BC9E
S214039C50A08838BD38B5054604F008F804462846FB
S214039C60FFF783FF014608B1201D38BD10340622D6
S214039C70204603F03BFF2044F7E708B503F0F6FF62
S214039C80007A08BD08B503F0F1FF90F9090008BD96
S214039C9008B503F0EBFF807A08BD08B503F0E6FFCE
S214039CA0C06808BD10B50C4603F0E0FF047210BD93
S214039CB010B50C4603F0DAFF447210BD10B50C461F
S214039CC003F0D4FFC46010BD2DE9F8430F46804669
S214039CD0002107F110001646994604F03BF80446A7
S214039CE0D0B103F0C3FF0546204603F0DBFF002197
S214039CF002462846E0F754FB00232046AB7049F0A3
S214039D000401FFF70CFFA5F804802EB13A4631464E
S214039D1005F11000E0F7D4FC2046BDE8F883F8B55B
S214039D2005460F461020002104F014F80446B0B18F
S214039D3003F09CFF0646204603F0B4FF00210246CC
S214039D403046E0F72DFB002339462046B370FFF775
S214039D50E6FE25B12A460121204603F0D3FF20461E
S214039D60F8BD08B503F082FF103008BD08B503F050
S214039D7099FF1038C0B208BD0020E7F797BD08B5B5
S214039D80E7F7F2FF002008BD4088C0F30C0003305D
S214039D90800840000430704770B50E4605461146ED
S214039DA0304603F0D7FF044635B128B103F05EFF13
S214039DB032462946E0F746FB204670BD0088B0FAD7
S214039DC080F04009704738B505880022044604F041
S214039DD079FC05B1258038BDF8B507460D460088E1
S214039DE00021164603F07AFFB042044605D1294601
S214039DF03846BDE8F840FFF7E6BF0021204603F0EB
S214039E006DFFB04205D02046002103F067FF0446ED
S214039E10F3E72A462046002103F074FF324628461D
S214039E20BDE8F840002103F06DBF38B5044638B1ED
S214039E30002104F041FC002301465D1C09B998B2D9
S214039E4038BD204604F05CFC2B460146F5E7F8B522
S214039E50058807467DB1CCB22146284603F03EFF6F
S214039E608542064609D100233B8000222146304620
S214039E7003F048FF35462846F8BD214603F02EFF7B
S214039E8021460246284603F03DFFEEE72DE9F0475C
S214039E9007888246884614465FB3384603F002FFB7
S214039EA03D460646E4B22146284603F017FF4045E2
S214039EB0814616D1214603F011FF21460246284665
S214039EC003F020FF474504D1454508BF0025AAF8FF
S214039ED0005000222146404603F014FF3046BDE8FA
S214039EE0F0878742FAD003F0DDFE30444D4686B253
S214039EF0D9E73E46F2E700220123C0E90023704774
S214039F00F8B504460127002604F0A2F923683BB9F6
S214039F1004F099F900226368012B0ED16360F8BD43
S214039F201D691F61266004F08EF9012DF2D02B46C1
S214039F302D691E61012DFAD1E6E719691A610B46F0
S214039F40EAE7036823B94068012803D0E8F754BC5E
S214039F50002070474FF0FF307047F8B5054604F011
S214039F6062FA012306460027A8602B7304F070F9F3
S214039F702B6802467BB11C692169A1420CBF2F6086
S214039F8019612761104604F05EF9012C08D02046BB
S214039F9063689847EAE76C68012C04D104F053F928
S214039FA000232B73F8BD6169711AB1F1004FF5D820
S214039FB0216969602361E5E7704702207047022044
S214039FC07047002070470144884201D10120704742
S214039FD010F8013B9342F7D0002070470821FDF7A5
S214039FE0A6BF70B50146064692B00020E7F700F913
S214039FF0044670B9FDF796FF054601466A462046B5
S21403A000E7F74AFC6A46294620468DF80260E7F7DA
S21403A010F9FE204612B070BD00B593B0FDF782FF7F
S21403A0206A4601460020E7F737FC9DF9020013B0A5
S21403A0305DF804FB00B593B0FDF774FF6A4601466E
S21403A0400020E7F729FC9DF8000013B05DF804FB39
S21403A050E7F7E6BB012070477FB54FF6FF7101AA0D
S21403A060E8F7A6FE20B1BDF80C0007B05DF804FBC8
S21403A0704FF6FF70F9E708B504F081FB003818BF08
S21403A080012008BD08B51046E9F766FFBDE808409D
S21403A090EAF720B8704770477047704770477047B5
S21403A0A07047002100B593B06A460846E7F7F4FB0D
S21403A0B0BDF8060013B05DF804FB002110B592B09E
S21403A0C004466A460846E7F7E7FB00216A46084661
S21403A0D0ADF80640E7F796FE12B010BD002100B5B6
S21403A0E093B06A460846E7F7D7FBBDF8040013B0FB
S21403A0F05DF804FB002110B592B004466A46084694
S21403A100E7F7CAFB00216A460846ADF80440E7F7BE
S21403A11079FE12B010BD704773B50646E9F76EF9BF
S21403A12004463046ECF7ECF8224603460021304658
S21403A130F7F706FF0546D0B1FFF713FE0446284699
S21403A14003F094FD0023E21D121A2946082000930B
S21403A150D2B2FBF791FE0138C0B2012807D801221C
S21403A1602946304602B0BDE87040E9F77DB902B033
S21403A17070BD134610B50A4600210446F7F7BAFE2B
S21403A180014628B12046BDE810400222E9F76CB923
S21403A190012010BD07B5009313460A460021F7F7C2
S21403A1A023FE28B1002103B05DF804EBF5F7CEBB20
S21403A1B0012003B05DF804FB2DE9F04F87B00C4691
S21403A1C091460746FFF7CAFC0546661C304604F070
S21403A1D00FFA042D40F090803846FFF7C2FD03784F
S21403A1E0092203F00303012B14BF022303230121D7
S21403A1F02046039303F07AFC0922002105462046F5
S21403A20003F074FC21788DF81700013900222046EC
S21403A21089B2FFF7C1FD04EB09088346F0B14FF09E
S21403A220010A2A460146CDF800A003980DF117034C
S21403A230FBF722FE0228054626D1584603F032FDD8
S21403A24000222070C0B2431E00929BB2524659466B
S21403A250304604F0CEFA2378534423703846FFF78B
S21403A26073FC020424D498F8013021789B071FD589
S21403A2700139A1EB09013A464046C9B2EDF75CFE47
S21403A28023781844207013E020B92070284607B0BE
S21403A290BDE8F08F032809D1404604F0A9F920F45D
S21403A2A0007189B2404604F0A5F9D7E70428D5D152
S21403A2B00125002220462178FFF76EFD0746002879
S21403A2C0E4D04FF000080146434601224046CDF84D
S21403A2D00080FBF7D1FD022819D1384603F0E2FCD3
S21403A2E0C2B2013A207093B2394601223046CDF805
S21403A2F0008004F07EFAC9E780F0800520F0800035
S21403A30081B23046C5F3C01504F074F9D1E70028CE
S21403A310BCD12070BAE708B50020FFF7F2FB80F047
S21403A3200100C0B208BD0A4608B501460020E9F799
S21403A3309BF8B0FA80F0400908BD0020E7F796BE08
S21403A34000210846E7F73ABB0020FFF7D8BB70B5F5
S21403A350044604F04DF9042200210646204603F085
S21403A360C5FB204404F044F9032205460021204699
S21403A37003F0BCFB204404F03BF94FF6FF730540A3
S21403A380ADB29D4214D1F30712D506220021204612
S21403A39003F0ACFB204404F02BF90446E9F7D6F8A7
S21403A3A0844214BF02240624E9F7CAF8204070BD8D
S21403A3B02046FBF77AFFC400E4B2F5E708B5FFF7DB
S21403A3C0C6FF003818BF012008BD0120704710B52E
S21403A3D00446FEF7B5FA08B9FEF7B4FA03050FD438
S21403A3E00C231B2B01D1002009E020FA03F1C90737
S21403A3F003F1010206D5DBB2E31A5842584110BDF9
S21403A4000B23F9E71346ECE710B50C46098819B990
S21403A4100846F7F74FFD2080012010BD08B510460B
S21403A4201A4600F0B8FABDE8084004F07FB870B5E5
S21403A43004460D46164692B06A46E7F72DFA6A4674
S21403A440294620468DF81F60E7F7DCFC12B070BD86
S21403A45010B50C46E9F756FC2046BDE81040E9F770
S21403A46067BB0129F8B505460C461DD003291ED047
S21403A470052920D0072922D0002600240027012002
S21403A480E7F74EF9304485421DDA0320E7F748F92B
S21403A4902044854219DA0520E7F742F93844854215
S21403A4A0B4BF07200520F8BD6FF00406E5E76FF09C
S21403A4B004040526E2E700266FF00407DFE700241E
S21403A4C005272646DBE70120EDE70320EBE738B553
S21403A4D0054600242046E7F723F90134A842E4B2F0
S21403A4E002D9062CF6D10724204638BD38B1437965
S21403A4F0490023F00C0301F00C010B434371704732
S21403A50010B5044678B141794088490801F0060140
S21403A5100131000AFFF7A5FF024601462046FFF772
S21403A520E5FF104610BD0722FBE738B50D46E9F7F1
S21403A530D7FB044608B9002038BDFFF7E1FF002D1E
S21403A540FAD1237913F00703F5D0984238BF18469B
S21403A550C0B2F1E7037923F007031943017170478B
S21403A560037903F00F0343EA0113037170470022D4
S21403A570E9F75ABF0021012208B5E9F755FF401A4B
S21403A58018BF012008BD38B51546FFF7F0FF04468F
S21403A590284604F00AF984B1FF2804D0626822FA38
S21403A5A000F3DB0701D5012038BD012383401343A5
S21403A5B06360E3780133E370F5E72046F4E7EAF7F0
S21403A5C09DB910B503F052FB00F11004204604F0C9
S21403A5D00FF820F4007189B22046BDE8104004F05D
S21403A5E009B82DE9FF411546019101218DF80D307B
S21403A5F01B0A8DF80E309DF82C308DF80C008DF864
S21403A6000F3028460423009103AA9DF828809DF85E
S21403A61030709DF8346001F0D8FC044670B12946CA
S21403A620FFF7D6FAB8F1000F02D12046FFF7C9FFAD
S21403A6302FB146B931462046F5F788F9002420465F
S21403A64004B0BDE8F081002220461146EAF7DCF8A4
S21403A650F4E74FF47A70EAF731BAF0B5064687B0F6
S21403A66010461C460F461546FFF77BFB9DF8303019
S21403A670184443789CB16178012211F0020F0CBF95
S21403A680032100210020CDE90142CDE90310072272
S21403A690394630460095EAF7ADFA07B0F0BD2246D4
S21403A6A02146EFE708B5E8F7BBF8BDE80840002009
S21403A6B0EAF7DCBC00B58BB06846EAF7DBF9009B2B
S21403A6C0BDF8060004A90693EAF77AF90BB05DF81D
S21403A6D004FB1FB504466846EAF7CCF902AB03CB86
S21403A6E02060616004B010BD1FB5062304468DF8D4
S21403A6F00C30EAF74BFE00238DF80D00CDE900334E
S21403A70001210223204603AA01F05FFC04B010BD1A
S21403A71070B50C4605460120EBF72CFD237B4BB1A9
S21403A720FFF7BFFC014623462A46BDE870400120DA
S21403A730EBF7DAB84FF6FE71F5E7F8B50E460746BF
S21403A740FFF70FFB054603F053FF00F44040B0F558
S21403A750404F14BF0022062202F10A03EB5C0B32C1
S21403A7605C0004F00E045B08144403F03803384618
S21403A7701C44FFF7FBFA844208D2001BC2B20F2A1E
S21403A78028BF0F2230462919DFF79AFF2046F8BD67
S21403A79040F62740ECF720BC13B5F5F779FB69467E
S21403A7A0044600F0E1FF58B1FFF77BFC40B1E8F741
S21403A7B02BF928B10023022269462046F2F728FF28
S21403A7C002B010BDFF224FF6FF71ECF751BE07B57E
S21403A7D000210DF10700ECF7D9FF9DF8070003B041
S21403A7E05DF804FB13B5044601A90020ECF7CEFF81
S21403A7F0019A01462046ECF7DFFF204602B010BD63
S21403A800F0B50F46002187B0044608461646ECF717
S21403A810BDFF012305460DF10A008DF808408DF8AB
S21403A8200930FFF756FF092C1DD131460DF11200F2
S21403A83003F0E0FE05AB002102AA9B1A2846CDE9E9
S21403A8400011DBB2642101F0C0FB0546E0B1092C20
S21403A85015D1ECF7FBFF044688B12846EDF70AF856
S21403A860204607B0F0BD31460DF113008DF8127087
S21403A8704FF6FF7503F0BEFE0DF11503DBE7284622
S21403A88000F02EF80446EBE70446E9E77FB50D46ED
S21403A8901646ADF80E0003F005FA841BE4B2BDF8C5
S21403A8A00E20631B9BB2104629460093731901F0D2
S21403A8B0C0FA21460DF10E0001F093FA04B070BD04
S21403A8C038B504460D4603F08DFF40B1AC4206D0C2
S21403A8D0204603F0EBFBBDE8384000F0DBBF38BD95
S21403A8E010B50446FFF73DFA023003F081FE4FF63B
S21403A8F0F7739842204603D9BDE81040EDF73CB9FC
S21403A900EDF786F9B0FA80F0400910BD0022EDF7A6
S21403A91057B870B50546FFF724FA0646284601F0F1
S21403A92078FB01462846F7F777FF04462846FFF7E5
S21403A93039F94FF6F773984208D8337803F00303D0
S21403A940012B05D1A31E5842584170BD0120FCE7D8
S21403A9500020FAE741F2033330B585B00D46ADF873
S21403A96008300446FFF79DFB8DF80A00FFF799FBB6
S21403A9700021000A8DF80B0005232046CDE90011BF
S21403A98002AA8DF80C5001F020FB10B12146FFF708
S21403A990BDFF05B030BD2DE9F041044617460D4610
S21403A9A0E1B13F294FF0000600D135462046FFF7B8
S21403A9B0D5F8082814D10121204603F08FF906465E
S21403A9C003F070F90446304603F050F93B4601465F
S21403A9D02A46E0B2BDE8F041FDF75BBB0126E5E79A
S21403A9E02046FFF7BBF8024630B9BDE8F0414FF604
S21403A9F0FF71012003F0C5BD2046FFF7C0F8B0F590
S21403AA00006F0ED12046FFF7CDF84FF6FF7398423E
S21403AA10014617D0002D0CBF03200520002203F0AB
S21403AA20B0FD29462046E9F7A7FF68B92946204620
S21403AA30EEF782FD40B9324629462046BDE8F0418E
S21403AA40EDF7A2BB0120E9E7BDE8F08137B54FF685
S21403AA50F675FDF76AFA431E9BB2AB420446F8D876
S21403AA60E9F73EF90028F4D169462046E8F72CFCBE
S21403AA700028EED0204600F0DCFF0028E9D120466F
S21403AA80FFF778FD0028E4D12046EEF7C9FD00283D
S21403AA90DFD1204603F0A6FE0028DAD12046FDF7D4
S21403AAA05AFA0028D5D1204603B030BD73B5044604
S21403AAB00E46EEF7B5FD054688B92046EEF70AFEC4
S21403AAC021462B460D224FF6FD70009500F056F8F2
S21403AAD03146204602B0BDE87040EEF7BDBD02B079
S21403AAE070BD37B5054614460C2914D8DFE801F0C7
S21403AAF02C132C1313130713131313242400694660
S21403AB00E8F7E2FB18B901216846F3F763F9412039
S21403AB102946F8F727FBD4B12046FFF722F902307F
S21403AB2003F066FD4FF6F773984210D9204603B03C
S21403AB30BDE83040EDF738BA40F6144040F613430C
S21403AB400B2908BF1846E3E7F6F72EFDE3E703B045
S21403AB5030BD1FB50346084603218DF80D308DF82A
S21403AB600C1001230021ADF80E20CDE9003103AA15
S21403AB70042301F02AFA05B05DF804FB2DE9F3413E
S21403AB8006460F4614461D469DF82080FFF789FAB1
S21403AB90B04207D100222146384602B0BDE8F04154
S21403ABA0FFF79FBF3A4631462046FFF7D2FFADF880
S21403ABB0060060B10D2C05D100224FF6FF71282048
S21403ABC003F0DFFC35B9BDF80600FFF789FE02B0D7
S21403ABD0BDE8F0810123424629460DF10600E7F75A
S21403ABE073FDBDF80630002BEDD1F0E7F7B50C4644
S21403ABF00546FFF7B6F8611C06462846F7F70CFE2F
S21403AC00A11C0746284601F027F9014604463846A4
S21403AC10FDF7D7F90D2F34D12046EEF701FD78B1B5
S21403AC20301D03F0E5FC04462846F679FEF7FCFFE4
S21403AC3031460246204603B0BDE8F040FFF7A3BC0A
S21403AC40B01C03F0D5FC4FF6F773984202D928469A
S21403AC50EDF7AAF92046EEF73DFDFFF722FAA042EC
S21403AC6005D1002003B0BDE8F040EEF777BD6B4694
S21403AC70B068F16803C369462046EEF7EDFC03B0FF
S21403AC80F0BD2A463946204603B0BDE8F040FFF73C
S21403AC9028BF14220021DFF783BB2DE9F04F11F004
S21403ACA00F0704460E4615468FB05CD10120DCF72D
S21403ACB0F5FF09A8FDF795FA092309A88DF82430AE
S21403ACC0FDF793FA09A8DCF7BBFF01A909A8FDF76E
S21403ACD01DFC26F00F08A84404F1100904F10F0A1E
S21403ACE0454511D1236901A93344236109A8FDF71A
S21403ACF0F2FB0020DCF7D2FFB6F1005F28BF272760
S21403AD0038460FB0BDE8F08F05AA2346964694460C
S21403AD10186859680833ACE803004B456246F6D119
S21403AD202B46224605F1100B53F8041B5B4542F8ED
S21403AD30041BF9D1714609A8FDF7CDFB09A8DCF77A
S21403AD407FFF224621460120DCF764FF013D631E98
S21403AD5013F8012F15F8011F534582EA01021A70F2
S21403AD60F6D15D46BCE70227CAE7F0B5174685B0BD
S21403AD7005460C46102200216846DFF711FBBFB3D9
S21403AD80C4B30F2C04F00F0608D924F00F043A4678
S21403AD9021462846FFF781FF40BB27443246394603
S21403ADA06846DFF78DFC80222F6906F110033744CF
S21403ADB06B44B7F5005F03F8102C2F61C6F110063D
S21403ADC01AD3062E1FDDFB001A0E8DF80A201A0C66
S21403ADD05BBA8DF80B20ADF80C306A461021284676
S21403ADE0FFF75BFF00202B69103B2B6105B0F0BD1E
S21403ADF03E46D8E72646D6E7022E04DDFB005BBABE
S21403AE00ADF80E30E9E76A4610212846FFF745FFFE
S21403AE102B691022A3F11004002168462C61DFF78A
S21403AE20BFFAB7F5005F4FEAC403CDD2E7E770B5C4
S21403AE300E46054686B001A81446FFF72AFF32469B
S21403AE40294601A8FFF791FF2246054601AB05AE4A
S21403AE501C4603CCB44210605160234602F108023C
S21403AE60F6D1284606B070BDEEF716BD0A46002199
S21403AE70EEF712BDF0B58BB00C4601A9EEF70CFD4C
S21403AE80054680B325220021E01CDFF789FA01235B
S21403AE90A3700E23BDF810702380FA0510D5234641
S21403AEA04FF4877206AE23F8042B0DF1280C3246B6
S21403AEB003CA624518605960164603F10803F6D1C3
S21403AEC03B0605D5238843F080032380069B6360F7
S21403AED001AB03CB039BC4F81D00C4F82110A36188
S21403AEE0EFF7E6FF606128460BB0F0BD30B50546C8
S21403AEF00C4687B001A8FDF774F92868696802ABA9
S21403AF0003C39DF8113043F002028DF8112074B18B
S21403AF102288510644BF43F006038DF811305305CB
S21403AF2042BF9DF8113043F008038DF8113001A895
S21403AF30FDF752FAB0FA80F0400907B030BD70B59D
S21403AF408AB00D46002201A90446EEF7A5FC88B197
S21403AF50204604A9FFF7CAFF60B1BDF81060FFF7EB
S21403AF60A0F838B9720601D5730503D529462046DD
S21403AF70FDF793F80AB070BD2DE9F3410F46054679
S21403AF80164602F08FFE4FF00008C41BE4B22946B3
S21403AF9023463A463046CDF8008003F02AFC0121CA
S21403AFA0284602F09BFE88B10121284602F096FE51
S21403AFB0074602F077FE0546C3B2424630193946C5
S21403AFC0CDF8008003F015FC2544ECB2204602B011
S21403AFD0BDE8F0812DE9F04F85B00C460546914655
S21403AFE01F464FF0010ADDF838809DF83CB002F0AA
S21403AFF059FE22463B4629460646CDF800A048465B
S21403B00003F0F7FB5146284602F068FE3C4418B3AB
S21403B0105146284602F062FEF6B2B442814610DA82
S21403B020E7B2F31BDBB2404622462946CDF800A022
S21403B03003935F4403F0DDFB039BBF1B984407F0B9
S21403B040FF0B012300220E9349465B46404605B09C
S21403B050BDE8F04F03F0CDBB5B4622462946CDF84C
S21403B06038A0F3E72DE9F041002686B007460846E8
S21403B0700C4615469846CDE9026604968DF814608C
S21403B08002F010FE411BCBB20D2B28BF0D232A4620
S21403B0902146009602A803F0ACFB424602A93846B6
S21403B0A0EEF774FE0646294620469DF80820F7F775
S21403B0B0C7FB304606B0BDE8F0812DE9F04F0E46DB
S21403B0C0CBB00121054617461C4602F007FE234671
S21403B0D03A462946814606A8FFF7C4FF0DF1280A1B
S21403B0E000EB070B5246314628465FFA8BFBFFF709
S21403B0F043FFB34503D200204BB0BDE8F08FABEB64
S21403B10006085FFA88F808F104039842F3DB331F56
S21403B11018440423C4B20193A31BDBB20093524624
S21403B12043460021CDF808A006A8DCF727FD002833
S21403B130E1D1A4EB0B040AEB0803E4B2524628461B
S21403B1403146009301944346FFF744FF39462846A9
S21403B150F7F762FB394600F0F8022846F7F770FB6C
S21403B1600121284602F0BAFD002818BF4D4628469E
S21403B170ADF8165002F096FD011FC9B20DF1160088
S21403B18000F02FFE0120B7E72DE9D841064600F070
S21403B19040FF411C044689B2304600F00DFF98B3C9
S21403B1A094B321463046F7F737FB00F00C03042B25
S21403B1B0074629D000F00308B8F1020F00D11BBBE5
S21403B1C0384600F0AFFF3B060444A4B216D5611C14
S21403B1D0304689B200F0F0FEB0B121463046F7F7AC
S21403B1E01BFBB8F1010F014600F003030CD0032B41
S21403B1F00AD0384600F0A5FF03199CB22146304614
S21403B200BDE8D84100F0D8BE0020BDE8D881F8B527
S21403B210064600F0C0FE054604463046FEF7A1FD8E
S21403B22043785B0718D5AC1CA4B22146304600F021
S21403B230C3FEB8B129463046F7F7EEFA0746691C4F
S21403B240304689B2F7F7E8FA1FB1874201D8FF28DC
S21403B25008D104EB4704A4B221463046BDE8F840C3
S21403B26000F0AABE0020F8BD13B5044601A8EEF709
S21403B270E5FFBDF80430DA0710D49B0707D4102285
S21403B2800021204602B0BDE81040DFF789B8224609
S21403B29021461020FFF7CBFD0028F0D102B010BDE9
S21403B2A0024608B5EEF7F2FF510544BF0838C0B2B0
S21403B2B0130544BF0838C0B208BDF0B5D30705462A
S21403B2C00C468BB04AD5008800F0A3FE0023064642
S21403B2D0029314B9CDE9034403AC002208212046A7
S21403B2E0FEF771FEA8B12888FEF73BFD023003F097
S21403B2F07FF921460746E7F7E7FF50B100224023D0
S21403B3001146384600F01DFA40F6094528460BB0AC
S21403B310F0BD31462888F7F77FFA10F0030F0CBF0D
S21403B32001260026EEF7FCFA46EA4000C0B200907B
S21403B3300021204602AB05AAF0F712FA0546EEF7FF
S21403B340EFFA0028E2D0002DE0D000212046009638
S21403B35002AB05AAF0F704FA0546D7E740F60A4516
S21403B360D4E700231A46F0F755B930B58BB005ADD0
S21403B37004462846FCF735FF0223284601A98DF824
S21403B3801430FDF7C3F8234601AA144603CCAC4297
S21403B39018605960224603F10803F6D10BB030BD9E
S21403B3A008B50023024619461846F0F733F901207C
S21403B3B008BD37B504466846F0F7A4F9054648B114
S21403B3C0082221466846DFF737FBB0FA80F04009CB
S21403B3D003B030BDFF2208212046FEF7F4FD0346E6
S21403B3E028B106212846FFF7BCFF0120F0E72246D6
S21403B3F00146F0F70FF9F8E707B56846F0F782F964
S21403B40010B16846FDF700FA00F0010003B05DF8DE
S21403B41004FB0120F0F7B0BE704737B50446084674
S21403B420FEF7DCFB0546FEF73CFE002301460093D1
S21403B43022462B460120F6F7DBF903B030BD30B5C4
S21403B4400124054689B003A8FCF7CBFE01A88DF8B6
S21403B4500C40DCF753FC9DF806209DF80730AA4203
S21403B46009D0AB4209D103A88DF80D40DCF7E8FB01
S21403B470012009B030BD0024F5E70020F9E70022DB
S21403B4801021FEF7A0BD7FB50D4600F582300D22D4
S21403B490694600F58070D0F717FE6B462A4602AE63
S21403B4A01C4603CCB44210605160234602F10802E6
S21403B4B0F6D1206810602379137100236B7304B0F0
S21403B4C070BDF0B585B06A4605460B46164601F1D3
S21403B4D00807144618685968083303C4BB42224653
S21403B4E0F7D118680D2220601B7905F582303146A6
S21403B4F0237100F58070D0F713FE05B0F0BD38B5A4
S21403B50004460D46DBF7BEFEA04205D92046294673
S21403B510FFF7B9FF002038BD2820FCE730B500242C
S21403B52085B08DF80040DBF7ADFEE5B2A84204D83F
S21403B530F2F7B4FA002005B030BD69462846FFF797
S21403B540C0FF0134EFE738B50446002002F07EFD65
S21403B550FF2805460FD002F001FE10F0010009D0C7
S21403B560284602F0FBFD400840EAC17080F0010067
S21403B57000F0010038BD04F00100FBE70146F8B512
S21403B58006460020F2F7C4F9FF2801D00120F8BDD3
S21403B590DBF768FE00240546871CDBF767FEE3B28D
S21403B5A0984201D80020F2E735F82430B34203D19D
S21403B5B017F82430002BE9D10134EEE738B50D46F1
S21403B5C00121044602F08AFB30B10121204602F035
S21403B5D085FB2880012038BD20462C8000F00EFE17
S21403B5E00130C0B2F7E72DE9F04788B00746894631
S21403B5F010460DF10A011D469046FFF7DFFF4FF098
S21403B600000ABDF80A6004463046CDE905AACDF81F
S21403B6101BA002F047FB031BDBB20B2B28BF0B233D
S21403B62022463146CDF800A005A803F0E2F848F21A
S21403B6301F039D4243D00BD885F40043012B15D935
S21403B64023464246494628460097FDF730F933E03D
S21403B65048F23A039D42F3D1FEF723FDB8422BD0BE
S21403B6602246414605A8FDF757F925E09DF8143014
S21403B67013BBBDF81D40DDF81500DDF8191003AB4C
S21403B68003C3204603A9DCF71FF80122204603A9BB
S21403B690EEF798F8A74206460ED0012103A8F2F764
S21403B6A099FB48F201039D4206D12EB93346324632
S21403B6B03946204600F046FE08B0BDE8F0879DF800
S21403B6C01450002DF8D12F469DF815800234EAB2A7
S21403B6D04245F1D2D200D2B222440823314692B276
S21403B6E0009703A8CDE9037703F083F803A8F4F7DC
S21403B6F0FFFB02F0DBFC00F0CDF80135E7E708B509
S21403B700E7F78EF8BDE80840F2F7A2BD10B50024AF
S21403B710418084800480C280038110BD13B5BDF8C8
S21403B7201040CDE900340023F2F7FAFE02B010BD54
S21403B73013B5BDF8104001900094F2F7F1FE02B085
S21403B74010BD07B500930123FFF7F2FF03B05DF8C2
S21403B75004FB0123F2F78ABF0121F4F7F7B8014689
S21403B7604FF6FF70F4F71AB810B50C4602F09EFCBD
S21403B770FF2808D0F4F7A4FB20B1036823604368CE
S21403B7800120636010BD0020FCE710B50446FEF7F9
S21403B790F6F9B0F5006F204605D1FEF703FABDE8CB
S21403B7A0104002F083BCFEF719FABDE8104003F020
S21403B7B015B808B502F07AFCFF280CD002F0CEFCD0
S21403B7C010F0010309D0400840EAC17080F0010080
S21403B7D000F0010008BD0020FCE71846FAE71FB595
S21403B7E000F582300B2201A900F5C070D0F76CFC7F
S21403B7F09DF80E0005B05DF804FB30B589B001F086
S21403B800010503A90446F4F77DFF9DB190B92046D0
S21403B81002F0A4FC10F0010109D0204602F09EFCC1
S21403B820430843EAC17383F0010303F0010103A84D
S21403B830F2F7D0FA2046F5F7FDFE9DF814302946B8
S21403B84000932046BDF8162003ABFCF79EFB09B019
S21403B85030BD7FB50C460546F4F71AFBA04217D059
S21403B8604FF6F7739C4213D805F5823606F5C07675
S21403B8700B2201A93046D0F727FC01A90B2230463C
S21403B880ADF80C40D0F74CFC21462846F4F752FBA3
S21403B89004B070BD10B50446DBF7FAFCA0420FD91E
S21403B8A02046F4F7F5FA4FF6FF73984208D0204681
S21403B8B00021FFF7A2FF2046BDE81040F4F77CBF47
S21403B8C010BD10B50446FEF7ECFB002302461946EE
S21403B8D02046BDE81040F5F7C9B82DE9F0411446F7
S21403B8E00F4605469846FEF73CFA0646043002F035
S21403B8F07FFE20802846FEF797F96080B379791C8F
S21403B900E372C9B22846F6F787FFB91CA072C9B21C
S21403B9102846F6F781FFFE1C2072F6B2B8F1000F38
S21403B92018D03146284600F097FA0537FEB231465E
S21403B930A080284600F090FAB11CE080C9B22846E1
S21403B940F6F76AFF6072217AA0880122BDE8F0410B
S21403B950F5F7ACBD2088EAE72DE9F04186B09046BE
S21403B9601E4604460D46FEF79CFB4FF6F7739845B6
S21403B970074632D80523A0428DF80C304FF001025B
S21403B98014BF012300234FF0000118BF8DF80D30BC
S21403B990CDE9002114BFADF80E008DF80D30284612
S21403B9A014BF0423022303AA00F00FFB0546A0B12D
S21403B9B0A7421AD0FEF7D5F9074621460430803E43
S21403B9C002F018FE2046FE7104A9FFF7CDFE40B92B
S21403B9D0204604A9E7F78CF918B9002006B0BDE89D
S21403B9E0F081284604A900F07EFB41462846FEF770
S21403B9F08DFFF3E7037923F00303194301F03F01B7
S21403BA000171704707B50DF10701F5F7F5FB03B0B4
S21403BA105DF804FB08B5FFF7F5FF18B1BDE808406D
S21403BA20F5F73ABC08BD00224FF6FF701146F5F74E
S21403BA303DBD10B50446FFF7E5FF024638B901469B
S21403BA402046F5F733FD003818BF012010BD01204E
S21403BA50FCE7F8B5174604460E46FFF7D3FF054640
S21403BA60386068B1037903F00303337023B93A6887
S21403BA70137903F03F0313713B685C882046F8BDD7
S21403BA8001462046FEF751FD074628B1E8F736FB88
S21403BA90874201D83570F1E731462046FCF701FFAF
S21403BAA00028EBD003234FF6FF743370E6E707B5A1
S21403BAB001AA0DF10301FFF7CCFF9DF8033053B93C
S21403BAC0019828B1037913F0300F14BF012000202A
S21403BAD003B05DF804FB0020FAE72DE9FF410646B4
S21403BAE0104688461546F4F703FA0746FEF7D9FAD2
S21403BAF0044648BB4FF6FF739E4225D09F4206D0AE
S21403BB000146384604B0BDE8F041EBF7C1BD072354
S21403BB108DF804302B680246CDF805306B68092192
S21403BB2001A8CDF80930FEF737F9024618B91920EF
S21403BB3004B0BDE8F081012341463046F1F712F820
S21403BB400028F4D02046F3E70220F1E72DE9F0437E
S21403BB5090460F4606464FF0010991B00BA803AD79
S21403BB60FCF73FFB07AC29460BA8ADF82C90FCF777
S21403BB70CDFC95E80F0084E80F004B4600223946BB
S21403BB803046CDE90048F1F709F911B0BDE8F08376
S21403BB902DE9F04F002785B081460C467E203946B6
S21403BBA09846BDF83CB09DF844A0BDF84C500192B1
S21403BBB0ADF80E7002F0CEF80646002800F0AA8014
S21403BBC002F054F839467E22DEF7EAFB304602F0EE
S21403BBD04DF80090304602F049F8B9F1FF0F0CBF5C
S21403BBE0274644F003073B0A14F440620770437089
S21403BBF05FD14FF00808C31C184642460199DEF78A
S21403BC0021FC034604F44044434484B1790606D435
S21403BC1019464FEA1B2201F802BB5A700B46B4F5CD
S21403BC20004F56D0A4F5404254425441E400224605
S21403BC3018460E99DEF706FC009A03462044A0EB4E
S21403BC4002085FFA88F89DB14FF47C521A53841C9D
S21403BC50284602F00BF88346284602F023F8C5B2BE
S21403BC602A4659462046DEF72BFD60190235EDB20B
S21403BC70B9F1FF0F2FD05246109900F8019BDEF75B
S21403BC801FFD08F101015AFA81F129443046E6F70F
S21403BC90B1FC0C210022FF0007F080071046394351
S21403BCA0FEF73DF8ADF80E00E8B9002005B0BDE894
S21403BCB0F08FB2F5006F80F803804FEA182880F8FB
S21403BCC0048000F1050314BF4FF008084FF0020884
S21403BCD092E70224ABE708EB0A0129443046E6F76D
S21403BCE089FC0821D6E7304601F0C0FF04463046FB
S21403BCF001F0D8FF0123024621460DF10E00E6F7B8
S21403BD00E3FC0028D1D10121BDF84820BDF80E0080
S21403BD1001F0F8FFBDF80E00C8E710B50C46098819
S21403BD2021B90846F6F7C6F8208008B1012010BDF1
S21403BD300220FCE72DE9F04780460F46064600241E
S21403BD4002F1FF39BC4202D219F8015F25B9A6EB0E
S21403BD50080080B2BDE8F0879A46A5F13102012AB1
S21403BD605AF8041B10D83246322D02F8011B06D1AE
S21403BD700134A4B2A74232D30912B21C7170013443
S21403BD8053461646A4B2DDE7342D0CD10334BC4229
S21403BD90DDDA0B0A317073700B0C090EB370321DAB
S21403BDA0F170A4B2EBE7A5F13302062A0DD8303DB5
S21403BDB0ADB22B19BB42CADA2A463046013CDEF73F
S21403BDC041FB15FA84F47219EBE7A5F14102062A42
S21403BDD001D8373DECE79D8803F1080AE9E71646E4
S21403BDE0B5E770B5054600880C4601F05BFFA04238
S21403BDF028880AD201F056FF0023221A194628463D
S21403BE00BDE8704092B2E6F75FBC2146E6F7F2FB68
S21403BE10002070BD38B5054601F028FF04462846C5
S21403BE2001F040FF002201462046BDE83840FDF7FA
S21403BE30B3BFF8B516460C461D46BDF8187001F09C
S21403BE4015FF0444304601F011FF3A4641192046D7
S21403BE50BDE8F840DEF7F6BA70B50C46013189B294
S21403BE600646F6F7D9FC214605463046F6F7D4FCD7
S21403BE7000EB052080B270BD1FB50123ADF80C2082
S21403BE8000930A460223014603A802F0B2FC05B05B
S21403BE905DF804FB0FB437B5069D0021A8B201F088
S21403BEA059FF044601F0E2FE2CB1002207AB0193D2
S21403BEB0D1B28D4205D8204603B0BDE8304004B069
S21403BEC0704753F8041B81540132F1E773B50446F7
S21403BED00D4640200021164601F03CFFADF8060053
S21403BEE001F0C4FEBDF8063013B9002002B070BDE1
S21403BEF0402133462A462044FFF71CFF211889B207
S21403BF000DF10600FFF76DFF0028EED1BDF8060021
S21403BF10ECE70EB403B503AA52F8041B0192FFF72D
S21403BF20D5FF02B05DF804EB03B070472DE9F74385
S21403BF300F4601218146164601F0D0FE054658B14C
S21403BF40FFF768FF308088B9284601F0ABFE68B17A
S21403BF50192003B0BDE8F083484601F0A3FEFF2F87
S21403BF60A0EB0704E4B214D014B934800020F0E741
S21403BF702A4621462846FDF70FFF80460028E7D0CD
S21403BF803B464A4629460094FFF753FFA6F800802F
S21403BF90ECE70120DDE708B5FDF7E3FE437803F0A1
S21403BFA001001A074CBF10300830DB0644BF0830C8
S21403BFB0C0B21030C0B208BD10B50C4601F072FE18
S21403BFC0A04234BF0020012010BD7FB51446009167
S21403BFD0024641F2092141F609209DF820601D46DC
S21403BFE0002E18BF0146099B0020F6F73DFCADF86E
S21403BFF00E0010B9002004B070BD01232A46214666
S21403C0000DF10E00E6F760FB0028F3D1BDF80E0035
S21403C010F1E738B50546FFF7BEFF0446284601F0AC
S21403C02041FE631C9BB283420FD82846FDF799FE58
S21403C03043785B0707D521462846F6F7EDFB013024
S21403C04004EB4004E4B2204638BD0024FBE71FB5EA
S21403C050ADF80E0001F026FE0446BDF80E00FFF70D
S21403C060D8FF00F10E03DBB2BDF80E200146E01A3E
S21403C07080B200901046FFF7DCFEA4F10E0189B2F1
S21403C0800DF10E00FFF7ADFE04B010BD4278034677
S21403C09012F0080006D0D20702D403F10800704756
S21403C0A003F10900704737B505460C46FDF759FE00
S21403C0B0437813F0100212D09CB103F001021B0761
S21403C0C04FF000032946009320464FF0080354BF61
S21403C0D01832203202F08DFB012003B030BD10462B
S21403C0E0FBE72046F9E773B505460C46FDF739FE30
S21403C0F0437813F0100211D094B1012603F0010225
S21403C1001B0729464FF00803204654BF1832203237
S21403C110009602F06EFB304602B070BD1046FBE799
S21403C1202046F9E700F00303012B08D0C30606D424
S21403C13000F00C000C2814BF0820092070470220CA
S21403C1407047034611F0030005D003F00303022BE8
S21403C15014BF022003207047F8B50C46064601F0CC
S21403C160A1FD631C834202D900252846F8BD21465B
S21403C1703046F6F751FB0746FFF7D4FF3B06054666
S21403C180F3D50444304601F08DFDA4B2631C9BB284
S21403C1908342E9D821463046F6F73EFB0146384649
S21403C1A0FFF7CFFF2844C5B2DFE770B506460D4656
S21403C1B0FFF7D2FF044610B90024204670BD294677
S21403C1C03046F6F729FB8206F7D5304601F06AFDBE
S21403C1D02544ADB26B1C9BB28342EDD8294630464C
S21403C1E0F6F71AFB00F01803082B14BF05340634C1
S21403C1F0E4B2830644BF0834E4B2DEE738B5054646
S21403C200FFF707FF044608B9002038BD0146284655
S21403C210FFF7CBFF0028F7D02044C0B2F5E72DE99F
S21403C220F04387B005460C46FDF79BFD804602F0BB
S21403C230DFF907462846FFF7ECFE06460146284682
S21403C240FFF78AFF0022034600922946324602A8D9
S21403C25002F0CFFA9DF8086006F00C030C2B06F0EC
S21403C26003090BD0B9F1010F59D0F10657D49DF845
S21403C27009300DF10A050020637107E0FF230DF175
S21403C2800900637102F0B4F90DF10B05208198F8EB
S21403C2900130DA0704D508F1020002F0A9F920817B
S21403C2A0B9F1010F5FFA89F83DD0F3063BD428466F
S21403C2B002F09EF96080A81C02F09AF9053515F87D
S21403C2C0013C208023712B78B006A37206F040034E
S21403C2D048BF43F02003390627D543F40073F80418
S21403C2E048BF43F48063390548BF43F4006332060E
S21403C2F0E38011D56A7812F003020DD06FEA434348
S21403C3006FEA5343A978B8F1020FE3800B4611D1C5
S21403C310EB7841EA0321218107B0BDE8F083FF23D0
S21403C3200DF10905A7E7FF23CCE77A0648BF43F4D8
S21403C3308073D4E7012A04BF0B029BB22381EBE789
S21403C340F6F76EBF0BB1F6F7D7BF0AB9F7F750B8D3
S21403C350FF21F6F779BF431C08BF0020DFF7D6BAE4
S21403C360034B5868C0F30800003818BF0120704715
S21403C37000ED00E0014B1868704700BF0C67002013
S21403C380084B1B6F03F00703022B04D0032B05D0C7
S21403C390012B05D0FEE7044B18687047034BFBE7F9
S21403C3A003487047008000500C6700201467002085
S21403C3B0002D310108B5FFF7E3FF054B1B6FC3F3F1
S21403C3C001330133B0FBF3F0024B186008BD00BF26
S21403C3D000800050086700200048704700B4C4047B
S21403C3E000487047002D3101014B1868704700BFA5
S21403C3F014670020174A9368C3F304430C2B0AD828
S21403C400DFE803F00B0909090909072119091B1DB0
S21403C4101F001148704700207047936803F040736D
S21403C420B3F1807F11D0B3F1007F10D0002B0B48FF
S21403C43018BF002070470A4870470A4870470A48E2
S21403C44070470A4870470A4870470A4870470A48C0
S21403C450704700BF0040015A405DC60000093D001A
S21403C460C0EA210180BA8C010048E801005A620242
S21403C4700024F40080841E0040420F00014B18681D
S21403C480704700BF1067002007B500F065FC6A46DA
S21403C49000F0C2FC18B14721034801F0CBFFDDE9E9
S21403C4A0000103B05DF804FBB0EF03000229F8B502
S21403C4B096BF104B00245C5C012805460E4608D048
S21403C4C0022809D008B944F002040B4B1F6837B999
S21403C4D0F8BD44F00804F8E744F02004F5E77B6869
S21403C4E01A68144203D0314628465B6898473F686B
S21403C4F0EDE700BFF28604001C3C002038B5104D63
S21403C5002B78ABB10F4C23781BB100F031FA002324
S21403C5102370002001F0A1FF0B4C50B100F07AFA13
S21403C5200023012120782B70FFF7C0FF012323701F
S21403C53038BD0122054B1A702278054B1A70F7E7AF
S21403C540095D0020075D00200E5D00200A5D0020C7
S21403C5500B5D00200E490B78FF2B01D198B1704775
S21403C5600BB990B97047002814BF0122FF22134469
S21403C5700B7060B1074B1B78012B08D9064B1B7851
S21403C5802BB9FFF7BBBF1A46F1E70122EFE7704767
S21403C5900D5D00200E5D00200A5D002010B501F041
S21403C5A04AFE064B04461B781BB1BDE8104001F05B
S21403C5B03DBEFFF7A3FF2046F7E700BF065D00205A
S21403C5C002282DE9F04147D029480378FF2B41D1B3
S21403C5D0002941D11A461344DBB2037000293BD02D
S21403C5E0244E3278012A37D9002B3ED001F023FEA1
S21403C5F0214F04463B780BB3204D2B781BB9012201
S21403C6002A701F4A1370DFF87C8098F8003023B135
S21403C61000F0AEF9002388F80030204601F006FE4D
S21403C620012001F01AFF01F006FE2B7804461BB129
S21403C63000F0F0F900232B7000233B70204601F036
S21403C640F5FD01243078A04206D02146FFF72EFFE1
S21403C650347001E013B931B9BDE8F081002914BF85
S21403C6600122FF22B7E70122B5E70224EAE700BF6B
S21403C6700D5D00200E5D0020095D0020065D002094
S21403C6800A5D0020075D00202DE9F04385B0EFF337
S21403C690108572B6AFF3008001F0B4FF002800F0F7
S21403C6A09280624E624F337823B10020FFF752FF29
S21403C6B000233370387878B903A900F01DFB0446CD
S21403C6C050B95C4B039A1B689A4200F2848001209F
S21403C6D0FFF740FF012333703B78002B40F099802F
S21403C6E0554B1B78002B00F091804FF00208534CFB
S21403C6F0DFF868912078404507D099F8003013B9E1
S21403C7004146FFF7D3FE84F80080B8F1020F0FD13D
S21403C710DFF8248198F8003053B9494B1B7823B9C6
S21403C72000F020F90122474B1A70012388F80030E5
S21403C730207800F0F7F899F8003013B1424B1B78D5
S21403C7402370AFF30080284601F082FEEFF31085D6
S21403C75072B63E4B1A7852B100221A703A4B2078C2
S21403C7601B78984203D101212170FFF79FFE3848BA
S21403C77000F082FA01F05AFF8046002893D12E4F2C
S21403C7803B789BB189F80000DFF8B89099F8003041
S21403C7901BB100F0EDF889F80080002001F05DFE83
S21403C7A0002839D000F036F900233B70337823B1E4
S21403C7B00020FFF7CFFE0023337000212078FFF719
S21403C7C075FE00232370AFF30080284605B0BDE84E
S21403C7D0F04301F03DBE1F4BD3F8008000F048F94C
S21403C7E0039B80449845BFF472AF00F03BF9820088
S21403C7F0039942F0020292B2CDE900422346164A5A
S21403C800A1EB0801124801F02AFE65E700F09CF848
S21403C8106BE74FF001086AE7012000F083F828462B
S21403C82001F016FEEFF3108572B6B6E7085D00203A
S21403C8300D5D0020243C0020095D00200E5D0020D5
S21403C8400C5D0020075D00200B5D0020045D0020CA
S21403C850283C0020203C00209DC503000A5D0020E4
S21403C86010B501F0E8FC0022054B1C781A7001F0A5
S21403C870DDFC00F005FBE4B22043C0B210BD00BFF0
S21403C880055D002038B501F0D6FC094B05461B783C
S21403C890012B04D801F0CAFC0024204638BD054B02
S21403C8A01C6800F0E5F80444284601F0BFFCF4E7F2
S21403C8B00E5D0020203C00201549164A0B6F10B56C
S21403C8C003F007031360144A144C9269032B02F017
S21403C8D00200C2F34002227017D0D1F8203103F0D1
S21403C8E00703022B11D0D1F8803203F001030C4A60
S21403C8F0137048B143B9064BD3F8003103F0030372
S21403C900591E4B424B41137010BD0123EFE700BF86
S21403C91000800050843C002000C00150135D0020BE
S21403C920145D0020012805D00238012808D800200D
S21403C930CDF758B9034A136923F00403136130BFD4
S21403C940704700BF00ED00E0044B054AD3F82031E2
S21403C95003F007031360F7F7ACBF00BF0080005077
S21403C9608C3C00200122014B1A707047125D002098
S21403C970F8B51F4B1B78002B39D01E4C2378B3B960
S21403C9801D4B9A6DD10302D5DA6D92072FD49B6D9A
S21403C990DB072CD401F0A6FD184B194A1860136F59
S21403C9A023F0070343F003031367FFF703FD01F0C8
S21403C9B099FD124B134D1B68134EC01A2B78134F59
S21403C9C056F8232046F82300111A3A681048521ADC
S21403C9D00A213A600932B2FBF1F20133DBB202609C
S21403C9E0B3FBF1F201FB12332B7000232370F8BD67
S21403C9F0145D0020115D002000C000507C3C002028
S21403CA0000800050105D0020543C0020503C002065
S21403CA104C3C002008B5F7F74DFF0D4A0D49136F40
S21403CA20096823F007030B4313670B49D2F8203139
S21403CA30096823F007030B43C2F82031074B1B7822
S21403CA4013B10122064B9A62BDE80840FFF7B2BC59
S21403CA5000800050843C00208C3C0020145D0020A5
S21403CA6000E00050014B1878704700BF145D0020AB
S21403CA70054B187818B1054B186800EBD000044B2B
S21403CA801B681844704700BF145D00204C3C002010
S21403CA90803C002008B50D4B1A7892B100221A701C
S21403CAA00B4A136F23F0070343F001031367D2F80F
S21403CAB0203123F0070343F00403C2F82031FFF7C5
S21403CAC079FC0122034B5A6708BD00BF125D0020A4
S21403CAD00080005000E000500D490B68A0B1002212
S21403CAE0A3B1834203D1836822B90B6003E01A46DD
S21403CAF09B68F5E7936083680BB9002070475A6913
S21403CB0041690A445A61F8E72220704702207047B9
S21403CB10983C002010B501F001FD0A4C0A4B196839
S21403CB202368C31A09B9206010BD002BFBD04A69DD
S21403CB309A423ABF9B1A0022D21A4A6128BF0023A0
S21403CB408968EFE7943C0020983C002038B5154DE3
S21403CB502B682BB35B69B3B1134A022014681C44D9
S21403CB6000F088FA204600F047FA00220F492B68A7
S21403CB700A70012A05D823B1D88880070AD501236D
S21403CB800B70002038BD022000F074FA022000F07B
S21403CB9093FAEAE79B68002BF3D058690244E8E768
S21403CBA02220EFE7983C0020943C0020165D0020EE
S21403CBB0C38870B504460D463BB9FFF763FE85424E
S21403CBC0064602D2F8F755FF35460E4A65611368E6
S21403CBD09BB91460A3600FE02D1A98681946656127
S21403CBE0034618B15869A842F6D941B18C60A360D0
S21403CBF013B15A69521B5A6170BD0021F2E71460E3
S21403CC00F5E700BF983C002070B516469DF8142043
S21403CC10C0E903360271049ABDF818300260002298
S21403CC2004460D468260C38006BB01F077FC2844A9
S21403CC30A0613DB9E368656113B120462168984752
S21403CC4096B1354601F0F7FA0646FFF763FF294625
S21403CC502046FFF7ADFF074B1B68A34201D1FFF742
S21403CC6075FF304601F0E2FA002070BD01F056FC75
S21403CC703044DDE7983C0020F8B50546D0B101F016
S21403CC80DAFA0646FFF746FF0B4B28461F68FFF700
S21403CC9023FF044620B1304601F0C8FA2046F8BD0B
S21403CCA0AF42F8D1FFF752FF2228F4D1022000F05A
S21403CCB0EDF9F0E72224F1E7983C002038B50C465E
S21403CCC00546A8B1A1B100230B7001F0C1FA0121FA
S21403CCD0084B1B6833B901F0B6FA002038BD9D42F5
S21403CCE004D121702278002AF9D0F4E79B68F1E793
S21403CCF02220F3E7983C0020F8B506460F4601F0DD
S21403CD00A7FA00250446124B1B6823B9204601F0F8
S21403CD109AFA1B2011E05A691544DA88B2420DD1FB
S21403CD2001F0FCFB0B4E3368C01AA8420AD300235B
S21403CD3020463B6001F087FA0020F8BDFF2EEFD0B7
S21403CD409B68E2E701F0EAFB33682B441B1AEFE724
S21403CD50983C0020943C002070B501F079FA064612
S21403CD6001F0DCFB084B044601201D6801F0C6FBFE
S21403CD7018B101F0D3FB04460135304601F063FADF
S21403CD802046294670BD00BFA03C0020014B186812
S21403CD90704700BF9C3C0020F8B50C4B05461B684B
S21403CDA00E4683420FD3002440F2E7302146084B59
S21403CDB04FF47A721F680023E5FB0701DCF784FF54
S21403CDC030602046F8BD2120FCE700BF903C0020E1
S21403CDD09C3C00200F4B10B51A689AB14FF47A7139
S21403CDE0531E1342A0FB01010ED1B2FA82F2C2F126
S21403CDF01F04531CD243E04001FA03F3184321FAFD
S21403CE0002F20243104610BD0023DCF75DFF024624
S21403CE10F8E700BF9C3C002038B5164B1446834207
S21403CE20154B8B4123D3154B1A6802B34FF47A750F
S21403CE30A0FB050305FB0131531E134211D1B2FAC1
S21403CE4082F3C3F11F055A1CDB4301FA02F2E840E2
S21403CE5021FA03F310431843E940C4E90001002014
S21403CE6038BD0023DCF730FFC4E90001F7E72120D3
S21403CE70F6E700BFEFA7C64B378941009C3C00206E
S21403CE8010B501F0E5F9034B1C7801F0DCF9E4B2C8
S21403CE90204610BD155D002008B5084B1B7803F02F
S21403CEA0FF004BB101F01EFB054B1B689B69C01AC4
S21403CEB002288CBF0020012008BD00BF165D00209D
S21403CEC0983C0020C2072DE9F843044607D5474A95
S21403CED0136801331360FFF71DFEFFF737FEA30742
S21403CEE040F1818001F0B4F94FF00008054646464C
S21403CEF0FFF710FE3E4F3C680CB16369A3B10022F6
S21403CF003C4B012E1A7003D118F0020F18BF1E7087
S21403CF10FFF71CFE222802D1022000F0B7F82846AD
S21403CF20BDE8F84301F08FB923465A693AB91A792E
S21403CF302179914288BF1C469B68002BF5D1284671
S21403CF4001F081F9D4F81080B8F1000F3FD001F05A
S21403CF50E5FAA269851AEB17454573F1000337DB3B
S21403CF6023691344A36101232269CAB1C3B9A38BFE
S21403CF70B8EB050833B1E28B13449BB2B3F57A7F63
S21403CF801CD2E38301F064F9054641462046FFF7C9
S21403CF900FFEA369226928461344A36101F053F9DF
S21403CFA0E36813B1204621689847B4F8068001F079
S21403CFB04FF901360546FFF7ADFD9CE7A3F57A73F7
S21403CFC0E383A36918F1FF38013BA361DAE745461B
S21403CFD001F03EF981462046FFF77EFD484601F004
S21403CFE032F90023C0E7BDE8F88300BFA03C002069
S21403CFF0983C0020155D002010B5044601F01BF98F
S21403D0004FF0B042936A1907FCD4136A116C526945
S21403D010120704D4CA1A032A01D899420ED1E21A77
S21403D020022A98BFDC1CB4F1FF3F38BF013C4FF027
S21403D030B04308221C6403F580539A6101F0F6F8A6
S21403D040054A13783BB14FF0B041CB6B43F0020374
S21403D050CB630023137010BDA56C002007B5044BEB
S21403D06001A9187901F08DF9019803B05DF804FB66
S21403D0703485040000F001038207034A48BF43F0E7
S21403D08008039361704700BF00100058820700F042
S21403D09001030AD50121064A43F0080311704FF035
S21403D0A0B041CA6B22F00302CA63024A9361704717
S21403D0B0A56C002000200058830742BF0822014BBE
S21403D0C05A6170470010005873B502AB164603E961
S21403D0D00600044600F052FF0546204600F05EFFB9
S21403D0E09DF800208DB1202C33780ED8012B2ED836
S21403D0F04FF6FF752D4803EB4313234430F8131004
S21403D100A94202D0013120F81310294B294E33F8D7
S21403D110141036F81400814232D34FF6FF75A94235
S21403D1204FF0010502D0013123F8141004F0FD017D
S21403D130092927D1998AB68A0A44B242B4BF9A8289
S21403D1409E8233F81430834227D202B070BD022B7E
S21403D150DBD14FF6FF704FF6FF75144B33F8141000
S21403D160814218BF013104F1210018BF23F81410BF
S21403D17033F81010A9421CBF013123F81010C4E77E
S21403D1800025D0E71D2CDCD1598F8E18864203DA92
S21403D19001390A445A87D4E75887002DD5D120464B
S21403D1A002B0BDE8704001F0D4B900BF2857002094
S21403D1B000580020AC57002038B50D46044601F051
S21403D1C047F8064A13889BB22DB123431380BDE864
S21403D1D0384001F038B823EA0403F7E7EE5B002093
S21403D1E00022034B01214FF480701A70FFF7E4BF4F
S21403D1F04463002008B5054B1868FCF7C2FB00F033
S21403D2000300C31E5842584108BD00BF20540020E7
S21403D21038B5044601F03BFA0C4B054619781879E5
S21403D22081420FD0631E082B0CD8DFE803F0050DF0
S21403D2300B0D0B0D0D0D0D0000220146044B186857
S21403D240FCF79DFB284638BD0022F7E7D36C002089
S21403D2502054002038B54FF0FF300C46FFF77BF81C
S21403D2600A4B05461868FFF776F8641B241A20B2A3
S21403D27010F1630F06DB10F1240F05DA643080002B
S21403D280C0B238BD0020FCE7FF20FAE72054002098
S21403D29008B5134B1B78062B04D040F62101114822
S21403D2A001F0C8F8104B1B881B0704D440F6220174
S21403D2B00C4801F0BFF80D4B2A201978FFF7A8FF9A
S21403D2C000210820FFF778FF0222094B1A70094B4A
S21403D2D01868E3F711FDBDE8084001F027B900BF61
S21403D2E044630020BE810400EE5B002041630020FF
S21403D2F0086D00202054002010B50E4C236823B977
S21403D30040F6A3410C4801F095F82068013001F07F
S21403D3106FF900F0070003280AD1246809220121C7
S21403D320204600F0E3FB205C031F5842584110BD23
S21403D3300020FCE710540020BE81040038B50C46DC
S21403D34040B100210420FFF737FF01F0EFF8012C6E
S21403D3501DD038BD244B1B889B07F6D50129234ACD
S21403D3602FD1117869B30139C9B2117011B92020D0
S21403D370FFF722FF00210220FFF71EFF04221C4BAB
S21403D38000211C481A7000F05DFD01F0CFF81A4C1E
S21403D3902068013001F02CF900F44060B0F5006F0E
S21403D3A01FD1246801210422204600F09FFB20445D
S21403D3B001F01EF90146BDE838400022202001F0A6
S21403D3C0E0B800210D4D02201170FFF7F5FE2B7813
S21403D3D0FF2B04D040F29961094801F02BF82C701A
S21403D3E0B3E74FF6FF71E6E7EE5B002043630020EA
S21403D3F044630020146A002010540020096D0020A6
S21403D400BE81040038B5134C05462388580709D552
S21403D410FFF7F0FE01460720FFF7FAFEFF21012083
S21403D420FFF78CFF238899070BD50B4B28461978F3
S21403D4308A1F51425141FFF7EBFE01210020FFF7FF
S21403D4407DFF23881B0703D5BDE83840FFF720BFC1
S21403D45038BD00BFEE5B002044630020F7B5124CD6
S21403D460D4E9006586EA020C85EA03070CEA000C99
S21403D4700F405CEA070E15D086EA0C067D40C4E929
S21403D4800065CDE900230B46084902460868FBF70A
S21403D4903AFE38B14FF4FD71054803B0BDE8F040DD
S21403D4A000F0C8BF03B0F0BD501600202054002083
S21403D4B0BE81040008B50A4B1B88DB0604D440F67D
S21403D4C04701084800F0B6FF00211020FFF774FE5E
S21403D4D0002000F06BFBBDE8084001F027B800BF52
S21403D4E0EE5B0020BE8104002DE9F04F5706804610
S21403D4F014461D4691B005D5FFF77CFE0146012074
S21403D500FFF786FEEE0403D500212D20FFF780FEED
S21403D510A00224D54046FCF7E0FA0146F8B94020BD
S21403D520FFF74AFE40460AA9FBF7B4FEB8B99DF8D2
S21403D5303030022B40F0D980BDF8280000F0B6FD4D
S21403D540FF2808D14046FBF7A3FE40B9012140203F
S21403D550FFF732FE03E000F0C3FD0028F2D1A1037B
S21403D56005D5FFF747FE01460320FFF751FEE2010C
S21403D57004F0807640F1C080854B1B889B072DD531
S21403D580844E3068FBF71BFE40BB834B834F1870FB
S21403D5903B78FF2B04D040F25761814800F04AFFE6
S21403D5A04FF0000900210220FFF706FE87F80090DF
S21403D5B07C4F3B78062B07D101210820FFF7FCFDA3
S21403D5C049462820FFF724FE3B78052B06D1002189
S21403D5D02B20FFF71DFE3068E3F78EFB00F0A6FF57
S21403D5E0220717D56B4F0321386805AAFBF701FE00
S21403D5F0064620B940F2C961694800F01BFF9DF852
S21403D6001430072B00F0D080FFF7F4FD014604200A
S21403D610FFF7FEFDE10505D5FFF7ECFD0146042007
S21403D620FFF7F6FD14F4863F05D0FFF7E3FD01464A
S21403D6300220FFF7EDFDA20113D5FFF7DBFD014640
S21403D6400820FFF7E5FD00210420FFF7B5FD554B45
S21403D6501B78012B03D14F4B1868E3F74DFB00F003
S21403D66065FF14F0084F09D0FFF7C4FD01460720F5
S21403D670FFF7CEFDFF210120FFF760FEA30009D5CB
S21403D680FFF7B8FD01460620FFF7C2FDFF21012084
S21403D690FFF754FEA70705D53D4B1B881E0701D58C
S21403D6A0FFF7F6FD6C0603D500210A20FFF7B0FD51
S21403D6B0280602D50120FCF721FAE90540F1858109
S21403D6C040460AAA05A9FCF758F99DF81430222B00
S21403D6D000F06D8100F28281152B40F26A8140F6DC
S21403D6E00A112F4800F0A6FE6FE1032B7FF437AF35
S21403D6F00AA801F067F830E705F0020756EA0703C1
S21403D7000DD0284B26201978A1F1060EDEF1000174
S21403D71041EB0E01FFF77CFD0121304611E004F0DA
S21403D720805656EA07030FD01E4B26201978A1F120
S21403D730060CDCF1000141EB0C01FFF769FD022149
S21403D7403846FFF7FBFD4BE704F0884151EA060332
S21403D75009D0144B272019788F1F79427941FFF798
S21403D76057FD0221D9E705F008030B4302D0232017
S21403D770FFF74EFD680703D500212420FFF748FD79
S21403D780E9077FF52DAF00212520FFF741FD27E7A9
S21403D790EE5B00202054002043630020096D002028
S21403D7A0BE81040044630020314638680AAAFBF7AA
S21403D7B026FD20B14FF4DA619E4800F03BFEBDF82B
S21403D7C01630386802330AA9ADF82C30FBF719FD7A
S21403D7D020B140F2DF61974800F02CFE002300934F
S21403D7E031460423386804AAFBF70DFD042804D049
S21403D7F040F2E4618F4800F01DFEDFF8589299F876
S21403D8000030C3BB0DF1110000F0F2FE00F007007C
S21403D810022830D1FFF7EEFC01460920FFF7F8FC9B
S21403D820854B1B78062B23D1844B9DF813201B783E
S21403D8309A421DD19DF8353023B940F2FA617D48EE
S21403D84000F0F8FD0DF1110000F0D2FEC0F3001653
S21403D85031462920FFF7DCFC00210820FFF7ACFC4B
S21403D860774B1E70FFF748FD10B93868E3F744FAA4
S21403D87000F05CFECEE6BDF816000121083080B24B
S21403D88000F068FA039030B9FFF7B4FC01460420B1
S21403D890FFF7BEFCECE700F0E9F905AA01460646E9
S21403D8A03868FBF7B8FC99F800A0BAF1000F22D14C
S21403D8B006F1010B584600F09BFE83065AD53868DE
S21403D8C0FCF70BF90746FFF795FC05370146F8B258
S21403D8D0FFF79EFC584600F08BFE00F00700032877
S21403D8E0584F2DD001210420FFF766FC4FF0FF3080
S21403D8F0FBF7B0FC386000225349BDF816300978B0
S21403D900F718F1549DF83630BB709DF83730FB702E
S21403D9100A9B190E3971190C7971FB71190A99F85A
S21403D9200030B97123B9737892B343F02003737050
S21403D930002000F069F97870039800F071FA97E711
S21403D94001210922304600F0D1F8305C0121042879
S21403D950C9D1FFF731FC4FF0FF30FBF77BFC3B4BA5
S21403D96038601B885806C6D551464020FFF724FC6E
S21403D9700122C1E7FFF73EFC01460920FFF748FCFA
S21403D9802D4B1B78012BB6D13868E3F7B5F9B2E710
S21403D99023F02003CBE701227E33DBB202FA03F344
S21403D9A013F00A1F31D113F0011F3FF498AE27205E
S21403D9B02CE0012202FA03F3254A1A402ABB13F08D
S21403D9C0041FF4D1DA077FF58AAEAB052FD5012104
S21403D9D0802011B0BDE8F04FFFF7EEBB652B1AD8D9
S21403D9E0622B12D8452B0CD8422B0ED8352B06D8D3
S21403D9F0322B0AD8252B08D9322BD8D06FE6422BE8
S21403DA00FBE7552B05D8522BF7D92620FFF7FAFC50
S21403DA10DBE7622BF1E7952B3FF661AE812BBAD895
S21403DA20722BC4D0733B022B3FF659AEEDE711B011
S21403DA30BDE8F08FBE8104004463002040630020ED
S21403DA40086D00200C5400200A6D0020EE5B0020B9
S21403DA503A00380047630020024B1878B0FA80F08B
S21403DA60400970474463002008B5064B4FF0FF316A
S21403DA701868FBF7A8FF0028B8BF033040F38700F9
S21403DA8008BD00BF2054002008B5074B1868FBF7F5
S21403DA90CFFA30B1054BB3FBF0F083B20BB11846A7
S21403DAA008BD0120FCE700BF2054002040420F00C1
S21403DAB038B510200C460121FFF77EFB064B1D6888
S21403DAC0FFF7E2FF012200FB04F1044B2846FBF7B5
S21403DAD05FFF002038BD00BF20540020B5D40300EC
S21403DAE0014800F0A7BC00BFD8810400032A70B524
S21403DAF0144602D82C4B985C70BD81F0010519B909
S21403DB000D2A07D1FF20F7E70D2A03D10078053841
S21403DB10C0B2F1E7084400F06BFDC5F1040110F450
S21403DB2040660246C9B209D1042C0846E4D0052C47
S21403DB3016D112F0400F18BF0846DDE7C5F10603FD
S21403DB40042CD8B2D8D0B6F5006F03D1C5F10805BA
S21403DB50E8B2ECE7B6F5406FE9D1C5F10E05F7E795
S21403DB6012F4404107D1062CC6D0072CC4D0082C8B
S21403DB7013D10130CCE755065CBF831CD8B2062C04
S21403DB80BAD0B1F5004F02D1831CD8B2EDE7B1F598
S21403DB90404FEAD100F10803F7E7130744BF053007
S21403DBA0C0B20C2CA8D9ADE71CCD0400AC2370B5CD
S21403DBB0094C054603FB00435E6D26B940F2FD3172
S21403DBC0064800F037FCAC2303FB054400236365DB
S21403DBD03346BDE8704018472454002015820400DD
S21403DBE010B40C461146AC22064B02FB0033586DAC
S21403DBF020B95C655DF8044BFFF75ABF02205DF859
S21403DC00044B704724540020AC22034B02FB003322
S21403DC1093F8A800704700BF2454002028B1034B94
S21403DC201B68C01A4010013080B27047E4540020CD
S21403DC3030B1044B00F100401B68013803EB400091
S21403DC40704700BFE4540020064B1B68834206D887
S21403DC50054B1B68834294BF0020012070470020B9
S21403DC60704700BFE4540020E054002010B504467B
S21403DC7008B9002010BD00F018FD20B940F2CD41D0
S21403DC80074800F0D7FB2046FFF7D2FF0028F0D066
S21403DC900388DB0B14BFD0F80A000830EAE700BF9E
S21403DCA0EC81040010B508B9002010BDFFF7C0FFD3
S21403DCB0044600F0F1FC20B94FF49D61064800F0DD
S21403DCC0B9FB002CF0D02388DB0B0ABF60882089C1
S21403DCD0C0F30C00E9E700BFEC81040038B5FFF79A
S21403DCE0A7FF0D46044650B100F0D6FC20B940F21B
S21403DCF04151034800F09EFB023534F8150038BD49
S21403DD00EC81040070B5FFF793FF0C4616460546F4
S21403DD10B0B100F0C1FC20B940F24D510C4800F000
S21403DD2089FB3046FFF784FF00F0B6FC20B940F2CB
S21403DD304E51074800F07EFB023425F8146070BD90
S21403DD4040F25251BDE87040014800F073BB00BF7B
S21403DD50EC8104002DE9F8430746884600F00CFCE6
S21403DD6020B940F28E512A4800F064FBFC1CA4083C
S21403DD70284B64000434B7F5005F1E68A4B204D3CE
S21403DD8040F29551224800F055FB00F061FA224913
S21403DD9081460B687BB9214B1D68761BC6F34F067D
S21403DDA0B44227D90025484600F04DFA2846BDE878
S21403DDB0F843FFF733BFB8F1000F11D0174A1568C1
S21403DDC05A1BC2F34F029442ECD81448620005EB88
S21403DDD044040460B8F1000F0FD113440B600CE049
S21403DDE0F61AC6F34F0676B940F2A651084800F075
S21403DDF021FBD7E705EB44041C6000236F80AB8050
S21403DE00EB802B80CFE7B442CCD8044A1568DCE716
S21403DE10EC810400E8540020D0540020E054002095
S21403DE2038B5054600F014FA04462946044800228D
S21403DE3000F048FC2046BDE8384000F004BA00BFB6
S21403DE40F45B002082684B4B2DE9F0419A4204466E
S21403DE500E46056815D121B140F21311464800F06D
S21403DE60E9FA00F0F5F923691BB92B682BB924618D
S21403DE702C60BDE8F04100F0E6B91A6922611C6126
S21403DE80F6E700F0D0FA8046FEF76AFA20B14FF4C0
S21403DE909571394800F0CEFA6FF000439E4221692F
S21403DEA04BD22B7B08EB0602002B4DD0AB6893427C
S21403DEB04AD1531C002949D06169994242D01EB900
S21403DEC0521AB2F1004F3DD9636123696E689C42D2
S21403DED003D19D21284800F0ADFA2F460023B44213
S21403DEE00BD0002B41D172696169891AB1F1004FD9
S21403DEF032D83269374694422CD12269BD420CBFD0
S21403DF006A603A617BB92669B44203D1B8211A48DC
S21403DF1000F090FA3B46012E05D062697169521AE9
S21403DF20B2F1004F23D99D420BBF6B681A69236178
S21403DF3022610CBF6C601C6104E0434431B162692A
S21403DF409342C1D1BDE8F0811346B3E76A68226104
S21403DF506C60B9E71646C6E7A8EB0202B2F1004FBB
S21403DF60C7D93B4637463669B9E71F46F9E733460E
S21403DF703669D0E7ED270200008204000823064A2C
S21403DF8012F8011B814205D0013B13F0FF03F7D1C2
S21403DF901846704701207047CDCD04000823064A73
S21403DFA012F8011B814205D0013B13F0FF03F7D1A2
S21403DFB01846704701207047C5CD040010B50822E7
S21403DFC007490446DCF738FDB0FA80F04FF6FF73D6
S21403DFD02289400940009A4208BF40F0010010BD64
S21403DFE0DECD040030B504460D4685B002B9084AB6
S21403DFF01068516801AB03C301AB03CB2060204616
S21403E000ADF80C501B886160238105B030BD00BF9E
S21403E010940B0400002270B50A4B1C780A4BD5B249
S21403E020AC4202D800200C7008E01E8801328642FB
S21403E03005D30D701B881B1A5842584170BD123306
S21403E040EDE700BFC1620020AC590020F8B5154BC0
S21403E05004461D680E46E5B1134B1F78874218D950
S21403E06000EB400305EBC30526B92B69DA0712D488
S21403E0702046F8BD08223146281DDCF7DDFC50B9E2
S21403E0802B69DB07F4D40134E4B2A74205F1180583
S21403E090F0D1FF24ECE70134E4B2A74205F11805FA
S21403E0A0E2D1F6E74C550020286D00200A4B0146C6
S21403E0B01B6830B52BB1094A14780022D0B28442CB
S21403E0C001D8FF2030BD5D888D4202D11D69ED0762
S21403E0D0F8D401321833F1E74C550020286D0020A0
S21403E0E00F4A03461068D0B10E4A12789A4215D9E1
S21403E0F019B203EB430300EBC300036913F00100FB
S21403E1000DD0094A126832F8112002F4E2622AB9E5
S21403E11013F00C0F14BF0120002070470120704736
S21403E1204C550020286D002048550020094B1B68DD
S21403E1306BB1094A1278824209D900EB4000C2004B
S21403E14003EBC0000169C90701D5985C7047FF203F
S21403E150704700BF4C550020286D00200C4A03462C
S21403E160106890B10B4A12789A420DD903EB430319
S21403E17000EBC300D0E9043213F001004FF00001B6
S21403E18004D018461146704700200146704700BF6A
S21403E1904C550020286D002010B5164B187860B13A
S21403E1A0154C2368CBB14FF4707200201349FFF768
S21403E1B017FD2368013B236010BDFFF755FC10498C
S21403E1C0104A91F90040136884420B4C03F1010393
S21403E1D013602368B8BF087053B90B4800F09AFA67
S21403E1E00028E9D1BDE8104001460748FFF72ABEDC
S21403E1F00822DAE7A36300206855002099E10300AC
S21403E2009E63002060550020206C0020054B1B6891
S21403E2102BB9054B1868003818BF0120704701203A
S21403E220704700BF585500205455002010B962B6F9
S21403E230BFF36F8F7047EFF3108072B670473023CB
S21403E24083F31188704780F31188BFF36F8F70478D
S21403E250EFF31180302383F3118870470020704753
S21403E2604FF4004070474FF47A70704701224178AC
S21403E27003788A4030214B4341F2100103F1A04357
S21403E28003F570335A507047B0F5802F24D010D85A
S21403E290B0F5003F22D006D828B3B0F5803F14BFB0
S21403E2A0012048207047B0F5403F14BF01202C20C2
S21403E2B07047B0F5302F13D008D8B0F5E02F11D043
S21403E2C0B0F5202F14BF012010207047B0F57F0F44
S21403E2D014BF0120062070474B2070472A20704742
S21403E2E0112070472120704708B570B100F022F85E
S21403E2F04FF098435A6CD202FCD5586D10F4702038
S21403E30004D0BDE80840FFF7BFBF212008BD08B50D
S21403E31028B128220021DCF743F8002008BD21207D
S21403E320FCE7036A042B9FBF00EB83020133D16033
S21403E33003627047036A052B14D84FF09842116C9A
S21403E340C902FCD504339B0013650168103B1160BA
S21403E3504168116050F8081F11604FF0984203445B
S21403E360984200D1704750F8041F1160F8E783689D
S21403E37013B9816070475B685A68012AFBD15960FC
S21403E380704709B100F005B822207047012100F05C
S21403E39043B870B506460D46FFF75AFF04461D2ED2
S21403E3A037D8DFE806F00F18361C1E203622243630
S21403E3B036362628362A2C2E303636363634363639
S21403E3C036363632FDF7DCFF002628602046FFF798
S21403E3D03AFF304670BD0120CBF79EF9F4E70320E1
S21403E3E0FAE70420F8E70C20F6E70220F4E7062015
S21403E3F0F2E70720F0E70820EEE70520ECE7092020
S21403E400EAE70A20E8E70D20E6E71020E4E70B201A
S21403E410E2E700202126D8E70020704708B5FEF77C
S21403E42033F880B208BD08B5FEF72EF808BD70476E
S21403E43042DE704738B504460D4600F008F8FFF78D
S21403E440FEFE29462046BDE83840FFF7F1BF704779
S21403E45010B962B6BFF36F8F7047012070472DE97E
S21403E460FF410D4616461F460446A8B14FF0000866
S21403E470C0F81C80FEF700FCBDF82C304246029321
S21403E4809DF828302946CDE9007320463346FEF72B
S21403E490BBFB04B0BDE8F0812220FAE7F0B51F46C7
S21403E4A0002387B00D46164604468DF81730A8B1EC
S21403E4B0C3610DF11701FEF701FC9DF817207AB929
S21403E4C0BDF83430294602939DF830302046CDE916
S21403E4D000733346FEF798FB07B0F0BD2220FBE738
S21403E4E00320F9E738B5FFF7B3FE054600F016F844
S21403E4F004462846FFF7A7FE204638BD4FF0B04334
S21403E50001285B6904D0022805D1C3F3C000704715
S21403E51003F0010070470020704770474FF0B04388
S21403E5209A6A1207FCD4186A7047704708B5FFF753
S21403E530FCFF00F01DF808BD10B5FFF77CFE0121B7
S21403E54004460846FEF73CF82046BDE81040FFF7B1
S21403E5506DBE10B5044600F012F82046FAF7E6FC46
S21403E5602046F7F7F5FDBDE81040F9F7AEB970475A
S21403E57008B5FFF7FCFF08BD012070477047002071
S21403E580704730B589B00446ADF806108DF81020F4
S21403E590FFF7F4FC05462046FFF700FD03469DB152
S21403E5A0BDF80600ABB900F0BAF8FF2808BF002094
S21403E5B00DF10F038DF80F001A46204604990593B4
S21403E5C0FEF782FD09B030BD0028F5D00DF1060335
S21403E5D0F2E700F0A4F8FF2808BF0020BDF80630D5
S21403E5E08DF80F00ADF81A308DF8180006ABE3E788
S21403E5F0008870470170090A417070470120704710
S21403E6000120704738B5DAF70BFE0446D0F786F8D4
S21403E610051E18BF2546D0F753F9041E18BF2C460F
S21403E620FFF7ECFF002818BF204638BD38B5FEF7C5
S21403E63017F90446F6F741FF04281ED002284FF0C8
S21403E640000508BF0124F7F752FE042817D0022856
S21403E65008BF0124F7F769FB042812D0022808BF75
S21403E6600124FFF7CDFF04280DD0022808BF01249C
S21403E670002D18BF0024204638BD0125E3E70125F9
S21403E680E8E70125EDE70024F5E7FF20704708B526
S21403E690FFF7FBFF002008BD08B520B1FFF7D4FA4B
S21403E6A000F0010008BD0120FAE708B5FFF7C0FA3D
S21403E6B0BDE80840FFF7F0BF008810B1C9B2FFF706
S21403E6C00DBB70472DE9F041B0F8008006460C46B6
S21403E6D0D5B2B8F1000F11D029464046FFF7FEFA2F
S21403E6E02246074629464046FFF70CFB3A4629468C
S21403E6F02046FFF707FB3480BDE8F0810F46F5E7B9
S21403E70003461B8808468B4202D00021FFF7E6BA71
S21403E710002070470069003818BF012070470020AA
S21403E7207047F8B506460D46FFF748FC032804462F
S21403E73021D02846FFF742FC032807461BD010F0DB
S21403E740020318D1A0070DD5F90716D401233C43BD
S21403E750E20704D431892A89914218BF002303F0C3
S21403E7600100F8BD082229463046DCF765F9B0FA01
S21403E77080F35B09EBE70020F3E71846F1E770B593
S21403E7800D4600210646FFF797FF044630B1FFF714
S21403E7906DFA01462846FFF7C4FF08B1204670BD50
S21403E7A021463046FFF7ACFFEFE707B50DF107014B
S21403E7B0FFF730FC20B19DF8070003B05DF804FBBB
S21403E7C0FF20FAE708B500F009F8FF2804D0FFF7A2
S21403E7D0C5FCC0F3C00008BD0120FCE701460020CD
S21403E7E0FFF734BC08B5FFF761FCFF3818BF0120FC
S21403E7F008BD2DE9F84307460846154688461C46D5
S21403E8009DF82090FFF732FA4619A4B19EB1404610
S21403E810FFF748FA254485420FDC2246B9F1000F7C
S21403E82006D131463846DBF70DFE0020BDE8F883F7
S21403E83039463046F7E72120F8E71D20F6E70000C3
S21403E840F8B500BFF8BC08BC9E467047F8B500BFD5
S21403E850F8BC08BC9E4670475FF800F0D5640020FD
S21403E8605FF800F07165002044657669636520747F
S21403E870797065206368616E676520646574656397
S21403E8807465643A202564202D3E2025640D0A0015
S21403E890427574746F6E2076616C7565206368616B
S21403E8A06E67656420746F2025640D0A00507265D8
S21403E8B073732064657465637465640D0A004D752F
S21403E8C06C74692070726573732064657465637411
S21403E8D065643A2025640D0A0052656C65617365AC
S21403E8E02064657465637465640D0A004C6F6E6717
S21403E8F02070726573732064657465637465640D54
S21403E9000A0072656C61795F73746172745F6C611F
S21403E910746368696E675F70756C73653A20616EC1
S21403E9206F746865722070756C73652069732061F7
S21403E93063746976650D0A0072656C61795F6F6E44
S21403E9400D0A0072656C61795F6F66660D0A007268
S21403E950656C61795F746F67676C650D0A00577243
S21403E9606974696E6720636F6E66696720746F20CB
S21403E9706E763A2025730D0A0053697A653A202588
S21403E980640D0A004661696C656420746F207772B3
S21403E990697465204445564943455F434F4E46498F
S21403E9A0475F4441544120746F204E562C207374A5
S21403E9B0617475733A2025642E2028627974657312
S21403E9C03A202564290D0A00737563636573732102
S21403E9D00D0A004661696C656420746F2072656178
S21403E9E064204E565F4954454D5F4445564943455A
S21403E9F05F434F4E4649472C207573696E67206404
S21403EA00656661756C7420636F6E66696720696EF0
S21403EA1073746561642C207374617475733A20256E
S21403EA20642E202862797465733A202564290D0ABA
S21403EA30005573696E6720636F6E6669673A2025B3
S21403EA40642063686172732066726F6D0D0A2573A6
S21403EA500D0A006C73756E6D34367A3B5453303042
S21403EA6030332D50533B4C43323B534133753B526B
S21403EA7041343B4943303B534136753B5242303B6E
S21403EA804941303B534231753B5244313B49433154
S21403EA903B4D3B004E6574776F726B2073746174E5
S21403EAA07573206368616E67656420746F202564E0
S21403EAB00D0A004D616E756661637475726572202A
S21403EAC0746F6F206269670D0A004D6F64656C2072
S21403EAD0746F6F206269670D0A00496E6974696115
S21403EAE06C697A696E67205A69676265652077691B
S21403EAF074682025642073776974636865732C20B3
S21403EB0025642072656C6179732C20256420636FFD
S21403EB107665722073776974636865732C20256441
S21403EB2020636F766572730D0A00436F6E666967BE
S21403EB3020706172736564207375636365737366AF
S21403EB40756C6C790D0A0072656164207665727364
S21403EB50696F6E20666F726D206E6577206C6F63CB
S21403EB606174696F6E0D0A004661696C6564207492
S21403EB706F207772697465206C6173745365656E74
S21403EB8056657273696F6E20746F204E562C207311
S21403EB90743A2025640D0A004F6C64207665727300
S21403EBA0696F6E3A2025640D0A0043757272656EAE
S21403EBB0742076657273696F6E3A2025640D0A00B9
S21403EBC0524553455420414C4C210D0A0068616C54
S21403EBD05F6770696F5F63616C6C6261636B3A2039
S21403EBE065787469206C696E6520256C642073747F
S21403EBF06174757320256C750D0A0068616C5F6718
S21403EC0070696F5F63616C6C6261636B3A206E6FF1
S21403EC1020667265652045585449206C696E657395
S21403EC200D0A002F686F6D652F72756E6E65722FF5
S21403EC30776F726B2F747579612D7A696762656574
S21403EC402D7377697463682F747579612D7A696794
S21403EC506265652D7377697463682F73696C616287
S21403EC60735F746F6F6C732F73696D706C69636910
S21403EC7074795F73646B2F2E2E2F2E2E2F73726371
S21403EC802F73696C6162732F68616C2F7A69676290
S21403EC9065652E630044726F7070696E67206F6CD3
S21403ECA064204F544120696D6167652C206375723B
S21403ECB072656E74206F66667365743A20256C758C
S21403ECC00A00556E6B6E6F776E20636F76657220E3
S21403ECD0636F6D6D616E643A2025640D0A00556E90
S21403ECE06B6E6F776E20636D642025640D0A004299
S21403ECF07574746F6E2070726573732064657465C3
S21403ED00637465642C20627574206E6F206275745C
S21403ED10746F6E20697320707265737365640D0A71
S21403ED2000427574746F6E206C6F6E672070726528
S21403ED3073732064657465637465642C20627574EC
S21403ED40206E6F20627574746F6E206973206C6F0B
S21403ED506E6720707265737365640D0A004E6F20CC
S21403ED60636F7665722073776974636820636F6E6A
S21403ED7066696720696E204E562C207573696E6728
S21403ED802064656661756C74730D0A004174747251
S21403ED906962757465206368616E6765642C2065B7
S21403EDA0703A2025642C20636C75737465723A2060
S21403EDB025642C20617474723A2025640D0A00556C
S21403EDC06E6B6E6F776E204C6576656C4374726CF3
S21403EDD020636F6D6D616E643A2025640D0A0055DD
S21403EDE06E6B6E6F776E204F6E4F666620636F6D29
S21403EDF06D616E643A2025640D0A00496E64657879
S21403EE0020617420777269746520617474723A2085
S21403EE1025640D0A004E6F20737769746368206358
S21403EE206F6E66696720696E204E562C207573696F
S21403EE306E672064656661756C74730D0A00496EAF
S21403EE4076616C69642072656C61795F696E64656E
S21403EE507820256420696E204E562C2072657365D3
S21403EE607474696E6720746F2064656661756C746C
S21403EE700D0A003E2000556E6B6E6F776E2065722E
S21403EE80726F7200496E707574206275666665727D
S21403EE902069732046554C4C004D6178696D756D3D
S21403EEA0206E756D626572206F6620617267756D80
S21403EEB0656E74732065786365656465640054687D
S21403EEC06520617267756D656E74206973206E6F59
S21403EED07420666F726D617474656420636F7272FA
S21403EEE06563746C7900496E636F72726563742030
S21403EEF0617267756D656E74207479706500496E0E
S21403EF00636F7272656374206E756D626572206FCF
S21403EF106620617267756D656E7473004E6F20634D
S21403EF206F6D6D616E6420666F756E640075696ED5
S21403EF307438006164646974696F6E616C002A00DA
S21403EF40756E6B6E6F776E0077696C64636172645F
S21403EF50006865786F707400737472696E676F709B
S21403EF60740075696E7433326F70740075696E74ED
S21403EF7031366F70740075696E74386F707400681C
S21403EF80657800737472696E670075696E743136DE
S21403EF900075696E743332002E2E2E200068656C61
S21403EFA070000A25730A257325730025732008004D
S21403EFB02F686F6D652F72756E6E65722F776F7221
S21403EFC06B2F747579612D7A69676265652D737722
S21403EFD0697463682F747579612D7A6967626565EC
S21403EFE02D7377697463682F73696C6162735F74DA
S21403EFF06F6F6C732F73696D706C69636974795F77
S21403F00073646B2F706C6174666F726D2F736572A9
S21403F010766963652F6C65676163795F68616C2FDA
S21403F0207372632F626173652D7265706C616365BD
S21403F0306D656E742E63002F686F6D652F72756E27
S21403F0406E65722F776F726B2F747579612D7A697F
S21403F050676265652D7377697463682F7475796164
S21403F0602D7A69676265652D7377697463682F7394
S21403F070696C6162735F746F6F6C732F73696D7005
S21403F0806C69636974795F73646B2F706C61746603
S21403F0906F726D2F736572766963652F746F6B6518
S21403F0A06E5F6D616E616765722F6C65676163790C
S21403F0B02F7372632F736C5F746F6B656E5F6D6116
S21403F0C06E616765722E63002F686F6D652F7275AC
S21403F0D06E6E65722F776F726B2F747579612D7AEA
S21403F0E069676265652D7377697463682F747579CC
S21403F0F0612D7A69676265652D7377697463682F16
S21403F10073696C6162735F746F6F6C732F73696D71
S21403F110706C69636974795F73646B2F706C617468
S21403F120666F726D2F736572766963652F746F6B86
S21403F130656E5F6D616E616765722F6C656761638F
S21403F140792F7372632F736C5F746F6B656E5F6D6D
S21403F150616E75666163747572696E672E630043CC
S21403F160757272656E7420436F6E6669673A202502
S21403F17030780053657420434341206D6F646520E7
S21403F180746F2025643A2025307800656E61626CC2
S21403F19065640064697361626C6564006F757428E6
S21403F1A0636C69656E742900696E202873657276D0
S21403F1B0657229004D464720537472696E673A207C
S21403F1C02573004170704275696C646572204D4604
S21403F1D04720436F64653A20307825303458006EF4
S21403F1E06F6465205B004164646974696F6E616C6B
S21403F1F020696E74657266616365730020202564FA
S21403F2003A200070616765205B25645D2063686152
S21403F2106E205B25645D20707772205B25645D003D
S21403F2206E6F7420616374697665006572726F72BF
S21403F230203078253038580070616E4944205B30A2
S21403F24078253034585D206E6F64654944205B3002
S21403F25078253034585D20007870616E205B3078F6
S21403F26000706172656E744944205B3078253034D3
S21403F270585D20706172656E7452737369205B25E6
S21403F280645D006E6F646554797065205B0053653A
S21403F290637572697479206C6576656C205B2530BE
S21403F2A032585D006E6574776F726B207374617489
S21403F2B065205B253032585D2000427566666572B0
S21403F2C02062797465733A202564202F2025640014
S21403F2D0457020636E743A202564006570202564AB
S21403F2E0205B656E64706F696E742025732C2064D2
S21403F2F065766963652025735D20006E776B205BFA
S21403F30025645D2070726F66696C65205B307825B6
S21403F3103034585D206465764964205B3078253048
S21403F32034585D20766572205B3078253032585D20
S21403F3300020202020257320636C75737465723A51
S21403F3402030782530345820004E776B20636E7457
S21403F3503A202564006E776B202564205B25735D59
S21403F360005072696D617279202870726F290020CF
S21403F370206E6F646554797065205B307825303273
S21403F380585D002020736563757269747950726FD7
S21403F39066696C65205B3078253032585D004550D1
S21403F3A02025643A20257320004572726F723A2036
S21403F3B020556E6B6E6F776E20656E64706F696E28
S21403F3C0742E00456E61626C65206576656E7420EA
S21403F3D0646562756720696E666F20696E20436F89
S21403F3E0726520434C4920636F6D706F6E656E7453
S21403F3F0006F6E6C7920636F6F7264696E61746FF1
S21403F40072732063616E20666F726D0A006A6F699D
S21403F4106E203078253038580A006C6561766500B2
S21403F4202573203078253032580A0072656A6F6972
S21403F4306E446966664465766963655479706500EB
S21403F4406578742E2050414E2049443A20004E578A
S21403F4504B206F70656E3A20257520736563004EEA
S21403F460574B20636C6F7365640066696E64206A2D
S21403F4706F696E61626C653A2030782530325800C9
S21403F48066696E6420756E757365643A20307825F8
S21403F490303258004368616E67696E6720746F2068
S21403F4A06368616E6E656C2025643A20307825307B
S21403F4B0325800696E76616C6964206E6574776F86
S21403F4C0726B20696E6465780053686F72742049A6
S21403F4D0443A203078253034582C20455549363464
S21403F4E03A20002C2050616E2049443A203078257B
S21403F4F03034580053746172746564206D756C748F
S21403F500692D70687920696E74657266616365003B
S21403F5104661696C656420746F202573202573200B
S21403F520307825303258005465726D696E617465A3
S21403F5306420257320307825303258004B6565707B
S21403F54020616C69766520737570706F72742065C0
S21403F5506E61626C65642E006661696C6564207416
S21403F5606F20736574206B65657020616C697665C2
S21403F570206D6F64652E00737563636573736675BC
S21403F5806C6C792073657420746865206368696C95
S21403F590642074696D656F7574206F7074696F6E1F
S21403F5A0206D61736B2E006661696C656420746FF1
S21403F5B02073657420746865206368696C642074BE
S21403F5C0696D656F7574206F7074696F6E206D61F9
S21403F5D0736B2E00646973636F766572004D617496
S21403F5E06368202573792066726F6D203078253026
S21403F5F034582C206570202564004E574B204164F8
S21403F600647265737320726573706F6E73653A20E8
S21403F61030782530345800494545452041646472A6
S21403F62065737320726573706F6E73653A2000534B
S21403F6306572766963652025737920646F6E652E1F
S21403F64000232020747970652020206E776B20209D
S21403F6506C6F6320202072656D202020636C7573A9
S21403F6602020206E6F6465202020657569002020A9
S21403F6702564202020203078253034582020307808
S21403F68025303458202030782530345820307825DB
S21403F6903034582000736C5F7A69676265655F670C
S21403F6A065745F62696E64696E67204572726F7215
S21403F6B03A203078253038580A002564206F6620B3
S21403F6C025642062696E64696E677320757365646A
S21403F6D000656E61626C6564207072696E740064A6
S21403F6E0697361626C6564207072696E740061642C
S21403F6F064206C696E6B206B6579004552523A2024
S21403F70043616C63756C6174656420435243206483
S21403F7106F6573206E6F74206D6174636800455265
S21403F720523A20496E7374616C6C20436F64652093
S21403F7306D75737420626520382C2031302C20318F
S21403F740342C206F722031382062797465732069F7
S21403F7506E206C656E677468004552523A204145C8
S21403F760532D4D4D4F2068617368206661696C6543
S21403F770643A2030782530325800536574206A6F17
S21403F780696E696E67206C696E6B206B65790073B2
S21403F79065742062696E642025643A2030782530CB
S21403F7A0327800454D50545900554E494341004D5B
S21403F7B0324F4E45004D554C5449003F20202020E3
S21403F7C000496E6465782049454545204164647266
S21403F7D06573732020202020202020204E574B497D
S21403F7E06E6465782020496E204643202020202022
S21403F7F054544C28732920466C6167202020204BE4
S21403F8006579202020200025642020202020002049
S21403F810202564202020202020200020202530388A
S21403F8205820200020307825303458202000496E98
S21403F8306465782049454545204164647265737361
S21403F840202020202020202020496E2046432020F0
S21403F8502020205479706520204175746820204B41
S21403F8606579002D202020202000256320202020DD
S21403F870202563202020202000696573005741520D
S21403F8804E494E473A202052454144494E47204F61
S21403F89046204B45592056414C5545532044495321
S21403F8A041424C4544204259204D464720544F4B35
S21403F8B0454E004E574B204B6579002573206F75D8
S21403F8C0742046433A202530385800257320736544
S21403F8D071206E756D3A20307825303258002573C6
S21403F8E0206F75742046433A2025303878005443F9
S21403F8F020257320002573205461626C65002564FF
S21403F9002F256420656E747269657320757365644C
S21403F9102E005472616E7369656E74204B657900B0
S21403F920256420656E7472257320636F6E73756D20
S21403F930696E67202564207061636B657420627549
S21403F9406666657225732E0057494C4C0057494C22
S21403F9504C204E4F540054727573742043656E7476
S21403F960657220257320616C6C6F772074727573D3
S21403F970742063656E7465722072656A6F696E7350
S21403F980207573696E672077656C6C2D6B6E6F7769
S21403F9906E206B65792E005365742074696D656FF0
S21403F9A0757420666F722054727573742043656E87
S21403F9B07465722072656A6F696E73207573696EFB
S21403F9C0672077656C6C2D6B6E6F776E206C696E37
S21403F9D06B206B657920746F202564207365636FD5
S21403F9E06E64732E004552524F523A2000257373AD
S21403F9F07461636B206D75737420626520646F7722
S21403FA006E2E0052656164696E6720416C6C6F7779
S21403FA1065640048617368696E67206F6E6C790071
S21403FA20736C5F7A69676265655F6B65795F73653B
S21403FA307474696E67735F743A203078253034586F
S21403FA400020205065726D697373696F6E733A2078
S21403FA502573004572726F723A204661696C65645D
S21403FA6020746F2067657420636F6E6669672C2049
S21403FA707374617475733A203078253038580046AD
S21403FA8061696C65643A20307825303858004D73C8
S21403FA90673A20636C7573203078253034582C20F1
S21403FAA0636D64203078253032582C206C656E20C8
S21403FAB02564006275666665723A2000454D4245C8
S21403FAC0525F00257353454355524954595F4C457D
S21403FAD056454C3A202530325800257365726173BB
S21403FAE065206B65792025643A20307825303858B0
S21403FAF000636D64206E6F74206275696C740073A6
S21403FB00726320657020253032782C20636C757301
S21403FB1020253034780073656E64696E6720746FD1
S21403FB20206D756C7469636173742062696E64001A
S21403FB3025733A2065703A2025642C20636C3A209E
S21403FB403078253034582C20617474723A2030781B
S21403FB5025303458002C207376723A20256300250E
S21403FB60733A20726561643A203078253032780023
S21403FB702C207376723A2025632C20647479706582
S21403FB803A2030782530325800417267756D656EBD
S21403FB907420617420696E6465783A202564206950
S21403FBA073206F7574206F662072616E67650043FD
S21403FBB06F6D6D616E6420616C726561647920623D
S21403FBC075696C742E202043616E6E6F74207365A6
S21403FBD074204D46472073706563696669632063C6
S21403FBE06F646520666F7220636F6D6D616E642E41
S21403FBF0004D464720436F64652053657420666F47
S21403FC0072206E65787420636F6D6D616E643A2042
S21403FC1030782530345800557365204E6578742047
S21403FC2053657175656E63652053657420666F72E0
S21403FC30206E65787420636F6D6D616E643A203054
S21403FC4078253032580044697361626C65204465D8
S21403FC506661756C7420526573706F6E736520539E
S21403FC60657420666F72206E65787420636F6D6DA1
S21403FC70616E643A20307825303258004552523A45
S21403FC802072656164696E67206174747269627557
S21403FC9074652025303278004552523A20617474D8
S21403FCA07269627574652073697A652025642074A9
S21403FCB06F6F206C6172676520666F72206275666F
S21403FCC0666572004572726F723A20617474726967
S21403FCD06275746520494420307825303458207284
S21403FCE065706F727461626C65206368616E6765C8
S21403FCF02069732073697A65202564422C20627517
S21403FD00742025644220656E74657265640A006E0D
S21403FD106F20636D64004572726F723A20434C49DC
S21403FD202053656E64206661696C65642C20737469
S21403FD30617475733A2030782530385800457272EE
S21403FD406F723A2020455549363420617267756DC7
S21403FD50656E7420697320656D70747920616E64B6
S21403FD60206C6F6F6B7570206279206E6F646520F0
S21403FD704944206661696C65642E0047726F75702E
S21403FD8000556E696361737400556E62696E642014
S21403FD9025732025733078253032580052657175E7
S21403FDA06573743A20005A444F2073696D706C650E
S21403FDB02064657363207265712025303278005A9B
S21403FDC0444F206E6F6465206465736320726571AB
S21403FDD02025303278005A444F206D6174636820C2
S21403FDE0646573632072657120253032580055733D
S21403FDF0696E67206D79206C6F63616C2045554989
S21403FE00363420666F722064657374204555493610
S21403FE103420696E2062696E64696E67005A444FC7
S21403FE202062696E64207265712025303278006323
S21403FE306C7573746572206C696D69742072656184
S21403FE406368656400696E76616C696420706167D7
S21403FE50653A202564206F72206368616E6E656C58
S21403FE603A202564004368616E6765206368616EA7
S21403FE706E656C207374617475733A203078253020
S21403FE803278006475726174696F6E206D75737471
S21403FE9020626520696E2072616E67652030202DB2
S21403FEA0203500636F756E74206D757374206265FC
S21403FEB020696E2072616E67652031202D20380020
S21403FEC07363616E207374617475732030782530A4
S21403FED03258006E6574776F726B20757064617448
S21403FEE06520736574207374617475732030782588
S21403FEF03032580041637469766520455020726538
S21403FF007175657374207374617475733A203078F1
S21403FF1025303258004C5149205461626C6520727A
S21403FF206571756573743A2030782530325800420F
S21403FF30696E64696E67205461626C6520726571D0
S21403FF40756573743A20307825303258004C6561F5
S21403FF50766520257330782530325800506F7765E4
S21403FF60722044657363726970746F7220257330F0
S21403FF707825303258005573696E67206D79206C8A
S21403FF806F63616C20455549363420666F72206472
S21403FF9065737420455549363420696E20756E6244
S21403FFA0696E64696E6700526F757465205461628A
S21403FFB06C65202573307825303258002F686F6DB6
S21403FFC0652F72756E6E65722F776F726B2F7475F1
S21403FFD079612D7A69676265652D737769746368DD
S21403FFE02F747579612D7A69676265652D737769F4
S21403FFF07463682F73696C6162735F746F6F6C737D
S2140400002F73696D706C69636974795F73646B2FA1
S21404001070726F746F636F6C2F7A69676265652F91
S2140400206170702F6672616D65776F726B2F636F88
S2140400306D6D6F6E2F736C5F7A69676265655F734B
S214040040797374656D5F636F6D6D6F6E2E630045B7
S2140400507874656E64656420526573657420696E91
S214040060666F3A20307825303458202825732900C6
S2140400702F686F6D652F72756E6E65722F776F724F
S2140400806B2F747579612D7A69676265652D737750
S214040090697463682F747579612D7A69676265651A
S2140400A02D7377697463682F73696C6162735F7408
S2140400B06F6F6C732F73696D706C69636974795FA5
S2140400C073646B2F70726F746F636F6C2F7A6967CB
S2140400D06265652F6170702F6672616D65776F72E9
S2140400E06B2F636F6D6D6F6E2F7A69676265655FE0
S2140400F06170705F6672616D65776F726B5F736C4B
S2140401006565702E630053746179206177616B6551
S214040110207768656E206E6F74206A6F696E6564FA
S2140401203A20257300466F726365642073746179A0
S214040130206177616B653A20202020202020202033
S21404014020257300466F7263696E6720646576695E
S214040150636520746F2073746179206177616B65C1
S21404016000416C6C6F77696E6720646576696365B9
S21404017020746F20676F20746F20736C6565700041
S2140401802F686F6D652F72756E6E65722F776F723E
S2140401906B2F747579612D7A69676265652D73773F
S2140401A0697463682F747579612D7A696762656509
S2140401B02D7377697463682F73696C6162735F74F7
S2140401C06F6F6C732F73696D706C69636974795F94
S2140401D073646B2F70726F746F636F6C2F7A6967BA
S2140401E06265652F6170702F6672616D65776F72D8
S2140401F06B2F636F6D6D6F6E2F7A69676265655FCF
S214040200737461636B5F736C6565702E630052581C
S2140402103A205265736574546F466163746F7279DD
S21404022044656661756C747343616C6C6261636B80
S21404023000657A737020636F756E746572732066DA
S21404024061696C656420257500657A737020526553
S214040250736574205468726573686F6C6420657285
S214040260726F7220257500657A737020536574204A
S2140402705468726573686F6C64206572726F72205E
S2140402802575002575292025733A202575005365A4
S2140402907474696E67205468726573686F6C642042
S2140402A0636F6D6D616E64003F3F3F004D61632078
S2140402B05278204263617374004D61632054782041
S2140402C04263617374004D61632052782055636104
S2140402D07374004D61632054782055636173740011
S2140402E04D6163205478205563617374205265749D
S2140402F07279004D616320547820556361737420CD
S2140403004661696C00415053205278204263617301
S2140403107400415053205478204263617374004142
S2140403205053205278205563617374004150532013
S21404033054782055636173742053756363657373CF
S21404034000415053205478205563617374205265DD
S2140403507472790041505320547820556361737445
S214040360204661696C00526F757465204469736336
S21404037020496E69746961746564004E65696768CE
S214040380626F72204164646564004E6569676862E2
S2140403906F722052656D6F766564004E6569676896
S2140403A0626F72205374616C65004A6F696E2049EF
S2140403B06E6469636174696F6E004368696C642077
S2140403C04D6F76656400415348204F766572666CBF
S2140403D06F7700415348204672616D6520457272FE
S2140403E06F7200415348204F76657272756E2045D1
S2140403F072726F72004E574B204643204661696CFA
S21404040075726500415053204643204661696C75F9
S21404041072650041534820584F6666004150532089
S214040420556E617574686F72697A6564204B657978
S214040430004E574B20446563727970742046616998
S2140404406C7572657300415053204465637279700D
S21404045074204661696C75726573005061636B65E0
S214040460742042756666657220416C6C6F636174B5
S21404047065204661696C757265730052656C6179B6
S21404048065642055636173740050687920746F2026
S2140404904D4143207175657565206C696D697420DE
S2140404A072656163686564005061636B65742056A9
S2140404B0616C69646174652064726F7020636F7523
S2140404C06E74004E574B207265747279206F766591
S2140404D072666C6F7700434341204661696C75729F
S2140404E065730042726F6164636173742074616241
S2140404F06C652066756C6C00505441204C6F20501F
S2140405007269205265710050544120486920507227
S214040510692052657100505441204C6F2050726916
S2140405202044656E69656400505441204869205033
S21404053072692044656E69656400505441204C6FAE
S21404054020507269205478204162727400505441DD
S21404055020486920507269205478204162727400E1
S2140405604164647265737320436F6E666C6963746A
S2140405702053656E740043534C205278207363688E
S2140405806564756C65206661696C6564000D00447D
S21404059065627567207072696E742067726F757015
S2140405A02025730A0057726F6E6720706172616D42
S2140405B0657465720A0046696E6420616E64204242
S2140405C0696E6420496E69746961746F723A204377
S2140405D06F6D706C6574653A20307825303258003B
S2140405E05374617274207461726765740046696E30
S2140405F06420616E642042696E642054617267658B
S214040600740025733A2025733A2030782530325802
S21404061000467261676D656E746174696F6E205210
S214040620582077696E646F772073697A65207365DE
S2140406307420746F202564002F686F6D652F7275A3
S2140406406E6E65722F776F726B2F747579612D7A63
S21404065069676265652D7377697463682F74757945
S214040660612D7A69676265652D7377697463682F8F
S21404067073696C6162735F746F6F6C732F73696DEB
S214040680706C69636974795F73646B2F70726F74CE
S2140406906F636F6C2F7A69676265652F6170702F60
S2140406A06672616D65776F726B2F706C7567696EB5
S2140406B02F667261676D656E746174696F6E2F66FE
S2140406C07261676D656E746174696F6E2E63005235
S2140406D0583A2041646447726F7570526573706F40
S2140406E06E7365203078253032582C2030782530CB
S2140406F034580052583A205669657747726F7570B9
S214040700526573706F6E7365203078253032582CBE
S214040710203078253034582C20220052583A20476E
S214040720657447726F75704D656D6265727368693E
S21404073070526573706F6E7365203078253032584A
S2140407402C203078253032582C00205B3078253029
S21404075034585D0052583A2052656D6F766547727C
S2140407606F7570526573706F6E73652030782530C0
S21404077032582C203078253034580065705B25308C
S21404078032585D2069645B253034585D00436C65DF
S2140407906172696E6720616C6C2067726F75707326
S2140407A02E004552523A204661696C656420746F87
S2140407B0206372656174652062696E64696E672081
S2140407C02830782530325829004552523A2042695A
S2140407D06E64696E67207461626C65206973206656
S2140407E0756C6C004552523A2077726974696E676C
S2140407F0206E616D6520737570706F72742025307D
S21404080032580052583A2041646447726F7570201B
S2140408103078253034582C20220075760052583A09
S214040820205669657747726F7570203078253034A6
S214040830580075767300766965775F67726F7570B2
S2140408400047726F7570733A206661696C65642040
S214040850746F2073656E6420257320726573706FE1
S2140408606E73653A20307825303258006765745FB9
S21404087067726F75705F6D656D62657273686970B7
S21404088020726573706F6E73650064656661756C5F
S214040890745F726573706F6E73650052583A2047C2
S2140408A0657447726F75704D656D626572736869BD
S2140408B070203078253032582C00757562004772E7
S2140408C06F7570733A206661696C656420746F2076
S2140408D073656E642025733A2030782530325800CC
S2140408E052583A2052656D6F766547726F75702060
S2140408F0307825303458004552523A204661696CA7
S214040900656420746F2064656C6574652062696E26
S21404091064696E672028307825303258290072655D
S2140409206D6F76655F67726F75700052583A205225
S214040930656D6F7665416C6C47726F7570730052A7
S214040940583A2041646447726F7570496649646515
S2140409506E74696679696E67203078253034582C51
S214040960202200616464004368616E6E656C206ECC
S2140409706F742076616C69643A202564005072694D
S2140409806D617279002573206D61736B206E6F77CD
S21404099020307825303858005365636F6E64617272
S2140409A079004D61736B206E6F742076616C696498
S2140409B03A202564007072696D617279007365630C
S2140409C06F6E646172790025733A2053657420252E
S2140409D073206D61736B20746F203078253038581F
S2140409E0005374617475730025733A2025733A00B6
S2140409F04368616E6E656C206D61736B3A002020EF
S214040A00202028312920307825303858205B0020D3
S214040A1020202028322920307825303858205B00C2
S214040A2053746174653A203078253032582028256E
S214040A3073290043757272656E74206368616E6E06
S214040A40656C3A20256400546F74616C206265619D
S214040A50636F6E733A202564004A6F696E20617472
S214040A6074656D7074733A202564004E6574776FF0
S214040A70726B2073746174653A203078253032586E
S214040A800053746F700025732053746F702E2020EB
S214040A90436C65616E696E672075702E0042726FD6
S214040AA0616463617374696E67207065726D6974DE
S214040AB0206A6F696E0054727573742063656E7471
S214040AC06572206C696E6B206B6579207570646145
S214040AD07465207374617475730025733A205741E6
S214040AE0524E494E473A20736C5F7A696762656571
S214040AF05F7365745F696E697469616C5F7365635F
S214040B0075726974795F7374617465206661696C63
S214040B1065642E20436F6E74696E75696E67207700
S214040B206974686F757420696E7374616C6C206385
S214040B306F64652E004572726F723A20696E737424
S214040B40616C6C20636F64652073657475702066D1
S214040B5061696C65642E20497320616E20696E732A
S214040B6074616C6C20636F646520666C6173686581
S214040B7064206F6E746F207468652064657669639C
S214040B80653F00D0D1D2D3D4D5D6D7D8D9DADBDCDA
S214040B90DDDEDF00FFFFFFFFFFFFFFFF005A696790
S214040BA0426565416C6C69616E6365303900257316
S214040BB03A2069737375696E67207363616E206F7C
S214040BC06E202573206368616E6E656C7320286DD5
S214040BD061736B20307825303858290025732069D6
S214040BE07320616C726561647920696E2070726F1F
S214040BF06772657373005374617274004578616D2F
S214040C00696E696E6720626561636F6E206F6E2021
S214040C106368616E6E656C2025642077697468204D
S214040C2070616E4964203078253034580054686901
S214040C307320626561636F6E206973206E6F742023
S214040C4070617274206F66207468652063757272B2
S214040C50656E74206368616E6E656C206D61736B7F
S214040C602028307825303858292E20476574746932
S214040C706E67206E65787420626561636F6E207798
S214040C80686F7365206368616E6E656C2062697454
S214040C906D61736B206973207365742E00457272E0
S214040CA06F723A20257320636F756C64206E6F74C0
S214040CB020617474656D7074206A6F696E3A2030B2
S214040CC07825303258004E6F20626561636F6E730C
S214040CD0206C656674206F6E2063757272656E7420
S214040CE0206D61736B2E204D6F76696E6720746F6E
S214040CF0206E657874207374617465002573206AA9
S214040D006F696E696E6720307825303458206F6EB0
S214040D10206368616E6E656C20256400257320531D
S214040D20746174653A202573004572726F723A20B6
S214040D30257320636F756C64206E6F7420736574FE
S214040D4075702073656375726974793A20307825F6
S214040D50303258004572726F723A205363616E20C7
S214040D60636F6D706C6574652068616E646C657223
S214040D702072657475726E6564203078253032583A
S214040D80002573207363616E20636F6D706C6574E9
S214040D90652E20426561636F6E73206865617264B8
S214040DA03A20256400257320737461636B20737482
S214040DB06174757320307825303258002573206EA0
S214040DC06574776F726B206A6F696E65642E002592
S214040DD07320747279696E67206E657874206E6508
S214040DE074776F726B2E004E6F6E65005363616E80
S214040DF0205072696D617279204368616E6E656C0D
S214040E007320616E642075736520436F6E66696730
S214040E1075726564204B6579005363616E20507269
S214040E20696D617279204368616E6E656C732061CA
S214040E306E642075736520496E7374616C6C204310
S214040E406F6465005363616E205072696D617279D8
S214040E50204368616E6E656C7320616E6420557302
S214040E60652043656E7472616C697A6564204B65AF
S214040E7079005363616E205072696D617279204304
S214040E8068616E6E656C7320616E642055736520B0
S214040E904469737472696275746564204B6579007D
S214040EA05363616E205365636F6E64617279204389
S214040EB068616E6E656C7320616E64207573652060
S214040EC0436F6E66696775726564204B6579005377
S214040ED063616E205365636F6E6461727920436844
S214040EE0616E6E656C7320616E642075736520494F
S214040EF06E7374616C6C20436F6465005363616E3B
S214040F00205365636F6E64617279204368616E6E08
S214040F10656C7320616E64205573652043656E743A
S214040F2072616C697A6564204B6579005363616EFF
S214040F30205365636F6E64617279204368616E6ED8
S214040F40656C7320616E6420557365204469737400
S214040F5072696275746564204B6579005363616ECB
S214040F60205072696D617279204368616E6E656C9B
S214040F707320616E642055736520416C6C204B654C
S214040F8079732028696E7374616C6C20636F646572
S214040F902C2063656E7472616C697A65642C2064B7
S214040FA06973747269627574656429005363616E4B
S214040FB0205365636F6E64617279204368616E6E58
S214040FC0656C7320616E642055736520416C6C20DB
S214040FD04B6579732028696E7374616C6C20636F3B
S214040FE064652C2063656E7472616C697A65642C22
S214040FF020646973747269627574656429004F6E3F
S2140410002F4F6666207365742076616C75653A208A
S214041010253032582025303258004552523A207234
S214041020656164696E67206F6E2F6F666620253073
S2140410303258004F6E2F6F666620616C726561646D
S214041040792073657420746F206E65772076616CE2
S214041050756500546F67676C65206F6E2F6F6666E4
S2140410602066726F6D202530325820746F2025302C
S2140410703258004552523A2077726974696E672076
S2140410806F6E2F6F6666202530325800496E737473
S214041090616C6C65642054797065202842617365C0
S2140410A0293A202030782530325800436170616236
S2140410B0696C69746965733A2020202020202020FA
S2140410C020202030782530345800426F6F746C6FBF
S2140410D0616465722056657273696F6E3A202020CB
S2140410E020203078253034580053656375726520A7
S2140410F0426F6F746C6F61646572204B65793A2039
S214041100202020202000426F6F746C6F6164696E2B
S21404111067206661696C65642100446F776E6C6F46
S2140411206164206661696C65642E0044656C657450
S214041130696E67206661696C656420646F776E6C9F
S2140411406F61642C207374617475733A203078254B
S21404115030325800496D61676520646F6573206E90
S2140411606F7420636F6E7461696E20616E205570B3
S214041170677261646520496D616765205461672004
S21404118028307825303458292E20536B69707069BE
S2140411906E6720757067726164652E0045786563B6
S2140411A07574696E6720626F6F746C6F6164206318
S2140411B0616C6C6261636B2E005374617274696E49
S2140411C0672045424C207665726966696361746976
S2140411D06F6E0045424C206661696C6564207665D6
S2140411E072696669636174696F6E2E0045424C20AD
S2140411F07061737365642076657269666963617489
S214041200696F6E2E002573696E67204F5441206304
S2140412106C69656E74207374617465206D616368AF
S214041220696E650073746F7070004572726F723AFF
S214041230204E6F20696D61676520617420696E6455
S2140412406578202564004E6F7420737570706F7215
S2140412507465642E00436C69656E7420696D6167FD
S2140412606520717565727920696E666F004D616ED2
S21404127075662049443A2020202020202020203053
S214041280782530345800496D616765205479706557
S2140412902049443A20202020307825303458004312
S2140412A0757272656E742056657273696F6E3A2035
S2140412B0203078253038580048617264776172654A
S2140412C02056657273696F6E3A20004E4100517560
S2140412D06572792044656C6179206D733A2020200C
S2140412E0202020202020202020256C6400536572B6
S2140412F076657220446973636F76657279204465F7
S2140413006C6179206D733A20256C6400446F776EA7
S2140413106C6F61642044656C6179206D733A20209B
S21404132020202020202020256C640052756E205535
S2140413307067726164652044656C6179206D733AE8
S214041340202020202020256C64005665726966796A
S2140413502044656C6179206D733A2020202020207B
S2140413602020202020256C6400446F776E6C6F610B
S21404137064204572726F72205468726573686F6C6D
S214041380643A2020256400557067726164652057AE
S214041390616974205468726573686F6C643A2020BF
S2140413A020202564004F544120446F776E67726195
S2140413B06465733A2044697361626C6564004F54D3
S2140413C04120446F776E6772616465733A20456E98
S2140413D061626C656400426F6F746C6F6164207345
S2140413E0746174653A20257300496E76616C69648D
S2140413F0204550202564207768656E2074727969CC
S2140414006E6720746F2073656E64204F5441206DA0
S2140414106573736167652E0053656E64696E672035
S2140414205570677261646520456E642072657175D7
S2140414306573742E0025733A20696E76616C696450
S21404144020636D6449642030782530325800457234
S214041450726F723A20204661696C656420746F204E
S21404146073656E64204F544120636F6D6D616E64C6
S214041470203078253032582C207374617475733A92
S21404148020307825303258005365727665722075A0
S2140414906E6B6E6F776E2C2066616C6C696E67205F
S2140414A06261636B20746F20646973636F76657220
S2140414B0792E004D6178696D756D20717565727948
S2140414C0206572726F7273206869742028256429F7
S2140414D02C207374617274696E672073656172631D
S2140414E06820666F72206E6577204F5441207365BE
S2140414F0727665722E0A004170706C79696E672088
S214041500757067726164650025733A20696E76614A
S2140415106C6964206F6666736574206375727265A1
S2140415206E7454696D652830782530385829203E05
S214041530207570677261646554696D652830782516
S21404154030385829004F544120436C7573746572C3
S2140415503A207761697420666F72202564207300D0
S214041560525865642074696D654F7574203078250B
S21404157030385820732C204D41582074696D654FBF
S2140415807574203078253038582073004D6178699A
S2140415906D756D207570677261646520726571750E
S2140415A065737473206D616465202825642920772B
S2140415B06974686F757420726573706F6E736520D6
S2140415C066726F6D207365727665722E005570674D
S2140415D0726164696E6720616E79776179004F5431
S2140415E041205365727669636520646973636F7618
S2140415F06572792070726576656E746564202D2038
S214041600616E6F7468657220697320616C726561BF
S214041610647920696E2070726F6772657373004612
S21404162061696C656420746F20696E69746961749D
S21404163065207365727669636520646973636F7683
S2140416406572792E004F544120536572766963653E
S21404165020446973636F7665727920696E207072B0
S2140416606F677265737300436C69656E7420766584
S21404167072696669636174696F6E206661696C6518
S214041680642E005369676E617475726500437573E2
S214041690746F6D00706173736564004641494C4510
S2140416A044004E6F207369676E61747572652076A8
S2140416B06572696669636174696F6E2073757070AC
S2140416C06F72742C20617373756D696E6720696D13
S2140416D0616765206973206F6B61792E002573201E
S2140416E0766572696669636174696F6E2025733AFC
S2140416F020307825303258004D6178696D756D203C
S2140417006E756D626572206F6620646F776E6C6F9F
S2140417106164206572726F727320726561636820FB
S214041720282564292C2061626F7274696E672E0006
S2140417304F544120436C75737465723A2073657414
S21404174074696E6720494545452061646472657313
S21404175073206F66204F544120636C7573746572F2
S214041760005061727469616C2066696C6520646FF0
S214041770776E6C6F616420666F756E642C20636F81
S2140417806E74696E75696E672066726F6D206F661B
S214041790667365742030782530385800466F756E49
S2140417A0642066756C6C7920646F776E6C6F616408
S2140417B065642066696C6520696E2073746F726157
S2140417C06765202876657273696F6E2030782530D9
S2140417D03858292E00466F756E642066696C65203D
S2140417E0696E2073746F7261676520776974682008
S2140417F0646966666572656E742076657273696F71
S2140418006E202830782530385829207468616E2078
S21404181063757272656E742076657273696F6E2076
S21404182028307825303858290046696C6520696E5A
S2140418302073746F726167652069732073616D65C8
S2140418402061732063757272656E742072756E6E95
S214041850696E672076657273696F6E202830782506
S21404186030385829004E6F20696D61676520666FB1
S214041870756E6420696E2073746F726167652E00DE
S2140418804F544120536572766963652044697363D7
S2140418906F7665727920756E626C6F636B65640033
S2140418A049676E6F72696E6720736572766572201B
S2140418B066726F6D206C6F6F706261636B2061641B
S2140418C064726573730049676E6F72696E67203061
S2140418D07825303458204F544120736572766572EB
S2140418E020696E20736561726368206F66205443B6
S2140418F00053657474696E67204F544120536572B3
S21404190076657220746F203078253034580044652C
S2140419106C6179696E67202564207365636F6E64F5
S21404192073206265666F7265207374617274696E83
S21404193067204F544120636C69656E740054696D6A
S214041940656F75742077616974696E6720666F7257
S214041950206D6573736167652E00426164204F5481
S2140419604120636F6D6D616E643A203078253032A5
S21404197058004F544120636F6D6D616E642030785B
S2140419802530325820746F6F2073686F7274202865
S2140419906C656E202564203C206D696E20256429C4
S2140419A0004F544120636F6D6D616E642066726FE4
S2140419B06D20756E7265636F676E697A65642073F1
S2140419C06572766572203078253034582E20204D86
S2140419D079204F5441207365727665723A203078C8
S2140419E02530345800496D616765204E6F7469660A
S2140419F07900476F7420756E6578706563746564E6
S214041A002025732E202053746172742064697363D6
S214041A106F766572792E0064656661756C74004F26
S214041A2054413A206661696C656420746F2073655E
S214041A306E6420257320726573706F6E73653A202A
S214041A4030782530325800496D616765206E6F74B2
S214041A5069667900476F7420756E6578706563747F
S214041A6065642025732E202049676E6F7265642E88
S214041A70004F54413A2044656661756C7420726563
S214041A8073706F6E736520666F7220496D6167654B
S214041A90206E6F746966792C207374617475732074
S214041AA030782530325800496D616765206E6F7452
S214041AB069667920636F6D6D616E640025732075A9
S214041AC06E69636173742C207175657279696E67CB
S214041AD000496E76616C6964002573202573207056
S214041AE061796C6F61642074797065203078253074
S214041AF032580025732025733A206F7574206F665C
S214041B002072616E6765206A697474657220256444
S214041B100025732025733A207061796C6F61642008
S214041B206C656E67746820646F65736E2774206DC9
S214041B306174636820747970652030782530325873
S214041B4020282564203C202564290025732025733D
S214041B502064756520746F206E6F6E2D6D617463DE
S214041B6068696E67206D616E75666163747572650B
S214041B7072204944002573202573206475652074FB
S214041B806F206E6F6E2D6D61746368696E67206971
S214041B906D6167652074797065204944002573205B
S214041BA025732064756520746F206D61746368699D
S214041BB06E67206669726D776172652076657273EA
S214041BC0696F6E0025732025732C205278276420B5
S214041BD04A69747465722028307825303258292C66
S214041BE0205069636B6564204A69747465722028A2
S214041BF030782530325829005175657279206E6523
S214041C00787420696D61676520726573706F6E7392
S214041C10650025732072657475726E65642030786D
S214041C20253032582E20204E6F206E657720696D41
S214041C3061676520746F20646F776E6C6F61642EC5
S214041C4000257320746F6F2073686F7274202825C4
S214041C5064203C202564290025733A204E657720AD
S214041C60696D61676520697320617661696C61627C
S214041C706C6520666F7220646F776E6C6F61642E7D
S214041C80002573206973206E6F74207573696E6700
S214041C90206D7920696D61676520696E666F2E0018
S214041CA04552524F523A204E65787420496D61670A
S214041CB06520697320746F6F2062696720746F20D3
S214041CC073746F72652028307825303858203E208B
S214041CD0307825303858290025732072657475725B
S214041CE06E65642073616D652046696C6556657221
S214041CF073696F6E2061732063757272656E746C9F
S214041D007920696E7374616C6C65642E004F54415F
S214041D1020446F776E6772616465732044697361EB
S214041D20626C65643A2046696C6556657273696FC1
S214041D306E20626568696E642063757272656E747F
S214041D4020696E7374616C6C6174696F6E00537491
S214041D50617274696E6720646F776E6C6F61642C51
S214041D602056657273696F6E2030782530385800B7
S214041D704572726F723A204661696C656420746FAE
S214041D802064656C65746520696D6167652E004521
S214041D9072726F723A204661696C656420746F20B3
S214041DA06572617365206F6C642074656D70206461
S214041DB06174612E00496D61676520626C6F636BA8
S214041DC020726573706F6E7365004F54413A2049F4
S214041DD06D616765426C6F636B5265706F6E736599
S214041DE020636F6E7461696E7320696E76616C69C8
S214041DF064206F7220696E636F6D706C6574652005
S214041E0064617461005570646174696E67204D691D
S214041E106E20426C6F636B20526571756573742017
S214041E20506572696F6420746F202564206D73009A
S214041E30446F776E6C6F61642064656C61792062B0
S214041E407920736572766572202564206D7300446C
S214041E506F776E6C6F61642061626F727465642064
S214041E606279207365727665722E005365727665A4
S214041E707220646F65736E277420737570706F724A
S214041E8074207061676520726571756573742C20A3
S214041E906F6E6C79207573696E6720626C6F636B06
S214041EA020726571756573742E005365727665725B
S214041EB02072657475726E65642027756E7375700E
S214041EC0706F7274656420636C75737465722063D6
S214041ED06F6D6D616E64272E00556E6B6E6F776E38
S214041EE02025732073746174757320636F64652092
S214041EF03078253032580025732068617320646179
S214041F0074612073697A65202825642920736D61BD
S214041F106C6C6572207468616E2061637475616CA4
S214041F20207061636B65742073697A652028256464
S214041F30292E002573206572726F723A20457870D8
S214041F406563746564206F666673657420307825EF
S214041F503038582C2062757420676F7420307825CA
S214041F603038582E202049676E6F72696E670025D8
S214041F707320696E666F20646964206E6F74206DCA
S214041F8061746368206D7920657870656374656430
S214041F9020696E666F2E202044726F7070696E67BB
S214041FA02E004661696C656420746F2077726974CC
S214041FB06520746F2073746F72616765206465763C
S214041FC06963652100446F776E6C6F6164005570B9
S214041FD0677261646520656E6420726573706F6EE7
S214041FE07365005365727665722061626F727465FC
S214041FF06420757067726164652C207374617475EF
S214042000733A20307825303258004572726F723A2F
S2140420102025732068616420696E76616C6964208B
S21404202025733A200066696C652076657273696F5D
S2140420306E00416464696E67202564206D732E20EB
S21404204064656C617920666F7220696D6D6564697C
S21404205061746520757067726164652E00436F75E0
S2140420606E74646F776E20746F2075706772616427
S214042070653A202564206D73002053746174653AB4
S2140420802020202573002057616974696E672066D6
S2140420906F7220726573706F6E73653A20257300D5
S2140420A0204E657874204576656E742054696D6597
S2140420B0723A202564206D73002043757272656E33
S2140420C07420446F776E6C6F6164204F6666736528
S2140420D0743A203078253038582028256425252958
S2140420E00025733A206661696C65642070617273BA
S2140420F0696E67204F544120636D64203078253024
S2140421003258004F54412044656661756C742072E1
S2140421106573706F6E736520746F20636F6D6D6189
S2140421206E64204944203078253032582C2073744D
S214042130617475732030782530325800496D6167B4
S2140421406520626C6F636B207265717565737420AD
S21404215074657374206F6E6C7920776F726B73205E
S2140421607768656E20737461746520697320424FC6
S2140421704F544C4F41445F53544154455F4E4F4E69
S214042180450052616E646F6D2044656C617920620F
S21404219065666F7265207374617274004469736354
S2140421A06F766572696E67204F5441205365727668
S2140421B0657200476574204F5441205365727665F6
S2140421C07220455549004F627461696E206C696ED1
S2140421D06B206B6579005175657279696E67204E60
S2140421E065787420496D61676500446F776E6C6F1F
S2140421F06164696E6720496D61676500566572693A
S2140422006679696E6720496D616765005761697410
S214042210696E6720666F7220557067726164652008
S2140422206D65737361676500436F756E74646F776D
S2140422306E20746F2055706772616465005761691B
S21404224074696E6720746F207570677261646520A8
S214042250766961206F75742D6F662D62616E6420D9
S2140422606D656368616E69736D0025733A20256435
S214042270252520636F6D706C65746500496D616714
S214042280652025640020204552524F523A20436F61
S214042290756C64206E6F74206765742066756C6C4C
S2140422A02068656164657221002020486561646564
S2140422B0722056657273696F6E3A20307825303412
S2140422C058002020486561646572204C656E67740A
S2140422D0683A2020256420627974657300202046BD
S2140422E069656C6420436F6E74726F6C3A2020309C
S2140422F078253034580020204D616E756620494498
S2140423003A20202020202020307825303458002001
S21404231020496D61676520547970653A2020202035
S2140423202030782530345800202056657273696F43
S2140423306E3A20202020202020203078253038585F
S2140423400020205A69676265652056657273696F56
S2140423506E3A203078253034580020204865616471
S214042360657220537472696E673A202025730020C4
S21404237020496D6167652053697A653A20202020DC
S21404238020256C642062797465730020205365638D
S214042390757269747920437265643A202030782512
S2140423A03032580020205570677261646520446599
S2140423B073743A2020200020204D696E2E20485742
S2140423C0205665723A202020203078253034580074
S2140423D020204D61782E204857205665723A2020DA
S2140423E02020307825303458002020546F74616CD7
S2140423F020546167733A202564002020202054610D
S214042400673A2030782530345800202020202020B9
S2140424104C656E6774683A20256C64004572726F6A
S214042420723A20436F756C64206E6F74206F62740A
S21404243061696E2074616720696E666F2066726FCC
S2140424406D20696D6167652E000A256420696D61DB
S21404245067657320696E204F54412073746F7261F0
S21404246067652E00496D6167652064656C657465F3
S21404247025732E004572726F723A2020436F756C76
S21404248064206E6F74207265616420626C6F636B87
S2140424903A203078253032582E0A0053746172740C
S2140424A0696E672065726173652066726F6D206F52
S2140424B066667365742030782530385820746F202B
S2140424C030782530385800436F756C64206E6F740E
S2140424D0207374617274204552415345212028307C
S2140424E078253032582900454550524F4D204572C4
S2140424F061736520636F6D706C657465002F686F1B
S2140425006D652F72756E6E65722F776F726B2F7492
S2140425107579612D7A69676265652D737769746369
S214042520682F747579612D7A69676265652D73778E
S214042530697463682F73696C6162735F746F6F6C20
S214042540732F73696D706C69636974795F73646BF8
S2140425502F70726F746F636F6C2F7A69676265652C
S2140425602F6170702F6672616D65776F726B2F7056
S2140425706C7567696E2F6F74612D73746F72616703
S214042580652D73696D706C652D656570726F6D2F42
S2140425906F74612D73746F726167652D65657072F3
S2140425A06F6D2D706167652D65726173652E6300AE
S2140425B02F686F6D652F72756E6E65722F776F72EA
S2140425C06B2F747579612D7A69676265652D7377EB
S2140425D0697463682F747579612D7A6967626565B5
S2140425E02D7377697463682F73696C6162735F74A3
S2140425F06F6F6C732F73696D706C69636974795F40
S21404260073646B2F70726F746F636F6C2F7A696765
S2140426106265652F6170702F6672616D65776F7283
S2140426206B2F706C7567696E2F6F74612D73746F82
S214042630726167652D73696D706C652D6565707262
S2140426406F6D2F6F74612D73746F726167652D657E
S2140426506570726F6D2E63004F54412053696D7020
S2140426606C652053746F7261676520454550524F00
S2140426704D207761726E696E673A20636F756C647D
S214042680206E6F742067657420736C6F7420696E97
S214042690666F20666F7220736C6F74202564202822
S2140426A06572726F7220307825303258292E204495
S2140426B0656661756C74696E6720746F20737065E7
S2140426C06369666965642061646472657373206F08
S2140426D06666736574730053746F7261676520442D
S2140426E072697665723A202020202020202020203F
S2140426F02020204F54412053696D706C652053741C
S2140427006F7261676520454550524F4D20506C7579
S21404271067696E0052656164204D6F64696679204E
S214042720577269746520537570706F72743A2020FE
S2140427306E6F00534F4320426F6F746C6F61646911
S2140427406E6720537570706F72743A20202020795B
S214042750657300426F6F746C6F61646572205374A6
S2140427606F7261676520537570706F72743A205586
S214042770736520666972737420736C6F7400536C8F
S2140427806F7420746F207573653A202020202020F3
S214042790202020202020202020202564004375723D
S2140427A072656E7420446F776E6C6F6164204F663A
S2140427B0667365743A202020203078253038580017
S2140427C045424C205374617274204F666673657478
S2140427D03A20202020202020202020203078253059
S2140427E0385800454550524F4D2053746172743A20
S2140427F020202020202020202020202020202030C0
S214042800782530385800454550524F4D20456E6463
S2140428103A20202020202020202020202020202095
S214042820202030782530385800496D616765204986
S2140428306E666F2053746172743A20202020202024
S21404284020202020203078253038580053617665C3
S21404285020526174652028627974657329202020CB
S2140428602020202020202020307825303858004F83
S2140428706666736574206F6620646F776E6C6F612E
S21404288064206F666673657420202030782530389F
S21404289058004F6666736574206F662045424C2068
S2140428A06F66667365743A202020202020203078D6
S2140428B025303858004F6666736574206F66206945
S2140428C06D6167652073746172743A20202020203D
S2140428D02030782530385800736C5F7A69676265F3
S2140428E0655F61665F6F74615F73746F726167655D
S2140428F05F6472697665725F726561645F6362289D
S21404290029206661696C65642100426164206D61FA
S214042910676963206E756D62657220696E206669EC
S2140429206C653A203078253032582030782530329D
S21404293058203078253032582030782530325800E8
S2140429404261642076657273696F6E20696E2066D4
S214042950696C6520307825303458004572726F7281
S2140429603A2072656164416E6456616C6964617490
S2140429706553746F726564496D61676528292074B0
S2140429807269656420746F2072656164206D6F726D
S214042990652064617461207468616E2069742063C4
S2140429A06F756C6420686F6C642E00736C5F7A6954
S2140429B0676265655F61665F6F74615F73746F728B
S2140429C06167655F6472697665725F726561645F8C
S2140429D063622829204641494C454421004C6173D2
S2140429E074206F666673657420646F776E6C6F61AF
S2140429F06465643A203078253038580053746F7212
S214042A00616765204D6F64756C653A204F544120AC
S214042A1053696D706C652053746F726167652050DE
S214042A206C7567696E00496D616765732053746FD2
S214042A307265643A20202564206F6620310A0025DA
S214042A403032583A006570202530325820636C7551
S214042A50732025303458206174747220253034581D
S214042A602073767220256300206D66672025303239
S214042A705800207265706F7274206D696E20253060
S214042A803458206D61782025303458207270742DA7
S214042A906368672025303858002072656365697658
S214042AA0652066726F6D20253034582065702025A9
S214042AB03032582074696D656F757420253034582B
S214042AC00072656D6F766500636C656172696E672A
S214042AD0206C617374207265706F72742074696DF3
S214042AE065206F6620616C6C20617474726962750F
S214042AF07465730074657374696E672074696D69B0
S214042B006E67206F6620766172696F7573207265D2
S214042B10706F7274696E67206F7065726174696F26
S214042B206E73002D2D2D2D2D2D2D2D2D2D2D2D2D72
S214042B302D2D2D2D2D2D2D2D2D2D2D2D2D2D2D2DBC
S214042B402D2D2D2D2D2D2D2D2D2D2D2D2D2D2D2DAC
S214042B502D2D002D2D7461626C6520726561647381
S214042B60202D2066756C6C207461626C652D2D00BA
S214042B70726573756C74203D202564206D73002D7A
S214042B802D696E6974202F207363686564756C659F
S214042B90207469636B2D2D2D002D2D6C6F616420C0
S214042BA0636F6E66696775726174696F6E206465BB
S214042BB06661756C74732D2D002F686F6D652F72AA
S214042BC0756E6E65722F776F726B2F747579612DC3
S214042BD07A69676265652D7377697463682F74759F
S214042BE079612D7A69676265652D737769746368A0
S214042BF02F73696C6162735F746F6F6C732F736984
S214042C006D706C69636974795F73646B2F70726F2F
S214042C10746F636F6C2F7A69676265652F61707075
S214042C202F6672616D65776F726B2F706C7567694E
S214042C306E2F7265706F7274696E672F7265706F2F
S214042C407274696E672E6300524541445F52505455
S214042C505F43464700726561645F7265706F7274A5
S214042C60696E675F636F6E66696775726174696FB4
S214042C706E005265706F7274696E673A2066616999
S214042C806C656420746F2073656E642025732072EF
S214042C906573706F6E73653A20307825303258004D
S214042CA04552523A2072656164696E6720636C759A
S214042CB073746572203078253034582061747472C9
S214042CC06962757465203078253034583A20307837
S214042CD025303258004552523A207265706F72742D
S214042CE0696E67206F66204C4F4E47207374726976
S214042CF06E67206174747269627574652074797085
S214042D0065206E6F7420737570706F727465643AA4
S214042D1020636C75737465722030782530345820BF
S214042D20617474726962757465203078253034581D
S214042D30005265706F7274696E6720456E7472799E
S214042D402046756C6C202D206372656174696E670D
S214042D50206E6577207265706F7274004346475F15
S214042D6052505400202D20646972656374696F6E36
S214042D703A253032582C20617474723A253034580F
S214042D8000202020747970653A253032582C206D46
S214042D90696E3A253034582C206D61783A253034E3
S214042DA058002020206368616E67653A0020202062
S214042DB074696D656F75743A2530345800636F6EA8
S214042DC06669677572655F7265706F7274696E673F
S214042DD0002054434C4B2075706461746520616C0C
S214042DE0726561647920696E2070726F67726573AC
S214042DF073004D616E75616C2054434C4B207570A6
S214042E0064617465206661696C65642E257300537D
S214042E1074617274696E6720757064617465207479
S214042E20727573742063656E746572206C696E6B5C
S214042E30206B65792070726F6365737300557064D8
S214042E40617465205443204C696E6B204B65790091
S214042E50204E6577206B65792065737461626C69B2
S214042E60736865643A00204572726F723A00506166
S214042E7072746E65723A20005A434C20676C6F6217
S214042E80616C20636C757374657220636F6D6D611D
S214042E906E647300646972656374696F6E00646956
S214042EA073632D636F6D2D67656E00646973632DA0
S214042EB0636F6D2D726563006578706563742D723B
S214042EC065706F72742D66726F6D2D6D6500757703
S214042ED072697465006E7772697465007265706FE6
S214042EE072742D726561640073656E642D6D652D54
S214042EF0612D7265706F72740043726561746573D8
S214042F00206120676C6F62616C20646973636F76FE
S214042F10657220636F6D6D616E6420666F722074D7
S214042F206865206173736F63696174656420766194
S214042F306C7565732E00636C757374657249641FD3
S214042F4061747472696275746549641F6D61784E44
S214042F50756D626572546F5265706F72741F0043AC
S214042F60726561746573206120676C6F62616C20A2
S214042F7073656E64206D652061207265706F72746F
S214042F8020636F6D6D616E6420666F722074686571
S214042F90206173736F6369617465642076616C7510
S214042FA065732E00636C757374657249641F61746F
S214042FB07472696275746549641F646174615479D6
S214042FC070651F6D696E5265706F727454696D65B5
S214042FD01F6D61785265706F727454696D651F72E7
S214042FE065706F727461626C654368616E67651FB5
S214042FF00043726561746573206120676C6F62615B
S2140430006C2072656164207265706F7274696E6795
S21404301020636F6D6D616E6420666F7220746865E0
S214043020206173736F63696174656420636C757380
S2140430307465722C2061747472696275746520619B
S2140430406E64207365727665722F636C69656E7440
S21404305020646972656374696F6E2E00636C7573A1
S21404306074657249641F6174747269627574654923
S214043070641F646972656374696F6E1F00476C6FC2
S21404308062616C207265706F7274696E6720636F1C
S2140430906D6D616E6400656E64706F696E741F6337
S2140430A06C757374657249641F61747472696275B1
S2140430B0746549641F6D61736B1F004372656174A8
S2140430C06573206120676C6F62616C207265616451
S2140430D020636F6D6D616E64206D657373616765E3
S2140430E020746F20726561642066726F6D20746848
S2140430F06520636C757374657220616E64206174F8
S214043100747269627574652073706563696669654F
S214043110642E00636C757374657249641F617474FD
S21404312072696275746549641F00437265617465EB
S21404313073206120676C6F62616C207772697465B6
S21404314020636F6D6D616E64206D65737361676572
S21404315020746F20777269746520746F20746865B4
S21404316020636C757374657220616E642061747478
S21404317072696275746520737065636966696564EF
S21404318000636C757374657249641F617474726944
S2140431906275746549641F747970651F646174612F
S2140431A01F004372656174652061206578706563ED
S2140431B0742D7265706F72742D66726F6D2D6D65E9
S2140431C0206D657373616765207769746820617321
S2140431D0736F6369617465642076616C7565732EBC
S2140431E000636C757374657249641F6174747269E4
S2140431F06275746549641F74696D656F75741F0024
S214043200437265617465206120446973636F7665F3
S2140432107220436F6D6D616E64732047656E6572D0
S2140432206174656420636F6D6D616E642077697484
S21404323068206173736F6369617465642076616C7A
S2140432407565732E00636C757374657249641F73B9
S21404325074617274436F6D6D616E6449641F6D6151
S21404326078436F6D6D616E6449641F0053657473B3
S2140432702074686520646972656374696F6E20667D
S2140432806F7220676C6F62616C20636F6D6D616E28
S21404329064732C2065697468657220636C69656E56
S2140432A07420746F20736572766572206F72207353
S2140432B0657276657220746F20636C69656E742E11
S2140432C00053657473206120666C616720736F20F9
S2140432D07468617420746865206170706C696361D9
S2140432E074696F6E206672616D65776F726B2057B6
S2140432F0494C4C204E4F5420726573706F6E642098
S214043300746F20746865206E657874205A434C2068
S2140433106D657373616765207468617420636F6D8F
S214043320657320696E206F76657220746865206107
S21404333069722E0053657473206120666C61672081
S214043340736F207468617420746865206170706C93
S21404335069636174696F6E206672616D65776F72FA
S2140433606B2057494C4C20726573706F6E642074E2
S2140433706F20746865206E657874205A434C206DFF
S214043380657373616765207468617420636F6D6527
S2140433907320696E206F7665722074686520616993
S2140433A0722E0053657473207468652044697361D3
S2140433B0626C652044656661756C74205265737032
S2140433C06F6E7365204672616D6520436F6E74720E
S2140433D06F6C2062697420746F2075736520666F45
S2140433E07220746865206E65787420636F6D6D61F5
S2140433F06E642069662074686520636F6D6D616E07
S21404340064206973206E6F7420616C7265616479E0
S214043410206275696C742E0064697361626C65441D
S214043420656661756C74526573706F6E73651F00A4
S214043430536574732074686520666C616720746FC6
S214043440207573652074686520696E6372656D65A2
S2140434506E7465642073657175656E6365206E753C
S2140434606D6265722066726F6D2074686520667280
S214043470616D65776F726B20666F72207468652065
S2140434806E6578742072617720636F6D6D616E640B
S2140434902E007573654E65787453657175656E6335
S2140434A0651F00436C6920636F6D6D616E642074E4
S2140434B06F2063616C6C20736C5F7A696762656504
S2140434C05F61665F7365745F74696D652066756EAB
S2140434D06374696F6E20646F63756D656E7465647E
S2140434E020696E2061662E680075746354696D6584
S2140434F01F0053657473207468652074776F2062A8
S214043500797465206D616E75666163747572657233
S214043510207370656369666963206964656E74699F
S2140435206669657220746F2075736520666F7220F5
S214043530746865206E65787420636F6D6D616E6463
S2140435402069662074686520636F6D6D616E642003
S2140435506973206E6F7420616C7265616479206291
S21404356075696C742E006D66675370656369666969
S2140435706349641F0054727573742043656E7465E2
S21404358072204A6F696E2048616E646C65723A20D8
S214043590737461747573203D2025732C20646563F1
S2140435A06973696F6E203D202573202825303258B4
S2140435B0292C2073686F727469642030782530343F
S2140435C05800554E73656375726564206A6F696E3C
S2140435D000646576696365206C65667400554E7391
S2140435E06563757265642072656A6F696E007573CB
S2140435F06520707265636F6E6669677572656420B0
S2140436006B65790073656E64206B657920696E203E
S21404361074686520636C6561720064656E79206AFF
S2140436206F696E006E6F20616374696F6E00616C03
S2140436306C6F772072656A6F696E73206F6E6C7933
S214043640006E6F742000534C5F5354415455535FBF
S2140436504E4554574F524B5F5550203078253034E2
S214043660580054727573742043656E7465722045F1
S2140436705549206861732025736368616E676564C5
S2140436802E00534C5F5354415455535F4E45545784
S2140436904F524B5F444F574E00534C5F5354415464
S2140436A055535F4E4F545F4A4F494E454400534C62
S2140436B05F5354415455535F5A49474245455F4EFC
S2140436C04554574F524B5F4F50454E45443A20257C
S2140436D0642073656300534C5F5354415455535FE1
S2140436E05A49474245455F4E4554574F524B5F43F0
S2140436F04C4F5345440025733A2025730064697380
S21404370074726962757465640063656E7472616C64
S214043710697A656400466F726D002573696E67206A
S2140437206F6E2063682025642C2070616E496420C7
S214043730307825303458004572726F723A204465EA
S2140437407669636520646F6573206E6F7420737585
S21404375070706F7274202573206E6574776F726B49
S21404376020666F726D6174696F6E004A6F696E00D1
S214043770496E76616C696420536563757269747901
S2140437802050726F66696C653A203078253032585E
S21404379000704A6F696E20666F7220256420736518
S2140437A0633A20307825303258004C696D69746964
S2140437B06E67206475726174696F6E206F66207020
S2140437C065726D6974206A6F696E2066726F6D200B
S2140437D0666F726576657220283235352920746FD7
S2140437E0203235340052583A205A444F2C20636F06
S2140437F06D6D616E64203078253034582C207374D7
S214043800617475733A203078253032580053696DE8
S214043810706C650052583A20257320446573632003
S21404382052657370004D61746368002C204D61749A
S214043830636865733A202564004465766963652089
S214043840416E6E6F756E63653A2030782530345855
S2140438500052583A204945454520416464726573D0
S2140438607320526573706F6E73650052583A204128
S214043870637469766520455020526573706F6E7365
S214043880652C20436F756E743A202564004E6F6471
S21404389065002C204D6174636865733A2030782582
S2140438A030345800737461636B207665722E205B27
S2140438B025642E25642E25640020257320627569F0
S2140438C06C642025645D005A444F0053450048410B
S2140438D000436C757374657200476C6F62616C00AC
S2140438E025737478203078253038582C2000507290
S2140438F06F66696C653A2025732028307825303445
S21404390058292C20436C75737465723A20307825D8
S2140439103034582C2025642062797465732C00207A
S2140439205A434C20257320436D642049443A20258D
S21404393064005072652D52656C6561736500416C58
S214043940706861203100416C706861203200416CFF
S21404395070686120330042657461203100426574EA
S214043960612032004265746120330047410052658D
S21404397073657420696E666F3A2030782530325845
S21404398020282573290064656C6574652062696E59
S21404399064696E673A202530325820253032580044
S2140439A00102030405060708090A0B0C00010101BD
S2140439B0010101010101010101005752495445204A
S2140439C04552523A2000257365702025303258201F
S2140439D0636C757320253034582061747472202506
S2140439E0303458206E6F7420737570706F727465FF
S2140439F064002573696E76616C6964206461746121
S214043A00207479706500257361747472206E6F7407
S214043A10207772697461626C650057524954453A5E
S214043A20206E6F2077726974652C206A7573742013
S214043A3061207465737400524541443A206174747D
S214043A407269627574652073697A6520746F6F2075
S214043A506C6172676520666F722063616C6C657258
S214043A6000636C6E74007372767200525700524F85
S214043A7000202052414D20200020746F6B656E207C
S214043A800065787465726E2000454E44504F494E6A
S214043A9054202530325800636C7573202F207369C8
S214043AA06465202F2061747472202F206D66672051
S214043AB0202F74797065286C656E292F2072772004
S214043AC02F2073746F72616765202F2064617461A0
S214043AD02028726177290025303458202F2025733A
S214043AE0202F2025303458202F2000202F2025304A
S214043AF0325820282530325829202F202573202F8D
S214043B00202573202F2000556E737570706F7274A5
S214043B106564004F544120524541443A2065703A4A
S214043B2025303258206369643A253034582061744D
S214043B307469643A25303458206D736B3A253032F4
S214043B4058206D66636F64653A25303458005245D4
S214043B5041443A20636C757320253034582C206118
S214043B607474722025303458206661696C6564204C
S214043B702530325800524541443A20636C75732010
S214043B80253034582C206174747220253034582C17
S214043B9020646174614C656E3A20253032582C20BE
S214043BA04F4B0028256329253032582530325825B6
S214043BB03032582530325825303258253032582580
S214043BC0303258253032580064697361626C65007F
S214043BD02573642C2064726F7070696E672065703C
S214043BE02030782530325820636C75732030782561
S214043BF030345820636D64203078253032580047BE
S214043C00656E6572617465640052656365697665A0
S214043C106400446973636F76657220436F6D6D61EB
S214043C206E647320726573706F6E73652028636F9D
S214043C306D706C6574653A202563292C20257320E5
S214043C404944733A200030782530325820005F45C6
S214043C50585400524541445F415454520057524907
S214043C6054453A20636C75732025303458206174AB
S214043C707472202530345820004641494C202530A3
S214043C8032580057524954453A20746F6F2073686F
S214043C906F727400444953435F4154545200257371
S214043CA025733A20636C7573202530345800537698
S214043CB06320446973633A20002573576169746905
S214043CC06E672025642073656320666F72206469BE
S214043CD073636F7665727920746F20636F6D706C92
S214043CE065746500537461746520636F72726573DE
S214043CF0706F6E64696E6720746F207468652074D4
S214043D0068652072657175657374206E6F742066BD
S214043D106F756E640A002573636F6D706C657465E9
S214043D202E0A0025735365727669636520446973A9
S214043D30636F76657279205374617465206C696D5F
S214043D4069747320726561636865640A0025734943
S214043D506C6C6567616C2062726F61646361737416
S214043D6020616464726573732C2072656D61707073
S214043D70696E6720746F2076616C6964206F6E6567
S214043D802E0025734661696C656420746F20736524
S214043D906E64206D6174636820646973636F76650E
S214043DA072793A203078253032580025735374617E
S214043DB07274696E6720646973636F7665727920BE
S214043DC0666F7220636C7573746572203078253064
S214043DD034580025734661696C656420746F2073DB
S214043DE0656E642073696D706C65206465736372B8
S214043DF06970746F7220726571756573743A2030D9
S214043E0078253032580025734661696C65642074E1
S214043E106F2073656E64204945454520616464726D
S214043E2065737320726571756573743A20307825EE
S214043E303032580025734661696C656420746F20BF
S214043E4073656E64204E574B2061646472657373A9
S214043E5020726571756573743A203078253032584F
S214043E60004572726F723A20257320626164207373
S214043E70696D706C652064657363726970746F72C3
S214043E80206C656E6774682E0025734D65737361C8
S214043E90676520746F6F2073686F72740025734DA6
S214043EA065737361676520746F6F2073686F7274CF
S214043EB020666F72206E756D2E20656E64706F6955
S214043EC06E74730025734D61746368257320666F82
S214043ED0756E642066726F6D203078253034582EE7
S214043EE0004572726F723A20257320696E76616C93
S214043EF06964206C656E6774682028256420213DFB
S214043F002025642920666F722041637469766520D3
S214043F10456E64706F696E7420726573706F6E732D
S214043F2065002573676F7420616374697665204540
S214043F305020726573706F6E736500555443207419
S214043F40696D653A2025642F25642F256420256431
S214043F503A25643A256420282530385829002855FF
S214043F606E6B6E6F776E20636C75732E205B307885
S214043F70253034585D29000D0A54253038583A0047
S214043F805258206C656E2025642C206570202530E0
S214043F9032582C20636C75732030782530345820C2
S214043FA000206D6667496420253034580020464357
S214043FB0202530325820736571202530325820630E
S214043FC06D642025303258207061796C6F61645BB3
S214043FD0004261736963004F7665722074686520D9
S214043FE041697220426F6F746C6F6164696E67001A
S214043FF02573525820706B7420746F6F2073686F2B
S21404400072743A202564203C202564002573525897
S21404401020706B74206D616C666F726D65643A20F7
S2140440202564203C202564002020486176652052C3
S2140440306F7574657220537570706F7274002020EB
S214044040456E6420446576696365204F6E6C79001E
S2140440502020456E61626C656400202044697361AB
S214044060626C6564004572726F7220726574726960
S2140440706576696E6720696E666F20666F72206C5F
S2140440806962726172792049442025640025732090
S2140440906C69627261727925732070726573656EDD
S2140440A074005A69676265652050726F0042696ED3
S2140440B064696E6700536563757269747920436F2B
S2140440C07265005365637572697479204C696E6B0A
S2140440D0204B6579730043424B45203136334B31D0
S2140440E00043424B4520445341205369676E0045C4
S2140440F043430043424B452044534120566572696E
S2140441006679005061636B65742056616C696461FE
S2140441107465005A4C4C0043424B45203238334BAE
S2140441203100454343203238334B310043424B453C
S21404413020636F7265004E4350004D756C746920A1
S2140441406E6574776F726B00456E68616E63656446
S21404415020426561636F6E205265710043424B4591
S214044160203238334B3120445341205665726966F9
S21404417079004D756C74692D50414E002F686F6D33
S214044180652F72756E6E65722F776F726B2F7475EE
S21404419079612D7A69676265652D737769746368DA
S2140441A02F747579612D7A69676265652D737769F1
S2140441B07463682F73696C6162735F746F6F6C737A
S2140441C02F73696D706C69636974795F73646B2FA0
S2140441D070726F746F636F6C2F7A69676265652F90
S2140441E0737461636B2F636F6E6669672F736C5F9E
S2140441F07A69676265655F636F6E66696775726123
S21404420074696F6E2E63002F686F6D652F72756EFE
S2140442106E65722F776F726B2F747579612D7A695C
S214044220676265652D7377697463682F7475796141
S2140442302D7A69676265652D7377697463682F7371
S214044240696C6162735F746F6F6C732F73696D70E2
S2140442506C69636974795F73646B2F70726F746FC3
S214044260636F6C2F7A69676265652F737461636B1D
S2140442702F6672616D65776F726B2F6165732D653E
S21404428063622E63002F686F6D652F72756E6E65A0
S214044290722F776F726B2F747579612D7A696762E6
S2140442A065652D7377697463682F747579612D7AE3
S2140442B069676265652D7377697463682F73696CC3
S2140442C06162735F746F6F6C732F73696D706C6962
S2140442D0636974795F73646B2F70726F746F636F46
S2140442E06C2F7A69676265652F737461636B2F73CD
S2140442F0656375726974792F7A69676265652D736B
S214044300656375726974792D6D616E616765722D6A
S2140443106E6F2D7661756C742E63004572726F72C3
S2140443203A20204661696C656420746F207265616A
S214044330642066726F6D20454550524F4D2061745F
S2140443402030782534582C207374617475733A20A1
S214044350256400454550524F4D20496E6974696185
S2140443606C697A65643A20256300454550524F4D82
S21404437020427573793A202563005061727469612E
S2140443806C20576F72642053746F726167652043A4
S2140443906F756E743A2025640041646472657373A5
S2140443A03A2030782534582C205061727469616C38
S2140443B020576F72643A203078255800636F6E6613
S2140443C069726D656400617373756D6564000A4592
S2140443D04550524F4D20496E666F004E6F742061F3
S2140443E07661696C61626C6520286F6C6465722006
S2140443F0626F6F746C6F61646572290050617274C9
S214044400204465736372697074696F6E3A20202065
S21404441020202020202020257300436170616269DB
S2140444206C69746965733A2020202020202020209F
S21404443020202020203078253258005061676520DF
S21404444045726173652074696D65202873293A2066
S214044450202020202025640050617274204572615B
S21404446073652074696D65202873293A20202020FE
S21404447020202564005061727420457261736520A3
S21404448074696D6520286D73293A20202020202029
S214044490256400506167652073697A65202862790F
S2140444A0746573293A202020202020202020256CA3
S2140444B000506172742073697A6520286279746585
S2140444C073293A202020202020202020256C005705
S2140444D06F72642073697A6520286279746573291B
S2140444E03A20202020202020202025642028257003
S2140444F02900454550524F4D20696E69743A203064
S214044500782558002F686F6D652F72756E6E65720C
S2140445102F776F726B2F747579612D7A6967626570
S214044520652D7377697463682F747579612D7A695C
S214044530676265652D7377697463682F73696C6148
S21404454062735F746F6F6C732F73696D706C6963DD
S2140445506974795F73646B2F7574696C2F706C75EE
S21404456067696E2F706C7567696E2D636F6D6D6FFE
S2140445706E2F656570726F6D2F656570726F6D2E28
S2140445806300556E61626C6520746F20626F6F7491
S21404459020696D61676520617420736C6F742025D3
S2140445A06C640A00536C6F74204D616E61676572AB
S2140445B0206661696C656420746F2065726173653A
S2140445C020736C6F740A004D6178207265616420F4
S2140445D06C696D69742073657420746F202564207B
S2140445E062797465730A004164647265737320208B
S2140445F02020202020202020446174610A00307886
S21404460025346C7820202020202020307825780A35
S214044610004661696C656420746F2072656164206D
S21404462066726F6D20666C6173680A00536C6F74F3
S21404463020256C640A20204164647265737320200C
S2140446402020203A20307825346C580A20204C65E7
S2140446506E6774682020202020203A203078253485
S2140446606C582028256C64206279746573290A00C6
S21404467020205479706520202020202020203A20F5
S214044680004E6F2047424C2070726573656E740A44
S214044690005A69674265650A005468726561640A6F
S2140446A000436F6E6E6563740A00426C7565746FC2
S2140446B06F74680A00426C7565746F6F7468206165
S2140446C070706C69636174696F6E0A004D43550AB5
S2140446D0004F7468657220283078256C58290A00C3
S2140446E0202056657273696F6E20202020203A20A1
S2140446F03078256C580A0020204361706162696C2A
S21404470069746965733A20307825346C580A002039
S2140447102050726F6475637420494420203A200048
S214044720307825582000536C6F74204D616E616795
S21404473065723A206661696C656420746F20696EE0
S214044740697469616C697A6520626F6F746C6F61F5
S21404475064657220286572726F722030782534780A
S214044760290A0056657273696F6E20202020203A4D
S2140447702025640A00506172742020202020202006
S214044780203A2025730A004361706162696C69747B
S2140447906965733A20307825780A0050617274206F
S2140447A073697A652020203A20256420420A005046
S2140447B06167652073697A652020203A2025642085
S2140447C0420A00576F72642073697A652020203A83
S2140447D020256420420A00536C6F74732020202026
S2140447E02020203A2025640A004661696C6564200E
S2140447F0746F20726561642066726F6D2073746FC7
S2140448007261676520666C61736820286572726FD2
S21404481072202564290A00496E76616C69642073E7
S2140448206C6F7420256420286D617820736C6F7417
S214044830202564290A004661696C656420746F202B
S21404484067657420696E666F20666F7220736C6F7E
S214044850742025640A00536C6F74204D616E616782
S21404486065723A20736C6F7420777269746520667B
S21404487061696C7572652E20416464726573732079
S2140448806F66667365742028256429202B2077724A
S214044890697465206C656E67746820282564292011
S2140448A067726561746572207468616E20746F74D3
S2140448B0616C20736C6F74206C656E677468202856
S2140448C02564290A00536C6F74204D616E61676518
S2140448D072207761726E696E673A20736C6F74200B
S2140448E02564206C656E6774682028256429206E0C
S2140448F06F7420616C69676E656420746F207061E4
S21404490067652073697A6520282564292E205468F3
S2140449106520656E7469726520736C6F74207769A0
S2140449206C6C206E6F7420626520657261736564BA
S2140449302E0A00536C6F74204D616E616765723A7F
S214044940206661696C656420746F206572617365A6
S21404495020256420627974657320696E20736C6FF9
S2140449607420256420617420616464726573732006
S214044970307825347820286572726F722030782556
S21404498078290A004572617365642025642062797B
S21404499074657320696E20736C6F742025640A0036
S2140449A04661696C656420746F2073657420736C4B
S2140449B06F7420746F20626F6F7420286572726F34
S2140449C072203078253478290A004661696C65645B
S2140449D020746F20736574206C697374206F66206E
S2140449E0736C6F747320746F20626F6F7420286505
S2140449F072726F72203078253478290A004661690D
S214044A006C656420746F20676574206E6577206C0F
S214044A10697374206F6620736C6F747320746F20D0
S214044A20626F6F7420286572726F72203078253436
S214044A3078290A00426567696E6E696E6720696D3B
S214044A4061676520766572696669636174696F6E0D
S214044A502E2E2E002E6661696C6564212028457210
S214044A60726F72203078253478290A002E706173AC
S214044A707365642120426F6F74696E6720736C6F70
S214044A80742025640A00666E692B00666E69006EE3
S214044A90616E00666E692D006C69627300627365F0
S214044AA06E64007265736574007261770073656E78
S214044AB0645F6D756C7469636173740073656E64AA
S214044AC02D7573696E672D6D756C74696361737487
S214044AD02D62696E64696E670074696D6573796EBC
S214044AE063006765742D7074692D726164696F2D37
S214044AF0636F6E66696700636F6E6669672D6363CE
S214044B00612D6D6F6465006576656E7473007365FC
S214044B10637572697479007A69676265655F707235
S214044B20696E7400706C7567696E006E6574006BF0
S214044B30657973006F7074696F6E00706C756700CA
S214044B406368616E67656B6579006368616E676547
S214044B506B007A646F007072696E742072656C61A3
S214044B6074656420636F6D6D616E64732E0061748A
S214044B707472005A646F2072656C61746564206395
S214044B806F6D6D616E64732E00726F757465007060
S214044B906F776572006D676D742D6C7169006D6753
S214044BA06D742D62696E64006E6F64650073696D62
S214044BB0706C650069656565006E776B00756E627E
S214044BC0696E64006E776B2D757064006F75742D56
S214044BD0636C2D6C69737400696E2D636C2D6C693F
S214044BE07374005A646F20696E2D636C2D6C697340
S214044BF0742072656C6174656420636F6D6D616E9C
S214044C0064732E005A646F206F75742D636C2D6C5C
S214044C106973742072656C6174656420636F6D6D6E
S214044C20616E64732E005A646F206E776B2D7570F8
S214044C30642072656C6174656420636F6D6D616E6B
S214044C4064732E007363616E2D6368616E2D6D61EF
S214044C50736B007363616E006368616E5067006314
S214044C6068616E005A646F20756E62696E642072A5
S214044C70656C6174656420636F6D6D616E64732E1C
S214044C8000756E6963617374006368616E67656B53
S214044C9065792072656C6174656420636F6D6D61FF
S214044CA06E64732E006C696E6B004F7074696F6E61
S214044CB02072656C6174656420636F6D6D616E64EB
S214044CC0732E007265676973746572006469736332
S214044CD000696E7374616C6C2D636F646500626941
S214044CE06E64696E672D7461626C65007072696EBD
S214044CF0742D72782D6D73677300617073726574AA
S214044D0072790041505320726574727920666C6122
S214044D106720666F72636520636F6D6D616E647382
S214044D2000456E61626C65732F44697361626C65DD
S214044D3073207072696E74696E67206F662052788D
S214044D40206D657373616765732E00656E61626CB2
S214044D50650042696E64696E67207461626C6520E2
S214044D6072656C6174656420636F6D6D616E6473E7
S214044D702E005365637572697479206B65797320A8
S214044D8072656C6174656420636F6D6D616E6473C7
S214044D902E0064656C657465004E6574776F726B7F
S214044DA02072656C6174656420636F6D6D616E64FA
S214044DB0732E00666F726D0072656A6F696E2D647D
S214044DC06966662D6465766963652D747970650019
S214044DD065787470616E69640069736F70656E00DF
S214044DE062726F61642D706A6F696E006368616ECB
S214044DF067652D6368616E6E656C00696E69740024
S214044E006368616E67652D6B6565702D616C697688
S214044E10652D6D6F64650074696D656F75742D6FAF
S214044E207074696F6E2D6D61736B006D756C74694B
S214044E302D7068792D7374617274006D756C746965
S214044E402D7068792D73746F700066696E64006ED9
S214044E506574776F726B2066696E6420636F6D6D20
S214044E60616E64732E006A6F696E61626C650075AC
S214044E706E7573656400736C6F742D6D616E616717
S214044E80657200636F756E746572730066696E642E
S214044E902D616E642D62696E6400667261676D656D
S214044EA06E746174696F6E0067726F7570732D73BC
S214044EB06572766572006E6574776F726B2D7374A7
S214044EC0656572696E67006F74612D626F6F746CCE
S214044ED06F6164006F74612D636C69656E74006F36
S214044EE074612D73746F726167652D636F6D6D6F7A
S214044EF06E006F74612D73746F726167652D6565DE
S214044F0070726F6D0069646C652D736C65657000F6
S214044F107570646174652D74632D6C696E6B2D6B8E
S214044F206579007570646174652D74632D6C696EA3
S214044F306B2D6B65792072656C6174656420636F94
S214044F406D6D616E64730074696D6572006E6F7763
S214044F5000436F6D6D616E647320746F20636F6EB3
S214044F6074726F6C2069646C696E672F736C656508
S214044F7070696E67206F662074686520646576695C
S214044F80636500666F7263652D6177616B650061AA
S214044F9077616B652D7768656E2D6E6F742D6A6FFD
S214044FA0696E6564007265706F7274696E672072EC
S214044FB0656C6174656420636F6D6D616E64732ED9
S214044FC000636C6561722D6C6173742D7265706F0D
S214044FD072742D74696D6500746573742D74696DCF
S214044FE0696E67006F74612D73746F726167652DE7
S214044FF0656570726F6D2072656C6174656420639C
S2140450006F6D6D616E64732E0077697065006F74E2
S214045010612D73746F726167652D636F6D6D6F6E4E
S2140450202072656C6174656420636F6D6D616E6477
S21404503073007072696E74496D616765730072659A
S2140450406C6F61640073746F726167652D696E6658
S2140450506F00646174612D7072696E74006F7461A0
S2140450602D636C69656E742072656C61746564206A
S214045070636F6D6D616E64732E0076657269667912
S21404508000626C6F636B2D74657374007061676582
S2140450902D726571756573740075706772616465E9
S2140450A02D726571756573740064697361626C65ED
S2140450B02D646F776E67726164657300656E6162F6
S2140450C06C652D646F776E677261646573006F74C8
S2140450D0612D626F6F746C6F61642072656C6174AD
S2140450E0656420636F6D6D616E6473006E657477BE
S2140450F06F726B2D7374656572696E672072656C6A
S2140451006174656420636F6D6D616E64732E0070E8
S21404511072652D636F6E666967757265642D6B655F
S214045120792D736574006D61736B2072656C6174A0
S214045130656420636F6D6D616E642E0073756274B2
S214045140726163740067726F7570732D736572761F
S21404515065722072656C6174656420636F6D6D6141
S2140451606E64732E00667261676D656E7461746931
S2140451706F6E2072656C6174656420636F6D6D611B
S2140451806E64732E007365742D72782D77696E6461
S2140451906F772D73697A65006172746966696369ED
S2140451A0616C2D626C6F636B2D64726F7000466960
S2140451B06E6420616E642062696E642072656C6140
S2140451C074656420636F6D6D616E64732E00696E22
S2140451D069746961746F7200656E61626C655F7490
S2140451E079706500737461636B00617070007A6334
S2140451F06C006C65676163795F61665F64656275A0
S2140452006700636F756E746572732072656C617483
S214045210656420636F6D6D616E64732E00707269D1
S2140452206E742D636F756E7465722D747970650077
S21404523073696D706C652D7072696E740070726936
S2140452406E742D7468726573686F6C64730073652E
S214045250742D7468726573686F6C64007265736528
S214045260742D7468726573686F6C64730073656E0E
S214045270642D726571756573740073656375726900
S21404528074792072656C6174656420636F6D6D61FA
S2140452906E6473007365742D616C6C6F772D747215
S2140452A07573742D63656E7465722D72656A6F69A5
S2140452B06E2D7573696E672D77656C6C2D6B6E6FCE
S2140452C0776E2D6B6579007365742D616C6C6F77E2
S2140452D02D74727573742D63656E7465722D7265A4
S2140452E06A6F696E2D7573696E672D77656C6C2DA4
S2140452F06B6E6F776E2D6B65792D74696D656F7542
S21404530074007365742D6B65792D7265717565739C
S214045310742D706F6C696379006D66672D746F6B9E
S214045320656E0061707300536563757269747920E5
S2140453306170732072656C6174656420636F6D6D53
S214045340616E64732E004765742F736574204D4632
S2140453504720746F6B656E2E00656E64706F696EA1
S214045360742072656C6174656420636F6D6D616E24
S21404537064732E00656570726F6D207574696C6950
S21404538074792072656C6174656420636F6D6D61F9
S2140453906E647300536C6F74204D616E6167657242
S2140453A02072656C6174656420636F6D6D616E64F4
S2140453B07300626F6F742D736C6F74006572617323
S2140453C0652D736C6F74006578742D666C617368F4
S2140453D02D696E666F00736C6F74732D696E666FDD
S2140453E0005072696E74732074696D652E00507275
S2140453F0696E7473206174747269627574652E00C4
S214045400436C6561727320746865205A444F206C3F
S214045410697374206F6620636C69656E74202869EE
S2140454206E2920636C7573746572732E0041646410
S2140454307320636C75737465727320746F2074685C
S21404544065206B6E6F776E20636C69656E742028BA
S214045450696E2920636C757374657273206F6E2091
S21404546074686973206465766963652E00436C65A9
S21404547061727320746865205A444F206C69737493
S214045480206F6620636C69656E7420286F757429B6
S21404549020636C7573746572732E004164647320A4
S2140454A0636C75737465727320746F2074686520FA
S2140454B06B6E6F776E20636C69656E7420286F75EB
S2140454C0742920636C757374657273206F6E207410
S2140454D0686973206465766963652E0053656E6437
S2140454E07320616E20757064617465206368616EF4
S2140454F06E656C20726571756573742E00636861E1
S2140455006E6E656C1F0053656E647320616E207545
S2140455107064617465206368616E6E656C2070618A
S2140455206765207265712E20546865207374616304
S2140455306B2073656E6473206E776B20656E68618E
S2140455406E6365642075706461746520726571208D
S214045550666F72206E6F6E2D7A65726F207061674B
S214045560652E006368616E6E656C1F706167651FEB
S21404557000506572666F726D7320616E20656E658D
S214045580726779207363616E2E0074617267657446
S2140455904E6F646549641F7363616E44757261740B
S2140455A0696F6E1F7363616E436F756E741F00427E
S2140455B0726F616463617374732074686520494410
S2140455C0206F6620746865206E6577206E65747734
S2140455D06F726B206D616E6167657220616E642008
S2140455E0616374697665206368616E6E656C732E9C
S2140455F0006E776B4D676549641F6368616E6E6500
S2140456006C4D61736B1F00506572666F726D73200C
S214045610616E20656E65726779207363616E206FB4
S2140456206E20676976656E206368616E6E656C20B1
S2140456306D61736B2E007461726765744E6F64657A
S21404564049641F7363616E4475726174696F6E1F7B
S2140456507363616E436F756E741F6368616E6E6507
S2140456606C4D61736B1F0053656E64732061206E0E
S2140456706574776F726B20616464726573732072ED
S21404568065717565737420666F722074686520672B
S2140456906976656E20494545452061646472657384
S2140456A0732E00696565651F0052657175657374B0
S2140456B07320616E204945454520616464726573B4
S2140456C073206261736564206F6E2061206769765B
S2140456D0656E206E6F64652049442E006E6F6465A7
S2140456E049641F0053656E647320612073696D708E
S2140456F06C652064657363726970746F722072657A
S214045700717565737420666F72207468652073689B
S2140457106F7274206164647265737320616E6420B2
S214045720656E64706F696E7420737065636966690C
S21404573065642E00646573741F74617267657445CE
S2140457406E64706F696E741F0053656E64732061B7
S214045750206D6174636844657363726970746F72F4
S214045760735265717565737420746F207468652050
S214045770676976656E2064657374696E6174696FB3
S2140457806E20776974682074686520676976656E2C
S2140457902070726F66696C652E006E6F646549646E
S2140457A01F70726F66696C651F0053656E647320A4
S2140457B061206E6F64652064657363726970746FCC
S2140457C072207265717565737420746F206120672A
S2140457D06976656E2074617267657420646576699F
S2140457E063652E007461726765741F0053656E648A
S2140457F0732061205A444F2042696E6420636F6DA3
S2140458006D616E6420746F206120646576696365DB
S2140458102073706563696669656420696E207468C0
S2140458206520636F6D6D616E6420617267756D656A
S2140458306E74732E0044657374696E6174696F6E5A
S2140458401F536F7572636520656E64706F696E743E
S2140458501F44657374696E6174696F6E20656E6447
S214045860706F696E741F636C757374657249441F38
S21404587072656D6F746545554936341F6465737477
S21404588045554936341F0053656E647320616E2097
S21404589061637469766520656E64706F696E7420E2
S2140458A07265717565737420746F207468652064FE
S2140458B0657669636520776974682074686520670F
S2140458C06976656E2073686F72742049442E00539F
S2140458D0656E647320616E20756E62696E642072F4
S2140458E065717565737420666F72206120756E69C4
S2140458F0636173742062696E64696E6720746F20D6
S214045900746865207461726765742064657669637B
S214045910652E007461726765741F736F75726365B4
S2140459202065756936341F736F7572636520656EFE
S21404593064706F696E741F636C7573746572494422
S2140459401F64657374696E6174696F6E4555493674
S214045950341F64657374696E6174696F6E20656E56
S21404596064706F696E741F0053656E647320616E95
S21404597020756E62696E6420726571756573742035
S214045980666F722061206D756C7469636173742030
S21404599062696E64696E6720746F2074686520742B
S2140459A06172676574206465766963652E00746148
S2140459B0726765741F736F757263652065756936E3
S2140459C0341F736F7572636520656E64706F696EDD
S2140459D0741F636C757374657249441F67726F75C0
S2140459E070416464726573731F0053656E6473203C
S2140459F061205A444F204D616E6167656D656E7413
S214045A00204C6561766520636F6D6D616E642074ED
S214045A106F207468652074617267657420646576A7
S214045A206963652E007461726765741F72656D6FB5
S214045A3076654368696C6472656E1F72656A6F6921
S214045A406E1F0053656E64732061205A444F204DC8
S214045A50474D542D42696E64202842696E64696E0F
S214045A6067205461626C652920526571756573748C
S214045A7020746F207468652074617267657420648E
S214045A8065766963652E007461726765741F737446
S214045A90617274496E6465781F0053656E64732082
S214045AA061205A444F204D474D542D4C51492028CF
S214045AB04C5149205461626C6529205265717565A4
S214045AC0737420746F2074686520746172676574DB
S214045AD0206465766963652E0053656E6473206181
S214045AE0205A444F20506F77657220446573637262
S214045AF06970746F72205265717565737420746F63
S214045B0020746865207461726765742064657669BC
S214045B1063652E0053656E64732061205A444F20DB
S214045B20726F757465207265717565737420636F22
S214045B306D6D616E6420746F207468652074617284
S214045B406765742E007461726765741F696E646598
S214045B50781F00696E6465781F65756936341F6939
S214045B606E7374616C6C436F64651F00696E646564
S214045B70781F65756936341F6B65791F005443209A
S214045B806C696E6B206B65792072657175657374CC
S214045B9020706F6C6963791F417070206C696E6B3E
S214045BA0206B6579207265717565737420706F6CEF
S214045BB06963791F00426F6F6C3A20616C6C6F7773
S214045BC02074727573742063656E746572207265D2
S214045BD06A6F696E207573696E672077656C6C2DC5
S214045BE06B6E6F776E206B65791F0070726F6669D7
S214045BF06C6549641F636C757374657249641F0031
S214045C0074617267657449641F00456E61626C65F1
S214045C1073207072696E74696E67206F662052789E
S214045C20206D657373616765732E00536574732006
S214045C307468652062696E64696E67207461626C5C
S214045C406500696E6465781F636C75737465721F8E
S214045C506C6F63616C45701F72656D6F746545701B
S214045C601F65756936341F00436C65617273207452
S214045C7068652062696E64696E67207461626C652B
S214045C802E005072696E7473207468652062696EA3
S214045C9064696E67207461626C6520746F20746832
S214045CA06520636F6D6D616E64206C696E652E0091
S214045CB0436C6561727320616C6C207365637572E6
S214045CC0697479206B6579732E0044656C65746518
S214045CD02074686520737065636966696564206C02
S214045CE0696E6B206B657920696E6465782E00504A
S214045CF072696E747320616C6C2073656375726967
S214045D007479206B6579732E005465726D696E61C3
S214045D1074657320746865206D756C74692D5048BD
S214045D205920696E746572666163650055736564AF
S214045D3020746F207374617274206D756C74692D91
S214045D4050485920696E74657266616365206F7485
S214045D50686572207468616E206E61746976652069
S214045D60616E6420666F726D20746865206E65745B
S214045D70776F726B2E2054686520737461636B2092
S214045D80757365732073616D652050616E49642078
S214045D906173206E617469766520726164696F2030
S214045DA06E6574776F726B2E00706167651F63682B
S214045DB0616E6E656C1F706F7765721F6F707469A5
S214045DC06F6E734D61736B20284269742030203DDA
S214045DD020526F757465727320616C6C6F7765649E
S214045DE02C204269742031203D2042726F61646326
S214045DF061737420616C6C6F776564291F0041744D
S214045E0074656D70747320746F206368616E676563
S214045E1020746865206368696C642074696D656FB6
S214045E207574206F7074696F6E206D61736B207467
S214045E306F2066696C746572206F757420756E6465
S214045E406573697261626C652076616C7565732032
S214045E5028652E672E206E6F206D6F72652074681D
S214045E60616E20332064617973292E0074696D6530
S214045E706F7574206F7074696F6E206D61736B1F1D
S214045E800053776974636865732062657477656523
S214045E906E20646966666572656E74206B656570EF
S214045EA020616C697665206D6F6465732073757008
S214045EB0706F72746564206279206120726F7574E5
S214045EC065722E004B65657020616C697665206D81
S214045ED06F64651F005072696E7473207468652061
S214045EE063757272656E74204E6F64652049442C27
S214045EF02045554936342C20616E642050616E204E
S214045F0049442E00496E697469616C697A65732028
S214045F1061206E6574776F726B3B207468697320BA
S214045F2069732061207465737420636F6D6D616E90
S214045F3064207573656420666F722074632D7377AE
S214045F4061702D6F75742074657374696E672E00A6
S214045F505365747320746865206E6574776F726B0E
S214045F6020696E64657820757365642062792061A3
S214045F706C6C2066757475726520434C4920636F9B
S214045F806D6D616E64732E20204265666F726520A7
S214045F90657865637574696E67206120434C492093
S214045FA0636F6D6D616E642C207468652066726123
S214045FB06D65776F726B2073776974636865732099
S214045FC0746F2074686973206E6574776F726B2EB5
S214045FD0202041667465722074686520636F6D6D59
S214045FE0616E642066696E6973686573206578659A
S214045FF0637574696E672C20746865206672616DBB
S21404600065776F726B207377697463686573206253
S21404601061636B20746F207468652070726576699E
S2140460206F7573206E6574776F726B2E20205468BC
S2140460306520434C49207573657320746865207326
S214046040616D65206E6574776F726B20696E64652A
S2140460507820756E74696C2074686520646576694A
S214046060636520726573657473206F72206974208B
S2140460706973206368616E676564207468726F75FF
S2140460806768207468697320636F6D6D616E642E33
S21404609000417474656D70747320746F2063686156
S2140460A06E676520646576696365206F7665722021
S2140460B0746F206120646966666572656E74206319
S2140460C068616E6E656C20676976656E20696E2001
S2140460D0746865206368616E6E656C2061726775AE
S2140460E06D656E742E00546865206368616E6E6517
S2140460F06C20746F206368616E676520746F1F0080
S21404610066696E64556E7573656450616E496400A5
S21404611066696E644A6F696E61626C654E65747713
S2140461206F726B005065726D697473206A6F696E66
S214046130696E67206F6E20746865206E6574776F6D
S214046140726B20666F72206120676976656E206EBA
S214046150756D626572206F66207365636F6E647317
S21404616020414E442062726F6164636173747320CD
S21404617061205A444F204D676D74205065726D69D6
S21404618074204A6F696E696E6720726571756573EF
S2140461907420746F20616C6C20726F7574657273F2
S2140461A02E00412073696E676C65206279746520E1
S2140461B0696E6469636174696E6720686F77206CC2
S2140461C06F6E6720746865206465766963652073FE
S2140461D0686F756C642068617665207065726D6999
S2140461E074206A6F696E696E67207475726E656472
S2140461F0206F6E20666F722E20412076616C756566
S214046200206F662030786666207475726E73206F11
S2140462106E207065726D6974206A6F696E20696E8F
S214046220646566696E6974656C792E1F00436865DB
S214046230636B73206E6574776F726B20706A6F6918
S2140462406E207374617475732E0057726974657367
S2140462502074686520657874656E64656420706172
S2140462606E20494420666F722074686520646576E3
S2140462706963652E0065787470616E69641F0052E8
S214046280656A6F696E7320616E20657869737469D8
S2140462906E67206E6574776F726B20696E2061205E
S2140462A0736563757265206F7220696E73656375B6
S2140462B07265206D616E6E65722077697468206100
S2140462C020646966666572656E74206465766963C3
S2140462D06520747970652E00426F6F6C65616E2060
S2140462E06E6574776F726B206B6579206176616971
S2140462F06C6162696C6974791F4368616E6E656C63
S214046300206D61736B1F416E20656E756D657261DD
S21404631074696F6E20696E6469636174696E672060
S2140463207468652064657669636520747970652091
S214046330746F2072656A6F696E2061732E54686587
S21404634020737461636B206F6E6C79206163636580
S21404635070747320534C5F5A49474245455F454E17
S214046360445F44455649434520616E6420534C5F60
S2140463705A49474245455F534C454550595F454E3B
S214046380445F4445564943452E1F0052654A6F698B
S2140463906E732061206E6574776F726B2E00426F89
S2140463A06F6C65616E206E6574776F726B206B65BB
S2140463B07920617661696C6162696C6974791F43DE
S2140463C068616E6E656C206D61736B1F004C656151
S2140463D07665732061206E6574776F726B2E005439
S2140463E075726E73207065726D6974206A6F696E5B
S2140463F0696E67206F6E20666F7220746865206110
S2140464006D6F756E74206F662074696D6520696E95
S214046410646963617465642E00412073696E676CF9
S21404642065206279746520696E6469636174696E57
S2140464306720686F77206C6F6E67207468652064C9
S21404644065766963652073686F756C642068617629
S21404645065207065726D6974206A6F696E696E670F
S214046460207475726E206F6E20666F722E20412027
S21404647076616C7565206F66203078666620747564
S214046480726E73207065726D6974206A6F696E200F
S214046490696E646566696E6974656C792E1F004A58
S2140464A06F696E732061206E6574776F726B206FF0
S2140464B06E206120676976656E206368616E6E651E
S2140464C06C2C2077697468206120676976656E2075
S2140464D0545820506F77657220616E642050414E88
S2140464E02049442E00546865206368616E6E656CAE
S2140464F0206F6E20776869636820746F206A6F69FE
S2140465006E20746865206E6574776F726B1F4F6EAD
S214046510652D62797465207369676E65642076619B
S2140465206C756520696E6469636174696E6720744E
S214046530686520545820506F7765722074686174BB
S2140465402074686520726164696F2073686F756C67
S214046550642062652073657420746F1F5468652018
S21404656050414E204944206F6E2077686963682046
S214046570746F206A6F696E20746865206E65747720
S2140465806F726B1F00466F726D732061206E6574A8
S214046590776F726B206F6E206120676976656E2058
S2140465A06368616E6E656C2C207769746820612060
S2140465B0676976656E20545820506F77657220613F
S2140465C06E642050414E2049442E00546865206372
S2140465D068616E6E656C206F6E20776869636820EC
S2140465E0746F20666F726D20746865206E657477AC
S2140465F06F726B1F4F6E652D6279746520736967C1
S2140466006E65642076616C756520696E6469636185
S21404661074696E672074686520545820506F7765D7
S2140466207220746861742074686520726164696F8E
S2140466302073686F756C64206265207365742074BB
S2140466406F1F5468652050414E204944206F6E20C9
S214046650776869636820746F20666F726D2074684B
S21404666065206E6574776F726B1F005468697320BB
S214046670696E6974696174657320612054434C4B78
S214046680207570646174652070726F6365647572DA
S214046690652E0053706563696679207468652061A9
S2140466A06D6F756E74206F662074696D6520746FE7
S2140466B02077616974206166746572206F6E652048
S2140466C054434C4B20757064617465206F7065721A
S2140466D06174696F6E20636F6D706C65746573208A
S2140466E06265666F726520626567696E6E696E675D
S2140466F02061206E65772054434C4B20757064618E
S2140467007465206F7065726174696F6E2E005468CC
S2140467106520616D6F756E74206F662074696D6593
S214046720206265747765656E20737562736571752E
S214046730656E742074727573742063656E74657206
S214046740206C696E6B206B65792075706461746566
S2140467507320696E206D696C6C697365636F6E6413
S214046760731F00536574206F7220636C656172201A
S21404677073746179206177616B65207768656E2034
S2140467806E6F74206A6F696E656400536574206F5B
S2140467907220636C65617220666F72636520617730
S2140467A0616B6500446973706C6179207468652058
S2140467B0736C6565702073746174757300464F520C
S2140467C02054455354494E4720505552504F534534
S2140467D053202D206761746865722074696D696E34
S2140467E067206D65747269637320666F72207265C4
S2140467F0706F7274696E67207461626C65206F7066
S21404680065726174696F6E732E00436C6561727392
S21404681020746865206C617374207265706F72747E
S2140468202074696D65206F66206174747269627580
S2140468307465732E00416464732061206E6577204E
S214046840656E74727920746F207468652072657042
S2140468506F7274207461626C652E00546865206CD7
S2140468606F63616C20656E64706F696E7420667207
S2140468706F6D207768696368207468652061747436
S214046880726962757465206973207265706F7274BC
S21404689065641F54686520636C757374657220772D
S2140468A068657265207468652061747472696275BF
S2140468B07465206973206C6F63617465641F546823
S2140468C065204944206F662074686520617474727C
S2140468D06962757465206265696E67207265706F9B
S2140468E0727465641F3020666F7220636C69656E0F
S2140468F0742D736964652061747472696275746555
S21404690073206F72203120666F722073657276650D
S214046910722D736964652061747472696275746536
S214046920731F546865206D696E696D756D20726598
S214046930706F7274696E6720696E74657276616CC6
S2140469402C206D6561737572656420696E207365AD
S214046950636F6E64732E1F546865206D6178696D6D
S214046960756D207265706F7274696E6720696E74D7
S214046970657276616C2C206D656173757265642032
S214046980696E207365636F6E64732E1F546865208A
S2140469906D696E696D756D206368616E67652074D8
S2140469A06F207468652061747472696275746520FA
S2140469B0746861742077696C6C20726573756C7486
S2140469C020696E2061207265706F7274206265693A
S2140469D06E672073656E742E1F0052656D6F766544
S2140469E07320616E20656E7472792066726F6D20F6
S2140469F0746865207265706F7274207461626C6569
S214046A002E0054686520696E646578206F6620746D
S214046A106865207265706F727420746F20626520DA
S214046A2072656D6F7665641F00436C6561727320D2
S214046A30616C6C20656E74726965732066726F6D26
S214046A4020746865207265706F7274207461626C5D
S214046A50652E005072696E747320746865207265C2
S214046A60706F7274207461626C652E00576970656D
S214046A707320616C6C206461746120696E20746894
S214046A80652073746F7261676520646576696365F3
S214046A902E005072696E747320617262697472613A
S214046AA07279206279746573206F66207468652035
S214046AB04F544120696D616765206F6E2064697369
S214046AC06B2E0054686520696E646578206F6620B6
S214046AD074686520696D61676520746F20707269DB
S214046AE06E742069747320646174611F5468652031
S214046AF06F666673657420696E746F2074686520AB
S214046B004F544120696D616765207468617420770D
S214046B10696C6C206265207072696E7465641F000F
S214046B205072696E747320696E666F726D617469F3
S214046B306F6E2061626F7574207468652073746F5D
S214046B4072616765206465766963652E0052656CBC
S214046B506F6164207468652073746F726167652062
S214046B606465766963652E0044656C657465732098
S214046B7074686520696D6167652061742074686552
S214046B802073706563696669656420696E646578F8
S214046B902E0054686520696E6465782061742077D9
S214046BA06869636820746F20626567696E2064652F
S214046BB06C6574696E672074686520696D616765C5
S214046BC01F005072696E74732074686520696D6165
S214046BD06765732E00456E61626C6573204F544181
S214046BE020646F776E6772616465732E0044697300
S214046BF061626C6573204F544120646F776E6772D0
S214046C00616465732E0053656E647320616E20554F
S214046C10706772616465456E6452657175657374F8
S214046C2020746F20616E204F544120736572766520
S214046C30722E0043616E206265207573656420744D
S214046C406F2064796E616D6963616C6C792074750C
S214046C50726E206F66662073656E64696E67207058
S214046C60616765207265717565737473206F6E2035
S214046C7074686520636C69656E7420736964652C3A
S214046C802069662074686520736572766572206470
S214046C906F65736E277420737570706F72742074CA
S214046CA068697320666561747572652E00426F6F3D
S214046CB06C65616E2076616C7565207475726E699C
S214046CC06E67206F6E20283129206F72206F6666EB
S214046CD020283029207468652070616765207265F5
S214046CE0717565737420666C61671F0053656E6406
S214046CF07320616E20696D61676520626C6F636BDB
S214046D00207265717565737420666F7220612066E3
S214046D10696C652074686520736572766572207385
S214046D20686F756C64206E6F7420686176652E20BB
S214046D302054657374206861726E657373206F6E79
S214046D406C79202874657374206361736520392E0A
S214046D50352E36202D204D697373696E672046697B
S214046D606C6529005072696E747320696E666F7262
S214046D706D6174696F6E206F6E207468652063752C
S214046D807272656E74207374617465206F66207405
S214046D906865204F544120636C69656E7420646F87
S214046DA0776E6C6F61642E0053746F707320746812
S214046DB065204F5441207374617465206D61636867
S214046DC0696E652E0053746172747320746865204E
S214046DD04F544120636C69656E74207374617465E6
S214046DE0206D616368696E652E205468652073742F
S214046DF0617465206D616368696E65206469736398
S214046E006F7665727320746865204F5441207365ED
S214046E10727665722C207175657269657320666F6B
S214046E2072206E657720696D616765732C20646FC8
S214046E30776E6C6F6164732074686520696D616732
S214046E40657320616E6420776169747320666F725F
S214046E50207468652073657276657220636F6D6D45
S214046E60616E6420746F20757067726164652E00AD
S214046E705072696E747320746865206D616E7566F1
S214046E80616374757265722049442C20496D61678C
S214046E906520547970652049442C20616E64205620
S214046EA0657273696F6E20696E666F726D61746960
S214046EB06F6E2074686174206172652075736564F2
S214046EC0207768656E2061207175657279206E651D
S214046ED0787420696D6167652069732073656E74C4
S214046EE020746F20746865207365727665722062FC
S214046EF0792074686520636C69656E742E0050652D
S214046F0072666F726D73207369676E6174757265ED
S214046F1020766572696669636174696F6E206F6E48
S214046F202074686520696D616765206174207468E3
S214046F30652073706563696669656420696E646557
S214046F40782E0054686520696E6465782061742024
S214046F50776869636820746F20626567696E207657
S214046F606572696669636174696F6E206F66207402
S214046F70686520696D6167651F00426F6F746C6F8A
S214046F806164732074686520696D61676520617447
S214046F902074686520737065636966696564206932
S214046FA06E6465782062792063616C6C696E672014
S214046FB0746865204F544120626F6F746C6F61640F
S214046FC02063616C6C6261636B2E00546865206993
S214046FD06E64657820617420776869636820746FCE
S214046FE020626567696E20626F6F746C6F61646996
S214046FF06E672074686520696D6167651F0050724E
S214047000696E747320696E666F2061626F75742092
S21404701074686520696E7374616C6C656420626F55
S2140470206F746C6F616465722E005375627472615E
S2140470306374732061206368616E6E656C2066728B
S2140470406F6D206569746865722074686520707257
S214047050696D617279206F72207365636F6E646107
S2140470607279206368616E6E656C206D61736B2047
S2140470706F6620746865206E6574776F726B2D7307
S21404708074656572696E6720636F6D706F6E656E8A
S214047090742E00546865206368616E6E656C206D9E
S2140470A061736B20746F20737562747261637420ED
S2140470B0746865206368616E6E656C2066726F6DB9
S2140470C01F546865206368616E6E656C20746F205B
S2140470D0737562747261637420746865206D61737D
S2140470E06B2066726F6D1F004164647320612063B9
S2140470F068616E6E656C20746F206569746865726D
S21404710020746865207072696D617279206F7220D0
S2140471107365636F6E64617279206368616E6E6511
S2140471206C206D61736B206F6620746865206E65D5
S21404713074776F726B2D7374656572696E672063FE
S2140471406F6D706F6E656E742E005468652063688C
S214047150616E6E656C206D61736B20746F20616464
S214047160642061206368616E6E656C20746F1F54C2
S2140471706865206368616E6E656C20746F20616458
S2140471806420746F20746865206D61736B1F0053F0
S2140471906574732065697468657220746865207008
S2140471A072696D617279206F72207365636F6E64A5
S2140471B0617279206368616E6E656C206D61736BB5
S2140471C02E00546865206368616E6E656C206D6180
S2140471D0736B20746F2073756274726163742074A9
S2140471E06865206368616E6E656C2066726F6D1FDD
S2140471F05468652076616C756520746F20736574B9
S21404720020746865206368616E6E656C206D6173BA
S2140472106B20746F2E1F005365747320746865208A
S2140472207072652D636F6E66696775726564206B30
S214047230657920736F207468617420746865206AA9
S2140472406F696E696E67206465766963652063613D
S2140472506E20656E74657220746865206E6574773A
S2140472606F726B2E00536574732074686520707299
S21404727065636F6E66696775726564206B65791FF2
S2140472800053746F707320746865206E6574776F2E
S214047290726B207374656572696E672070726F63B3
S2140472A06573732E0053746172747320746865205A
S2140472B06E6574776F726B207374656572696E673A
S2140472C02070726F636573732E0041206D61736B5B
S2140472D0206F66206F7074696F6E7320666F7220FD
S2140472E0696E6469636174696E6720737065636947
S2140472F0666963206265686176696F72207769746F
S21404730068696E20746865206E6574776F726B2D7D
S2140473107374656572696E672070726F63657373E4
S2140473202E1F00446973706C61797320746865203D
S21404733063757272656E7420737461747573206FEE
S2140473406620746865206E6574776F726B2073743C
S214047350656572696E672070726F636573732E005D
S214047360436C65617273207468652067726F75700C
S21404737073207461626C65206F6E20657665727921
S21404738020656E64706F696E74005072696E7473F3
S21404739020696E666F726D6174696F6E2061626FCC
S2140473A075742074686520636F6E74656E747320DC
S2140473B06F66207468652067726F757073207461D9
S2140473C0626C652E004172746966696369616C6CEF
S2140473D0792064726F70732074686520626C6F63C2
S2140473E06B206E756D62657220646566696E656491
S2140473F02062792074686520706173736564206107
S2140474007267756D656E74206F6E6C79206F6E632F
S214047410652C20616E64207468656E20616C6C6FE8
S21404742077732069742075706F6E2061207265749E
S21404743072792E0054686520626C6F636B206E75DB
S2140474406D62657220746F2061727469666963691F
S214047450616C6C792064726F7020746F20666F7232
S21404746063652061207265747279202D20736574BB
S21404747020746F203078464620746F2064697361E8
S214047480626C651F005365747320746865207265AA
S21404749063656976652077696E646F772073697AA9
S2140474A0652E2020427920646566696E6974696F6A
S2140474B06E20696E2074686520536D617274204571
S2140474C06E657267792070726F66696C6520697480
S2140474D0206D7573742062652073657420746F2044
S2140474E03120627574207468697320616C6C6F77E0
S2140474F07320697420746F206265206368616E6708
S21404750065642E00546865206D6178206E756D6222
S2140475106572206F662074686520626C6F636B7397
S214047520207265636569766564206265666F726558
S21404753020616E204150532061636B20697320677D
S214047540656E6572617465641F004D616B657320BA
S21404755074686973206E6F64652073746172742036
S2140475606964656E74696679696E67206173206103
S2140475702074617267657420666F722062696E6437
S214047580696E67207769746820616E20696E697415
S2140475906961746F72206E6F64652E00546865208E
S2140475A0656E64706F696E74206F6E2077686963A9
S2140475B06820746F20626567696E2074686520466B
S2140475C0696E64696E6720616E642042696E6469E0
S2140475D06E67207461726765742070726F6365737A
S2140475E0731F004D616B65732074686973206E6F3A
S2140475F064652073746172742074686520696E69AA
S214047600746961746F722070617274206F6620747E
S21404761068652066696E64696E6720616E642062C0
S214047620696E64696E672070726F636573732E008B
S21404763054686520656E64706F696E74206F6E2082
S214047640776869636820746F20626567696E207462
S21404765068652046696E64696E6720616E642042C0
S214047660696E64696E6720696E69746961746F72A5
S2140476702070726F636573731F00456E61626C657C
S2140476802F64697361626C65206465627567206047
S2140476906C656761637920617070206672616D65E0
S2140476A0776F726B20646562756760207072696EAE
S2140476B07420747970652E00456E61626C652F6463
S2140476C0697361626C651F00456E61626C652F6448
S2140476D0697361626C6520646562756720607A63AD
S2140476E06C60207072696E7420747970652E004523
S2140476F06E61626C652F64697361626C6520646593
S214047700627567206061707060207072696E7420A4
S214047710747970652E00456E61626C652F646973BA
S21404772061626C652064656275672060636F72656C
S21404773060207072696E7420747970652E00456ED0
S21404774061626C652F64697361626C65206465624E
S21404775075672060737461636B60207072696E7401
S21404776020747970652E0053656E647320612072F0
S21404777065717565737420666F72204F544120637B
S2140477806F756E746572732E00526573657473201C
S214047790616C6C207468726573686F6C64732076B1
S2140477A0616C75657320746F203078464646462EA5
S2140477B000536574732061207468726573686F6C17
S2140477C0642076616C756520666F72206120706136
S2140477D072746963756C61722074797065206F6663
S2140477E020636F756E7465722E0054797065206F11
S2140477F06620636F756E7465721F5468726573686D
S2140478006F6C642056616C75651F005072696E74E7
S2140478107320746865207468726573686F6C64732B
S214047820206F6620616C6C2074686520636F756ECB
S214047830746572732E00436C6561727320616C6CA0
S21404784020636F756E7465722076616C7565732E31
S214047850005072696E747320616C6C20636F756E71
S2140478607465722076616C7565732E005072696E4D
S2140478707473207468652076616C7565206F662065
S2140478807468697320706172746963756C617220C0
S214047890636F756E7465722E0054686520636F7529
S2140478A06E746572207479706520746F20707269C6
S2140478B06E741F005072696E747320616C6C206362
S2140478C06F756E7465722076616C75657320616E73
S2140478D06420636C65617273207468656D2E005352
S2140478E06574204D464720746F6B656E2C204341AB
S2140478F04E4E4F5420424520554E5345542042592F
S21404790020434C492E005072696E74204D46472021
S214047910746F6B656E2E005072696E7420616374AA
S214047920697665206576656E74732E0044697361A6
S214047930626C652074686520656E64706F696E7429
S21404794020666F72205A434C206D657373616765B9
S214047950732E00456E64706F696E7420696E64657C
S214047960781F00456E61626C6573207468652065D7
S2140479706E64706F696E7420666F72205A434C2072
S2140479806D657373616765732E005072696E74203B
S214047990737461747573206F6620656E64706F69A6
S2140479A06E74732E0053686F777320746865207640
S2140479B0657273696F6E206F662074686520736FD6
S2140479C06674776172652E0053657420746865204A
S2140479D0636F6E66696775726564203830322E315F
S2140479E0352E3420434341206D6F646520696E2034
S2140479F074686520726164696F2E2053656520641F
S214047A006F63756D656E746174696F6E20726567F9
S214047A10617264696E67205241494C5F4945454529
S214047A203830323135345F4363614D6F64655F745B
S214047A302E0041205241494C5F4945454538303275
S214047A403135345F4363614D6F64655F74207661DE
S214047A506C75651F0052657475726E7320505449B8
S214047A6020726164696F20636F6E66696720696E51
S214047A70666F726D6174696F6E20746F20646574CE
S214047A8065726D696E652074686520504859207467
S214047A90797065206265696E672075736564206217
S214047AA079205241494C2E2072657475726E207688
S214047AB0616C756520697320656E756D2052414949
S214047AC04C5F494545453830323135345F5074692A
S214047AD0526164696F436F6E6669675F7420652ED2
S214047AE06720205241494C5F49454545383032317C
S214047AF035345F5054495F524144494F5F434F4EBB
S214047B004649475F32503447485A203D2030783043
S214047B103055205241494C5F49454545383032314D
S214047B2035345F5054495F524144494F5F434F4E8A
S214047B304649475F32503447485A5F414E54444999
S214047B4056203D203078303155205241494C5F490B
S214047B504545453830323135345F5054495F5241DB
S214047B6044494F5F434F4E4649475F325034474877
S214047B705A5F434F4558203D2030783032552052C6
S214047B8041494C5F494545453830323135345F50BC
S214047B9054495F524144494F5F434F4E4649475FFD
S214047BA032503447485A5F414E544449565F434F17
S214047BB04558203D2030783033550053656E647345
S214047BC020612072656164206174747220666F722D
S214047BD0207468652074696D65206F662074686516
S214047BE02064657669636520737065636966696594
S214047BF0642E2049742073657473206120666C615A
S214047C006720736F207768656E20697420676574D3
S214047C10732074686520726573706F6E736520696F
S214047C207420777269746573207468652074696D4E
S214047C306520746F20697473206F776E2074696D85
S214047C406520617474722E0049641F737263456EF6
S214047C5064706F696E741F64657374456E64706FC8
S214047C60696E741F005768656E2073656E64696E6E
S214047C7067207573696E6720612062696E64696E39
S214047C80672C207370656369666965732077686519
S214047C90746865722061206D756C746963617374B1
S214047CA02062696E64696E672073686F756C642001
S214047CB0626520757365642E007573654D756C7406
S214047CC0696361737442696E64696E671F00536505
S214047CD06E64732061207072652D627566666572C7
S214047CE06564206D756C746963617374206D657367
S214047CF07361676520746F206120676976656E20FE
S214047D0067726F75702049442066726F6D2061201B
S214047D10676976656E20656E64706F696E742E0092
S214047D2067726F757049641F7372632D656E647035
S214047D306F696E741F0043726561746573206120F9
S214047D406D65737361676520627920737065636916
S214047D506679696E67207468652072617720627937
S214047D607465732E20557365207468652073656E7C
S214047D706420636F6D6D616E6420746F2073656E2E
S214047D806420746865206D657373616765206F6E23
S214047D90636520697420686173206265656E20637C
S214047DA07265617465642E2045783A207261772086
S214047DB0307830303046207B303020304120303030
S214047DC02031312032322033332034342035357D8F
S214047DD02073656E64732061206D657373616765D7
S214047DE020746F20636C7573746572203135202897
S214047DF030783030304629206F66206C656E6774A4
S214047E0068203820776869636820696E636C7564D7
S214047E10657320746865205A434C20686561646500
S214047E20722E00436C757374657249641F446174E2
S214047E30611F0052657365747320746865206E6FE5
S214047E4064652E005772697465732061206D6573CE
S214047E50736167652E00456E64706F696E741F43A8
S214047E606C75737465722049441F41747472696238
S214047E707574652049441F4D61736B1F44617461BA
S214047E8020747970651F4461746120627974651F7B
S214047E900052656164732061206D65737361676564
S214047EA02E00456E64706F696E741F436C75737430
S214047EB065722049441F4174747269627574652042
S214047EC049441F31206966207365727665722064A2
S214047ED06972656374696F6E2C203020696620634E
S214047EE06C69656E7420646972656374696F6E1F6D
S214047EF00053656E64732061206D657373616765F6
S214047F002E0044657374696E6174696F6E1F536FD7
S214047F107572636520656E64706F696E741F446560
S214047F207374696E6174696F6E20656E64706F69D0
S214047F306E741F00536F7572636520656E64706F90
S214047F40696E741F004C697374732077686963687C
S214047F50206F7074696F6E616C206C6962726172F6
S214047F60696573206F662074686520737461636B3B
S214047F702061726520696D706C656D656E746564EC
S214047F80206F6E2074686973206465766963652E55
S214047F90005072696E747320696E666F726D6174D8
S214047FA0696F6E2061626F757420746865206E65F3
S214047FB074776F726B2073746174652C20636C75B0
S214047FC073746572732C20616E6420656E64706FC2
S214047FD0696E74732E006F66667365741F00507244
S214047FE0696E747320696E666F726D6174696F6E04
S214047FF020666F7220616C6C20617661696C6162C8
S2140480006C6520736C6F74732E0052656164732004
S21404801072617720646174612066726F6D20666C8D
S2140480206173682073746F726167652E00416464BF
S2140480307265737320746F20726561641F4E756D6C
S214048040626572206F6620627974657320746F208F
S214048050726561641F005072696E747320666C6189
S21404806073682073746F7261676520696E666F72D9
S2140480706D6174696F6E2E0045726173657320744A
S21404808068652073706563696669656420736C6FE0
S214048090742049442E0053746F7261676520736CB4
S2140480A06F74206E756D6265721F00426F6F747315
S2140480B02074686520696D61676520696E20746840
S2140480C0652073706563696669656420736C6F7494
S2140480D02049442E00434C4920696E7374616E63D4
S2140480E065206578616D706C650064756D6D795F8B
S2140480F0696E7374005A434C20636F6D6D616E64D1
S2140481007300626173696300676C6F62616C006D13
S21404811066672D636F6465007573652D6E65787488
S2140481202D73657175656E636500782D646566618B
S214048130756C742D7265737000746573742D726536
S21404814073706F6E73652D6F6E00746573742D7225
S2140481506573706F6E73652D6F6666005A434C20A8
S214048160626173696320636C757374657220636FF0
S2140481706D6D616E6473007274666400436F6D6D3A
S214048180616E64207468617420726573657473200C
S214048190616C6C20617474726962757465207661B2
S2140481A06C75657320746F20666163746F727920D2
S2140481B064656661756C742E005241494C006C6FA0
S2140481C07765722D6D61632D7261696C2D3830325E
S2140481D02E31352E342E63006C69627261696C2E02
S2140481E06100756E636C61696D65640062756666D0
S2140481F065722D6D616E6167656D656E742E6300C4
S2140482006576656E742D71756575652E63007A697D
S214048210676265652D75707065722D6D61632E637A
S214048220006E65696768626F722E63006173736FB0
S21404823063696174696F6E2E63003138323173007E
S214048240313432323100313231003273003132325D
S2140482503131320031323231310032383100383186
S214048260310031383231310031323131313231324C
S21404827032323173003132320031323131323231FE
S21404828000313131310032323800726F7574652D29
S2140482907461626C652E63006D61632D6D756C741C
S2140482A0692D6E6574776F726B2E63006C656761FB
S2140482B063792D7061636B65742D6275666665728D
S2140482C02E6300000102030E312E312E322D343976
S2140482D032643835633101000100020303000600EE
S2140482E0000000000300000013B779FAC925DDB7C3
S2140482F0ADF3CFE0F1B614B80102000000000000B0
S214048300FFFFFFFF01000000010000000000000066
S2140483100000000000000000000000000000000054
S2140483200000000000000000000000000000000044
S2140483300000000000000000033F1F00BD450300CE
S214048340B94503009745030065450300F54503005A
S214048350C7450300674503002C0000000202020321
S2140483600000000001020000000801B410840400AC
S2140483700008015ACC8304000008004088830400E7
S21404838000000000000000000000FCFEFFFF0000EC
S21404839000000000FFFF000000000000FFFF0000D8
S2140483A000000000FFFF0000000000004000180668
S2140483B0F4D200002C00B0023DBE00001700F2000C
S2140483C00C7C00000C0041009E4200006400FCFE91
S2140483D0FFFF000000000000FFFF00000000000098
S2140483E05A00F306A554FEFF2100A301A1FEFFFFD9
S2140483F01100A600832700000A006100DC260000A6
S21404840006003B00F820000003001500AD13000032
S214048410C800FCFEB4008B087BC0FBFF4D00E402E2
S214048420E756FFFF2C00A20183EBFFFF1A000301AF
S214048430B31A00001100A300552900000A005E00CC
S2140484405A28000006003A00212200000400180002
S21404845073160000B939040076EE030076EE0300C6
S21404846076EE030076EE030076EE030076EE030067
S21404847076EE030076EE030076EE030076EE030057
S21404848076EE030076EE030076EE030076EE030047
S21404849076EE030076EE030076EE030076EE030037
S2140484A076EE030076EE030076EE030076EE030027
S2140484B076EE030076EE030076EE030076EE030017
S2140484C076EE030084EE030076EE030099EE0300D6
S2140484D076EE030076EE0300BEEE030076EE0300AF
S2140484E076EE030076EE030076EE0300E6EE030077
S2140484F076EE030076EE030076EE030076EE0300D7
S214048500FEEE030076EE03001CEF03000B000000F3
S2140485100B00000002000000000020200000000005
S214048520030000008C8C3C000000000000000000EB
S21404853000000000000000581200000000000000C8
S214048540FFFFFFFFFFFFFFFF554E4B00474F200086
S21404855042544C00474F3200474F3300474F3400D5
S214048560474F3500474F3600474F3700474F3800D0
S214048570474F3900474F4100474F4200474F43009B
S214048580474F4400474F4500474F46004A4D50006A
S214048590424452005550520042544D004D534D0033
S2140485A046544C00554E4B00474F200042544C0056
S2140485B04241440046544C00465243004F54410046
S2140485C044534C004241500055504700544D45001A
S2140485D046415500545A4600554E4B0050494E00ED
S2140485E0454D3400554E4B0048562000554E4B0022
S2140485F0455850004C574D00554E4B0052425400BF
S21404860044534C00454D3400554E4B0041535400E2
S214048610554E4B0056465900494E4800554E4B00A1
S2140486204C434B0058544C004F424600554E4B00AA
S214048630485244004D454D0042555300555347009B
S21404864044424700444D410056435400554E4B00A7
S2140486505550200052502000415030004150310007
S21404866041502000445020004445430048850400FF
S2140486704C850400A4850400D8850400E485040021
S214048680EC850400F88504000886040010860400BF
S2140486901C8604002C8604004C860400554E4B00B1
S2140486A04649420042544C00455854005057520024
S2140486B0574447002053570043525300465348003C
S2140486C042414400464C540042524F000104010308
S2140486D003060105010501090600060B0000070B49
S2140486E0050B000000000000000000000400E40C7D
S2140486F00A00010410010000000500020000030047
S2140487008889040084890400708904006C89040044
S21404871068890400648904005289040042890400BC
S214048720288904002089040016890400148904009A
S214048730FC880400F9880400F1880400E08804003A
S214048740D0880400BE880400A48804009C88040022
S214048750908804008C880400888804007A880400C2
S2140487606F880400568804003D880400E1870400EE
S214048770E0870400D0870400A88704009D870400CF
S2140487809C870400888704000000000000000000A6
S2140487900000000000000000000000000F000000C1
S2140487A000000000000000000000000000000000C0
S2140487B000000000000000000000000000000000B0
S2140487C000000000000000000000000000000000A0
S2140487D0010000000000000000000000000000008F
S2140487E00F00000000000000000000000000000071
S2140487F00000000000000000000000000000000070
S214048800000000000000000000000000000000005F
S214048810000000000000000000000000000000004F
S214048820000000000000000000000000000000003F
S214048830000000000000000000000000000000002F
S214048840000000000000000000000000000000001F
S214048850000000000000000000000000000000000F
S21404886000000000000000000000000000000000FF
S21404887000000000000000000000000000000000EF
S21404888000000000000000000000000000000000DF
S214048890FFFFFFFFFFFFFFFFFFFF000000000000D9
S2140488A000000000000000000000000000000000BF
S2140488B000000000000000000000000000000000AF
S2140488C0000000000000000000000000000000009F
S2140488D0000000000000000000000000000000008F
S2140488E0000000000000000000000000000000007F
S2140488F000FFFFFFFFFFFFFFFF9C0000FF000000DC
S214048900000000000000000000000000000000005E
S214048910800000000000FFFFFFFFFFFFFFFFFFFFD8
S21404892000000000FFFF0000000000000000000040
S214048930000000000000000000000000000000002E
S2140489400000FFFFFF000000000000000000000021
S214048950000000000000000000000000000000000E
S21404896000000000000000000000000000000000FE
S21404897000000000000000000000000000000000EE
S2140489800000000000000000FC03010101010101D9
S21404899001010101010101010100000000000001C4
S2140489A00020060000000601010000200204110455
S2140489B0040211101A080A021801081110111A08E4
S2140489C00A04020D0B19195C0110280B011400008F
S2140489D0000000000000000000000000000101018B
S2140489E00101010001010101010101000001010171
S2140489F0000100010100000000000000000000006B
S214048A00000000000001000000000000000000005C
S214048A100000000001FF010023E1010075E40100ED
S214048A2063E2010063E5010062E1010079EB010005
S214048A3064EE010024E1010025E1010026E10100C5
S214048A4027E1010028E1010029E101002AE10100F3
S214048A500000010080000100000101008001010007
S214048A60000201008002010020E201000003010070
S214048A700005010080050100000601002C890100A4
S214048A80800601000007010001E5010002E501007F
S214048A900008010080080100004001008632101022
S214048AA0FFFFFFFFFFFFFFFFA3F70300A9F7030085
S214048AB0AFF70300B5F70300BBF703005A69674234
S214048AC06565416C6C69616E636530394E574B2041
S214048AD05374656572696E6700009596959595055D
S214048AE007090D0000000000000102030406000050
S214048AF0E70D0400822104009C210400B321040035
S214048B00C6210400D6210400EA210400FC21040046
S214048B100C220400282204003D2204000208010D51
S214048B200D01010112010000FFFFFFFFFFFFFFFF21
S214048B30000000000000000001090501000200001A
S214048B40000000031EF1EE0B588B0400782E040080
S214048B50B9390400FE000000942E0400B88C04000A
S214048B60000000009E2E0400A88C040000000000F4
S214048B70AB2E0400988C040000000000B82E0400FD
S214048B80888C040000000000D62E0400748C0400B8
S214048B9000000000CE2E0400608C040000000000DC
S214048BA0D52E04004C8C040000000000E32E0400C4
S214048BB03C8C040000000000552D0400288C0400A2
S214048BC000000000DC2E0400188C040000000000E6
S214048BD0E82E0400048C040000000000D4F5030012
S214048BE0F48B0400000000000000000000000000F9
S214048BF000000000735C0300F92E0400362F040006
S214048C00010100FF7DDC00005F2F0400A42F040098
S214048C10010100010107FF0039DC0000F12F040008
S214048C205C300400010100FF79DB00007D300400A5
S214048C309630040000010100FF000000855C03007C
S214048C40BB300400133104000101FF006D5C030017
S214048C502A3104008131040001010207FF000000EC
S214048C60675C03002A310400813104000101020715
S214048C70FF000000615C03002A3104008131040017
S214048C8001010207FF0000002DDB0000A2310400F2
S214048C90E1310400010101FFCDDA000000320400D6
S214048CA045320400010000FF89DA000000320400A7
S214048CB045320400010000FF11DB00006C320400A2
S214048CC07230040000FF00005B5C0300C132040045
S214048CD0FC5D0400FF000000555C03003433040010
S214048CE0FC5D0400FF00000069DA0000A333040002
S214048CF01834040000FF000041DA00003034040099
S214048D009234040000FF0000475C0300A334040010
S214048D10E934040002FF000009DA0000F23404001B
S214048D206635040001FF0000DF350400C235040088
S214048D30D1350400DD350400EE35040004360400A5
S214048D401A360400243604002E3604000000000000
S214048D5032390400110000003E39040012000000FD
S214048D6046390400130000004E39040021000000B8
S214048D7056390400220000005D3904002300000078
S214048D8064390400AA0000006B390400FF000000E8
S214048D9000000000FFFFFFFFFFFFFFFF00000000D2
S214048DA000000000000001080109020A030B040C7D
S214048DB0050D060E070F081001180119021A031BE9
S214048DC0041C051D061E071F08200121022203237A
S214048DD0042405250626072708280129022A032B2A
S214048DE0042C052D062E072F0830013102320338D5
S214048DF00239043A08E004E104E204E802E902EA7B
S214048E0004F008F110000000000000000205000055
S214048E10708E040002000F00988E040002000F00FB
S214048E20C08E040002000F00E88E040002000F004B
S214048E30108F040002000F00388F040002000F0099
S214048E40608F040002000F00888F040002000F00E9
S214048E50B08F040002000F00D88F040002000F0039
S214048E600090040002000F002890040002000F0087
S214048E7000000000509004000300000040000000C2
S214048E8000000000190000007490040004000F00A5
S214048E908000000000000000000000005090040065
S214048EA0030000004000000000000000190000005D
S214048EB07490040004000F0080000000000000000E
S214048EC00000000050900400030000004000000072
S214048ED000000000190000007490040004000F0055
S214048EE08000000000000000000000005090040015
S214048EF0030000004000000000000000190000000D
S214048F007490040004000F008000000000000000BD
S214048F100000000050900400030000004000000021
S214048F2000000000190000007490040004000F0004
S214048F3080000000000000000000000050900400C4
S214048F4003000000400000000000000019000000BC
S214048F507490040004000F0080000000000000006D
S214048F6000000000509004000300000040000000D1
S214048F7000000000190000007490040004000F00B4
S214048F808000000000000000000000005090040074
S214048F90030000004000000000000000190000006C
S214048FA07490040004000F0080000000000000001D
S214048FB00000000050900400030000004000000081
S214048FC000000000190000007490040004000F0064
S214048FD08000000000000000000000005090040024
S214048FE0030000004000000000000000190000001C
S214048FF07490040004000F008000000000000000CD
S2140490000000000050900400030000004000000030
S21404901000000000190000007490040004000F0013
S21404902080000000000000000000000050900400D3
S21404903003000000400000000000000019000000CB
S2140490407490040004000F0080000000000000007C
S2140490500000200120000000080000000400422157
S21404906030000000E890040000FF420030000000DA
S214049070000000000000F008400000000991040011
S2140490800100230440000000119104000600300192
S2140490904000000000000000FDFF21024000000028
S2140490A0010000001900000419000101190002045F
S2140490B01900030119000504190006011900070424
S2140490C0040041003DF7000006004100F56403007B
S2140490D0190081002D14010019008400B91E010036
S2140490E0008000000000000006435553544F4D0016
S2140490F00000000000000000000000000000000067
S214049100000000000000000000FFFFFFFFFFFFFF5D
S214049110FFFFFFFFFF000401040104010401040132
S2140491200401040104010401040104010401FFFF15
S214049130FFFFFFFFFFFFFFFFFFFFFFFFFFFFFFFF36
S214049140FFFFFFFFFFFF00010203040506070809EF
S2140491500A0B1F1C1F1E1F1E1F1F1E1F1E1F07027B
S2140491601F012F0037013F005701DF02E700FF020F
S21404917000000000000000000000000000000000E6
S21404918000000000000000000000000000000000D6
S21404919000000000D13F040019000000D73F04007F
S2140491A0FFFF000000000000A2400400AD400400E1
S2140491B0B9390400B5400400C3400400B9390400BA
S2140491C0D6400400E1400400EF400400F3400400ED
S2140491D003410400EF0E0400134104001741040089
S2140491E0224104002C410400364104003A410400A4
S2140491F0484104005C410400724104000080000001
S214049200000000000000000000000000FFFFFFFF59
S214049210FF00000000000000A1A301000000000001
S214049220000000000000F03F0000000000002440A2
S21404923000000000000059400000000000408F407D
S214049240000000000088C34000000000006AF840E8
S2140492500000000080842E4100000000D01263410C
S2140492600000000084D797410000000065CDCD4182
S2140492706812040060A8040000000000984A040075
S21404928050A80400000000009D4A040040A8040002
S214049290000000009E4A040030A8040000000000FD
S2140492A0E32E04001CA8040000000000D62E0400D0
S2140492B008A8040000000000A34A0400F8A704005D
S2140492C000000000A94A0400E8A70400000000000B
S2140492D0AD4A0400D8A7040000000000BC4A0400FD
S2140492E0C8A7040000000000D94A0400B8A7040078
S2140492F000000000E24A0400A8A7040000000000E2
S214049300F74A040098A70400000000002A2004007E
S21404931088A7040000000000074B040048A70400C8
S21404932000000000FE4E0400D49E0400000000006E
S214049330BA3E0400949E0400000000000E4B040095
S214049340D49D040000000000174B0400D89C0400C1
S21404935000000000244B0400CC9804000000000029
S21404936040410400A4970400000000002B4B0400B6
S214049370A4970400010000002F4B04006497040027
S21404938000000000344B040028960400000000008F
S21404939068EF03002896040001000000244B040034
S2140493A0CC980400000000003B4B0400CC9804005A
S2140493B001000000404B0400F49504000000000087
S2140493C04A4B0400F495040001000000524B0400CC
S2140493D02494040000000000D9F60300F09304006F
S2140493E00000000000000000000000000000000074
S2140493F000940400564B0400B9390400FE00000033
S2140494006E4B04007C9F040000000000D34F040051
S2140494106C9F040000000000000000000000000034
S2140494200000000034940400734B0400B9390400AF
S214049430FE000000894B0400FCA0040000000000AD
S2140494408F4B0400ECA0040000000000954B0400C1
S214049450DCA00400000000009E4B0400CCA0040026
S214049460000000001AF40300BCA004000000000082
S21404947024F2030084A00400000000002BFB030079
S21404948070A0040000000000A84B040060A00400C4
S2140494900000000018F7030050A0040000000000BD
S2140494A0AD4B040040A0040000000000B44B0400D0
S2140494B030A0040000000000B94B040020A0040003
S2140494C000000000BD4B0400C0950400000000002E
S2140494D0C44B04006895040000000000CC4B040054
S2140494E03495040000000000D84B040000950400E6
S2140494F00000000000000000000000000000000063
S21404950010950400E34B0400B9390400FE00000083
S214049510630904009C9F0400000000001436040045
S2140495208C9F040000000000000000000000000003
S2140495300000000044950400044C0400B9390400FB
S214049540FE00000063090400BC9F04000000000045
S21404955014360400AC9F0400000000000000000065
S214049560000000000000000078950400264C04006B
S214049570B9390400FE000000444C04000CA00400AA
S2140495800000000022510400FC9F040000000000BC
S214049590534C0400EC9F040000000000584C0400E8
S2140495A0DC9F0400000000005F4C0400CC9F040015
S2140495B000000000000000000000000000000000A2
S2140495C0D0950400644C0400B9390400FE00000081
S2140495D025090400A8A0040000000000814C040033
S2140495E094A004000000000000000000000000003A
S2140495F00000000004960400894C0400B9390400F5
S214049600FE000000A54C04003CA10400000000007D
S214049610404104002CA104000000000000000000EB
S214049620000000000000000038960400AA4C040065
S214049630B9390400FE000000C34C0400ECA1040089
S21404964000000000E6050400DCA1040000000000A1
S214049650CC4C0400CCA1040000000000A54C04007F
S2140496601CA1040000000000D14C04000CA104005E
S21404967000000000DE4C04002497040000000000F4
S214049680EC4C0400F096040000000000FA4C0400C1
S214049690B0960400000000000E4B0400D49D0400A5
S2140496A000000000000000000000000000000000B1
S2140496B0C0960400034D0400B9390400FE000000FF
S2140496C047810400BCA10400000000005881040087
S2140496D0ACA1040000000000171A04009CA10400BA
S2140496E00000000000000000000000000000000071
S2140496F000970400214D0400B9390400FE00000060
S2140497004B4D04000CA2040000000000C83B0400FB
S214049710FCA104000000000000000000000000009F
S2140497200000000034970400524D0400B9390400C8
S214049730FE000000D9F6030040A20400000000006A
S2140497401436040030A20400000000002251040075
S2140497501CA204000000000000000000000000003E
S2140497600000000074970400724D0400B939040028
S214049770FE000000D9F6030070A2040000000000FA
S214049780924D040060A20400000000001436040099
S21404979050A20400000000000000000000000000CA
S2140497A000000000B4970400994D0400B939040081
S2140497B0FE000000B34D0400A4A304000000000053
S2140497C0CC35040094A3040000000000E64D040019
S2140497D084A30400000000001AF4030074A3040029
S2140497E000000000E735040064A304000000000045
S2140497F0B84D040054A3040000000000D04D04003B
S21404980044A3040000000000D94D040034A304005F
S21404981000000000E04D040024A304000000000043
S214049820EC4D0400F4A204000000000022510400E1
S214049830E4A2040000000000FB4D0400D4A20400CF
S21404984000000000D61A0400C4A2040000000000B1
S214049850004E0400B4A2040000000000174E0400EA
S214049860A4A20400000000002B4E040090A20400F2
S214049870000000003B4E040080A20400000000002C
S2140498804A4E0400989804000000000000000000FF
S2140498900000000000000000A89804004F4E0400DA
S2140498A0B9390400FE000000664E040014A3040048
S2140498B0000000006F4E040004A304000000000033
S2140498C0000000000000000000000000DC98040017
S2140498D0B9390400B9390400FE000000764E0400CD
S2140498E0149F040000000000834E0400589D0400EA
S2140498F0000000008C4E0400A49C0400000000003D
S2140499009A4E0400709C040000000000A84E040058
S2140499103C9C040000000000B64E0400A49B040017
S21404992000000000C74E04007C9B040000000000FA
S214049930D44E0400DC9A040000000000DF4E04004D
S214049940849A040000000000F24E04005C9A0400AE
S21404995000000000C72D0400F89904000000000071
S214049960054F0400B899040000000000104F0400DE
S21404997084990400000000000000000000000000BD
S2140499800000000094990400234F0400B939040031
S214049990FE000000474F0400C4A3040000000000BB
S2140499A04D4F0400B4A304000000000000000000B3
S2140499B00000000000000000C8990400514F040095
S2140499C0B9390400FE000000D30A0400F4A304001E
S2140499D000000000834F0400E4A30400000000001D
S2140499E08F4F0400D4A30400000000000000000011
S2140499F00000000000000000089A0400A54F0400C0
S214049A00B9390400FE000000D9F6030058A4040087
S214049A10000000001436040048A4040000000000FF
S214049A20C12A040038A404000000000063090400EE
S214049A3024A4040000000000C14F040014A4040081
S214049A4000000000D84F040004A404000000000036
S214049A500000000000000000000000006C9A0400F3
S214049A60E44F0400B9390400FE0000000950040065
S214049A7068A40400000000000000000000000000CD
S214049A8000000000949A04000E500400B939040043
S214049A90FE00000032500400B8A4040000000000D9
S214049AA0924D0400A8A40400000000003E500400E8
S214049AB098A40400000000004550040088A4040094
S214049AC0000000005250040078A4040000000000C7
S214049AD0000000000000000000000000EC9A0400F3
S214049AE05D500400B9390400FE000000CB4E0400AB
S214049AF068A50400000000007A50040058A504007D
S214049B00000000006812040048A5040000000000DD
S214049B109621040038A5040000000000454E040009
S214049B2028A5040000000000D30A040018A50400B9
S214049B30000000008150040008A504000000000096
S214049B408C500400F8A4040000000000995004009F
S214049B50E8A4040000000000A9500400D8A40400EF
S214049B6000000000BC500400C8A40400000000006C
S214049B700000000000000000000000008C9B0400B1
S214049B80CE500400B9390400FE0000006812040038
S214049B9078A504000000000000000000000000009B
S214049BA000000000B49B0400EC500400B939040023
S214049BB0FE000000D30A0400E8A50400000000002C
S214049BC096210400D8A5040000000000454E0400B9
S214049BD0C8A50400000000000F510400B8A5040046
S214049BE0000000004E4C0400FC9B04000000000033
S214049BF00000000000000000000000000C9C0400B0
S214049C0026510400B9390400FE0000002251040065
S214049C10A8A50400000000006309040098A5040039
S214049C20000000003C51040088A504000000000069
S214049C300000000000000000000000004C9C04002F
S214049C4045510400B9390400FE000000D9F60300AB
S214049C5008A604000000000014360400F8A504005A
S214049C6000000000000000000000000000000000EB
S214049C70809C040065510400B9390400FE0000000D
S214049C808551040028A60400000000009851040032
S214049C9018A60400000000000000000000000000F9
S214049CA000000000B49C0400AE510400B93904005E
S214049CB0FE000000CE51040048A604000000000088
S214049CC0E605040038A604000000000000000000BA
S214049CD00000000000000000E89C0400B9390400FD
S214049CE0B9390400FE000000D8510400009D0400A9
S214049CF0000000000000000000000000000000005B
S214049D00109D0400B9390400B9390400FE000000AF
S214049D10E451040098A60400000000003141040049
S214049D2088A6040000000000EA51040078A6040097
S214049D3000000000EE51040068A6040000000000C5
S214049D40F251040058A604000000000000000000C1
S214049D500000000000000000689D04000252040099
S214049D60B9390400FE000000D9F6030018A7040061
S214049D70000000001D52040008A7040000000000B4
S214049D8030520400F8A60400000000001436040054
S214049D90E8A60400000000003D520400D8A6040013
S214049DA0000000004E520400C8A604000000000094
S214049DB05C520400B8A60400000000006D520400C3
S214049DC0A8A6040000000000000000000000000038
S214049DD000000000E49D04007A520400B93904002F
S214049DE0FE000000945204006CA104000000000071
S214049DF0C75204005CA104000000000002530400E3
S214049E004CA104000000000019530400609E0400E6
S214049E1000000000235304002C9E040000000000F1
S214049E200000000000000000000000003C9E04004B
S214049E3027530400B9390400FE00000047810400DB
S214049E408CA1040000000000588104007CA10400DA
S214049E5000000000000000000000000000000000F9
S214049E60709E040046530400B9390400FE00000046
S214049E70FE05040038A70400000000002251040078
S214049E8028A70400000000000000000000000000F6
S214049E9000000000A49E040059530400B9390400CD
S214049EA0FE000000D9F6030078A7040000000000B6
S214049EB04B4D040068A7040000000000C83B0400E3
S214049EC058A7040000000000000000000000000086
S214049ED000000000E49E040074530400B939040032
S214049EE0FE0000005250040090A804000000000089
S214049EF0D30A040080A804000000000068120400CE
S214049F0070A804000000000000000000000000002C
S214049F1000000000249F040094530400B939040090
S214049F20FE000000B2530400E0A804000000000095
S214049F30BC530400D0A8040000000000C75304006B
S214049F40C0A8040000000000E32E0400B0A804002B
S214049F5000000000D6530400A0A80400000000007F
S214049F60000000000000000000000000395C030050
S214049F70E1530400B9390400FF000000355C030017
S214049F80EE530400B9390400FF0000007DE1000030
S214049F9000540400B9390400FF00000019E1000071
S214049FA02D540400F55B040001FF00007DE1000071
S214049FB06D540400B9390400FF00000019E10000E4
S214049FC09B540400F55B040001FF0000B1E10000AF
S214049FD0DC540400FD54040000FF0000B1E100005E
S214049FE006550400635504000000FF002DE200003F
S214049FF0715504008A550400010001FF99E200002F
S21404A000AF550400F15504000102FF002DE20000E4
S21404A010075604003656040001000102FF00000043
S21404A020A9DF000067560400A356040007FF0000DB
S21404A030C9DF0000A9560400DC56040001FF000036
S21404A040DDDF0000E4560400345704000100FF007E
S21404A05039E00000495704009A5704000101FF0044
S21404A0600DE00000AA570400E457040001FF0000B6
S21404A0708DE00000EC570400355804000100000190
S21404A0800707FF00C9E2000087580400DC560400F6
S21404A09001FF0000C9E30000CF5804001359040070
S21404A0A0010700010700FF00975C030068590400DD
S21404A0B0AE5904000107000101FF000051E300004F
S21404A0C0EA590400255A0400010000FF21E30000B9
S21404A0D0435A0400875A04000100FF00F1E200001E
S21404A0E09A5A0400875A04000100FF0099E300000E
S21404A0F0D95A0400E457040001FF000009E40000F4
S21404A100145B0400455B04000100FF0039CD000029
S21404A110B9390400535B0400000707FFDDCC0000D8
S21404A120B93904006C5B0400000707FFE9D100009E
S21404A130B9390400785B040007FF0000E9D1000089
S21404A140B9390400785B040007FF0000E95B0300EC
S21404A150B93904007D5B04000000FF00C5D100008F
S21404A160B9390400F731040001FF00008DD1000066
S21404A170B9390400B55B040000FF0000BDCC000044
S21404A180B9390400B9390400FF000000BDCC000052
S21404A190B9390400B9390400FF000000BF5B0300AE
S21404A1A0B9390400B9390400FF000000BF5B03009E
S21404A1B0B9390400B9390400FF000000BF5B03008E
S21404A1C0B9390400B9390400FF0000008DCC000042
S21404A1D0B9390400EB5B04000101FF0079CC0000F0
S21404A1E0B9390400005C040001FF0000BB5B0300F7
S21404A1F0B9390400B9390400FF00000041CC00005E
S21404A200294D0400B9390400FF00000041CC0000C9
S21404A2100A5C0400B9390400FF000000C1CD000048
S21404A2202B5C0400425C04000001000007FF0000F1
S21404A230B75B0300685C0400B9390400FF00000043
S21404A2403DCB0000825C0400B9390400FF00000026
S21404A250315C0300B05C0400B9390400FF00000060
S21404A260235C0300CA5C04004C5B040000FF00008F
S21404A270BDD40000EF5C0400B9390400FF00000000
S21404A28011CA0000095D0400B9390400FF0000008B
S21404A290A5C900002C5D0400A95D0400000003109D
S21404A2A0FF00000081CA0000FE5D04006C5E04002E
S21404A2B001FF000055CA0000815E0400C45E04006D
S21404A2C000FF000069C90000D55E0400B939040027
S21404A2D0FF000000B55B0300045F0400B939040006
S21404A2E0FF00000045C90000505F04004C5B0400FA
S21404A2F000FF000011C9000091600400E66004003D
S21404A30000FF0000F5C8000000610400B93904002D
S21404A310FF000000D9C8000010610400B939040029
S21404A320FF000000A55B030024610400A261040092
S21404A33000FF0000A9C800002D620400B93904001B
S21404A340FF00000065C800004A620400756204004D
S21404A35007FF000025C800007F620400D8620400DE
S21404A360000500FFDDC700008B6304009E63040045
S21404A3700002FF00B9C70000CD630400B939040029
S21404A380FF000000A55B0300DF63040019640400FB
S21404A39000FF00004DC700009F640400E56404004D
S21404A3A0000301FF3DC7000085650400CB6504007B
S21404A3B0000301FF313D01006B660400B939040057
S21404A3C0FF000000B7680300936604000E670400ED
S21404A3D002FF0000E9E7000063670400FC5D040078
S21404A3E000FF0000B5E700008B670400FC5D040076
S21404A3F000FF000065E70000A4670400B939040004
S21404A400FF0000003D2F0100BD670400B9390400B9
S21404A410FF000000152F01000A680400B939040083
S21404A420FF000000A12E0100356804005B680400EC
S21404A43000010100010102FF792E0100DA6904001F
S21404A440026A040000FF0000592E0100296A040075
S21404A450B9390400FF000000A12D0100536A04006E
S21404A460B9390400FF000000896703006C6A040021
S21404A470B9390400FF00000071220100926A04004A
S21404A480C36A04000002FF00EB650300206B0400AF
S21404A490B9390400FF000000E76503004D6B0400B3
S21404A4A0B9390400FF00000025220100686B04008F
S21404A4B0926B040000FF0000E51F0100C26B04005D
S21404A4C0B9390400FF000000610B0100D56B0400DD
S21404A4D0B9390400FF000000490B0100ED6B0400CD
S21404A4E0B9390400FF00000063650300066C04002D
S21404A4F0B9390400FF0000004F650300336C040004
S21404A500AD6C040000FF0000F11E0100EC6C0400BA
S21404A510B9390400FF000000E11D0100646D040069
S21404A520B9390400FF000000050A0100A86D040004
S21404A530B9390400FF000000E9090100C56D0400F4
S21404A540B9390400FF000000610A0100706E0400BF
S21404A550B9390400FF000000550A0100FE6E04002D
S21404A560436F040000FF0000210A01007A6F040014
S21404A570CB6F040000FF00004D080100FE6F0400CE
S21404A580B9390400FF000000E5FC00002A7004004E
S21404A590937004000000FF00E5FC0000E87004006F
S21404A5A04A7104000000FF0085FD00008F7104005E
S21404A5B0C27104000002FF00BD64030017720400A9
S21404A5C06572040007FF0000B9FE000081720400F3
S21404A5D0B9390400FF000000CDFC0000A572040099
S21404A5E0CA72040000FF0000D9FD000023730400B3
S21404A5F0B9390400FF0000009DF6000060730400F3
S21404A600B9390400FF00000065F600008A730400F0
S21404A610B9390400FF00000095630300C573040005
S21404A6203474040000FF0000C1EF000085740400C9
S21404A6300475040000FF0000876303004A750400E5
S21404A6409C75040000FF000067630300E3750400C4
S21404A6503076040000FF00005D6303007A76040091
S21404A660B876040000FF000057630300C8760400B1
S21404A670B876040000FF000051630300EF76040080
S21404A680B876040000FF00004B630300167704004E
S21404A690B876040000FF0000456303003E7704001C
S21404A6A0B876040000FF0000216303006777040007
S21404A6B0B9390400FF00000027630300897704000B
S21404A6C0B9390400FF00000069EA0000B17704000D
S21404A6D0EA7704000001FF0095EA00000B78040006
S21404A6E0B9390400FF000000236303003678040031
S21404A6F0B9390400FF00000051EA00005178040054
S21404A700B9390400FF0000000DEA00006C7804006C
S21404A7109978040000FF0000F5E90000B47804000E
S21404A720B9390400FF0000003DD20000DF780400C1
S21404A730B9390400FF0000003DD200000679040089
S21404A740B9390400FF0000002DC700001779040083
S21404A750B9390400FF000000F9C600002C79040093
S21404A7605379040000FF0000F9C600006379040072
S21404A7705379040000FF000091C600008A790400A3
S21404A780B9390400FF0000009D5B0300A5790400AE
S21404A790B9390400FF000000EDC20000C8790400C7
S21404A7A0327A040000FF0000CDC20000557A04008F
S21404A7B0B9390400FF000000B5DE0000BB7B0400CE
S21404A7C0487C0400010000FF99DD0000657C04005D
S21404A7D0B97C040000FF0000CDDD0000CE7C040040
S21404A7E0207D04000100FF0039DD0000367D0400F2
S21404A7F0237E04000107FF00A15B0300337E0400F0
S21404A800B9390400FF00000099D60000447E040015
S21404A810567E0400000101000007FF0091D50000E9
S21404A820917E0400A27E040000010100FF000000E7
S21404A830CDDD0000F17E0400027F0400010000FF6D
S21404A84009D50000F17E0400347F040000FF0000F8
S21404A85085700100457F0400B9390400FF0000003C
S21404A86021C30000917F0400B9390400FF000000F2
S21404A87093890300B9390400B9390400FF000000C5
S21404A880A97E0100B9390400B9390400FF000000AC
S21404A8906D7E0100B9390400D67F040002FF000073
S21404A8A019860100DE7F0400B9390400FF000000A9
S21404A8B0A58501000A8004002D8004000200FF0024
S21404A8C0158A030056800400B9390400FF0000000E
S21404A8D081850100788004009680040002FF000051
S21404A8E059850100AB8004009680040002FF000036
S21404A8F0010000000C4C00200000000000000000D6
S21404A900FFFF0000016303000000000003000000D6
S21404A910FFFF010075630300000000000400000050
S21404A920FFFF0100036403000000000004000000B1
S21404A930FFFF00008764030000000000060000001C
S21404A940FFFF0000F9640300000000001900000087
S21404A950FFFF01008F650300EE51040048690020E4
S21404A96000000000000000000000000000000000DE
S21404A97002810400DCA90400000000000881040031
S21404A980488B0400000000000F810400188D0400AA
S21404A99000000000D34F0400088D040000000000EF
S21404A9A018810400F88C0400000000002A810400CA
S21404A9B0E88C04000000000039810400D88C0400F0
S21404A9C0000000004A810400C88C04000000000057
S21404A9D0000000000000000000000000ECA90400D5
S21404A9E05C810400B9390400FE000000778104008D
S21404A9F004AA04000000000000000000000000009C
S21404AA0000000000278E03007C810400B93904008E
S21404AA10FF03010001013F040201003F040202009B
S21404AA203D040202003D040102000102000301008D
S21404AA3002023D04020100020202010002020000BA
S21404AA4000202020202020202020282828282820F5
S21404AA5020202020202020202020202020202020ED
S21404AA602088101010101010101010101010101055
S21404AA701004040404040404040404101010101045
S21404AA80101041414141414101010101010101010F
S21404AA900101010101010101010101011010101061
S21404AAA010104242424242420202020202020202E1
S21404AAB00202020202020202020202021010101035
S21404AAC0200000000000000000000000000000005D
S21404AAD0000000000000000000000000000000006D
S21404AAE0000000000000000000000000000000005D
S21404AAF0000000000000000000000000000000004D
S21404AB00000000000000000000000000000000003C
S21404AB10000000000000000000000000000000002C
S21404AB20000000000000000000000000000000001C
S21404AB30000000000000000000000000000000000C
S21404AB400000000000000000A001000028140020FF
S21404AB5000021000A8500020C815002000000208BB
S21404AB6000000000FFFFFFFFFFFFFFFFFFFFFFFFE8
S21404AB7000000000000000000000000000000000CC
S21404AB80000000000000000020000000F1B10100F9
S21404AB9010000000D1B20100000000010000010115
S21404ABA00001010120C001B8000000000000000000
S21404ABB0FFFFFFFFFFFFFFFFFFFFFFFFFFFFFFFF9C
S21404ABC0FFFFFFFFFFFFFFFFFFFFFFFFFFFFFFFF8C
S21404ABD0000102020303040506080C0C0C00010223
S21404ABE003040707C8C8C8C8C8C8C8C8C8C8C8C8E7
S21404ABF0030404080808080800B801B802B800B03E
S21404AC00E4C70400CCC704000304040808050000D5
S21404AC10000000000000000000000000000000002B
S21404AC20EA06000048704C0F44700E0E30707E1317
S21404AC3002989A173870340F34705A0F30704810D0
S21404AC402C7048102870D0112470E81120703E0F24
S21404AC501C70901218700C1314703A0FB110086020
S21404AC6001D80A7104B87F78020C7E78641000C696
S21404AC70881F00A01DB8707803B018600F3027B383
S21404AC800F330111C04806987C0229B0086001D829
S21404AC90087109DD047109BB11101660A04808602C
S21404ACA004100112FF3221500860D0480860008862
S21404ACB00698381400C4441F00A000BA03DF1071BD
S21404ACC009DF0672029836031DB8507800A04413B4
S21404ACD0281441158110086002D81471108806984B
S21404ACE0201900C014C000B80698861B0091069868
S21404ACF092020160B83020D806711EBC637C784D81
S21404AD005412F03240DE0472404804DB08720DDD53
S21404AD100C72044BEF3014480698F20400C4E0406A
S21404AD2000544412086201322140087C811140D943
S21404AD301C72B1123032CF4A013AB1DA107208D816
S21404AD40067104D80871804C237C5670684C4412F3
S21404AD5000C4A41E00A04414413AF3240164415CD8
S21404AD60412A047580B800C46040005481D8367106
S21404AD7040D90472237C084B0698F20404BA1CB922
S21404AD80767900C1204001B835797F2161210079A8
S21404AD9006B906A901D8067102981002804C307CC8
S21404ADA00298640208D86A7100C1544000B81411AD
S21404ADB010D95E71584C441280BDA26DFF25784CA4
S21404ADC04412FC22513A2814104C00C20CC101B89B
S21404ADD02412281408622814086228140862281406
S21404ADE0304C304C00C11C4000B8141118140861D3
S21404ADF000C5284001B85415FF35047110491814CD
S21404AE00B04C441208620132067102980401804C68
S21404AE1008D80C7107BA24D8047106BA187004D876
S21404AE200C7101BA40D80E7102BA0A7005BA20D85D
S21404AE30047203BA204C4411C04C18140861181448
S21404AE409111383111429111186110D90472EF3200
S21404AE5000C1084001B8141110311E6111422814B3
S21404AE60A1110861181406986C1B181400C1084038
S21404AE7001B814111861FF31181400C1448001B8D8
S21404AE80141118140861181430880248069894039C
S21404AE90009308DB047101F800A027B00F3000A06F
S21404AEA01088B111186180D90A7100C1884000B8B1
S21404AEB00811009100A000C4684000B8441000A027
S21404AEC000C0884000500411826104108260105053
S21404AED0F07200A0541550451271069802050698A3
S21404AEE0920407B8707802B841781EBA5B7A5C7A26
S21404AEF05D7A00C220C001B8241206982A1900C53B
S21404AF00481F00A05415511400C3FF010000313D32
S21404AF1009647F3406989C02015851280475015828
S21404AF2041280E758111086102D90472FF0FCC7096
S21404AF3007B8727800F8EBBD00C0441F00A00411E7
S21404AF40113D10D91271FF33186300C1781002B88E
S21404AF50381107B97479581000A0069892020D307B
S21404AF600472044809DC0472084800C11CC101B814
S21404AF70141100C3D01E00A0911504351A721813BC
S21404AF801CBB08D804716C7B04D804716A7B1DBB97
S21404AF902F7C5B7B1670044B18131CBB08D80471FB
S21404AFA06F7B04D804716D7B217C0C30026006989C
S21404AFB07E040698C40B00B8B111186140D9067215
S21404AFC00298580401BC00C2084001B800DC0A71AB
S21404AFD024150265604A0A702C4A241508654C4AF2
S21404AFE0043508D90471202400C13C1F00A01412A3
S21404AFF000DC327120D8067101B80C70F0DA0C72DD
S21404B0000CDB087102B806988604482400C338414D
S21404B01001B834138F7B0E7102B9911308DB0472E6
S21404B02003B928707C4914111110FD300DDC1C7214
S21404B03000C0A01E00A0041080D8107100C0448078
S21404B04001B80410E5200475804900C3884000B8A0
S21404B050FFB8012011410871014118130824014268
S21404B06000C1284000B8141101411C6551419115D6
S21404B07020351E65514118132813481300C3844015
S21404B08000B8341003D81671073005DC1071B110FF
S21404B0908F780A7200C384C40350217B1DB850788D
S21404B0A000B800C13C1F00A014121C602150F030F0
S21404B0B00152281100A04024076400C0FFFF0100CD
S21404B0C0013C17B0022001584028067518AC01EC64
S21404B0D000A0208800C020C001B8041217B42113B1
S21404B0E004123052F8711964402400C35C1F00A097
S21404B0F0341014110698F60D19610092115921297D
S21404B100067600BB11590698D60D8762313B047249
S21404B110215A412A00A000C2686000B8B8B91F616D
S21404B1200D49181200A0308801B9116100C300004F
S21404B130C0FF3110312800BC002D0C75115418AC1A
S21404B14001EC312DF470196451134155312C0093E0
S21404B15000A000C3C00FFEFF50B2313A014250AA0D
S21404B16000A006983E07FFB0867808715CB86B7836
S21404B1706E7800C2548001B800C0D81F00A0041026
S21404B1800812B822217A237A52B8417801B80C60A2
S21404B19021A809B819604CA800C0FFD1C1FF4FB25E
S21404B1A0013A00C0002E300001424FAA24B86E783F
S21404B1B0ACB9FFB004D804714CB923A90698A80505
S21404B1C000C01390010006982E0500A006980205FC
S21404B1D019B81460FFB28C620F32826A2140069856
S21404B1E02E0549BC21B952B849B207DE2A7105DEDC
S21404B1F00871627C607C1D0C6179677864786B7872
S21404B2006278657863786078617C010C010C6878F4
S21404B210020C69786C78020C00C22C8001B8277A7C
S21404B220287A267A6A78050C41790A0CB11040D837
S21404B23006710298BA06784A2B7A327A584A247AE1
S21404B24000C400011100404A00C010840000081227
S21404B250508800C584100100FBAD10BD01BB8A6B8D
S21404B26021B9FAA9C44A1812217A227A00C0341FD6
S21404B27000A00410FCA88264411030300129F9A90A
S21404B280F8ADFBB08260FBA80330A065211004482B
S21404B29020EC237A0410037A184A2411DC4A015855
S21404B2A00029241004753150F8B1115081632A71B5
S21404B2B0514031400812FCB18461FCA90F310E7173
S21404B2C017B0112817B111591028FA76C44AF9B1E3
S21404B2D01812217A227AA07000950812F8A800C2E3
S21404B2E00C8001B8207A844A00B80812020CA44ADA
S21404B2F0087A020C21B84178784A0B7A127A00C28E
S21404B300C81F00A0FFB008D80472184A241000DC36
S21404B3100A7140A80422241041A806989C0200C280
S21404B320481F00A02410015100C4FF010000413949
S21404B3301150081200A006983E0700BC00C20C80FC
S21404B34001B8217A52B84978020C4878020C49B8F8
S21404B350417852AC21AC204A087A067A077A49AC7E
S21404B36000A059B840785AB101D9FC72427857B84F
S21404B370407858B101D9FC72427800A000C20C8013
S21404B38001B8217A227A21B8547852B8BC4A2411DA
S21404B3909979127107B915614CA9617800BB03BC91
S21404B3A00C64147009B919614CA9417801BB126385
S21404B3B000C4002E300000C0FFD1C1FF4FB10139D8
S21404B3C041414FA9E44AC8B8081224AB4CB823A894
S21404B3D00698A80500C004900100FFB186790471A0
S21404B3E0084806982E0500C08009004040A809B801
S21404B3F0FFB108D9047103B853A8B11004D80C716E
S21404B40056BB607B57BA627A607A02D80C7156BB18
S21404B410607B59BA627A607A04B86E783DB8607810
S21404B42000C05638000000C1B08001B814119979E4
S21404B430087200C0D604000000C124C000B814116D
S21404B4409F79047208484CA82EB8FFB108D9067133
S21404B4504AA804704BA80FB834A800C00C5E0000BD
S21404B46046B2014246AA00C12C4001B81411086134
S21404B4700631087100B90698501106983E14B111A9
S21404B48001D90E710698921B02D906720698A00C72
S21404B4900698381451140698920406982A110698A9
S21404B4A0641700A006984E1701D80A711CB85B787A
S21404B4B007B8757800B84CA84AA84BA800C0F32172
S21404B4C0FFFF46B1013946A904B86F7800A0FABC5C
S21404B4D01964415C512C00C0581F00A00410012CB4
S21404B4E00675069892040698780FB110186005D869
S21404B4F0327140BA06980E1404B86578911004D8D0
S21404B50016711CB86E7800C0684000B8217806989A
S21404B510781101400A721DB8427806984A140298B7
S21404B5205E0B1DB8717804B86C7841B842786378BD
S21404B5304478FFB104D906720298CA0900C0049080
S21404B5400100FFB186790471084806982E0500C3E9
S21404B5502C1F00A000C274C000B82414481300BCFA
S21404B56048121C4B1C4A2414481300BC4812084BAF
S21404B570584A2414481301BC48124ABA447A427AF8
S21404B5804BBA447A427AFFB086780472617A4CBA2F
S21404B590647A657A3DBA607A4DB942B83FBB5B7946
S21404B5A066796179020C6479050C63796079050C17
S21404B5B0627965795A7900C2340102B8241305B851
S21404B5C019603140081242B86A78020C4A78020CB4
S21404B5D040BCFFB208DA06714ABA06704BBA627A01
S21404B5E0657A677A667A6A79667B0298A40A00C3E3
S21404B5F02C1F00A000C274C000B8241448131C4BAF
S21404B6001C4A241448133FBC48121C4A00BC481267
S21404B610084B444A2414481301BC48124ABA647AB4
S21404B620627A4BBA647A627AFFB3867B0472617A72
S21404B6304CBA647A657A3DBA607A01D94E716478F8
S21404B64000C1708001B800C0800008000811069888
S21404B650860B42B861784DB97F797E796A786878C6
S21404B6606278020C7B790F0C7A79140C7479417821
S21404B67060787579050CFFB208DA06714AB804706A
S21404B6804BB8657801BC1664407002D93C710698C4
S21404B690860B42B84DB96878407841787F797E79D0
S21404B6A07B790F0C7A79140CFFB208DA0871717979
S21404B6B04ABA067070794BBA7279657A6A78020C5F
S21404B6C04A78050C01BC1664020C417940790C0CCE
S21404B6D000C04C0102B848100698F20400C4784032
S21404B6E000B8007C00C0A01E00A0041180D93271EE
S21404B6F0911104D92C727F2021200411FD310DDD17
S21404B700207200C0448001B80411E521147600C0FC
S21404B710244001B804118A790871207C104C207CDE
S21404B7202AB86278511400C0581F00A00410012CD7
S21404B73017B001118768015841280E7605218769DC
S21404B740415C412D112D06700698920442B84DBBFB
S21404B7507C7B6478020C29B86878511440440675DA
S21404B7600698920442B844782AB84278FFB101D9C0
S21404B7700C7100C1548001B8CBB80811911004D8DC
S21404B780147100C0A01E00A0041080D8067107B86B
S21404B790537800F807B800C1CC1E00A000C220C031
S21404B7A001B824122811777800F8B110947838710B
S21404B7B006989C02E4B911591128067600B80C7054
S21404B7C0A0B9115901290475A0B8826000C3C01F2E
S21404B7D000A03413012B341000C3FFFF00FF42B156
S21404B7E03139114042A800A01DB09178FA7142B8D0
S21404B7F06478020C00BA29AA00C4548001B842B87E
S21404B8004DB900C3C04001B83413977B047240ECB2
S21404B810020C44785C7953AA0A0C281442B84DB931
S21404B820FFB301DB2671244C00C3FF0FFF0138145D
S21404B8305479407841785579020C5B795A79140C1E
S21404B8405F795E794A784278347002DB14715279F3
S21404B85051795079020C5B795A795F795E791E705A
S21404B86004DB1A7100C4FF07000000C3342102B8C9
S21404B87048133FBB467B020C5B795A793DBB407B41
S21404B8804CBB447B457B00C3301F00A03414403CB3
S21404B890207100C068C000B8481028131C4B1C4810
S21404B8A0341448102813144B4448341448102813EE
S21404B8B04AAA4BAA04B86D781DB851785CB84B7880
S21404B8C04E7800A000C074C000B80411108800B9F7
S21404B8D0181068480411108801B90B6118102C4818
S21404B8E004111088008800C1231C000018104AB8F0
S21404B8F064784BB86478260C28B000C1FFFF0FF0BC
S21404B900113871B90B61114028A828B97379747974
S21404B91000C21010303045AA54790E0C00C0E8401E
S21404B92001B8041100C23030101045AA0E0C0410E1
S21404B930008810880698620D0091009020888F6118
S21404B9408F600698620D0090886A21400112906A02
S21404B950035800C13F3F00001138FFBC02244128B1
S21404B9601138014245AA28B953794AB844784BB8E5
S21404B970447800900091181000912C4818100091FB
S21404B9806848181000A09168436091694361115B90
S21404B990012B112841603128315B00BA3028067625
S21404B9A03128204A4163302806763128104A4163FC
S21404B9B0302806763128084A41633028067631282E
S21404B9C0044A4163302806763128024A4163302807
S21404B9D00476014A00A0115910D90671086008605F
S21404B9E008D90471086004D90471046002D904718A
S21404B9F0026001D90471016000A000BA01D8067182
S21404BA000148112A1F61016001D8F6720138F672E6
S21404BA1000A000C220C001B82412115921291273B3
S21404BA2000210E7100C238C001B824120121212958
S21404BA3000A002B020D8147100C0B01E00A00410EC
S21404BA4002B9457906987613EA7003B09F780872AF
S21404BA5000B806A800F806983E0700C5641F00A0B4
S21404BA605088044D1CBC00C0B41E00A0811101D92E
S21404BA701E71407C009501150C4D5088044DFFBB8B
S21404BA801863315B04110698EE0D3129F875069893
S21404BA90681A54150698921B01D908720698580716
S21404BAA006700698F4071CBB547B06984E1701D8FC
S21404BAB0067202981A0FFFB901211038F672811225
S21404BAC09B7AF07100C2448001B8241400C0C01EE2
S21404BAD000A0041001130020041040500C7200B99A
S21404BAE00698280F18B90A7018B90698280F00B9CE
S21404BAF000B806981E0F704A08B806981E0F00C2B3
S21404BB00284000B814B806981E0F00C2EC4001B8CE
S21404BB100CB806981E0F202210B806981E0F108820
S21404BB20308806985807009300910698280F00C09E
S21404BB30C41E00A00412FFB901212141181000956B
S21404BB4000F8312811280410081200A004B831287F
S21404BB501128F8B1181000A0069880080E700698F0
S21404BB60C40B06988008069872120698120791125B
S21404BB70211900C02C4001B80A78097800F810B9D9
S21404BB8001BA0698041406982A110698641700C584
S21404BB90641F00A081109D78FC7200F89112033295
S21404BBA01CB900C3A01E00A0341300C4B040005447
S21404BBB01DB84278707903DE067144783A7071795C
S21404BBC0A11020D806710298541080DB1C7102D88C
S21404BBD0187205B80814A11010300248081400B8EA
S21404BBE008149110086008141DB86278A11000DCCF
S21404BBF00676517900BA06984E1701D8227291112A
S21404BC0020311D61911004D80E7200C1501F00A08F
S21404BC10141101D90A71208806985011009200C1A7
S21404BC20204000B801DB1871084C03DE0471904C08
S21404BC30441400C3FF1F0000413BFF2338119449FE
S21404BC4000C3384101B83413086380DB0C7103BAAF
S21404BC50186206983C100870186206983C100C4946
S21404BC600879097914102140081100A000BD06982F
S21404BC70760210B903DC047100B901BA06980414FC
S21404BC8002D9067100404E7203B118610F3106984E
S21404BC907811FFD82872811008D8187106DD0A7149
S21404BCA00698760203DC0C720698BC1106984A14B1
S21404BCB00C7006DD10710698C211487020B804A8EE
S21404BCC006DD1072069880080698120701F840B838
S21404BCD004A800F800C0A01E00A00413086301DB3B
S21404BCE0227191100111186111381DB910D808710C
S21404BCF044790298541002DBFA72A11328DBF4721A
S21404BD0003BD06981E11069880081DBA7F7A069809
S21404BD10F20400C5681F00A00698760200BA03DC89
S21404BD201672044DA11002D804711C4D00C10CC13A
S21404BD3001B80698AE045415212D06983E050298BF
S21404BD40AA089110015503355150011900A000C1ED
S21404BD504C1F00A0141001D8427101480860FE2050
S21404BD600E75811020D8087100C1501F00A0141150
S21404BD7001D9287100C02C4001B804122151086171
S21404BD800F3118611152281000C0084001B8041180
S21404BD909112215120311152211900A0811380DB08
S21404BDA0067201B800A000C314C001B834100630EF
S21404BDB02E726C4B34121C4B3410186002302072F6
S21404BDC0811080D8DE713410014A08620460803025
S21404BDD021508C480A717F234D233410013000A073
S21404BDE000BD06981E111CB847784578437802B8FB
S21404BDF0447800A0069880080698BC1100C5741FF5
S21404BE0000A0541506983E050298AA08B1138F7B25
S21404BE100A7200C384C40350017B06983E1400C112
S21404BE20384101B814118F790E7100C1B84000B8BA
S21404BE3000BA06983C1050BA06980E140698781164
S21404BE40FFD84A71911004D84872811008601CD833
S21404BE50407220D938721112FF3221513471802178
S21404BE608021111400C0D81E00A00413FFBA31515B
S21404BE70113A215111531DB938107B7940440E7282
S21404BE8000B900C2AC1E00A01812067004B8607890
S21404BE900698381400F800B900C2A44000541812DA
S21404BEA0644A0AB918121CBA507A517A1DB94279F2
S21404BEB05F7900A00698760207DC107291100020C5
S21404BEC00A75069872120298660F0698120701B948
S21404BED0911004D8047100B910BA0698041400BA74
S21404BEE00040347100C0A01E00A00411086101D9EE
S21404BEF0127104D9E2728110086001D8DA711DB893
S21404BF00647800C11CC101B80698AE0401B811607B
S21404BF10002A047600BA00C5781F00A05415212D07
S21404BF20069872120698580700C57C1F00A000F8F1
S21404BF3000BC811108D9167280D9207201B910BAD2
S21404BF400698041400400E7101BC10700698BC11CB
S21404BF5006984A1420B804A800F8069872128111AC
S21404BF600231127100B900C2144000541812244A57
S21404BF7002B918120698BC1100C5801F00A05415FB
S21404BF800698F01A0298AA080411012114711CBA22
S21404BF90737A042004122811042004110121F47277
S21404BFA000A00698F20401F806984E1701D81671F8
S21404BFB0FFB9012110380E7281109B78087104B9FC
S21404BFC0677900F8911010D8287100C51CC101B813
S21404BFD054110698EE0D00C5C81E00A0541551292C
S21404BFE0EA7507B876781DB8447801B804A800F84E
S21404BFF0B110186010D82E7100C05040005400C311
S21404C000084000B83114984C44113411086101D921
S21404C010FA71441228100862281008622810086270
S21404C0202810E8700298B00206989202113804723A
S21404C0301E6202BB00C1D81E00A0141120390C7267
S21404C040911210DA0672417B00A006983E1400C2D4
S21404C050A01E00A0241220DA0472617B1CBA527A55
S21404C06000A01CBA727A811204DAFC7200A01CB812
S21404C0706B7800C0684000B82F7800A006984E176A
S21404C08001D83A7100C22C4001B824100360911103
S21404C09020310151383111501D6008121DB94579FF
S21404C0A000C2448001B8241200C0C01E00A00410C0
S21404C0B018200020041020500471657910631EB9FE
S21404C0C0637900B902EC00CD114502EC00CC01DB2B
S21404C0D0087100BB0298D61803B841110731FA213B
S21404C0E01C760621911210DA087102DD10721E7099
S21404C0F020B80698B20D3038147208B806987E0434
S21404C10000C02C4000B82978207800F8056020D8B4
S21404C110067102980C1602EC00CA05B823DA1871E8
S21404C12004DBDA7120DAD67110DAD2721EB86178BE
S21404C13000B801DA067202EC00C8911110D9267113
S21404C14000C1B81E00A014111150FF300C72076114
S21404C150A110115002300A7180DB0A720AB89E7070
S21404C1601DB97C791860911111402111C03111401C
S21404C17001191EB8411108D90471667820D90472D1
S21404C1806578A11002D80672C0DA1E711EB827316F
S21404C19023DD087210DB1072607825DD0A7121DD5C
S21404C1A0087208DB0471627803B84111073108721B
S21404C1B0A1152035AA7102DD2072A11120D9A07123
S21404C1C002D91672CCDA9872411140D9927206B826
S21404C1D0054D5A720298AE1421114049C0D94C71CB
S21404C1E0A03141154035026551410461086308DAFF
S21404C1F01E7204DA36721049A1150235067110DB78
S21404C2000E7201340A7108DB22711EB86778CC32CC
S21404C21011101A300ADC0872CCDE0471FD3100C03D
S21404C2200D0F0C0D216001D85C7207B80298D81463
S21404C23000BA411108D90C7102EC00CA05B830DA0C
S21404C240EC720734F031036101DA0471014900C06D
S21404C250F300A3E3216001D8D27100C098144068AB
S21404C26021604030014440DA0471204C04320262FA
S21404C270204A111006301F60014218311D61114218
S21404C2800298F614204A00C00517085021601130A1
S21404C29001422088FFBB0DDA507100C1DE1B250168
S21404C2A080BC04DA107208DA0A7200C12084100016
S21404C2B0E024A02408634143026401DA06711E499F
S21404C2C0024B00C0201F00A008633810BC2002DA0E
S21404C2D0127101B91159A11380DB087100C100FC69
S21404C2E0FF0118100298621800C4A01E00A0441093
S21404C2F080D87C710092D0DA06710DDA0C711EBDFE
S21404C300437DEFBD0698140304620DDA8672A1110C
S21404C31005D95C7100C24040005424121424281429
S21404C32001D9067202D9327140D91E7102EC00CAD4
S21404C330211018320471FA2220D804720822FE2230
S21404C340087502EC00C8F87001D90E7102EC00C83A
S21404C35002D9067204DC187200C0A01E00A00410E5
S21404C3601D6001D806711EB8647807B87378029801
S21404C370D61800C0A01E00A0041080300A7100C0A9
S21404C380C41E00A0041000A006984E1701D82E71F3
S21404C390911010D828728110A0D8227203B0847825
S21404C3A01C7200C12C4001B814100DBA487A697A80
S21404C3B06B7A08111CB87B7807B8757800A06410EF
S21404C3C000C6881F00A0C3B806987C0200C4441F99
S21404C3D000A014BA281400B8011AB1108F780A7293
S21404C3E000C084C40350017891101030011905BAB6
S21404C3F006980E1402D9067101B804A800C0A01E3F
S21404C40000A004130698641180DB06710298581481
S21404C4101DBA7C7A01DB6A7100C2241F00A02411B5
S21404C4201114FF3402EC00C8FF24FA76086106985B
S21404C430C20D046111380F3004611114011141104A
S21404C4400698C20D01D8087203B80298D8140C4A8C
S21404C45001DB227124101128112804120230047101
S21404C460106200C0FFFF0000213800C2204000B860
S21404C470FF200812411008600698C20D01D87C718E
S21404C48020BC1033767100BB00C1201F00A0141519
S21404C490C021112C511218620F320E7140885114AB
S21404C4A00698FA1841430094511208651C620F322C
S21404C4B00E71411151140698FA181C64414308651C
S21404C4C0513B00C1DC1E00A01411111231100F30B4
S21404C4D0127100BA056101D80471114201600FD8C7
S21404C4E0F472311003601E30047201B8003A087208
S21404C4F004B80298D8140298C41600C0384101B88B
S21404C50004118F7914717F20692004110861303179
S21404C51010DD06711DBA637A0698120300F8308897
S21404C5205088FF34087102ECFF24F87002EC00CD4A
S21404C5301410595001440421FF22F2720F4C009546
S21404C540009300A000C1A81E00A0141100A030880B
S21404C5500698421B8111086102D906720298061ACF
S21404C5601CBB557B086120D906710298F619008811
S21404C570A11018600698201908211415FC251EBB66
S21404C5805C7B5D7B00C1084001B814110731FE21B5
S21404C590307608D82A725113FC23341304DB207136
S21404C5A01863FF33315B00C110C000B81411086172
S21404C5B080490C71FF31302954751EBB7B7B10708B
S21404C5C07B7B7C7B00DD04717D7B01BB3815EC2511
S21404C5D0541300DF5471042505DF547154152111DA
S21404C5E020880698EE0D009251293E7500C1084039
S21404C5F001B8141102DB0C710731315B31292A763C
S21404C6000C7004DF0872016180D91E720698201926
S21404C61000C010C000B80698861B0698201914118E
S21404C620FFD9607202984C1A0090009300A054152B
S21404C630A111186110D9A672082508D8A07108257A
S21404C64010D89A71208821110698EE0DFC255412F4
S21404C650112AF82554110C2520D80871F0255411F8
S21404C6601025202904762159181500920298B81925
S21404C67007B97179811010D80A711CB8447802B8C9
S21404C68041781CB9747904B9677900F88110A0D888
S21404C69008711CB9497900A0086002D8FA71069896
S21404C6A02019108806983E14106210DA08710821C2
S21404C6B01415F025541100C20020FEFF202912751F
S21404C6C00698921B01D90A720698800806981207E3
S21404C6D000941CBB41100C200698641341110821D9
S21404C6E01410069864133128441111120861FF319E
S21404C6F0FF320122105210721861181404244413D5
S21404C700042438140C7018612141181408240814E1
S21404C710029838144044147100C1AC1E00A01415CD
S21404C72051131C630FDB0C7219650698020541153C
S21404C73000A000C3784000B83413807B06720698C5
S21404C740120706983E1408BB51140698B01A4415EE
S21404C750FC25541500C3784000B83413807B04715C
S21404C76000A002983E051CB900C3A01E00A0341306
S21404C770086308DB1A718113A0DB0671497910700F
S21404C7806979086302DB087204B9677900F800A0C7
S21404C7908111086102D910711CB97579069820199F
S21404C7A01411FF3100A0FFB900A0041008211411D1
S21404C7B0F421081100A08111106110310E71069841
S21404C7C0201908211411F821141100A024CA040009
S21404C7D000000000FCC70400010000000000000088
S21404C7E000F0490224CA04000000000020C8040027
S21404C7F0010000000000000000F0490244C80400E4
S21404C8004063598F404B4C000B000B001A00FF7F0F
S21404C810DC69002000000000C6CC04000000000014
S21404C82034C904004063598F404B4C000B000B0086
S21404C8301A00FF7FDC69002000000000C4CC04005E
S21404C84000000000FC1F010324CC04001CC00110DF
S21404C85000F807001CC001301402080050C0010094
S21404C8608741300424400601070062003870000047
S21404C87000000000000000030068010F40B82440D8
S21404C88058400101FC006900804005012363E01163
S21404C8909BC34A74F003000003800000BE0A000035
S21404C8A0E040010133000000F0400401590B000091
S21404C8B0640483078813C83A90200A0028410101BB
S21404C8C0001E00003C410B0100148C00141A2128A1
S21404C8D02E343B42495043557698BA0C28690000DA
S21404C8E0010000000721286414171A002004C869F0
S21404C8F0A1203A093C42010129000000A08002015F
S21404C90070780300D5C00000A8800111F001000073
S21404C910A88001310542CB01AC800111F001000072
S21404C920AC80013105228D00B080010100030002B5
S21404C930FFFFFFFFFC1F010374CC04001CC00110A2
S21404C94000F807001CC00130F502080050C00100C2
S21404C9508741300C2440060107C052000000000046
S21404C96000000000000000030000000000000000BB
S21404C970584001016402FF00804005014B01A008F5
S21404C9809BC34A74F003000000000000000000008F
S21404C990E040010133000000F04004010000000004
S21404C9A0640483078813C83A9C200A0028410101BE
S21404C9B0031000003C410B010000000000000000D2
S21404C9C0000000000000000000000000000000005E
S21404C9D0010000000000000000000000000000004D
S21404C9E0000000003C42010100000000A08002019B
S21404C9F070780300D5C00000A8800111F001000083
S21404CA00A88001310542CB01AC800111F001000081
S21404CA10AC80013105228D00B080010100030002C4
S21404CA20FFFFFFFF0C400200018014007F4000005F
S21404CA302040020000000000000000003040070014
S21404CA4000000000000000000000000000000000DD
S21404CA500000000000000000A00700005040010095
S21404CA60000000005C40020000000000000000001F
S21404CA70A840010007000000B44004000040000085
S21404CA80FF4C000000410000FF4D000008C00100FC
S21404CA900000000020C00110FF00000020C001308C
S21404CAA00043000024C00400EC80B3034375A802CE
S21404CAB0000000002E02000054C003000E2D09E6FC
S21404CAC054060708D1B6020064C00800043000000B
S21404CAD040201006C8F248181FE8F600BD4B721531
S21404CAE011A3180510325476980A000088C0010075
S21404CAF000000000080001010407000018000101FE
S21404CB000000000020000101088400001C4002010F
S21404CB101000000020F913045C40050141080000E1
S21404CB2001000000B0070800A70000000000000095
S21404CB30944007010101103050707F7F0000000010
S21404CB4000000000000000000000000000000000DC
S21404CB50E440010100000000EC4001017DA8D98BEF
S21404CB600041020100612000B75635120C41030152
S21404CB70F95412002030042988BB400024410101E6
S21404CB8000000000304103016406660C0C0100003E
S21404CB90E853FA006841030164048307881382009B
S21404CBA00000000030420301000000000000000EF8
S21404CBB00000000044420101000000001080010152
S21404CBC00300000038800201114910000100000033
S21404CBD088800101000000009C800101EB400200F7
S21404CBE0B48001013700000188000202000C000432
S21404CBF04C0000009400010200040000D000020271
S21404CC000E00000090029608E40001023D0942046A
S21404CC10F400010200000000180101026000510245
S21404CC20FFFFFFFF120000006666660000000000BB
S21404CC30D8CC0400C8CC040000000000001A9A00F7
S21404CC40005A620280841E000420FE00114950022D
S21404CC5000000000000000000000000000000000CB
S21404CC6000000000B1841E00000000000000000068
S21404CC700000000012000000666666000000000067
S21404CC80D8CC0400C8CC0400000C0000001A9A009B
S21404CC90005A620280841E000420000011495002DB
S21404CCA0000000000000000000000000000000007B
S21404CCB000000000B1841E00000000000000000018
S21404CCC00000000005040000E1190000E11900005E
S21404CCD00000000000000000193F010604100100D7
S21404CCE000010106001027000009000000000000F3
S21404CCF00000000035BB0100E5BA0100F1BA0100EE
S21404CD00E1BB0100CD930300679903006B99030010
S21404CD106F990300739903007799030000010304D5
S21404CD2064EE01001000000024E101001A00000077
S21404CD3079EB01001100000075E401001100000009
S21404CD4063E511000400000023E111000400000064
S21404CD5025E101000800000026E101000A000000A9
S21404CD6027E10100020000000000000000000000AF
S21404CD70E0CE0400CFCE040000000000E1CE0400A4
S21404CD8007920400000000000192040003920400CD
S21404CD900000000005920400ADCE0400F6CE0400A8
S21404CDA008920400029204000000000006920400A8
S21404CDB0C4CD0400FF910400009204000492040011
S21404CDC0FE910400000203040508090A0B00010290
S21404CDD00304051D2000B40108020200AA00FFFF98
S21404CDE0FFFFFFFFFFFFFFFF31F902006918020093
S21404CDF0D5470200552C0300E54A020099A003001B
S21404CE009BA003009DA003009FA003001DC3020077
S21404CE108D98020035E00200F1250300F537020084
S21404CE2095A00300199D0200A51603000929020017
S21404CE3097A003004989030001300200195E03002D
S21404CE4000000000001300000000000000000000C6
S21404CE50000000000100000001A102000200000022
S21404CE600FB203000300000059A0020004000000F3
S21404CE7089B1030005000000F99F020000000000CD
S21404CE80000000000023001B2200FF00000000003A
S21404CE900C090202000000001C1A0B0303FF06081C
S21404CEA00402020204020A0B030302030480FF02C4
S21404CEB004FF010101010800000000000000005A00
S21404CEC06967426565416C6C69616E63653039807B
S21404CED00000183810300000000000008F8E8C8090
S21404CEE081815A6967426565416C6C69616E6365E8
S20C04CEF0303906080C1080001E
S20C04CEF8E47DFB7F010000004D
S21004CF000CCF0400E0650020D501000002
S21404CF0C0000000000000000FFFF0000010000000D
S21404CF1C00000000000000000000000000000000FC
S21404CF2C00000000000000000000000000000000EC
S21404CF3C00000000000000000000000000000000DC
S21404CF4C00000000000000000000000000000000CC
S21404CF5C00000000000000000000000000000000BC
S21404CF6C00000000000000000000000000000000AC
S21404CF7C000000000000000000000000000000009C
S21404CF8C000000000000000000000000000000008C
S21404CF9C000000000000000000000000000000007C
S21404CFAC000000000000000000000000000000006C
S21404CFBC000000000000000000000000000000005C
S21404CFCC000000000000000000000000000000004C
S21404CFDC000000000000000000000000000000003C
S21404CFEC000000000000000000000000000000002C
S21404CFFC000000000000000000000000000100001B
S21404D00C0000F001080000000810002001002301B5
S21404D01C040000001010002006003001010000007F
S21404D02C14100020FFFFFFFFC0EA2101C0EA210113
S21404D03C0080000000F049021C67002000600B0012
S21404D04C00800000CC340020C8000000FE00000065
S21404D05C000000003C83040018100020FFFFFFFFB4
S21404D06CEC8604003300000035E6000033000000B4
S21404D07CEB620300A8020400AC020400B90204002C
S21404D08CC6020400D3020400E0020400F302040007
S21404D09C05030400120304001F0304002C030400FD
S21404D0AC4103040054030400660304007B030400D9
S21404D0BC8A0304009B030400AA030400BA030400B6
S21404D0CCC6030400D3030400E3030400F5030400BE
S21404D0DC04040400130404001C04040031040400B7
S21404D0EC460404005B0404007B0404008904040066
S21404D0FCA8040400C3040400D6040400E3040400D7
S21404D10CF8040400070504001605040028050400AA
S21404D11C3A0504004D050400600504007605040079
S21404D12C000000000F000000FF00000000000000DC
S21404D13C00000000000000000000000000000000DA
S21404D14C00000000000000000030E70400C81803CC
S21404D15CE70D0400EC0D0400190E0400440E040044
S21404D16C720E0400A00E0400CF0E0400FC0E040085
S21404D17C2C0F04005C0F0400AC0F0400FFFFFFFF31
S21404D18C00F80300FFFFFFFF00000400000004008B
S21404D19C005C26057868002006000000F8A8040049
S21404D1AC000000000100190001000000544000209B
S21404D1BC0100190001000000544000200100190071
S21404D1CC010000005440002001001900010000007A
S21404D1DC54400020010019000100000054400020B7
S21404D1EC0100190001000000544000200100190041
S21404D1FC010000005440002001001900010000004A
S21404D20C5440002001001900010000005440002086
S21404D21C0100190001000000544000200100190010
S21404D22C0100000054400020010019000100000019
S21404D23C54400020D04400200000000000000000F1
S21404D24C709204000C4C00202C690020CC4E00205C
S21404D25CEA80040006000000000000000000000045
S21404D26C0000000058A9040070A90400F58004000E
S21404D27CB9390400FE0000005C69002000000000C0
S21404D28CDC4E0020444F0020AC4F00200000000071
S21404D29C0000000000000000000000000000000079
S21404D2AC0000000000000000000000000000000069
S21404D2BC0000000000000000000000000000000059
S21404D2CC00000000000000005F8F030044AB040065
S21404D2DCFFFFFFFFA39203009F920300FFFFFFFFD5
S21404D2ECA7920300FFFFFFFF61E60100FFFFFFFFAD
S21404D2FCFFFFFFFFFFFFFFFFFFFFFFFFFFFFFFFF29
S21404D30CFFFFFFFF0000000020A107000000000044
S21404D31CE9D4030000000000000000000000000038
S21404D32C00000000000000000000000000000000E8
S21404D33C00000000EC5400205D0E0200ED270200F5
S21404D34CB9390400000000000000000000000000D2
S21404D35C00000000EC540020F5140200000000004D
S21404D36CB9390400000000000000000000000000B2
S21404D37C00000000EC540020391F0200ED270200C8
S21404D38CB939040000000000000000000000000092
S21404D39C00000000E2810400EC540020912C0200F2
S21404D3AC00000000B9390400000000000000000072
S21404D3BC0000000000000000EC54002015410200A0
S21404D3CC00000000B9390400000000000000000052
S21404D3DC0000000000000000EC540020854602000B
S21404D3EC00000000B9390400000000000000000032
S21404D3FC0000000000000000EC540020815B0200DA
S21404D40C00000000B9390400000000000000000011
S21404D41C0000000000000000B80B0000EC540020D4
S21404D42CF160020000000000B9390400000000009E
S21404D43C000000000000000000000000EC54002077
S21404D44C516C020000000000B93904000000000012
S21404D45C000000000000000000000000EC54002057
S21404D46C156E020000000000B9390400000000002C
S21404D47C000000000000000000000000EC54002037
S21404D48C91A7030000000000B93904000000000056
S21404D49C000000000000000000000000EC54002017
S21404D4AC3D74020000000000B939040000000000BE
S21404D4BC000000000000000000000000EC540020F7
S21404D4CCAD7A020000000000B93904000000000028
S21404D4DC000000000000000000000000EC540020D7
S21404D4EC13B4030000000000B93904000000000067
S21404D4FC000000000000000000000000EC540020B7
S21404D50CE5DF020000000000B9390400000000004A
S21404D51C000000000000000000000000EC54002096
S21404D52C55F8020000000000B939040000000000A1
S21404D53C0000000000000000000000001BBD0300FB
S21404D54CEC54002061260300ED270200B9390400D0
S21404D55C00000000000000000000000000000000B6
S21404D56CEC540020252D030000000000B9390400FB
S21404D57C0000000000000000000000000000000096
S21404D58CFFFFCEFAEFBEFFFFFDFFFDFF0C002C01E4
S21404D59C001E2C01400680001027FFFF04F8FFFF36
S21404D5AC0C000000000000004000FDFF2C019C0055
S21404D5BC0000FFFFFDFFFFFFFFFF60EA8000800016
S21404D5CC10C1CDAB3201FFFFFFFFFFFFFFFFFFFFD4
S21404D5DCFFFFFFFFFFFFFFFFFFFFFFFFFFFFFFFF46
S21404D5ECFFFFFFFFFFFF01FF05FFFFFF0101FFFF2A
S21404D5FC0201FFFF640250FF0F010208031E06051A
S21404D60C021601010A0C052007051010010F080468
S21404D61C10010601010104FF030101FF0C01FF4088
S21404D62C5AB47F0150403000FFFFFF0B03FF050B7D
S21404D63C0101FF03010305020201FFFFFFFFFFFFC9
S21404D64CFFFF010102FFFFFF40FF0101BD4C00007C
S20804D65C954C0000E0
S80400746126
