S01B00006275696C642F72656C656173652F7A69676265652E73333714
S214004000081000206D740000F9B6000081F7020069
S21400401081F7020001B7000009B7000081F702002F
S21400402081F7020081F7020081F7020081F70200A3
S2140040300DB70000C437040081F7020081F70200C4
S21400404081F7020081F7020081F70200856F000009
S21400405081F7020081F7020081F7020081F7020073
S21400406081F7020081F702000DBC000081F7020014
S21400407081F7020081F7020081F7020081F7020053
S21400408081F7020081F7020081F7020081F7020043
S21400409081F7020081F7020081F7020081F7020033
S2140040A081F70200357800001978000081F70200D9
S2140040B081F7020081F7020081F70200E90F020093
S2140040C0615103005D5103004D0702007751030064
S2140040D065510300A90F020069510300DDF30100DA
S2140040E02910020081F7020081F7020081F7020022
S2140040F081F7020081F7020081F7020081F70200D3
S21400410081F7020081F7020081F7020081F70200C2
S21400411081F7020081F7020081F7020081F70200B2
S21400412081F7020081F7020081F7020081F70200A2
S20800413081F702000C
S214004134F0B5114A114C124E00F00105E3695F0711
S21400414413D40DB9334213D103EA00078F4207D1C3
S2140041540B4A1A40002A14BF6FF001000020F0BD7D
S214004164013AEBD16FF00200F9E74FF0FF30F6E7C3
S2140041746FF00100F3E700BF80969800000003503C
S214004184020001000B4B70B5D96911F480310DD1D2
S21400419401244FF48072084E084DF46020462C64C7
S2140041A41A61FFF7C5FF3464EC6070BD6FF0010060
S2140041B4FBE700BF0000035000100350002003502C
S2140041C438B541F6713301220C4C0021E569E363EE
S2140041D40B4B05F48035DA600223606121202361ED
S2140041E4FFF7A6FF10B92120FFF7A2FF0122054B17
S2140041F4DA600DB10023E36338BD00BF000003504E
S214004204001003500020035070B5134C6061E3693E
S2140042145B071ED40E4656F8043B8D18A361AE42C7
S2140042240BD10423002121202361FFF781FF58B915
S214004234BDE870402120FFF77BBF08210846FFF742
S21400424477FF10B10423236170BD56F8043BA361C5
S214004254E5E74FF0FF30F7E7000003502DE9F84399
S214004264154641F67132164B8946DF69DA63012238
S214004274064603F58053DFF8508007F48037DA608B
S21400428455B9284601220F4BDA601FB10022A3F568
S2140042940053DA63BDE8F88306F5005404EA08041C
S2140042A4A41BAC4228BF2C46494622463046FFF79C
S2140042B4ABFF0028E6D12644A1442D1BE0E700BF4F
S2100042C4000003500020035000E0FFFF45
S2140042D02DE9F04F4FF0FD0BC9B09A460DF11B09C2
S2140042E09DF8503108AFCDF80C90CDF808B0019786
S2140042F0059303890446009383790E4690464188C9
S2140043008288407811F0BCFB054650B10090A38827
S214004310002062883A4911F0F7FE284649B0BDE809
S214004320F08F99F800002EF06BFA38B12846A38873
S2140043306288344911F0E8FE8D25EEE75A46394684
S21400434099F800002EF004FA8346002851D0529BBC
S2140043501BB1BDF84C3198424BD8002399F8009019
S2140043600793A9F14102012A5FFA8BF123D8384658
S2140043700139254ADFF898C05FFA81FE734513DBE2
S214004380059B04210792C3B907AF18221F489FED6B
S2140043901A7B02FB060420460A460830394684ED9E
S2140043A0027B16F0D9FB11E010F8011F01335140D3
S2140043B00CFB01F2E2E7059B33B123464A4638463A
S2140043C000960FF0DFFAA8E70829DED9B8F1000F4B
S2140043D001D088F80090BAF1000F01D0AAF800B01A
S2140043E0529B002B99D05A46184608A916F0B4FBE3
S2140043F093E7012591E700BF0000000000000000E1
S214004400BAE00300EFE00300C59D1C818010002089
S21400441093010001000000002DE9F04F93B0CDE9B4
S2140044200A32DDE91C530E9353EC102BCDE908013C
S214004430104619468DED060B1E9E15F017FE80B130
S214004440DDE906014FF0FF32C54B15F037FE40B9E7
S214004450DDE906014FF0FF326FF4801315F010FE11
S21400446070B1DDE908019DED060B0E9B1E96CDE9A9
S2140044701C53DDE90A3213B0BDE8F04F00F088B9EE
S2140044800022DDE90601002315F0FAFD002800F001
S2140044903381DDE906A303F1004BCBF30A5016F493
S2140044A08063A0F2FF3008BF06250F9315F00CFBC3
S2140044B09BA3D3E9002315F071FB9BA3D3E900234C
S2140044C015F0B6F9CBF31304894644F07F518046C5
S2140044D00022A44B504641F4401115F0A7F994A3CE
S2140044E0D3E9002315F05AFB02460B4640464946E0
S2140044F015F09EF915F0ECFD044615F0E5FA8EA3CE
S214004500D3E900238046894615F048FB0022964BE7
S21400451015F08EF915F0DCFD89A3D3E900230746D4
S2140045204946404615F03AFB80463846894615F01F
S214004530CBFA85A3D3E9002315F030FB02460B46E1
S2140045404046494615F072F902460B46CDE90C2363
S21400455015F024FBDDE90C238046894610461946F3
S21400456015F066F90022CDE91001804B4046494619
S21400457015F03EFC00227E4B15F05AF902460B461B
S2140045804046494615F034FC00227A4B15F050F9A7
S21400459002460B464046494615F02AFCDDE90C2348
S2140045A08046894600204FF0804115F03FF90246CC
S2140045B00B464046494615F03BF902460B46DDE9F8
S2140045C0100115F015FC07F2FF3700226A4B15F0B4
S2140045D02FF900223B0515F0E1FA52465B4680466D
S2140045E0894615F06BFD002840F08980CDE90C89DE
S2140045F004F16303C62B8CBF0527042731051BD5A2
S21400460053A3D3E900235046594615F04DFD002824
S2140046107FD051A3D3E900235046594615F030FD0C
S214004620002876D00027A542C6BF2C1B04F1FF3514
S21400463000253C4646F480660E9B9F422CBF4FF0FA
S2140046400008A3EB070816F0020903D0002F18BFD6
S2140046504FF000083CB1DDE90C235046594615F0F2
S214004660C7FB82468B46DDE906010022002315F0D3
S21400467007FD10B10BF100439B46DDE9080126F467
S2140046800063CDE90183DDE90A324BEC10AB0095FF
S21400469000F07EF802465FB3DDE9091316F0200F3E
S2140046A000F10105089E0CBF65204520B047DDE9F6
S2140046B008010523002205930A23002CCDE90232C7
S2140046C007F1FF374FEAD473B8BF64422A46019316
S2140046D004970A9B00942FF0B1FE0246B9F1000F32
S2140046E006D00B9BC41A0B9B1A190E9BA34245D8E7
S2140046F0104613B0BDE8F08FDDE906ABCDE600222C
S214004700404649461A4B15F073FB013CCDE90C01B7
S2140047106EE7002D90D00F9B002B8DD0013D8BE7D0
S214004720FB799F501344D33FB3C8608B288AC63F9B
S21400473061436F63A787D23F71A379094F930A40FD
S2140047401655B5BBB16B0240EF39FAFE422EE63F76
S2140047502D431CEBE2361A3F0000000080842E41F9
S214004760FFFFEF7F0000F83F0000E03F00002C4016
S21400477000002440000018400000F03F2020DDE943
S2140047800913089DA8470134ADE700BF00000000EC
S2140047902DE9F04F5BEC10AB97B0CDE90501DDE9F4
S2140047A02058CDE90723504652465B465946229F7D
S2140047B015F05CFC70B90323CDE902870193AA4B80
S2140047C00093DDE90501DDE907232FF069FD17B049
S2140047D0BDE8F08F4FF0FF326FF480135046594615
S2140047E015F04EFC28B10423CDE9028701939F4BB8
S2140047F0E6E74FF0FF32504659469D4B15F05EFCFB
S21400480068B19C4A07F00403002B08BF03229A4BAA
S2140048101CBF13460422CDE902870192D0E750461A
S2140048208DA3D3E90023594615F048FC38B98CA36C
S214004830D3E900235046594615F022FC68B1DDE95D
S2140048400723DDE905014BEC10ABCDE92187209568
S21400485017B0BDE8F04FFFF7DFBD0022002350463B
S214004860594615F00DFC002800F091805B46524634
S2140048700020002114F0DAFF012382468B460993BC
S21400488017F4806400F08580092D40F285800024AE
S21400489030210EABA5F109020134202C03F8011BD0
S2140048A0A5EB040901D09442F6D15946504615F0BE
S2140048B00FFC724B054603EBC90393ED007B8DEDB1
S2140048C00A7B15F001F902460B465046594614F08D
S2140048D0ADFFDDE90A2315F061F902460B46CDE986
S2140048E00C2315F01DFC064615F0DEF802460B46B6
S2140048F0DDE90C0114F09AFF02460B46CDE90C23C5
S21400490000225F4B15F0DAFB002848D0013630460F
S21400491015F0CAF802460B46DDE90A0115F0BAFBA7
S21400492008B100260135B9F1000F45D1284615F02B
S214004930CBF802460B465046594614F077FF002245
S2140049404F4B15F09DFB10B9E90700D501350A213C
S2140049500EAB1A19202C0AD095FBF1F001FB10556E
S214004960303502F8015B013405460028F2D107F025
S2140049700302012A55D1B8F1000F52D0099A12B994
S21400498017F00C0F01D008F1FF38302240E00990F4
S21400499076E74FF0060988E7A946002485E7002257
S2140049A0DDE90C01364B15F06BFB0028BBD10EB1D0
S2140049B0F007B8D50136B6E70A210EAB1A19202C37
S2140049C00DD0B6FBF1F001FB1063092E03F13003A6
S2140049D009F1FF3904F1010402F8013B11D8302136
S2140049E0A1440EAA202CB2D04C4504F101030AD1F2
S2140049F004F158020DEB02042E2204F8202C1C466B
S214004A00A5E70646DBE7A1541C46EBE71A5501343A
S214004A10444506D2202CF9D1CDE9028701940EAB8D
S214004A20CEE6202CF8D0099B3BB12D2204F158038A
S214004A306B4403F8202C0134EEE77A0704D504F122
S214004A4058032B226B44F4E73B07E5D504F15803E3
S214004A5020226B44EDE700BF0000000065CDCD418D
S214004A600000000065CDCDC1DDFD0300E1FD0300C3
S214004A70FFFFEF7FD4FD0300D9FD0300F8460400D6
S214004A800000E03F0000000070B58EB02C22002130
S214004A9003A815F0D1FE64234FF002320893CDE947
S214004AA005230B2301218DF834305B4B8DF8101055
S214004AB01D880D4040F0A980084633F01BFD0A22F1
S214004AC0564B574C1A704FF42873ADF812304FF00F
S214004AD0FF332360534B54491B8820460B82534BAD
S214004AE0534A1B68CD828B61524B0D621B884B82EA
S214004AF0514B1B68CB611CF00DFB20B14FF41B71B2
S214004B004E4834F08FFD052120682FF08AFE20B134
S214004B1040F27D21494834F085FD206814F042FEBD
S214004B20474B206819682FF03FFF0C2534F04AF9F0
S214004B306843099034F046F968430DEB0501079089
S214004B40206816F03BFD20B140F295213B4834F03A
S214004B5069FD25681EF016FD0022014628462FF046
S214004B609BFF20B140F29721344834F05BFD40F2C1
S214004B700353344D344E2B80052396F90000AB705A
S214004B807F2801D11CF0BCFB3378EB7034F01AF9A7
S214004B9000EB80008000A88034F014F90023C000E9
S214004BA04FF0FF31E880AB604FF0FF3018A3D3E939
S214004BB0002333F0F1FD254920682FF026FF2068FA
S214004BC002A930F042FB20B14FF434711B4834F098
S214004BD029FD042220680DEB02012FF0BAFE0428FE
S214004BE004D040F2D721154834F01CFD01A901205D
S214004BF02FF0BBFA06F0C4FD01201DF005F82BF0DF
S214004C001BFB1DF02BF81CF013FB0EB070BD00BF95
S214004C100A0020FF42030000125900203D600020D9
S214004C2038530020A6600400E8660020AC6004004C
S214004C301D850300A4600400A8600400A6360400D6
S214004C40306400202C530020B269002091850300B8
S214004C500348044B834202D0034B03B11847704706
S214004C60E0690020E069002000000000064B0749CC
S214004C70C91A891048BF0131491003D0044B0BB143
S214004C8001481847704700BFE0690020E06900202F
S214004C900000000010B5064C237843B9FFF7D8FF94
S214004CA0044B13B10448AFF300800123237010BDFA
S214004CB0B0150020000000002C84040008B5044B4A
S214004CC01BB104490448AFF30080BDE80840CDE7B7
S214004CD000000000B41500202C840400A3F5803AE0
S214004CE0704700BF154B002B08BF114B9D46FFF7C2
S214004CF0F5FF00218B460F461148124A121A15F08E
S214004D009BFD0C4B002B00D098470B4B002B00D084
S214004D1098470020002104000D000B4816F0D2F83A
S214004D2015F062FD200029002AF079FA16F0B8F88E
S214004D30000008000000000000000000081000202E
S214004D4008100020946000202DAF010007B5012157
S214004D5020200DF1070200F0D7FE58B102230121F2
S214004D6020200DF107028DF8073000F0DDFE03B0BD
S214004D705DF804FB9DF807100229F8D002220948C6
S214004D8014F048FC022301210DF1070220208DF8C3
S214004D90073000F0C9FE2AF0C6F94FF4FA6000F0BA
S214004DA0C3FDE4E7489A030038B501F025F801286A
S214004DB005D001F021F8022801D001F035F8064DA3
S214004DC02B783BB901F018F80128044602D12AF0E6
S214004DD01DFA2C7038BD00BFF059002070B50C4687
S214004DE0088800F00DFE94F844300546834214D03F
S214004DF004F11C0630462AF0A5F984F844502AF03F
S214004E00A5F93221A06430462AF097F994F84410A8
S214004E100248BDE8704014F0FDBB70BD709A0300F8
S214004E2010B50446008800F0EBFDA37884F8440033
S214004E30834202BF0123E3702371074B04F11C0079
S214004E40C4E9073400F0B6FE224620880349BDE8D0
S214004E50104000F0EDBD00BF07EF0200DD4D000082
S214004E6070B5C37804460D461646002B34D1D1B132
S214004E70214814F0CFFB0123E370E36CA6600BB16E
S214004E80E06D9847E368F61A63699E4221D2217E58
S214004E901A480131C9B2217614F0BCFBA36D13B1D8
S214004EA0217EE06D9847E5702AF050F915B3237916
S214004EB003BBA268238A801A83421BD201231048B0
S214004EC0237114F0A7FB236DA3B1E06DBDE870401D
S214004ED0184701232376E6E70029E4D1094814F0B1
S214004EE099FB636DE660E5702571002BDBD0E06D05
S214004EF09847D8E770BD00BF8D9A03009E9A0300BE
S214004F00CC9A0300B99A0300F8B51E468388044677
S214004F100D4617460BB18680F8BD817800882AF0CA
S214004F2013F80123E370084BE5802781A680C4E9C7
S214004F3003340C34204600F03DFE29462046BDE8EA
S214004F40F8402AF0FAB800BF53EF020010B5017916
S214004F500446B1FA81F1008849092AF06CF82179F3
S214004F606088B1FA81F149092AF065F8034B1A689E
S214004F70A24204BF00221A6010BD00BFCC1500205C
S214004F8070B543790446A3B100880E4E04F10805B7
S214004F90336813B10C4B1B786BB121792AF04BF8B0
S214004FA064210A4B3460A3602846BDE870402AF0AE
S214004FB0C4B84088E9E7064814F02CFB054B3221BC
S214004FC0A360F1E7CC150020F15900204D4F0000FA
S214004FD0E29A0300814F000010B50446E0B10F4886
S214004FE014F018FB01236371A37953B92179208843
S214004FF02AF021F8236B7BB1606B0121BDE81040DD
S21400500018472046FFF7A2FF04F108002AF09AF896
S2140050102046FFF7B5FFEDE710BD00BF189B030065
S21400502010B50446F8B1104814F0F4FA0023637182
S214005030A3796BB921792088B1FA81F1490929F061
S214005040FAFF236B7BB1606B0021BDE81040184768
S2140050502046FFF77BFF04F108002AF073F820468D
S214005060FFF78EFFEDE710BD239B030010B5044647
S21400507068B1074814F0CEFA637920461BB1BDE844
S2140050801040FFF7CDBFBDE81040FFF7A5BF10BD2D
S2140050902F9B030010B50E4C0E48214614F0BAFAAA
S2140050A082210D4814F0B6FA82210220A21E00F0DA
S2140050B03BFD014630B134F8022C0848BDE81040EC
S2140050C014F0A8BA0648BDE8104014F0A3BA00BF12
S2140050D07E5400203E9B0300599B0300649B030004
S2140050E0A89B030038B5104C82212246022000F00F
S2140050F00BFDA51C014678B122880C4814F08AFAEC
S2140051002A460B4B03F1340153F8040B8B4242F84A
S214005110040BF9D13323238035F8021C054A0648D0
S214005120BDE8384014F076BA7C540020B39B0300E8
S214005130339C03007E540020119C030010B50446E7
S2140051400146084814F066FA012C074805D129F0F4
S21400515058FFBDE8104001F05DBABDE8104029F0E8
S21400516052BF00BF679C0300BC63002070B50024DC
S214005170184D194E3378A34217DC0024174D184EED
S2140051803378A34217DC0024164D174E3378A3421B
S21400519017DC00F031FE0128144818D129F031FF41
S2140051A0BDE87040124800F039BE2846FFF738FECA
S2140051B001346035DEE7284629F009FF013434352E
S2140051C0DEE7284629F03CFF01343835DEE729F0D3
S2140051D01AFFE5E7A0200020F7590020C024002091
S2140051E0F8590020701E0020F6590020BC630020ED
S2140051F03D5100002DE9F04F87B0FFF773FFAC4B31
S21400520005A8059329F045FF054615F011FAA94CA7
S214005210C2B21F2A627004D9A74814F0FBF900F046
S21400522077FB2946A01C15F097FC05A829F031FF4E
S214005230054615F0FDF9C2B21F2A84F8212001D9CF
S2140052409E48EAE7294604F1220015F085FC05A8E9
S21400525029F01FFF002604462578002D40F08480A4
S214005260974CFFF783FF2378DFF894A2DFF8948249
S214005270944E00939AF8003098F8002031789248BF
S21400528014F0C8F998F800203378904F13449AF831
S21400529000204FF48270134422784FF6FF711344B7
S2140052A0DBB2012B38BF01233A4602932B463D461C
S2140052B0029C01339C4213705080918002F10C02D4
S2140052C0F6DC4FF0000B824C80497A48AC6000F068
S2140052D059FEE879AB6800EB400003EB800000F075
S2140052E05DFCEB79DFF8FC910133EB7133785B45BD
S2140052F000F34A8200274FF00C09764ADFF8CCB15B
S21400530098F800003178B84200F3528247180C2112
S214005310002501FB07B19AF800009423A8426E4AC4
S21400532000F364820C2598F8003000274FF07008D0
S2140053303678DFF8D4A11E44064405FB06B5604B5C
S2140053401B78BB4200F365820299604800F094FC2B
S214005350059B57491A468B4240F06E825F4807B05D
S214005360BDE8F04F14F056B9532D0FD163784C2B8F
S21400537040F00C81A378502B40F008810122584B56
S2140053801A7005A829F085FE044665E7582D35D81D
S214005390412DF6D9423D162DF3D801A353F825F03A
S2140053A029540000FD56000083530000835300007C
S2140053B08353000083530000835300000D55000004
S2140053C08353000083530000655400000F54000010
S2140053D08353000083530000835300008353000070
S2140053E0FB5500008D5500008353000083530000DA
S2140053F0835300008353000067560000692DC0D118
S214005400601C29F053FE80B229F089FEB9E72D4BC7
S214005410012019780023334A994202F1A402B0DD34
S21400542002F8A20C0133F7E7601C00F055FB0546B6
S214005430E01C29F05DFE01210246284600F09AFA9B
S21400544060222948294C03785A43A118A5524FF4E4
S214005450FA620A824FF448724A61254A0A650133A5
S21400546003708EE7601C00F037FB0022342680466F
S214005470204F114600F07EFA38781F4D06FB00F3E9
S21400548025F80380EA18E3781046693B18BF012325
S214005490937029F09CFD3B78002103FB06550126FE
S2140054A0164A33441560516016743B7069E700BFB6
S2140054B07E540020DC620020869C03009D9C030036
S2140054C0F2590020F5590020AD9C0300D0150020AD
S2140054D048160020D41A002018190020FD9C03004E
S2140054E0F1590020D41B0020F7590020A0200020EE
S2140054F073F00200F8590020C0240020BC6300208E
S214005500F3590020F4590020C8170020601C00F052
S214005510E3FA00221146804600F02CFA3422CB4DE6
S214005520CB4F287802FB00F327F80380F918E378BE
S2140055300846693B18BF01238B7029F048FDC54A11
S21400554000231146906BB8B901EB831134232A78F7
S21400555002FB03738B635EB9BF4A3346114652F8AB
S214005560040B78B93422287800FB027241F8232015
S2140055702B7801332B7004E70133042B02F1400231
S214005580E0D1E8E70133042BE9D1F1E7601C00F035
S214005590A3FA0746E01C29F0ABFD01210246384677
S2140055A000F0E8F96023AD4DAD4C2A78A4205343B3
S2140055B0E118E7524FF44873AA4F0B824B61AA4B8F
S2140055C0DFF8C8C28B653B7858430CEB00010CF83B
S2140055D000304FF40070488003200871887102EB99
S2140055E0420004EB401432200133DBB201324B712F
S2140055F08C6081F8A0002A7057E7601C00F06CFAF7
S21400560000224FF038088146984F114600F0B2F954
S2140056103B78974D08FB03F325F803904FF00109FC
S214005620EA1882F80490E3786BB1E01C00F054FAB4
S21400563000220446114600F09DF93B7808FB035310
S2140056405C8083F806908B48824A0378990153540D
S214005650397802EB8314C1EBC10205EBC202626328
S2140056604A1C3A70FBE6601C00F036FA0746E01C5F
S21400567000F032FA0546601D29F03AFD044602465F
S2140056800121384600F076F922466024284601219A
S21400569000F070F9DFF8C4C1714A9CF80030DFF8FA
S2140056A0C8E104FB03F0111817524FF44870C1F814
S2140056B058E008824861591CC9B24C431719155363
S2140056C094246D4D38827861981C8CF800002878F8
S2140056D0C7F858E04443694F03EB430301EB41012D
S2140056E007EB040C02EB431302EB41123855CCF8DF
S2140056F00430CCF808200130287042E6601C00F028
S214005700EBF90746E01C00F0E7F9002205461146D3
S214005710384600F02FF9002238241146284600F0BB
S21400572029F95248524A03784FF0010E04FB03FC55
S21400573002EB0C0122F80C704FF0000C81F804E02C
S21400574081F806C003EB0E01C9B24C431719155376
S2140057509C1C047070244A4D87F806C0287887F889
S21400576004E04443474FC3EBC303C1EBC10107EB5F
S214005770040C02EBC30302EBC1023855CCF804302C
S214005780CCF808207044B7E7BBF1000F06D017F836
S214005790053C03EB430304EB8304BC6039464846F0
S2140057A001F0E6F90BF1010B09F1A4090C379DE5B0
S2140057B079180AD0481E09FB00B0C07900EB4000FB
S2140057C004EB800409FB01B08460104609FB01511C
S2140057D0039200F0CFFF31782B48394409FB015182
S2140057E000F0FEFE039A0137403289E5FD4218BFFD
S2140057F011F8050C03911EBF00EB400004EB80047B
S2140058008C6003FB052000F003FE039901350C3184
S21400581081E5F74218BF15F8053C29461CBF03EB87
S214005820430304EB830408FB07A018BFAC6000F03A
S214005830C5FC01370C3582E513F8011D00297FF4FD
S21400584088AD3B2102F8011C83E500BFF859002013
S214005850C0240020D41A0020BC630020F759002082
S214005860A0200020F559002077F00200F65900200D
S214005870701E0020F4590020F3590020181900204B
S214005880F2590020C8170020641E0020D41B0020F8
S21400589007B5022101200DF1060200F035F938B9EE
S2140058A0044813F0B7FEBDF8060003B05DF804FB2D
S2140058B00020FAE71A9D030007B50221ADF806009E
S2140058C00DF10602012000F02FF9014610B1034841
S2140058D013F0A0FE03B05DF804FB00BF3B9D030081
S2140058E010B5FFF7D5FF04460146074813F092FEB1
S2140058F00121064813F08EFE24B9BDE810400120B1
S214005900FFF7DABF10BD00BF6B9D03007D9D03004F
S21400591008B5044813F07EFE00F016F929F003FCE3
S21400592029F0FEFB939D030038B50446084D094B4D
S21400593028462B6000F03EF9002C18BF214628466A
S214005940BDE8384008BF4FF4967129F0F6BB00BF9B
S214005950C4250020CBF0020010B5044C237823B9F0
S214005960034833F00BFE0123237010BDFA590020C4
S214005970203A040073B506460D461446FFF7ECFFC2
S2140059800E4A330AD35C8DF805608DF804307DB17D
S214005990012C04D0032C09D00022012101E022466C
S2140059A0022101A801F01AFE02B070BD0022F7E73E
S2140059B004212A460DEB0100F4E700BF9D370400E2
S2140059C007B5064A030AD35C8DF8050001A88DF8D2
S2140059D0043001F037FE03B05DF804FB9D37040089
S2140059E007B5064A030AD35C8DF8050001A88DF8B2
S2140059F0043001F053FE03B05DF804FB9D3704004D
S214005A0007B50A4A030AD35C8DF805008DF8043002
S214005A1000230DF1030101A88DF8033001F06AFEA2
S214005A209DF8030003B05DF804FB00BF9D3704003B
S214005A302DE9F043214C85B0064688469146FFF78F
S214005A408BFF23781BB901F0ADFD012323701C4AA0
S214005A50330AD35C30228DF80C300023194F8DF8B2
S214005A600D6002FB03F4395DE51901BB01233B55CC
S214005A704FF0FF3304F1100013493844AB606E80DA
S214005A80C5F80480C5F80C9008F09AFD04F10801EA
S214005A90042239440D4B009503A801F059FEA9686D
S214005AA002460B4813F0B6FD05B0BDE8F08301339F
S214005AB0102BD6D1074813F0ADFDF5E7F9590020B5
S214005AC09D370400EC250020D1F00200E3F0020030
S214005AD0A09D0300CE9D030080B10278A2F1410391
S214005AE0032B0BD840783038C0B2082806D8054BB0
S214005AF0134413F8413C40EA032070474FF6FF700A
S214005B00704700BF9D37040008B50B4642B10146FA
S214005B100448006802F060FFBDE8084029F0F9BAC2
S214005B20022008BD2864002008B50B4642B1014695
S214005B300448006803F0D8F8BDE8084029F0E9BA40
S214005B40022008BD28640020F0B50026124F8DB054
S214005B50FF2300930A223346386802A92AF021F967
S214005B60C0B102AB1D4603EB800404E055F8043BCD
S214005B70B34228BF5E1CAC423868E9D9296803F0F6
S214005B8039FA0028F2D02D28F0D00DB0BDE8F0404C
S214005B9029F0BFBA0DB0F0BD2864002028B1034B31
S214005BA00360034B436000238360704719000003C3
S214005BB0D0630020FF2307B50021044A0093083075
S214005BC008F082FC03B05DF804FB00BF35F102006C
S214005BD00B460449024608680349097808B129F0CB
S214005BE0BCBA7047F4280020FC590020F8B50C46D3
S214005BF018B122210E4833F015FD246823685E791B
S214005C005F8830463946FFF7E3FF08B98120F8BDC4
S214005C108568002DFAD0A368E27C39463046A8474E
S214005C2004460028F2D12DF055FB2046EFE700BFD2
S214005C30F69D0300F8B515460D4A044610680D4A51
S214005C400B46117850B1224629F087FA034628B150
S214005C5000210C27C678B14201DB0020F8BD07FB07
S214005C6001F45A681019125BAA42F7D00131F2E724
S214005C70F4280020FC5900202DE9F74F04460D4675
S214005C800026454B454F1860454B197033010021DF
S214005C90F85C01360FF0E2FC0C2EF7D10C2D28BF75
S214005CA00C254FF0000901953C4EDFF800A13D4D54
S214005CB0DFF8FC80019B4B4502DC03B0BDE8F08FAB
S214005CC023784FF0000B337063887380A388B3800B
S214005CD0A379C6F80880B371E379C8F8005088F84D
S214005CE004304FF00003A768A8F80630E3795B4558
S214005CF00ADC012116F8100B0FF0B0FC08F10808BA
S214005D0009F101090C34D5E74FF0000338886B81A0
S214005D102880FB784FF0000C2B81BA78C5F804A0D9
S214005D20002A00920CBF802240222A7379680AF16A
S214005D300C02634513DC03EB43030AEB830ABB68E0
S214005D4043B1009A4FF6FF71B2FA82F2164B52092F
S214005D502DF050FA14350BF1010B0C37C6E7B1F8ED
S214005D6000E00CF1010C22F80CEC91F802E00C3289
S214005D7002F816EC91F804E00C3102F815EC11F874
S214005D8009ECBEF1010F14BF4FF0100E4FF0110ECC
S214005D9002F814ECCDE700BFF42800201C400020D9
S214005DA0FC590020F82E0020ED5B0000F8280020AB
S214005DB078310020014B1860704700BFF0280020A3
S214005DC070B5128805460E46FFF734FF044670B1DC
S214005DD002790499806814F081FD064B1B680BB9A4
S214005DE0002070BD3146284622889847F8E786206E
S214005DF0F7E700BFF028002008B50EF0CBFC02281D
S214005E0006D0012806D0044B18784000C0B208BD62
S214005E100120FCE70220FAE7FB590020014B18603E
S214005E20704700BFEC280020034B1A781AB90122ED
S214005E301A700AF00FBD7047FB5900200022064B6F
S214005E4010B51A70054B1C682CB1FFF7D5FF23461A
S214005E50BDE81040184710BDFB590020EC28002074
S214005E6037B50446002832D00EF094FC022830D114
S214005E7060892DF091FDE079237A003818BF012063
S214005E80012B637A08BF40F008000BB140F0100009
S214005E9063890BB140F00400257CA188A2790DB17E
S214005EA0E36873B90C4B0FF0B5FF2178084610F085
S214005EB02DF82DF098F8002814BF0320002003B01A
S214005EC030BDCDE90035054B0FF0A4FFEDE702200D
S214005ED0F5E70120F3E700BF07ED0300D0BC0300A1
S214005EE008B50CF015FE014630B1044813F092FBDD
S214005EF0BDE808400DF0B0B908BD00BF689E0300BD
S214005F00034B044A5B7C012103201370FFF70CBE91
S214005F10BC630020FD59002010B50446FFF7F0FFD3
S214005F20B4F57F4F0BD100240A4B1A8813449C709B
S214005F30FFF7B0F82046BDE81040FFF7F5BC4FF677
S214005F4001739C4204D1BDE81040034829F041B8D3
S214005F5010BD00BF7C540020BC63002010B5074C69
S214005F60012122460320FFF7CFFD28B92378044AF3
S214005F70003B18BF0123537410BD00BFFD5900201D
S214005F80BC6300200822F8B532244B4B33251A7028
S214005F9030225C70DC7036249A705A71DA714FF4D5
S214005FA000121C711C72454C4264C464444C0122AD
S214005FB00465444C9D718465434C8518C465434C08
S214005FC0C5674466424C434D8466434CC0F88050D7
S214005FD00467424C80F848204467202480F87840C4
S214005FE080F8844000F12104C0F888403C4C80F8DA
S214005FF05420C0F88C403B4C80F86020C0F8944099
S214006000394C80F86C20C0F8984080F89020374CC7
S21400601080F89C20C0F8B830354BC0F8A440C0F8D3
S214006020BC300F24022380F8A84080F8C030314CE2
S214006030314BC0F8AC40C0F8C430304C304BC0F8E0
S214006040B040C0F8C830092482232E4D80F8B440F2
S21400605080F8CC302C7C2C4BC0F8A000C0F8D03098
S21400606044B12A4B80F8D820C0F8D43005F111038B
S214006070C0F8DC304FF0000CCA798E6802EB4203A1
S2140060809F00443006EB830326F807C058600120C3
S2140060900C349870DC701318CB71FFF75FFFFFF7B6
S2140060A0ABFE012806D12B7C23B1BDE8F84015488D
S2140060B028F08FBFF8BD00BFFE590020B637040099
S2140060C001002000B537040002002000B4370400A9
S2140060D00300200005004200B3370400040042001D
S2140060E007003000B23704001200100100404200E2
S2140060F0FDFF2100A1370400B0370400060042006F
S21400610000FF4401BC6300207C54002001FF100106
S214006110437B044A0121137000781130C0B2FFF7A8
S21400612003BD00BF085A002038B504460078054D68
S21400613011302A460121C0B2FFF7E6FC08B92B78D9
S214006140637338BD085A0020024B53F8200029F02C
S214006150EBB800BFD8310020012908B506D00229C7
S21400616007D049B929F0D7F8002008BD29F0D6F89D
S214006170FAE729F0D6F8F7E7024813F04BFA0120C1
S214006180F3E700BF959E030011461A46024B53F8EC
S2140061902000FFF7E1BF00BFD8310020002310B574
S2140061A0044683810364A0F844304830FFF702FDBC
S2140061B0014BC4E9123410BD0FF3020038B5044693
S2140061C00B781A4A43700D4642F82300FFF7E6FFA5
S2140061D02046FFF7A9FF4FF4401323610123144A1A
S2140061E02375A261134A84F82030E261124A84F8CB
S2140061F02C306262114A84F83830A26204F10C0234
S21400620022630F4A04F10D036263E363EA79A86828
S21400621002EB420300EB830110344C60094C40F85B
S2140062202340094B8B60531CEB7138BDD8310020DE
S214006230075A0020080020005A69002000FF30009E
S21400624001FF1001020101048961000010B47024EE
S214006250427B0D48013A012904FB020006D00229C0
S21400626008D059B95DF8044B29F055B85DF8044BD1
S21400627029F054B85DF8044B29F053B803485DF88C
S214006280044B13F0C7B900BFC8170020B19E030027
S214006290B0F85C302DE9F0418B4204460E4638D00B
S2140062A0437B077C8BB31C4A12789A422DD3702509
S2140062B01A4A013B05FB032390F80F801B7B4246DE
S2140062C029F040F8B845054601D1FF281FD13A46C7
S2140062D03146204694F8903029F034F82F4605468B
S2140062E0552212216078A4F85C6028F058FFFF2F32
S2140062F003D039462046FFF7A9FFFF2D09D02946CF
S2140063002046BDE8F04129F05DB8FF25DFE70746E7
S214006310E6E7BDE8F08100BFF2590020C81700206C
S21400632041688268C978D27849B112B10321FFF773
S214006330AFBF837B002B0CBF01210221F7E72AB1F8
S214006340837B002B0CBF02210121F0E7014813F0EC
S21400635061B900BFC29E0300037BD3B14368DA78FD
S21400636012B18268D278A2B91B7933B1837B002B35
S2140063700CBF04210521FFF78BBF83681B792BB167
S214006380837B002B0CBF05210421F4E7014813F0A2
S21400639041B97047F49E0300084A437B05211370F9
S2140063A0837B5370C37B9370037CD370037B137122
S2140063B000780E30C0B2FFF7B7BB00BF095A002006
S2140063C038B5044600780C4D0E302A460521C0B27A
S2140063D0FFF79AFB20B1BDE83840084813F01AB919
S2140063E02B7863736B78A373AB78E373EB782374C3
S2140063F02B79237338BD00BF095A0020309F030055
S214006400024B53F8200029F027B800BF00320020C6
S214006410F8B504460B78424A43700D4642F823000E
S214006420404E29F037F8FFF7CBFF6268A3683E4876
S2140064303E49D6641165D4655065C3E91410DE6420
S214006440DC654FF0987302266361012304F10C01AA
S214006450E16137491032216204F10D01A16235492C
S2140064602376E16204F10E016163334984F8243037
S214006470A16304F10F012164304984F8303061646F
S21400648004F11001E1642E4984F83C3084F8483069
S214006490216584F85460A265E879A96800EB40029B
S2140064A001EB820704F1140CC7F804C04FF4817C9A
S2140064B0244F41F82270C218D2B202EB420241F8D1
S2140064C022C001EB820700227A601F4A84F87030EF
S2140064D022661E4A84F88830A2661D4A1D4BE26674
S2140064E01D4AC4F88C3062671C4A8319A26704F1FF
S2140064F05C02C4F88020DBB2194A03EB4303C4F8FD
S214006500842084F8646084F87C6001EB8302603445
S2140065105460144A033041F82320E871F8BD00BFE8
S21400652000320020216300001BF4020059630000C3
S21400653001002001020010010300300104003001B8
S2140065400500210101FC01064A002100B8370400BD
S21400655051001000BA370400BB3704005500210074
S2140065606F0018001200010470B50D46064614466A
S21400657013460A460146164813F04CF825B920463D
S214006580BDE87040FFF7C8BC072D05D12146304650
S214006590BDE8704000F0B2BA4FF601439D4205D107
S2140065A021463046BDE87040FFF72ABF062D05D1CC
S2140065B021463046BDE8704000F096B8B5F5817FBC
S2140065C005D121463046BDE87040FFF7BDBD70BD21
S2140065D05F9F03000148FFF7EDBB00BF6965000041
S2140065E04FF4C01330B5036001230371074B8C686A
S2140065F08360CA7902EB420304EB830568600448B3
S21400660044F82300531CCB7130BD00BFBC370400D8
S2140066100400010138B50024044D55F8040B08B1F8
S21400662028F048FF01340A2CF7D138BD2832002064
S214006630042908B509D15AB113781BB928F065FFAB
S214006640002008BD28F057FFFAE7024812F0E2FFE4
S2140066500120F6E7929F030011461A46024B53F8B4
S2140066602000FFF7E5BF00BF2832002002290246BF
S21400667008B50ED004D839B9104628F046FF06E013
S2140066804029F9D0412907D1104628F034FF0020D0
S21400669008BD28F044FFFAE7024812F0BBFF0120CD
S2140066A0F6E700BFB29F030011461A46024B53F8A6
S2140066B02000FFF7DBBF00BF28320020426B094BEB
S2140066C052791A7082785A70C2789A70826B12B1B8
S2140066D090F83C20DA70007804210930014AC0B2F4
S2140066E0FFF722BA0E5A0020024B53F8200028F07B
S2140066F032BF00BF2832002038B504460078084D67
S21400670009302A460421C0B2FFF7FEF930B96B788B
S214006710A370AB78E370EB7884F83C3038BD00BFEC
S2140067200E5A002038B504460078114D09302A4626
S2140067300421C0B2FFF7E8F9C8B9A3782A78022B7B
S2140067400CD004D863B9204628F0DFFE01E0FF2B0A
S2140067500AD02046BDE8384028F0ACBE002AF2D168
S214006760204628F0C8FEF4E7002AF9D1EBE738BD4A
S2140067700E5A0020F8B504460B78284A0D4642F813
S21400678023004370FFF7B8FF636B254A5C631A6308
S2140067902046FFF7C7FF204628F08CFE4FF48013F4
S2140067A063600123626BA66B0532E2601D4A2372AA
S2140067B02261A21C2375A26166B11B4A84F82030B0
S2140067C0E261E21C6262194A84F82C3004F13C0350
S2140067D0A26223630627EA79A96802EB4203002E29
S2140067E021F8237001EB83000CBF02230423C3703F
S2140067F0012383700E4B04348360531C4460DBB269
S2140068000C4C03EB430341F8234001EB83000023C9
S2140068104360094B02328360EA71F8BD28320020DB
S21400682033F502000340300101FF300102FF100182
S214006830A96600000800010059660000024641797A
S214006840D37808480139042B00EB811008D8012BB7
S21400685004D80BB928F04FBE28F057BE28F05FBE0C
S214006860704700BFD41A002002464179D378084802
S2140068700139042B00EB811008D8012B04D80BB982
S21400688028F043BE28F037BE28F049BE704700BF48
S214006890D41A002030B587B004464579FFF7ACFA25
S2140068A0012822D1E2786B1E042A1ED8DFE802F007
S2140068B00431031F2800104663784FF480728DF869
S2140068C004304FF48273ADF806300623ADF8083076
S2140068D001238DF80B3000238DF80A0001A8CDE9BE
S2140068E003238DF81430FFF7BBFA07B030BD0A4A11
S2140068F002EB83135B6B5B79181E18BF0120DBE786
S214006900054A02EB83135B6B5B79B3FA83F04009AD
S214006910D2E70020D0E700BFD41A002030B587B0F9
S21400692004464579FFF768FA012829D1E3786A1EFC
S214006930042B25D8DFE803F00B0B0B032600164BC1
S21400694003EB82135B6B5B79003B18BF0123627815
S2140069508DF80A308DF804204FF482720123ADF8CA
S214006960062006228DF80B30ADF8082000234FF4E1
S214006970807201A8CDE903238DF81430FFF770FA72
S21400698007B030BD044B03EB82135B6B5B79B3FA45
S21400699083F35B09DBE700BFD41A002010B586B08E
S2140069A00446FFF729FA012812D16378094A8DF8C0
S2140069B004304FF48273ADF806304FF48073CDE99F
S2140069C00223002301A804938DF81430FFF748FA39
S2140069D006B010BD0800070110B586B00446FFF7E4
S2140069E00BFA012820D16278104B8DF804204FF462
S2140069F0827294F8A01094F8A10059701870ADF83F
S214006A00062004934FF480720223094901A88DF8EA
S214006A101430CDE90212FFF723FA94F8A130013BB7
S214006A2018BF012384F8A13006B010BD125A00200A
S214006A300800050110B583780446E3B10379022BFC
S214006A4006D143790C48013B00EB831028F067FD24
S214006A50A379022B02D12046FFF71CFF2046FFF742
S214006A60BBFF02236078A4F86C305522BDE81040C6
S214006A70122128F094BB10BDD41A00204388094A7E
S214006A80082113808388538083681B8A938090F83C
S214006A90A03093718379D37100780430C0B2FFF7C9
S214006AA043B800BFFE54002038B50D4604460178B2
S214006AB0104812F0AFFD4FF602739D420CD1637979
S214006AC01BB10D4A12789A4201D201236371204607
S214006AD0BDE83840FFF7D2BFB5F57F4FF7D1204667
S214006AE028F096FDA378022B0CBF01220022A36893
S214006AF09A70ECE7CE9F0300F4590020024B53F83F
S214006B002000FFF7D1BF00BF5032002038B5044642
S214006B100078134D04302A460821C0B2FEF7F4FF71
S214006B2020B1BDE838400F4812F074BD2B88638052
S214006B306B88E978A380AA88A3681A82AB7984F860
S214006B40A030EB79A37119B1074B1B788B4205D2A5
S214006B50064812F05FFD23780133637138BD00BF2D
S214006B60FE540020E89F0300F459002011A0030003
S214006B70F8B504460B78474A0D4642F823004370A2
S214006B80FFF7C4FFA268444BD465D364434B022688
S214006B905365434BA11C13654FF44013E360012378
S214006BA06161E1623F49103221632265211D3E4A40
S214006BB0A1633E483E49626504F1A002A061E1631C
S214006BC0E265E01C611D3B4A206261643A483B492D
S214006BD02266A21D2374237784F8283084F8343084
S214006BE084F84030A16484F84C6084F8583084F807
S214006BF064306062A266E879AA6800EB400102EBA6
S214006C00810704F10C0CC7F804C04FF0060C2C4F9B
S214006C1042F82170C118C9B201EB410142F821C007
S214006C2002EB810700217960264F84F880302767C1
S214006C30254F84F89830A767244F254BE767254FE4
S214006C4084F8746084F88C60C4F89C3004F16C0698
S214006C50831CC4F88470C4F890601F4F1F4EDBB2CC
S214006C6003EB4303C4F89460C4F8887002EB830611
S214006C707034746008261A4C42F82340C31CDBB2FA
S214006C8003EB430302EB8304043042F823606160A5
S214006C90E871F8BD503200207DF50200BFF5020015
S214006CA0356A000001FF300104FF200110003001AA
S214006CB002FF200105FF300100FF300103FF210124
S214006CC0070001084A002100BE37040051001000EA
S214006CD0C0370400C1370400550021006F001800BB
S214006CE01200010400239B6AB3F5804F03D2196893
S214006CF0064A914203D00023037083607047012246
S214006D0002709A689B694260F7E700BF07B0CD5EE5
S214006D10024B034A1A602AF003B800BF00000020A6
S214006D2002020FF073B53F4B04461A781AB10222DE
S214006D301A7002B070BDCDE900220028F9D00126F5
S214006D401E7032F07DFB384D384B186017F044FA51
S214006D502B785BB902F0F2F940B935480823354A7A
S214006D603549006801F038FE00B92E70334B5A687A
S214006D70E260334A9A601A6E22605A6E6260D3F8F6
S214006D807021A2601B6E5C042CD52E4AD368D807EF
S214006D90FCD42D4B1A68531C29D04FF48013934013
S214006DA02A4A13660423294C4FF0804223664FF488
S214006DB080632366102323664FF4005368462366D9
S214006DC001A92266636628F03BFC009B2366019BB4
S214006DD063662B78002BACD0164B1A6822665B686D
S214006DE06366A6E71A4AD368D907FCD4D1E7194BDD
S214006DF01B78002BD6D1184B5A68144B12B94FF497
S214006E0080121A66154A526812B94FF400121A66B2
S214006E10134B5B68002BC5D14FF480020B4B1A66F0
S214006E20C0E700BF155A0020165A002088320020FE
S214006E30286400208C320020007108000080004486
S214006E4055CEAC0000000440F463002000900044DF
S214006E5000000450145A00200080055000C0055061
S214006E600000065038B5224D04462B78012B02D080
S214006E7001232B7038BD0028FCD028F006FC01301A
S214006E8009D028F002FC40F20113984203D0194AB8
S214006E90D368DB07FCD42268174B1A6662685A660A
S214006EA0A268C3F87021E268D40744BF00229A6043
S214006EB0124B1A68013213D1114A127882B911495D
S214006EC04968C80748BF1A600F4A5268D10744BFCE
S214006ED001221A600D4A5268D20744BF02221A6085
S214006EE017F082F90A4B186832F0A5FA0023C0E7BB
S214006EF0155A00200000044000800044F46300207F
S214006F00145A00200080055000C0055000000650AE
S214006F108832002070B50024A36AB3F5804F23D2D0
S214006F201A68134B9A421FD1124E337813F0FD05A0
S214006F3018D14FF480341048FFF7F4FE032004F015
S214006F40CBF90E4B0320DC6004F0AAF90C4B1C6155
S214006F50AB6ADB69984704460748FFF783FF0CB91E
S214006F6001233370204670BD4FF48174FAE700BFEA
S214006F7007B0CD5E145A00207832002000A00044EE
S214006F800090004413B5204B1B7803B9FEE700239E
S214006F901E4CCDE900336A4608231D49206801F0DF
S214006FA01BFDF8B91B4AD2F84031D2F840211F2BFE
S214006FB04FF0010311D9203A9340019A1A430192E7
S214006FC008236A461249206801F08EFE124B134AC7
S214006FD01A6029F0A5FE02B010BD9340009A1A432D
S214006FE00092EDE72D28F1D10A4AD2F84031D2F8C6
S214006FF040211F2B4FF0010385BF203A934093405A
S214007000019398BF0093DBE7155A00202864002000
S2140070100071080000800044000000200B020FF002
S21400702038B50025AB6A0446B3F5804F10D21B6B0B
S214007030B3F5804F0CD20748FFF774FEAB6A2046C4
S2140070401B6B5B689847BDE838400248FFF70ABFED
S21400705038BD00BF9432002013B50024A36A019007
S214007060B3F5804F13D21B6BB3F5804F0FD2094890
S214007070FFF758FEA36A01211B6B01A89B6998477E
S21400708004460448FFF7EEFE204602B010BD4FF45B
S2140070908174F9E79432002070B50026B36A04467E
S2140070A0B3F5804F0D4612D21B6BB3F5804F0ED250
S2140070B00848FFF737FEB36A20461B6B29469B69D4
S2140070C0984704460348FFF7CDFE204670BD4FF4B0
S2140070D08174FAE79432002070B50026B36A04463D
S2140070E0B3F5804F0D4612D21B6BB3F5804F0ED210
S2140070F00848FFF717FEB36A20461B6B2946DB6974
S214007100984704460348FFF7ADFE204670BD4FF48F
S2140071108174FAE794320020F8B50027BB6A04466B
S214007120B3F5804F0D46164611D21B6B7BB109484E
S214007130FFF7F8FDBB6A20461B6B324629465B6AA2
S214007140984704460348FFF78DFE2046F8BD4FF4E7
S2140071500174FAE79432002070B50026B36A04463C
S214007160B3F5804F0D4612D21B6BB3F5804F0ED28F
S2140071700848FFF7D7FDB36A20461B6B29469B6A73
S214007180984704460348FFF76DFE204670BD4FF44F
S2140071900174FAE794320020F0B50027BB6A044673
S2140071A0B3F5804F0D461646ADF5337D20D21B6BEA
S2140071B0B3F5804F1CD21048FFF7B4FDBB6A2046DB
S2140071C01B6B40F2C1225B6A01A99847044630B1A6
S2140071D00948FFF747FE20460DF5337DF0BD836A6C
S2140071E032461B6B2946DB6A01A898470446EFE740
S2140071F04FF40174EFE700BF9432002010B500246E
S214007200A36AB3F5804F10D21B6BB3F5804F0CD238
S2140072100748FFF787FDA36A1B6B1B6B984704465E
S2140072200348FFF71FFE204610BD0124FBE700BF02
S21400723094320020F0B58FB0044601A80E461546DD
S214007240FFF7EEFE9DF80C30012B12D1B5F5402F5E
S21400725027D8B4F5402F24D86319B3F5402F20D88B
S21400726021462A46304613F077FC002420460FB00D
S214007270F0BD0027BB6AB3F5804F15D21B6BB3F584
S214007280804F11D20A48FFF74DFDBB6A2A461B6B9A
S214007290314620465B6B984704460548FFF7E2FDFB
S2140072A0E4E740F20244E1E740F20114DEE700BF03
S2140072B094320020F0B58FB0044601A80E4615465D
S2140072C0FFF7AEFE9DF80C30012B1FD1B5F5402F11
S2140072D006D8B4F5402F03D86319B3F5402F13D959
S2140072E040F2024420460FB0F0BDE258013225D1EC
S2140072F004339D42F9D82A463146204628F0F5F94F
S2140073000028EDD00024EDE70023F2E70027BB6A53
S214007310B3F5804F15D21B6BB3F5804F11D20A48D8
S214007320FFF700FDBB6A2A461B6B314620469B6B67
S214007330984704460448FFF795FDD3E740F2034418
S214007340D0E740F20114CDE79432002070B58EB03D
S214007350044601A80D46FFF763FE9DF80C30012B8E
S21400736022D144EA0503C3F30C03002B33D1B5F551
S214007370402F04D940F2024420460EB070BDB4F54A
S214007380402FF7D82544B5F5402FF3D8204604F50E
S214007390005428F0A3F9AC4202D00028F6D1E9E761
S2140073A00028E7D00024E7E70026B36AB3F5804F4D
S2140073B014D21B6BB3F5804F10D20A48FFF7B2FC0D
S2140073C0B36A29461B6B2046DB6B98470446054884
S2140073D0FFF748FDD0E740F20444CDE740F2011441
S2140073E0CAE700BF94320020BFF34F8F0549064B13
S2140073F0CA6802F4E0621343CB60BFF34F8F00BF4E
S214007400FDE700BF00ED00E00400FA0570B5D0B15E
S214007410C9B10E4E431E013913F8014F2046325DA6
S21400742002F00302012A11F8012F08BF04F1200020
S214007430B55C05F00305012D08BF2032801A01D186
S214007440002CE9D170BD0120FCE700BF955F040069
S2140074500348044A0449121A921028F092B900BF51
S21400746034410000D04200003061002008B5154BC2
S21400747083F30A8800F030F8FFF7EAFF124B13494F
S2140074808B4212D30020124B12498B4218D3FDF7C1
S21400749029FC186850F82240586840F8224001320B
S2140074A098688242F5D30C33EAE70022F8E71C68B6
S2140074B044F8220001325C68A242F8D30833E4E7BD
S2140074C00022F8E70800002034840400408404000A
S2140074D04084040040840400124B134A70B59A603E
S2140074E0D3F88820114D42F47002C3F888206FF05C
S2140074F0010205F50054226641F2FF72626602221E
S214007500C3F8D020BFF34F8FBFF36F8F4FF44036D2
S214007510032003F0E1FE0320E66003F0C1FE2E61C7
S21400752070BD00BF00ED00E0004000000080004499
S214007530014B1860704700BFFC630020054B1860C5
S214007540054B1B6F03F00703032B01D130F0D0B8B7
S214007550704700BF04640020008000502DE9F04111
S21400756004464FF001080C250D4E0CB9BDE8F0811D
S21400757094FAA4F0B0FA80F00F2808FA00F2C8BF18
S214007580103824EA0204CABF05FB006205FB00624D
S214007590B4325768002FE8D09168C0B2B847E4E725
S2140075A0A432002008B50C4831F0E8FF192003F09B
S2140075B085FE28B1192003F08FFE192003F070FE17
S2140075C01A2003F07BFE28B11A2003F085FE1A204D
S2140075D003F066FE002008BD203A04002DE9F041C5
S2140075E00E461746054618B30F2923D80378DBB195
S2140075F0013BDBB2022B19D8104AD35C6A78D34021
S214007600DB0717D50E4BD3F81043ACB931F018FF93
S21400761080463A462846314602F0BEFB404631F0E8
S2140076200AFF2046BDE8F0817F23E7E70023E5E771
S2140076302224F6E72124F4E70224F2E714380400B3
S21400764000C0035010B5044610B30378E3B1013B05
S214007650DBB2022B1AD8104AD35C6278D340DB0721
S21400766018D531F0EDFE0122617823788A4030216A
S2140076704B4341F2100103F1A04303F570335A5017
S21400768031F0D9FE002010BD7F23E6E70023E4E7B3
S2140076902220F8E72120F6E71438040010B5044647
S2140076A010B30378E3B1013BDBB2022B1AD8104AC1
S2140076B0D35C6278D340DB0718D531F0C1FE0122D7
S2140076C0617823788A4030214B4342F2100103F15F
S2140076D0A04303F570335A5031F0ADFE002010BDC4
S2140076E07F23E6E70023E4E72220F8E72120F6E7F9
S2140076F01438040038B50D46044618B311B30378A1
S214007700E3B1013BDBB2022B1AD8104AD35C627895
S214007710D340DB0718D531F093FE3022237853434D
S21400772003F1A04303F570335B696278D34003F03E
S21400773001032B7031F07FFE002038BD7F23E6E783
S2140077400023E4E72220F8E72120F6E714380400B7
S2140077502DE9F0410D4616469846044600284FD0BF
S21400776000294DD00178002940D04B1EDBB2022BF9
S2140077703ED8254AD25C6378DA40D20701D4FF2986
S21400778040D1022E01D9042E3CD131F059FE237887
S2140077900746FF2B05D032462046296802F042FBFA
S2140077A028602B68013309D12378FF2B06D1174BAD
S2140077B06078D3F8241428F023FD286029684B1C31
S2140077C018D00C23124A03FB0122069BC2F8048041
S2140077D093602378FF2B04D001230E4A8B40C2F817
S2140077E02434384631F027FE002007E07F22C2E727
S2140077F00022C0E7384631F01EFE2D20BDE8F0819D
S2140078002220FBE72120F9E71438040000C00350CB
S214007810A432002000D0035008B502F0B3FA044B9F
S21400782000F05530C3F82004BDE80840FFF796BEC8
S21400783000E0035008B502F0A5FA044B00F0AA30A9
S214007840C3F82004BDE80840FFF788BE00E00350F8
S2140078502DE9F04F144605460E469B46C36B87B08F
S21400786001225B6902A960689847EB6B01225B699D
S21400787003A93046984702A828F082FB074648B17D
S2140078800023A37563754FF0FF33A360002007B095
S214007890BDE8F08F03A828F080FB0123A375237EA4
S2140078A004EBC303DE611F846368B3420ED120601D
S2140078B003A828F094FB4FF0FF332075A360237DC8
S2140078C0043B022B26D80023A375DFE723681A1A89
S2140078D053425341A37503A828F081FB237D8342BE
S2140078E018BFA77503A828F05CFB074602A828F077
S2140078F058FB874218BF002303A818BFA37528F0BB
S21400790058FB074602A828F054FB87421CBF0023FA
S214007910A375D4E703A828F044FB80B1EB6B0222E2
S21400792030465B6904A9984704A828F049FB03463B
S214007930207D032839D8DFE800F03838040903A88A
S214007940F3E7CC22237E04EBC3031A8401F06EFC1B
S214007950109B187003A8277E28F017FB04EBC707B8
S21400796087F82200237E03A804EBC303B3F8209015
S21400797093F8227028F015FB804603A828F019FB20
S2140079808246B8F1000F15D0EB6B022230465B69D9
S21400799004A9984704A828F0D8FA6075637D6BB9E7
S2140079A00023A3754FF0000838E0227E04EBC202E5
S2140079B01384CBE703A828F0B3FAEEE794F8168012
S2140079C0B8F1000FEED0B9F1000F09D1DFB10123F5
S2140079D0E375637E002B4FD1012F42D1677614E00A
S2140079E06B6C06EB0A015A4286EA010010421CBF85
S2140079F00022A2755A1E0A409B1A9945D0D8A37D2C
S214007A00002BE3D1CEE7E37D43B94FF000084B46A9
S214007A1052463146284627F0FEFFA060A27D12B1EE
S214007A2023694B4423611A49237E097899422AD94F
S214007A3001332376BBF1000F27D032B3E37D23B3A7
S214007A40B8F1000F21D1032F1FD0A1684B1C1CD00A
S214007A50109B2246009328460123FFF7F9FEA075E7
S214007A6013E095F8343063B9EB6A0133CFD1032FB6
S214007A70CDD10123A376C8E7012FCFD0032FC4D1E1
S214007A80F7E79846C3E70023A375A07DFFE600BF8F
S214007A90383804002DE9F04F0E46984600238BB088
S214007AA004464FF0FF31104617468DF8133001F0AC
S214007AB0A7FBB6F5801F20D2314605AA04F10800C0
S214007AC028F0B0F9451C014603D1237CBBB92D2014
S214007AD010E0384601F094FB0122394620460DF1AD
S214007AE0130327F0EAFF0028EFD09DF8133088F83C
S214007AF0003000200BB0BDE8F08FB01CE5D1E56A81
S214007B00691C36D12046616A27F0CBFE0546B31CB9
S214007B1018BF0123DFF8CC900193636A626C02936E
S214007B20236805A902FB053AE36B05225B6950460C
S214007B30984705A828F0BFFA28F0E2FA504628F041
S214007B40EAFA4FF0000B824601464B1C05D0636CE8
S214007B5081EA0A025B42134211D02946204627F0EA
S214007B60A0FE029BAB422CD0BBF1000F2CD10546E9
S214007B70D3E72368ED1A636CB5FBF3F5C7E7484611
S214007B8001F03EFB0DF1130349462046019A27F00B
S214007B9094FF034690B1B21C03D0D9F80020B2423D
S214007BA00CD19DF8132003930D4B88F8002049460E
S214007BB01A68384612F0D0FF039B9B46D9F8081087
S214007BC0C3E7BBF1000F82D0B6F5801F91D23146D5
S214007BD098F800307A6804F1080001F03FFA88E768
S214007BE034380400803A00202DE9F3410446174655
S214007BF098460E46184D816AE36A8B4201D04B1CAC
S214007C0002D102B0BDE8F081284601F0F9FA01225F
S214007C10294620460DF1070327F04FFF38B14346AB
S214007C20294620469DF80720B8470028E9D0A968CD
S214007C304A1C04D16968204627F0C0FE0146012E82
S214007C40DAD16B6881EA0302636C5B421A4218BFA2
S214007C504FF0FF31D0E700BF543A00202DE9F04F37
S214007C604FF0FF334FF6FF720025044600F108067A
S214007C70C0E909238BB0C3620562056330468846B7
S214007C8028F0A1F8204627F0DCFD60BB20464146E0
S214007C9027F057FE204627F0D4FD60BB5E200BB0D1
S214007CA0BDE8F08F2368E26B606C576900FB053017
S214007CB0052205A9B84705A828F0FDF901280746BA
S214007CC00CD12946204627F00DFE012F024600D192
S214007CD001322946204627F0D3FD03E028F015FAA6
S214007CE00028EED10135E3699D42DBD3204627F01C
S214007CF0A8FD0028CAD000254FF0FF394FF6FF73C5
S214007D00CA46A846C4E90853E36998450AD3A5EBD2
S214007D100905012D2CD84FF6FF72636A93423CD1B9
S214007D206720BCE72368E26B606C576900FB08308D
S214007D30052205A9B84705A828F0BDF9834605A879
S214007D4028F090F90746584628F0DAF968B1574502
S214007D5038BFC4F82480B94528BFB946BD4238BFED
S214007D603D46BA46236A0133236208F10108CBE791
S214007D704FF6FF7300256362E3699D42CBD2676CC2
S214007D802068E36B052207FB05005B6905A9984799
S214007D9005A828F067F90135EEE7E26B676C206806
S214007DA0694607FB030055690522A847684628F080
S214007DB059F9626A2368606C4B4D00FB023028F06C
S214007DC0AAF94FF0FF33A062E3622A466FF0010182
S214007DD0204605ABFFF75EFE002846D1AD68294673
S214007DE02046E56227F009FD206320B92046E16AB7
S214007DF027F0E4FDE0622946204627F0DFFD054631
S214007E00A36A9D4233D1204627F0CAFC002780464D
S214007E10B946E36999453CD3B84559D92046616AC5
S214007E2027F03FFD0026054604F1400AB74212D867
S214007E30626C2368694602FB0539E36B05225B69C1
S214007E4048469847684628F00DF953460246494684
S214007E50E06B28F062F92946204627F022FD01361D
S214007E60B0450546E2D1642019E7A56AB7E729467A
S214007E70204627F0C2FC236B2946034407462363AB
S214007E80204627F09BFD0546002FB9D1C4E90B0715
S214007E90B6E7636C2568052203FB0955E36B05A965
S214007EA05B692846984705A828F005F928F028F9C0
S214007EB058B1284628F02FF90146204627F09DFCA9
S214007EC0636C143B984208BF013709F10109A0E72B
S214007ED0304627F078FF002320461946034AFFF76E
S214007EE083FE0020DBE600BFAC3A0020A9FA0200C1
S214007EF02DE9F041036B9046826B07689A4288BF73
S214007F008363426C436A90B002FB0377C36B0E46F2
S214007F10052201A95B6904463846984701A828F05F
S214007F20CAF801280146307057D0656CE26B2368AA
S214007F30606AD2F814C005FB0030052206A9E047A7
S214007F4006A828F0B8F801284FF0000523D0D4E999
S214007F500A3201219342CDE90B458DF834800E9507
S214007F608DF83C102AD11946204627F027FD236BB2
S214007F70626C14339B1AE06223630C9B53B99DF822
S214007F803C303BB1626A616C2368E06B01FB0231F6
S214007F9028F049F80C9DE36B05225B6901A9384679
S214007FA0984701A828F087F830702846236BA26B04
S214007FB09A4288BFA36310B0BDE8F081237C33B932
S214007FC01C490BAA04F1080001F096F8D5E72046F4
S214007FD0194A0BABFFF708FECFE7237C23BB2246EC
S214007FE0164904F1080001F087F8616A204627F078
S214007FF079FC616A421C204627F042FC054620B9FF
S214008000236B626C1344143B23632046A16A27F05B
S214008010D5FC2368A062C01A636CB0FBF3F0606204
S214008020204627F00EFDB6E700232046044AFFF759
S214008030DBFDDAE7958700001187000043FB0200AE
S214008040DFFA020073B50D46D11E4A421C461B7E5F
S2140080504A419A4226D129682368994222D3636806
S21400806099421FD8114E0DF107033246FFF712FD55
S214008070C0B972686B689A4214D19DF80730DA1E50
S21400808053425341227E93420CD1636901336361AC
S214008090D4E90323934205D22968A26842F8231044
S2140080A001332361012002B070BD00BFAC3A00204E
S2140080B02DE9F04F9B4689B09DF848309046514ACE
S2140080C00193136907465B450D46C0F09580D94677
S2140080D053680093B9F1000F7BD0FB6B01225B69FC
S2140080E005A90098984705A827F057FF454B1B6839
S2140080F0984240F0848005A827F05BFF04280646D7
S21400810015D105A827F05CFF009B04461E44019B82
S214008110002B3ED1804512D91C46A8EB00083846F5
S214008120009927F04BFCA9EB04090090D2E7FB6B03
S21400813002225B69009806A9984706A8E2E7A0EB2A
S21400814008045C4528BF5C46032C4644ABEB040B96
S2140081501DD9FB6B294630465B69A208984724F078
S214008160030304F0030A1E441D44DDF80480BAF13C
S214008170000FD4D0FB6B012206A930465B699847F6
S2140081805246284606A912F0E7FC5544C7E7A24621
S214008190EBE7824600F0030302932B180393064492
S2140081A0039BA6EB0A00A3EB0A05029B9A4514D193
S2140081B0BAF1000FB3D0FB6B012206A95B699847A2
S2140081C05246284606A912F083FE0028DDD04FF05E
S2140081D03609484609B0BDE8F08FFB6B012206A9B8
S2140081E05B6998470422284606A912F071FE00280B
S2140081F0EDD1AAF1040AD3E74FF06309E9E74FF09F
S2140082006F09E6E7D83A00202DE9F0410F461646FA
S2140082109846044688B060B390F83450FDB101210A
S21400822027F004FB00210E9BCDE90511CDE90237AE
S2140082309DF83C30CDF804808DF81C30237C0496E5
S2140082408BB90D4901AA04F1080000F055FFDDE9DD
S2140082500553E06B002E08BF1D4627F080FC28461D
S21400826008B0BDE8F0812046044A01ABFFF7BCFC2D
S214008270EDE70546F3E700BF0DFB02004580000072
S2140082807FB590F84260044601920DF10B030A4652
S2140082903046114927F06BFC012E0546E36B17D1DB
S2140082A032465B6903A998479DF80B10039B019A19
S2140082B059B19BB243EA0243012228460393E36B7B
S2140082C003A99B69984704B070BD62F30F03F3E7F8
S2140082D001229B6901A9F5E7D83A00202DE9F04F65
S2140082E099B00E460D920A69416C0B931439D31D52
S2140082F0B3FBF1F3013302EBC302036B0446934274
S214008300C0F001820023DFF804940893E36A48462D
S2140083101946059300F074FFD6E9033707930B9BC5
S214008320022B4DD1CC2F40F0D7810D9B3BB131466F
S214008330204627F072FC656C1490012044E0012072
S214008340079B656C1B68149300F0010000280CBFA7
S21400835004230823782F0E9349D8059A6B1E1340E2
S214008360ED1A3B1D9D423CD2002F3DD0082D3ED835
S2140083700023042506934FF0040A336806990B98E9
S214008380C9F80030C9F8107027F02DFE4FEA9A039E
S2140083900F93059B89F814000393002309930C930D
S2140083A004930A93616C039B4A1E1A408B1A27B3E8
S2140083B05544AB4223D8236B5B1A134423632FE147
S2140083C0782F656CB9D8F07D0D9B002BBCD0E36B85
S2140083D001225B69706816A9984716A827F0E1FD88
S2140083E0B4E700250695C6E704250697C3E70123EC
S2140083F000254FF0080A0693BFE75345DBD3A3EBEF
S2140084000A029742039BB84628BF904697425344B9
S21400841028D90122D9F8101089F817208F4226D1C2
S2140084200399C9F80410049299F817200AB399F82A
S21400843018100398CA1C09EBC20250600498013158
S214008440A2F80880907289F81810B8F1000F07D0CB
S2140084500B9A022A40F08180099A72B10122099291
S2140084609B46ABE0049A002A18BF0322DBE70222F1
S214008470D9E7039AC9F80420E7E70C9A4244032A8E
S214008480EED9E26B1846956914A901220993A8470C
S214008490099B05460028E1D03D2D40F01E8104F1E1
S2140084A0080303932368059A606CA2EB030ABAFBE1
S2140084B0F0FA00FB0A3027F02EFEE16A80462046DE
S2140084C027F07CFAA26A824200F00F81626CD9F82B
S2140084D00830511E0B40216B2768891A0B44236312
S2140084E0089BE062DF1BB7FBF2F7BA4540F0FA8064
S2140084F0059BB3EB080A12D0E36B4FEA9A0241469B
S2140085009B6998478346E36A059A5344E362236B64
S21400851003989B1A4344236327F055FCDA462368E6
S214008520616CE06B01FB073127F06AFD204627F0FF
S21400853088F9204627F085FA2063BAF1000F00F08C
S214008540D4803269616CD31D1439B3FBF1F3013367
S21400855002EBC3029042A5D2BFE00D9A002A77D163
S214008560B8F1030F4FEA98026ED9E16B18468D6991
S21400857007991093A847109B0546C0B918F0030545
S21400858015D0079A28F0030B02EB0B019B444FF023
S214008590FF3215A815922A46109312F0DDFAE26B08
S2140085A05846956915A90122A8470546109B9B4683
S2140085B0079A42440792002D40F08B80049B16A831
S2140085C00193069B009399F814204346316800F007
S2140085D0CDFDE36B0F9A9B69039816A99847039AFB
S2140085E0051E089B18BF134608934346524620466E
S2140085F0039927F010FA236B08F10302A3EB0A0392
S21400860022F003029B1AC9F808002363002D7FF4AA
S21400861043AF0C9BA7EB080743440C93CDF80CB074
S2140086202046039927F0CAF900250390002F7FF40F
S214008630B9AE364A3168936804F10800E3625268BE
S2140086400B9B00F00BFD49E09B46454607999EE7CD
S2140086509B4606F120021092F27D7068A2B10022BD
S21400866096F818C00A99D5B2AC4511D9109D02F1FA
S214008670010E35F832508D4228D90E9806EBC2020C
S2140086800144D069084403E00E9A0A990A4410444B
S214008690E26B15A9556901221193A847159A0A9B02
S2140086A01392E26B043395695846012213A90A9384
S2140086B0A847119B054603EB0802A2EB0B02042A0F
S2140086C07FF679AF28B90BF1040BC5E77246491B54
S2140086D0C9E7CDF820B088E770252F46384619B090
S2140086E0BDE8F08F4FF0000A19E73269616CD31DC0
S2140086F01439B3FBF1F3013302EBC302236B93424D
S214008700BFF404AEE9E71C27E8E700BF803A002084
S214008710032A2DE9F34106460D4617461C4606D1A8
S214008720237A012B23D0012002B0BDE8F081DFF8C8
S2140087306080096842460DF10703FFF7ABF96060F9
S2140087400028EDD19DF80720237A032AE8D0D8F830
S21400875004106A689142E3D1012B2969D4F80CC051
S21400876007D172690CEB0103934202D92074207C76
S214008770DAE708316144E1603B460122294630468B
S214008780FFF7ACFD60600028CAD00020CCE700BF31
S214008790AC3A00202DE9F341089C032A17462668C8
S2140087A006D1237A012B24D0012002B0BDE8F08147
S2140087B0DFF89080304642460DF10703FFF76AF96E
S2140087C060600028EDD12568D8F80400A96AD5F8BD
S2140087D044C04840CCF100031840227AE1D1012A77
S2140087E009D1E268D8F8103013447269934202D96E
S2140087F02074207CD9E72868EB6A1B1A081AB3FB9A
S214008800FCF3B0FBFCF083420BD1706CF36A421EA3
S2140088101340326B121A13442846336327F0CEF8FF
S214008820E862D8F81020E36808321344E3600122B7
S2140088303B4604492068FFF751FD60600028B0D031
S2140088400020B2E7AC3A00202DE9F0410025604B4D
S2140088500E46D3F8008004461D6018B92125284628
S214008860BDE8F08190F8347007B30A6803689A424E
S21400887040F0A3804A6843689A4240F09E808A6827
S21400888083689A4240F09980CA68C3689A4240F06A
S21400889094800A6943699A4240F08F808A69C36B64
S2140088A09A4240F08A804B698361D8E7682239464D
S2140088B0856B11F0C1FFD6E90212336804F1080097
S2140088C023607368A5636360336963617369A3613A
S2140088D027F08BFAB36904F14000E3639B6898477E
S2140088E020B9676C17B16368B3FBF7F794F84330A9
S2140088F0E761002BB2D00023656C2366002D64D0A0
S214008900002F62D02368B3FBF5F205FB1233002B71
S21400891055D16668B6FBF5F305FB1363002B4ED105
S214008920204626F05AFFA369043303449E4248D3E8
S21400893040F634726369CC3B934244D8B5F5805F09
S21400894043D30321204626F071FFD4E90001E36BF0
S2140089501B6898470546E36B0220DB689847CDB94D
S21400896041462046FFF77AF96428054604D1414679
S2140089702046FFF773F90546666C5DB9236A204604
S214008980143E5E4326F029FFA369043303449E4247
S21400899038BF5A25002D0CBF0123002384F834303D
S2140089A007D1D4E900010B4A13680133136027F09E
S2140089B0B6FAE06B27F0D3F851E75D254FE7592567
S2140089C04DE75A254BE75F2549E75B2547E700BF9C
S2140089D0103400200C3400202DE9FF410C461646CA
S2140089E01F46054680B390F834307BB3B1F5801F40
S2140089F02ED2DFF86080012126F018FF214642467D
S214008A0028460DF10F03FFF745F8044670B99DF8A8
S214008A100F30012B11D1D8F81030BB4212D10246CC
S214008A20009031462846FFF743FB0446E86B27F0E4
S214008A3096F8204604B0BDE8F081022B14BF2D2422
S214008A406024F3E76324F1E72124F2E71124F0E73A
S214008A502924EEE7D83A00202DE9F04385B00C46ED
S214008A6017461E460546DDF8308098B390F8343039
S214008A7093B3B1F5801F31D2DFF86490012126F060
S214008A80D5FE21464A4628460DF10F03FFF702F8A9
S214008A90044688B99DF80F30012B14D1D9F8102060
S214008AA006EB08039A4213D30090434632463946F3
S214008AB02846FFF7FDFA0446E86B27F050F82046F4
S214008AC005B0BDE8F083022B14BF2D246024F3E725
S214008AD06324F1E72124F2E71124F0E72924EEE7E6
S214008AE0D83A002073B50C461646054630B390F8C3
S214008AF034302BB3B1F5801F24D2012126F096FE28
S214008B0021462846104A0DF10703FEF7C3FF044628
S214008B1080B99DF80730032B0CD0022B0CD12846C9
S214008B20094927F07AF83060E86B27F018F82046F5
S214008B3002B070BD2D24F7E76124F5E72124F6E79F
S214008B401124F4E72924F2E7D83A00202DE9F3416E
S214008B501E4600230C4617460546336050B390F871
S214008B6034304BB3B1F5801F28D2DFF85480012192
S214008B7026F05CFE2146424628460DF10703FEF726
S214008B8089FF0446A0B99DF80730032B10D0022BAE
S214008B9003BF01233B600423D8F8103018BF3860A9
S214008BA03360E86B26F0DBFF204602B0BDE8F081BC
S214008BB02D24F6E72124F7E71124F5E72924F3E727
S214008BC0D83A002073B50446056B26F006FE636EA1
S214008BD003449D422CBF00230123854294BF0025F9
S214008BE02D1A207C84F85030656584F85800A8B1AA
S214008BF000230C4E1A4619462046009627F0D1F858
S214008C00002305461A4619462046009627F0D2F855
S214008C10E3682844984294BF0020C01AE06502B07A
S214008C2070BD00BFFFFF0F002DE9F3471E464369E6
S214008C300446B342884617469DF828904ED3002532
S214008C408DF80750204626F0C8FDD4F830A082459F
S214008C500AD2236AB5EB430F06D2002220460DF156
S214008C600701FFF745F9B8B39DF80730012B05D18A
S214008C70002220460DF10701FFF73AF9B9F1030F7C
S214008C8006D03146204626F098FD256B854227D330
S214008C90144D4FF0FF31284600F0B2FA4B462946F5
S214008CA000222046C5E90376C5F80080FFF716FBCC
S214008CB0236E054663B12046FFF784FF94F85030D4
S214008CC013B994F858301BB1236E04F1500098473E
S214008CD0284602B0BDE8F0870135B3E76225F7E71E
S214008CE01C25F5E7AC3A00202DE9FF410F469046DB
S214008CF01E46054698B390F8343093B3B1F5801FFE
S214008D0031D21A4C022126F091FD224639462846D9
S214008D100DF10F03FEF7BEFE024678B10123424670
S214008D200093394633462846FFF77EFF0446E86B35
S214008D3026F015FF204604B0BDE8F0819DF80F3000
S214008D40012BEBD12169B142E8D10093414633466D
S214008D502846FFF7ADF904460028DFD1E7E72124CF
S214008D60E8E71124E6E72924E4E700BFD83A002024
S214008D702DE9F04790F8423086B0012B0546039166
S214008D80A1EB020740F0AA80FF2F03D81E464FF043
S214008D90640807E00226012B14BF4FF032084FF09C
S214008DA06408013600244FF6FF79DFF844A195F8F1
S214008DB04230012B14BF322364239C4202D35FFA55
S214008DC088F40DE005AB22465146284626F003FF00
S214008DD095F84230012B059B34D14B452DD1E4B29A
S214008DE095F84230012B14BF32226422121BB24285
S214008DF017D3012E39D10022012B05978DF81320A9
S214008E0027D1082205A90DF1130027F0A0F99DF837
S214008E101330059A42EA032221462846FFF730FA25
S214008E2040B10223324900932846CC23096803AA9E
S214008E30FFF7FAFE06B0BDE8F087DBB203B90234EE
S214008E400134B4E7591CCAD09BB2002BF8D10134C8
S214008E50F6E7102205A90DF1130027F078F99DF822
S214008E601330059A42EA0342D6E7039A012B05928D
S214008E7023D10823202205A90DF113008DF8133005
S214008E8027F065F99DF81320120221462846FFF7C1
S214008E90F7F995F84230611C012BC9B21AD10028A7
S214008EA0BFD12846BDF81420FFF7EAF90028B8D14C
S214008EB00234BDF81620E1B2AFE71023202205A940
S214008EC00DF113008DF8133027F041F99DF81320AB
S214008ED01204DAE70028A4D1059A9EE7B7F5803F8A
S214008EE04FF00106BFF457AF4FF032085AE700BF05
S214008EF0D83A002070B586B00E4605460392A0B359
S214008F0090F834309BB3B1F5801F32D2022126F0A0
S214008F108DFC31462846184A0DF11703FEF7BAFDB8
S214008F20044618B99DF81730032B0ED1022331469C
S214008F3000932846CC2303AAFFF776FE0446E86B88
S214008F4026F00DFE204606B070BD022B0BD10A4956
S214008F50284626F062FE039902468142EFD0284654
S214008F60FFF706FFEAE76124E9E72124EAE7112490
S214008F70E8E72924E6E700BFD83A0020F7B50C4614
S214008F801646054668B390F8343063B3B1F5801FD3
S214008F902BD2022126F04AFC21462846144A0DF11F
S214008FA00703FEF777FDC0B99DF80730032B14D0F2
S214008FB0022B14D10E49284626F02FFE471C0246E7
S214008FC039462846FFF7D4FE044606B13760E86BFC
S214008FD026F0C5FD204603B0F0BD2D24F7E761243A
S214008FE0F5E72124F6E71124F4E72924F2E700BF89
S214008FF0D83A002030B50C46054685B028B390F820
S214009000343023B3B1F5801F23D2022126F00EFCA4
S2140090100DF10F03214628460F4AFEF73BFD034697
S21400902088B99DF80F20032A0DD00322214600920E
S21400903002462846FFF7F8FD0446E86B26F08FFD4B
S214009040204605B030BD2D24F7E72124F8E711248B
S214009050F6E72924F4E700BFD83A00202DE9F043CC
S214009060466886B3056898464FF0000CA946AE469B
S21400907055F83C400CF1010CC4F31307013401D041
S214009080B94217D0B4450EF1080EF1D12F46002490
S21400909003E0B44207F1080712D055F83430013423
S2140090A00133F6D1C1F3130141EA0851C7E90012B2
S2140090B0BDE8F08341EA0851CEE90012BDE8F0832E
S2140090C0B8F1030F03D101230372BDE8F083002338
S2140090D003E0B34209F10809F5D055F833400133EF
S2140090E0C4F30754032CF4D1C1F3130343EA085323
S2140090F0C9E90032BDE8F0832DE9F0410646406834
S21400910082B0B8B10F4690460024336853F8345006
S21400911003EBC403C5F30752C5F31301013506D0AC
S2140091205B683046CDF80080B84718B170680134E7
S2140091308442EAD302B0BDE8F08100BF024B196852
S214009140024B1868FFF780BB0864002028640020E4
S21400915008B530F068F9014B186008BD043B0020E4
S214009160014B186830F05AB9043B002073B504462A
S2140091702248012A00EAC1119DF8185023F07C40CD
S21400918007D9961E012E28D9073303F07F0319430B
S21400919008E09DF81C300A43DB0603F0C053134377
S2140091A043F060410023C4E900108DF80730B5B1E4
S2140091B0202221460DF1070026F0C9FF1A220DF1E4
S2140091C00700211D26F0C3FF082063689DF80720CE
S2140091D043EA8263636002B070BD1143E2E71B227C
S2140091E00DF10700214626F0B2FF23689DF8072000
S2140091F0042043EAC2632360EDE700BF80FFFF0759
S21400920038B5094B0D461A680021044611F014FBC8
S21400921000234FF0FF322383C4E900252361A260B8
S214009220E382A37638BD00BF343804000138C0B2EC
S21400923005289ABF014B185C012070473938040096
S2140092402DE9F0410746154600240E46596888B0B9
S214009250490A012922464FEA510104F10104F8D8CF
S214009260DC78997824031B88C90201F4006104F4B1
S21400927080540C43C3F30A035203234492B24FF0C4
S21400928000089C18274B6FEA0444039325F07843A4
S214009290ED4302A90DF107001B2202938DF807800B
S2140092A026F055FF9DF80720029B02A943EAC263F9
S2140092B00DF107001B2225F07845049302958DF8E2
S2140092C0078026F044FF9DF80720029B6FEA1444AF
S2140092D043EAC26305934FF0FF330794069307A94A
S2140092E0BB69012206F110009847BB6905A9044630
S2140092F0012206F108009847BB69404518BF04469E
S21400930004A90122301D98470122404518BF044693
S214009310BB69304603A99847404508BF204608B0B9
S214009320BDE8F08101009AB238B5104B0546D3F877
S21400933000310C4603F00303022B0BD0032B0DD099
S214009340012B0FD12EF0EEF9032305B1286004B1EE
S214009350236038BD2EF030FA0723F6E730F076F8B3
S2140093600623F2E701230020EFE700BF008000504D
S21400937038B5134B0546D3F820010C4600F007001D
S21400938004281AD8DFE800F003090D1115000123A0
S21400939005B1286004B1236038BD2EF089F9042396
S2140093A0F6E72EF0BFF90323F2E72EF0C1F9052306
S2140093B0EEE72EF0B3F90223EAE700231846E7E7C4
S2140093C00080005038B5104B0546D3F840310C46A7
S2140093D003F00303022B0BD0032B0DD0012B0FD170
S2140093E030F036F8082305B1286004B1236038BD94
S2140093F02EF0E2F90723F6E730F02DF80923F2E71E
S21400940001230020EFE700BF0080005038B5104B66
S2140094100546D3F860310C4603F00303022B0BD04D
S214009420032B0DD0012B0FD130F012F8082305B115
S214009430286004B1236038BD2EF0BEF90723F6E796
S21400944030F009F80923F2E701230020EFE700BF18
S2140094500080005041F6713210B5104C104BA042FF
S21400946094BF00240124D969DA639A6801F4803134
S21400947022F4401242EA04529A600A4A90420A4A89
S214009480D2F818028CBF40F0020020F00200C2F8AA
S214009490180209B10022DA6310BD00BF005A62024A
S2140094A00000035080F0FA0200C007502E4B98428E
S2140094B04AD022D82D4B984240D014D82C4B9842F4
S2140094C039D00AD82B4B984232D02B4B98422FD00B
S2140094D02A4B98422CD000207047294B9842FAD14C
S2140094E0284B186F7047284B98422AD0274B984233
S2140094F0F1D1244BD3F880007047254B98422BD0EF
S21400950009D8244B984223D0234B9842E3D11D4BD5
S214009510D3F88C007047214B984221D003F5740392
S21400952003F510539842D6D1164BD3F898007047DF
S214009530144B986D7047134B586E7047114B586F0D
S2140095407047104B986F70470E4BD3F884007047E7
S2140095500C4BD3F8880070470A4BD3F8900070473E
S214009560084BD3F8940070470048E8010024F40044
S214009570C0CF6A0080841E0000093D0040420F00F4
S214009580405DC6000080E00FC0EA210180BA8C0171
S214009590007E560380D54302006CDC020090D003A8
S2140095A037B50C460021114B0191D3F880310546A2
S2140095B003F00303022B0ED0032B11D0012B03D193
S2140095C001A8FFF7D5FE0D210DB1019B2B6004B15C
S2140095D0216003B030BD2EF0ABF805210190F3E713
S2140095E02EF09CF802210190EEE700BF00800050AC
S2140095F038B5104B0546D3F840320C4603F003034B
S214009600022B0BD0032B0DD0012B0FD12FF020FFF8
S214009610082305B1286004B1236038BD2EF0CCF8CD
S2140096200723F6E72FF017FF0923F2E70023184673
S214009630EFE700BF0080005038B5144B0546D3F85E
S21400964000020C4600F0070004281BD8DFE800F0F4
S21400965003090D111500012305B1286004B123602C
S21400966038BD2FF0F5FE0823F6E72EF0A5F8072301
S214009670F2E72FF0F0FE0923EEE72EF039F80C2380
S214009680800AE9E700231846E6E700BF008000509E
S21400969038B5144B0546D3F808020C4600F0070010
S2140096A004281BD8DFE800F003090D11150001237C
S2140096B005B1286004B1236038BD2FF0C9FE082329
S2140096C0F6E72EF079F80723F2E72FF0C4FE092319
S2140096D0EEE72EF00DF80C23800AE9E70023184683
S2140096E0E6E700BF00800050032814D005D8012804
S2140096F005D0022809D0002005E00F28FBD1084B32
S214009700186FC0F3013001307047054BD3F8900056
S214009710C0F30460F7E7024B186FC0F38020F2E74F
S214009720008000501FB500230193252817D8DFE8D6
S21400973000F0131A1D272C363B51565B60656A787D
S214009740161A401616561A272C27361A5127783B13
S2140097503B3B3B2727275B602DF0B0FF019001982D
S21400976005B05DF804FB2DF0C3FFF7E72DF0A6FF6C
S21400977002460220FFF7B8FFB2FBF0F20192EEE7D6
S2140097802DF0B6FF02460320F4E72DF0B1FF0246A7
S2140097900320FFF7A9FFB2FBF0F25208EEE7002124
S2140097A001A8FFF7FDFEDAE7002101A8FFF7E0FDBC
S2140097B0D5E702934FF0E0231B695B0705D52DF034
S2140097C097FF0290029B0193C9E703A902A8FFF73F
S2140097D0F9FDF7E7002101A8FFF7F4FDBFE7002138
S2140097E001A8FFF713FEBAE7002101A8FFF724FF40
S2140097F0B5E7002101A8FFF74BFFB0E7002101A85D
S214009800FFF792FDABE7094BD3F8803003F0030374
S214009810022BA8D0032B01D000209FE72DF088FF55
S2140098209CE7002101A8FFF7E3FE98E700800050C0
S21400983008B50120FFF776FFBDE8084003498842D7
S21400984094BF01210221032000F002B880F0FA0242
S214009850032810B50C4627D004D8012804D00228C7
S21400986017D010BD0F28FCD126F08FFC26F095FCF3
S214009870124A013C136F23F4405343EA0433136740
S2140098802DF036FF0021FFF7E5FDBDE81040FFF79D
S214009890CFBF0A4A4C1ED2F8903023F0F85343EA62
S2140098A00463C2F89030DCE7044A4C1E136F23F4BE
S2140098B0806343EA84231367D3E700BF0080005029
S2140098C01FB500230193252821D8DFE800F01320D8
S2140098D02020202A2F454A4F54595E7120203420DC
S2140098E0204A202020202A204520712F2F2F2F208D
S2140098F020204F54314B1B6F03F00703013B032B13
S21400990005D8DFE803F00C02080A04230193019847
S21400991005B05DF804FB0323F8E70623F6E7022309
S214009920F4E7002001A9FFF73BFEF0E7002001A9BD
S214009930FFF71EFDEBE702934FF0E0231B695B0782
S21400994005D52DF0D5FE0B230393039BDEE703A975
S21400995002A8FFF737FDF8E7002001A9FFF732FD60
S214009960D5E7002001A9FFF751FDD0E7002001A9A7
S214009970FFF762FECBE7002001A9FFF789FEC6E7E6
S214009980002001A9FFF7D0FCC1E70C4BD3F88030CC
S21400999003F00303022B03D0032B05D00023B5E707
S2140099A02DF0A6FE0B23B1E72DF0C2FE0523ADE792
S2140099B0002001A9FFF71CFEA9E700BF00800050A9
S2140099C008B50320FFF790FE034B187026F0DDFB6A
S2140099D0BDE8084026F0E1BB175A002010B5044643
S2140099E02DF086FE0021FFF735FD1CB1BDE81040C6
S2140099F0FFF71EBF034B0320BDE810401978FFF7A2
S214009A0027BF00BF175A002038B50546FFF74EFDA2
S214009A10204B04465A68012A04D11F494A609A69B5
S214009A209207FCD10020FFF74BFF042803D126F055
S214009A30ACFB26F0B2FB194A24F0407395421FD0C7
S214009A40174A95421FD0174AD16811F0060FFBD16E
S214009A509068936091684B4013F4F81F16D128461F
S214009A60FDF766FD0020FFF72BFF042810D12DF030
S214009A703FFE0021FFF7EEFCBDE83840FFF7D8BEFA
S214009A8043F00073DFE743F08073DCE79060E9E7BC
S214009A9038BD00BF00C0015000E0015040420F003A
S214009AA080841E000000015070B504460020FFF7B9
S214009AB007FF03287CD045F60E030221414AC2F870
S214009AC08030414B9962012103F580539962936D72
S214009AD0D903FCD4D4E900131B0543EA0163E17BF8
S214009AE094F823500B43217B43EA0143617B43EA0E
S214009AF00133A17B43EA811313619169D4E904031E
S214009B001B0643EA806301F000410B43A17EE07E22
S214009B100B43217E43EA0143617E43EA01239361BE
S214009B20E169136A002923F00D0343EA010314BF19
S214009B300121002143EA800343EAC103136294F83B
S214009B40203094F82200916A4FEA431331D194F8FA
S214009B50216021F0330143EA06130B4343F001036F
S214009B6093621A49174A936D31EA0303FBD1022127
S214009B70154B9962936D5B00FCD41369A16823F4BE
S214009B80700343EA015313614FF000420E4B9A6193
S214009B9018B9022203F580539A6215B901220C4BBC
S214009BA09A6294F824301BB1064B0A4AC3F8802008
S214009BB070BD21F0330129430B4343EA400393620F
S214009BC0EFE700BF00C0005000D000500300014087
S214009BD000E00050F1A7FFFF014B93F9000070472B
S214009BE0185A0020014B1880704700BF18690020E3
S214009BF00C4A10B51369044643F0040313612EF0B3
S214009C00E7F826F0CEFA084B084AC3F8202430BFFF
S214009C1026F0C8FA01F0E2FE1CB9BDE810402DF0AF
S214009C2067BD10BD00ED00E000E003500000FFFF40
S214009C30034A0179D36E23F030030B43D366704793
S214009C400040005041F67132034BDA63012203F5FF
S214009C500053DA60704700BF0000035041F67132CF
S214009C600121044BDA6303F50052D1600022DA6367
S214009C70704700BF00000350044B1868421C02BF28
S214009C80034AD2F894001860704700BF2C64002086
S214009C9000400050CB784A7810B55B010C7843EA58
S214009CA082030A79234343EA02130C22424302F159
S214009CB0B0421363012C02BF8A78024B43F820207F
S214009CC010BD00BFD080035008B54FF0B0435A68AF
S214009CD002B960B15B680BB126F06DFA4FF0B04187
S214009CE030B10120074B586026F065FAC86008BD01
S214009CF026F061FA0223CB6026F05DFA0122024BC1
S214009D005A60F4E700100058002000584FF0B041A9
S214009D104B6810B50BB126F04EFA01220B4BC478F7
S214009D205A608378934043EA840344782343047953
S214009D3043EA0413447943EAC4038B60044B5A6035
S214009D400378C3F10203CB6010BD00BF00200058AB
S214009D5000100058054B5B69C3F38512827003F050
S214009D603F021B0B42700370704700BF00C00750D5
S214009D700120034B9B680A3303F01F03984070478B
S214009D800080E00F034BD3F82424D3F820041040BF
S214009D90704700BF00C003502DE9F8431E4B054630
S214009DA0D3F810334B1E0E2B0E46174690F8009035
S214009DB044781DD909B34FF000082846D7B12FF0D4
S214009DC04DFB09EB4903072C4FF00F014FEA031335
S214009DD015D8A400114808FA04F2A140184426F049
S214009DE0F2F9BEB928468FB1BDE8F8432FF036BB6E
S214009DF08846E2E726F0F6F9E3E78846E1E7083C1E
S214009E00A400074808FA04F2A140E7E7BDE8F843D3
S214009E1026F0E8B9BDE8F88300C0035004C003503C
S214009E200CC003502DE9F041204B1646D3F8102302
S214009E304A1C05460C46407804D1D3F8241426F074
S214009E40DFF90446002C2EDB072C14DC03274FEA30
S214009E5084082A7807FA08F73946154802FA08F2FD
S214009E6026F0B1F96A78394602F00302114802FA80
S214009E7008F226F0A8F9012316F0050F0E4A18BFBF
S214009E800E4903FA04F30CBFC2F81034C1F81034BC
S214009E9016F0060F18BF094AC2F814340123064A02
S214009EA0A340C2F820342046BDE8F08100C003502D
S214009EB000C4035008C4035000E0035000D0035011
S214009EC070B504462AF081FD064630B90FCC044D25
S214009ED00FC594E80F0085E80F00304670BD00BF40
S214009EE0083B002047F6FF739A42F0B570D002296F
S214009EF070D8394B5B5C022B6CD8384DDE0005EB16
S214009F00C304A77815F83330012F394638BF01212E
S214009F10012B16D1E078401A0021884205D8012F7F
S214009F202CBFC0190130C0B2F0BD431A6568A0EB63
S214009F30530335F913509542D4BF194603F1FF3049
S214009F40EBE760680028EFD0B0F90040944204DBED
S214009F50B0F902409442B8BF144683883544FF2BBC
S214009F6019BFC8232827B0F90630B0F90870A3EB4C
S214009F7004030CBF0122002293FBF7F36E78134410
S214009F801BB29E4201DD002B01DA731E1BB24FF49A
S214009F907A7C00EBC305EA88AD685F1C14FB0252AE
S214009FA01D4622EAE2723BB25C329E42B2FBFCF2F3
S214009FB004DD00EBC307BF889742EAD200EBC50377
S214009FC09888904228BF1046884238BF0846AAE7BD
S214009FD0FF20A9E70020A7E73F380400083B002041
S214009FE00229F0B560D8314B595C02295CD8304B59
S214009FF013F83100012816D103EBC1039C78D878FA
S21400A000012C214638BF0121904294BFC1EB0001CC
S21400A010C1EB0201001BCAB28242C8BF00225B68C5
S21400A02033F91200F0BD002A3CD003EBC103596897
S21400A030002939D09878904202D3B1F90200F1E7AE
S21400A040DC78B1F900009442ECD95C788B88013C4E
S21400A050A3F1FF06734201F10405E4B2734101F176
S21400A0600C07DEB2B44216D805EBC3034FF47A757C
S21400A0706A43B3F902405B68D21A04EBD47302EB6E
S21400A080630292FBF4F29042CCDBB1F902009042FC
S21400A090C8DC10B2C6E737F833C05E1C9445E3D37D
S21400A0A03346DEE70348BDE70348BBE73F38040016
S21400A0B0083B00200CFEFFFF0080FFFF08B50448A9
S21400A0C0FFF7FEFEBDE8084001202AF084BC00BF72
S21400A0D0443804007FB51422002101A810F0ACFB20
S21400A0E0044B01A94FF0FF3002932AF0BAFC07B0E8
S21400A0F05DF804FB006A18002DE9F0418CB0884634
S21400A100DDE912761D460446002847D0002945D0D2
S21400A110002F43D0002E41D013F00F033ED120482D
S21400A1202049A360002A08BF01462362C4E9001341
S21400A130404609A926F0F6F868BB204609992FF094
S21400A140E8F9294620462FF0E4F96946404626F00D
S21400A15078F900BB6946204626F0A3F9404603A9D5
S21400A16026F07AF9B8B9204603A926F09AF9069798
S21400A1700127204645F0005506A90797089526F0C2
S21400A18090F9204609A909960A970B952FF0E7F94A
S21400A19020462FF0A1F90CB0BDE8F0812120FAE7A7
S21400A1A000010004000101042DE9F04F97B0894634
S21400A1B090461F460546DDF880A0002800F0BB80CC
S21400A1C0002900F0B8803AB1229B002B00F0B38043
S21400A1D0239B002B00F0AF80BAF1000F00F0AB809D
S21400A1E0219B002B00F0A78067B13C680026229BCD
S21400A1F043440293464507D307B13C60002017B09E
S21400A200BDE8F08F3C46F1E75CB1229B219A9B5D4E
S21400A210125D01345340239A04F00F04935501361F
S21400A220E8E7A8EB060BBBF10F0F58D9434B48469F
S21400A230C5E90034AC602C6213A926F073F8002838
S21400A240DDD1284613992BF00F0B2FF062F95946F3
S21400A25028462FF05EF9484604A926F0F2F80028B2
S21400A260CDD1284604A926F01CF9484607A926F0B1
S21400A270F3F80028C3D1284607A926F012F90123CF
S21400A28022992F4ACDF828A00B930C928A190D928A
S21400A29028464BF000520AA90E9303920F9226F01E
S21400A2A000F928460DA926F0FCF8239B039A991975
S21400A2B00123109111931292214A284610A9CDF835
S21400A2C04CA0149315922FF04AF9284613A92FF0A4
S21400A2D046F928462FF000F95E4400288FD1229BCD
S21400A2E003EB060B239B1E44029B9B4501D146466F
S21400A2F080E7ACB9219B2246CDE900A3494610234E
S21400A3002846FFF7F9FE00287FF479AF0AF110021D
S21400A31012F8013D0133DBB213700BB95245F7D189
S21400A320219A1BF8013B125D0134534006F8013BAD
S21400A33004F00F04D8E7212061E700BF0303000400
S21400A340100000207FB50E461D460446F0B102B947
S21400A350E3B901230192029345F0005303930023CF
S21400A3600B4AA360C4E900232362204601A926F015
S21400A37098F8314620462FF0CCF8204629462FF094
S21400A380C8F820462FF0A8F804B070BD2120FBE7DF
S21400A39000000943084B984202D0084B984207D168
S21400A3A00B88B3F5105F14BF6FF085000020704770
S21400A3B06FF08500704700BF004440040013C004DF
S21400A3C01038102808D8064BC34013F0010F0CBFF6
S21400A3D06FF08600002070476FF08600704700BF61
S21400A3E0010101002DE9F04FA7B008AFCDE9050146
S21400A3F0DDE93295DDE9346A0021079238461022FD
S21400A4009846DDF8D8B010F017FA102200210CA8F4
S21400A41010F012FA069B2BB96FF08604204627B080
S21400A420BDE8F08F079B002BF6D0B9F1000F01D1E5
S21400A430002DF1D1309B13B9319B002BECD116B90E
S21400A440BAF1000FE8D1BBF1000FE5D04046059900
S21400A450FFF7A0FF04460028E0D1014628221CA8EA
S21400A46010F0EAF92022214614A810F0E5F91CA8FD
S21400A4702FF045F8002840F0AF80DDE90612059879
S21400A48014AB26F05AF804460028C7D11498FFF7F4
S21400A49097FF04460028C1D115B9CBF80000BDE7E8
S21400A4A0B14518D209EB05039E4214D25545B3D8E0
S21400A4B02A464946304610F011FA554B984526D0A4
S21400A4C006D3544B984524D003F54073984520D0C6
S21400A4D06FF08504A2E74F4B98451BD003F54073F9
S21400A4E0984517D04A4B9845F2D1554594D815F063
S21400A4F00F0291D12B46CDE9009614A91CA8FFF7B0
S21400A500FBFD814600285CD1CBF8005086E7B146BB
S21400A510EDE7B1461022002110A810F08DF9554540
S21400A5203FF67AAF3C4B9845319B39D10D2B7FF4E3
S21400A53073AF01238DF84030309B0DF1410203F1DB
S21400A5400C0153F8040B8B4242F8040BF9D11B782C
S21400A550137001238DF84F3015F00F0842D025F008
S21400A5600F034B440DF1300C03F1100E62461868D1
S21400A5705968083303C273459446F7D10F2D33D874
S21400A58025F00F03334403930CABCDE9017310ABF6
S21400A59000934246002314A91CA8FFF705FEB0E767
S21400A5A0102B7FF439AF309B10AA03F1100E94469F
S21400A5B0186859680833ACE8030073456246F6D15C
S21400A5C0CAE752460021304610F036F90023B9F1AA
S21400A5D0010FCBF8003002D06FF092041EE76FF048
S21400A5E08B041BE70F2D8FD910ABCDE90296009395
S21400A5F00197002325F00F0214A91CA8FFF7D4FD2D
S21400A60081460028DDD1B8F1000F3FF47DAFB7E7F3
S21400A610004440040010C0040013C0042DE9F04FAD
S21400A6208A46A1B00021DDE92A56DDE92C7905909D
S21400A630934606A81022984610F0FEF81022002135
S21400A6400AA810F0F9F8BAF1000F05D16FF08604E9
S21400A650204621B0BDE8F08FBBF1000FF6D00DB953
S21400A660002EF3D117B9B9F1000FEFD12E9B002BB6
S21400A670ECD040460599FFF78DFE04460028E7D14A
S21400A6800146282216A810F0D7F8202221460EA848
S21400A69010F0D2F816A82EF032FF002854D15A46F1
S21400A6A0514605980EAB25F048FF04460028CFD14A
S21400A6B00E98FFF785FE04460028C9D116B92E9BD2
S21400A6C01860C5E7BD4216D2AB199F4213D24E455D
S21400A6D0BCD832462946384610F000F93A4B984521
S21400A6E05BD003F54073984531D0384B984511D070
S21400A6F06FF08504ACE7344B98454FD003F54073B4
S21400A700984525D0314B9845F2D14E4503D96FF088
S21400A71089049DE73D46330798D133460122CDE9AB
S21400A72000570EA916A8FFF7E7FC2E9B05461E60ED
S21400A73000288DD04A460021384610F07DF80023C8
S21400A7402E9A012D13603BD06FF0920480E73D46B1
S21400A7500D3E4E45DBD801238DF828302B460DF1F3
S21400A760290205F10C0153F8040B8B4242F8040B46
S21400A770F9D11B780D3513704FF48073ADF8363071
S21400A78006AB01930AAB009332460023CDE902578D
S21400A7900EA916A8FFF708FDC7E73D46103E4E4532
S21400A7A0B5D82B460DF1280C05F1100E6246186838
S21400A7B05968083303C273459446F7D11035DFE76E
S21400A7C06FF08B0444E700BF0010C0040044400450
S21400A7D010B54FF42F720021044610F02DF8802398
S21400A7E0C4F88C30054B04F19C00C4F88430012377
S21400A7F084F88830BDE8104024F087BF46A00300E8
S21400A80010B5D0F8A0400A468CB926F0ACF804463D
S21400A81010B90024204610BD2D2896BF064B0749C8
S21400A82053F82010064A074826F0E3F9F2E7D0F876
S21400A830A4101046A047ECE73039040049A00300F6
S21400A8409E9D030079A10300F8B590F88060044649
S21400A85016B100263046F8BD25F0B8FE0028F8D11F
S21400A860012384F8803094F8883033B1D4F884100B
S21400A8701F4884F8886026F0BCF94FF0FF37D4F8FC
S21400A880B402421C1FD0C4F8B47210F0FF052CD0DE
S21400A890204625F098FE2946204600F0A7FB002813
S21400A8A0EDD0204625F09DFE94F888303BB1D4F8D4
S21400A8B084100F4826F09DF9002384F88830002382
S21400A8C084F88030C6E726F079F9431CDDD1D4F849
S21400A8D08C30D4F89420013B9A4204DB054A0649A2
S21400A8E0064826F086F90126E9E70126C7E700BFF5
S21400A8F01BB303009E9D030057A0030079A103002D
S21400A900F8B50B780446302B0D46164604D14B7826
S21400A91003F0DF03582B11D0284F6A1E12F8011FD0
S21400A920002934D128460A220FF076FE202C034652
S21400A9300D4631D1B1FA81F040091AE04A1C1F4990
S21400A94012F8013F8BB928460FF072FE1C4B0238F6
S21400A9502340032B12D10134A41084420AD1A878D4
S21400A96037288CBF0020012003E0CB5C13F04400A6
S21400A970E6D1F8BDCCBF01200020FAE7002CB8BF16
S21400A9800334B0EBA40FD4BF01200020F1E77B5CBA
S21400A99013F00400C2D1ECE726B1084302D0013B15
S21400A9A061F100050122A240013A1A40002D08BFBD
S21400A9B09A420CBF01200020DBE700BF955F040031
S21400A9C003000080F0B5037801467B2B17D10646BE
S21400A9D0022400220B4F16F8015F7D2D05D10B5D7A
S21400A9E06BB9D24302F0010008E07B5D13F044002F
S21400A9F002D001320134EEE7202DFBD0F0BD00205E
S21400AA00FCE700BF955F040070B506460D460FF0E4
S21400AA100FFE0446304626F0ECF8044EAC4200D357
S21400AA2070BD304626F0E5F80134F7E7F3A90300D9
S21400AA302DE9F84F044602215148FFF7E5FF1E2195
S21400AA402068FFF7E1FF6368586826F0D2F84D48A3
S21400AA5026F0CFF867683B7BFD2B12D8D7F8088026
S21400AA604FF0FF3640460FF0E3FD0546DFF8109145
S21400AA70DFF870A1DFF84CB10C3717F8013BFF2B5D
S21400AA8001D1BDE8F88F212B18D8212B36D8DFE866
S21400AA9003F0377274111B1D1F21353535353535DA
S21400AAA03535232527292B2D2F31353535353535A9
S21400AAB035353D33344C002D2BD12EE0334C344A03
S21400AAC0FE2B08BF1446F6E7324CF4E7324CF2E7AA
S21400AAD0324CF0E7324CEEE7324CECE7324CEAE729
S21400AAE0324CE8E7324CE6E7324CE4E7324CE2E739
S21400AAF0324CE0E7324CDEE7324CDCE7234CDAE758
S21400AB00314CD8E726F069F801362AE0002DB4D09B
S21400AB102E4C202B06F10106AFD002214846FFF747
S21400AB2073FF1E214846FFF76FFF504626F061F878
S21400AB305946204610F0D6F82549002818BF214669
S21400AB40244826F056F83B78202B02D12B2026F0FE
S21400AB5044F8214826F04DF84DB118F806301F2B62
S21400AB6005D018F806001F2801D0AE42CADB0548FB
S21400AB7026F03FF881E7194C9DE7194C9BE700BF8C
S21400AB8007ED03009E9D030001A1030013A103002F
S21400AB9039BD03005EA1030065A1030056A10300B2
S21400ABA052A1030049A103003FA1030035A1030001
S21400ABB04AA1030040A1030036A103002BA1030015
S21400ABC024A103001BA1030000A1030006A10300AB
S21400ABD011A103001BB303008AA403005DA10300B8
S21400ABE064A1030021BE03002DE9F04F9BB005468B
S21400ABF08B460024009203930FF01AFD249F039BBC
S21400AC0004901C6028463C600AAA09A926F013F89E
S21400AC10064658B90A980FF00BFD3446B046039B1B
S21400AC201860D5F89C300293029B1BB920461BB0D7
S21400AC30BDE8F08F029BD3F80890B9F1000F6CD0F6
S21400AC402E4416F8013B202B11D000260C2373430C
S21400AC5009EB030A59F803300193002B58D0099BDF
S21400AC60434555DB9AF808202AB1721C39E03B6848
S21400AC7001333B60E5E73968D5F894200793039BDA
S21400AC80521A1A601AAB03EB880151F8403C01993E
S21400AC90184605930FF0E6FF06900028E5D10198C8
S21400ACA00FF0C6FCDDE906230146DAF80400D7F803
S21400ACB000A090F80CC0BCF1FE0F16D103F1FF3EC9
S21400ACC0C64512D0D0F80090059801920FF0B0FC5F
S21400ACD00AF1010A019A50442B5C23B1386008F14E
S21400ACE001081646B2E70130F6E7D5F8942005913C
S21400ACF0A2EB0A028A4220DC58460FF099FC05991E
S21400AD0001447B290DD958461F4A009924F024FD9A
S21400AD102B46049A2A4493422CD1029B1B6802932A
S21400AD2082E7DDE90012584624F016FD5846174A19
S21400AD300099013424F010FD97E7BCF1FE0F94D182
S21400AD40013B434591D1D0F800A0DFF840905AF877
S21400AD500C2B22B9049B3B60039B1A60D8E758462D
S21400AD60009924F0F9FC4A465846009924F0F4FC71
S21400AD700134ECE713F8011B0029CCD14FF0200179
S21400AD8003F8011CC7E700BF6BA10300F3A903008B
S21400AD902DE9F047002486B01C60DDE90EA80646C3
S21400ADA089468AF800401168154888F8004017461A
S21400ADB01D468DF81740FCF729FB18B901242B68AF
S21400ADC001332B600020D6F89C6036B914B10123FD
S21400ADD088F8003006B0BDE8F087B06868B14B462A
S21400ADE00021CDE902A8CDE900750DF1170225F086
S21400ADF059FD9DF81730002BE8D13668E5E700BF0F
S21400AE0070A103002DE9F0470446ADF5447D80228D
S21400AE10002104A802AF0FF00FFD80222046009705
S21400AE2003AB04A9FFF7E0FE01283DD104A80FF00C
S21400AE30FFFB03993B68461A0B4426EAE676234452
S21400AE40054604A83246014418460FF085FE002247
S21400AE508255D4F89060039B3968D4F89020194442
S21400AE60B14212DCD4F89410E81A0244C4F89020D8
S21400AE70014404AAC4F89410D41825182B1B002BE0
S21400AE800DDC0DF5447DBDE8F087A05C25F0A5FE41
S21400AE90D4F8903001360133C4F89030DBE714F86C
S21400AEA0010B25F09AFEE9E7EBDD24AD80220021B8
S21400AEB028460DF5887A0FF0BFFC0DF110094FF407
S21400AEC00072002150460FF0B7FC4FF001084A46CA
S21400AED0002312F8016BA6B904A84AF828300FF030
S21400AEE0A7FB2946334698451CDB19F8016B0DF580
S21400AEF0887C5CF8042B82420CD101F8016B01338C
S21400AF00F1E7202E03F1010304BF4AF8283008F1C8
S21400AF100108DEE70DF1100E7244D25CB242E8D0B2
S21400AF200022EA54D4F89060039BB3422FDC2346F9
S21400AF302C4A04A92C4825F05CFE28460FF078FB26
S21400AF400646039B3F68F61A1F4426EAE672E01997
S21400AF5017441D44E11904F1900399423CD904F1C9
S21400AF609803984238D26A1E81190B1A002B27DDE7
S21400AF7012F8013F00F8013BD4F890300133C4F8D2
S21400AF809030D4F894300133C4F89430EDE7D4F818
S21400AF9090300136E05C25F020FED4F89030013386
S21400AFA0C4F89030C0E7D4F89020013B0132C4F8D2
S21400AFB09020D4F894200132C4F89420002BF2DCC0
S21400AFC000232E44E355731B002B7FF75AAF15F86A
S21400AFD0010B25F002FEF6E729460FF0BDFD3346CD
S21400AFE0ECE700BF46A0030075A103002DE9F84377
S21400AFF0D0E9245604460F46002294F89830012BD8
S21400B00007D10A2F07D1002384F898300020BDE826
S21400B010F88300F29F801B2F01D10223F4E70D2F47
S21400B0200DD1012384F898300D2025F0D6FD0A2096
S21400B03025F0D3FD00230120C4E92433E7E74FF0D1
S21400B0400008082F84F8988034D1454530DDB54295
S21400B0500FD1384625F0C1FD202025F0BEFD013D6C
S21400B060384625F0BAFD013E04F80580C4E92456AA
S21400B070CCE7FBDA05F1FF39384625F0AEFD04EBE8
S21400B0800903A6EB0902611918460FF027FC04F81D
S21400B09006800146013E484825F0ABFD35464D4545
S21400B0A001DC4D46E2E7082025F097FD013DF6E776
S21400B0B0ACD0DBE77F2F1CD1002EA7DDB542A5DA8A
S21400B0C06319691C21441846721B0FF007FC04F82C
S21400B0D006800146394825F08CFD0820013E25F003
S21400B0E07CFDB542F9D1D4F89430013BC4F89430D5
S21400B0F08CE70A2F98D0092F03D12046FFF782FE4F
S21400B10084E7D4F88C30013BB3427FF77FAFB5427B
S21400B11004EB050805F101090CDB384688F80070D9
S21400B120D4F89430C4F890900133C4F8943025F0E5
S21400B13054FD6BE74146721B04EB09000FF0CEFB93
S21400B140404625F056FD0820013E25F046FDB54256
S21400B150F9DDE2E7022B06D15B2F01D1032353E78B
S21400B16084F8982049E7032B7FF450AF413F84F8DA
S21400B1709820032F3FF64AAFDFE807F002070A16CB
S21400B1800121204625F0DAFC40E74FF0FF31F8E7D2
S21400B190B542BFF63BAF605D25F01FFDD4F890309A
S21400B1A00133C4F8903031E7002D7FF72FAF013D13
S21400B1B00820C4F89050BAE77EA1030078A50300E3
S21400B1C008B50248FEF720FC002008BD00B4C40401
S21400B1D030B58BB06C46174D0FCD0FC40FCD0FC4D6
S21400B1E095E8030084E80300134BD3F84C211203C0
S21400B1F01CD5A3F5FE431C884FF6FF739C4208BF80
S21400B2008C248DF81940FEF7E7FC204480F30800F4
S21400B2108DF818000948FCF791F96846FEF744FCDB
S21400B2203220FEF7DFFC00200BB030BDD3F85041D3
S21400B230E4B2E6E7E83904000080E00F00F04902D7
S21400B2400028ACBF00F16040064B4FEA0111C9B2BE
S21400B250ABBF00F5614000F00F0080F800131954F2
S21400B260704700BF14ED00E008B52EF0E9F80B4B70
S21400B2701A7872B901221A702EF0DDF86FF0040207
S21400B28010460132052152B2FFF7DAFF3D2AF7D108
S21400B29008BDBDE808402EF0CEB800BF195A002001
S21400B2A0002807DB01234109034A00F01F00834002
S21400B2B042F82130704700BF00E100E0054B421124
S21400B2C053F8223000F01F0023FA00F0C04300F0CD
S21400B2D00100704700E100E0002808DB0122430976
S21400B2E0034900F01F008240603341F82320704776
S21400B2F000E100E010B504462EF095F8024B1C6005
S21400B3002EF08CF8002010BD303B002010B52EF03B
S21400B3108AF8034B1C682EF081F8204610BD00BF4B
S21400B320303B002038B50C461546014610B9FFF7ED
S21400B330EDFF01462B46224603480EF08DF9002805
S21400B340D4BF3720002038BD8D0D030008B500F0AF
S21400B350E3FB18B16A2102482EF064F9002008BD0C
S21400B36083A1030008B500F049F80C4A536A43F479
S21400B37070235362EFF308834FF0CD31084A043B45
S21400B380934208D200F070FAFFF7E0FFBDE80840ED
S21400B3900448FEF795BD43F80419F1E700ED00E018
S21400B3A0080000204438040007B5042200200DEBF6
S21400B3B0020129F0CEFA042803D0D72104482EF043
S21400B3C031F9019800F0DCF903B05DF804FB00BF2A
S21400B3D083A10300082310B50C0A41400648C9B2F1
S21400B3E041F30002013B024013F0FF0382EA5101E1
S21400B3F0F6D184EA010010BD2083B8ED38B5FEF71B
S21400B4003BFC044624F0D1FEE3072AD40122104672
S21400B410114600FA01F3234002F1010223D01D4B2E
S21400B42033F811301C48062B028844881B4920D16B
S21400B4304FF20F039C4219D1B2F5406F28BF4FF46C
S21400B440C0624CF23C330A80438040F201730A88A3
S21400B4509A4201BF124B134AD2E90001C3E9000128
S21400B46015E00021DBE7102AD2D1DBE74FF4C062FB
S21400B470E7E740F20725AB420AD14FF20F05AC4290
S21400B48006D19A4204D14CF23C320B80428038BD41
S21400B4900B80DAE7A83B04002C610020065500204C
S21400B4A0343B002024610020014B1888704700BF01
S21400B4B006550020014B1888000A704706550020E4
S21400B4C0044B05481B881A0AB3F5406F38BF00EBDB
S21400B4D08200704706550020783B0400044B18880D
S21400B4E0044B020A53F82230C0B203EB80007047C8
S21400B4F006550020483B040010B504462DF097FF83
S21400B5004FF20F02044B1C805A80BFF35F8FBDE8DA
S21400B510104025F005BC00BF2C6100206D4A2DE9C7
S21400B520F0416D4B55686D4C5D65516A99656C4987
S21400B530D1F80002D865D1F80412586B1966916AE2
S21400B54010F0040F5966D16A4FF000009966116B2F
S21400B550D966516B1967D26BD8645A67D3E90E1255
S21400B56018BF11465F4A91421A655DD301F120006B
S21400B570A04259D88869C5F308051864CE69062D17
S21400B5805E6455D1584DA84252D3584DA8424FD26A
S21400B59005884DF6426085424AD11868C3F8900087
S21400B5A05868C3F8940040F20170A242154604D2CF
S21400B5B02E680432B6F1CD3FF7D00022C3E91E2232
S21400B5C0C3E92022C3E92222641BDFF81CC1434DD5
S21400B5D0DFF818E19C648D422DD8D3E91EC7D3E965
S21400B5E02065D3E922414FF0000E013AD2B2FF2A7D
S21400B5F03CD1BEF1000F05D0C3E91EC7C3E92065E4
S21400B600C3E92241B3F85430C3F308030C2B3BD8EC
S21400B610022B54D9DA1E092A51D8DFE802F0315736
S21400B620404350505050504D0021C3E910112D4951
S21400B6304FF42060B9E755F8044D6445CBD3744504
S21400B640C9D2E607C7D50026294F57F8048FA0456C
S21400B650C1D00136062EF8D132B1013AD2B202F18B
S21400B6601E0643F82640B6E70522F8E7E0464FF008
S21400B670010EBC4637462E4625460C464146B4E7E4
S21400B68040F60120BDE8F0813B2B18D1194B9B6991
S21400B69013F0020F40F2025318BF1846F2E740F6C6
S21400B6A00320EFE740F6042240F20173B0F5206F66
S21400B6B00CBF10461846E5E740F60520E2E740F6E0
S21400B6C00722013B4B2B98BF1046DBE740F60220D3
S21400B6D0D8E700BF00ED00E09460002008100020CE
S21400B6E000E100E008000020D0420000209A03009D
S21400B6F0086100200080015A00F00CB800F00AB87B
S21400B70000F008B800F006B800F004B800F002B880
S21400B71000F000B872B61EF0080F09D01EF0040F35
S21400B7200DD0DFF850E0AEE8FF1F6FF002000CE02F
S21400B730DFF840E0AEE8FF1F6FF00E0005E0DFF830
S21400B74034E0AEE8FF1F6FF006006946EFF30982AB
S21400B7508EE8070086460848084C854501D3A5456F
S21400B76001D384F30888FFF7D9FE84F30888FFF72F
S21400B770C3FE00009460002048000020081000204F
S21400B7804BF6EF6283B2002B08BF1346044A000C48
S21400B79013804FF6CE2308BF1846024B188070471A
S21400B7A01C6900201A6900200B4BB3F9002018888A
S21400B7B0002AB8BF80F0620042001A80074AB2F939
S21400B7C0001013880029BCBF83F4805383F00B035A
S21400B7D059001180584070471C6900201A690020E3
S21400B7E007B5684600F01AF8DDE900010022034BB1
S21400B7F003B05DF804EB25F08FBD00BF3C3B002096
S21400B80007B5009313460A460146034825F038FB61
S21400B81003B05DF804FB00BF3C3B00200249034A2E
S21400B8200160521A42607047E06900200000012063
S21400B830004870473C3B002038B5416004462DF078
S21400B840F2FD05462146044823F062FF2846BDE87F
S21400B85038402DF0E3BD00BF643B0020014823F0D4
S21400B86054BF00BF643B00200222014B1A6770479A
S21400B8700040005070B52DF0D6FD174E054617480F
S21400B8802DF07CFE3378CBB900F046F9044620B1A3
S21400B89028462DF0C3FD204670BDFFF7DFFF2DF0D4
S21400B8A034FF0F4B1C602CF00FFC0E4B0E4A18603A
S21400B8B0536F43F00103536725F04AFD00F028F864
S21400B8C025F05DFD094B00241860012328463370DF
S21400B8D02DF0A4FDDFE700BF255A0020203A040023
S21400B8E0683B0020903B0020004000506C3B00204E
S21400B8F0054B1B685843054B00F5742000F23F20AB
S21400B900B0FBF3F0704700BF903B002040420F00B2
S21400B910294B2A4AD3F8003170B503F003031360AD
S21400B9202CF068F94FF4C870FFF7E2FF0022244BB2
S21400B93024491860244C0B680132D2B20A2A44F813
S21400B940040BF9D1034400EBC00003440B601F4B0B
S21400B9501F4D1B7813B3184BD3F8003103F00303C5
S21400B960022B22D0032B23D0012B17D12BF0DAFE8B
S21400B970024698B1174B184EDC6800231946C4F3EC
S21400B9800B04013404EB84040138E4FB06010EF0DA
S21400B990E7FBFFF7ADFF2B6803442B601F20FFF784
S21400B9A0A7FF2B6803442B6070BD2BF005FFDFE775
S21400B9B02DF04CFDDCE700BF00800050D03B00209F
S21400B9C0943B0020983B00209C3B0020295A0020F6
S21400B9D0C83B002000C0015040420F000122154B1A
S21400B9E010B55A67144B154C1B7813B302202DF074
S21400B9F07DFEF0B12CF0EEFBD8B1A36DD90302D5D5
S21400BA00E36D9A0715D40D4B9B6DDB0711D401220D
S21400BA100B4B1A702DF05EFEBDE81040094B0A4A2B
S21400BA201860136F23F0070343F0030313672BF02C
S21400BA305FBE10BD00D000502A5A002000C0005043
S21400BA40275A0020C43B0020008000500122014BF2
S21400BA501A7070472A5A002007B5FFF7C1FE01A8E2
S21400BA60FEF778F99DF80530012B25D1234B9A6D0A
S21400BA70D20311D45A6B6FF3162242F4BC1242F46E
S21400BA80A0625A631A6B22F4704242F440421A6370
S21400BA901A6B42F4E0621A639DF8043063B94FF003
S21400BAA000531B68164B1B68164B1B68164B1B680F
S21400BAB0164B1B68164B1B68164AD2F8803043F0AC
S21400BAC00303C2F8803025F062FCFFF7CDFBFFF7DA
S21400BAD077FBFFF77DFB0DF009FEFFF7CBFE00F0CE
S21400BAE01BF825F055FCFFF73DFC25F060FC28F020
S21400BAF060FD03B05DF804EB25F04BBC00C00050C1
S21400BB00004000200080002000C00020000001202F
S21400BB10004001200080005070B52DF091FC144EBE
S21400BB2005463478FCB9134B1C60134B1C60134B52
S21400BB301C6000F031F801202CF03AFC2CF02CFCB4
S21400BB400F4B0246186020B928462DF074FC2320BF
S21400BB5070BD234640F2E7310A480EF001FB0A4B5F
S21400BB6018600123337028462DF065FC0020EFE7AF
S21400BB702D5A0020E03B0020DC3B0020E83B002064
S21400BB80E43B002018FCFFFFD83B0020014B186860
S21400BB90704700BFD83B00201FB50024184B18681C
S21400BBA09A880290D3F806009B7A00901548ADF864
S21400BBB00C208DF804302DF0E1FC02A88DF808402A
S21400BBC08DF80C40FEF7A2F8694601208DF800407B
S21400BBD0FEF760F81F220C4B9A615A614FF0B04294
S21400BBE0936A13F00803FBD113620120FEF76CF88A
S21400BBF00A20FFF771FB0A20FFF752FB04B010BDC6
S21400BC00D13B04001C3A04000020005810B52DF06B
S21400BC1017FC4FF0B04304465B691A07074A03F067
S21400BC20010003F00D0348BF40F0020053612CF002
S21400BC30E7FA2046BDE810402DF0FDBB0020005876
S21400BC4021282DE9F341054604D82C46204602B0AB
S21400BC50BDE8F08100240B4E0B4FDFF83080002348
S21400BC60CDF800801A461946386824F09AF88442BF
S21400BC70EBD2222CE9D056F8043BAB42E6D0013496
S21400BC80EDE700BFF03E040028640020FFFF0F0031
S21400BC902DE9F04F644E654D89B025F0D4FB316830
S21400BCA02868FCF7D1FD0446002827D03368002416
S21400BCB0D3E900019A6912689047336804A89B6923
S21400BCC09B689847336802209B69DB689847326810
S21400BCD005985368E7B2B3FBF0F3BB42916904F1F1
S21400BCE001044ED8CB680020984733689B695B6890
S21400BCF0984731682868FCF7A7FD04460027DFF858
S21400BD0044A1DFF84481DFF84491F4B9484B286831
S21400BD10DB5D002B00F08380D8F8006002AB314674
S21400BD2003AAFCF713FF2D2807D070B9039B012B3D
S21400BD300BD031462868FDF75DF9DAF80030314659
S21400BD401A682868FDF7D6F804460137222F0AF14C
S21400BD50040A08F1040809F10109D6D1B4FA84F3FB
S21400BD60344A5B0913702B681B7C33B125F037FB14
S21400BD7018B1DB2130482DF055FC204609B0BDE84F
S21400BD80F08F12680B6907FB002098479FE7D8F8EA
S21400BD90003003AA194402AB0191FCF7D7FE2D2808
S21400BDA0034601992BD0286813B30BF1010B5FFAF9
S21400BDB08BF18E422868EAD8204BDB5D002BC4D07E
S21400BDC0F3B27E2B2868C0D8D8F8003003AA06EB5A
S21400BDD0030B594602ABFCF7B9FE2D28B5D05946E1
S21400BDE02868FDF707F9013604460028E8D0ACE7D6
S21400BDF0039B7BB999F80020029B9A42D5D099F80C
S21400BE000030DAF800202868FCF76EFF0028CCD057
S21400BE100446D1E70191FDF7EDF80199EFE7084BED
S21400BE20A346DE5DC3E700BF086400202864002048
S21400BE30CC3E04002F5A00200AA20300AA3E0400AB
S21400BE40663E0400DC3B0400F03E0400883E04002E
S21400BE50F8B51F46214B04461B780D46164623B1FF
S21400BE6000F47E23B3F50E2F2BD02046FFF7E8FE16
S21400BE702128044614D81A4B53F82010194B1B7867
S21400BE80ABB1194B212C18681DD8184B1B5DD3B1CC
S21400BE903268FDF72FF8044650B125F09FFA07E008
S21400BEA0FF2807D93A46314680B224F0ABFF00247B
S21400BEB02046F8BD4FF4A9710D482DF0B3FB0021C4
S21400BEC0DCE70146DAE77F2D08BF00253B46324611
S21400BED051FA85F1FCF708FFDDE700BF2E5A002077
S21400BEE0F03E04002F5A002028640020CC3E0400B8
S21400BEF00AA2030030B5134600F07E62B2F17E6FF0
S21400BF008BB00DD10A46C0F30B016846FEF71AFA4D
S21400BF1020B140F2931109482DF084FB0BB030BDE0
S21400BF205A0825F05EFA0028F8D04FF49C710348B2
S21400BF300BB0BDE830402DF075BB00BF9BA20300E0
S21400BF402DE9F743C70705460E46144604D540F2CA
S21400BF50E31149482DF066FBE10704D54FF4F27172
S21400BF6045482DF05FFB454B93F80080B8F1000F75
S21400BF7020D043F260239D4208D1224631464048F5
S21400BF800EF0EAFD002003B0BDE8F083C5F30B0712
S21400BF9005F44055B5F5805F14BF4FF40F204FF4FD
S21400BFA00E20234632467F21384303B0BDE8F043D7
S21400BFB0FFF74EBF05F47043B3F5805F3FD1C5F37E
S21400BFC00B05304A05F17E65631E2B44934230D83C
S21400BFD02F46DFF8A49007EB0408474542D1AA078E
S21400BFE00ED04FF6FF7336F8022BA81E43EA024324
S21400BFF004220DEB02010193FFF77CFF0235023CA1
S21400C000A3070ED0023C24F00103F35A04226FEA81
S21400C01003436FEA13430DEB020128190193FFF760
S21400C02069FF002CAED0224631462846FFF762FF55
S21400C030A8E740F2FD1110482DF0F4FAC8E705F421
S21400C0406043B3F5005F04D1C5F30B0505F53E2547
S21400C050BEE740F2052108482DF0E4FA6FF00F071E
S21400C0604546B6E717F8013BFF2BB6D04FF40471F0
S21400C07048462DF0D7FAB0E79BA203002E5A0020C0
S21400C0801E690020FF03E00F10B500F077F825F0DA
S21400C090F4F9044618B100F079F8204610BD00F017
S21400C0A07BF804460028F6D10122014B1A70F2E70D
S21400C0B0305A0020054B1B7833B1054BC0F31301F3
S21400C0C000221868FCF75ABF11207047305A00202B
S21400C0D028640020144B2DE9F0411B7805460E46D7
S21400C0E01746FBB125F0B0F9012805D9841EE4B245
S21400C0F0012C09D9212412E03B4631462846BDE8EA
S21400C100F041002200F052B800F038F83B4600221A
S21400C1103146284600F076F8044600F037F8204608
S21400C120BDE8F0811124FAE7305A0020124B70B5B2
S21400C1301B7804460D461646E3B125F085F901281E
S21400C14005D9831EDBB2012B08D9212410E0324624
S21400C15029462046BDE8704000F040B800F00EF8D2
S21400C16020463246294625F08AF9044600F00EF8A5
S21400C170204670BD1124FBE7305A002008B52DF08C
S21400C18052F9014B186008BDEC3B0020014B1868C3
S21400C1902DF044B9EC3B0020024B1968024B18689E
S21400C1A0FCF752BB086400202864002037B505461B
S21400C1B00C46C0F313010848ED02006805D5224678
S21400C1C003B0BDE83040FCF78DBC00931346224612
S21400C1D0FCF742FC03B030BD2864002030B40546AE
S21400C1E01346074A0C46C0F313011068EA0203D54B
S21400C1F0226830BCFCF77EBE224630BCFCF774BD1D
S21400C20028640020F7B505460F4614461E461BB99F
S21400C2102125284603B0F0BD0029F9D025F014F9F1
S21400C2204BF23462ABB2934220D14FF0FF3322463A
S21400C2306946CDE9003325483346FFF7E3FF082279
S21400C2400546234968460EF043FE38B93346224673
S21400C250694641F2F010FFF7D5FF0546002DD8D10C
S21400C2603246694638460EF077FCD2E741F2F012C5
S21400C27093420FD1174B311908299A6CDB6CC7D83B
S21400C280CDE9002332460DEB040138460EF064FC7F
S21400C2900025BEE702280BD1C5F30C4332199342A2
S21400C2A0B6D3C5F30B0104F17E6432462144ECE7B5
S21400C2B0032809D1C5F30C4332199342A8D3C5F31A
S21400C2C00B0104F53E24F0E70125A2E7021008C0A2
S21400C2D07C3F04000080E00F10B527F033FB28F009
S21400C2E0CAFBBDE81040034601210220014A02F0C5
S21400C2F00BBC00BF32A3030013B5D0E9023253F8DB
S21400C30022301C78204627F02FFB23460090012180
S21400C3100220024A02F0F8FB02B010BD46A303005A
S21400C320014B187826F008BF315A0020FF232DE96C
S21400C330F04F8FB01122002108A88DF813300EF0B0
S21400C3407BFA08A826F0B6F801210220B04A08AB0E
S21400C35002F0DAFB41F24903AE4A0121022002F064
S21400C360D3FB06A826F0D5F908A90DF1130026F090
S21400C370DBF902200021A84A02F0C6FB002026F0C6
S21400C3800CFF10B106A809F041FE9DF92A300121E4
S21400C3900220A24A00939DF82B3002F0B5FB27F04E
S21400C3A0CDFA831EDBB2FC2B054631D801210220D4
S21400C3B09B4A02F0A9FB01249A4E9B4FDFF8D082DD
S21400C3C0234632460021022002F09EFB05A9E0B279
S21400C3D027F0B6FA034650B1A0F11602012A40F241
S21400C3E0AA8042460121022002F08EFB0CE09DF955
S21400C3F014303A4601939DF816300121009302202E
S21400C4009DF8153002F080FB0134E3B29D42D7D888
S21400C410BDF8284008F0E6F923460021834A00903C
S21400C420022002F071FB02200021814A02F06CFB20
S21400C430002026F0B2FE10B108A809F0E7FD0121A1
S21400C4407C4A022002F060FB27F0D4F9044627F06D
S21400C450CFF923460121784A0090022002F054FBCF
S21400C46008F098FE00210220744A02F04DFB9DF869
S21400C4701330FF2B65D000210220714A02F044FBE6
S21400C48001216C4A022002F03FFB26F052F90121FE
S21400C49003466C4A022002F037FB08F07BF90021C5
S21400C4A00346694A022002F02FFB26F048F90446AC
S21400C4B026F047F923460121644A0090022002F044
S21400C4C023FB2DF0BCF808F00DFF01210346604A5F
S21400C4D0022002F019FB0025DFF8B88108F002FF01
S21400C4E0ECB2A04233D82DF0AAF80123594A1946D7
S21400C4F0022002F009FB002026F01EFE564B574C89
S21400C5000093012100230220554A02F0FDFA236819
S21400C51063B1012102201B78524A02F0F5FA236823
S21400C520012102205B78504A02F0EEFA26F009FE5E
S21400C5300FB0BDE8F08F012102204C4A02F0E4FA69
S21400C54062E7002102204A4A02F0DEFA98E7494BE9
S21400C550204603EB0416D6F8089008F07DFF8246C6
S21400C560204608F0C5FE444F00280CBFC346BB4615
S21400C570204608F071FF0AF02BFD002808BF47464A
S21400C580534600210220CDE900B73C4A02F0BCFA2F
S21400C590B37901210293B388022001937388384A45
S21400C5A00093337B02F0B0FA0026DFF8ECB099F87F
S21400C5B00430F4B2A34203D82DF041F801358DE7DC
S21400C5C014235C43D9F8007002203A5B07EB040A98
S21400C5D09AF90C3000922B4A002132EA230228BF37
S21400C5E05A461346284A02F08FFA002026F0D5FD58
S21400C5F038B150463C5B26F00BF9014620460AF05F
S21400C60035FD01210220214A02F07EFA0136CEE7EE
S21400C61087A3030096A30300B2A30300DEA30300D0
S21400C620B9A30300CFA30300D6A303000BA4030003
S21400C6302BA4030075A4030034A4030056A403002F
S21400C640B8C4030061A4030077A403008DA403000C
S21400C650A3A403001CA5030034A50300E8400020A3
S21400C66028A5030042A5030056A50300F3A3030074
S21400C67013A103001C4000205EA30300AEA4030029
S21400C680CEA403007BA3030004A5030007ED03006C
S21400C690FEA3030066A303006FA303002DE9F74380
S21400C6A00025134EDFF8588008F01CFEECB2A042BE
S21400C6B002D803B0BDE8F0832701204616F807909D
S21400C6C008F016FE0B4A4B46002808BF42460021DB
S21400C6D002200092084A02F017FAF05D26F035F8BC
S21400C6E001210220054A02F00FFA0135DCE700BFFF
S21400C6F01C400020A0F3030071A5030007ED030013
S21400C700AAF3030008B583685A681178C26853F81C
S21400C7102230A1F1650251425141187808F09EFF7F
S21400C72030B9BDE8084001210220024A02F0ECB907
S21400C73008BD00BF7CA5030000210220014A02F0CC
S21400C740E3B900BF96A5030000210220014A02F0CB
S21400C750DBB900BFC4A5030010B5044686B0182296
S21400C760002168460EF068F8684626F063FCD4E9B7
S21400C770022052F8203002EB80021B788DF80B3036
S21400C780516891F900108DF80A1091680988ADF883
S21400C79008106168091A032907DDD26803F01F0331
S21400C7A0127843EA42138DF80B30684608F0C8F852
S21400C7B000210346024A022002F0A6F906B010BD88
S21400C7C0E0A5030007B5002027F07CF800210090C4
S21400C7D0034B0220034A02F097F903B05DF804FB0E
S21400C7E0EDA50300F3A5030013B5D0E9023253F814
S21400C7F0221003EB82035B68087819680023094C53
S21400C800A222994208BF2146C01A18BF012027F06D
S21400C8104DF801210090044B0420044A02F074F9FC
S21400C82002B010BD00F8FF07FEA503000CA703002A
S21400C83013B5D0E9023203EB820153F82230D1E976
S21400C84001141878FF22003818BF012023780968E1
S21400C85027F02CF801210090034B0420034A02F035
S21400C86053F902B010BD00BF05A603000CA70300D5
S21400C87008B5002101230C4A26F09DFE0A4826F042
S21400C880FDFB0020094909F059FC002026F085FC34
S21400C89010B1054809F0BAFBBDE8084001210420A4
S21400C8A0034A02F031B900BF635F00201AA60300F6
S21400C8B007ED030010B525F046FF034630B1BDE88E
S21400C8C0104001210420054A02F01EB90121BDE8EE
S21400C8D010400420024A02F017B900BF28A6030041
S21400C8E039A6030010B526F0CBFBBDE81040034682
S21400C8F001210220014A02F007B900BF44A6030046
S21400C90010B526F08DFBBDE810400346012102203D
S21400C910014A02F0F9B800BF5AA6030037B5D0E9BD
S21400C9200232012453F822304FF6FF701D78FE22A3
S21400C93004FA05F1002327F025F82B46009021463F
S21400C9400420024A02F0E0F803B030BD6EA60300F1
S21400C950D0E9023253F822301B7823B1012102209D
S21400C960024A02F0D1B8024A137070478DA603003F
S21400C970315A002007B5684625F0CBFE07F032FF97
S21400C98001210346084A022002F0BEF8684609F074
S21400C9903DFB08F09BF901210346044A022002F001
S21400C9A0B3F803B05DF804FBA3A60300BDA603001E
S21400C9B037B5D0E90245406854F82530401B0328B7
S21400C9C0D8BF002004EB8504C8BFE0681978636808
S21400C9D0C8BF00781A78A36893F900300090012049
S21400C9E026F054FF38B901210220084A03B0BDE8FA
S21400C9F0304002F089B8064B0190009301210220D6
S21400CA00044B054A02F080F803B030BDCEA6030002
S21400CA10D6A60300AAD50300EAA6030007B50120A0
S21400CA2026F03CFF48B9009001210220084B094A35
S21400CA3002F06AF803B05DF804FB054B0190009322
S21400CA4001210220044B054A02F05EF8F2E700BF1F
S21400CA50D6A6030001A703008F010400EAA6030080
S21400CA6008B5D0E9023253F82230187826F0C8FE0E
S21400CA7030B9044A0121BDE80840042002F044B859
S21400CA80014AF7E716A7030032A7030008B5D0E966
S21400CA90023253F82230188826F0B0FE30B9044A25
S21400CAA00121BDE80840042002F02EB8014AF7E74D
S21400CAB051A7030081A7030073B50378044613F05B
S21400CAC0050F0ED04588062D17D1836801215B68B7
S21400CAD0174A1B780193838804200093154B02F0B5
S21400CAE013F82378012B20D001210420114B124A81
S21400CAF002B0BDE8704002F007B835B9838801215E
S21400CB0004200E4A02F000F8EBE7012DE9D1866812
S21400CB100B49002009F012FB304609F077FA294647
S21400CB200420084A01F0F0FFDBE702B070BD00BF4A
S21400CB30B7A70300AEA7030009A80300D4A7030005
S21400CB40F1A7030007ED03002DE9F04F00268FB094
S21400CB50364D09AC0FCD0FC42B6801210220344A94
S21400CB60236001F0D1FF3446DFF8DC9025F0E5FDC8
S21400CB70F5B2A8420BD825F0E0FD2346009001212F
S21400CB8002202C4A01F0C0FF0FB0BDE8F08F284607
S21400CB9005A926F01FFE0346002841D19DF8143053
S21400CBA0032B39D904238DF814302B46002102209C
S21400CBB0214A01F0A9FF9DF814300EAA02EB830368
S21400CBC000214A4653F8143C022001F09DFF2846F7
S21400CBD09DF821A09DF815B09DF81870BDF8168038
S21400CBE026F0FAFD5346CDE9028000210220CDE969
S21400CBF000B7124A01F088FF01340020E4B226F0A4
S21400CC00CCFA18B10DF1190009F000FA0021022043
S21400CC100B4A01F079FF01E0002BC6D10136A5E7EB
S21400CC2000210220074A01F06FFFF7E7843F040067
S21400CC301BA8030094A80300D1A3030048A8030080
S21400CC409E9D03006FA803001BB30300C3688268A1
S21400CC50013BDBB252F8233002201B78652B14BF51
S21400CC6000220121044B1BBF01211A70034A044A0B
S21400CC7008BF197001F048BF83690020ABA8030005
S21400CC80B9A80300D0E9023253F822301A88014BC3
S21400CC901A8070472069002007B5D0E9023103EBFF
S21400CCA0810253F8213052681988054B05481288CE
S21400CCB000930088012309F09DFE03B05DF804FB95
S21400CCC0B9CA000020690020C3688268013BDBB255
S21400CCD052F823305B78A3F1660253425341014A6F
S21400CCE0137070478669002030B5D0E9023253F8D9
S21400CCF0223089B01D78012302AA1946044626F080
S21400CD005AFC01230093102302210DEB0302204658
S21400CD1026F032FC284604AA02A926F04DFE044658
S21400CD20002026F03AFA18B12146044807F0EAFD3A
S21400CD300020034909F0E8F909B030BDC8A803008F
S21400CD4007ED0300002330B58FB00221009309AA37
S21400CD501223054626F010FC05AA014609A807F08E
S21400CD60AFFB044698B1232805D1134A01210420BD
S21400CD7001F0CAFE09E0212801D1104AF6E7034671
S21400CD80012104200E4A01F0BFFE0FB030BD012382
S21400CD902846194603AA26F00EFC05A903A826F085
S21400CDA00DFE0546204626F0F8F918B12946054836
S21400CDB007F0A8FD044AD9E7D5A80300F8A80300A1
S21400CDC033A9030054A9030007ED0300F0B5D0E92A
S21400CDD0023253F8221003EB82039B6805461F7845
S21400CDE087B038460E7826F0B8F9044608BBD5E971
S21400CDF0022101238DF80830194452F8210002EB75
S21400CE00810200888DF809709268ADF80A001278E1
S21400CE1004218DF80C2028460DF10D0226F0CBFBE0
S21400CE20304602A98DF8154026F0D8FC044626F0B8
S21400CE3088F9334601210420024A009401F064FE7A
S21400CE4007B0F0BD69A903002DE9F04101218EB0BD
S21400CE500220274A01F058FE002005AB01AA09A9C6
S21400CE6026F0A4FD00250446224E234FDFF89880C6
S21400CE701CB128460EB0BDE8F08102202B46324693
S21400CE80214601F041FE204626F087F910B10AA897
S21400CE9009F0BCF83A46002102209DF8303001F037
S21400CEA033FE424600210220079B01F02DFE0021A2
S21400CEB00220BDF82030114A01F026FEBDF81430DD
S21400CEC000210F4A022001F01FFE013501A826F0BE
S21400CED05FF9EDB2012102200A4A01F015FE28464C
S21400CEE005AB01AA09A926F061FD0446C0E700BF0C
S21400CEF09BA90300E1A90300E9A90300D7C4030026
S21400CF00FEA9030007ED0300F5A903002DE9F0478D
S21400CF10064698B0C0B925F00EFC074600250EA8B8
S21400CF2026F04EFD01210220384A01F0EDFD2C4688
S21400CF30DFF8E080DFF8E090DFF8E0A0BC4205D341
S21400CF40284618B0BDE8F0870127E7E713A826F0C3
S21400CF5037FD002E4CD0022306A913A88DF84C30BE
S21400CF60FE2426F01FFD00283FD102A913A826F0B4
S21400CF701FFD9DF8593043F001038DF85930002EFF
S21400CF803DD1234631460220214A01F0BDFD9DF8E1
S21400CF9059300AA943F0010313A88DF8593026F03A
S21400CFA007FD002026F0F9F810B114A809F02EF8B5
S21400CFB00C9B42460021022001F0A6FDBDF8282069
S21400CFC0002112F4007F0CBF4C23412312F0100FF7
S21400CFD00CBF6E227922022000924A4601F094FD90
S21400CFE006A826F0D5F80135EDB20134E4B2A5E77F
S21400CFF020460AAB06AA13A926F0D6FCB3E752468B
S21400D0000021022001F080FDC1E700BF08AA03004E
S21400D010E1A90300F5A9030044AA03003DAA030002
S21400D02030B5012499B00EA826F0CAFC13A88DF8D6
S21400D030384026F063FCC0B9BDF84C1011EA040570
S21400D04013D121460220444A01F05EFD2946022003
S21400D050424A01F059FD214602203F4A01F054FDA4
S21400D060214602203C4A01F04FFD06A90EA826F0F4
S21400D07099FC20B11022FF2106A80DF0DDFB04A8C4
S21400D08026F098FC059B01210220354A0093354B7B
S21400D09001F03AFD9DF8123001210220324A009339
S21400D0A0304B01F031FD00212E4B304A022001F0BA
S21400D0B02BFD06A826F06CF813A826F081FC0223A8
S21400D0C00AA913A88DF84C3026F072FC00283FD130
S21400D0D00B9B009301210220254B264A01F014FDEC
S21400D0E00121234B244A022001F00EFD0120FFF708
S21400D0F00DFF01211E4B214A022001F005FD0020F4
S21400D100FFF704FF044625F016FB23460090012196
S21400D11002201B4A01F0F8FC01211A4B174A022094
S21400D12001F0F2FCFFF790FE174902280346174865
S21400D130174A28BF0A46084928BF01460092CDE98B
S21400D140013102200121134A01F0DEFC19B030BD86
S21400D1504FF0FF33BDE700BF07ED030057AA0300FB
S21400D16095AA03008DAA0300A5AA030034D40300E1
S21400D17061E20300B8AA0300C8AA0300CFAA03000E
S21400D180D8AA0300ECAA030053AA03009EC9030012
S21400D190F0C90300FAAA030010B5D0E9023253F82A
S21400D1A022301C78201E18BF012026F093FB054A6B
S21400D1B0054B0020002C18BF1A46BDE81040034956
S21400D1C008F0A2BF27AB030022AB030030AB03007E
S21400D1D0D0E9023210B553F822301C88204626F0DB
S21400D1E07BFB2246BDE810400020014908F08CBFBA
S21400D1F071AB030037B5044607F0CCFA014638B1E8
S21400D20000200D4A0D4903B0BDE8304008F07CBF51
S21400D210E368A268013BDBB252F8233008481D7869
S21400D2200123084A00936C2D08BF024610232046AF
S21400D23026F0A2F903B030BDBFAB0300C7AB0300B6
S21400D2406C6900205C69002013B583689A681278C0
S21400D250672A22D101A826F051FB0446A8B9BDF8DA
S21400D2600420174908F050FFBDF80430DA070AD446
S21400D27013F0020F134B144A18BF1A461349002026
S21400D28008F042FF19E0124AF8E70246114900206A
S21400D29008F03AFF22461049F1E7C26801A953F8A0
S21400D2A0220003EB82035B6800681B68ADF804305D
S21400D2B026F02AFB04460028ECD102B010BD00BFC1
S21400D2C0FAAB0300EDAB030091D503001BAC0300E3
S21400D2D0DDAB03002DAC030059AC0300034A044940
S21400D2E01388C85401331380704700BF16550020BA
S21400D2F0375A002073B5154D01242B78144E13F0C1
S21400D300040F0CBF02230423124A214614703288ED
S21400D31002200192EB5C104A0093104B5B8801F0F0
S21400D320F3FB002102200E4A01F0EEFB0D4B2946CE
S21400D330009332882346022001F02CFC214602206E
S21400D340094A02B0BDE8704001F0DEBB375A002043
S21400D35016550020365A002068AC030008550020F9
S21400D3608DAC0300AFAC030007ED030070B51646A6
S21400D3704FF48A52114B124DDA805980114B1B889C
S21400D3801A1E18BF012240EA82000F4A1278003A9D
S21400D39018BF012240EA0210287063B103246B70A4
S21400D3A01B0AAB7009F082FE631C2855EE54074B2F
S21400D3B002341C8070BD0124F4E700BF085500202D
S21400D3C0375A002014550020355A002016550020E4
S21400D3D038B5D1E902320C46054653F822300246EB
S21400D3E019880C4B1878FFF7C1FFE368A268013371
S21400D3F052F82330188824F084F84DB1E368A26808
S21400D400023352F823301878BDE83840FFF766BF7D
S21400D41038BD00BF325A0020F0B50546EB68AA6852
S21400D420023352F8233008461C78294685B0FFF7A9
S21400D430CFFF204625F0D8F9204E214F78B320465E
S21400D44025F0DEF90321441C03AA284623F0C0F881
S21400D4503288E4B2C2F1FF0303991B1B9BB28B42D6
S21400D46022443CBFC2F1FF03039301230321009330
S21400D4703A449DF80C30284626F07EF8039A022C93
S21400D480338804BF0F48110AFA5408BFC154134426
S21400D4901C44348005B0BDE8F040FFF72BBF2046A3
S21400D4A007F080FE012332880446009303210346DA
S21400D4B03A44284626F060F83388E9E716550020F7
S21400D4C0375A0020385A0020052307B5012100935B
S21400D4D00220044B044A01F017FB03B05DF804EB8E
S21400D4E0FFF79EBD96AC03009DAC030013B5044643
S21400D4F026F000FA38B1CDE9004001210220034BA6
S21400D500034A01F001FB02B010BD00BFBFAB030031
S21400D510B4AC0300194B37B51B783BB90121022088
S21400D520174A03B0BDE8304001F0EEBAD0E9023247
S21400D530144C53F8223001211D7863880220009392
S21400D540114A2B4601F0E0FA104B25711B78104D5E
S21400D55063B1012102200F4A01F0D6FA20460E4A96
S21400D560298803B0BDE8304024F0DFBE20460A4AD2
S21400D570298803B0BDE8304024F099BF365A002011
S21400D580CBAC030008550020D9AC0300335A00206A
S21400D59016550020F0AC0300375A00202DE9F04164
S21400D5A0D0E9023253F8221003EB82035A680C7853
S21400D5B017889A68DB68B2F80080C6B01D7800212C
S21400D5C0304B0220304A0094CDE9017801F09CFAF5
S21400D5D0002D0CBF6E237923012102202B4A01F077
S21400D5E093FAFF23002D0DF1170606AD0193204692
S21400D5F00CBF80234023424639460296009525F00C
S21400D60039FC0446002835D1307825F0F3F8074673
S21400D610B0B1284625F080FD1D4BFD28A8BFFD2093
S21400D6200093234682B20DF11901022001F0B2FAEE
S21400D63001210220174A01F067FA46B0BDE8F081E2
S21400D640307825F0DDF860B1284625F06AFDFD2823
S21400D650A8BFFD200E4B82B200930DF11A013B4687
S21400D660E3E7307807F09EFD0B4B02460093294611
S21400D6700123DAE7009001210220084B084A01F056
S21400D68043FADAE7FDE203000AAD03002FAD03001C
S21400D690B5F6030007ED0300AFAC0300B7B5030013
S21400D6A039AD0300D0E9023253F8221003EB8203AF
S21400D6B02DE9F04F5A680F78B2F800809A68C7B024
S21400D6C0B2F80090DA681B6992F800A01E78002174
S21400D6D02F4B304A0446CDE901890220009701F01D
S21400D6E013FABAF1000F0CBF6E2379230121022032
S21400D6F0294A009606AD01F007FAFF2200212846C7
S21400D7000DF09AF8304625F075F8834608B30023E6
S21400D710052100932046FD230DF1190225F02CFF6C
S21400D7202870BAF1000F0CBF802340234A464146BA
S21400D7303846CDE9005625F068FB0146144807F048
S21400D740E1F801210220154A01F0DEF947B0BDE8F4
S21400D750F08F304625F054F860B1FD2305212046B1
S21400D760CDF800B00DF11A0225F006FF85F801B0DD
S21400D7702870D6E70590304607F014FD059A034654
S21400D780009205212A46204625F0F6FEC9E700BF8E
S21400D790F0E203000AAD03004AAD030007ED030004
S21400D7A02DE9FF471C465B68E5685B1B00255FFAB2
S21400D7B083F803952E46FFF7D9FDEBB298450BD9B3
S21400D7C00C9B9B5D282B39D8202B00F2CB80013692
S21400D7D0F6B2002B40F0C980FFF78CFD04B0BDE820
S21400D7E0F087132A2FD801A151F822F0B3D80000F1
S21400D7F0C5D80000D7D800000BD90000D9D7000044
S21400D800D9D70000D9D70000D9D7000047D80000E4
S21400D81047D8000047D8000047D8000047D8000087
S21400D82047D8000047D8000047D8000047D8000077
S21400D83047D8000057D8000031D90000A3F13102C4
S21400D840D1B21329CDD90136F6B2A3F14102032A8B
S21400D850C2D8422B6CD06C4F00213A88DFF8B0A1BA
S21400D860C2F1FE039BB2FF2B28BFFF2301320091BB
S21400D870DBB22046524469B225F05AFE3B880AF8CD
S21400D880030001331844388011E04FF00409E368C0
S21400D890A2682B4452F823301F68F8B209F1FF390A
S21400D8A0FFF71CFD19F0FF094FEA1727F5D10135E0
S21400D8B083E7E368A2682B4452F823301878FFF712
S21400D8C00DFDF4E7E368A2682B4452F8233018886D
S21400D8D023F017FEEBE7E368A2682B4452F82330E8
S21400D8E01F68B7F1807F09D2F8B2FFF7F7FCC7F3DD
S21400D8F00720FFF7F3FCC7F30740E0E72B460121BC
S21400D9000820424A01F000F966E74FF00409E36890
S21400D910A2682B4452F823301F68F8B209F1FF3989
S21400D920FFF7DCFC19F0FF094FEA1727F5D1BEE731
S21400D930294603AA204622F04BFE0021324F344AE5
S21400D9403B88DDF80C9002EB030CCAB2914501F15E
S21400D950010102D84B443B80A9E710F802A00CF85E
S21400D96002A0F2E7242B3FF670AF013B232B3FF6D5
S21400D97033AF01A252F823F0B3D80000C5D8000098
S21400D980D7D800008BD80000D9D70000D9D7000020
S21400D990D9D70000D9D70000D9D70000D9D70000C2
S21400D9A0D9D70000D9D70000D9D70000D9D70000B2
S21400D9B0D9D70000D9D70000B3D80000C5D80000DA
S21400D9C0D7D800000BD90000D9D70000D9D700005F
S21400D9D0D9D70000D9D70000D9D70000D9D7000082
S21400D9E0D9D70000D9D70000D9D70000D9D7000072
S21400D9F0D9D70000D9D70000B3D80000C5D800009A
S21400DA00D7D800008BD800001655002063AD030061
S21400DA10375A0020094B1B7823B101210820084AF9
S21400DA2001F072B8D0E9023253F82230054A1B885A
S21400DA30012113800820044A01F066B8365A0020F7
S21400DA4089AD030014550020CBAD0300D0E90232A7
S21400DA5053F82230054A1B780121003B18BF0123EA
S21400DA6008201370024A01F04FB800BF345A002055
S21400DA70F1AD0300D0E9023253F82230034A1B7896
S21400DA80012113700820024A01F03EB8355A0020E2
S21400DA9020AE030010B5D0E90232044653F8223017
S21400DAA0132219880B4B1878FFF760FCE368A2680E
S21400DAB0013352F823301878FFF710FCE368A268A9
S21400DAC0023352F823301878FFF708FCBDE8104000
S21400DAD0FFF710BC325A002010B5D0E902320446D7
S21400DAE053F82230112219880B4B1878FFF73EFCAA
S21400DAF0E368A268013352F823301878FFF7EEFB8C
S21400DB00E368A268023352F823301878FFF7E6FB82
S21400DB10BDE81040FFF7EEBB325A0020D0E90232D3
S21400DB2053F82230034A1B78003B18BF0123DB0062
S21400DB3013707047325A002010B5D0E9023253F8FD
S21400DB402230044619880E4B06221878FFF70EFC82
S21400DB500120FFF7C3FBE368A268034452F82330B2
S21400DB60188823F0CEFCE368A268023352F823300C
S21400DB70188823F0C6FCBDE81040FFF7BBBB00BF0B
S21400DB80325A00202DE9F043D0E902324FF0FD0969
S21400DB90013253F8221003EB82035A68C7B0178885
S21400DBA09A68B1F80080147853F8043C002C0DF104
S21400DBB0170506AE18783A4614BF40238023414620
S21400DBC00295CDF80490009625F054F9034638B136
S21400DBD0184A0121082000F097FF47B0BDE8F083FF
S21400DBE0201E18BF01200A224146C000FFF7BEFBD8
S21400DBF0384623F086FC2878FFF770FB4A46314605
S21400DC00287824F0A5FD044628B10B4F3D88C5F1C1
S21400DC10FF03984202DD2346084ADAE70246084830
S21400DC203146284425440CF097FF3D80FFF762FB01
S21400DC30D3E700BF56AE03001655002072AE0300B1
S21400DC40375A002010B5D0E90232044653F8223085
S21400DC50082219880B4B1878FFF788FBE368A26840
S21400DC60023352F823301878FFF738FBE368A268CF
S21400DC70013352F82330188823F043FCBDE81040E7
S21400DC80FFF738BB325A002073B5D0E9023205469A
S21400DC90023253F8221003EB820353F8042C53F895
S21400DCA0083C0C781988234B168818780622FFF74C
S21400DCB05DFB0020FFF712FB304623F022FC2046D7
S21400DCC0FFF70CFBEB68AA68033352F8233018887A
S21400DCD023F017FCEB68AA68043352F82330188840
S21400DCE023F00FFC204609F0E1FBE8B9204607F0D8
S21400DCF059FA05210446019001AA284622F068FC3C
S21400DD00019B01469C4206D0224631460A480BF04B
S21400DD1081FC02B070BD094D09482E882246304469
S21400DD2034440CF0DBFD2C8002B0BDE87040FFF7F9
S21400DD30E1BA00BF325A00209EAE030016550020FE
S21400DD40375A002073B5D0E902324FF48A5153F89F
S21400DD502230104D1A88104BD9805A8000232A464C
S21400DD6000930121FF2325F007FC2B78044613F0CF
S21400DD70040F0A4B08BF01261B7818BF032613B1F1
S21400DD8009F094F9A855064B1C8002B0BDE8704017
S21400DD90FFF7B0BA375A002008550020345A002042
S21400DDA016550020D0E9023253F82230034A1B7879
S21400DDB0003B18BF01231370704700BF335A002082
S21400DDC010B50C4608B908F0FDF8024B18715C71E6
S21400DDD010BD00BF0855002002462DE9F341D0E9EA
S21400DDE00253526855F82310D21A0C8805EB8301AB
S21400DDF0013BDBB255F82380294D022A4868C8BF8C
S21400DE008A682B78D8BFFF210078C8BF11783BB945
S21400DE1001210220234A02B0BDE8F04100F074BEA2
S21400DE20FFF7CEFF06F0DEFC1F4F204E3B88014674
S21400DE30224600931E48334625F009F90246C8B923
S21400DE4098F804103B885F2917D1CDE900364FF6C5
S21400DE50FF712046164B24F05CFA28B103460121D8
S21400DE600220144A00F050FE0023134A2B70138041
S21400DE70124A137002B0BDE8F0814FF6FB718C4277
S21400DE8008D9CDE900362146094B4FF6FF7024F03D
S21400DE909EFAE2E72146064A009624F0CAFADCE734
S21400DEA0365A0020E9AE030016550020375A0020E7
S21400DEB008550020F0AE030014550020355A002007
S21400DEC0002210B50A2104461046FFF74FFA00203C
S21400DED023F017FB0122044B1A70FFF70BFA2046BB
S21400DEE0BDE81040FFF778BF605F002038B51C46DD
S21400DEF015460123224625F05EFB60B921462846DA
S21400DF0025F022FD044620B101210420034A00F03A
S21400DF10FBFD204638BD0024FBE700BF17AF03001B
S21400DF202DE9F0430C4615461F46D0E9022352F869
S21400DF30231002EB830293680E8893F80080D36860
S21400DF408BB0B3F800903246012106ABFFF7CEFF48
S21400DF50F0B90DF1200CF4B101232A884021CDE957
S21400DF6002C2CDE90471CDE900932221434606AAF8
S21400DF70304625F057FB0B4B0B4A00930B4B01909A
S21400DF80002C08BF134601210420094A00F0BCFDFE
S21400DF900BB0BDE8F083624628686968032303C2B5
S21400DFA02246DBE776AF03005BAF030055AF030006
S21400DFB063AF030007B501236A46002125F0FBFA8C
S21400DFC06846034908F0C2FD03B05DF804FB00BFD5
S21400DFD0B9CA0000D0E9023253F822300149188845
S21400DFE008F086BDB9CA000010B5D0E9023203EBCE
S21400DFF08201496853F8223009784FF48A5218880B
S21400E00025F000FBBDE81040034601210420014A2C
S21400E01000F07ABD80AF0300D0E9023253F8223018
S21400E02002214FF48A5210B5188825F0DDFABDE8B3
S21400E0301040034601210420014A00F065BD00BFE0
S21400E04099AF03001FB5D0E9023203EB820153F803
S21400E0502230496818884FF48A5309880293094B7E
S21400E060094A0193094B1B7800931278084B25F058
S21400E07031FB012103460420064A05B05DF804EB97
S21400E08000F042BD18550020375B0020365B0020AC
S21400E09022550020B0AF03002DE9F043D0E902324C
S21400E0A053F8221003EB82035A680E8817789A6892
S21400E0B0DB688BB092F80090B3F8008032460421FB
S21400E0C006AB0446FFF712FF28BB08AD01232A461D
S21400E0D00521204625F06FFA38B9042001210F4AA1
S21400E0E000F012FD284624F014FB4FF48A53CDE9C5
S21400E0F004930023CDE9025303232121CDE90083B5
S21400E10006AA3B46304625F08DFA01210346044A0E
S21400E110042000F0F9FC0BB0BDE8F083C8AF0300A4
S21400E120F7AF030038B5D0E9024303F18043023B62
S21400E13002220F4954F823009D000CF0C9FE60B976
S21400E1400C4B0D491A78042A0BD82C44A06800887A
S21400E15021F8120001321A7038BD084B08491A78A7
S21400E160F1E70121BDE838400420064A00F0CCBCA7
S21400E17025DB0300375B002022550020365B00209D
S21400E1801855002009B0030008B5C368806803F17D
S21400E1908043023B0222064950F823000CF098FE0A
S21400E1A010B9044B187008BD0022034B1A70FAE72A
S21400E1B025DB0300375B0020365B002037B5D0E94F
S21400E1C0023153F821208C0015784268521A012A31
S21400E1D0C5BF1B195B686C091C78DCBF44F01804CB
S21400E1E005F01F052946204625F038F9034640B1BC
S21400E1F02346012104200E4A009500F085FC03B05A
S21400E20030BD0121A94074B92346FE224FF6FF70A7
S21400E21025F0B8FB012103460420064A03B0BDE8FA
S21400E220304000F071BCFE2241EAC461EEE700BF58
S21400E2301FB003003FB0030070B5D0E9021551F8D7
S21400E240253001EB8501044618884B681A788B68E0
S21400E250052A1B8802D85E1E072E0BD90121042032
S21400E2600C4A00F051FCBDE87040012104200A4A27
S21400E27000F04ABC6468641B032CCABFC96807491F
S21400E280096825F07FFBBDE870400246044900207F
S21400E29007F054BF5DB003007DB0030000F8FF0731
S21400E2A09AB0030008B5D0E9023253F8220003EB17
S21400E2B082035968FF22038809684FF6FF7025F02D
S21400E2C061FBBDE8084002460149002007F036BF62
S21400E2D0ADB0030008B5D0E9023253F8223005216C
S21400E2E04022188825F080F9BDE808400246024919
S21400E2F0002007F023BF00BFCEB0030008B5D0E96A
S21400E300023203EB8201486853F822100278402359
S21400E3100988312025F0BBF9BDE8084002460249CD
S21400E320002007F00BBF00BFEFB0030008B5D0E930
S21400E330023203EB8201486853F822100278402329
S21400E3400988332025F0A3F9BDE8084002460249B3
S21400E350002007F0F3BE00BF09B103001FB5D0E9E7
S21400E360023253F8221003EB82039B6808881A785F
S21400E3700023D21A18BF0122CDE9023302A9402396
S21400E380D20125F093F901210090044B0420044AA1
S21400E39000F0BAFB05B05DF804FB00BF76AF0300E3
S21400E3A027B1030007B5D0E9023253F82230032123
S21400E3B04022188825F018F901210090034B04200C
S21400E3C0034A00F0A1FB03B05DF804FB76AF030040
S21400E3D036B1030037B5C3688268053352F8233078
S21400E3E004211D786A460123044625F0E4F838B96E
S21400E3F004200121064A00F087FB684624F089F9CC
S21400E4002B466A4600212046FFF78AFD03B030BD42
S21400E41050B1030007B5D0E9023203EB8201486829
S21400E42053F82210027840230988322025F02FF96D
S21400E43001210090034B0420034A00F065FB03B063
S21400E4405DF804FB76AF030081B1030070B5856903
S21400E4500446EA0705F0020605D476B1C5F30720A0
S21400E46024F07BFE09E01EB1B2210F482BF0DAF84B
S21400E470A069C0F3810024F05FFEE3691BB9BA21EE
S21400E48009482BF0CFF8204614F008FCE3693EB1AB
S21400E490607E9847AB0706D0BDE8704024F051BEBA
S21400E4A020469847F6E770BD96B1030008B514F00D
S21400E4B0E9FE28B1BDE80840472102482BF0B2B873
S21400E4C008BD00BF96B103002DE9F041FF2B0446BE
S21400E4D00F4690461D469DF8186005D0FF2E03D0C7
S21400E4E0D52111482BF09EF80023FF2D18BFAD0054
S21400E4F00E4A1CBF45F00105EDB222600C4AC4E985
S21400E500063818BFA561FF2EC4E901232361E76022
S21400E51007D0A36943F0020323F47F4343EA0623AC
S21400E520A361BDE8F08100BF96B10300F03B002078
S21400E5304DE40000002310B5054C03610460054C53
S21400E540C261C0E901430123C160836110BD00BF01
S21400E550F03B00204DE4000070B58669044606F0E6
S21400E5600303032B0D4603D1FC2114482BF05AF865
S21400E570FF2D16D0B20704D440F201110F482BF03D
S21400E58051F8284624F085FAFF28054604D14FF4B2
S21400E59082710A482BF046F82DB204EB451420464B
S21400E5A070BDF307FBD5A36913F00C0FF7D040F24C
S21400E5B00B1102482BF036F8F1E700BF96B10300C6
S21400E5C00023054AC0E9063103610260C360034ABE
S21400E5D0034B426083607047F03B00204DE4000030
S21400E5E0692C0200014827F091B800BFF03B0020DC
S21400E5F0014827F097B800BFF03B002013B50E483F
S21400E60027F05EF823F000F826F027F826F049F801
S21400E61026F053F8FCF748FF0446FCF75FFF234656
S21400E620009001210420054A00F06EFA02B0BDE811
S21400E6301040FCF73FBF00BFF03B002029B20300AC
S21400E640022808B503D12AF0E6FF014B186008BD82
S21400E650203C002008B50DF055F90122044B1A7035
S21400E6602BF062F8BDE8084002490348FDF7E4B81D
S21400E670395B002034640020243C0020014B1870D5
S21400E680704700BF385B0020024B187808B106F0D0
S21400E6908DB870477C69002008B5074B1B780BB116
S21400E6A0002008BDFFF7F0FF0028F9D106F058FC5F
S21400E6B0023818BF0120F4E7385B002070B5FFF77A
S21400E6C0EBFF174D20B1FFF78DFF0428044613D843
S21400E6D02B781BB92BF028F801232B7022F0A2FF11
S21400E6E00446D8B12B781BB9F7210E482AF09AFFBA
S21400E6F0BDE87040FFF776BF22F096FF0028E7D00F
S21400E7002B785BB12AF08FFE06460021012029F007
S21400E710F5F830462AF082FE00232B70204670BDA6
S21400E720395B00204AB203001FB5FFF7C7FF044657
S21400E730FDF72CFAA04228BF204688B103A929F08D
S21400E740C9FC034638B9CDE90000064A03990648D5
S21400E7502AF07DFF18B18E2104482AF063FF0120BD
S21400E76004B010BD23160300003C00204AB203008C
S21400E7700D4B70B51B780D4D0D4C0121002B0CBFB9
S21400E7802B46234602200B4A00F0BEF90A4B012115
S21400E7901B780220002B0CBF2B462346BDE870409A
S21400E7A0064A00F0B1B900BF7C69002044DB0300D4
S21400E7B063DB0300E0B20300385B0020FFB2030017
S21400E7C010B5D0E9023253F8223002201B7801211E
S21400E7D0002B15BF01240024044A054A00F094F9D2
S21400E7E02046BDE81040FFF749BF00BF1EB3030038
S21400E7F03BB30300D0E9023253F82230034A1B78B9
S21400E800003B18BF01231370704700BF7C690020CF
S21400E81038B50125084B1D702AF005FE044629462A
S21400E820284629F06BF820462AF0F8FDBDE8384067
S21400E83002490348FDF700B83A5B00203C6400201C
S21400E8404C3C002070B514F0A3FD10F0070F1D4DD2
S21400E85011D02B785BB901262E702AF0E4FD044611
S21400E8603146304629F04AF820462AF0D7FDBDE862
S21400E870704014F05DBB25F069F8022803D1124BF6
S21400E8801B78032BE5D914F083FD18B90E4B1B78C3
S21400E890032B14D814F04CFB04460028D9D02B7850
S21400E8A05BB100262E702AF0BEFD054631460120DB
S21400E8B029F024F828462AF0B1FD204670BD4FF016
S21400E8C0FF34ECE73A5B0020C15F00201FB5FFF77E
S21400E8D0B9FF0446FDF75AF9A04228BF204688B182
S21400E8E003A929F0F7FB034638B9CDE90000064A2C
S21400E8F0039906482AF0ABFE18B18C2104482AF08A
S21400E90091FE012004B010BDFF1A03002C3C00202D
S21400E9105AB3030010B5094C0949002007F0F4FB70
S21400E92023681B68587924F0EAF823681B6858792E
S21400E93023F0EEF805F060F9002010BDAC41002091
S21400E940E8B3030008B524F0F1FF024628B1BDE89D
S21400E95008400020014907F0D7BB08BD0BB40300F0
S21400E96008B524F0F9FF024628B1BDE808400020AB
S21400E970044907F0C9BB5422BDE80840FF210248FD
S21400E9800BF05ABF23B403002C55002038B50446BC
S21400E9900D4624F0E5FF024628B1BDE838400020C9
S21400E9A0034907F0B1BB034B23F8145038BD00BF32
S21400E9B041B403002C5500202DE9F34100240C4EF1
S21400E9C00C4DDFF838800C4F56F8043B0BB9D8F8DE
S21400E9D0003035F8022B39460092002022460134DA
S21400E9E007F092FB2A2CEFD102B0BDE8F08100BF01
S21400E9F048640020805500205DB403004464002075
S21400EA0008B52A21034824F0A3FFBDE80840FFF715
S21400EA10D3BF00BF8055002007B5D0E9023253F8B7
S21400EA2022301A78292A0DD8084B53F822300BB911
S21400EA30074B1B680749002031F812100091064961
S21400EA4007F062FB03B05DF804FB00BF48640020DB
S21400EA5044640020805500205DB4030008B52A21D8
S21400EA60034824F077FFBDE80840FFF7A5BF00BFC6
S21400EA708055002038B5D0E9023253F8221003EB57
S21400EA8082035B680C781D880020044907F03CFB75
S21400EA9029462046BDE83840FFF778BF68B4030033
S21400EAA02DE9F34100240C4E0C4DDFF838800C4F56
S21400EAB056F8043B0BB9D8F8003035F8022B394627
S21400EAC0009200202246013407F01EFB2A2CEFD1CC
S21400EAD002B0BDE8F08100BF486400202C5500203D
S21400EAE05DB403004464002010B5024623F026F807
S21400EAF020B9044C236811B11343236010BD23EAE8
S21400EB000203FAE7F46400200CB413B502460C4680
S21400EB1023F014F860B9094B1B681A4208D005A9FF
S21400EB20049801910AF08AFD14B1054825F021FDEC
S21400EB3002B0BDE8104002B0704700BFF464002089
S21400EB4067B70300034610B5D3E9023253F8223004
S21400EB5008461C78211E18BF0121FFF7C5FF014695
S21400EB6048B9084A084B0220002C08BF1346074A3B
S21400EB70FFF7CAFF10BD00210220054AFFF7C4FFB9
S21400EB80F8E700BF66A303005EA3030069B70300AF
S21400EB907FB703002DE9F04105461F460C46DFF817
S21400EBA02C808E18B44201D1BDE8F08100212846A1
S21400EBB014F8013B069AFFF7A7FF002FF2D0424653
S21400EBC000212846FFF7A0FFECE700BFF3A90300EB
S21400EBD00021024A0248FFF7ADBC00BF65EC00000A
S21400EBE0543C0020FF21014822F000BD543C002088
S21400EBF00022034BFF2103481A7022F0F0BC00BF2E
S21400EC003B5B0020543C002013B5114C2378032BAB
S21400EC1013D8009300230F4A18460F4907F074FADA
S21400EC20237842F21072002B08BF0022FF210B4807
S21400EC3002B0BDE8104022F0C1BC002208491046D0
S21400EC4007F062FA02B0BDE81040FFF7D1BF00BF80
S21400EC503B5B002090B70300A2B70300543C0020A3
S21400EC60ACB70300F0B52B4D8FB02B7823B309A8B3
S21400EC7024F0A6FE022309A88DF8243024F08EFE88
S21400EC8001AA06469446244B03F11007144618685A
S21400EC905968083303C4BB422246F7D105AA174673
S21400ECA01E4B03F1100E144618685968083303C447
S21400ECB073452246F7D1E6B1012409A824F01CFECC
S21400ECC028B9BDF8243013F0020F18BF01242B78A2
S21400ECD01349002B4FF000034FF0A00208BF19465F
S21400ECE0204624F0E3FD90B92B7801332B700FB04B
S21400ECF0F0BD614609A824F053FE0028DCD1394651
S21400ED0009A824F04DFE04460028D6D0D4E7FFF725
S21400ED107BFFECE73B5B0020983F0400A83F040025
S21400ED2000F8FF0710B50020324907F0EDF9082279
S21400ED300020314907F0E8F9304B314A1978314B59
S21400ED400020002918BF1A462F4C304907F0DCF97E
S21400ED50002024F0F1F92368002B47D01B78022B03
S21400ED6044D900222A4B10462A4907F0CDF922F052
S21400ED702CFF29490246002007F0C6F900F0CAF821
S21400ED8026490246002007F0BFF923681B78032BAC
S21400ED902CD900F0CFF822490246002007F0B4F93B
S21400EDA000F0D8F81F490246002007F0ADF900F041
S21400EDB0D9F81D490246002007F0A6F900F0A4F88D
S21400EDC01A490246002007F09FF900F0D1F8184CC7
S21400EDD0184954F82020002007F096F900F01EF994
S21400EDE0154954F82020002007F08EF9BDE81040A1
S21400EDF024F0A7B9CEB70300EAB703003C5B0020B7
S21400EE0044DB030063DB0300E84000200DB803008A
S21400EE1034A5030028A5030029B803004DB8030055
S21400EE2071B8030095B80300B9B80300E0B8030052
S21400EE30F864002007B903002AB9030008B5D0E932
S21400EE40023253F82230187840B10020074907F004
S21400EE505BF9BDE80840802000F034B8044907F0AC
S21400EE6053F9BDE80840802000F046B84DB90300CD
S21400EE706AB90300D0E9023253F82230034A1B78FD
S21400EE80003B18BF01231370704700BF3C5B002097
S21400EE9018220021094BC3E900121A7B0AB9084A56
S21400EEA09A601A7C12B94FF47A72DA8140F6B83258
S21400EEB05A8200229A829A75704700BF743C0020DE
S21400EEC0E09304000A4B10B51B687BB11B78032B3C
S21400EED002D8B0F5007F09D1064C236803432360AF
S21400EEE06368184202D02AF091FBA08210BD00BFD2
S21400EEF0E8400020743C0020024A136823EA00031E
S21400EF0013607047743C0020014B1868704700BFC0
S21400EF10743C0020024B9868FA23B0FBF3F070476D
S21400EF20743C00200122024B98601A73704700BFA1
S21400EF30743C0020024BD889FA23B0FBF3F07047EC
S21400EF40743C00200122024BD8811A74704700BF1F
S21400EF50743C0020024B588AFA23B0FBF3F070474B
S21400EF60743C0020014B5868704700BF743C00207A
S21400EF702DE9F84300244FF00C08104B104F9D7DF0
S21400EF80104E3988E3B28B4202D32846BDE8F88398
S21400EF9008FB03F3F05C06EB030924F0D4F850B941
S21400EFA0FF21D9F8080022F021FB20B199F805309E
S21400EFB09D4238BF1D460134E3E700BF743C002085
S21400EFC0246900207C650020124B10B51B68124C8B
S21400EFD0EBB11B78032B02D823689B0517D52AF0C4
S21400EFE015FBA38AC01A638A80B283423EBFD4E967
S21400EFF000329343236024F023FC08B1E08910BD5F
S21400F0002368002BFAD1FFF7B3FF0128F6D0A068DB
S21400F010F5E700BFE8400020743C0020014B987DD7
S21400F020704700BF743C002038B504460D462AF0F1
S21400F0309EFB244B1B7813B1204622F0C1FD402CCA
S21400F04027D006D884B13F2C18D0BDE8384024F02D
S21400F05078B84C3C0C2CF8D81B4B2341DB07F4D477
S21400F0600220FFF749FFF0E74FF40070FFF744FF78
S21400F0700220FFF727FF154B1C71E6E74FF40070E0
S21400F080FFF73AFF0220FFF737FF00220F4B1A71F7
S21400F090DBE723F0D7FF0028D7D10C4C02202379DA
S21400F0A001332371FFF728FF4FF40070FFF70AFFC4
S21400F0B02379AB42C9D322F084FD0028C5D122F0C3
S21400F0C059FDC2E73C5B0020FEEEFFFF8C3C0020B3
S21400F0D010B505F05FFB02280AD124F08DFB03462D
S21400F0E030B1BDE8104000220249104607F00CB8C7
S21400F0F010BD00BFB6B903000021024A0248FFF760
S21400F10019BA00BFD1F00000943C002038B50020AA
S21400F11024F012F8124B1B6893B11B78022B0FD900
S21400F12005F038FB022816D10E4C2568FFF74CFF79
S21400F130A842206008D0FF2122680B4822F03EFA41
S21400F140BDE8384023F0FDBFFF21074822F04EFA05
S21400F1500028F5D1EFE7FF21034822F040FAEFE759
S21400F160E84000208C3C0020943C002002460249E7
S21400F170002006F0C9BF00BFCAB9030010B5234C73
S21400F1802348FF2122F02BFA207802281ED00328DD
S21400F1902ED0012804D02120BDE81040FFF7E6BF9E
S21400F1A01C4B19780029F7D002231B4A23701378CA
S21400F1B0052B0EBF00230133DBB29942137003D137
S21400F1C0052313700020E7E7052BFBD0124B1B78B6
S21400F1D0052B02D103232370DDE7104A104932F8CD
S21400F1E0230007F085FC032323700028D4D110BD2C
S21400F1F0094B0C4A1878094B03EB8001897833F8E1
S21400F200200007F045FC0123EEE700BF3D5B002031
S21400F210B43C0020465B00207E690020D4550020C8
S21400F22005F40000B1F300002DE9F04F0D4614463A
S21400F23095B00490112200210FA89946DFF86C8142
S21400F2400BF0FAFA04EB45030393D9F800301C2BB5
S21400F25002D0039B9C4202D115B0BDE8F08F01237B
S21400F260DFF844A18DF81C3023884C4AADF81E30D8
S21400F2709AF800304A4D08EB83039B7828788DF87F
S21400F280203013688DF81D00CDF821305368CDF876
S21400F290253023F058FF049B8DF829002188287814
S21400F2A0002B4AD123F01CFC002844D09AF80030EA
S21400F2B00FAA38F8230007A922F091FC00283AD0BC
S21400F2C023F03BFA4FF0000B074606461C255FFA74
S21400F2D08BF2974234D8B7422BD99DF81C30032BBB
S21400F2E01AD10FAB0193BDF8213000220421009300
S21400F2F001202C4B06F08EFD9AF8003008EB8303B5
S21400F3009978274B187806F001FE9AF8003000200E
S21400F31038F8231023F06AFE5DB107A9304624F0C2
S21400F3205DFA214B05461B78304638F8231024F04A
S21400F33057FAC9F80050023487E723F0C8FBB3E752
S21400F34010460BA9059224F045FA30B99DF82C100A
S21400F35031B9059AB74208BF16460BF1010BB6E75E
S21400F360BDF82E00BDF81E209042F6D19DF8300064
S21400F3709DF820209042F0D19DF81C208A42ECD1C6
S21400F380032A14BF082202220DF121010DF13100DB
S21400F3900BF09EFD002808BF0025DEE73E5B002040
S21400F3A07D69002047BC03007E690020D4550020FC
S21400F3B013B503460020114A9C6812780190052A6E
S21400F3C003D01B78032B00D12CB9012002B0BDE876
S21400F3D01040FFF7CBBE6268217801ABFFF724FF31
S21400F3E0217A0120E26801ABFFF71EFFFF210448E7
S21400F3F002B0BDE8104022F0EAB800BF7E690020E7
S21400F400B43C0020094B1B78052B02D00378032B55
S21400F41002D00120FFF7AABE8168054A0B6805489E
S21400F42013604B68FF21536022F0D1B87E6900203C
S21400F4303E5B0020B43C002038B50024114B124D32
S21400F4401870124BFF211C702C7006F05FFD012215
S21400F450032110460E4B06F0DDFC4FF6FF712246E8
S21400F460084623F0C6FD044648B940F6B832FF21E8
S21400F470084822F0A3F801232B70204638BDFFF77A
S21400F48075FEFAE77D6900203D5B0020465B0020A4
S21400F49007ED0300B43C0020144BF0B51A6814497D
S21400F4A013680978587988420BD11249D7880846DC
S21400F4B00022114D1E792B78D4B2A34203D8052C16
S21400F4C00AD10020F0BD0C88BC4202D18C78B44230
S21400F4D0F7D001320431EFE7A342F2D120F82270D0
S21400F4E0013300EB820086702B70EAE7AC41002007
S21400F4F07D690020D4550020465B0020FF2307B519
S21400F5000021044A04480093FEF7DEFF03B05DF8CE
S21400F51004FB00BF7DF10000B43C00201FB5B423FF
S21400F52003210446ADF80E3023F0D1FA98B121231A
S21400F53020460093002203210DF10E0323F076FCF3
S21400F54004460020054B064A0649009406F0DCFDFA
S21400F550204604B010BD8624F3E700BFF4B90300CC
S21400F56001BA030016BA0300D0E9023253F822307B
S21400F570034A1B78012113700220024AFFF7C4BA1F
S21400F5809669002025BA03000122014B1A707047C5
S21400F590966900200A4B90F805111B7890F8082110
S21400F5A019448A42BCBFB2FBF3F103FB11234FF0B0
S21400F5B0FF32B8BFDBB202FA03F380F80A317047B5
S21400F5C0966900202DE9FF410446057F867EDFF818
S21400F5D070806E43237F98F8002013449D4212DB10
S21400F5E0607F60B9238B029363690193237C009349
S21400F5F06288A31D217805F095FDFF232370002067
S21400F60004B0BDE8F081E37EAB42E9D9A77E228B49
S21400F610F1199142A4BF921BD7B205EB0323E381F5
S21400F6203A4633462946204622F0F3FA0028E7D128
S21400F630637F3744013301356377BEB2EDB2C9E765
S21400F6409669002037B5054624F0F6F80D4B0446BB
S21400F6501B6869461B78032B82BF0B4B1B881B1845
S21400F660284688BF9CB224F06FF938B9684624F063
S21400F670E5F818B9044B1B8823449CB2204603B017
S21400F68030BD00BFE840002028690020084B1B78EA
S21400F690FF2B0BD1074B1B78FF2B07D1064B1B7894
S21400F6A0022B03D04FF48070FFF726BC704700BFD4
S21400F6B000650020043E0020D43C002010B504461F
S21400F6C0FF2121F08CFF054B9C4202BF0023A4F5CE
S21400F6D088742370BDE81040FFF7D8BFE43D0020D3
S21400F6E02DE9F0479A462A4B81461B7888461646EF
S21400F6F0BDF82050002B49D0FF2D3ED9382528468E
S21400F700BDE8F087234B0C223146A01D636184F8C8
S21400F7100090A4F802800BF0E1F8A289414642F47A
S21400F720004242F040022046A28122F084FA2A4695
S21400F730514660690BF0D2F841464846A21D258323
S21400F74023F0CEFDA0760028D8D00544013DB5FBB9
S21400F750F0F0FF28D2DC0023E0762046A383FFF7F4
S21400F76031FF054680B923794FF48070B372FFF7F6
S21400F770A9FB227C099B1A80C1E7074C2778FF2F3C
S21400F780C0D040F60345BAE72770F2E70225B6E791
S21400F79096690020485B0020043E0020B0F9063041
S21400F7A010B5002B25DA144C2278237CFF2A02D0D1
S21400F7B0827A9A4207D0114C2378FF2B17D0827A90
S21400F7C0237C9A4213D169B9637F013BDBB263772E
S21400F7D05BB90B4A237F1278204613442377FFF742
S21400F7E0F1FE0146204622F035FAFFF74FFF0120D2
S21400F7F010BD0020FCE700BF043E0020006500208E
S21400F800966900202DE9F04F9A46B1F9063091B07E
S21400F810002B0D461746DDF86880049080F229819B
S21400F820B8F80030FF2B04D94FF4B871A64829F079
S21400F830F9FEA64B00241A7893F80401B3F80211D7
S21400F840002A40F0A5802E7AA14A1278B24240F2F1
S21400F850AF800222A3F802711A70AA7AFF2483F8F6
S21400F86004210022A3F8084183F80521A3F8062105
S21400F870B8F80020954883F80C21FFF78BFE384631
S21400F880FFF7E0FE214600EB4002924821F096FE8C
S21400F8904FF48070FFF716FB8C4C94F80A91B9F180
S21400F8A0FF0F20D18A4A94F8053112781344B342E8
S21400F8B019DC94F80C1184F80531B4F806312046AA
S21400F8C001FB0233A4F80631FFF764FE0122824BE7
S21400F8D038461A70FFF7B6FE494600EB400204F5BC
S21400F8E0887021F06BFE94F80531B34260D8DFF8DB
S21400F8F0E0B19BF800C00CEB0302964258DA76495A
S21400F90094F808210878013A002853D0964205DA80
S21400F910B8F8002084F80C2100220A70B6FBFCF927
S21400F92001220CFB196994F80A015FFA89F902FAB8
S21400F93009F2D1B2024076B92889000A844584F8D3
S21400F940080108D92046CDE906210593FFF722FED7
S21400F950DDE90621059B94F80A01014384F80A11A3
S21400F96082B994F80921B4F806C1013284F8092155
S21400F970B8F80020DAF800100CEB0200FF2826DDAD
S21400F9800323237094F80831013B9E4230D138E0BF
S21400F990AE7A864202D18F4200D11C462E7A002CC7
S21400F9A07FF47BAF002A3FF44FAF012A3FF44CAF01
S21400F9B001205FE09642B1DA94F80C1198F8002026
S21400F9C09142ABD004F58870FFF778FEF0E794F824
S21400F9D00CE1F31A0EFB03C3A01C10FA83F0059289
S21400F9E00AF07CFF94F80831059A013B9E4244D009
S21400F9F0012394F80A2103FA09F3013B1343FF2B72
S21400FA0004D122462946384622F016F994F80831E1
S21400FA1094F809219A42CBD19BF80030B2FBF3F15F
S21400FA2003FB112212F0FF0218BF13462278022AA7
S21400FA3026D1264A023410785178012804BF0131B5
S21400FA405170012224F8022CEA88B4F8041122F03E
S21400FA504002EA8094F809210A44591E94F80A31B3
S21400FA6013FB01F31344A8F80030CAF80040FFF770
S21400FA700DFE002011B0BDE8F08F84F80B21C0E722
S21400FA806979002994D0032A92D1B4F8062194F813
S21400FA900B1108AE11445A1E94F80C31284613FB7D
S21400FAA002F30B4400219BB2A21CA8F80030CAF84F
S21400FAB00020CDE900710296049907F005FD892122
S21400FAC0304623F00AFC7DE74CBA0300D43C002005
S21400FAD096690020E43D0020475B002013B50446ED
S21400FAE018B101280BD002B010BDFF2301460093C9
S21400FAF0064A0748FEF7E8FC064B1C70F3E7FFF7DC
S21400FB0043FDFF22044B1A70EDE700BFBDF6000070
S21400FB10E43D0020D43C0020043E002013B501A99B
S21400FB2009F04AFE044648B9BDF806309DF80420A0
S21400FB30034906F0E9FA204602B010BD8120FBE733
S21400FB40E3BA030013B5694609F042FE044688B9D5
S21400FB50BDF802309DF80020074906F0EFFA20466F
S21400FB60019906F043FA2046044906F0CDFA2046ED
S21400FB7002B010BD8120FBE707BB03002DBB0300CE
S21400FB8037B5694609F048FE044618BB9DF80130B3
S21400FB909DF80020104906F0D1FA104D9DF801207E
S21400FBA0E3B29A4206D800200D4906F0ADFA0020CE
S21400FBB003B030BD0198630003F4FF7302220021F6
S21400FBC0184423F0A3FA29460246002006F0B6FAA7
S21400FBD00134E3E78120EBE72FBB03005EBB0300A5
S21400FBE007ED030013B501A909F0ECFD044648B97A
S21400FBF0BDF806309DF80420034906F085FA204635
S21400FC0002B010BD8120FBE768BB030030B50024BE
S21400FC100B4D85B06946E0B223F0DCFD50B99DF887
S21400FC200030032B06D12946BDF805309DF801208B
S21400FC3006F06AFA0134202CECD105B030BD00BFC6
S21400FC408FBB030008B50020034906F05DFABDE847
S21400FC500840FF2000F0DEBAA1BB03002DE9F04FFC
S21400FC6085B006460D46174622F034F8044640B1E5
S21400FC7030463A46294622F017F8002005B0BDE87F
S21400FC80F08F4FF003094FEA15285FFA84FA6946A9
S21400FC90504623F09FFDB8B99DF800B0BBF1000FA9
S21400FCA012D1694650468DF800908DF805508DF8B3
S21400FCB006808DF8016023F091FD02460028D7D01B
S21400FCC05846064906F020FA0134202CDDD10020E3
S21400FCD0034906F019FA8920D0E700BFB6BB030037
S21400FCE0DDBB03001FB5002304468DF80F3021F05E
S21400FCF0DCFF28B19DF80F3063F07F038DF80F30DE
S21400FD00182301930DF10F030022009304214023D2
S21400FD10204623F07AF8024618B10020024906F081
S21400FD20F3F904B010BD00BFF8BB03001FB502A96D
S21400FD3009F060FD044688BBBDF80820184906F0A7
S21400FD40FDF92046039906F051F92046154906F0BC
S21400FD50DBF94FF6F672BDF80810134C4B1E9BB23B
S21400FD60934219D82368039A1B685879FFF776FFE1
S21400FD7023681B79012B0BD8BDF808300022CDE98B
S21400FD8000030421094B092006F044F823F09FFAEB
S21400FD906FF0FF0004B010BD8720E9E78120F9E787
S21400FDA017BC03002DBB0300AC4100202EBC030093
S21400FDB070B504468AB005AD1122002128460AF027
S21400FDC03BFD204604A909F009FD044600283AD167
S21400FDD01E4EBDF810201E4906F096F932681379BB
S21400FDE0012B28D84FF6F670BDF810104B1E9BB2AC
S21400FDF0834224D81368587921F06CFF08B333681F
S21400FE002A461B68BDF81010587921F04CFFBDF843
S21400FE10103001220421CDE9004309200D4B029544
S21400FE2005F0F8FF23F053FA034620B100200A4AF3
S21400FE300A4906F069F96FF0FF000AB070BD872422
S21400FE40E5E78B24E3E78120F7E700BFAC4100201D
S21400FE5031BC030046BC03004ABC030055BC03008B
S21400FE602DE9F0479AB004A909F0D0FC0446002812
S21400FE7040F0B5809DF810205B4906F05FF92546F6
S21400FE805A4E9DF81020EBB29A4254D8002058499A
S21400FE9006F03AF99DF81050002D40F099802C4657
S21400FEA02E46544F06A9F0B223F094FCC8B99DF82C
S21400FEB01830032B15D13B689DF819201B685B7919
S21400FEC09A420ED19DF81D2005F168036B4403F895
S21400FED0402C9DF81E200235013403F83F2CEDB26D
S21400FEE0E4B20136202EDDD19DF810300BB1002C87
S21400FEF077D00AABCDE90143FF2302220421009309
S21400FF0009203D4B039505F085FF23F0E0F90346F5
S21400FF1060B19DF81020002A5FD0384A3849002C7E
S21400FF2008BF0A460020374906F0EEF86FF0FF00DB
S21400FF301AB0BDE8F08705986B0003F4FF73022241
S21400FF400021184423F0E2F831460246002006F06D
S21400FF50F5F8013595E70598730003F4FF73022260
S21400FF600021184423F0D2F8002780465FFA80FA72
S21400FF7006A9F8B223F02EFC00BB9DF81830032B20
S21400FF801CD1D9F800309DF819201B685B799A427D
S21400FF9014D19DF81D30534510D19DF81E30C8F37E
S21400FFA007229A420AD105F168036B4402350134F0
S21400FFB003F840AC03F83F2CEDB2E4B20137202F33
S21400FFC0D6D101369DF81020F3B29A42C3D88BE7FB
S21400FFD00025DFF820902E46F4E7084AA2E78120A5
S21400FFE0A6E78B20A4E700BFAFBC03005EBB030000
S21400FFF007ED0300AC410020CEBC030080BC03002C
S2140100009EBC0300D2BC03002DE9F04389B002A9CF
S21401001009F0EAFB0446002867D1BDF808203449F8
S21401002006F072F84FF6F672BDF80850DFF8D49075
S2140100306B1E9BB2934254D8D9F8003029461B68F0
S2140100405F79384621F046FE00284CD026465FFAF6
S21401005086F8404603A923F0BDFB28B92946384651
S21401006003AA21F024FE20B90136202EEFD14FF04D
S214010070FF08404623F0ACFB014658BB112203A8FB
S2140100800AF0DAFB2946384603AA21F00DFED9F814
S21401009000301A79012A18D81B68BDF8081058795B
S2140100A022F0F5FFBDF8083003220421CDE9004314
S2140100B00920104B05F0AEFE23F009F9034620B1E6
S2140100C000200D4A0D4906F01FF86FF0FF0009B039
S2140100D0BDE8F08302460A49002006F015F801241F
S2140100E0D5E78724D3E78B24D1E78120EFE700BF4C
S2140100F0F4BC03002EBC030032BD030055BC030054
S2140101000BBD0300AC4100202DE9F043DFF89480DD
S2140101100020D8F8003021491B688BB05E79002595
S21401012005F0F2FF01275FFA85F9484601A923F099
S21401013051FB044690B99DF80430032B0ED19DF86F
S2140101400530B3420AD1484623F042FB0146A0B12E
S21401015002461349204605F0D7FF27460135202DD4
S214010160E1D1D8F8003000211B68587922F08FFFC2
S21401017087F001000BB0BDE8F083112205A80AF054
S2140101805BFBBDF809403046214605AA21F08CFDEF
S2140101902146304622F07BFFE0E700BF3FBD03006B
S2140101A00BBD0300AC41002037B5694609F028FBBA
S2140101B0044638BBBDF80020134905F0BFFF134DB8
S2140101C02046019905F012FF2046114905F09CFFD3
S2140101D02B681B68587923F069F870B14FF6F672F0
S2140101E0BDF800104B1E9BB2934209D82B68019AAA
S2140101F01B685879FFF732FD0446204603B030BD30
S2140102008724FAE78120F9E753BD0300AC410020BB
S2140102102DBB03007FB505460024E6B2694630468D
S21401022023F0D8FAA8B99DF80030032B11D19DF818
S2140102300130AB4204D0FF2D0BD19DF80D3043B9F0
S214010240304623F0C5FA024618B10020034905F0EE
S2140102505BFF0134202CE0D104B070BD0BBD030060
S214010260034B1B681878012808BF0220704700BF9F
S214010270E8400020D0E9023253F822301A78024BC7
S2140102801A7000F0E7BA00BF475C002070B5D0E9ED
S21401029002456B1EDBB254F8230003221B490AF009
S2140102A017FE54F8253004EB8504197863681A782C
S2140102B0A2F10B030F2B05D915490020BDE87040AC
S2140102C005F022BF01290FD1124C9140236840B995
S2140102D00B43114A23600020BDE870400F4905F02A
S2140102E013BF23EA0103F4E702290CD101230C49C9
S2140102F003FA02F20B6818B913430A4A0B60EAE7DD
S21401030023EA0203F9E70A460749D6E777BD030061
S2140103107BBD03002465002091BD030099BD030049
S21401032020650020ACBD0300B6BD030007B5D0E9CB
S214010330023103EB810253F821300B491B785268D6
S214010340012B0A4B08BF0B4612684FF000001A60DB
S2140103500092074A074B084918BF1346074A05F09B
S214010360D3FE03B05DF804FB246500202065002061
S214010370D1BD0300C9BD0300DBBD0300C83F0400B7
S21401038038B5254A254B264C0020264905F0BCFEEB
S2140103900020254905F0B8FE22682449002005F012
S2140103A0CDFE2068224C234D05F088FE2146002014
S2140103B005F0AAFE2A682049002005F0BFFE28683D
S2140103C005F07CFE2146002005F09EFE1B4B1C49D5
S2140103D01A781C4B002053F8223005F095FE00F0E9
S2140103E00DF919490246002005F08EFE174B002034
S2140103F01A78174905F088FE164B17491A78002017
S21401040005F082FE04F0C6F9BDE8384002461349FD
S214010410002005F079BE00BFC83F0400F5BD03000B
S21401042024650020FCBD030004BE030012BE0300C9
S21401043075A403002065002023BE0300755C002020
S21401044034BE03002865002047BE03005A5C002026
S2140104505BBE0300595C00206DBE03007FBE030037
S21401046007B500F071F8054B0090054A00200549D4
S21401047005F04AFE03B05DF804FB00BF95BE03001D
S214010480C83F040016BA0300F8B504460B4F0C4EDD
S2140104900C4D00200C4A0D4905F036FE20463B78EF
S2140104A029783278F5F7CAFC00233B7033702B703D
S2140104B0FF21BDE8F840064821F091B8755C0020A0
S2140104C0595C00205A5C0020C83F04009ABE030015
S2140104D0243E002037B51248FF2121F080F8114B49
S2140104E0187810F0100505D0002003B0BDE83040A4
S2140104F003F01CBF0121B42004F0C6FA04460A4BDF
S2140105000A4A0B490090284605F0FEFD2046FFF7F3
S214010510BBFF4FF4806003B0BDE83040FEF7ECBC93
S214010520243E0020755C0020B1BE0300C83F0400D5
S21401053016BA03000021024A0248FDF7FBBF00BFBE
S214010540D5040100243E002008B5054B1B7823B1D5
S2140105501720FFF799FF002008BD0220FCE700BF27
S214010560755C002010B550B1054B00F1100250F833
S214010570044B904243F8044BF9D1024B197010BD5D
S2140105805B5C00206B5C002037B5174D04462B786A
S214010590DB0626D50090154B0020154A154905F0B7
S2140105A0B3FD1E2C0BD0652C09D0032C19D00020CE
S2140105B023F088F940F61C40FFF766FF0DE023F0B4
S2140105C0A9F94FF4FA63B0FBF3F202FB1300C21869
S2140105D0FF21094892B220F0F1FF2B7823F0100397
S2140105E02B7003B030BD00BF755C0020CABE03008F
S2140105F0C83F040016BA0300243E0020014B1879B8
S214010600704700BFE855002070B54C4E8EB0337869
S21401061003F0FB02A3F10905022AEDB258D0042B20
S21401062041F6041257D0A3F108014B424B415B003F
S21401063013434348ADF80C3021F07CFB48B9414BDD
S2140106403F4A03F1100153F8040B8B4242F8040BA6
S214010650F9D13D4B1B78002B3FD03C4B0DF10E02E0
S21401066003F1100153F8040B8B4242F8040BF9D145
S21401067003A823F047F92328044610D1012D49D8B1
S2140106800020334A334905F03FFDBDF80C3003A87E
S21401069023F40053ADF80C3023F034F90446002C53
S2140106A041D14FF40C7023F02BF9044600283AD1BF
S2140106B003F0FAFE012D36D8274A01AB10685168BF
S2140106C003C3264901A823F079F978B319242AE04F
S2140106D043F60412A7E70223AAE73378042B0DD0CA
S2140106E0082B0BD01E4B0DF10E0203F1100153F82F
S2140106F0040B8B4242F8040BF9D1B9E7104A0DF10D
S2140107000E0302F1100152F8040B8A4243F8040B5F
S214010710F9D1ADE7337803F0FB03022B03D10020B8
S214010720104905F0F1FC20460EB070BD044901A841
S21401073023F044F904460028C8D1F4E7755C00208C
S214010740495C002097BF03006B5C00205B5C0020C7
S214010750C83F0400EEBE0300A8BF0300B83F040074
S214010760B1BF030049BF030070B5002686B004463A
S214010770252023F0ADF81622002116480AF05CF871
S214010780154B1E60154B1878FFF76AFD022814BF3B
S2140107900123042303208DF8083023F0E7F804230F
S2140107A08DF810300E4B02A80593039403F030FD2C
S2140107B005460C4B0C4A19680C4B3046A14208BF43
S2140107C0134600940A4A0B4905F09EFC284606B0DB
S2140107D070BD00BFE8550020443E0020755C002037
S2140107E0C90A010024650020C9BD0300D1BD03006C
S2140107F0C83F0400C2BF030008B5134A1378042B90
S21401080009BF124B01331B78C3F10603DBB2137029
S21401081003F0FD02092A04D11720FFF735FE172041
S21401082008BD0A4A1278002A14BF052206229A42F7
S21401083007D1074B18680028EED0FFF795FF4D202B
S214010840EEE70020ECE700BF755C00206B5C002043
S2140108502065002073B51E4C1E4E23683268134374
S21401086034D01D4B1B6853B31C4D2B783BBB03F098
S21401087091FFF8B94FF48060FEF724FB184B24680B
S2140108801B7894B1C3F102032B7003F047FD204699
S214010890FFF76AFF04460020124B134A13490094DF
S2140108A005F032FC204602B070BDC3F10603346881
S2140108B02B70EAE70121B42004F0E6F8EAE700200D
S2140108C0094A0B4905F020FC0224E4E70224E9E783
S2140108D02465002020650020E8400020755C00208B
S2140108E06B5C00200AC00300C83F040016BA030070
S2140108F0F0BF03002DE9F347384D394E00202A7921
S2140109002B88384905F000FC3268287922FA00F075
S21401091010F0010002D1344905F0F6FB334F3C7864
S2140109203CB10822324933480AF0D2FA041E18BFF5
S2140109300124DFF8DC80DFF8A490DFF8B4A014E02F
S21401094098F8000049460130C0B288F8000022F04D
S214010950B1FF002835D13C783CB1082251462548E4
S2140109600AF0B6FA041E18BF01242A793368D34068
S214010970DB07E5D5002CE3D100922B881E4A1F49E0
S214010980204605F0C1FB1E4B1878FFF769FC0123D2
S2140109900322124922F094FF1A4A054613780133BE
S2140109A0137010B902B0BDE8F08720462B46124AF4
S2140109B0154905F0A9FB284602B0BDE8F047FFF748
S2140109C063BD0020114905F09FFBFFF715FF0028C6
S2140109D0E8D102B0BDE8F04700F01CB8E8550020A9
S2140109E0443E002010C0030041C00300745C002098
S2140109F06C5C0020F6550020C83F040010C10300BF
S214010A00755C0020595C0020B1C00300DAC0030009
S214010A10485C00202DE9F041214C224D237800202E
S214010A2055F82330204A214905F06EFBFFF7ECFD0F
S214010A3003461D4E1E4FDFF874802BB92378042B16
S214010A4015D8B3B91B4B15E032463946002005F0E0
S214010A505BFBFFF7D1FE00BB2378324655F8233007
S214010A60414605F051FBFFF7CFFD0346E5E7092BAD
S214010A70E8D1114B00201B68104A11491360114B35
S214010A80187022F017FF20B1BDE8F0410120FFF7F2
S214010A90FBBCBDE8F041FFF72DBFBDE8F08100BF0C
S214010AA0755C002028650020C83F040030C10300A3
S214010AB03DC103002065002024650020443E00203F
S214010AC0E8550020485C002070B51C4C23789BB389
S214010AD0838913F4407F2FD0056835B12A46BDE8D7
S214010AE070400020164905F00FBB22F0E1FE154EBE
S214010AF003463070144A2846144905F005FB33783E
S214010B001BB1BDE87040FFF785BF2378082B0CD8D2
S214010B10042B0CD80E4B1B78C3F1060323700D4B28
S214010B20BDE870401868FFF71FBE0A2BF2D1BDE87A
S214010B3070401820FFF7A8BC70BD00BF755C002090
S214010B4068C103005A5C0020C83F040095C1030039
S214010B506B5C00202065002030B5464D03460446F8
S214010B60454A0020454987B005F0CEFA2B782BBBC5
S214010B7001A822F025FF022301A88DF8043022F0F7
S214010B800DFFB0B93E4901A822F00AFF88B1152C25
S214010B900FD122F0BFFE47F23153B0FBF3F202FB56
S214010BA0130000F51C50103080B203F0BFFB07B0F5
S214010BB030BD162CFBD103F0F3FBF8E7152C2AD138
S214010BC000202D4A2F4905F09FFA2B78042B11D0CF
S214010BD0082B0FD02C4B1B78DA070BD401A822F078
S214010BE08BFE18B9BDF804309B0703D42B7843F06D
S214010BF010032B7022F08EFE4FF4FA63B0FBF3F273
S214010C00FF2102FB1300C218204892B207B0BDE8CC
S214010C10304020F0D3BC22F0AFFE04460028C6D1F7
S214010C202B78013B092B1ED8134A194905F06CFA9B
S214010C30184A194913780133D8B2107022F03AFED7
S214010C4060B12046154905F05FFAFFF7D5FD00288B
S214010C50ADD107B0BDE83040FFF7DCBE07B0BDE858
S214010C603040FFF747BE40F61C4007B0BDE83040B5
S214010C70FFF70ABC755C0020C83F0400B9C1030039
S214010C80B83F0400D0C10300475C0020243E00208A
S214010C90E3C10300485C0020E8550020DAC00300E9
S214010CA02DE9F0410B4686B004460E4617463A49F2
S214010CB00246002005F028FA4FF000080123CDE98E
S214010CC001380DF1160300934246402306212046C3
S214010CD022F0D0F8054640B102463049404605F0BC
S214010CE013FA284606B0BDE8F0819DF816202AB909
S214010CF036B900202A4905F007FAF2E7012EF8D0A6
S214010D0082F00103002027498DF8173005F0FCF921
S214010D109DF817300DF1170633B310230022CDE9E5
S214010D20006306214023204622F06FF8064630B1C4
S214010D30324600201C4905F0E7F93546D1E74FB9A0
S214010D400821204621F0C3FE20B120469DF8171049
S214010D5022F09EF90521204621F0B9FE0028C0D0D8
S214010D60204622F092F9BCE74FB90821204621F02F
S214010D70AEFE20B120469DF8171022F089F9102307
S214010D800022CDE9006306214023204622F03DF8EB
S214010D9006460028DED0CBE712C403002EC40300AB
S214010DA047C4030067C4030087C40300002208B5D4
S214010DB0034B11461B681B685879FFF771FF08BD86
S214010DC0AC41002008B5044B00221B6801211B68BA
S214010DD05879FFF765FF08BDAC41002008B5044B04
S214010DE000221B6802211B685879FFF759FF08BDCE
S214010DF0AC41002010B50123002488B001A88DF86D
S214010E000430CDE90244F5F76DFF20469DF8042035
S214010E10124905F079F92046039A114905F074F94B
S214010E202046029A0F4905F06FF910220E4B0DEB82
S214010E300201188840F0604040F48010FBF74AF940
S214010E4020460A4905F07AF904A822F0A1F92046BD
S214010E50074905F059F908B010BD00BFA0C403004A
S214010E60BFC40300DEC40300783F0400FDC40300D2
S214010E7007ED030008B520F08EFF0020024905F0BB
S214010E8043F9012008BD00BF1AC503000023054A27
S214010E908360C360044BC0E9002311B14FF6FF73B2
S214010EA00B807047491015B20130021110B5044687
S214010EB060B10020064905F027F9052C06D002F09E
S214010EC0CBF904490246002005F01EF9012010BDA9
S214010ED02EC503003FC5030037B500216A4601ABA6
S214010EE0054621F019F8044668B100220F4910465C
S214010EF005F00AF902F0B0F90D490246002005F0A6
S214010F0003F903B030BD0B4905F0FEF801201FF0D0
S214010F1057FF01F099FF431C02D007F09DFFF0E751
S214010F2021462846FFF7A6FFEBE700BF68C503008A
S214010F303FC50300B0C5030038B5054601F084FF80
S214010F40044622F06CF84DB100200E4905F0DCF89D
S214010F50631C14BF2046002007F040FF20F029FF45
S214010F600228044605D0012805D10020064905F0CF
S214010F70CBF8204638BD0020044905F0C5F800240A
S214010F80F7E700BFCDC50300E7C5030000C60300B1
S214010F9008B50020034A044905F0B6F8BDE8084044
S214010FA000F050BDAAD5030019C6030008B50020FD
S214010FB0034A044905F0A8F8BDE8084001F0CAB99B
S214010FC038C6030019C603001FB5D0E9023253F82C
S214010FD0223068461C78214601F0D0FB684601F0B5
S214010FE073FC28B92246044905F08EF804B010BDFA
S214010FF06846FFF771FFF9E73EC603000020014986
S21401100005F082B85AC603007FB50DF1060102A8A5
S214011010FFF73CFF0020264905F076F80020BDF8D2
S2140110200820244905F070F80020BDF80A2022495E
S21401103005F06AF8039A0020204905F065F80020BB
S2140110401F4905F07BF84FF6FF73BDF806209A425C
S21401105029D000201B4905F057F800201A4A1B49E1
S21401106005F052F800201A4A1A4905F04DF80022F8
S2140110701949104605F048F80020154A174905F0A9
S21401108043F80A220020164905F03EF80A220020FD
S214011090144905F039F80A220020134905F034F8FE
S2140110A007B05DF804FB0020104905F02DF8D4E7E1
S2140110B069C6030081C603009AC60300B3C60300CF
S2140110C0CCC60300D7C40300E0930400E2C60300C5
S2140110D0C027090001C7030020C703003FC703005C
S2140110E05EC703007DC703009BC70300DFC603007E
S2140110F008B50020034905F007F8BDE808400120BF
S21401110001F0FAB9B9C7030008B50020034904F095
S214011110FBFFBDE80840002001F0EEB9D2C703008E
S21401112030B5104B104D1B5C85B08DF80F302B7809
S2140111300446834206D00D4B0D4953F8202000206B
S21401114004F0E2FF30232C700A4801930DF10F03DF
S2140111500093062280231921007821F056FE05B05F
S21401116030BD00BFDF3F04007D5C0020EC3F040083
S214011170EAC70300806900201FB52323039001936B
S214011180064803AB0093012280231921007821F041
S2140111903CFE039805B05DF804FB00BF80690020A3
S2140111A073B5164D04462B78154ECBB120F022FEB2
S2140111B0012815D0346040F6B244124B1B78072B39
S2140111C017D02D78C5B920F015FE031E18BF0123D0
S2140111D00D48009522461921007821F09AF903E07E
S2140111E000233360002CE8D1201E18BF012002B076
S2140111F070BD02250123EBE70025FBE77A5C0020A2
S214011200483E00207D5C00208069002008B5044827
S214011210FFF7C6FFBDE808400220FFF781BF00BF09
S214011220C027090010B5064C208821F032FF6088DF
S21401123021F02FFF6068BDE8104021F039BF00BFE4
S2140112404C3E00207FB523238DF813300DF1130398
S214011250029304230648019305AB009301228023E1
S2140112601921007821F006FE059807B05DF804FB09
S214011270806900202DE9F047DFF84C91044699F883
S214011280000090460F4621F004FC0B2899F8002038
S21401129005D9BDE8F04700203F4904F035BF0026D8
S2140112A03E4B3F4D1E803F4BDFF820A103EB001362
S2140112B05B8801202B802A7104F04EFE05F0F6FEB5
S2140112C004F04AFE204604F047FE0123042C8AF867
S2140112D000300BD8022C45D89C4216D02346BDE8D8
S2140112E0F0470020304A314904F00EBF062CF5D1F4
S2140112F030462F4904F008FF384604F02DFEFFF76C
S21401130091FF97B18AF800600FE04FF6FF76294FFC
S2140113103888801B18BF012004F01EFEFFF782FFED
S2140113203888B04201D021F0B4FE19236B8099F8B9
S214011330003000202B71204B1B786B71EB8843F03B
S2140113404003EB801D4B198821F050FE034620B167
S214011350224600201A4904F0D7FE4046BDE8F04771
S214011360FFF71EBF304604F0F7FDFFF75BFFFFF700
S21401137069FF21F09DFE134B1B78002B0CBF3F200D
S214011380202004F0E9FD042CCFD14FF4806021F039
S21401139080FE3220C7E700BFFDC703000C560020C1
S2140113A0105600201C400020B7B5030049C80300B2
S2140113B02CC80300005600207F6900202269002007
S2140113C062C80300795C0020806900207A5C0020F6
S2140113D038B5044605200D46FFF7A2FE184B1A88BD
S2140113E04FF6FD739A4207D10020164904F08CFE91
S2140113F0BDE83840FFF70ABF65B1134A13780133D9
S214011400DBB2092B137014D90A2200200F4904F00D
S2140114107BFEEDE7012C0ED10B4B1D700C490D48E0
S214011420FFF734FDBDE83840002101200A4AFFF7E6
S21401143021BF012CF2D0BDE838400748FFF7B0BE07
S214011440226900209CC803007C5C0020C7C80300FA
S214011450005600204C3E0020E093040008B50649E3
S214011460002004F051FE0548FFF736FDBDE80840B0
S21401147000210846FFF7ACBF0BC903004C3E002015
S214011480814237B50346154608D2002000910F4A1F
S2140114900F4904F039FE002003B030BD0C1A224675
S2140114A000200C4904F030FE40F6BB5322460020D3
S2140114B0094904F029FE4FF47A735C43074B012077
S2140114C09C4294BF2C602B60E6E700BFB7B50300D3
S2140114D01CC9030059C9030074C9030080EE360015
S2140114E010B504460820FFF71BFE0D4B3CB91C70D7
S2140114F00021BDE8104006200A4AFFF7BBBE1B7854
S214011500092BF5D90A220020074904F0FDFD002029
S214011510064904F0F9FDBDE81040FFF79FBF00BF84
S2140115207C5C0020C0270900A0C90300E1C90300B4
S21401153073B51F4D2C7834B100201E4902B0BDE8AA
S214011540704004F0E1BD0220FFF7EAFDFF221A4ECB
S2140115501A4B30781A7021F09CFA0B2807D92046CE
S2140115603278174902B0BDE8704004F0CDBD154B86
S2140115701549009301EB0011012319224FF6FD7066
S214011580498805F037FA70B12046104904F0BCFDD1
S21401159000220F4B0F481C700F4B1A7002B0BDE8AB
S2140115A07040FFF7FDBD01240C492C70EEE700BF2B
S2140115B07B5C0020F2C90300806900207F6900205F
S2140115C0FDC70300C11801001C40002033CA0300F8
S2140115D07A5C0020C02709007C5C002059CA030001
S2140115E038B5144D04462B78052B21D91249FFF73F
S2140115F05DFC24B918B9114904F086FD0424104B8A
S214011600195D21B9BDE838400846FFF769BF032CCC
S21401161006D02B78052B03D006200A4AFFF72AFEB0
S2140116200021094B08461970BDE83840FFF7D0BEC7
S21401163038BD00BF7D5C00204C3E00207BCA030005
S214011640D53F0400C02709007A5C002030B5044667
S21401165089B00720FFF764FD052C0AD100222A4B2A
S21401166003A91A7002A804AA01F0FEFD30B10220F7
S21401167045E09CB90122244B1A700224224D287899
S21401168078B1421E504221495041FFF755FC0223D2
S21401169004462B70022C0ED10A200FE0022CE6D154
S2140116A0EBE7631F5A424FF0050018495A4120F0F4
S2140116B0A8FB0446EEE7032C04D10020FFF770FDDB
S2140116C009B030BD062C06D10020114904F01CFDDE
S2140116D001232B70E0E70F4A0F4B2878002C18BF28
S2140116E013460E490E4A0094002808BF0A460020F9
S2140116F00C4904F009FD201E18BF0120400009B066
S214011700BDE83040FFF76CBF785C00204C3E0020FF
S214011710B6CA0300AFCA0300A8CA030097CA0300EB
S214011720A1CA0300F1CA030013B51F4C0620FFF738
S214011730F7FC2278092A09D900201C4904F0E4FCA8
S214011740042002B0BDE81040FFF74ABF184B1B78D3
S2140117502BB300201FF058FB20F04CFB68B9FFF7B5
S21401176071FD144B196820F03CFB02460420002151
S21401177002B0BDE81040FFF77DBD01A820F038FBA0
S214011780FF2809D14FF4FA6023780133237002B0A1
S214011790BDE81040FFF704BD0198FFF7EDFC4FF4DC
S2140117A0FA620320E3E700BF7C5C00200CCB030059
S2140117B0795C00205C3E0020F023F0B589B0CDE9CD
S2140117C0000334488023002219210078324E334F1B
S2140117D021F01BFB0020324904F096FC32463946C4
S2140117E003A801F041FD032804462E4D1CD1062610
S2140117F0039A2D49002004F087FC0398FFF7BCFCF0
S2140118000020396800F0ACFE2E7001F09FF900222E
S2140118100446264B30461A70FFF782FC84BB09B09B
S214011820BDE8F040FFF780BF28BB7268204904F08E
S2140118306BFC214604A8FFF729FB059B72689342BF
S2140118400BD020461B4904F05FFC072305202B70B4
S21401185009B0BDE8F040FFF7F9BE1A462046164922
S21401186004F052FC0523002101202B7009B0BDE8CD
S214011870F040FFF7ADBD0020104904F045FCF1E74C
S214011880042C05D0042009B0BDE8F040FFF7A8BE3F
S21401189009B0F0BD806900204C3E00205C3E00206F
S2140118A044CB03007D5C002075CB03007C5C0020EC
S2140118B0B0CB0300E9CB03003DCC030079CC030099
S2140118C0F7B50446876800202378364D012B28702B
S2140118D004D0354B3549187004F016FC26785EBBEB
S2140118E0334B1B78FF2B04D103B0BDE8F040FFF764
S2140118F08DBC304B1B78032B11D82F4C0320FFF7E0
S2140119000FFC6946208822F01FF8002843D02B4997
S214011910208805F0EDF820B12E70FFF777FC03B0B4
S214011920F0BD0124204B26491C7004F0EDFB03207A
S214011930FFF7F6FB2C70F2E7012E25D13B78002B42
S214011940EDD01B4D2B78FF2BE9D1A68802F04AFF7C
S214011950864206D100201B4903B0BDE8F04004F0E2
S214011960D3BB194BA2881B783BB132B11749002073
S21401197003B0BDE8F04004F0C7BB7B6814491B7890
S2140119802B700D4B1A80F2E7032E08D10822684609
S214011990A16808F0A3FF6846FFF70EFFBFE7002324
S2140119A02B70A1E77A5C00207B5C002094CC0300BE
S2140119B07F6900207D5C002022690020C11801009B
S2140119C059CA0300B4CC0300775C0020DACC0300CC
S2140119D005CD03007FB5094B1A78FF2A0AD1187086
S2140119E001F088FB0022064B0DF1060102A81A80C1
S2140119F0FFF74CFA07B05DF804FB00BF80690020D2
S214011A00FE550020152838B517D10C4B1D78A5B901
S214011A1021F080FFC4B2012C38BF01240120FFF75A
S214011A207FFB28462246064904F06EFB4FF47A7087
S214011A306043BDE83840FFF7B3BB38BD7D5C00208E
S214011A4022CD0300034B1B78022B01D8FFF770BD94
S214011A50704700BF7D5C002070B5284C20F0C5F9AA
S214011A602578274EBDB10020264904F04DFB264AB5
S214011A70137801331370002323703378062B0AD1B1
S214011A80BDE87040214B1868B0F5FA6F38BF4FF4C7
S214011A90FA60FFF785BB3378013B082B2CD8DFE8CB
S214011AA003F005090D2B13191D222700BDE8704010
S214011AB0FFF7C8BFBDE87040FFF73ABD00232370AB
S214011AC0BDE87040FFF7A2BB2946BDE87040012083
S214011AD0FFF77EBCBDE87040FFF726BE0220BDE8DA
S214011AE07040FFF7B3BD0120BDE87040FFF7F8BCBA
S214011AF0BDE87040FFF7B2BC70BD00BF7A5C002045
S214011B007D5C002051CD03007C5C0020483E002017
S214011B1010B90520FFF764BD034B1B78062B01D1D6
S214011B20FFF79ABF704700BF7D5C00202DE9F047A4
S214011B308E68054633189A780C46092A8EB008D95D
S214011B400020A34904F0E0FA852420460EB0BDE843
S214011B50F08750B98B899F49895C8B4205D20091E9
S214011B609D4904F0D1FA8024EFE79C4BE7881B8857
S214011B709F4236D09A490978012932D932B13A467C
S214011B800020984904F0C0FA7E24DEE7964B1A70CE
S214011B90934B26791B78052B03D0012B3AD8FFF7F8
S214011BA051FF5EB93146204621F097FB03460028D7
S214011BB051D030468D4A8E4904F0A6FAD4F80880F2
S214011BC0A48998F8037098F80450002E4CD130463A
S214011BD0884A894904F098FA00210120FFF7F8FBAA
S214011BE04FE00021804B1970072A00F28A8301A377
S214011BF053F822F0911B01003F1D01003F1D01001B
S214011C00511F0100511F0100511F0100E721010072
S214011C10E7210100022B17D102F0E4FD8742B3D081
S214011C200020764A764904F06FFAFFF781FC46BB3E
S214011C303146204621F051FB034610B36B4A6C49EE
S214011C40002004F061FA1CE06E4A00206E4904F0A0
S214011C505BFA012479E7A3681B78DA06AED432462C
S214011C606A4904F051FAA9E700210AA8FFF70EF91C
S214011C70032F08D95F4B664A66490097002004F097
S214011C8043FA002461E76B1E632B04D9594B604A63
S214011C9061490095F2E7614BE4B2DB5D9C4209D0F5
S214011CA0CDE901430020534B594A5D49009704F0A2
S214011CB02BFAE6E757B3A4B222460521404621F0A7
S214011CC025FABDF82830834203D04A4B554A564977
S214011CD0B6E7012F1AD022460721404621F016FA10
S214011CE0BDF82A30834203D0424B4E4A4F49A7E7FC
S214011CF0032F0BD122460921404621F004FA0B9B03
S214011D00984203D13B4B474A494999E7642D3FF432
S214011D1063AF21F0FFFD6423C0B2B0FBF3F203FB17
S214011D2012030133DBB29D42BFF456AFCDE9005337
S214011D300020304B3B4A3F4904F0E6F9A1E7284B27
S214011D401B78052B01D03C4A7FE7EB1CDBB2277BD7
S214011D50F45C44B123460020374A384904F0D4F9EC
S214011D6000210C460BE00F2F0DD8102320463449D6
S214011D700093314A3B4604F0C7F980240121002034
S214011D80FFF726FBE1E60435EDB220462A4A2D4947
S214011D9004F0BAF97A1B7119D2B206A820F038F805
S214011DA005443A46E9B2304621F0ADF9264D069A89
S214011DB02B68264F9A42386001D100284AD124491F
S214011DC000201D4A04F0A0F985240121D7E700BFB1
S214011DD06ECD03001840040086CD03002269002062
S214011DE07D5C0020B5CD03007A5C00202BCE03007D
S214011DF033CE0300BBCE0300D0CE0300F9CD0300E3
S214011E0006CE03005BCE030068CE030085CE03003A
S214011E10E5CE0300EDCE030007CF0300DB3F040051
S214011E2025CF03007AD303005FCF030089CF0300D9
S214011E30B1CF0300D8CF03000CD0030026D0030097
S214011E4055D003006CD003004C3E00205C3E0020C1
S214011E5095D0030000F08EFF3E68B0420AD200F033
S214011E6089FF9D4903463246204604F04DF98924F0
S214011E70012184E7079A6B689A4205D12046974A62
S214011E80974904F041F96BE79649097859B19A42A6
S214011E9009D22046944904F037F996210620934A40
S214011EA0FFF7E8F95CE7924A924905A801F0DCF9E8
S214011EB0079E48B96A68964206D88F4904F024F905
S214011EC00520FFF7C3FB40E6324600208B4904F0AD
S214011ED01BF939680027002000F042FB00206E60E5
S214011EE0FFF74AF9864B06201F80FFF719F9854B45
S214011EF01F7001F0B1F90646F8B94FF6FF73824A32
S214011F000AA81188994214BF13463B466A88298855
S214011F1001F012F90AA800F0D7FC58B10AA801F09E
S214011F20DDF938B13046794904F0EEF80420FFF7C0
S214011F3057FB0AE6FFF7F8FB07E6042805D1744BC2
S214011F401921187820F0FCFAFFE538467149EBE7CD
S214011F50714B1B78062B01D0704A76E6DFF8A0A1FC
S214011F60EB1C94F80C90BAF80080DBB22EB9304620
S214011F706B4904F0C9F88724E7E5F75C2C1D972F19
S214011F80E4B22FD025D8812F71D0952F67D017BBFB
S214011F90B9F1100F7FF6E7AD31194A460AA81FF0CE
S214011FA037FF0444E4B221464A46304621F0ABF8F6
S214011FB0231DDBB2053416F803A0E4B2A9EB040333
S214011FC05345054666DA009338465346534A554903
S214011FD0C7E5982F43D03B460020504A524904F0AB
S214011FE093F8C8E7B9F10A0F7FF6BDAD1FFA89F776
S214011FF021463A46304621F086F805F108010446A6
S2140120003A46C9B2304621F07EF80AAA0146204671
S214012010FFF736FA08B9454B0A93B9F10C0F12D9F6
S21401202005F10C013A46C9B23046DDF8288021F0A8
S2140120306DF8044602463E49002004F065F8AAF809
S214012040004044440A940A9C3A492246002004F07F
S2140120505BF82046FFF7A4F81FF0D2FE11E63649DA
S214012060002004F051F80320FFF7BAFA09E6334CD2
S21401207023786BB11FF0B7FE50B10020304904F051
S21401208043F8002323701FF0BBFEFFF74DFBF8E576
S2140120902C49E5E7DFF8A49099F8003043B9FFF73B
S2140120A0D1F88542034607D01C4A27490095E5E545
S2140120B01FF0A0FE0128F2D110220D480AA908F04F
S2140120C007FF10B9BAF13F0F42D9144A1F49002041
S2140120D004F01AF84FE700BFB4D003000CD0030099
S2140120E0ECD00300765C002021D10300C027090054
S2140120F04C3E00205C3E0020B0CB030062D10300C2
S214012100FE5500207C5C00200056002084D1030090
S21401211080690020A3D103007D5C0020C9D10300A3
S214012120DED103000BD30300EDD20300E0930400DD
S21401213019D2030044D2030063D20300795C002065
S2140121407FD20300BED2030047D3030083D303002C
S2140121506D4B187099F800304BB11FF044FE30B14A
S21401216028461FF043FE042807463FF48AAD514631
S214012170284632191FF07DFF28B10020634903F07D
S214012180C3FF042070E799F80030554463B11FF08F
S2140121902AFE48B1FF2FF4D0012F3FF472AD032F72
S2140121A016D11FF02BFE05462846FEF7E5FF04462E
S2140121B00246052156481FF052FE564B1B689C42AC
S2140121C00AD320461FF050FF0520FFF73FFA58E5D7
S2140121D01FF012FE8046E7E74046FEF7E1FF0028C3
S2140121E07FF44FAD51E74C4B1B7803F0FD03082BF2
S2140121F001D04A4A29E5A48935B1F27822B10020F6
S214012200474903F081FF2EE7E4B22246F11C0AA8F3
S2140122101FF0FEFD434BBDF8282019880546914264
S2140122200DD04FF6FF718A4209D03C4A00203E4B42
S2140122303E4903F083FFBDF828203D4947E7BDF836
S2140122402A20598891420CD04FF6FF718A4208D055
S214012250324A0020374B354903F070FFBDF82A207B
S214012260EBE70B9A5B689A420AD0013208D02B4AF8
S2140122702E490020304B03F061FF0B9A2F4926E7C9
S214012280A4B2E91C2246C9B2304620F03CFFE91D43
S214012290C9B207462246304620F035FF431C0146A8
S2140122A006D10820FEF73CFF2548FEF779FFE8E453
S2140122B0384606AAFFF7E4F8A8B9214B0693214B46
S2140122C000221978204B18781FF07EFD069C2046C8
S2140122D0FEF766FF224600201C4903F015FF092081
S2140122E0FEF71EFFCDE440F6B733069A9A42E6D8CB
S2140122F040F6B8320020164903F006FF40F6B83320
S214012300DCE7812421E400BF7C5C0020B6D3030017
S214012310D9D303005C3E00207D5C0020E2D303009D
S214012320F7D303004C3E002079CF03001ED40300F0
S214012330D7C40300A3CF030039D4030036DC03005F
S21401234080EE36007F6900208069002071D403008A
S21401235046D4030008B50420FFF742F90020FEF733
S214012360DFFE0023054A19211370054A1370054B39
S2140123701878BDE8084020F0E3B800BF7A5C00207A
S2140123807B5C00208069002010B5164B164C1A782D
S214012390164B002053F82220154903F0B5FE21788C
S2140123A0144B154A0020002918BF1A46134903F09A
S2140123B0ABFE23782BB1124B00201A68114903F0AB
S2140123C0A3FEFEF73FFF0446FEF73CFF0E4B1968DF
S2140123D01FF038FD2246BDE8104003460B49002099
S2140123E003F092BE7D5C00207A5C0020EC3F040086
S2140123F08DD4030063DB030044DB03009AD403009F
S214012400483E0020B4D403005C3E0020CDD4030037
S21401241038B5014604460020FFF788FB054698B10B
S214012420E37C00200A4A0B4903F06EFE2379042B55
S2140124300AD02946204620F050FF034620B100204E
S214012440054A064903F060FE6FF0FF0038BD00BF85
S214012450B7B50300F5D403002BCE030033CE03003B
S21401246010B51346094A127882420DD163B1084A63
S214012470002014680A46074903F046FE2146BDE8D7
S21401248010400120FFF752BB10BD00BF806900203D
S214012490AC41002017D5030010B50D4B1C782CB1AC
S2140124A0BDE8104000200B4903F02EBE6420FEF765
S2140124B063FE4FF6F0716FF00F02074B0320C3E97E
S2140124C0001222462146BDE81040FEF7D3BE00BFEB
S2140124D07D5C002050D503004C3E0020014B187057
S2140124E0704700BF795C002000210620014AFEF7F4
S2140124F0C1BE00BFC0270900014B1870704700BF5E
S214012500765C0020114B2DE9F04107460D46186810
S2140125100F49101A09681FF095FCDFF840800D4E30
S21401252098F800400346FF2C307004D0A8420AD326
S2140125302C44A04207DB3A460020074903F0E4FD9D
S214012540337888F800303078BDE8F081643E0020AA
S214012550603E00207E5C00207ED60300816900205C
S21401256050EA010208D0FF22054B091A1A70054BE2
S2140125701860054B1960704711461046FFF7C2BF39
S21401258081690020643E0020603E00202DE9F04F66
S214012590AFB006AD284600F0FDFD0026624FDFF81D
S2140125A0D091284600F090F9044648B900F0BEFDE7
S2140125B05E490246204603F0A7FD2FB0BDE8F08F26
S2140125C039460020F2B203F09FFD284616A900F016
S2140125D0FFFD044620B15649002003F095FD8FE02B
S2140125E0BDF85820534903F08FFD49462046BDF8F3
S2140125F05A2003F089FD2046BDF85C204E4903F0C1
S21401260083FD2046BDF85E204C4903F07DFD204643
S214012610BDF860204A4903F077FD2046199A4949DA
S21401262003F072FD2046BDF86820474903F06CFDB3
S214012630204646490DF16A0203F066FD44492046EC
S214012640239A03F061FDBDF85C30D90705D5204615
S2140126509DF890203F4903F057FDBDF85C309A077E
S21401266014D500203C4903F069FDBDF85830B3F598
S214012670807F4FD1002020F090FD18B10DF1910020
S21401268003F0C4FC0020354903F03EFDBDF85C3084
S2140126905B070BD50020BDF8B220314903F034FDAD
S2140126A00020BDF8B4202F4903F02EFD062228464F
S2140126B00DF116030AA91FF0F4FB044690BBBDF802
S2140126C01620294903F020FDDFF8A8A0DFF8A8B0FE
S2140126D00DF12808BDF81610A2B2914210D9B8F82B
S2140126E000205146002003F00FFD0134D8F80420E5
S2140126F05946002003F008FD062C08F10808E9D128
S2140127006C46204600F05AFD94E80F00013685E835
S2140127100F0046E70123202200200DF1910103F06E
S21401272057FCAFE7114957E790D603005DD8030081
S21401273099D60300BDD60300F1D603000AD70300DD
S21401274023D703003CD7030055D703006ED70300F9
S21401275083D703009FD70300B8D7030007ED030014
S214012760CBD70300E4D70300FDD7030030D803001E
S214012770D6D603000ED803001ED803002DE9F0417B
S21401278088B004AD044628468846002700F002FDBE
S2140127906E46474507D195E80F0084E80F002046AE
S2140127A008B0BDE8F081304600F008FD96E80F005D
S2140127B085E80F00284600F087F801370028E8D1A1
S2140127C0014B0FCBE9E700BF6C4204001FB5D0E90F
S2140127D0023253F8223068461978FFF7CFFF684671
S2140127E000F07CFD48B1042809D1074A00200749BA
S2140127F003F08AFC05B05DF804FB054AF6E7002005
S214012800044903F081FCF5E7FFE1030078D80300F3
S214012810AFDB030084D1030010B5D0E9023203EB2D
S2140128208201496853F8223098B00C6804A81978D8
S214012830FFF7A4FF03AB40220093214608AB04A890
S21401284000F0E2FC024628B100200E4903F05CFCD1
S21401285018B010BD039808A900F007040122C0F3C0
S214012860C70003F0FBFB039908A8091B01440648AF
S21401287001232246008803F0ABFB044803F0E4FB87
S214012880E6E700BF88D803001C56002007ED0300CA
S214012890F0B504460D460B4BEF880FCB84E80F00CE
S2140128A0AB882E899B0741BFD5F83900D5F83D1076
S2140128B004F1080303C3EA68204627806680626045
S2140128C0F0BD00BF24400400102208B5034908F0FB
S2140128D0FFFA003818BF012008BD00BF6C42040093
S2140128E008B521F075FCC288FF219208012A38BF7D
S2140128F0012202481EF062FE012008BD743E00203F
S21401290038B5134690B10120274A1070274A002097
S2140129101160274A13600A46264903F0F5FB02F0C8
S21401292043FB254B1870022002F044FB21F06BFCA0
S214012930E8B91D4D1D4C2B782BB921F049FC2268B6
S214012940C368134423601A4B24681B689C4229D22F
S21401295021F03EFCC168204606F022F8002402461B
S2140129602C7050B921F04FFCFFF7BAFF03E0FFF7D8
S214012970B7FF0028DDD0012038BD20460F4903F0FF
S214012980C3FB0D4B187802F015FB00200C4903F031
S214012990BBFB00F091F908B900F0AEF92046FFF74D
S2140129A0B7F8E8E70124ECE7805C00206C3E0020E5
S2140129B0683E0020AFD803007F5C0020DBD8030010
S2140129C0FBD8030038B500F04BFA044600F042FA93
S2140129D0241A21F0FDFB054618B9B1211B4826F043
S2140129E021FEAB8803F00303032B03D0B221174863
S2140129F026F018FE00F02EFA05461FF0C5FA012350
S214012A008340013B2B4203D0B421104826F00AFE36
S214012A101FF0BAFA01238340013B234203D0B521BC
S214012A200A4826F0FFFD05F091FD05461FF0ACFAB9
S214012A304FF48063B3FBF5F3C440A34205D2BDE86F
S214012A403840BA21014826F0EDBD38BD11D9030042
S214012A50FF2108B504481EF0C2FDBDE8084000226B
S214012A6011461046FFF74CBF743E0020F7B50446EA
S214012A700E4600F089F8054621F0AAFBC3682B44F0
S214012A809C4220D31FF080FA2C44C440013C114FD5
S214012A903B68DEB1A34219D101340023ADF80430FE
S214012AA000F0E4F9054605F051FD103504FB00542D
S214012AB005F04CFD01A90246204605F099FD1FF0E0
S214012AC073FA386004E04FF0FF34E0E7A342E4DB3A
S214012AD003B0F0BD546500204FF0FF320A4B10B52D
S214012AE01A600022094B1A7000F0B4F9044600F08F
S214012AF0B7F9214602460120FFF702FF00280CBF66
S214012B000120042010BD00BF54650020815C002018
S214012B1038B500F0D1F808B9002038BD094D0A4C87
S214012B202B7823B91FF040FA012320602B7024680C
S214012B301FF02AFA01348440EED000F025F8204434
S214012B40EBE700BF815C00205465002070B50D4C9A
S214012B502368002B01DA012070BD00F07BF90546E1
S214012B6021F036FB2468C6681FF00EFA013404FA19
S214012B7000F1294401208A19FFF7C2FE0028EAD095
S214012B800420E9E754650020024B18680C301FF05A
S214012B903BBA00BF58650020FF2307B50021044A51
S214012BA004480093FBF790FC03B05DF804FB00BFFC
S214012BB0512A0100743E00200E4B70B51C68054674
S214012BC0036804F582641C440E46FFF7DDFF2B689C
S214012BD0834208D232681A44824208D9C31A0120B5
S214012BE033602C6070BD044A126813441C1A00201E
S214012BF0F7E700BF58650020703E00202DE9F04F32
S214012C00B3F5803F87B00F469846019003D3002066
S214012C1007B0BDE8F08F03A904A8CDE90332FFF79A
S214012C20CBFF0024824600F10109DFF888B05FFA85
S214012C3089F9019BDDE90356AAB27BB130461099AA
S214012C4021F0CDFA0028E2D1B9F1020F2BD1DBF841
S214012C5000300493019B03BB2F4421E039463046E4
S214012C6005F0C6FC0028D2D1BAF1000FECD0002C3A
S214012C70EDD105F06BFC2E44B6FBF0F303FB1060C0
S214012C800028E4D005F062FC05A90246304605940A
S214012C9005F0AEFC0028DAD0B9E7109B2B44109360
S214012CA0A8EB05050395631C4B454FF00104C0D303
S214012CB02046ADE7703E00207FB56B460C4A106893
S214012CC0516803C390680C2218600A4B0DEB020191
S214012CD0186821F084FA0C2268460DEB020108F010
S214012CE0F7F8B0FA80F0400907B05DF804FB00BFC2
S214012CF034400400586500201FB5084A01AB10682F
S214012D00516803C3906801A91860054B0C22186826
S214012D1005F06EFC05B05DF804FB00BF344004000E
S214012D2058650020F7B5044615460E4681B9072AB0
S214012D3003D80024204603B0F0BD0D4B80791968F6
S214012D40E379063000EB03200C3180B21FF066F900
S214012D50002721462B46324638460097FFF74EFF9E
S214012D6004460028E5D039467019FFF77FFEE1E7F3
S214012D7058650020024B1868A0F50060704700BF38
S214012D806465002010B58AB0684606F015F810F0A4
S214012D90FF0027D1009BFBB1174C01A9206005F06D
S214012DA083FF10F0FF001DD12268009B9A4204D3D6
S214012DB04FF4DD71114826F035FC019B104A11498C
S214012DC01360029A13440B600F49A3F500630A606F
S214012DD00E4A1360009B63B940F2CF11074826F0F4
S214012DE021FC06E0044A034612680020084903F065
S214012DF08BF90AB010BD00BF5C650020C4D9030082
S214012E00703E002060650020646500205865002043
S214012E106CDA030008B5FFF7B5FF21F0D9F950B118
S214012E2021F0D6F9064B02691B689A4203D2B321F8
S214012E30044826F0F7FBFFF7C5FD012008BD00BFDB
S214012E4064650020C4D90300014B1868704700BFB1
S214012E505C650020014B1868704700BF703E00207B
S214012E60014B1868704700BF60650020014B186869
S214012E70704700BF5865002010B5FFF749FE0446AD
S214012E802849002003F040F90020274903F03CF9C7
S214012E900020264903F038F90020254903F034F9CB
S214012EA0244B00201A68244903F02EF922462349B0
S214012EB0002003F029F9FFF767FE214902460020AA
S214012EC003F022F91F4B00201A681F4903F01CF972
S214012ED01E4B1F4C1A6800201E4903F015F9226884
S214012EE000201D4903F010F94FF4806200201B49B1
S214012EF003F00AF9226800201949103203F004F998
S214012F002268002017490C3203F0FEF822680020E0
S214012F10154902F5826203F0F7F8BDE8104005F0A6
S214012F2049BA00BFEBDA030028DB030047DB0300E6
S214012F3067DB03005C65002092DB0300B1DB030066
S214012F40D4DB0300703E0020F7DB03006065002041
S214012F50586500201ADC03003DDC030060DC03003A
S214012F6083DC0300A6DC0300C9DC03002DE9F04185
S214012F7094B004460D460020482102AA1FF05FF8CF
S214012F8018B9534903F0C0F819E060220021204621
S214012F9007F052FC04224F4902A807F099FF90B1AE
S214012FA06DB19DF80B30002001939DF80A309DF815
S214012FB00820009348499DF8093003F0A5F8012040
S214012FC014B0BDE8F081BDF80C20B2F5807F2280F8
S214012FD003D0424903F098F8F1E7BDF81420BDF894
S214012FE00E102281DDF816206180E2600499BDF89A
S214012FF01A206160228284F8320007AD04F11202C1
S2140130000FAE2B4603CBB342106051601D4602F152
S2140130100802F6D10F9B324A63631360314B1022CC
S2140130201846002107F008FCE288A388028022895E
S2140130304280E26842600BB90020C1E700263546AF
S214013040A388D90709D536B105F150026A4412F8AA
S214013050482C84F838200135EDB29A0714D520881B
S2140130601EF003FF07466EB102AB03EB05080246EE
S214013070414604F1390007F06FFD3A4641461A48C9
S21401308007F06AFD2F44FDB2A3885B070DD556B144
S21401309005F150036B4433F8482C33F8463CA4F84A
S2140130A05A20A4F85C300435EDB2002EC4D1482D68
S2140130B002D930460D4965E72946382002AA1EF096
S2140130C0BEFF08B90A495DE738250126B8E700BF03
S2140130D0ECDC0300404004001EDD030054DD030069
S2140130E0943E0020983E0020A03E00206FDD0300A5
S2140130F0BFDD030030B50B4C99B025786DB9FFF7ED
S21401310089FE68B129466846FFF730FFB0FA80F0BD
S214013110054B4009187001232370002019B030BDFB
S2140131200120FBE7825C0020835C0020014B1878BD
S214013130704700BF835C002070B51E46134B0446E3
S21401314018881D46884298B002D15B88934206D003
S2140131500F4B0FCB84E80F00204618B070BD96B118
S21401316000216846FFF702FF0028F1D1BDF80430C0
S2140131705B0708D53388BDF85A209A42E8D8BDF8CF
S2140131805C209A42E4D395E80F00E3E7983E0020DE
S2140131906C420400064B10B51B7804462BB9054B50
S2140131A00FCB84E80F00204610BD034BF8E700BFA5
S2140131B0835C00206C420400983E002010B5044653
S2140131C0024B0FCB84E80F00204610BD6C42040072
S2140131D00B4B10B51B78044608467BB10021FFF760
S2140131E0C5FE48B910222146064807F071FE003890
S2140131F018BF0120C0B210BD0120FBE70120FAE78D
S214013200835C0020983E00202DE9F0410E46904652
S2140132100E4910221F4607F05BFE044670B90C4BA0
S2140132203A461D683046AD1B454528BF45462946EA
S2140132301EF005FF28B9074902F066FF0120BDE828
S214013240F081069B20461D60F9E700BF983E0020EE
S214013250943E0020BFDD03000022024B1A70FFF7E8
S2140132603BBC00BF835C00202DE9F0419CB00F46BB
S21401327016468046FFF74CFC0546024615490020D7
S21401328002F042FF382D20D9012104A8FFF76EFE77
S2140132900446D0B9119B04A93B606F463846FFF738
S2140132A0F7FA97E80F0086E80F00119BAB4297BF2D
S2140132B001210324084AC8F8003094BF1170C8F8E9
S2140132C0005020461CB0BDE8F0810022024B0124CC
S2140132D01A70F6E7F1DD0300835C002070B5084D37
S2140132E000262B7853B1FFF7F7FB04461022002186
S2140132F004482E7007F0A0FA204670BD3446F5E764
S214013300835C0020983E002008B50020064902F0A4
S214013310FBFE064B00201A78054902F0F5FEBDE8D3
S2140133200840FFF7A9BD00BF10DE0300835C002044
S2140133303ADE030003460120024AC3E903200022C5
S2140133401A7070470100FEFF2DE9F0410024264E59
S214013350264FDFF8A88088B000F0D4F9A5B28542E0
S21401336002D308B0BDE8F081284603A91EF09DFEF1
S214013370A2B23146002002F0E1FE9DF80D2012B304
S2140133809DF81210BDF81030402914BF6E21792126
S2140133900020CDE900313946BDF80E3002F0CEFEF0
S2140133A0BDF814201AB10020114902F0C7FE9DF89D
S2140133B00C00BDF8182070B9079B0E490093BDF8A4
S2140133C01A3002F0BBFE00200B4902F09DFE0134CC
S2140133D026F035F9C0E7BDF81C30414600930020C1
S2140133E09DF81A30EDE700BF53DE030059DE0300F7
S2140133F07CDE030086DE030007ED0300ADDE03007E
S21401340010B500F0ABFABDE810400346024A0020B2
S214013410024902F079BE00BFD5DE03000CA7030007
S214013420D0E9023253F8223010B5188800F086FA37
S214013430BDE810400346024A0020024902F064BE7D
S214013440DBDE03000CA7030010B5D0E9023200242E
S21401345086B08DF8044053F8221003EB82030978F6
S21401346001A88DF805105A681288ADF806209A68EA
S2140134701288ADF80820DA681278ADF80C40A2423E
S21401348014BF402280228DF80A201A691288ADF8EE
S21401349010205A699B691288ADF812201B680593A3
S2140134A000F0D0FB034A03460349204602F02CFEF7
S2140134B006B010BD77BD03000CA7030038B5002485
S2140134C0064D26F0A8F845F824000634C02CF8D19D
S2140134D00020BDE83840024902F016BE80100020E8
S2140134E0E2DE030030B5002087B0204902F00CFE72
S2140134F000201F4902F008FE00201E4902F004FECB
S21401350026F089F800240546A0B201A901341EF070
S214013510CCFD202CF8D126F07EF81749421B00205E
S21401352002F0F2FD1549002002F0EEFD26F073F8D8
S2140135300446012000F09EF826F06DF80E49021BA5
S214013540002002F0E1FD0E49002002F0DDFD26F02C
S21401355062F804461EF09AFD26F05DF8021B002074
S214013560054907B0BDE8304002F0CEBD0EDF0300CE
S2140135703DDF03006DDF03008ADF030099DF0300F0
S214013580B3DF030010B50C4603F022FD08B9032C87
S21401359012D101F0FFF804280ED001F0FBF805283F
S2140135A00AD0064802F060FC1C2801D11FF01BFD62
S2140135B0BDE8104002F068BC10BD00BF97200300B4
S2140135C02DE9F04F00274FF0FF36DFF8A4B0264C68
S2140135D087B0BBF80030B8B2834209D8731C3BD021
S2140135E03246FF21214807B0BDE8F04F1DF0E6BF87
S2140135F001A91EF05AFD9DF8050001F001FFF8B182
S2140136009DF80480B8F1000F1AD1BDF810A0BDF8DE
S214013610129026F000F818210246BBB24B43E01880
S214013620E158007C4FF47A73A2EB010C50B103FB16
S2140136300AF363450ED30B44981A864228BF064602
S2140136400137C6E74D466B43FAD06345F5D31944B7
S214013650881AF2E74046F0E7FF21044807B0BDE8C4
S214013660F04F1DF0BCBF00BF80100020A83E002018
S214013670025600202DE9F041014688B058B10228D3
S21401368010D01EF02CFD78B3D221194808B0BDE841
S214013690F04125F0C7BFFF23164A17480093FAF7F3
S2140136A013FFEEE700244FF001082746134EA5B29C
S2140136B0284603A98DF80D701EF0F7FC9DF80D0045
S2140136C068B101F09DFE20B19DF80C300BB986F86B
S2140136D010800134202C06F11806E8D12546084B47
S2140136E01D80FFF76DFFCCE708B0BDE8F08100BF95
S2140136F0D3DF0300293A0100A83E002080100020F5
S21401370002560020014B1888704700BF0256002061
S2140137102DE9F04F634A077D89B0044662490020CF
S21401372002F00CFD00201FF038FD20B12368218A2D
S214013730588803F09BFC00205C4902F0E5FC637DA1
S214013740DFF87491002B236808BF08205988574B6F
S21401375018BF00200093228A4FF0090314BF4FF0D0
S21401376080084FF0400802F02FFBA289BB1C934251
S2140137700CDB1FF0ACFD034620B100204C4A4D493E
S21401378002F0C2FC012009B0BDE8F08FA068791CE8
S21401379089B2C55D1FF0BAFC0337012D0646BFB2DC
S2140137A013D82368324659885879238A00934346AA
S2140137B01FF0F4F8824600283ED1862002F0CCFBAA
S2140137C0284602F0C9FB304668E08520F6E703A9E3
S2140137D01EF06BFC9DF80C30AB4223D123689DF89C
S2140137E00D105A7991421DD1BDF80E105A8891429A
S2140137F018D1BDF81020B24214D19DF812204245CE
S21401380010D1BDF81410228A91420BD1002D38D068
S214013810BDF81810E288914204D19DF81A201B7950
S2140138209A422ED00BF1010BB9F800305FFA8BF0FB
S2140138308342CCD88B20C1E74FF0000BF4E79AF80F
S214013840020002F089FBBDF818001FF022FCBDF84B
S2140138501A001FF01EFC9AF8020003F027FE00284B
S21401386083D19AF8020001F09DFC0546079E002DC3
S2140138703FF47BAFF0B2013D02F06EFB360AEDB2CB
S214013880F5E7002002F068FB284602F065FB3046AB
S2140138901FF0FFFB012DD2D1BDF81C001FF0F9FB74
S2140138A063E700BF62E0030034D4030007ED0300C2
S2140138B06FE003008CE00300025600202DE9F04380
S2140138C091B0694680461EF0F0FB0023194F8DF833
S2140138D001303888431E98B28045388009D1694640
S2140138E040461EF0EAFB68461EF0CEFB11B0BDE86E
S2140138F0F0834FF0180905A91EF0D7FB0E4C3E8841
S2140139000AAD09FB06460FCE0FC596E8030009FB74
S214013910084485E803000AAE404605A91EF0CDFB23
S2140139200FCE0FC495E8030084E803006946388883
S214013930D7E700BF025600208010002008B5064BCE
S2140139401B88834205D9FFF7B9FFFFF739FE002030
S21401395008BD2720FCE700BF0256002038B5074DFA
S2140139602C882CB9FF2106481DF039FE204638BDAB
S214013970601E80B2FFF7A2FFF2E700BF02560020EA
S214013980A83E00202DE9F3479A4618239DF8289073
S214013990244FCDE9001203FB09731446D3E9022331
S2140139A01FF074FD064620460D4603F07FFD04F029
S2140139B0FD03382B80460FD1009432462B4600215A
S2140139C0DAF810001EF09CFBB8F1010F1BD135434D
S2140139D01ED102B0BDE8F087392CDAF810300BD1D1
S2140139E007EE906A07EE103AF4EEC77AF1EE10FA97
S2140139F0ACBF01200020E7E79E4275F100032CBF13
S214013A0001200020E0E7B8F1000FE2D10028E0D065
S214013A10182303FB097701233B7402B0BDE8F04786
S214013A20FFF7CEBD801000202DE9F04F00252E4671
S214013A30A846AA462C46DFF8BC91D1B0694BA8B27D
S214013A401B88834209D81CB161882079FFF79AFD4B
S214013A50FFF7B6FD51B0BDE8F08F0BA91EF025FBB0
S214013A6025F0D9FD1823AFB27B4309EB030B59F8B8
S214013A70033005909DF82D00049301F0C1FC002849
S214013A8000F0AE809DF82C10002940F0A980DDE9F9
S214013A900432D01A4FF47A72BDF838305343834259
S214013AA000F29E809BF8103043B9BDF83A30002BE7
S214013AB000F096805343834200F29280FD23002259
S214013AC0CDE9013210AB00930DF119020DF11A0385
S214013AD0E9B20BA8F0F7FCFB002877D1BDF81A3045
S214013AE0DA1C0493D2B214B33F4B9DF82D101B88F9
S214013AF013442279914214D1BDF82E106288914266
S214013B000FD19DF83220B8EBD21F0AD1BDF8342070
S214013B10524506D1B3424DDD0020344902F0F4FA95
S214013B2001E0B342F8DC61882079FFF72BFD02F053
S214013B30E7F904469DF932002D4BC043C00F0093B0
S214013B40BDF834200A23BDF82E10C0009DF832803F
S214013B5002F03AF99DF82D304FF0000B23714FF427
S214013B608A53FF26BDF834A04FEAD818E38007A988
S214013B705FFA8BF01FF02EFEC0B2B0B99DF81D1093
S214013B809DF82D20914210D1BDF81E10BDF82E20B3
S214013B9091420AD122469DF829109DF81C001FF07B
S214013BA09FFBB04228BF3046C6B20BF1010BBBF1FA
S214013BB0200FDCD1BDF830001FF06BFA9DF819001C
S214013BC002F0CAF9049910A802F0DAF918230022C3
S214013BD05F4309EB07031A7425F01DFD49F807003A
S214013BE001352BE7025600200C5600204BE103005E
S214013BF007ED03008010002070B500240126104D4B
S214013C008AB02B88A0B2834204D80AB0BDE87040BF
S214013C10FFF7D6BC05A91EF048FA9DF8150001F07D
S214013C20EFFB50B19DF814303BB91A46CDE9013689
S214013C300093E1B205A8F0F74BFB0134E1E700BFC2
S214013C40025600202DE9F0430389DFF858818BB036
S214013C50B8F80090009304468379828841884078BA
S214013C601EF09CFE002800F09580E78927B1A38905
S214013C70BB4200F291800027B8F80030BDB2AB42DB
S214013C8014D84D4601264FF6FF73E2899A4226D193
S214013C9046B9B8F80030AB4202D92846FFF70EFE07
S214013CA0FFF78EFC00200BB0BDE8F083284605A97F
S214013CB01EF0FBF99DF814307BB92268059B534032
S214013CC0FF2B0AD86368069E5E4036F07F4604D115
S214013CD0BDF81C2023899A42D5D00137CCE7E2688B
S214013CE09A422BD0002E53D1D4E90323CDE90823E1
S214013CF005A81EF0C9F90028D5D1B8F80030AB42A6
S214013D0004BF6B1CA8F8003025F085FC18236B4314
S214013D10234AE9B2D050D418002305A81A46CDE9A3
S214013D2001330093F0F7D4FA18B100220023C4E956
S214013D300223284605A91EF0C0F9B1E7234605AAC5
S214013D4004F1100C174618685968083303C7634511
S214013D503A46F7D11868386005A81EF098F9002889
S214013D60C0D01F2D1AD800238DF8143063788DF833
S214013D7015306388ADF81630A388ADF81830A379EE
S214013D808DF81A302389ADF81C300028B0D1ABE786
S214013D900020E6E7862086E7872084E7892082E7F9
S214013DA080100020025600202DE9F04FB04A90F80E
S214013DB014908DB00446AF49002002F0BFF90020F0
S214013DC01FF0EBF920B12368218A588803F04EF9D9
S214013DD00020A94902F098F9637DDFF8B8A2002B0C
S214013DE014BF802340230293236808BF0820598804
S214013DF0A14B18BF00200093228A072301F0E4FF9D
S214013E0000230393A28909F10305954211DB039B65
S214013E1013B9184602F0A0F81FF059FA034620B16C
S214013E200020964A964902F06FF901200DB0BDE8D0
S214013E30F08FA06809F1010189B210F809601FF03E
S214013E4065F93246804603468E490020ADB202F03F
S214013E505BF98EB1012E00F08A808527384602F084
S214013E607BF8304602F078F840461FF012F9852FAD
S214013E70D2D00123039376E0A06809F10401A28958
S214013E8089B2475D1FF042F909F10601A289049043
S214013E9089B2A0681FF03AF93A4605900090049B53
S214013EA03046794902F030F909F1080938461FFA17
S214013EB089F503F0FBFA002857D1384601F072F96C
S214013EC0294603468146A289A0681FF010F96F496A
S214013ED08346304602F032F9A1684A462944334601
S214013EE0304602F075F83046634902F00DF9A944F0
S214013EF01FFA89F52368424659885879238A009320
S214013F00029B1EF04BFD18B18378BB4240F0AC809B
S214013F10483FFFB2092F05D840F21133FB40DB07BB
S214013F2000F1A48000238DF81C30236807A85A7975
S214013F308DF81D205B88ADF82080ADF81E30029B01
S214013F40CDF82CB08DF82230238AADF82430049BAE
S214013F50ADF82830059BADF82A30FFF773FE07460B
S214013F6000287FF47BAFA9464CE7B346C2E7294653
S214013F70A289A0681FF0CAF84FF0000B0246074658
S214013F804349002002F0C0F809F10509BAF80030EB
S214013F901FFA89F5BAF800201FFA8BF94A4503D8AB
S214013FA01F2B31D9892759E7484607A904931EF0E4
S214013FB07CF89DF81C20049B012A22D122689DF8DA
S214013FC01D00517988421CD1BDF81E0051888842D7
S214013FD017D1BDF82010414513D19DF82210029843
S214013FE081420ED1BDF82400218A884209D1BDF84C
S214013FF02800E188884204D19DF82A10127991425E
S2140140001BD00BF1010BC5E7012299468DF81C2048
S214014010226851798DF81D105188ADF82080ADF8D1
S2140140201E1002998DF82210218AADF82410E1881D
S214014030ADF8281012798DF82A2007A8ADF82C7053
S2140140401EF022F8074600287FF408AFBAF80030C1
S2140140504846994508BF09F1010307A908BFAAF810
S21401406000301EF02AF87EE78D27F7E68C27F5E666
S21401407076E1030034D4030007ED0300D7E1030023
S2140140808CE003007EE103009BE10300BCE103003A
S214014090C7E10300025600202DE9F04F0746884687
S2140140A09146002589B09A46BDF848B09DF84C6007
S2140140B0149C224B1A88A8B2824235D903A91DF056
S2140140C0F4FF9DF80C201D4BB2BB9DF80D10B942B4
S2140140D032D1BDF80E1041452ED1BDF8101049451C
S2140140E02AD19DF81210514526D1BDF81410594514
S2140140F022D13046029201F055F8A6F14103012B78
S21401410001460AD820461FF007F80D4B0D4A2044F9
S21401411084420CD10421029302ACEDB23246204611
S214014120009503ABFFF72EFC09B0BDE8F08F14F83D
S214014130011F4B405343EBE70135BBE70256002016
S214014140C59D1C81930100011FB50F4C2478C4B195
S21401415042EA03229DF818308DF8051042EA432200
S2140141600A4BADF80C201A78094B8DF80610079902
S21401417003EB021300908DF80400DB686846029199
S214014180984704B010BD00BF845C0020865C002008
S214014190C83E002073B51A4DFF211A481DF01FFABC
S2140141A02B7853B3184C194E2378180106EB0313DA
S2140141B01A7A5968305C1FF091FB4D281DD0E0B18A
S2140141C0012300212278CDE900311201B25CC0B290
S2140141D0FFF7BAFF0A2223780A480133DBB2B3FBA2
S2140141E0F2F102FB1133FF2123702B78013B2B7078
S2140141F002B0BDE870401DF0EAB902B070BD00BF64
S214014200845C0020683F0020865C0020C83E0020B9
S214014210F8B5104F3E780A2E1AD00FC8DFF840C006
S2140142200D4D9CF80040013605EB041585E80F009E
S2140142300A230134E4B2B4FBF3F203FB1244074849
S214014240FF218CF800403E701DF0C1F90020F8BD3A
S2140142500120FCE7845C0020C83E0020683F002067
S214014260855C00200021024A0248FAF763B900BFC4
S21401427095410100683F0020002337B50C46124DDA
S21401428012492A78CDE9003312018A5C01230146DE
S214014290E0B2FFF759FFA4B90D490A788AB10A209E
S2140142A02B78013A0133DBB2B3FBF0F40A70FF213D
S2140142B000FB143307482B7003B0BDE830401DF0F7
S2140142C086B903B030BD00BF865C0020C83E002022
S2140142D0845C0020683F002008B500F0BDF850B1AE
S2140142E0054B064A0649052808BF1A46BDE8084098
S2140142F0002001F009BF08BDEBE1030007ED030054
S2140143000CE2030008B503201FF002FB10B90122DE
S214014310014B1A7008BD00BF875C00200022024BCB
S21401432018781A70704700BF875C00200246FF218C
S21401433001481DF043B900BF883F0020114B37B537
S2140143401D78C5B9FF2110481DF049F9FFF7DAFFBE
S214014350044600900D4B28460D4A0E4901F0D4FE46
S2140143604CB10D4B1B78DB0605D528461FF0AAFA83
S21401437020461DF0FAFC094B186803B0BDE8304032
S214014380FFF7D4BF875C0020883F002029E20300A6
S21401439057E2030016BA0300755C0020686500202A
S2140143A0FF2101481DF01BB9883F002070B51A4E49
S2140143B0054633780C466BB30020184A184901F0BD
S2140143C0BDFE032C01D0652C20D11649002001F03A
S2140143D0B5FE22460020144901F096FE002013493E
S2140143E001F0ACFE012329460822002001F0F0FD71
S2140143F000200F4901F088FE032C88BF00232046C9
S21401440088BF3370BDE87040FCF7BEB8012CE0D021
S2140144100849DBE770BD00BF875C002057E2030058
S21401442000BE03006AE20300B7C4030088E203008B
S21401443007ED030080E20300014B1860704700BFE0
S214014440686500200021024A0248FAF773B800BFE7
S2140144503D430100883F0020054B10B51C782CB960
S2140144600448FF211DF0B3F8204610BD0520FCE7E7
S214014470875C0020883F0020F8B50024074B084ED3
S2140144801D68084FE3B29D4204F1010400D8F8BD4F
S214014490394656F823001CF059FAF3E7445E040047
S2140144A0485E04003466002010B5044C23780BB136
S2140144B01FF01EFA0123237010BD00BF8269002081
S2140144C02DE9F743254B0D4616460446019350B198
S2140144D04AB1042301AA12F8011BA94235D0013BB7
S2140144E013F0FF03F7D1212003B0BDE8F08317F8DE
S2140144F0010F90FAA0F0000E1CF064FC014608EBD8
S21401450007039945F3DCCAB2C1F30F2392FAA2F26C
S21401451093FAA3F3120E1B0E03EB0223DB4362197D
S21401452012F8020C99B2DBB298420CD112F8013C97
S214014530B3EB112F07D132462146284603B0BDE81A
S214014540F0431FF03DB92320CEE74FF6FF71671EFB
S214014550A5F10209C4F10108D1E700BF080A0E124D
S214014560014B1870704700BF885C0020024B1A6828
S21401457018608260704700BF6C650020024B1868A7
S21401458000B14068704700BF6C65002070B50446F6
S21401459000250A4B1B687BB100211E8807E05A687C
S2140145A002EB0110013145B9021B554255418AB251
S2140145B09642F4D89B68EEE7184670BD6C650020FD
S2140145C02DE9F04F1E46002393B0022E074688467B
S2140145D01446DDF870909DF874A0ADF81A3040F2DC
S2140145E0C08099F800305A0729D5042E40F2B980C8
S2140145F099F804B000255F4B33F83520002A00F007
S214014600B68001350A2DF7D1209B002B40F0AD80F6
S214014610FF250023207908AA0DF119018DF819301C
S2140146201EF006FD70B1BDF82C309DF819002380F0
S2140146301EF082FD0790C0B113B0BDE8F08F99F867
S21401464002B0D7E720791EF024FA0B28059000F275
S2140146508A8020791EF081FD07900028ECD1464A19
S214014660059B02EB03135B8823804FF6FF73002F35
S21401467008BF434662880021CDE9002358465246CA
S214014680238802F0FDFD18B1E38843F02003E380A0
S214014690209B07A90DA8CDE90D34CDF83C90ADF8C7
S2140146A04080ADF842608DF844708DF845A01EF04C
S2140146B0D4FC08B10798BFE7484602F025FDA01DC7
S2140146C002F010FD2246414638461EF009FEB04271
S2140146D027D3E3882246C3F30E03E3809DF87C309C
S2140146E041460393BDF87830384602930DF11A031C
S2140146F0CDE90093F3B21DF03FFF209B079003B373
S214014700F8B9BDF81A2042B1092D06D81B4B03EBA8
S214014710C5018A80209A43F835201120FAF7D2FB8A
S2140147201CE0BAF1000F0AD10DF11A03CDE90063BE
S21401473022464B4641463846FAF7D2FFDDE7382097
S214014740DBE7052807D1E388DB0607D50023012030
S2140147500793FFF705FF079B002BDED01EF0F1FC49
S214014760A8E7012068E7212066E71C2064E7EDB290
S2140147704FE700BFB03F00201C400020AC3F0020A8
S2140147804FF6FF72024B1A805A809A80704700BF1C
S2140147900456002010B5044C2379FF2B02D11FF0DC
S2140147A0D5F82071207910BD0456002010B50C4CA8
S2140147B02379FF2B08D100201EF0BEFC20B91FF084
S2140147C0C5F820711EF0BDFC2079022805D00438FA
S2140147D0012894BF0020012010BD0020FCE700BF87
S2140147E0045600204FF6FF7310B5044C22889A42F7
S2140147F002D11FF0A1F82080208810BD04560020A9
S21401480010B5FFF7BDFF40F61D439842044607D892
S214014810B0F5416F05D2182826D8152848D829D0D2
S21401482010BDA0F541630D2BFAD801A252F823F072
S2140148307548010075480100214801002148010022
S21401484021480100214801002148010021480100BA
S214014850C5480100D74801007148010071480100B0
S214014860714801007148010040F606439842D7D1CD
S2140148701C4920E0FFF7B6FF1B490246002001F065
S21401488043FC152C05D11FF041F8BDE810401EF081
S214014890EDBB164B164A1749B4F5416F08BF1A46C9
S2140148A0002001F031FC1EF0E0FB1EF0DFFBECE720
S2140148B01628DDD11049002001F026FCBDE8104085
S2140148C01EF0F6BC1DF03FFFBDE8104002460B4946
S2140148D0002001F019BC0020BDE81040084901F095
S2140148E013BC00BFE7E9030094E9030007ED0300EA
S2140148F08FE90300B0E90300D0E90300FCE90300F7
S21401490024EA030007B5094A0346108831B9084A64
S214014910084903B05DF804EB01F010BC0091064AAB
S214014920064901F00BFC03B05DF804FB1C560020A1
S21401493013B5030044EA0300B7B5030016BA030033
S2140149400D4B37B51B68044693B11D780389012DBD
S21401495008BF02250093C37A084A0020084901F0DF
S214014960D3FB2146284603B0BDE830401EF0A6BF63
S214014970022003B030BD00BFE8400020B9EA0300C2
S21401498068EA0300002010B51EF0D6FB0D4B1B682D
S21401499063B15A78052A03D862B1052402220AE0D7
S2140149A0FF2AFAD00020084901F0AEFBBDE810400E
S2140149B01EF0C7BB144610461EF0DCFF20461EF054
S2140149C0D7FFF3E7E8400020BEEA030013B5134C17
S2140149D000201EF0B1FBFFF7D3FE23689BB101A8B0
S2140149E01DF0A4FE78B923681A789DF804309A421F
S2140149F009D0D91E032906D9D11E012903D9012AB6
S214014A0007D1022B05D1032301A8ADF804301EF00F
S214014A105BFF02B0BDE810401EF093BBE8400020EB
S214014A2000231946034A01330A2B918042F8081BDA
S214014A30F9D17047AC3F00207FB50E4605461EF003
S214014A4045FF2A46044603460D49002001F05CFB5B
S214014A5096B10C4B36211A889B78ADF80C208DF850
S214014A600E300323002200934FF6FC7003AB8DF843
S214014A700D501EF07FFE0446204604B070BD00BFF8
S214014A80DFEA03007C420400FF2810B50C4604D17F
S214014A900020044901F038FBFE202146BDE8104005
S214014AA0FFF7CABFF8EA0300F8B51E460B880746AB
S214014AB00C461546002B64D14A88B1F90210002035
S214014AC00029B8BF6B78304901F01EFB6288132AB3
S214014AD01DD002F5FF437F339BB2052B23D8A2F5E9
S214014AE00042013A052A1ED8DFE802F0193F1D03ED
S214014AF03C09264A2649002001F006FB13E0254A18
S214014B002349002001F01AFB2A792349F3E7022EF4
S214014B1094BF4FF6FF72B5F801202049EBE700205D
S214014B201F4901F0F1FA33462A46214638461FF05E
S214014B3017FE70B933462A46214638461FF012FE44
S214014B4048F2210362889A4203D1384669781EF0FA
S214014B5078FA6388B3F5004F02D90820FAF7CCF942
S214014B600120F8BD2A790F49C5E70F4A08490020F8
S214014B7001F0E4FA032E94BF4FF6FF726A880B49E0
S214014B80B9E70020EDE700BF33EB03005BEB030062
S214014B9062EB030073EB030079EB030087EB030082
S214014BA09FEB0300B9EB0300DBEB0300E0EB030034
S214014BB02DE9F04116888AB0DFF88C80ADF80E300A
S214014BC00DF10E03C8F8002015460093324610ABCF
S214014BD007460C46FAF716FE90BB109B8DF824008C
S214014BE00693BDF80E3004A8ADF81C30AB898DF8DD
S214014BF01070ADF820306B890594ADF81E60ADF8E5
S214014C0022301EF028FAD8B921463046BDF80E30BB
S214014C10109A01F0C9FF98B921463046BDF80E300A
S214014C20109AFFF741FF58B9CDE900603946204692
S214014C30BDF80E30109A02F049FB08B9C8F800001A
S214014C400AB0BDE8F08100BFA83F0020F0B585B0EE
S214014C5004AB03E9030000231C469DF80D609DF894
S214014C600E70154AD9B202EBC1004568EDB99DF840
S214014C700C30284600939DF80A209DF80B300F490A
S214014C8001F05CFA26B1324628460D4901F056FA83
S214014C900C4A0020002C18BF2246BDF808300A49ED
S214014CA005B0BDE8F04001F02FBA12F8311001331B
S214014CB0B94208BF2C46D5E724420400F2EB0300B4
S214014CC003EC030082B4030007EC03004FF6FF7306
S214014CD010B5084C88B062889A4207D102A90DF136
S214014CE007001DF021FDBDF810306380608808B014
S214014CF010BD00BF045600202DE9F04F85B089464F
S214014D0092461C460746BDF83850BDF83C80109EBA
S214014D10002833D00346464A0020464901F00EFAE1
S214014D202388002B76D040F20912934274D0424A6F
S214014D304249B3F5827F08BF0A46CDF804806188F0
S214014D40002000913E4901F0F9F9238893B1B8F1AA
S214014D50020F0FD933783B4913F0010F3A4A18BFB7
S214014D600A4659074FF000004CBF3379B3783749EC
S214014D7001F0E4F90020364901F0C6F9002335496F
S214014D8031F83320AA4249D1334A52F833B00023CE
S214014D9031F83300DA00A84246D100202E490A44F1
S214014DA0908041F8330047B9238833B9B4F902300B
S214014DB0002B02DB0820FAF785F80120FAF79CF8A9
S214014DC09EB13578EB0710D515F0040004D04246A5
S214014DD0012130461EF09AF9CDE90170434622467C
S214014DE05146484600961DF0B1FEBBF1000F06D0B5
S214014DF04346224651464846CDE90067D8474346D2
S214014E00224651464846CDE900671DF065FB05B0D0
S214014E10BDE8F08F114A90E7114A8EE701330A2B5D
S214014E20AED14FF0000BB2E701330A2BB0D1BAE78F
S214014E30BFAB03002EEC030083B403001CEC03009D
S214014E403CEC03001FEC030027EC03006DEC0300B1
S214014E5007ED0300B03F0020AC3F002015EC030037
S214014E6019EC03000D4BF0B54FF00C0C1F880546EE
S214014E7000230B4EDCB2BC4201D30020F0BD0CFB7C
S214014E8004F43019345DAC4205D144888C4202D119
S214014E9004799442F2D00133ECE700BF2469002084
S214014EA07C65002073B501262B4D2C4C2A462046E6
S214014EB0FF2300210096F9F707FB2A462046FF2329
S214014EC000210096F9F700FB2A462046FF23002121
S214014ED00096F9F7F9FA2A462046FF2300210096A4
S214014EE0F9F7F2FA2A462046FF2300210096F9F741
S214014EF0EBFA2A462046FF2300210096F9F7E4FA4A
S214014F002A462046FF2300210096F9F7DDFA2A46B5
S214014F102046FF2300210096F9F7D6FA2A462046B6
S214014F20FF2300210096F9F7CFFA2A462046FF23F1
S214014F3000210096F9F7C8FA2A462046FF230021E9
S214014F400096F9F7C1FAFF232A460021204600966B
S214014F50F9F7BAFA02B070BD071E0300FC3F002045
S214014F602DE9F84300244FF00C090C4B0C4F1E782A
S214014F70DFF830803A88E5B2954202D33046BDE884
S214014F80F88309FB0585FF21A8681CF036FB18B9D4
S214014F90AB799E4238BF1E460134EBE7895C0020A0
S214014FA0246900207C650020014B1878704700BFFB
S214014FB0895C0020014B1870704700BF895C002097
S214014FC0F8B506460C461EF031F80546C8B9304617
S214014FD01DF05FFD0B2815D80B4B03EB00131F7B51
S214014FE087B95A88012122809A88304662809B7947
S214014FF0237100F037FA39466071304600F032FA14
S214015000A07101252846F8BD1C40002070B5044655
S2140150100E4615461DF03DFD0B2802D94FF6FF70D2
S21401502070BD094B03EB00131A7B002AF6D146B973
S21401503001222946204600F03DFA0028EED00088DD
S214015040EEE7012EEAD1F4E71C400020FF2313B55A
S2140150500DF1070104468DF807301DF0E5FF18B184
S2140150609DF8070002B010BD074B03EB04131B7B32
S2140150700BB1FF20F6E7204600F03AF90028F8D0F9
S214015080204600F0E9F9EDE71C40002013B5F6F7DD
S21401509011FA0446F6F714FA22460346124900208E
S2140150A001F032F800F084FFFFF7BAFC00F0A6F832
S2140150B00221084602F046FDFFF764FC41F2490072
S2140150C01EF06AFC4FF0FF130093FF2368468DF82D
S2140150D004301EF047FC4FF400401EF025FC002073
S2140150E01EF042FC02B010BDBCEC030038B505460C
S2140150F01DF0BEFF90B928461EF06AFB044628B193
S21401510040F60443984214BF88248D2423462A4639
S2140151100020034900F0F8FF204638BD8D24FBE748
S214015120D4EC03002DE9FF4705460E461746984680
S214015130BDF83090DDF834A0BDF83840CDF80090C9
S214015140CDE9014AE4B2FFF7D7FD43463A46314678
S2140151502846CDE90094CDF808A01FF0CAFAFF2131
S214015160034B044A044804B0BDE8F04700F01ABEF9
S214015170105600200C560020615E0020044B0146AC
S2140151801888102240F0404040F48010F6F7A2BF85
S2140151907A3F0400024B18685968FFF757BD00BFF5
S2140151A02A8304000123064AD15C814202D1054AC2
S2140151B0D05C704702335F2BF6D10020704700BFEA
S2140151C07E4204007F42040070B500220446094B6B
S2140151D01D78094BD0B2854201D8FF2070BD1E78DC
S2140151E0A64204D10029F9D05E7BF607F6D4013237
S2140151F01033EFE78A5C00201C4000202DE9F041C7
S21401520098B06B46304A1068516803C390680CAA80
S21401521018602E4B14469C4603F11806154618686E
S2140152205968083303C5B3422A46F7D112AA17466E
S214015230274B03F11806154618685968083303C545
S214015240B3422A46F7D1234A03AB106851684FF0A0
S214015250010E03C3906871681860DCF83000002204
S21401526006AB03C30C21EC46B068CDE909221860F1
S214015270194BDFF86C801970184B0DEB01060B9279
S21401528006AD09A91CF8010B0132187034F8020B9F
S2140152900C2A588037F8020B83F80DE0988016F830
S2140152A0010B03F1100303F80A0C15F8010B08EBC8
S2140152B0C00043F8080C11F8010B03F8040CE1D107
S2140152C018B0BDE8F08100BFEEEC0300EE45040027
S2140152D006460400FBEC03008A5C00201C4000200C
S2140152E0E8420400014B1878704700BF8A5C002032
S2140152F0034B03EB0013587B00F00100704700BF1F
S2140153001C400020F0B504460846D9B100220E4BD9
S21401531011461F780D4B1D46D6B2B74201D8002064
S21401532010E01E78A64206D09E68F688314489B2FF
S21401533001321033F0E75E7BF607F9D505EB02156F
S2140153400180A868F0BD00BF8A5C00201C400020D8
S2140153502DE9F347894690461D46074618B90020B1
S21401536002B0BDE8F0870029F9D0002AF7D0002B5B
S214015370F5D0002400780DF10601ADF80640FFF7E0
S214015380C1FF0028EBD039460DF10602BDF80660D4
S2140153901DF074FA07460028E1D00DF10602BDF8AB
S2140153A006A01DF092FA0028D9D0C9F80070C8F8F6
S2140153B00000037913F0200219D1DB0614D4BDF8DE
S2140153C006300C4A564413FA86F612FA86F20BE0B9
S2140153D01A790C33920642BF13F8092C891889B240
S2140153E09842F5D8044A0A4401202A60B8E72146C3
S2140153F0024BF5E7AD5D00208B5C002028450400DC
S21401540008B50021FFF7E0FEFF2817BF044B08464A
S21401541003EB0013587B18BF00F0010008BD00BF66
S2140154201C4000202DE9F0410D4616461F461DF092
S21401543030FB0B280AD8074C3B4604EB00103246DB
S2140154402946BDE8F04180681DF0F0BA0020BDE8AD
S214015450F08100BF1C400020014B0001185C704722
S2140154601C40002070B50C461DF013FB0B281BD802
S2140154700F4B03EB00139A68C2B10023142618469B
S2140154801579D9B28D4200D870BD116806FB03119B
S214015490097B34B911F0800F1CBF0130C0B2013353
S2140154A0EFE711F0400FF7E70020EDE71046EBE7D6
S2140154B01C400020F8B50D4616461DF0EAFA0B28EA
S2140154C00BD80F4B4FF0140C03EB00139A68002314
S2140154D01C461779D9B28F4201D80020F8BD106852
S2140154E00CFB0300017B46B911F0800F03D0AC42E0
S2140154F0F4D00134E4B20133ECE711F0400FF5E7E4
S2140155001C4000202DE9F04F064600243A4B87B098
S2140155101B783A4F0093009B9C4207D2FF2E08D07F
S21401552030461DF0B6FA0B28044606D907B0BDE88A
S214015530F08F07EB04131B7B2BBB23014FF00008F6
S214015540019307EB041A14E014221B6802FB0535CD
S2140155502B89B3F5967F01D924F071F84FF0000935
S2140155604FF00C0B29891FFA89F291420ED808F1E7
S2140155700108019B5FFA88F5FB189B681A79AA4215
S214015580E2D8FF2ED2D10134E4B2C4E71FFA89F083
S2140155900BFB00F06B6819180A7912F0100F23D173
S2140155A09AF800E012F0400F8DF80CE0B5F800E034
S2140155B0185AADF80EE00CBF4FF0400E4FF0800EBB
S2140155C0ADF8120028468DF810E01DF023F95307B8
S2140155D0ADF81400C8780AD50228896800D9096888
S2140155E0002203A81DF0F2F909F10109BAE7022821
S2140155F08CBF89680831F3E78A5C00201C400020D4
S214015600052370B5094A06881488B44208D19578EE
S214015610047B2C403F2C03D90D4201D0506870BD4D
S214015620013B02F10802EFD11846F8E7984504005D
S21401563070B50024074D084E2B78E0B2834200D89F
S21401564070BD06EB0010437BDB0701D51DF000FBA8
S2140156500134F1E78A5C00201C400020F8B50C46B6
S21401566000210546FFF7B0FDFF2829D0154A06019F
S21401567002EB00135B7B03F001016CB143F0010305
S2140156801644A142737305D0C4B100B202EB0010F8
S2140156901DF0DEFA0120F8BD2346F1E77B431168D1
S2140156A02846CA18127BC95AD2091CF03DFF01349C
S2140156B0B268E3B211799942F0D8EBE71427F7E71D
S2140156C00846E8E71C400020F0B59446497D20B323
S2140156D039B3012918BF042100254FF6FF702F4664
S2140156E02A46144E3488644511D196F803E01EEA22
S2140156F0010F0CD0B4789C4209D30AB1BC4206D83B
S2140157001EF0100F03D08AB1BC420CD370B901351C
S214015710072D06F10406E5D1F0BD002908BF0821D2
S214015720D8E70221D8E727460020F0E727460122DE
S214015730FAE700BF7C4504002DE9F04F0A9FBDF84B
S21401574024E09DF82C809DF830904C7D78B394B37E
S214015750012C18BF04240025194800F11C0C0688EA
S21401576096421ED190F803B01BEA040F19D0867832
S214015770464516D31BF0100F91F80FA004D0BAF1CE
S214015780000F0ED0B1F810A0BAF1000F09D1A9454B
S21401579013D0AE4511D95E553E88013501363E809F
S2140157A0ADB204306045DAD10120BDE8F08F002C9F
S2140157B008BF0824CDE70224CDE70020F5E700BFA7
S2140157C07C4504002DE9F04F0024B1F57C4F0E46D0
S2140157D038BF4FF0010BA246A1464FF6FF781F4691
S2140157E028BF274B85B028BFB3F800B000900192C0
S2140157F05C4503D3404605B0BDE8F08FB6F57C4F57
S2140158000CD3204B3A4603EB840331465B88009861
S214015810FFF708FE054680B300232AE03A463146E4
S21401582000981DF066F9F5E70C229CB254436A68AD
S2140158300199105B02EB040C884219D3B9F1000FF1
S21401584001D0504514D861462846CDE902321CF0F5
S214015850E1FF029B60B1039A125BB9F1000F03D01E
S214015860524501D3804503D9924680464FF001093F
S21401587001332A899CB2A242D6D80134A4B2B7E732
S214015880DE420400E04204002DE9F04F91461A463C
S21401589000238BB08DF82020BDF850208DF81C0019
S2140158A0ADF81E10ADF8242005460F461A4604A989
S2140158B007A8159C9DF858609DF85CA09DF860B0FF
S2140158C09DF864800493ADF822901DF02BF804989F
S2140158D050B92B46CDE90079644A654900F014FCBD
S2140158E086200BB0BDE8F08FBAF1000F14D1837893
S2140158F0B34206D050465D4A5E4900F005FC8D2055
S214015900EFE7037913F0010306D11846574A5A49BF
S21401591000F0FAFB8820E4E703795B072CD583685F
S2140159205A689B680592069380781DF091FD049B4A
S2140159300546DF782146022F03463A4610D805A8C9
S2140159401DF042FD81462B463A46214606A81DF02B
S2140159503BFDB9F1010F01D001300DD18720C0E721
S21401596005981DF031FD0128F8D02B463A46214610
S21401597006981DF029FDEFE7BBF1000F6FD1049FDC
S2140159804FF6FF722146B8781CF0E2FE00286BD075
S214015990BDF82430C5B20093CDE902549DF82030FD
S2140159A0BDF82220BDF81E109DF81C0001961DF0C2
S2140159B04CFB002895D1BDF82430CDE90254009364
S2140159C0BDF822209DF82030BDF81E109DF81C0061
S2140159D001961DF017F9002883D121469DF868200D
S2140159E007A81CF0F3FF00287FF47BAFB8F1000F87
S2140159F007D03B462046BDF81E209DF81C101DF022
S214015A0088F8BDF82430BDF82220BDF81E109DF898
S214015A101C000093CDE901649DF82030FEF73CFBA5
S214015A20BDF82430BDF82220BDF81E109DF81C00DC
S214015A300093CDE902549DF8203001961DF004FB39
S214015A40BDF82430BDF822200093BDF81E109DF845
S214015A5020309DF81C001DF0ADF8002041E7002025
S214015A60064900F051FBF8E701203AE708ED03008C
S214015A7014ED030040ED030054ED030068ED030050
S214015A807FB500258DF80830BDF820308DF804006C
S214015A90ADF80610ADF80A20ADF80C306946BDF831
S214015AA02830099A01A80B9E00951CF03BFF04467E
S214015AB030B916B1009B9B783370204604B070BD98
S214015AC08928FAD12846024900F01EFBF5E700BFF7
S214015AD085ED03002DE9F04F4FF0000AC7B0FFF740
S214015AE001FC5FFA8AF6B04202D847B0BDE8F08FF3
S214015AF05B4B36019A5D00205A4900F005FB0020F9
S214015B00594900F001FB00230593554B9DF81440BD
S214015B1033449B681A79A24202D80AF1010ADEE7E9
S214015B2014224FF000091B6802FB043422891FFA75
S214015B3089F39A4202D8059B0133E5E70C231FFA45
S214015B4089F803FB08F8D4F804B023F078FD0BEBD2
S214015B5008052B79454913F0400F3BF80830228899
S214015B604FF000000093424B18BF0B46414900F02E
S214015B70E5FA294620461CF04DFE074600283CD192
S214015B803D4900F0DBFA2979DFF814C111F0010F65
S214015B903A4818BF604611F0020FAA78EB7832D166
S214015BA0DFF800C111F0100F354918BF6146CDE985
S214015BB000010020334900F0C1FA2B793BF8082098
S214015BC013F0400F4FF0000B4FF0FD030DF11808D6
S214015BD02188CDE9023BCDE9007821480CBF40235E
S214015BE08023805DFFF74CFF86280ED126490020D2
S214015BF000F08AFA09F1010998E7024623490020D4
S214015C0000F09CFABFE72249D1E7A8781CF0F2FD24
S214015C10D8B140461DF080FA421C92B2012341469B
S214015C20002000F0D5F93946208801F001FA4FF638
S214015C30FF73984207D0174B174903EBC0035A6806
S214015C40002000F061FA1549D1E7A8781CF0D8FDCC
S214015C5020B140461DF065FA821CDEE7EA78DDE7F2
S214015C601C400020D7ED0300E5ED0300AFED030077
S214015C70B4ED030025EE030068DF0300BCED03006E
S214015C80BFED030039EE030055EE0300F6F2030004
S214015C90C7ED03006846040042BE030007ED03009B
S214015CA0B9ED0300CFED03002DE9F04FC7B0BDF805
S214015CB044A10646BAF1040F0D4614461F46BDF828
S214015CC040B163D9CDE9013B00920B46024630490B
S214015CD0002000F019FAFD230DF117090DF118083F
S214015CE03046029322463B462946CDE900B8CDF818
S214015CF00C90FFF7C5FE0646B8B9FD22414699F855
S214015D0000001CF025FD0746C0B1AAF1040383423A
S214015D1038BF892620461DF0BCF98EB1304600F00A
S214015D201BF9304647B0BDE8F08F009023462A465F
S214015D300020184900F0E8F90027EBE78926E9E793
S214015D40DFF85CA0BA1CBAF80030C3F1FF039A4230
S214015D5019DA304600F000F999F8000000F0FCF876
S214015D60BAF800900C483A4641464844B94404F013
S214015D70F3FEAAF8009023462A46304607490097C4
S214015D8000F0C2F9CDE7892000F0E6F88926C8E7D9
S214015D9061EE03009CEE0300615E0020C3EE03008B
S214015DA00C56002010B5044C2060044801800449BC
S214015DB00A60044A136010BDE44000200A56002021
S214015DC0E0400020DC40002030B587B00AAC0D462C
S214015DD054F8041B0093CDE9011413460949024601
S214015DE009480988006805941DF053F84FF48A5253
S214015DF0064B1B681880064B1B685D80DA8007B06F
S214015E0030BD00BF0A560020E4400020E0400020DC
S214015E10DC40002008B410B587B009AB0C4653F837
S214015E20041B0092CDE9011302460B490B4805936A
S214015E300988002300681DF02CF84FF48A52084B9D
S214015E401B681880074B1B685C80DA8007B0BDE8CA
S214015E50104001B0704700BF0A560020E440002001
S214015E60E0400020DC400020044A03461168044854
S214015E70044A0988126800681CF0E4BAE040002071
S214015E80DC400020E4400020044B054A1B681268F1
S214015E901988044B18681CF048BA00BFE04000207F
S214015EA0E4400020DC40002007B5074B1B681B8838
S214015EB00192064A12680092054A12681CF096FA88
S214015EC003B05DF804FB00BFE0400020E440002082
S214015ED0DC4000201FB51446064A12681288CDE938
S214015EE001430091044B05491B6809681CF05AFAE6
S214015EF004B010BDE0400020E4400020DC4000205B
S214015F00014B1868704700BFDC400020024B1B683D
S214015F1018715971704700BFDC40002010B500248D
S214015F20084B1C70FEF75EFC074BFF2218802146CB
S214015F30064804F081FC064B1C80064B1C605C6026
S214015F409C6010BD6B5F00200E560020615E002035
S214015F500C5600201056002007490B88FE2B9FBFC9
S214015F60064AD054581C80B29DBF088000F1FF300D
S214015F7080180020704700BF0C560020615E00208C
S214015F80F8B5094F0D463B885C18FE2C0ADC074E17
S214015F900A46A4B20146F01804F0A0FC3C80641B3B
S214015FA0A019F8BD0020FCE70C560020615E002019
S214015FB0024B034A00201A60704700BFE8400020E9
S214015FC0E4420400014B1878704700BF1C400020D3
S214015FD030B4044D044C002B0CBF2B46234630BC7A
S214015FE01DF0C3B8AFAC030096EF030070B50546CD
S214015FF008460C461DF090F8611C0246024B2846E6
S214016000BDE870401DF0B1B8B5F6030000B50378E1
S21401601089B0069343783E22059383780849049312
S214016020C3780393037902934379019383790093A9
S214016030C3790448008800F081F809B05DF804FBD4
S214016040F1EE03001C560020024B02460249188856
S21401605000F05AB81C5600201BB303002DE9F04788
S21401606005460E4617460024DFF84480DFF844A0B4
S214016070DFF84490AC4201D1BDE8F087B8F80000E3
S21401608006EBC401534608221DF06FF80134B8F838
S21401609000003FB9044AA54208BF4A46034900F03A
S2140160A04DF8E7E74A46F9E707ED03001AB30300A0
S2140160B01C56002096EF03009D9D03002DE9F0413C
S2140160C00E4E044630881DF068F8A8B100250C4F26
S2140160D0DFF83080E3070AD518B94146308800F06A
S2140160E02DF830882A46394600F028F80020013578
S2140160F01B2D4FEA5404EDD1BDE8F0811C5600205B
S214016100AEDB030039EC03000EB417B505A904464F
S21401611051F8040B019103F091FA01210220054A7E
S214016120F8F7F2FC044B1C8003B0BDE8104003B046
S214016130704700BF07ED03001C5600200EB417B5CC
S21401614005A9044651F8040B019103F077FA034BB5
S2140161501C8003B0BDE8104003B070471C560020F9
S21401616013B503680446587900F032FF90B92368E6
S2140161705A88032A0ED0E17C5B79CDE900211649C5
S214016180164AFFF7C1FF012120461DF0A6F801209F
S21401619002B010BD637D012B0AD0637D33B923683D
S2140161A0228A598858791CF080FC48B9C3200AE035
S2140161B02368228A598858791CF080FC0028ECD084
S2140161C020461CF0ECFF064B1B78002BDFD110F5A8
S2140161D0807FDCD0C1B2D7E71EEF030016EF0300C5
S2140161E0625F0020002970B50F491D460F4B14460B
S2140161F00CBF6E227922002808BF0B4600200C49EE
S214016200FFF79CFF0B4E2544AC4205D1BDE870401C
S21401621000200949FFF778BF3146002014F8012B0A
S214016220FFF78CFFF0E700BF57EF03004DEF0300C9
S21401623060EF030094EF0300EBD203002DE9F04F6B
S214016240C27C8BB00592427D0368002A14BF80226F
S2140162504022077D0446856886895879B846B3F892
S2140162600290069200F0B4FEA0B9059B052B05D856
S2140162706FF02D03059A1341DB070BD5B9F1030F18
S21401628008D0AB490020FFF73FFF012120461DF053
S21401629024F876E0E37B1BB1228A002A00F0B7815E
S2140162A0607D0022B0FA80F05B4203F00403DFF861
S2140162B08CB2400943EAC000ABF80020FFF74CFE61
S2140162C0E37B1BB3208A1CF0E4FE8246A07CFFF72A
S2140162D043FE059A162A00F29A81DFE812F01900A9
S2140162E09E016C005600D2016C009201D9019A0100
S2140162F0E001E701EE0139010202980198019801D7
S2140163001402580214027002390102029A46DDE7AD
S21401631000204B46874A8849FFF7F6FE0120FFF723
S2140163201BFE08F10207B74229D8414632462846E5
S2140163301CF0ECFE8046236842465879BBF80030D4
S2140163404946C3F1FF039BB20193238A0093069B40
S2140163501EF009FA10B11FFA87F8E2E723684246F1
S2140163605879BBF800304946C3F1FF039BB201934D
S214016370238A0093069BFFF797FC8928EBD11CF034
S214016380A6FF01200BB0BDE8F08F4FF0000B0420F4
S214016390FFF7E2FDF31E0893089B984552D3BBF125
S2140163A0000FECD1E37B94F81480002B0CBF022283
S2140163B00422624B1A804FF0000B0420FFF7CCFD3D
S2140163C05F4608F1030A564540F29D803246414633
S2140163D028461CF09BFE05EB08039B78F21EAA4498
S2140163E0A2EB080207905146184692B209931CF098
S2140163F0AFF90890002879D02268099B5079CDE939
S21401640001A3238A49460093DDE906321CF0CFFC3E
S21401641082464A460020079B4949FFF78FFEBAF19C
S214016420000F55D10BF10103504646495FFA83FB35
S214016430FFF76AFE089B08F1030813FA88F81FFAAB
S21401644088F8BEE73246414628461CF05FFE05EB5B
S21401645008039F78089B08F10301A3EB080229446F
S214016460824692B2384609911CF072F9079068B3D9
S21401647023680999587902970191238A5246009315
S2140164804946069B1CF0E3FC0746B8B10BF1010335
S21401649038465FFA83FBFFF75FFD50461CF0F9FDB7
S2140164A053464A4600202649FFF72EFE3A4600206C
S2140164B02549FFF729FE802F3FF471AF079B08F1AE
S2140164C0030813FA88F81FFA88F865E78027DDE7DE
S2140164D05046FFF741FD07981CF0DBFD0137524699
S2140164E000201949FFB2FFF70FFEA3E78720FFF749
S2140164F033FD07981CF0CDFD013787221249089815
S214016500FFB2FFF701FE059B052B3FF43AAF002FC4
S2140165107FF435AFBBF1000F05D10C495846FFF7A4
S214016520F3FD8021B2E63846FFF716FD27E700BFE8
S21401653066A30300A1EF0300EEEF03000C56002054
S214016540ABEF0300EEEE0300C7EF0300D1EF03004D
S2140165500599A84AA84B0020152918BF1346CDF85F
S2140165600090A64AA649FFF7CFFD059B0C2B14BF4A
S21401657016200D20FFF7F0FC3246284639461CF05F
S214016580C5FD059B3D440C2B0646AD7835D1192D2E
S21401659028BF1925E37BB3B14FF6FF73278A9F42C5
S2140165A011D1206832464946069B4079FFF70AF921
S2140165B0B84208D0BAF1000F05D020828AF8000050
S2140165C0000A8AF801000020BBF80070FFF7C4FC3F
S2140165D0236832465879059B4946A3F1150CDCF130
S2140165E0000343EB0C03CDE90153238A0093069B7A
S2140165F01CF051FB834BD855C1E6132D28BF13253C
S214016600C8E72046FDF7D0FB00287FF4BAAE81210B
S2140166103CE62046FDF77CF8F6E7B9F10A0F05EBF4
S2140166200708A6EB070A21D1DFF8DCB19BF800309A
S214016630E3B1E37BD3B9BAF1080F17D13246394635
S21401664028461CF063FD88B998F8023073B998F8AB
S2140166500320E22A0AD13246391D284605931CF04A
S21401666052FD1CF01FFE059B8BF800304146484644
S2140166701FFA8AF21EF079F800287FF482AE002114
S21401668004E6F21B484692B2E9191CF0FCFCF3E75B
S214016690F21B484692B2E9191CF0B7FCECE7F21B74
S2140166A0484692B2E9191CF0DEFCE5E7F21B4846C3
S2140166B092B2E9191EF05BF8DEE72368EE5D5879C1
S2140166C0238A0137ED5D0193069B324649460093C6
S2140166D02B461CF01FFA2A46314648461CF097FC0A
S2140166E04FE605987A1CE95DB31AA0F116067042CA
S2140166F070410039009018BF012148469BB22A44D8
S2140167001CF087FCB8E7059BEE5D112B3D446F78C6
S21401671038D11220FFF720FC0025E37BB3B14FF6FA
S214016720FF73B4F81080984510D133464A46214687
S2140167302846FEF7C9FF404508D0BAF1000F05D03C
S21401674020828AF80000000A8AF80100BBF800805F
S214016750DFF8B0A0C8F1FE0292B208F10103009280
S21401676053444A4621462846CDE90267CDF804B08F
S214016770FEF7E2FFBBF800300AF808000133ABF879
S2140167800030FCE51420FFF7E7FB0125C5E77B1C7D
S2140167909E422CD3EF5D1D44003F18BF0127F31A1C
S2140167A09EB233462A4639460020FFF71BFD009667
S2140167B02B463A464846218A1CF02FFC5CE77B1C98
S2140167C09E4214D3EF5DF61A003F18BF01271D4401
S2140167D0B6B233462A4639460120FFF703FD009636
S2140167E02B463A464846218A1CF015FC44E7002011
S2140167F0C8E500BF07ED03009CEF0300E2EF0300CE
S214016800ECEF0300615E0020605F002038B54FF6B4
S214016810FB750446A9424FF001019DF8100098BF90
S21401682043F40043217023816260A072022300209A
S214016830084A0949FFF768FCE07A084B40F6CA02A5
S21401684003EB4010FF211AF0B9FEBDE838400420E2
S214016850F8F738BBFCEF030007F003002C410020DB
S21401686030B5054685B028B91D4905B0BDE83040AC
S214016870FFF74ABC0024007B1CF05EFC2046194A48
S21401688019492C70FFF740FC184BE87AFF2103EBFF
S21401689040101AF0A4FE2046154B02019A5C22B95C
S2140168A001300428F9D1F8F727FB696899B1B5F9E1
S2140168B008302A899B1303F002038DF80430C2F3D3
S2140168C00E03ADF806304FF6FF73ADF8083000231F
S2140168D001A80393884705B0BDE830401CF031BCE1
S2140168E032F00300FCEF030064F003002C410020AB
S2140168F0EC4000200948037873B91946084AD37258
S2140169000133042B1173117051601181917202F1E0
S2140169101002F4D101230370704700BF615F0020AD
S214016920EC40002008B5FFF7E5FF002305491A01F2
S2140169308A5C01EB03101AB10133042BF7D1002056
S21401694008BD00BFEC40002070B50D460646FFF7B7
S214016950D1FF0023094800EB0514A17AB14205D105
S214016960217819B12B4400EB031070BD0133042BC1
S21401697004F11004F1D10020F7E700BFEC4000203D
S21401698010B50446FFF7B6FF0E4B9C4212D003F13A
S2140169902002944210D003F1400294420ED060339C
S2140169A09C420DD10323084800EB0310BDE81040BC
S2140169B0FFF756BF0023F6E70123F4E70223F2E7C9
S2140169C00020F3E72C410020EC40002070B50024A5
S2140169D0064D074E2846324600210134F7F7AAFD38
S2140169E0042C05F12005F5D170BD00BF2C41002017
S2140169F0816901002DE9F34105460C461746984684
S214016A00FFF790FF064640B91C4A1D49FFF77CFB7D
S214016A100224204602B0BDE8F0814FF6FB739D428A
S214016A200AD94FF6FD739D4204D00020134A15493A
S214016A30FFF76AFB4FF6FD75434621463A46284660
S214016A401CF018FC044600F02FFE804634B12346A5
S214016A5000200A4A0C49FFF757FBDAE73B46204677
S214016A60064A0A49FFF750FB062329463046089A8C
S214016A70CDF80080FFF7CAFECBE700BFFCEF0300AE
S214016A8071F003009BF00300D0F00300F9F003005F
S214016A90F7B506460C461746FFF744FF054638B9D4
S214016AA0104A1149FFF730FB0224204603B0F0BD1F
S214016AB021464FF48A5230461CF0A4FD044600F0ED
S214016AC0F3FD34B123460020064A0849FFF71CFBB4
S214016AD0EBE7009004233A4631462846FFF796FE38
S214016AE0E3E700BFFCEF030071F0030021F10300B0
S214016AF0F7B506460F46FFF715FF054638B9104AA3
S214016B001049FFF701FB0224204603B0F0BD002226
S214016B104023114630461CF039FF04461CF034FF72
S214016B2034B123460020064A0749FFF7EDFAEBE7A2
S214016B30009001233A4631462846FFF767FEE3E711
S214016B40FCEF030071F0030054F1030073B5044633
S214016B500E46FFF7E7FE054638B9104A1049FFF71B
S214016B60D3FA0224204602B070BD00222046114608
S214016B701CF00EFF04461CF007FF34B1234600202C
S214016B80064A0849FFF7C0FAECE70090234632466A
S214016B904FF6FC712846FFF739FEE3E7FCEF0300EA
S214016BA071F0030082F103002DE9F0418846107868
S214016BB000219EB014461D46FFF7C6FE0646002875
S214016BC000F0FD800778002F7BD0B8F80010002970
S214016BD040F0F5800389B8F8022043F40040824271
S214016BE040F0ED80617800296BD1A2F50042062ABB
S214016BF000F2E580DFE812F0A100A100E300E30067
S214016C000700B8006900E3880D3DADF824302389FC
S214016C1015F00105ADF8263063798DF82830E37A52
S214016C2003F1060214F812208DF814308DF81C209A
S214016C3042D10BA98E46069104F10C005FFA85FC41
S214016C409C4500F1020009D210F8018C10F802CC24
S214016C5001350CEB082C2EF802CBEFE701EB4301D4
S214016C601A440891D2B2590001F10D009A42C0B2FD
S214016C700BD025186D78205C7831694400EB05202F
S214016C80013321F84C0CDBB2EDE7B6F90820338965
S214016C90002AACBF01220322C3F30E038DF808209D
S214016CA06288ADF80A3005ABADF80C20049302A952
S214016CB030461CF0CAFA04E0424A43490020FFF776
S214016CC023FA38461EB0BDE8F081042D02D83D4AAD
S214016CD03E49F3E72379053DADB29D42B4F8028003
S214016CE002D0384A3A49E9E73A4A3B4B0020002DA0
S214016CF008BF13463949334ACDF80080FFF704FA36
S214016D0005348DF81450B6F90830069485B1002B79
S214016D10ACBF012303238DF82C303389ADF83080C6
S214016D20C3F30E03ADF82E3005AB0D930BA9BFE7E9
S214016D30002BACBF06230523EDE70B2DC7D9D4F8EE
S214016D400200D4F8061013F4004F05AA03C20CBFC4
S214016D50042203228DF82C206289C3F30E03ADF8BA
S214016D603020ADF82E30DFE7042DB0D96388ADF8BA
S214016D70303023790533DBB29D4206D00020114A1C
S214016D8017490095FFF7C0F99BE70E4A0020154901
S214016D90FFF7BAF9B6F908203389002AACBF0122F9
S214016DA00322C3F30E03ADF82E3005AB0D93631D1E
S214016DB0069323798DF82C208DF81430B6E700273A
S214016DC07FE700BFFCEF0300AFF10300D7F103003C
S214016DD0EBF103002BAB030007ED030012F20300F7
S214016DE02FF2030070F20300304BF0B5B0FBF3F264
S214016DF04FF4616503FB1200B0FBF5F3DCB205FB53
S214016E0013033C25B3FBF5F3DBB2A0EB04104B7187
S214016E10C3EB0313A0EB83004FF4FA630B8040F23D
S214016E2001134B8001230C711F4600246425204E5C
S214016E308871944200D1F0BD91F802C013B1BCF143
S214016E40020F2BD006EB0C0010F801ECC878704549
S214016E500BBF012001300CF1010CC0B208BF81F854
S214016E6002C0C87088780D2816D10B888F70013340
S214016E709BB298070B8014D1B3FBF5F005FB1030DD
S214016E8080B280B94FF4C870B3FBF0FC00FB1C3332
S214016E909BB2B3FA83F35B090134CAE74FF01D0EC8
S214016EA0D4E70023F8E70123F6E700BF805101008D
S214016EB02A46040010B5044688B006A9FFF794FFD9
S214016EC09DF81E300A4803939DF81D3004940293E2
S214016ED09DF81C309DF81A200193BDF8183005491D
S214016EE0009300889DF81B30FFF70EF908B010BD1F
S214016EF01C56002089F20300026808B51188154B5C
S214016F0019805188598051791971117959714FF445
S214016F108A51D980D28812F0200F0CBF0A464FF44E
S214016F208B528169DA800C4A137831B9C0880B49D3
S214016F3023F002030880137008BD43F002031370A8
S214016F40074B15221846013103F0C8FC002200F851
S214016F50012CF1E7105600206B5F00200E56002032
S214016F601F56002010B5184C236858791BF091FD68
S214016F700B2822D8154B03EB0010027B237F9A4285
S214016F801BD12368428819888A4205D04FF6FF70C4
S214016F90814212D1120410D42279023A012A06D96A
S214016FA0A37B63B9BDE810400748FFF747B91989C5
S214016FB058791AF0A4FE0028F2D1002010BD02482C
S214016FC0BDE81040FFF7CCB8B04100201C400020BF
S214016FD008B51BF05EFD0B2896BF024B0020185C1F
S214016FE008BD00BF705F002008B500201CF0A4F8A3
S214016FF0FF201BF081FD1CF0A4F81BF049FFFEF7F3
S21401700071F901210246064803F016FC054BFF21E3
S214017010054A0648FEF7C6FEBDE80840FEF708BB6F
S214017020705F0020105600200C560020615E002084
S214017030F0B5002204464FF6FF750B4F90B237F8B5
S21401704030600346AE4201D12846F0BDA64209D1C2
S214017050B4F57C4FF9D307EBC3035B888B42F4D0BE
S2140170600029F2D00132E9E76846040010B504466B
S214017070FFF7DEFF094A034610884FF6FF72934278
S21401708014BF074A2246BDE8104017BF02EBC303F0
S21401709004495A680449FFF751B800BF1C5600203E
S2140170A068460400ACF2030042BE0300034B1878A6
S2140170B00130C0B2187000F07F007047846900206C
S2140170C0044A137818B143F001031370704703F0B4
S2140170D0FE03FAE76B5F0020014B1870704700BF94
S2140170E06E5F002038B1074B1B78012B04D1038853
S2140170F043F0400303807047022BFCD1038823F042
S2140171004003F7E76E5F002068B1074A1378012B4A
S21401711007D1064B1B781370037843F010030370F6
S21401712001E0022BF8D070476D5F00206C5F0020F5
S2140171307FB50121264B274E197033780246D907B1
S21401714044D42549096881B10868C1888D0641BFC4
S214017150224CE18841F02001E180C1884C0641BF04
S2140171601E48C18841F04001C1801D4D1D49287847
S214017170097840074CBFE97069701B4913F0020497
S214017180098809D0164A19481BF057FF337823F0AF
S2140171900203337004B070BD154B18884FF6FB73AD
S2140171A0984208D80B46CDE9005201460B4A2046C4
S2140171B01BF01CF9EEE74FF6FF73CDE90142009391
S2140171C00A46074B05491BF0EDF8E3E70020E1E727
S2140171D0625F00206B5F0020AC410020105600204B
S2140171E0615E0020856900200C5600201E56002096
S2140171F00E56002070B503790446012B0D4616463F
S21401720031D883681B78DB0600D561B3A37B13B93D
S214017210E37C0B2B27D00022144B1A80637DB3FA34
S21401722083F35B09D800E37BABB9FEF795FEA07C40
S214017230FEF792FE0B20FEF78FFEE07CFEF78CFE3B
S2140172402846FEF789FE2046FFF756FE3046BDE883
S2140172507040FFF76DBF40F00400FEF77DFE208A08
S2140172601BF017FFE3E7002070BD00BF0C5600209F
S214017270024B0A4601461868FFF7BCBFAC41002026
S214017280F0B4054618460F4B0C461B78BDF8101097
S214017290012B0D4E01D0377827B100233370002023
S2140172A0F0BC70470CB9002AF9D143B14FF65743E9
S2140172B0994204D02B462246F0BC1BF0A4BE012006
S2140172C0EEE700BF866900206F5F00202DE9F04FD2
S2140172D0684C4FF0000A25468446964698460F4667
S2140172E0654B664E83F800A00FCE0FC596E80F00DB
S2140172F085B085E80F00DDF83C90BDF83830724661
S2140173000093394643466046CDE9019400F0DCF827
S214017310DFF89081064670B90025FEF7FFFD1622BC
S2140173200021574803F088FA00232846C8F80030A1
S21401733005B0BDE8F08F534BA27CC8F800401A7028
S214017340514B1B78002B36D01BF0AEFF4F4902463F
S2140173505046FEF7F3FE22685046537952884C4950
S2140173600092A289FEF7EAFE50461BF016FF20B1F6
S2140173702368218A5888FFF779FEE37B23B1002032
S214017380228A4449FEF7DAFEA36800201A78E37CD5
S21401739041490093A37CFEF7D1FE207DA289A16816
S2140173A0121A01440123002092B2FEF711FE0020BA
S2140173B03A49FEF7A9FE2F48FFF79EFD2D481DF01E
S2140173C0CDF9054630BBB9F1000F25D12168E0881B
S2140173D00B8801904988BA1E032A00918CBF0022AF
S2140173E001220121E07CFFF74BFF38B923685B7966
S2140173F0FF2B3AD0FFF7B6FD05468EE72368DB88FC
S2140174009A06F3D40121264C1A4821701BF065FF19
S21401741084F80090354680E7B9F814309B07E5D428
S2140174207AE75846FEF718F882465846FDF760FF99
S21401743088B123685046228A59881BF02DFB50B12B
S2140174403846FFF759FD236889F804A083F805A09C
S214017450FFF788FD00B9284605460136FDF742FFCD
S2140174605FFA86FB5845DCD857E70026014FDFF860
S2140174703890F3E7B0410020625F002048460400E0
S2140174801E5600208569002083690020C5F203008E
S214017490CEF20300EFF20300FBF2030075A4030033
S2140174A06F5F0020AC410020105600200023054AE3
S2140174B0D15C814202D31A44507870470233DBB262
S2140174C0F6E700BF3646040073B515462E781A4611
S2140174D016F0040F0CBF032605269E42089C08D909
S2140174E0224A234900960020FEF70EFE002002B035
S2140174F070BDBDF8183021712060E380A560A281BF
S2140175002B7803F00103A3732B7803F00403002BFD
S21401751014BF01210021E1732978C1F3C00161750F
S2140175204FF00101217518D028461BF0EFFD237D91
S214017530208202332375227D531CDBB22375A95C9E
S2140175400232D2B2A1742275EB5CE374A3899A422B
S21401755005D900920749054AC5E72382EBE7079B51
S2140175600120A36100232377C1E700BFBFAB03005F
S2140175703EF303005AF303002DE9F7430024204F9E
S214017580DFF89C80DFF89C90E0B21CF03BF9FF2806
S21401759005460FD12346012102201A4AF7F7B4FA0D
S2140175A0194B0134187819F00BFC152CECD103B0EB
S2140175B0BDE8F08346B238EA260328BF4B460121D0
S2140175C00093022057F82430104AF7F79DFA002E50
S2140175D0E6DA0923E340DB070AD50D4A0D4B15F021
S2140175E0010F18BF1A4601210220F7F78DFAD7E7D7
S2140175F00A2CD5D1084A094B15F0010FF1E700BF57
S21401760080460400B3F3030087690020DBF3030020
S2140176108CF3030076F30300A8F303009EF3030044
S2140176202BAB030007ED030008B5542200210248E6
S21401763003F002F9002008BD0C57002008B55422BB
S214017640FF21024803F0F8F8002008BDB8560020D4
S214017650024B23F810100020704700BFB8560020D8
S214017660002310B4074ADCB2A14203D85DF8044BEC
S214017670FFF7DABF2A2BF9D032F8024B20F8134075
S2140176800133F0E70C570020002310B5054A994254
S21401769001DD2A2B00D110BD32F8024B20F8134031
S2140176A00133F4E70C570020024B187800F07F00F6
S2140176B0704700BF7C5F0020034B18780130C0B2D2
S2140176C0187000F07F0070477C5F002030B51C46C4
S2140176D000238BB0ADF82220021D92B2012A0E9D26
S2140176E0ADF82030ADF81E10ADF81C3003D94FF6BA
S2140176F0FF7290420FD10022CDE90352CDE9012459
S214017700094B01461B784FF6FF70009307AB1CF040
S21401771099F80BB030BD0146CDE9015318460094E7
S21401772007AA1CF0ABF8F4E78869002038B50546CF
S2140177304FF480500C4603F085FA4FF480532860CE
S214017740236030B940F2A511BDE83840014821F068
S21401775069BF38BDCAF4030000487047CA58002004
S214017760014B1878704700BFA1690020014B1888AB
S214017770704700BF2C690020014B1878704700BF86
S2140177809A690020014B1878704700BF805F00207F
S214017790014B1878704700BF95690020014B18709F
S2140177A0704700BF835F0020014B1870704700BF11
S2140177B0825F0020014B1888704700BF2A690020AD
S2140177C02DE9F74F4FF00008394B3A4F93F80090E8
S2140177D0394B3A4E3A4D3B4C3B483C49DFF8F4C0F6
S2140177E0DFF8FCE0DFF810A1DFF810B10193019B90
S2140177F02037203301935FFA88F3994506F1200676
S21401780005F1200504F1200400F1200001F120011A
S2140178100FD8002211462E4B2E4D1C782E4E2F4B84
S2140178202F4FD0B2844203F1200338D803B0BDE80D
S214017830F08F2C4B2C4A47F81C3C002346E90723C3
S2140178402A4A47E9063E45E90723294A46E905E368
S21401785044E90723274A45E905E340E90723019A56
S21401786044E905E340E905E341E908CA41E9063E82
S21401787047F820CC47F8103C46F820CC45F820CCF9
S21401788044F820CC40F820CC41F8103C08F101081F
S21401789042E908CB42E9063E42F8103CA7E743E935
S2140178A0085643E9061743F8101C0132B9E700BF32
S2140178B0A5690020884500208844002068450020EE
S2140178C048450020E8440020C8440020A844002081
S2140178D09F69002004540020D5A30200084500201B
S2140178E007ED03007F5E0300575D0300116C020085
S2140178F0B1850200BF37030085E90200155B02006F
S214017900002208B5074B1A605A601BF04AFF064B67
S21401791018701BF046FF054B1870054B1A78054B7F
S2140179201A7008BDA6530020BE5F0020BD5F002070
S21401793093690020BC5F0020002100B593B0084683
S2140179406A460AF0E7F90146C8B90E4B0E4A099392
S2140179500E4B0D920A930E4A0E4B0E920B930E4A45
S2140179600E4BCDE90F230C930D4B6A4611930AF08B
S21401797087FC003818BF012013B05DF804FB012016
S214017980FAE700BFE9580300AD670200ED5A0300AD
S2140179906D3C0200ED370300D97602004D5B030013
S2140179A0DD630200084B1878112806D8012809D98A
S2140179B0064BC34003F001007047A0F14303584251
S2140179C05841704700207047C05F00203400020015
S2140179D008B5064B1B78013B022B05D80020FFF7A4
S2140179E0E1FF0138C0B208BDFF20FCE7C15F0020FF
S2140179F0044B00F1100250F8041B904243F8041B9C
S214017A00F9D17047C25F0020044B03F1100253F80E
S214017A10041B934240F8041BF9D17047C25F002053
S214017A2030B5002491B0114B0546214614220BA80F
S214017A30CDE9094302F000FF102209ABCDE900446D
S214017A400693CDE90452CDE90252094B09490AA829
S214017A5018F0B5FD04460AA81CF01DFC1CB1A021B7
S214017A60054821F0DFFD11B030BD00BF00248000C5
S214017A7000444004C25F002055F5030070B50024A1
S214017A8090B0154B05460E46142221460BA8CDE9AB
S214017A90094302F0D1FE102209ABCDE9004406935A
S214017AA03146CDE90452CDE902520C4B0AA818F032
S214017AB086FD04460AA81CF0EEFB1CB1BA21084854
S214017AC021F0B0FD099B102B03D0BB21044821F007
S214017AD0A9FD10B070BD00BF002480000044400422
S214017AE055F5030030B50D4600218FB0124B044604
S214017AF0142209A8CDE9071302F09EFE102207AB57
S214017B00CDE90242CDE90042049329460B4B08A871
S214017B1018F057FD044608A81CF0BDFB1CB1D12186
S214017B20074821F07FFD079B102B03D0D221044884
S214017B3021F078FD0FB030BD0024800000444004E1
S214017B4055F503000022034B1870034B1970034BC5
S214017B501A707047D35F0020D45F0020D25F0020E8
S214017B602DE9F04FDFF89080064698F800300D4674
S214017B7085B0002B3AD04FF6FB73984236D84FF0BB
S214017B80000B1C4FDFF874A03C7898F800305FFAC1
S214017B908BF94B459AF8000011D9484402AA0DF119
S214017BA00601C0B214F00CFB082229460DEB0200B8
S214017BB003F08EF90BF1010B0028E6D14C463B7819
S214017BC0A34208D198F80020631CDBB29A423B70AE
S214017BD004BF00233B70324629469AF800301C4405
S214017BE0E0B205B0BDE8F04F14F0D8BB05B0BDE873
S214017BF0F08F00BFD25F0020D45F0020D35F00204B
S214017C002DE9F74F06460D4614461F464FF0010B69
S214017C10DFF8789003F10C0A15B903B0BDE8F08FD0
S214017C20102DA84628BF4FF010083A46164B5FFAAB
S214017C3088F152F8040B524543F8040BF9D101912F
S214017C409AF8002011481A70002389F80F4089F825
S214017C5000B089F80E30FFF7E3FE324601340B48D8
S214017C600199E4B212F801CB10F8013B83EA0C0348
S214017C7002F8013C931BDBB28B42F3D3A5EB080859
S214017C8016461FFA88F5C7E7D65F0020D55F0020A5
S214017C902DE9F04F9046914685B00090981A0293D0
S214017CA083B20193009B0F46354903F10C0453F848
S214017CB0045BA34241F8045BF9D11B78314E0B708B
S214017CC049233370019BF0731B0A3046B373FFF7E9
S214017CD0A7FE0221BB460D46737888EA030373703C
S214017CE04FF0000A1DE0C5F11004A9EB0A039BB290
S214017CF0A4B29C4228BF1C4600231FFA83FCE81846
S214017D006445C0B21FD82544EDB2A344102D544497
S214017D101FFA84FA05D1002530460391FFF780FE4D
S214017D200399D145DFD807EB080B25B11548039118
S214017D30FFF776FE039901294FF000050DD00121CA
S214017D40DDF80490CCE71BF803C016F800E0013319
S214017D508CEA0E0C06F800C0CFE7029B09491F44C7
S214017D60094B38461C78224602F0F6FE2A46214682
S214017D703846009B05B0BDE8F04FFFF741BF00BF96
S214017D80D65F0020D55F0020A669002030B5407878
S214017D900C4601284FF0110387B001F1100516D1EA
S214017DA0144A01A90AF0F4FF234601AC22461868DA
S214017DB05968083303C2AB421446F7D111230D4A62
S214017DC0002001A90AF0E4FF002007B030BD012021
S214017DD0094A01A90AF0DCFF234601AC22461868CD
S214017DE05968083303C2AB421446F7D11123024A3D
S214017DF0E6E700BF75E4010079EB010030B50C46FB
S214017E00407887B001284FF011030DBF0B4A0C4A8A
S214017E10012001A918BF01A90AF0BAFF234601AA49
S214017E2005AD144603CCAC4218605960224603F1F6
S214017E300803F6D1002007B030BD00BF75E401008D
S214017E4079EB010010B50C4688B01A230C4A01A93B
S214017E5001200AF09DFF21460DF10E0304F11002E8
S214017E6051F8040B914243F8040BF9D11A23002070
S214017E70034A01A90AF08CFF002008B010BD00BF1C
S214017E8024E10100F0B58BB004460D461DF0F1FC6F
S214017E90A8B101A812F044F988B1667B271D16F037
S214017EA0020F05D00822384601A903F011F8D0B90F
S214017EB001AB46F0020603CB6060796066731A2355
S214017EC00A4A03A901200AF063FF29460DF11603A9
S214017ED00DF1260253F8040B934241F8040BF9D135
S214017EE000200BB0F0BD2D20FBE700BF24E1010010
S214017EF0F0B50546071D00220C463846082193B00A
S214017F001DF045FC6A7B0646D0070BD5687808A9A4
S214017F101CF0F2F8DDF83D306B60DDF841307B6037
S214017F2080B10BE0910709D5D2000121384602F055
S214017F3080021CF0ECF8FF28687002D12D2013B0E7
S214017F40F0BDD6B1687801A91CF073F89DF81C3015
S214017F505B0604D54FF4C6710A4821F063FB23463D
S214017F6003AD07AC2A4603CAA242186059601546FB
S214017F7003F10803F6D10020E1E708A91CF0BCF8DC
S214017F80CEE700BFD3F503002DE9F04106468AB0DF
S214017F901F480F4615460024FFF736FD002C01A9A1
S214017FA014BF4FF05C0C4FF0360C10238846184A6D
S214017FB012F8010B013B8CEA000013F0FF0301F8F5
S214017FC0010BF5D105A81EF01DFA4246102105A8A1
S214017FD01EF01CFAC4B93946324605A81EF07EFAD0
S214017FE02A460DF1140C0DF1240E634603CB73459E
S214017FF0106051609C4602F10802F6D114B10AB035
S214018000BDE8F0810124C9E72A461021E5E700BF53
S214018010056000202DE9F04791460D46C0B09DF859
S2140180202041DDF828811E46DFF87CA09DF824312A
S21401803007462246494640468AF8003002F08CFD43
S2140180409DB12346324641463846FFF721FEB442EB
S21401805007D9A11B3B46012289B208EB0600FFF7B0
S214018060CFFD002040B0BDE8F087A11B3B460122B2
S21401807089B208EB0600FFF7C3FD22464146684673
S21401808002F06AFD3246694638462346FFF700FE8F
S2140180909AF800200DEB040109EB040002F018FF2A
S2140180A00028DED02C20DDE7A669002038B503467F
S2140180B0104601F1100451F8045BA14242F8045B3A
S2140180C0F9D104491BB1FFF7D9FC002038BDFFF7F1
S2140180D009FDFAE70560002030B5054689B0694616
S2140180E01BF02BFE6B8804ACABB1224629466846D2
S2140180F01BF0C3FD0E4A08AD234603CBAB4210600E
S21401810051601C4602F10802F6D10948FFF770FCDF
S214018110002009B030BD6B46054D1A4603CAA2427F
S21401812028606960134605F10805F6D1EDE700BF42
S2140181300560002050B10B4B0B4A03F1100153F8B8
S214018140040B8B4242F8040BF9D17047064B054AE3
S21401815003F1100153F8040B8B4242F8040BF9D1DA
S214018160704700BF05600020E55F002008B51022BB
S214018170024802F0B3FB002008BD00BFF55F0020F7
S21401818008B508461022024902F0A8FB002008BDE7
S214018190F55F002010B5044686B001A9114A1123E7
S2140181A001200AF0F5FD9DF8143001A8E3701EF0D9
S2140181B0F0FC80F001000C4A01A960701123012037
S2140181C00AF0E6FD9DF8143001A8A3701EF0E1FC4C
S2140181D080F00100207010F03DFB6060002006B0CA
S2140181E010BD00BF75E4010079EB010010B504462F
S2140181F086B01123134A012001A90AF0C9FDA3780C
S2140182009DF814209A4207D08DF8143000201123CF
S2140182100C4A01A90AF0BCFD11230B4A012001A951
S2140182200AF0B6FDE3789DF814209A4207D08DF83F
S214018230143000201123044A01A90AF0A9FD06B052
S21401824010BD00BF79EB010075E401002DE9F04196
S21401825086B0064603A80C4612F000FF0546002825
S2140182604AD1BDF80C30980646D51022294620463C
S21401827002F0E2FA01A811F053FFC0B1777B06F1D4
S214018280040817F0020F06D00822404601A902F0A2
S2140182901FFE00282ED101AB47F0020703CB70600A
S2140182A0C8F804107773238843F0080323802388D3
S2140182B043F00203238011F00DFB60601DF0D9FA34
S2140182C030B10E4B1B68A360238843F00403238060
S2140182D00B4B1A68D1035EBF238843F0100323803B
S2140182E0130203D5238843F400632380284606B08F
S2140182F0BDE8F0812D25F9E72425F7E7B8450020EC
S214018300BC45002010B5D0E9023253F8223090B0B7
S2140183101C684022694620461BF061FF034630B1C7
S214018320224600200549FDF7EFFE10B010BD0122E0
S21401833069460820FDF792FEF7E700BF69F60300DD
S21401834070B500F0B1F800280CBF6E22792200202B
S2140183501349FDF7D9FE00F0A7F8F0B11BF053FF63
S21401836000280CBF6E22792200200E49FDF7CCFEB4
S214018370082200200C49FDF7C7FE00250B4C0C4EC9
S214018380234654F8042C314600200335FDF7BCFE85
S214018390182D04F10C04F3D170BD3F22E4E700BFB1
S2140183A0A1F60300B8F60300C8F60300E046002075
S2140183B0E7F6030070B51BF00BFF044621490020C9
S2140183C0FDF7A2FE2CB92046BDE870401E49FDF718
S2140183D09BBE00F0BBF805461C4B62690020002AD4
S2140183E008BF1A461A492668FDF78EFEA2880020A5
S2140183F01849FDF789FE1849E2880020FDF784FE3A
S214018400A388228913F010001ABF002013491449CB
S214018410FDF77AFEE26800201249FDF775FE226933
S21401842000201149FDF770FE104A114B0020B6F5E9
S214018430817F38BF13460F492A46BDE87040FDF7D5
S21401844063BE00BF1CF7030029F70300DFC6030065
S2140184504AF7030068F7030089F70300A6F703004D
S214018460C3F70300E1F70300FFF7030014F7030067
S2140184700AF703001DF8030038B5014600230C2552
S214018480084A05FB03F4A0181459013404D10C2240
S21401849002F024FA002038BD0133082BF1D1012067
S2140184A0F9E700BFDC460020034B1878012894BF8B
S2140184B000200120704700BF1760002038B5044631
S2140184C0044D2878A04203D021461BF061FE2C7093
S2140184D038BD00BF1760002000B58FB034220021E0
S2140184E001A802F0A9F901A8EEF79AFD0598D0B106
S2140184F082680E4BB2F5803F34BF92B2C2F38F2230
S21401850041881A81028828BF41F010011A6042682A
S2140185109980DA80C268DA6002691A6142695A6132
S214018520027E18461A760FB05DF804FB60460020FE
S214018530054B1B7820B1012B04D80220FFF7BEBFE4
S214018540012BFBD8704700BF1760002010B5084C00
S214018550237853B91BF03CFE0123237028B103682E
S214018560B3F5817F24BF037E2370207810BD00BF42
S2140185701660002070B5184B1B78012B2BD81BF00A
S2140185800AFE164D024616490020FDF7BDFD0120E4
S214018590FFF7CEFF2E78FF2E1DD1FFF79DFFC8B146
S2140185A0848860223146C4F340040E482C7002F0E1
S2140185B043F9602231460C4802F03EF95CB1FFF700
S2140185C0C5FF042807D9BDE8704040F22B110748C3
S2140185D021F028B8287070BD17600020A769002018
S2140185E040F80300DC4600207C46002052F80300D9
S2140185F02DE9F04FDFF884928DB003AB074688462D
S214018600144699E8070083E80700FFF7B3FFFFF772
S2140186109DFF944B06461D784B46012D40F0708118
S214018620012840F27281B7FBF0F200FB1272002AB9
S21401863000F06B818C4900228B46D1F800C0BCF15A
S214018640FF3F04D0087A6044874200F01981013266
S214018650082A01F10C01F0D193E8070006AE0DF1EE
S214018660240A86E807008AE80700FFF76FFFB7FBD2
S214018670F0FB00FB1B7BA0EB0B094A464146064676
S2140186800AA809978DF82C9002F066FA00224FF09E
S2140186900C0E764902E00132082A0ED00EFB02F0DB
S2140186A000EB010C08580130F5D19AE807008CE878
S2140186B007006F490A7801320A70A14504DD4FF4BC
S2140186C0E2716C4820F0AEFFA41B5C444F44A1B29B
S2140186D017FA84F4B4FBF6F206FB1242C8448E1A6B
S2140186E091B1A41A08EB060107A88DF8202006947C
S2140186F002F032FA06A8FFF7BFFEFF2804D140F2C7
S214018700D9115C4820F08EFFB6B2B6B10320FFF750
S214018710D5FE802E0AD832464146574802F01CFA4A
S2140187203246384654491BF03EFD05460220FFF707
S214018730C5FE28460DB0BDE8F08F0025F9E74FF4D9
S2140187400E714C4820F06EFF464B1B78012B00F053
S214018750E380002C36D00320FFF7B0FE802C2FD804
S21401876022464146444802F0F7F922463846424935
S2140187701BF019FD05460220FFF7A0FEDFF8F0907A
S21401878099F8003093B1039CFFF7E0FE374B0027C2
S21401879098461A68511C04D0197A411A521A944202
S2140187A024D00137082F03F10C03F2D1002DC0D1DC
S2140187B0039B0133C1D003A8FFF75EFE0546B8E769
S2140187C00125D8E72546D9E740F26D21294820F052
S2140187D029FF012524E0012D30D0802E2FD83246E6
S2140187E0254903981BF0DFFC054628E0002DA0D1A3
S2140187F00C247C4308EB04039DF814A093F808B0FE
S2140188000AEB0B03802BDFDC1B4B524604A91846F0
S21401881002F0A2F9211D5A464144504402F09CF947
S2140188200C2303FB07839DF814201B7A13449E42F6
S214018830D1D040F273210F4820F0F4FE012502202A
S214018840FFF73CFE99F8003013B1013B89F8003080
S2140188504FF0FF3308EB040248F80430C2E9013355
S21401886067E700BFA7690020DC4600207C460020A1
S2140188701560002052F80300E0450020E44604009D
S2140188804FF00C0A0AFB02B3187AA6EB00095FFA4E
S21401889089F9A14501D35FFA84F90AFB02FA0AF1C4
S2140188A0040528444A464146584402F055F90BEB64
S2140188B00A031A7AA4EB09044A44D2B2B242A4B219
S2140188C01A7219D103200193FFF7F8FD32460BEB1C
S2140188D005015BF80A001BF066FC05460220FFF75F
S2140188E0EDFD4FF0FF32019B4BF80A20C3E9012250
S2140188F0002D7FF41EAFC844002C3FF41EAF4F443A
S214018900104B1B78012B7FF424AFB7FBF6F306FB65
S2140189101373002B7FF413AFE319B3FBF6F506FBD5
S2140189201535002D3FF415AF641B5B1B08EB0401E6
S2140189302A4604A80393A4B202F00EF98DF8145047
S21401894007E700BFA769002070B5134B1B78012B02
S2140189500CD1FFF70FFE0026104D55F8043C0133ED
S21401896006D10336182E05F10C05F6D1002411E0C8
S2140189700320FFF7A3FD55F8044CFFF7E7FD294652
S214018980024620461BF00FFC04460220FFF796FD28
S214018990002CE6D0204670BDA7690020E0460020E6
S2140189A070B505460C46FFF7E5FD0520FFF786FD89
S2140189B0214628461BF005FC06460220FFF77EFDF1
S2140189C000220A4B2C441968481C08D0A94206D339
S2140189D0A1423EBF4FF0FF31C3E900119960033257
S2140189E0182A03F10C03EED1304670BDDC46002098
S2140189F0D0E9023253F8223010B51C68204600F048
S214018A0095FA28B12146BDE81040024800F002BEA2
S214018A1010BD00BFD0F8030008B5D0E9023253F804
S214018A202230186800F06CF920B1BDE80840024811
S214018A3000F0F0BD08BD00BFF2F803002DE9F041DB
S214018A40D0E9023253F8221003EB82035B680F6809
S214018A501D789AB0642D04D96421114800F0DAFD1E
S214018A6064252A46384601A900F002F9044698B959
S214018A700C4800F0CFFDDFF8348001AE013DA54281
S214018A8002DC1AB0BDE8F0813919404616F8012B10
S214018A9000F0C0FD0134F2E7034800F0BBFDF0E74B
S214018AA015F9030035F903005FF903004CF90300DB
S214018AB02DE9F04700252D4FDFF8E080DFF8E09044
S214018AC08CB0284603A900F0EFF810B10CB0BDE851
S214018AD0F087049B2946039A0093384600F09AFDD6
S214018AE0404600F097FD059910290CD810290CD89E
S214018AF0DFE801F00F14320B340B0B0B360B0B0BAC
S214018B000B0B0B0B3A0020292CD0194800F082FDE4
S214018B1007E0184800F07EFD0135D2E7164800F060
S214018B2079FD0699484600F075FD0799134800F04F
S214018B3071FD134800F06EFD1024DFF868A00DF1FA
S214018B401F06504616F8011F013C00F063FD14F0A5
S214018B50FF04F6D10B48DDE70B48E0E70B48DEE7FC
S214018B600B48DCE70B48DAE70B48D8E77AF903004D
S214018B701FFA0300CFF90300DFF9030045FA0300EB
S214018B805DFA03009E9D0300E7F90300EFF9030079
S214018B90F8F9030003FA03001AFA0300BEF903000A
S214018BA02EFA03006EFA030010B50B4C8EB0237834
S214018BB05BB9EEF7AFF9014650B9012301A823705E
S214018BC0EEF72EFA054B049A1A6020780EB010BD07
S214018BD0034800F01FFDF8E718600020204A002037
S214018BE074FA030000B58FB0FFF7DEFF002829D026
S214018BF001A8EEF715FA059B1448198800F00AFD3E
S214018C00059B13485969134B002908BF194600F004
S214018C1001FD059B1048598800F0FCFC059B0F4898
S214018C20196900F0F7FC059B0D48D96800F0F2FCC5
S214018C30059B0C48197E00F0EDFC0B4B0B481968A0
S214018C4000F0E8FC0FB05DF804FB00BFB1FA0300CA
S214018C50C3FA0300DFC60300D5FA0300E9FA0300EE
S214018C60FDFA030011FB0300204A002025FB030048
S214018C7070B5064615460C4679B172B1FFF794FFFA
S214018C8068B121462A463046EEF7D4FA014618B1B5
S214018C90044800F0BFFC012070BD2120FCE7112034
S214018CA0FAE700BF37FB030037B505460C46FFF76A
S214018CB07BFFE0B1114B1B68AB421AD9CCB1002146
S214018CC02422204601F0B8FD2146284616F0CFFCA6
S214018CD088B9284601AA04F10801EEF75DFA20B129
S214018CE040F20643C01A18BF012003B030BD112060
S214018CF0FBE72120F9E70120F7E700BF204A002023
S214018D00F0B593B00546FFF74FFF002845D0254B39
S214018D101A68AA4207D829462348013A00F07AFC85
S214018D20212013B0F0BD05A8EEF77AF9284603A96D
S214018D3016F09DFC98BB049A22F4FF57C2F30C036D
S214018D4027F01F072BB14FF400532946174800F0B0
S214018D5061FC039E7FB120F072FC30464FF4005157
S214018D60EEF7F4FA3346044606F5005650B9039B6F
S214018D70F31ABB42EFD32A4639460D4800F04AFCA7
S214018D80002406E000902A464FF40051094800F0FE
S214018D9041FC201E18BF0120C3E71120C1E70120B6
S214018DA0BFE700BF204A002065FB030013FC030059
S214018DB0D2FC030081FC030010B5044638B1FFF76E
S214018DC0F3FE30B10020044B1B68236010BD212048
S214018DD0FCE71120FAE700BF204A002010B5044640
S214018DE0FFF7E2FEB0B10C4B1A68A24206D8214644
S214018DF00A48013A00F00EFC212010BD20F01FFCAD
S214018E0040F2C12220460649EEF786F9003818BF1F
S214018E100120F2E71120F0E7204A002065FB03005D
S214018E205C47002010B50446FFF7BEFE70B1214630
S214018E300848EEF791F940F20323984208D040F231
S214018E40012398420CBF0520012010BD1120FCE72C
S214018E500020FAE75C4700202DE9F0412D4D04463D
S214018E602F68FFF7A1FE002851D02968A14207D834
S214018E704A1E2948214600F0CDFB2120BDE8F0819D
S214018E802648EEF729F9DFF894800246B0B9434642
S214018E902E68964222D1BE4214BF3A4606F1FF32F0
S214018EA012BB31461D48C8F80040EEF7F5F80146FA
S214018EB000B31B4800F0AEFB0120DFE72046EEF7CB
S214018EC0CBF8044638B10146164800F0A3FB201E35
S214018ED018BF0120D2E7EDF71BFFF8E753F8041B94
S214018EE08C42DDD00132D4E70C499200081D01F016
S214018EF0F5FCD6E729680948EEF7EEF8044610B106
S214018F0001460948D6E7EDF703FF2046B6E71120EC
S214018F10B4E700BF204A002065FB03003C47002061
S214018F2018FD0300EEFC03004BFD0300F8B50446F4
S214018F30FFF73AFE002845D0234B1A68A24207D80D
S214018F4021462248013A00F065FB21242046F8BD5F
S214018F501F4800F05FFB20F072FB40F2C1221D4962
S214018F602046EEF7D9F840F20327054620F067FBC6
S214018F70184E65B140F203239D421AD02946164881
S214018F8000F048FB0124154800F044FBDEE720F022
S214018F9056FB29463046EEF7DFF8B84209D040F2D4
S214018FA00123984203D10E4800F034FBE1E7054661
S214018FB0DFE721460B4800F02DFB2046FFF74CFF6C
S214018FC00446E0E71124C1E7204A002065FB0300C0
S214018FD082FD03005C470020A2FD03009E9D030066
S214018FE0EBD20300BAFD030010B50A46044619B1D8
S214018FF0024B00211B68984710BD00BFF0460400D5
S21401900010B5114C2378580744BF23F0040323708E
S2140190102378990705D500F05DF8237823F002033D
S214019020237063781BB10023084A636053600023F2
S214019030082106486370FFF7D7FF2378DA0744BF95
S21401904023F00103237010BD244A0020284A002083
S21401905038B51A4C62782378022A01D1072B11D031
S214019060DD0712D52378980707D400F02BF823786C
S214019070054643F00203237080B96278237882B1F3
S2140190805A0716D50025284638BD17F016FA237854
S214019090054643F0010323700028E3D0FFF7B0FF35
S2140190A0F1E7D907ECD5064962604A600222627090
S2140190B0E6E743F004032370E4E700BF244A0020F8
S2140190C0284A00200122024B002083F8F020704736
S2140190D0304A00202DE9F0410A4C002526464FF083
S2140190E0010803272046C4F81C80277601351BF0AB
S2140190F0B5F8062D04F12804F4D1002386F8F030E3
S214019100BDE8F081304A00202DE9F04F984691B035
S2140191100B1E0A93B44B914614BF83469B4600250B
S2140191201A9E98F8000070B94D4538BF2A464B463E
S2140191304FF000000A9928BF09F1FF32D8472846A8
S21401914011B0BDE8F08F252808F1010806D02A469F
S2140191504B460A996C1CD8472546E2E70023414650
S21401916011F8012B2B2A16D00AD8202A16D0232A2A
S21401917017D0A2F13000092834D800270A2418E0B5
S2140191802D2A05D0302AF4D143F001038846E6E7BC
S21401919043F00203FAE743F00403F7E743F008035A
S2140191A0F4E743F01003F1E7884604FB0722A2F137
S2140191B03007414611F8012BA2F130000928F3D9F6
S2140191C098F800202E2A52D198F8011008F10102D1
S2140191D0A1F13000092843F480633ED800244FF003
S2140191E00A0E11E02A2A08D156F8047B8846002F79
S2140191F0BCBF43F002037F42E2E70027E0E70246F6
S2140192000EFB0411A1F13004104610F8011BA1F168
S214019210300CBCF1090FF2D99046424612F8011BF8
S2140192206C292DD025D8682933D06A293BD04246EF
S214019230904618F8010B672860D8572836D8452875
S21401924008D084D9462800F0188147287FF47FAFDC
S21401925043F4006343F0200327E12A2906D156F898
S214019260044B08F1020824EAE474D6E79046002489
S214019270D3E7742901D07A29D9D143F48073D7E78B
S21401928098F801106C29F8D143F4407308F10202F2
S214019290CEE798F80110682902D043F08003C7E7AB
S2140192A043F0C003F2E743F40073C1E7A0F15802AC
S2140192B00F2A3FF64CAF01A151F822F05D93010051
S2140192C04F9101004F9101004F9101004F91010014
S2140192D04F9101004F9101004F9101004F91010004
S2140192E04F9101005D930100C99401005D93010057
S2140192F09F9401007F9401009F940100A0F16901F1
S214019300C9B20F293FF623AF012249F2410C8A4028
S21401931012EA0C0218D10A2900F0158107297FF4F8
S21401932016AF43F0210305930823CDE90343102329
S214019330CDE9012356F8043B2A46009358464B468E
S2140193400A991BF07BF8A8E06F2800F05E8110D91F
S214019350782808D1102223F00C0310E0582839D0C1
S214019360622800F054810A2223F01003642806D0F4
S214019370F1E769284FF00A0223F01003F6D15905E8
S21401938048BF23F00103692803F4007101D0642863
S21401939040D111B3073626F00706B24670685AF870
S2140193A0081BCDE9077300230593C30F002802931A
S2140193B006940B46049202DA4B4260EB4000CDE97C
S2140193C000304B462A4658460A991BF079F805465E
S2140193D05646A6E643F02003BCE7D90506F1040A83
S2140193E004D5316805E000BF9F42030058060CD53E
S2140193F03178CDE90224CDE9047300294FEAD1730F
S2140194000193B8BF4942009120E01906E9D5B6F9A3
S2140194100010EEE779B1CDE907730023CDE9042307
S21401942006F1070A2AF0070A06940293FAE80223CD
S214019430CDE90023C5E7D80506F1040A0DD5CDE927
S2140194400473CDE902240191336800934B462A4602
S21401945058460A991AF0F2FFB9E7590607D5317846
S214019460CDE904730023CDE902240193CBE73168EB
S21401947013F0800F18BF89B2F2E743F02003CDE95D
S2140194800173073626F007060094B6EC020B4B462E
S2140194902A4658460A99EBF77BF9054641E600F05D
S2140194A0DF00472801D143F40063CDE90173073695
S2140194B026F007060094B6EC020B4B462A465846A1
S2140194C00A99EAF7A9FFE8E713F0020426D04FF05D
S2140194D0010A6B1C0B932A464B460A9916F8040B95
S2140194E0D84774B354460B9A21E04B4620200A997C
S2140194F0D8470AEB05020AF1010A5745F5D83A1E84
S21401950018BF0122002A07F1FF3308BF002307F125
S214019510010A1D4408BF4FF0020ADAE7A246E8E74F
S214019520551C4B4620200A99D8472A460134BC428E
S214019530F6D3A7EB0A03574538BF00230B9A1A4404
S2140195400B920B9DEDE53246002C52F8046B14BFCE
S21401955021464FF0FF310B9232463144107808B164
S214019560914211D1A2EB060A13F480620C9202D04A
S214019570A24528BFA24613F002030D931BD1AAEB06
S21401958005032A460F9308E00132E7E7531C0E93C2
S21401959020204B460A99D8470E9A0F9BD318BB42F8
S2140195A0F4D3A7EB0A03574538BF00230AF101029B
S2140195B01D4403EB020AAB1B0E9304E01C464B460C
S2140195C02A460A99D8470E9BF51816F8010B28B1BA
S2140195D00C9B002BF3D0631E002CEFD10D9B93B197
S2140195E02A46AAEB050405E0561C4B4620200A999C
S2140195F0D84732461319BB42F6D3A7EB0A035745A1
S21401960038BF00231D440B9E8BE50822A3E60222E9
S214019610A1E600BF0FB41FB506AA52F8043B02A983
S2140196200392009204484FF0FF32FFF76DFD05B03C
S2140196305DF804EB04B07047614503001FB50346AF
S21401964000914FF0FF3203A90248FFF75DFD05B018
S2140196505DF804FB614503001FB5CDE902010093E7
S21401966002A9134603484FF0FF32FFF74DFD05B040
S2140196705DF804FB694503001FB5094B094A1868E4
S214019680094B01A91860094B1360094A0192094A5E
S2140196901268CDE9022316F0B7FF05B05DF804FBAA
S2140196A01C660020283B00202C3B00201066002072
S2140196B0BD350400E04D0020014B186816F0B8BF18
S2140196C01C66002038B5F1F721FE0446064D2B68CE
S2140196D0D3F8B002F1F70EFE286816F0BCFF20465C
S2140196E0BDE83840F1F706BE1C66002010B51F4CD9
S2140196F0F0F766F9236F012023F0070343F0020316
S2140197002367F0F76BF9D4F82031002023F0070324
S21401971043F00103C4F82031D4F8403123F00303A9
S21401972043F00103C4F84031D4F8603123F0030359
S21401973043F00103C4F86031D4F8403223F0030348
S21401974043F00103C4F84032D4F8003223F0070393
S21401975043F00103C4F80032D4F8083223F00703BB
S21401976043F00103C4F8083210BD00BF008000506A
S214019770064B1B681A7A022A01D81AB97047032ABF
S21401978000D070471B68024A1360704720660020AD
S214019790E04D00200022024B5A60DA601A607047E2
S2140197A0E44D002008B501F037FF0022014B1A7086
S2140197B008BD00BF196000200A4601491AF03EBFE5
S2140197C08D5F04000A4601491AF038BF885F04001D
S2140197D00A4601491AF032BF815F04000A46014970
S2140197E01AF02CBF7E5F04000A4601491AF026BF14
S2140197F07B5F04000A4601491AF020BF765F040029
S2140198000A4601491AF01ABF715F04000A46014967
S2140198101AF014BF6C5F04000A4601491AF00EBF25
S214019820655F040081F0004102E000BF83F0004361
S21401983030B54FEA41044FEA430594EA050F08BFE5
S21401984090EA020F1FBF54EA000C55EA020C7FEAA9
S214019850645C7FEA655C00F0E2804FEA5454D4EB26
S2140198605555B8BF6D420CDD2C4480EA020281EAF0
S214019870030382EA000083EA010180EA020281EA28
S2140198800303362D88BF30BD11F0004F4FEA01317A
S2140198904FF4801C4CEA113102D0404261EB410189
S2140198A013F0004F4FEA03334CEA133302D052420F
S2140198B063EB430394EA050F00F0A780A4F10104CB
S2140198C0D5F1200E0DDB02FA0EFC22FA05F2801805
S2140198D041F1000103FA0EF2801843FA05F35941EB
S2140198E00EE0A5F120050EF1200E012A03FA0EFC6A
S2140198F028BF4CF0020C43FA05F3C01851EBE37194
S21401990001F0004507D54FF0000EDCF1000C7EEBB0
S21401991000006EEB0101B1F5801F1BD3B1F5001FEE
S2140199200CD349085FEA30004FEA3C0C04F101040D
S2140199304FEA445212F5800F80F09A80BCF1004F36
S21401994008BF5FEA500C50F1000041EB045141EAB8
S214019950050130BD5FEA4C0C404141EB0101013C81
S21401996028BFB1F5801FE9D291F0000F04BF014670
S2140199700020B1FA81F308BF2033A3F10B03B3F142
S21401998020020CDA0C3208DD02F1140CC2F10C02D2
S21401999001FA0CF021FA02F10CE002F11402D8BF30
S2140199A0C2F1200C01FA02F120FA0CFCDCBF41EAFC
S2140199B00C019040E41AA2BF01EB0451294330BDCB
S2140199C06FEA04041F3C1CDA0C340EDC04F11404A8
S2140199D0C4F1200220FA04F001FA02F340EA03007F
S2140199E021FA04F345EA030130BDC4F10C04C4F1C5
S2140199F0200220FA02F001FA04F340EA03002946A5
S214019A0030BD21FA04F0294630BD94F0000F83F4EE
S214019A10801306BF81F480110134013D4EE77FEAD1
S214019A20645C18BF7FEA655C29D094EA050F08BF1D
S214019A3090EA020F05D054EA000C04BF19461046FE
S214019A4030BD91EA030F1EBF0021002030BD5FEA42
S214019A50545C05D14000494128BF41F0004130BD6A
S214019A6014F580043CBF01F5801130BD01F00045BE
S214019A7045F0FE4141F470014FF0000030BD7FEA31
S214019A80645C1ABF194610467FEA655C1CBF0B462C
S214019A90024650EA013406BF52EA033591EA030F43
S214019AA041F4002130BD00BF90F0000F04BF00213B
S214019AB0704730B54FF4806404F132044FF000056E
S214019AC04FF0000150E700BF90F0000F04BF0021E7
S214019AD0704730B54FF4806404F1320410F000454D
S214019AE048BF40424FF000013EE700BF42004FEA48
S214019AF0E2014FEA31014FEA02701FBF12F07F43C5
S214019B0093F07F4F81F06051704732F07F4208BF7B
S214019B10704793F07F4F04BF41F40021704730B582
S214019B204FF4607401F0004521F000411CE700BFCE
S214019B3050EA010208BF704730B54FF000050AE051
S214019B4050EA010208BF704730B511F0004502D552
S214019B50404261EB41014FF4806404F132045FEA54
S214019B60915C3FF4D8AE4FF003025FEADC0C18BFFD
S214019B7003325FEADC0C18BF033202EBDC02C2F1EF
S214019B80200300FA03FC20FA02F001FA03FE40EA81
S214019B900E0021FA02F11444BDE600BF70B54FF085
S214019BA0FF0C4CF4E06C1CEA11541DBF1CEA135563
S214019BB094EA0C0F95EA0C0F00F0DEF82C4481EACB
S214019BC0030621EA4C5123EA4C5350EA013518BFEB
S214019BD052EA033541F4801143F4801338D0A0FBD8
S214019BE002CE4FF00005E1FB02E506F00042E0FB85
S214019BF003E54FF00006E1FB03569CF0000F18BF8B
S214019C004EF0010EA4F1FF04B6F5007F64F5407432
S214019C1004D25FEA4E0E6D4146EB060642EAC621C5
S214019C2041EA55514FEAC52040EA5E504FEACE2E32
S214019C30B4F1FD0C88BFBCF5E06F1ED8BEF1004F35
S214019C4008BF5FEA500E50F1000041EB045170BDB1
S214019C5006F0004646EA010140EA020081EA0301F5
S214019C60B4EB5C04C2BFD4EB0C0541EA045170BDF1
S214019C7041F480114FF0000E013C00F3AB8014F16B
S214019C80360FDEBF002001F0004170BDC4F10004B4
S214019C90203C35DA0C341BDC04F11404C4F1200535
S214019CA000FA05F320FA04F001FA05F240EA020090
S214019CB001F0004221F0004110EBD37021FA04F6C6
S214019CC042EB06015EEA430E08BF20EAD37070BD80
S214019CD0C4F10C04C4F1200500FA04F320FA05F0DF
S214019CE001FA04F240EA020001F0004110EBD370E1
S214019CF041F100015EEA430E08BF20EAD37070BD51
S214019D00C4F1200500FA05F24EEA020E20FA04F329
S214019D1001FA05F243EA020321FA04F001F00041D8
S214019D2021FA04F220EA020000EBD3705EEA430E49
S214019D3008BF20EAD37070BD94F0000F0FD101F078
S214019D400046400041EB010111F4801F08BF013CB1
S214019D50F7D041EA060195F0000F18BF704703F0EF
S214019D600046520043EB030313F4801F08BF013D76
S214019D70F7D043EA0603704794EA0C0F0CEA135532
S214019D8018BF95EA0C0F0CD050EA410618BF52EAEC
S214019D904306D1D181EA030101F000414FF00000F2
S214019DA070BD50EA410606BF1046194652EA430600
S214019DB019D094EA0C0F02D150EA013613D195EA74
S214019DC00C0F05D152EA03361CBF104619460AD1BC
S214019DD081EA030101F0004141F0FE4141F47001C6
S214019DE04FF0000070BD41F0FE4141F4780170BDB6
S214019DF070B54FF0FF0C4CF4E06C1CEA11541DBF1B
S214019E001CEA135594EA0C0F95EA0C0F00F0A7F81C
S214019E10A4EB050481EA030E52EA03354FEA013149
S214019E2000F088804FEA03334FF0805545EA13135C
S214019E3043EA12634FEA022245EA111545EA106524
S214019E404FEA00260EF000419D4208BF964244F1BB
S214019E50FD0404F5407402D25B084FEA3202B61ADA
S214019E6065EB03055B084FEA32024FF480104FF4AE
S214019E70002CB6EB020E75EB030E22BFB61A754622
S214019E8040EA0C005B084FEA3202B6EB020E75EBB5
S214019E90030E22BFB61A754640EA5C005B084FEA1D
S214019EA03202B6EB020E75EB030E22BFB61A7546EA
S214019EB040EA9C005B084FEA3202B6EB020E75EBF5
S214019EC0030E22BFB61A754640EADC0055EA060EB6
S214019ED018D04FEA051545EA16754FEA06164FEAF9
S214019EE0C30343EA52734FEAC2025FEA1C1CC0D1A5
S214019EF011F4801F0BD141EA00014FF000004FF032
S214019F00004CB6E711F4801F04BF01430020B4F1F2
S214019F10FD0C88BFBCF5E06F3FF6AFAEB5EB030CAA
S214019F2004BFB6EB020C5FEA500C50F1000041EBA7
S214019F30045170BD0EF0004E4EEA113114EB5C0474
S214019F40C2BFD4EB0C0541EA045170BD41F4801147
S214019F504FF0000E013C90E645EA060E8DE60CEA4F
S214019F60135594EA0C0F08BF95EA0C0F3FF43BAF6C
S214019F7094EA0C0F0AD150EA01347FF434AF95EA23
S214019F800C0F7FF425AF104619462CE795EA0C0F07
S214019F9006D152EA03353FF4FDAE1046194622E7D4
S214019FA050EA410618BF52EA43067FF4C5AE50EAAE
S214019FB041047FF40DAF52EA43057FF4EBAE12E79E
S214019FC04FF0FF3C06E000BF4FF0010C02E000BF7F
S214019FD04FF0010C4DF804CD4FEA410C7FEA6C5C62
S214019FE04FEA430C18BF7FEA6C5C1BD001B050EA05
S214019FF0410C0CBF52EA430C91EA030F02BF90EAF0
S21401A000020F0020704710F1000F91EA030F58BFAE
S21401A010994208BF90422CBFD8176FEAE37040F010
S21401A020010070474FEA410C7FEA6C5C02D150EAAE
S21401A030013C07D14FEA430C7FEA6C5CD6D152EA69
S21401A040033CD3D05DF8040B704700BF844610462E
S21401A05062468C461946634600E000BF01B5FFF72D
S21401A060B7FF002848BF10F1000F01BD4DF808EDFD
S21401A070FFF7F4FF0CBF012000205DF808FB00BFCE
S21401A0804DF808EDFFF7EAFF34BF012000205DF828
S21401A09008FB00BF4DF808EDFFF7E0FF94BF012075
S21401A0A000205DF808FB00BF4DF808EDFFF7CEFF76
S21401A0B094BF012000205DF808FB00BF4DF808EDB5
S21401A0C0FFF7C4FF34BF012000205DF808FB00BF86
S21401A0D04FEA410212F5001215D211D56FF47873CA
S21401A0E0B3EB625212D94FEAC12343F0004343EA6D
S21401A0F0505311F0004F23FA02F018BF4042704748
S21401A1004FF00000704750EA013005D111F00040D1
S21401A11008BF6FF0004070474FF00000704700BF67
S21401A1204A0011D212F5001211D20DD56FF47873D0
S21401A130B3EB62520ED44FEAC12343F0004343EA25
S21401A140505323FA02F070474FF00000704750EA70
S21401A150013002D14FF0FF3070474FF000007047DA
S21401A16053B94AB9002908BF00281CBF4FF0FF3178
S21401A1704FF0FF3000F08CB9ADF1080C6DE904CE5C
S21401A18000F006F8DDF804E0DDE9022304B07047CC
S21401A1902DE9F04F099D0E4604460F46002B47D188
S21401A1A08A429446B2FA82F35AD943B102FA03FCC0
S21401A1B0C3F120029F409C4020FA02F217434FEA67
S21401A1C01C461FFA8CFE220CB7FBF6F106FB117734
S21401A1D001FB0EF042EA0742904208D91CEB02024C
S21401A1E001F1FF3702D2904200F23C813946121A41
S21401A1F0A4B2B2FBF6F006FB102200FB0EFE44EA08
S21401A2000244A64508D91CEB040400F1FF3202D231
S21401A210A64500F22A81104640EA0140A4EB0E044E
S21401A22000211DB1DC400023C5E90043BDE8F08FE5
S21401A2308B4205D90DB1C5E9000100210846F5E7B5
S21401A240B3FA83F100294FD1B342C0F002818242B2
S21401A25040F2FF800846002DE8D0C5E90047E5E753
S21401A260002B40F0AF808A1A4FEA1C4E1FFA8CF77B
S21401A2700121B2FBFEF60EFB1620220C42EA00423A
S21401A28007FB06F090420FD91CEB020206F1FF38DD
S21401A2902CBF4FF001094FF00009904203D9B9F1E4
S21401A2A0000F00F0DC804646121AA4B2B2FBFEF0A4
S21401A2B00EFB102200FB07F744EA0244A7420FD91F
S21401A2C01CEB040400F1FF322CBF4FF0010E4FF0DF
S21401A2D0000EA74203D9BEF1000F00F0C980104658
S21401A2E0E41B40EA06409CE7C1F120048B4006FAD5
S21401A2F001FC00FA01FE22FA04F7E6408A401F43F9
S21401A30020FA04F34FEA174843EA0C031FFA87FCC6
S21401A3104FEA1349B6FBF8F008FB106649EA064611
S21401A32000FB0CF9B1450ED9BE1900F1FF3A2CBF5E
S21401A3304FF0010B4FF0000BB14503D9BBF1000FF5
S21401A34000F0A2805046A6EB09061FFA83F9B6FB79
S21401A350F8F308FB136603FB0CFC49EA0646B44512
S21401A3600ED9BE1903F1FF382CBF4FF001094FF08B
S21401A3700009B44503D9B9F1000F00F082804346C5
S21401A38043EA0040A6EB0C06A0FB028C664543465A
S21401A390E14602D307D1C64505D2B8EB02036CEB02
S21401A3A0070C0138E1465DB1BEEB030266EB090618
S21401A3B006FA04F422FA01F3CE401C43C5E900462E
S21401A3C0002133E702FA03FCC3F1200299409C40C6
S21401A3D0D6404FEA1C4E20FA02F21FFA8CF7B6FB63
S21401A3E0FEF00A430EFB1066110C41EA064100FB23
S21401A3F007F68E420ED91CEB010100F1FF382CBF87
S21401A4004FF001094FF000098E4202D9B9F1000F51
S21401A41034D04046891B92B2B1FBFEF60EFB1611F4
S21401A42042EA014206FB07F191420ED91CEB0202F9
S21401A43006F1FF382CBF4FF001094FF00009914299
S21401A44002D9B9F1000F16D04646521A46EA004123
S21401A4500FE7841A66EB030201201746FBE6023E6D
S21401A460624421E702396244C1E664440238D3E615
S21401A4706444023834E7023E6244E6E70238614447
S21401A480C8E7023B3E447BE702383E445BE700BF39
S21401A490704700BF2DE9F04F924685B089461E46AB
S21401A4A00D46554A0390294615F8014B135D13F0E6
S21401A4B00803F8D12D2C7CD02B2C4ED04FF0FF3139
S21401A4C002936FF00043CDE9001336F0100851D027
S21401A4D037464FEAE6783A464346DDE90001FFF79C
S21401A4E03FFE002383468E4618461946A44613E0CF
S21401A4F0ACF13704A6421FDD002B09DB83457EEB5A
S21401A500010305D38E4508BF83453BD1A24239DA04
S21401A5104FF0FF3315F801CBACF13004092CE9D923
S21401A520ACF14104192CE3D9ACF16104192C03D820
S21401A530ACF15704A642DFDC5A1C2FD0029A12B1A6
S21401A540404261EB4101BAF1000F03D0002B48D124
S21401A550CAF8009005B0BDE8F08F4FF0FF300293C7
S21401A56036F010086FF000432C7801F10205CDE9B2
S21401A5700003ADD1302C25D0002E3AD10A27B046A3
S21401A5803E46A8E700FB08F307FB0133A0FB0701E3
S21401A5900B44201843EBE4710123BBE72223039A03
S21401A5A01360BAF1000F17D005F1FF39DDE900019C
S21401A5B0CEE74FF00047009301232C788D1CCDE9A0
S21401A5C0017382E72B7803F0DF03582B0CD086B992
S21401A5D00827B0463E467EE7DDE9000105B0BDE846
S21401A5E0F08FCDE90001DFE710276C7802353E4693
S21401A5F071E710273E466EE7955F04004AE700BF05
S21401A60010B4044C13460A46014620685DF8044B14
S21401A61040E700BF5066002010B4044C13460A46BB
S21401A620014620685DF8044B34E700BF5066002001
S21401A63020F0030110F00300C0F1000051F8043BC4
S21401A64000F1040C4FEACC0C6FF000021CBF22FA9A
S21401A6500CF213434FF0010C4CEA0C2C4CEA0C4C58
S21401A660A3EB0C0222EA030212EACC1204BF51F851
S21401A670043B0430F4D0C2F1000102EA0102B2FA4E
S21401A68082F2C2F11F0200EBD20070472DE9F047BB
S21401A69080460C464548264614F801EB10F80EC0D5
S21401A6A01CF0080CF7D1BEF12D0F5BD0BEF12B0FBD
S21401A6B03AD0654633F010003ED04FF0FF379A4649
S21401A6C0B7FBF3F703FB07F96FEA090900263046E3
S21401A6D00EE0AEF1370C63451DDD002E04DBB842FB
S21401A6E002D833D1CC4531DD4FF0FF3614F801EBFB
S21401A6F0AEF1300CBCF1090FEDD9AEF1410CBCF155
S21401A700190FE6D9AEF1610CBCF1190F03D8AEF101
S21401A710570C6345E1DC731C1CD005B140420AB1FD
S21401A720F6B91160BDE8F08733F0100094F800E048
S21401A730654606F10204C0D1BEF1300F17D06BBBDF
S21401A7400A234FF005091A4F9A46BFE700FB0AC0D5
S21401A7500126CBE722233046C8F80030002AE1D094
S21401A760611EDEE794F800E00125B41CA2E720781C
S21401A77000F0DF00582807D083B908234FF00709F7
S21401A7806FF060479A46A1E7102394F801E04FF076
S21401A7900F0902346FF070479A4697E710234FF07F
S21401A7A00F096FF070479A4690E700BF955F040067
S21401A7B0999999196AE700BF10B4044C13460A46E2
S21401A7C0014620685DF8044B60E700BF5066002034
S21401A7D010B4044C13460A46014620685DF8044B43
S21401A7E054E700BF506600200F4B70B50F4DAB42CB
S21401A7F0A3EB050607D0B6100024013455F8043B38
S21401A8009847A642F9D80A4D1FF00AF9094B5E1B74
S21401A810AB424FEAA60606D00024013455F8043BA5
S21401A8209847A642F9D870BDD8690020D86900209B
S21401A830D8690020DC69002070B5860747D0541E11
S21401A840002A3ED0CAB2034601E0013C39D303F8E0
S21401A850012B9D07F9D1032C2CD9CDB20F2C05EB7A
S21401A860052505EB054535D9A4F1100C03F1100EAD
S21401A8701A462CF00F064FEA1C1CB644C2E90055D6
S21401A880C2E9025510327245F8D10CF1010214F0FA
S21401A8900C0F04F00F0C03EB021213D0ACF10403FF
S21401A8A023F003030433134442F8045B9342FBD1C1
S21401A8B00CF003042CB1C9B21C4403F8011BA342DB
S21401A8C0FBD170BD64461346002CF4D1F9E703466C
S21401A8D01446C0E71A46A446E0E700BF88420ED9F0
S21401A8E08B1883420BD900EB020C002A6ED062460D
S21401A8F013F801CD994202F801CDF9D170470F2A1C
S21401A9000FD8034602F1FF3C002A5FD00CF1010C80
S21401A910013B8C4411F8012B614503F8012FF9D155
S21401A920704740EA01039B0751D1A2F1100301F1E0
S21401A930200C70B523F00F0501F1100E00F1100484
S21401A9401B09AC445EF8105C0EF1100E103444F88E
S21401A950205C5EF81C5C44F81C5C5EF8185C44F8ED
S21401A960185C5EF8145CE64544F8145CEAD10133E1
S21401A97012F00C0F02F00F0C01EB031100EB0313A6
S21401A98029D0ACF1040C1C1F8E462CF003064FEAAE
S21401A9909C0C1E445EF8045B44F8045FB442F9D193
S21401A9A00CF1010402F0030203EB840301EB8401C2
S21401A9B002F1FF3C4AB10CF1010C013B8C4411F849
S21401A9C0012B614503F8012FF9D170BD704702F1E3
S21401A9D0FF3C03469AE76246EAE700BF2DE9F04FDF
S21401A9E082468E463F4875461EF801BB10F80B405E
S21401A9F014F00804F7D1BBF12D0F5BD0BBF12B0F80
S21401AA006FF0004904BF9EF800B005F1020E33F066
S21401AA10100010D1BBF1300F04D0002B5ED10A23F9
S21401AA201F4609E09EF8000000F0DF0058284ED0CF
S21401AA30002B53D108231F460025B9FBF7F62846FD
S21401AA4007FB16980EE0ABF1370C63451DDD002DB4
S21401AA5004DB864202D321D1E0451FDA4FF0FF35F1
S21401AA601EF801BBABF1300CBCF1090FEDD9ABF10F
S21401AA70410CBCF1190FE6D9ABF1610CBCF1190F11
S21401AA8003D8ABF1570C6345E1DC6B1C0AD004B16B
S21401AA9040420AB1CDB91160BDE8F08F07FB00C096
S21401AAA00125DDE72223CAF800305AB10EF1FF3145
S21401AAB04846F0E79EF800B04FF0004905F1020E57
S21401AAC00124A4E74846BDE8F08F8146EEE710234F
S21401AAD09EF801B00EF1020E1F46ADE710231F4689
S21401AAE0AAE700BF955F0400242B02D8012B00D0F3
S21401AAF074E710B500F02EFA16230360002010BD8F
S21401AB0010B5242A084C1346246807D8012A05D014
S21401AB100A4601462046BDE810405FE700F01AFAF3
S21401AB2016230360002010BD5066002010B5242AAD
S21401AB30084C1346246807D8012A05D00A46014660
S21401AB402046BDE8104049E700F004FA16230360EA
S21401AB50002010BD50660020844641EA000313F031
S21401AB60030349D1403A23D30B6803604B68436023
S21401AB708B688360CB68C3600B6903614B69436173
S21401AB808B698361CB69C3610B6A03624B6A43625B
S21401AB908B6A8362CB6AC3620B6B03634B6B436343
S21401ABA08B6B8363CB6BC36340304031403ADBD25F
S21401ABB030320BD30B6803604B6843608B6883604D
S21401ABC0CB68C36010301031103AF3D20C3205D383
S21401ABD051F8043B40F8043B043AF9D2043208D059
S21401ABE0D2071CBF11F8013B00F8013B01D30B88CB
S21401ABF003806046704700BF082A13D38B07B1D085
S21401AC0010F00303AED0C3F10403D21ADB071CBF56
S21401AC1011F8013B00F8013BA4D331F8023B20F8C0
S21401AC20023B9FE7043AD9D3013A11F8013B00F8F9
S21401AC30013BF9D20B7803704B7843708B788370A5
S21401AC4060467047024B0146186816F0C3BA00BF4B
S21401AC5050660020024B0146186816F0BEBA00BFC7
S21401AC6050660020CAB384460B4630B504460843F6
S21401AC70800719D09CF800000C78A04212D150B37E
S21401AC80012A28D0E64603E01CEB030F23D010B3BD
S21401AC901EF8010F11F8014FA2EB0E03A04203F1BB
S21401ACA0FF33F1D0001B30BD032A07D8E2E7043A90
S21401ACB011D01EF0803F0ED1032A10D92068194604
S21401ACC053F8045BA446A0F1013E0434A8422EEAE0
S21401ACD0000EECD0CEE7002030BD10467047A446EB
S21401ACE01946C7E780EA010C1CF0030F37D110F0B4
S21401ACF0030C20F0030021F0030150F8042B08BFD9
S21401AD0051F8043B0ED08CF0030C6FF07F434FEAF2
S21401AD10CC0C23FA0CFC51F8043B42EA0C0243EA41
S21401AD200C0300BFA2F1013C9A4201BF2CEA020CBF
S21401AD301CF0803F50F8042B51F8043BF2D04FEA48
S21401AD4002604FEA1222012828BFB0EB036F08BF4A
S21401AD501B0AF4D003F0FF03000EC01A704710F070
S21401AD60030F0AD010F8012B11F8013B012A28BF66
S21401AD709A42F4D0A2EB030070474DF8045D50F8F8
S21401AD80042B01F0030521F0030151F8043B022DC9
S21401AD9026D04DD822F07F45B5EB132FA2F1013C0A
S21401ADA02CEA020C0DD11CF0803C08BF51F8043B84
S21401ADB00AD185EA0205B5EB036F0CD150F8042BD6
S21401ADC0E8E74FEA13235BE03CF07F4C54D10B7865
S21401ADD04FEA126554E04FEA126503F0FF034FE0B5
S21401ADE04FEA0245A2F1013C4FEA15452CEA020C56
S21401ADF0B5EB134F18D11CF0803C08BF51F8043B4B
S21401AE0007D185EA0205B5EB034F09D150F8042BAB
S21401AE10E6E75FEA0C4C2FD10B884FEA12452FE08C
S21401AE204FEA03434FEA12454FEA134328E000BFB7
S21401AE3002F0FF05B5EB136FA2F1013C2CEA020C00
S21401AE400DD11CF0803C08BF51F8043B0AD185EABD
S21401AE500205B5EB032F0AD150F8042BE8E74FEAB9
S21401AE6013630DE012F0FF0F06D051F8043B4FEAD2
S21401AE70122523F07F4303E04FF0000020BC70470B
S21401AE8005F0FF0203F0FF00012828BF904204BF2F
S21401AE902D0A1B0AF4D0A2EB000020BC704700BFAD
S21401AEA008B5064B044613B1002100F0AFF8044B79
S21401AEB01B6803B19847204614F061FC0DB00100F1
S21401AEC02C4F0020002301461A46184600F048B8C9
S21401AED0032A30B415D941EA000484460B46A40778
S21401AEE004D0541E0FE0043A032A08D919466046D6
S21401AEF053F8044B5CF8045BA542F4D0F1E76046D6
S21401AF001946541E7AB1431E0139021901E09A42CC
S21401AF1009D013F8010F11F801CF6045F7D0A0EB67
S21401AF200C0030BC7047002030BC704738B5074D68
S21401AF30074C2C1BA41005D0013C55F8043D98473E
S21401AF40002CF9D1BDE838401EF070BDE069002044
S21401AF50DC690020014B1868704700BF506600206E
S21401AF60F0B5264C83B006460F46256805B36C68D7
S21401AF701F2C3FDCA6B1D5F8880048B3D0F80011E5
S21401AF804FF0010C40F82420022E00EB84020CFA4C
S21401AF9004FC4CEA0101C0F80011C2F8803010D060
S21401AFA0631C002002346B6045F8247003B0F0BDCA
S21401AFB013491448216010B10068C1F88800104D8B
S21401AFC0D5E7D0F8043143EA0C03C0F80431E7E7CB
S21401AFD00D49CDE9002369B14FF48470FFF732FEC5
S21401AFE040B100216C68C0E94011DDE90023C5F8D5
S21401AFF08800C5E74FF0FF30D8E700BFBC4F002000
S21401B000304F00200000000045AC01002DE9F04F54
S21401B010DFF8B49083B0D9F8006096B38846019003
S21401B0207568D6F888706C1E2BD4013507F1800B35
S21401B03006EB8505B8F1000F26D173682A68013B37
S21401B040A3423BD000232B60BAB1D6F804A05FB36D
S21401B0500123D7F80011A3400B4225D0D7F80401ED
S21401B06057F8241003422BD1019890477368D9F8FA
S21401B070002053451ED1B2421CD1013C043D631C45
S21401B080D8D103B0BDE8F08F4FB15BF8243043450B
S21401B090D3D0013C043D621CF3D0002FF5D1013C16
S21401B0A0EFD3013CFBD2ECE790477368D9F8002058
S21401B0B05345E0D0002AE4D01646B1E77460C3E7F2
S21401B0C008469047D2E700BFBC4F0020431E03331B
S21401B0D006D8044B984228BF1846642838BF642017
S21401B0E0704700BF40420F0038B5194B05461B6834
S21401B0F00C4603B1984744B1236833B11B6801334A
S21401B10003D0E3680BB1A3684BB919F05DFF0020CB
S21401B1104FF4C172412100F0FFF9212038BD2046CD
S21401B12002F04AFC00230B4A85F83C31C5E9374357
S21401B130C2E9003363694BB1074A422110684FF4F4
S21401B140D272C31A5842584100F0E6F90020E5E7EA
S21401B1502C520020D062002090520020F8B5044600
S21401B1601EF061F9002607460E4B1B6893B19E68D8
S21401B170AEB196F82420D20711D435460FCC0FC5B0
S21401B1800FCC0FC523682B6096F8243043F00103DB
S21401B19086F8243038461EF041F93046F8BD1B6863
S21401B1A0E4E700BFA466002010B5044618B9054BB5
S21401B1B0054A136010BD00F0D9FCD4F8E830002B26
S21401B1C0F6D1F4E773470300A0660020014B186828
S21401B1D0704700BFD062002008B502460868FFF736
S21401B1E075FF08604868FFF771FF48608868FFF7D9
S21401B1F06DFF8860C868FFF769FF0B69C860581C57
S21401B20003D00B48834228BF03460B614B69581C89
S21401B21003D00748834228BF034688694B61FFF77E
S21401B22055FFBDE808408861104601F07BBC00BFB1
S21401B23040420F00D0F8E0302DE9F04105460C46BB
S21401B24013B1C38D8B424CD0D5F8DC30002B4BD0DC
S21401B2509E68002E48D0D868002845D0013800B234
S21401B26000281ADB002106E0128A591CA24217D2D6
S21401B27009B2884211DB0B1803EBD3735B1003EBA7
S21401B280C30206EB8202B2F80EC003F1FF3EA445EC
S21401B290EAD90FFA8EF08842EDDA2120BDE8F08176
S21401B2A04FF6FF7299B29142F7D09BB203EBC303FC
S21401B2B006EB83062846B6F9122095F83011D5F824
S21401B2C0F080EEF70FFE0746B8F1000F04D000231A
S21401B2D0324628461946C047EC85C5F8E06085F831
S21401B2E039710020BDE8F0810E20BDE8F08100BF75
S21401B2F02DE9F04782B004460F46164601F086FE59
S21401B300002863D14F4D2B68D4F8DCA0D4F8E08038
S21401B3100BB1534576D04FF00009AF6001F09EFEA9
S21401B3200128074665D1204619F08DFD002851D128
S21401B3302B68DAF80010D8F8002013B11868884294
S21401B3406BD0204619F031FDC5E900A8D4F8F050BD
S21401B3508DF80760002D67D00022204611460DF1BA
S21401B3600703A847204600F0EDFF0546B9F1000F98
S21401B3700FD076B9D4F88C300BBB012F05D025B190
S21401B380314B002103205B689847284602B0BDE890
S21401B390F087B5FA85F040F207523321400900F0F4
S21401B3A0BBF83146204601F00BFA284B05461B68D0
S21401B3B0414620469847D4F88C30002BDDD0002239
S21401B3C04FF40073204600F0E1FBD6E700231D4D45
S21401B3D06B6098E794F82530DA07A9D5D4F894304D
S21401B3E05B05A5D51A4B0122002120461B6898470C
S21401B3F09EE70021012000F001FC01F02FFE01284C
S21401B400FBD190E76B68002B85D0434583D1AB68B1
S21401B4109F4215D04FF001097FE7696811B10968AD
S21401B420914291D059688CE794F82A1094F83931F2
S21401B4303246994228BF1946204600F0D1FE91E7D0
S21401B4400025A2E7D0620020AC660020A06600209E
S21401B45030520020F8B50F4605461DF0E4FF394688
S21401B46006462846FFF7E6FE044620B130461DF0A4
S21401B470D5FF2046F8BD01F0A7FD224639462846ED
S21401B480FFF736FF04460028F0D1284619F0DBFC0A
S21401B4900028EBD095F8253013F001030DD0D5F830
S21401B4A0942052050DD5B5F82A21BA4205D0B5F833
S21401B4B02C31DB1BB3FA83F35B09034A82F8C430F1
S21401B4C0D4E72346F9E700BF001E00B013B50446D3
S21401B4D0694619F07CFA204619F0C0FBFF2802469F
S21401B4E006D020469DF80010EEF77AFD02B010BD9A
S21401B4F00048FBE70080FFFF38B5044D044C054BC0
S21401B500286021601A601DF089FC38BDC0510020FA
S21401B510A8660020C451002010B550B90548064B56
S21401B5200160064802601868054B18601868FFF746
S21401B530E3FF10BDA86600201C530020C451002064
S21401B540C05100202DE9F0418AB001AC05460B46FA
S21401B5502746194A02F1200C26461068516808321F
S21401B56003C662453446F7D1002B08BF3B46002789
S21401B57010681C463060384603F10C0690B95FFA35
S21401B58087F842462846218819F060FC50B94246A1
S21401B5902846E18819F06BFC20B942463146284618
S21401B5A019F077FC0137032F06F1080604F10204AF
S21401B5B0E4D10AB0BDE8F081B8600400F0B589B006
S21401B5C005460E4619F074FC044600BB01AC06F1B4
S21401B5D00C070FCF0FC497E8070084E8070001A9FE
S21401B5E02846FFF7F9FD2846311D19F03BFE0446B3
S21401B5F048B92846074901F057FA044618B92846BB
S21401B60001F0C6FD044628463168FFF79BFF204639
S21401B61009B0F0BDB0600400014919F02BBA00BFB3
S21401B62061D1010070B5164E032804460D463378E5
S21401B6301ED023FA04F202F00102AA421DD053B131
S21401B6400122A240A54023EA02032B43DBB233705A
S21401B6504BB1012070BD2DB10A4B01201B689847E4
S21401B6603378EDE73570074B00201B689847F0E705
S21401B6709A07DED003F0FC03E9E7002070BD00BFA7
S21401B6801A6000200452002038B504460D4605F025
S21401B69077FD60B101F0C6FC48B9012D07D801203D
S21401B6A019F0B1FB0D4B1B6823B15B6898470C4B37
S21401B6B01C7038BD1EF00EF80A4B1A68801A186006
S21401B6C01CF026FD4FF47A72074B1B6802FB003014
S21401B6D019F0CEF9012001F0ADFCE8E72852002070
S21401B6E0A9690020FC51002000520020F8B505464B
S21401B6F00C461DF098FE104F06463B7833B1012DDF
S21401B70004D01CB90D481CF055FC3C702146284657
S21401B710FFF788FF0A4B04461B783BB93B782BB9E9
S21401B72019F065FB10B1074B1B68984730461DF0B2
S21401B73075FE2046F8BD00BF1B600020D8510020D2
S21401B7401A600020AC660020054A0B46117831B11C
S21401B75000211170034A012152681878104770477A
S21401B7601B600020AC660020124B0239012910B57F
S21401B77018701ED805F004FDD8B101F053FCC0B115
S21401B78001F034FAA8B90C4B1C6834B12368984709
S21401B790BDE81040002019F036BB19F067F9074BD9
S21401B7A018601DF097FF064B1860204601F042FC1A
S21401B7B0EEE710BDA96900202852002000520020A3
S21401B7C0FC51002038B5044680B11DF02CFE012145
S21401B7D0044608461CF092F801210B4A084615F06B
S21401B7E0CDFD2046BDE838401DF018BE1DF01BFEFD
S21401B7F00546214601201CF081F801202146024A17
S21401B80015F0BCFD2846EDE7A1360400F0B585B07D
S21401B8101DF009FE344D04462B7823B133481CF045
S21401B820C9FB002852D11CF04FFC02AA03A919F04B
S21401B830C8FA0346002838D019F0D7FA029B984276
S21401B8401CD100202A4B03991B682A4E994230705E
S21401B85020D90027C91A012324482B70264A3346CB
S21401B860CDE900771DF012FF002837D1234A13785F
S21401B870D90701D53178F9B1204611E019F0B3FAAC
S21401B880029B984228D0002318461949194A09688C
S21401B890137003910121FFF7C5FE002320462B708C
S21401B8A01DF0BCFD002005B0F0BD20462B701DF03C
S21401B8B0B5FD212005B0F0BD03F0FE031370002B8B
S21401B8C0DAD10F4B1B6898472046E9E720461DF062
S21401B8D0A5FD0E2005B0F0BD0220B3E703232046E8
S21401B8E02F703370F3E700BF1B600020D851002093
S21401B8F0F8510020A869002049B701001A6000200D
S21401B9000452002038B51DF08EFD0F4D04462B78ED
S21401B9109BB90E4A0E4913700E4B0F4A0F481A6018
S21401B9200F4A5A60EFF788FF0E490F48EFF784FF7A
S21401B9300E4B0F4A1A6001232B70F0F787F820464A
S21401B9401DF06CFD002038BD1C6000201B6000202F
S21401B950DC600400AC6600200DB80100C851002070
S21401B960EDB60100E4600400D0510020045200202E
S21401B970C5B701002DE9F0438F7880460F2F0C469E
S21401B98085B003D9212005B0BDE8F08327B901238E
S21401B990374A00201370F6E70D784E78EDB9002E81
S21401B9A0F0D194F90310E08803F00AF82128E9D0D1
S21401B9B055EA0603A088DFF8C89013D003F064F8B0
S21401B9C04FF60403B9F8002001469A424BD1AE4225
S21401B9D0334638BF2B4600262DE0082DD2D8082E38
S21401B9E0D0D8DEE703F050F84FF6040501464FF6CF
S21401B9F00500204A136E9BB2AB4208BF0346B1F561
S21401BA00803FA9F800300FD902230825136680234A
S21401BA100126C2F880302B4649084FF6FF720139DD
S21401BA20914228BF114608E08023012608251666A4
S21401BA30C2F880302B460029EFD100220292012263
S21401BA40013FFFB2009201972A4608F1F80002F082
S21401BA50B7FE1EB14FF48012074B5A65074BA2681A
S21401BA601A60022394E703480266A9F80030AEE79D
S21401BA701D60002000C001B800D001B8105200209F
S21401BA803269002010B50446D0F818210B4B4FF44C
S21401BA900061C3F8A82090F82420D20102F40062C5
S21401BAA005F0D2FA94F8243013F0100F4FF4007317
S21401BAB014BF034A034A136710BD00BF001E00B03F
S21401BAC0001002B8002002B8431C07D06FF0FF0236
S21401BAD0034B10401A62A3F580531862704700BFEB
S21401BAE000E000B8F8B504460F4616461DF09BFC6C
S21401BAF00546A047044620B128461DF08FFC204687
S21401BB00F8BD04F07FFC04220549D1F8D83E23EAAB
S21401BB1007033343C1F8D83E024B1A67ECE700BF70
S21401BB20001000B0002002B800F01803182B0AD04D
S21401BB3003070AD440F2011310F0100018BF18468C
S21401BB40034B186570470020FAE70120F8E700BFAD
S21401BB50001F00B0044B1868830654BFC0F30F20C3
S21401BB604FF6FF70704700BFF852002038B10368E7
S21401BB70044A002B08BF1346034A13607047014B63
S21401BB80FAE700BFBB4A0300B866002010B4D0E94C
S21401BB90544122400B4052EA030104D003495DF8A8
S21401BBA0044B096808475DF8044B7047B8660020E7
S21401BBB00F2938B505460C460ED801F04FFA012874
S21401BBC00CD1074A2846D36B23F00F032343D363D4
S21401BBD019F07DF9002038BD2120FCE70220FAE7A4
S21401BBE0001F00B0014B186C704700BF001F00B06B
S21401BBF0014B002019647047001F00B003282DE98F
S21401BC00F347884655D82C4B13F800902B4B1E5CF7
S21401BC102B4B13F800A01DF006FC074604F03EFB74
S21401BC20054640B100230022CDE900330120002360
S21401BC30002104F079F904F039FB48B10023002211
S21401BC40CDE90033002000234FF4004104F06CF9E5
S21401BC506EB31C4BDC6C04F008041B4B3146DC64F1
S21401BC60484604F02DFC52463146484604F092FC04
S21401BC70164BDC646DB1164B1868D0F89410F8308A
S21401BC8003F06EFA13490868FFF71EFF4FF0FF3303
S21401BC900B60B8F1000F04D00F4B002103205B6846
S21401BCA09847384602B0BDE8F0471DF0B7BB3446AA
S21401BCB0D3E702B0BDE8F087F4600400F06004004A
S21401BCC0EC600400004000B8006000B8005000B806
S21401BCD01C530020B4660020AC6600200F4A136F88
S21401BCE013F0A00F15D1506F10F0040013D10C4BB8
S21401BCF0D3F8D83E23F07F4323F0FF035BB1D3682C
S21401BD00C3F30362092A07D0B2F10C0018BF012061
S21401BD107047002070470120704700BF000002B83E
S21401BD20001000B070B50D46064620B91A4B1B68C8
S21401BD30A3B10E2011E001F091F9012829D1174B8A
S21401BD4093F90040C4F11C04641BC4F11C03002BCE
S21401BD50B8BF5B42232B0CDD212070BD81EAE17365
S21401BD60A3EBE173DBB2232BF6D80C4B1970002042
S21401BD70F3E786F828501DF056FB094AE402D3691A
S21401BD8004F4FF2423F4FF231C43D4611DF046FB77
S21401BD90EDE70220E1E700BF1C5300201E600020F3
S21401BDA000C000B818B9034B93F90000704790F92A
S21401BDB0280070471E60002010B5044619F043F8AD
S21401BDC010B1012001F0D4F92046FFF75BFE1DF00B
S21401BDD02AFB0A4A0121D2F8A030044623F02003A8
S21401BDE0C2F8A0300222064B08469A60054B5B68F3
S21401BDF0984720461DF012FB002010BD001E00B023
S21401BE00001002B8AC660020064B5A6A920207D4AC
S21401BE10D3F8803013F4706F14BF012000207047F0
S21401BE2001207047004001B8F8B50E46D0F89430AE
S21401BE3002EA010423EA01032343C0F89430464A88
S21401BE4001F00B0323EA0401D1642340A2F58052DA
S21401BE50D3647207054610D50121FFF7D5FF60B1FF
S21401BE6004F0D0FA4FF4007314F0040F14BF3B4AE9
S21401BE703B4A536204223B4B1A67F30606D514F07D
S21401BE80100F14BF00221B22374B5A6537061DD5EB
S21401BE90200616D54FF40012304B1A62012203F524
S21401BEA08053C3F800211DF0BEFA0E210746032079
S21401BEB003F09EF840F201222B4B3846DA621DF061
S21401BEC0ADFA214605F1F80003F04AF9F10503D56C
S21401BED0E2052AD503F05CF8B30503D5A70527D5F7
S21401BEE003F062F816F48C6F1DD014F4806224D02F
S21401BEF095F82530DC070CD5EA8DB5F82A31934242
S21401BF0019D0B5F82C31981A43424341174A82F8A2
S21401BF10C430D5F8E410284618F0D0FD8022144B22
S21401BF20D864144B1A610020F8BD03F02BF8D3E750
S21401BF3003F034F8D6E70123E8E77105E9D595F86B
S21401BF402530DB07E5D5094B114683F8C4200A4B9B
S21401BF5028461B689847DCE7006000B8005001B827
S21401BF60006001B8002002B8004000B8001E00B012
S21401BF70001F00B0000002B830520020014B1868C4
S21401BF80704700BF1C52002037B51DF04CFA002444
S21401BF9001230022CDE90034002305461946104648
S21401BFA003F0C2FF022002F0E7FA064B21461C60AE
S21401BFB0054B02205B68984728461DF02FFA20465D
S21401BFC003B030BD24520020AC6600202DE9FF41AD
S21401BFD002290D4616469846039004D1FFF7D4FF72
S21401BFE004B0BDE8F0811DF01EFA1E4F04463B6802
S21401BFF03BB1B34205D01DF011FA002321203B606E
S21401C000EEE7194B0022C3F800803E6000230126AC
S21401C0104FF0000810461946CDE9006603F084FF8C
S21401C020124B022083F8008002F0A6FA43462A4605
S21401C030022003A902F0BEFA0D4B039A1A6008B952
S21401C0402046D8E70B4D2B689847212804D0204678
S21401C0501DF0E4F90020C3E731466B6802209847DB
S21401C060F5E700BF24520020205200202060002067
S21401C0701C520020AC660020044B5B6E5B054EBF75
S21401C0800120034B187800F00100704700C001B88A
S21401C090206000200A78022A11D0101F4242424135
S21401C0A052004B781201022B0BD0191F4B424B4109
S21401C0B05B000549054842EA8312FFF713BD0122DA
S21401C0C0EFE70123F5E700BFF0FFFF00A5D0010071
S21401C0D00B78022B10D0181F434243415B004A786D
S21401C0E0022A0BD0111F4A424A4152000F2104482E
S21401C0F043EA8202FFF7F6BC0123F0E70122F5E7E7
S21401C100D1D001002DE9F8430E780446042E0D46E1
S21401C11090F830810BD100275FFA87F9484601F085
S21401C1207DFD08B14E4602E00137042FF4D13046BA
S21401C13001F074FD002849D094F83031B34209D19A
S21401C140AA88D4F8A8309A4204D16A88B4F8323161
S21401C1509A4238D084F83061AB883046A4F834313E
S21401C1606B88A4F83231AB8804F59875C4F8A8300A
S21401C170FF2384F82B3018F05BFF84F82A0028464A
S21401C18001F078FC18BB284601F03EFDF8B9D4F85A
S21401C190E03053B194F83011414506D02046B3F94A
S21401C1A01220EDF79FFE84F83901204601F09AFE31
S21401C1B00949A4F834010123084AD1F8FC1004F116
S21401C1C0F80003F0AFFC0020BDE8F88321200C2323
S21401C1D084F83031F8E700BF001F00B0581F00B0E8
S21401C1E0F8B5054690F830010C460C28164623D0C3
S21401C1F0FF2923D01AB14FF0FF32114B1A6018F005
S21401C20017FF074695F8300101F068FD844228BF04
S21401C2100446E4B2BC4238BF3C46E0B285F82B0087
S21401C22001F002FEFF280CBF2124002416B928467F
S21401C23001F068FD2046F8BD0224FBE72124F9E75A
S21401C240BC66002010B590F8303104460C2B43D064
S21401C250D0F8E03080F82A10D3B3D0F8F020CAB96D
S21401C26090F839318B421BD300222046FFF7B8FFE6
S21401C27040BB1A4B1B78022B23D8204601F032FE16
S21401C28017490123174AD1F8FC1004F1F80003F00E
S21401C29049FC16E0B0F94220B3F912309A42E3DDC8
S21401C2A00022204694F83911FFF79AFF50B9C4F8D6
S21401C2B0E000204618F005FB4FF6FF739842014652
S21401C2C001D1002010BD2046BDE81040FFF7C2B8DE
S21401C2D0FF2380F82B30F4E70220F3E736690020CD
S21401C2E0001F00B0581F00B0F0B51D46144B0446A1
S21401C2F01B780F46164685B05BB1D0F8E030E3B147
S21401C30002AAB3F912300092002213F099FF05B089
S21401C310F0BD02A918F05BFB9DF808103A462046CE
S21401C320EDF7E0FD014626B92A462046FFF758FFFD
S21401C330EDE72046FFF786FFE9E71846E7E700BF87
S21401C34042380400D0F89C30012B01D10020704700
S21401C35070B5044665498CB018F09FFED4F8E060CD
S21401C3600146E58DC4F8E40026B1336813B15B6875
S21401C370002B71D11DF057F81DF050F80123D4F8A9
S21401C380E4108DF80630B389D6E90120EB1A9BB28A
S21401C39000FB03225648ADF80430036800928B4236
S21401C3A007D0204618F08AFB80225249524BC864B7
S21401C3B01A61514D00F052FE0128FBD1AB689E0672
S21401C3C0F8D420469DF80620009906AB03F0E6F85F
S21401C3D000283ED100F042FE0128FBD1464A136FE9
S21401C3E0D801FCD493689906F9D4684606A903F0E7
S21401C3F08DFA054668BBE28D404B5A6494F82430AA
S21401C40060F3410384F8243000F0EEFFD4F8E03006
S21401C4105969431E0E68DBB2FD2B029622D9F31C26
S21401C42034D84B68FF2803935ED10126DA1C25D841
S21401C430024602A9204618F059FDE6B9D4F854314F
S21401C44099053FD494F8243043F0020384F824304D
S21401C45011E002200CB070BD1A68032A8AD99B6AC3
S21401C4605B0E8EE74B6801280393DED0024620461A
S21401C47002A918F03BFD00200CB070BD0133204B23
S21401C4805B6816D0DA1C23D80393D1E71C4B013620
S21401C4901B6818BF0126DD1C06D802934B68FF28CF
S21401C4A00393C3D00020C3E7FF284B6819D003933A
S21401C4B0C3E7DD1C0FD80246204602A9039318F0F5
S21401C4C015FDBBE720464FF4803118F097FED2E702
S21401C4D0FF28B2D1E6E7FF28B0D10022204602A904
S21401C4E0EDE701200393A1E72A46C0E7FC1F00B051
S21401C4F00C520020001F00B0000002B8008001B8F6
S21401C500C466002010B50C4619B118F09CFC00B1A9
S21401C5100434204602F0B8FA024B4042C3F8C80E73
S21401C520002010BD001000B0838E70B593420C46FB
S21401C53015461CD3836C8B4208BF00241CF073FF86
S21401C5404FF49C530B490646CA68C2F30362D340B4
S21401C550DA0702D50B6F9B0304D401222946204635
S21401C56001F016F830461CF059FF002070BD21205E
S21401C570FCE700BF000002B82DE9F84F0646154655
S21401C5800B4611B92120BDE8F88F002AFAD00329FD
S21401C59005D8002201F05EF903460028F2D01C8877
S21401C5A09978B4F5804F01F0070080F0C580A0F1BE
S21401C5B0070C1A7993F805A0DF88DCF1000343EB3A
S21401C5C00C0305282B7394BF0023C1F30013C1F39A
S21401C5D0801C6B738B0985F810C003F00203C1F34E
S21401C5E0C00C43EA0C03C1F340116B74A974AF820B
S21401C5F0002A40F0828096F81E31013BDBB2EB74D4
S21401C600D6F89430DF0600F18380063801287FD8FB
S21401C610B6F81280F76908F1FF38484B083C04EA7F
S21401C62008045B6D3B5D0134802B0EBF6FF07F030A
S21401C630323B5BB2AB730023AB6096F8279004EAFB
S21401C6400804B9F1000F61D1631D03EA08035A1CFF
S21401C65002EA0802BA5CFB5C43EA0223D9040FFA39
S21401C66083FB4CD5D6F8E43013B11B68022B05D8F2
S21401C67041F24D724C210020FEF74EFFD6F8E42021
S21401C680CBF30B0392F82420DB000AB1B3FBF2F3E1
S21401C6909A4508D83BB1CAEB0A2ABAFBF3FA6FEA05
S21401C6A00A0A5FFA8AF9D6F8EC3023B1484695F9BA
S21401C6B00E1098478146631C85F80F9003EA08031D
S21401C6C0F95C013303EA0803FA5C013303EA080361
S21401C6D041EA0221FA5C013303EA0803F85C41EA05
S21401C6E00241002341EA00616A7C304603F0D8FA31
S21401C6F006232860AB71002045E7531E7EE717F836
S21401C70004904FEA49095FFA89F9CCE79946D2E7DE
S21401C71000230020EB730A4B5A69C2F30723120465
S21401C72048BF63F0FF035AB212F1800F1CBF323BC1
S21401C7305AB2AA730346DCE7022024E7004000B899
S21401C74000C000B838B5148811F003054FEAC404D8
S21401C75022D13F2C20D9B4FA84F4C4F11903DBB2F8
S21401C760052B01D8192C15D0052B28BF052301242C
S21401C7700633DBB29C40C4F3CF031380038281618E
S21401C780448700F02DFF054A631E2343C2F8A430F8
S21401C790284638BD2B46EAE72125F9E7001E00B0FA
S21401C7A011F5004F1FBF01F30E01044BC1F30E013B
S21401C7B0002014BF99642120704700BF008001B893
S21401C7C0F8B504460E4619B990F824305A063FD4F7
S21401C7D04FF6FF73618ED4F8E470994204D0314B62
S21401C7E01B680BB1204698472F4D2B68BB424DD096
S21401C7F02E4B1B683BB11FB13A68002A48D0BF6870
S21401C8003946204698470727204601F06BFB002E45
S21401C81032D006270126264B94F9282093F90030BA
S21401C8202449C3F11C039B1ACA69DB0222F4FF22C6
S21401C83003F4FF231343CB61D4F8E4301E4A2B6084
S21401C8401E4B976720461E7018F041FB0020F8BD6E
S21401C8504FF6FF71144DD0F8E4702A6866F386131C
S21401C8609742418680F8243017D0104B1B68002B66
S21401C870C1D101F037FB072711493B46114AD1F8D0
S21401C880FC1004F1F80003F04DF9C2E70127BBE7FD
S21401C8901746204639469847B5E701F023FB01279E
S21401C8A0EAE700BF185200200C5200201452002064
S21401C8B01E60002000C000B8006000B81F600020A5
S21401C8C0001F00B0581F00B0054A12681AB190F850
S21401C8D01E1119B91047084602F0AABB0148704755
S21401C8E00852002000FEFFFF344B2DE9F7431C6879
S21401C8F001F4007900F00103174653EA09020646DF
S21401C9000D4635D04FF000083BB30023002200212E
S21401C9100120CDE9008803F007FB042001F02CFE7E
S21401C92041462046FFF7D0FF0122414620861046A9
S21401C93017F079FFD4F8941004F1F80002F010FC17
S21401C9401F490868FFF7C0F84FF0FF330B6094F8F3
S21401C950243043F0040384F82430B9F1000F07D0E3
S21401C9600121204618F04AFC25F4007506430D43C4
S21401C9702B4632462046FFF709F9FB070FD511492A
S21401C980114A086800211368116001210F4A1170CD
S21401C99003B198470E4B002102205B68984717F0B9
S21401C9A00E0F08D04FF409723B21002003B0BDE8FA
S21401C9B0F043FEF7B1BD03B0BDE8F0831C53002081
S21401C9C0B46600202052002024520020206000205F
S21401C9D0AC66002008B5482200210248FDF72CFF6E
S21401C9E0002008BDDC1E00B073B578216422A0F8D3
S21401C9F0141182210C23C0E94112C0E94322C0F878
S21401CA00002107224FF0FF35002680F830314FF61F
S21401CA10FF730446C28700F14C0282641E4AC38536
S21401CA20A0F8403080F82C3043864263038780F8B4
S21401CA302860C0F8A850458580F8265003F03EFCD3
S21401CA402046FFF7C7FF94F928102046FFF76AF93A
S21401CA50602340F6FF71114A2046D36402F11C425E
S21401CA60D162D1650E4A2946D36440220D4B1A671E
S21401CA70D4F89420FFF7D8F90E230022CDE900332D
S21401CA8040F202231046194603F04EFA01F0E2F88E
S21401CA90304602B070BD00BF4000FFFF004000B846
S21401CAA0005000B8002002B810B50C46FFF792FF00
S21401CAB0BCB1A378082B16D8E278082A13D843EA23
S21401CAC0021313F0FF030CBF19466168074AC2F848
S21401CAD0DC10217882F82011617882F8233182F8FF
S21401CAE02111002010BD2120FCE700BF001E00B070
S21401CAF0012A10B512D8032B10D803EB82020123AA
S21401CB00074C934094F82201DBB221B10343002085
S21401CB1084F8223110BD20EA0303F8E72120F9E763
S21401CB20001E00B0034670B50C68B0F8342101341D
S21401CB3008BFD3F800418D6808BF0C604C68F83018
S21401CB40013404BFD3F80C414C606E1C3CD1D3F8C1
S21401CB500841CE688C60751C3CD1D3F804510E692F
S21401CB60CD60013604BFD3F8F8600E614E69013618
S21401CB7004BFD3F8FC604E618E69013604BFD3F85A
S21401CB8010618E618E695EB35A32B24238BF324648
S21401CB900E688A6116B15A2E38BF5A26C3F8084164
S21401CBA04C68C3E94065C3E943420A69C3F8F82003
S21401CBB04A690C49C3F8FC20D1F8FC1007230A4A3D
S21401CBC002F0B0FF002070BD02F15A04AC4238BF3B
S21401CBD02C46BEE702F17805B54238BF3546BEE7BA
S21401CBE06422D5E7001F00B0581F00B070B51CF0D6
S21401CBF01AFC04460B4E00F031FA012805D02046F7
S21401CC001CF00CFC0225284670BDF36813F0706F0B
S21401CC10C3F30365EFD1B36ADB06ECD520461CF0FF
S21401CC20FDFBF0E7000002B838B51CF0FCFB4FF640
S21401CC30FF710A4A13888B4203D11CF0EFFB0E20CA
S21401CC4038BD074C074D1B046566A4F58054636622
S21401CC5011801CF0E3FB0020F2E700BF34690020DE
S21401CC60006001B80000FFFF2DE9F74304460F46B8
S21401CC7015461E46FFF732F830B3A38A23B3204683
S21401CC8017F0E7FE78B9002E40F0F280794BD3F822
S21401CC90D83E03F03002102A00F0EA8003F0C00309
S21401CCA0402B00F0E580DFF80082D8F81430D90771
S21401CCB040F1DE801CF0B7FB0646032001F058FD6C
S21401CCC030B130461CF0AAFB022003B0BDE8F08369
S21401CCD0D8F8142012F00608F3D130461CF09EFB5B
S21401CCE0644B4FF400612046D3F8D89ED3F8AC6E5F
S21401CCF004F0BEF940B14FF4007201215E4B0846C4
S21401CD001A67424617F08FFD94F82530DA0707D5E3
S21401CD10D4F894305B0542BF4FF40022574B1A6794
S21401CD2039462046FEF796FB524BC3F8D89EC3F809
S21401CD30AC6E0028C9D194F82430980601D4002D91
S21401CD4057D0C5F3400003F023FB022315F4807F80
S21401CD501BBF0021494A484A136717BF484A136751
S21401CD605161136303F04EFB4FF4806315F0040F1B
S21401CD7014BF444A444A15F0400F53624FF0040270
S21401CD803D4B28461A674FF0400314BF3F4A404ABE
S21401CD90C2F88830FEF7C8FE204617F084FF38B187
S21401CDA04FF4807315F0010F14BF344A324A1367EB
S21401CDB0A90647D54FF6FF72B4F8403093420FD01C
S21401CDC0344A3549526E100CC2F301120132B3FBDC
S21401CDD0F2F308802B4A2C4930481B0448665366F8
S21401CDE0003D18BF012594F8243065F3451384F8F7
S21401CDF02430204618F027F8F0B1204617F053FFEC
S21401CE00D0B14FF40031204604F032F9431C03221E
S21401CE109BB2234801A918F0CEF89DF8042002F031
S21401CE200703052B9DF8053015D112070DD443F4E1
S21401CE3080731C4AC2F8B830002003B0BDE8F04346
S21401CE4018F0C6B8FFF7F0FECAE713F0040F09D1D1
S21401CE509DF80630EBE703F03002202A05D113F0E7
S21401CE60010FF4E74FF48073E3E79DF80630E0E73F
S21401CE700E202AE7001000B0002002B8001002B809
S21401CE8000400054005001B8006001B800D000B85E
S21401CE9000E000B8004001B8346900200000FFFF40
S21401CEA008400054001E00B000C001B82DE9F3414F
S21401CEB00646884615461F461CF0B5FA044603206A
S21401CEC001F056FC38B120461CF0A8FA0E24204684
S21401CED002B0BDE8F081042001F04AFC0028F2D13E
S21401CEE020461CF09BFA01232A4641463046FFF7AE
S21401CEF0BBFE04460028EAD1DFF8C8805FB388F895
S21401CF00000039463046FEF735FD00284CD198F82A
S21401CF100030012B1CD02022244B1A67244BDB6CDB
S21401CF20B3F5817F1FD2012018F093F81CF07BFA2D
S21401CF30204B06461B680193CBB901F093FC15F014
S21401CF40800526D101F0E0FC284603F0F5F925E03E
S21401CF5003F008FABBE798F80030012BF8D0002B55
S21401CF60D9D12124B3E78022134B1A61DBE70420D1
S21401CF7001F002FB00230122042001A901F01AFBA3
S21401CF800028DAD103F056FA212430461CF046FA7E
S21401CF909DE70022094B9A6701F0B6FC084B012178
S21401CFA05B6800209847F0E7044690E7001002B857
S21401CFB0001F00B010520020000002B800C001B8E7
S21401CFC0AC6600201D60002008B50C4BD3F84C1150
S21401CFD04B1C12D011F080410FD1094B1B6813B1C5
S21401CFE00320FEF70BFE4FF080624FF40071054BF5
S21401CFF0DA67054AD16201225A6108BD0080E00F56
S21401D0001C530020001002B8004000B84FF4002264
S21401D010034B186F03F500531A67C0F3C0407047FF
S21401D020000002B8024B586900F00100704700BFCB
S21401D03000C001B8084B5A69D10707D508B901F0F5
S21401D04077BA5B69DA0706D401F064BA5B69DB0775
S21401D05001D40028F8D1704700C001B80F4BDB6837
S21401D060C3F30363013B0B2B0FD8DFE803F006067F
S21401D0700C06060606080A0808080220704704205F
S21401D08070470520704703207047054B5B6913F016
S21401D090060F0CBF01200420704700BF000002B835
S21401D0A000C001B8094AD368C3F303630B2B08D049
S21401D0B06FF49050184100F0010080F0010040002C
S21401D0C07047106F10F48030EDD17047000002B841
S21401D0D00C4AD368C3F30363062B07D8042BD8B2D4
S21401D0E00BD8C31E5842584140007047072B06D143
S21401D0F0D2F830010028ECD170470220704700209A
S21401D100704700BF000002B8094BDB68C3F3036336
S21401D1109A1E012A8CBF00220122012B02701EBF1B
S21401D1204FF4026222FA03F303F001030B70704717
S21401D130000002B8094AD368C3F30363032B01D086
S21401D140072B08D1536FDB0605D4906F80F00800DB
S21401D150C0F3C00070470020704700BF000002B84F
S21401D160024B0022196817F04FBE00BF5861040039
S21401D170024B1B6803B11847704700BF3C520020A2
S21401D180024B1B6803B11847704700BF3852002096
S21401D19010B5FF224FF6FF71044617F057FE68B927
S21401D1A0FF224FF6FF71204617F061FE30B9204688
S21401D1B0BDE81040FF22024917F06BBE10BD00BF4C
S21401D1C0FC6004002DE9F0411C46184B05461E681C
S21401D1D00F46904646B1306801F01CFEF3681BB15D
S21401D1E0B368186801F016FE114B1B682BB1DA689C
S21401D1F01AB19B68186801F00DFE9DF81830640797
S21401D20044EA08425B0503F0BC6342EAC7621A437C
S21401D2102846084942F4C87203F016FF0022284641
S21401D2201146FFF781F90020BDE8F0815461040042
S21401D230586104009007E12D08B5FFF77BFF88B120
S21401D240094BDA6912030DD5186F10F4003009D1B5
S21401D2509B6F13F0100F4FF010030CBF034A044AE4
S21401D260936708BD0220FCE7000002B8001002B870
S21401D270002002B838B50446F8B1124AD3691B0338
S21401D2801DD5556F104BC5F38115032DB3F8B4307A
S21401D2900DD10822083B9BB221460C4817F08BFEA5
S21401D2A00020084B25729B6F1B0A637238BD022D46
S21401D2B005D1023B2A469BB2EEE72120F6E7022083
S21401D2C0F4E700BF000002B8001E00B0384000546A
S21401D2D0431EDBB2FD2B14D9FF280B6801D14A6827
S21401D2E0134313F0802F1EBF42F20102074BC3F80F
S21401D2F0282251F82020054BC3F85022C3F85422A7
S21401D30070470128F5D10023E9E700BF004001B8C6
S21401D310F0B585B06D460E460F4B074614460FCB4B
S21401D32085E80F000D4BD3F848020090D3F84C2245
S21401D33001923EB1631EDBB2FD2B0AD93060FF2C91
S21401D34000D1726022462946384617F0CFFD05B057
S21401D350F0BD012CF4E700BF046104000080E00F7B
S21401D360F0B585B06E460D4B07460D460FCB86E8E9
S21401D3700F0000F039F8314604460246384617F0E9
S21401D3802EFF4DB140B9FF2C1BBF04AB03EB840449
S21401D390009B54F8103C2B6005B0F0BD04610400FE
S21401D3A030B50C4B0546187085B0082380B90A4A7B
S21401D3B0C2F8FC3351B96C46084B0FCB84E80F001A
S21401D3C0074B2A4621461868FFF7A2FF05B030BD75
S21401D3D0044AEDE7AA690020001002B814610400AF
S21401D3E01C530020002002B8014B1878704700BF7C
S21401D3F0AA690020124BD3F8E020D2031ED54FF4C1
S21401D40080321049C1F8E020A1F58051C1F8EC2026
S21401D4101A6CD1B2C2F30722C3F88010C3F8802079
S21401D4200422C3F880200022C3F88020C3F880209D
S21401D430C3F88020C3F88020C3F88020704700BF5F
S21401D4400040005400600054F0220A4B01219A6407
S21401D450A022A3F580539A64074B826CC3F8C010D0
S21401D460FC21C3F89810C3F89C204FF40052C3F86F
S21401D470BC207047006000B800400054F8B50D4667
S21401D480174606461BF0CFFF01230421084C094A24
S21401D4902363A760E6602561C2F8E010064AC2F879
S21401D4A084311BF0BBFF0DB102232363F8BD00BF1F
S21401D4B0004000540060005400E100E00222024BEC
S21401D4C058611A63704700BF004000540122044BA4
S21401D4D01A6640F6FF729963D863DA65704700BF33
S21401D4E0004000542DE9F04F042A05460B4683B050
S21401D4F039D901260978141F81615A7803F1040984
S21401D50082619A788261DB7883610368D0F808B01B
S21401D51003F0070306339E4006F1FF3A0AEA0B08BA
S21401D5204768A6EB0802944247F000570ED84946D2
S21401D530224607EB0800FDF70FFB46EA0A0604EB56
S21401D5400B023240AA6003B0BDE8F08F494607EBF4
S21401D55008000192FDF700FB019A384609EB02012B
S21401D560A21B4244E7E7013A032AECD8DFE802F0BF
S21401D5700B08050213F8012B826113F8012BAA612F
S21401D58013F8012BAA611B78AB6103B0BDE8F08FDD
S21401D59038B50C46154601460F4B60B101220F48BF
S21401D5A0C3F8C0202246FFF79DFF1DB104220A4B97
S21401D5B0C3F8C02038BD64B1D3F8A420A24284BF0A
S21401D5C00122C3F8C0200222C3F8A040C3F8C0203D
S21401D5D0EBE70122FAE700BF0040005498400054F0
S21401D5E038B504461BF01FFF01211A4A638F054612
S21401D5F011663BB3B3FA83F3C3F11903DBB2A06937
S21401D600C2F8901093660723D066C2F88C304FF4A8
S21401D610A02302F50052C2F8E030A2F58052C2F80B
S21401D620EC3000220C4B1A600C4B1B6F5B0209D5C9
S21401D6304FF480020A4B04F1F8001A67D4F89410EC
S21401D64001F08EFD4FF4E0232846E363BDE8384041
S21401D6501BF0E4BE0040005440520020000002B817
S21401D660002002B82DE9F84305460C46B1B1D0F8C2
S21401D6701880478F1BF0D7FEB5F83CC0791E01EA2B
S21401D6800C0323F00702032C0646DFF8F8E04244B9
S21401D6905CD1DEF8004024B91BF0C0FE0E20BDE8C8
S21401D6A0F88324F00104DEF8000020F00100A04217
S21401D6B051D10023CEF80030238894426FEA4343C9
S21401D6C06FEA534323803CD1EB8F08EB07091846DA
S21401D6D0083880B202F108044C4528BF44460828A1
S21401D6E004D9B4F800E0BEF5804F3ED263440F4340
S21401D6F01B1A3B409BB2AB87E887118894781C4A7B
S21401D700C1F30C0151645367C2F88C004FF48022B8
S21401D710184B04F00704C3F8E0200122164BC3F8A7
S21401D7208421FFF767FE042C0BD14FF48002134BC4
S21401D73005F1F8001B6F124B1A67D5F8941001F02B
S21401D7400FFD30461BF06AFE0020A8E7601E012888
S21401D75098BF1446A7E7E88F4344E31A48BFDB198E
S21401D76008389842A8DC304696E72246B0E700BF64
S21401D770004000540060005400E100E0000002B8E0
S21401D780002002B840520020144B10B51968CA8F09
S21401D7908B8F488F13440138073B8C69034023F075
S21401D7A007031C4402F108030D4A9BB2CB87C2F85B
S21401D7B08C304FF480220B4BC3F8E02001220A4B39
S21401D7C0C3F88421A07800F00700042803D1074A93
S21401D7D0D3681B03FCD4064B1C6010BD1C530020F1
S21401D7E0004000540060005400E100E0000002B870
S21401D7F04052002010B5064C216839B1CB0703D43E
S21401D800044B1868FFF72EFF0023236010BD00BFEE
S21401D810405200201C5300204FF480320B4B0C4921
S21401D820C3F8EC20A3F50053C1F8E020D3F8881024
S21401D8309A6E012302F0070206329340C1F30C01EF
S21401D840083B994201D8FFF7D5BD704700600054E8
S21401D850005000542DE9F04780460C46164687696D
S21401D860458F1BF0E0FDB8F83C2005F1FF3C02EACD
S21401D8700C0323F00701032C82463944B8F83E0016
S21401D88019D1494C24689CB90244073A02EA0C02B1
S21401D89022F00702BC183B44E31A48BF5B198342D7
S21401D8A010DB50461BF0BAFD00242046BDE8F08789
S21401D8B024F00104EFE7012C02D0022CEBD108384A
S21401D8C00C46E8E7002E3DD08C423FD1374AD2F8CD
S21401D8D044903649B8F81270D1F88820C2F30C0289
S21401D8E0934247DA2588B5F5804FDAD2A378C5F397
S21401D8F00C0503F007037A1EA5EB09053A43052B31
S21401D900337005EA02052DD82DB2E84340F24142B4
S21401D9100421C00FFDF700FE7580E3783374D8F854
S21401D9201C207B1E03EA0903D118B160A9B213FAC1
S21401D93085F5AF422FBF0023FF1AB780F26024BFE0
S21401D940B180F36050461BF069FDAEE7A4F1080212
S21401D950974284BFED0802EBC502B2F80090C9F306
S21401D9600C09B6E7124B5B6D003B18BF0123A5EB14
S21401D970C305C9E70B6C7A1EA3EB09033A431A40A9
S21401D9800C4915B2002DCB680BDCC3F30363D81E1C
S21401D99043424341DB0033708B6F72801B0A337442
S21401D9A0BDE70823F7E700BF4052002000400054BF
S21401D9B0004000B8000002B8054BA822D3F84C017D
S21401D9C03121431C0CBF0120C0F38070FDF7A4BDBC
S21401D9D00080E00F38B5094D0446286840F69702E6
S21401D9E0003818BF01202B21FDF796FDFA235C4372
S21401D9F02B680A20B4FBF3F4604338BD7452002050
S21401DA00174B30B51A68431C164B22D0B2F1407F33
S21401DA101FD3154D00F03F04D5F8002122F03F0238
S21401DA201443C3F8C84001F03F042243C3F8D02092
S21401DA30D5F804310D4A1A400D4B03EA500003EAAB
S21401DA40510110431143074BC3F8CC00C3F8D4105F
S21401DA5030BD00200146C3F8C800C3F8D000F2E785
S21401DA600080E00F001F00B0000002B81FF087E141
S21401DA70E0FFFF7F73B5574E0446317819B91C2273
S21401DA805548FCF7D9FE2378544A618813705180B3
S21401DA904FF0FC62524CFF21C4F8FC204FF47F0289
S21401DAA0C4F808214F4A022B4F4D117033D104237D
S21401DAB007224E49C4F8FC23C5F8FC33C4F800110C
S21401DAC04FF4C071C5F80011C4F8FC234FF480521E
S21401DAD0C5F8FC33C5F870214FF40052C4F8702124
S21401DAE0C4F808314FF4FF13C4F8FC304FF4BB13ED
S21401DAF0C5F8FC308023C4F8703148F2C8023C4BAC
S21401DB00C3F8D8203B4B3C4A0020C3F8C02F012362
S21401DB10337002B070BD394A012BC4F80021384B6E
S21401DB2027D14FF4C072C5F80021D3F83802D3F8D4
S21401DB303C12FFF765FF0723C4F8FC330223C5F840
S21401DB40FC334FF48053C5F870314FF40053C4F8DA
S21401DB5070310423C4F808310DEB0300ECF7FAF832
S21401DB609DF80530023B012B9CBF8023C5F8703120
S21401DB70C3E7244AC5F80021D3F83002D3F834129B
S21401DB80FFF73EFF0723C4F8FC330123C5F8FC3337
S21401DB908023C4F870314FF4805301A8C4F8703163
S21401DBA0ECF7D8F89DF80530012B05D19DF8043027
S21401DBB053B948F25D1309E0FBD9023B012B9CBF28
S21401DBC04FF40053C5F8703148F25813084AC2F8AA
S21401DBD0D83097E721600020C41F00B036690020C6
S21401DBE0002002B8AE690020001002B8C0F10F0094
S21401DBF0001F00B0001000B048520020C0F70F0010
S21401DC000080E00FC0F60F00034B1A6802609B8885
S21401DC1083800020704700BF3669002010B5044697
S21401DC2001F026F80A4BD3F8F83724B983F4002319
S21401DC30C3F3C04010BD012C05D113F4C02F0CBF97
S21401DC4001200020F6E7A31E58425841F2E700BF24
S21401DC50000002B86FF07F42154BD3F8FC379342B1
S21401DC6008D0144A03F03F031370F123124A1370CD
S21401DC70124A13701249134B09781A68A9B1B2F106
S21401DC80A06F12D3D3F850120F4A104BB1F1FF3FD9
S21401DC9018BF13460E4A136041F66A020D4B1B6805
S21401DCA0B3FBF2F30C4A13607047084BF2E700BF70
S21401DCB0000002B8AF690020B0690020B1690020F9
S21401DCC0AD6900200080E00F5082E00F386104004B
S21401DCD0445200209052002074520020012807D0A0
S21401DCE0022802D030B100207047034B18787047E5
S21401DCF0024BFBE7024BF9E7AF690020B069002051
S21401DD00B16900200023F0B590F8304185B0024695
S21401DD102046CDE90133CDF80B30FFF7DFFF92F84F
S21401DD202B30411EC9B28B4228BF0B46002C3CD07B
S21401DD30012C38D1042418464FF00F0C384E0DEB49
S21401DD400405B0FBFCF7F75D013CC01BC0B2814285
S21401DD5038BF00206055002CF3D105240F278DF81D
S21401DD600830B3FBF7F0305C0344DBB28B4228BFCC
S21401DD700B462B5501340B2CF3D10F2602F1A800CC
S21401DD80D43215F8013BB3FBF6F14C1CC1EB011183
S21401DD905B1A0133DBB2E4B21B0443EA045340F8D6
S21401DDA0043F8242EDD105B0F0BD042418464FF081
S21401DDB00F0C1C4F0DEB0406B0FBFCF5EDB27D5DC0
S21401DDC0013C401BC0B2814238BF0020A055002C48
S21401DDD0F2D105240F258DF80830B3FBF5F0385C39
S21401DDE00344DBB28B4228BF0B46335501340B2C60
S21401DDF0F3D10F2502F1A804D43216F8013BB3FB88
S21401DE00F5F1481CC1EB01115B1A0133DBB2C0B25C
S21401DE101B0443EA005344F8043FA242EDD1C2E793
S21401DE20316104002461040038B5284B05461A7890
S21401DE3027490C2A02D1FF20087038BD104617F07A
S21401DE40F7F804461046FFF749FFA84228BF2846C0
S21401DE50C0B2A04238BF20460B78C0B28342ECD095
S21401DE60087088B1431EDBB2022A1A490ED14FF060
S21401DE70FC62C1F8FC20A1F50051D1F8FC2042EA71
S21401DE804353C1F8FC30D8E70346EDE7124A134C7A
S21401DE901268AC32C4F8C02F4FF47F02C1F80821D3
S21401DEA00F49CA6FD202C8D40F22B3FBF2F2551C37
S21401DEB0C2EB02129B1A0133D1F808411B0443EA54
S21401DEC005532343C1F80831B7E700BF3669002080
S21401DED0AE690020002002B81C530020001000B0DC
S21401DEE0000002B82DE9F04F90F830510646D0F800
S21401DEF0A82087B035BB1F2A38BF1F22093A4C24F9
S21401DF00844B85481B6A96F82B10C3F38213DC40BA
S21401DF100368DFF82CA29342DFF828827F4B04F0D7
S21401DF20010414D11F78A74211D19AF80070AF42AC
S21401DF300DD17B4F3F788F4209D1B8F8040007B066
S21401DF40BDE8F08F032A38BF0322023AD7E7026002
S21401DF5098F800001C70FFF7C1FEFF2924D128465F
S21401DF6017F066F807466F493CB3D6F8E4702FB150
S21401DF703B68082B40F2CB8097F838701DBB0B68C6
S21401DF8040F27121B3FBF1F353431922B3FBF2F3D1
S21401DF9039462A4605A8059317F020F802023C04E4
S21401DFA0059842F0110988E0471E8F4228BF0F46A8
S21401DFB0012F38BF0127FFB2D5E7012D29D0022D49
S21401DFC001D0B5B327460B6840F27121B3FBF1F3DC
S21401DFD053431922B3FBF2F33946012207EB072418
S21401DFE005A8059307EB042416F0F8FF7F00032F1E
S21401DFF038BF0327020242EA001242EA0009033F41
S21401E00000F01F0007FA00F0FFF7E4FC00F5FA67DE
S21401E01058E00F23B7FBF3F3581CC3EB0313FB1AAB
S21401E0200133DBB2C0B21B0443EA0053C3F3074714
S21401E030C9E70C6840F27121B4FBF1F40F23544395
S21401E0401922B7FBF3F3B4FBF2F43748374A0068FA
S21401E050A2FB0412013350FA83F313F8013C039236
S21401E060A3F140012A4603A8019316F0B7FF039FC8
S21401E0702F4AE41BA2FB041200903021049204A84C
S21401E0802A4616F0ABFFDDF810B08146A4EB0B0470
S21401E09001220594102144F2100405A816F09EFFF3
S21401E0A0009B1A02019B42EA091244EA0344059BBB
S21401E0B042EA000907EB0B001844FFF78BFC00F55A
S21401E0C00C57283740F6FF711A4B3846C3F8C01074
S21401E0D0A3F58053C3F8C090A3F58053C3F8C4409A
S21401E0E0154C276001F0B0FC4FF47A72134B404296
S21401E0F0986523680A49B3FBF2F3A8F8043096F84A
S21401E1002B30B7FBF2F08AF800500B7017E70027A8
S21401E11034E700BF004001B8BC6600202260002042
S21401E120AB690020905200204452002069C2F56875
S21401E130911E856B006001B878520020001F00B068
S21401E140AC69002036690020014B1870704700BF8B
S21401E150AD69002010B5044603F012F878B1174BEC
S21401E1601B786BB964B1164B1B784BB1154B1B78FA
S21401E170013B012B04D84FF40042134BDA6710BD64
S21401E180124BDB6F1B04FAD41BF04DF94FF400421F
S21401E1900F4B0446DA67A3F5A0435B682BB1FEF785
S21401E1A041FF10B1022016F054FF0222094B20460F
S21401E1B0BDE81040C3F884241BF030B9236000206A
S21401E1C0246000207C520020002002B8000002B823
S21401E1D0001002B800D003500122024B00201A7032
S21401E1E0FFF7B8BF236000200022024B01201A70FF
S21401E1F0FFF7B0BF23600020F7B50646504C00F08D
S21401E20037FD504B2578504F1E7085BB2846FFF7CB
S21401E210A1FF2378013B012B19D8E37B01A88DF8D8
S21401E2200430237C8DF80530E9F738FAC7F88454B2
S21401E2304FF6FF72454BC3F88420F822A3F58053AE
S21401E240C3F884200022404BC3F884240DE04FF627
S21401E250FF723E4BC7F88454C3F88420F822A3F516
S21401E2608053C3F88420C7F88454394B5BE0002000
S21401E270FFF770FF2378013B012B08D8E37B01A849
S21401E2808DF80430237C8DF80530E9F707FA002372
S21401E290C7F88434002ECBD062685AB32D4B1B6866
S21401E2A003EB5203B3FBF2F3013B1B0243F0F8030B
S21401E2B026782649022E284A1ED0032E4FF6FF75D1
S21401E2C0214826D0012E34D143F00203C1F88450F0
S21401E2D0C2F884300723C0F88434E37B01A88DF8A4
S21401E2E00430237C8DF80530E9F7ACF90120FFF7FF
S21401E2F031FF17E0F823DBE74FF6FF7043F0010329
S21401E300C1F88400C2F8843006220F4BC3F8842477
S21401E310E3E743F00503C1F88450C2F884300423D0
S21401E320C0F884340D4B4FF080420020DA6703B00A
S21401E330F0BDC1F88450C2F884300023F0E700BF76
S21401E3407C5200202460002000C00350006000B80A
S21401E350002002B890520020005000B8001002B809
S21401E360F0B5294F06463D4604460FCE0FC5336825
S21401E37085B02B6000F07CFC0022244BC3F884247B
S21401E380A17A627A42EA0142C3F89024217CE27BB8
S21401E39042EA0142C3F88C24217B627B41EA0240B7
S21401E3A0C3F888043B78032B2AD8DFE803F022025F
S21401E3B00C178DF8041004218DF805200DEB0100D3
S21401E3C00022E9F70BF9E37B00228DF80830237C65
S21401E3D0042102A88DF80930E9F700F9637A0122D1
S21401E3E08DF80C30A37A042103A88DF80D30E9F7D7
S21401E3F0F5F8074B187805B0BDE8F040FFF7FCBE0E
S21401E400212005B0F0BD00BF7C52002000C00350A3
S21401E41024600020034BDB6F002BBCBF024BC3F80C
S21401E42088007047000002B8004000B82DE9F047A8
S21401E43016F073FE4FF47A762D4BB0FBF6F61860A5
S21401E4404FF4FA73734307462A48190E1B0218182D
S21401E450294A4FF0000341F10001FBF781FE274BEB
S21401E460A0F5807205461A6320B948222B21FDF7D4
S21401E47053F801254FF47A724FF0000A6A43534667
S21401E48050083102FBF76CFE1C4B1D4AB7F57A7F2C
S21401E4909A601C4B4FEA056819601B4B8946044677
S21401E4A018604FEA152505D29B222B215046FDF711
S21401E4B033F801264FF47A73A8FB030103FB051119
S21401E4C07308C01841F1000100233246FBF748FEED
S21401E4D00E4B023419600E4B49F10009A40818606E
S21401E4E044EA8974054B013C9C63BDE8F08700BF94
S21401E4F09052002020A1070040420F0000C001B842
S21401E50002110100A05200209C52002098520020C7
S21401E510945200201022044BC3F884215A60012231
S21401E520024BDA60704700BF00E100E000C001B8AE
S21401E5301022064BC3F88421C3F88420BFF34F8F03
S21401E540BFF36F8F0422024BDA60704700E100E0F0
S21401E55000C001B810B50446A242A2EB0000A3EB2E
S21401E560010104D2034B01399B6B0133184401F0BE
S21401E570030110BD00C001B838B501250A4B0201E0
S21401E5809D504FF480730446084A834053661AF040
S21401E5904AFF074AA540137823EA05031370BDE82E
S21401E5A038401AF03BBF00BF00E101B800E001B8F7
S21401E5B02D6000202DE9F84F164605468A461F466F
S21401E5C01AF031FF022E00F0908080461AF038FFD4
S21401E5D0594B5A4AD3F82090147D5A6EE4B252072A
S21401E5E044BFD3F82090013404F003041AF023FF4B
S21401E5F04846214600F036FA8446DAF80000012E35
S21401E60004BF01306044ACEB000C08BFCAF8000040
S21401E610BCF1804F7DD300F037FA8145A1EB0401B0
S21401E62088BF454BDFF834C188BF01F1FF3101F0E7
S21401E630030188BF9B6BA0EB090E0CF80510A1B176
S21401E640F90742BF41F61F723D4B5A67BA0742BFF0
S21401E6503B4B3C4A5A677B0742BF0022364B9A67C0
S21401E6603C0742BF0022344B9A6511244FF0010A41
S21401E670314B05F11002120103EB051BCBF80C011F
S21401E68031499C501A6A0AFA05F4586E0B78A2EBC7
S21401E6900902E4B2234372450B7025D34FF480730D
S21401E6A0AB40034220D11CF80520002A40D10EB30E
S21401E6B0264AF807536607D541F61F7140F2011046
S21401E6C01F4B596750675967B90706D51C4B1D4A3A
S21401E6D01E491F485A6748675A677A0742BF012290
S21401E6E01C4B1A613B071AD440461AF097FE0120CC
S21401E6F0BDE8F88F184A2D0142F805A042F89C3C67
S21401E7001AF091FE10490B7823EA04030B701AF0F5
S21401E71085FE40461AF082FE0020BDE8F88F2120D3
S21401E720FFF778FE4FF48032034B4046DA60DCE7B1
S21401E730064A40465366D8E700C001B80053002099
S21401E74000E001B800001F1F2D60002000D001B8B6
S21401E75000000101000002B800E101B825600020B8
S21401E760024B1878003818BF012070472D60002032
S21401E770034B10300001185800F00100704700BF2D
S21401E78000C001B870B50646FEF74CFC044608B159
S21401E790FFF7CEFE0023084D3046AB61EB612B62DE
S21401E7A000F072F9054BC9B2197528620CB1FFF772
S21401E7B0B1FE002070BD00BF00C001B800530020AC
S21401E7C02DE9F0419DF818800D46B8F1000F08BFFD
S21401E7D00022214EB5F5803FB168074621F470014D
S21401E7E041F4A001B1609DF820409DF81C104FEA4D
S21401E7F0042444EA016444EA031444EA084444EA6B
S21401E80002044FF0180140F2E9222CBF002001203B
S21401E8107465FCF781FE3564B8F1000F1AD00F4B12
S21401E820BC68D3F888305A2C38BF5A245B0606D504
S21401E83000F0F0FB18B10A4BB3FBF0F31C44204682
S21401E84000F022F90130854238BF0022024B34BF66
S21401E8505A645864BDE8F08100C001B800C000B831
S21401E86000093D00214B10B51A6E1A66596C59B154
S21401E8701F49C96800292EDB596D4FF0FF3301F09F
S21401E8800F018B409A4326D110242020FFF7C2FDAA
S21401E890184B9C6002F088FB2022174BC3F884219A
S21401E8A001F0F4FC48B1002200200821FEF71CF814
S21401E8B0124B5C66A3F580531C670D4AD36803F0C0
S21401E8C07063B3F1807FF9D9084B0D4A5A6741F25C
S21401E8D001429A6710BD01F0D9FC0028F4D0094B1B
S21401E8E0064A5366A2F580521367EDE700C001B8E9
S21401E8F0000002B8001002B800E100E000E001B834
S21401E900011B01181000002008B52120FFF782FD29
S21401E9104FF48032014BDA6008BD00BF00C001B879
S21401E920F8B5184D04462B6A1B0426D500F0E6FB05
S21401E9302B6AA0FB044613F0787F4FEA9367C3F374
S21401E9404450C3F3044505D140F25A422B21FCF74B
S21401E950E3FD0120AD01B5FBF0F010EB871005D10A
S21401E96040F25F422B21FCF7D7FD0120024600232F
S21401E97020463146FBF7F4FBF8BD00F04BFBA0FB4D
S21401E9800401F9E700C000B80246012030B50B4C7F
S21401E990A0F12003C0F1200524FA05F504FA03F3DB
S21401E9A02B4304FA00F595428B4100D330BD0F2866
S21401E9B001D00130ECE7FF20F8E700BF40420F002E
S21401E9C010B50C46FFF7ACFFC30943EA4163C01A12
S21401E9D061EBD111FFF7D8FFFF2814D00F220C4BA3
S21401E9E040F01000C3F88820A3F58053C3F88800D0
S21401E9F0A3F580531B6ADBB2802B06D02046BDE808
S21401EA00104000F067BB212010BD0220FCE700BFCC
S21401EA1000E000B838B51AF013FD084B084A1D6A25
S21401EA20147D5A6EE4B2520744BF1D6A01341AF0CF
S21401EA3002FD284604F0030138BD00BF00C001B83E
S21401EA40005300200346064A103302EB00111B0157
S21401EA50D1F80C01D158C1F3400116F005BB00BF37
S21401EA6000C001B8064B1B68434303EB8171054B9D
S21401EA701B68A3FB003013F1004341EB0000704715
S21401EA8098520020945200200C4A20F04043014640
S21401EA9010B5002014684FF00042E4FB0320084A3A
S21401EAA0890F126802FB0300064B9B6B984204D940
S21401EAB001330131C01A01F0030110BD9C52002040
S21401EAC0A052002000C001B8044B01F0F0711030D4
S21401EAD041F0030100011950704700BF00C001B8A2
S21401EAE008B52220FFF796FC4FF48022014BDA602E
S21401EAF008BD00BF00C001B808B5064B4FF0304056
S21401EB001A6805499200FCF727F8BDE8084001F0AD
S21401EB10E3B800BF746104007861040070B50C6846
S21401EB20651C15D0C4F302669E42C4F3074530D176
S21401EB30A4B294422DD804EB8506B24229D2141B06
S21401EB40A50824F003040E59340F04D0012C08D074
S21401EB500022212402E06B1C51F82320C0E9002486
S21401EB6070BD0E4C34F8133042EA03431A686B1C2E
S21401EB7051F8234001EB83014B6822405E4036F09A
S21401EB80704404D11B0F032B04BF8B681A43002467
S21401EB90E4E7013501EB8501C1E700BF4C610400E4
S21401EBA007B501A8EBF7D6F84822164B5A65164A60
S21401EBB0D2F8D43023F4FC33C2F8D430134B1B689C
S21401EBC09DF80530023B012B19D84022104BC3F8A3
S21401EBD0FC23104BD3F85C32DBB2FF2B00D10623AB
S21401EBE0094A1B03D2F8FC139BB20B43C2F8FC3351
S21401EBF0D2F83021084B1A6003B05DF804FB00F030
S21401EC00E7FEECE7008001B8000002B8002000B083
S21401EC10001002B80080E00F3452002000224FF4AA
S21401EC2000710F4B10B51A675A679A670D4AD16281
S21401EC30012102F5E8325161DA6812F0706FFBD1FA
S21401EC404FF0304201245A6602F5FC5208329C66A7
S21401EC50DA64054B1B689847044B5C6110BD00BF26
S21401EC60000002B8004000B8C0660020002002B8CC
S21401EC7001230F4A0F49C2F880328A6A22F0020243
S21401EC808A620D4A53600D4A53600D4A5360A2F5DD
S21401EC9080425360A2F54042536002F5C032536091
S21401ECA002F580425360A2F500425360704700BFF0
S21401ECB00080005000C0005000D000B80050005442
S21401ECC0005001B808B5FFF7D3FF0E4B0E4ADA67BE
S21401ECD000F076FEFFF764FF03220C4BC3F8E0203A
S21401ECE0012203F54043DA674FF460725A614FF42C
S21401ECF00072DA67FEF778FBBDE808400021FEF7F0
S21401ED004FBB00BF000002B80048F000005001B839
S21401ED102DE9F04F054687B002900F4657F8044B91
S21401ED20631C06D1029B2C60E81A801007B0BDE870
S21401ED30F08F5FEA147B18BF0123344AC4F30161E4
S21401ED4008BFC4F3074332F81120A4B24FEAC30A3E
S21401ED502F4844EA02440AF104022A4482421BD2A2
S21401ED600722CA4002F0010201929A0004EB8303D3
S21401ED7003930123B94603FA0BF808F0940305F14F
S21401ED80080604920593039B09F10409A34208D1DE
S21401ED90049955443944C0E71D4A9542E0D80020FD
S21401EDA0C4E7059B53B918F0420F19D118F0280F84
S21401EDB00BD146F8084C59F8042C21E04FF4206298
S21401EDC032210020FCF7A8FBF3E740F604223221AB
S21401EDD00198FCF7A1FB04F5805246F8082CEAE7F7
S21401EDE040F60D2232210198FCF796FB04F50052FD
S21401EDF0BBF1010F46F8082CDDD159F8042CD2439B
S21401EE0046F8042C04340836BDE700BF4C61040004
S21401EE10003000B0F8B50546F0B10026154B344673
S21401EE201F46154953F8042BBAB9A00000F130402B
S21401EE30294600F50150FFF76BFF30B940F6AE32B8
S21401EE403621BDE8F840FCF767BB0C4B013404449F
S21401EE5047F8265023F81640F8BDAA42FCD00136E2
S21401EE600C2E02D031F81640DCE740F6C8323621C7
S21401EE700020E6E7A4520020F6580020F8580020AB
S21401EE8070B50446A8B1C1B1384A52F8043B98425D
S21401EE9015D1002336498A689206FCD49B00354A70
S21401EEA003F1304303F50153C2F8B0302022324B50
S21401EEB09A6070BD01330C2B02D1304D12E0012354
S21401EEC052F8041BA142F5D12D4A32F81330E1E77E
S21401EED004D16268C3E90012083403E0012A01D1B3
S21401EEE0043419602268531CE3D0C2F3016335F879
S21401EEF01300110C93B211F0FE0F43EA0043606851
S21401EF000DD00434CAB2022A2168E1D9D4E90160DD
S21401EF10033AC3E9001698600C340C33F3E7120F7A
S21401EF20072AD9D8DFE802F00704090D1013181DC7
S21401EF30C04303F500531860CEE71A6842401A60D2
S21401EF40CAE703F58053F6E716F083F8C4E7012213
S21401EF5003F580538240F2E7012203F50053824015
S21401EF60EDE71A6830EA0202FBD1B5E7A4520020A9
S21401EF70000002B8001E00B0001002B84C61040088
S21401EF80F65800200122014BDA677047001002B8DC
S21401EF900122014BDA677047002002B84022014B7C
S21401EFA0DA677047002002B84022014BDA677047E3
S21401EFB0001002B80B4B1B68D3F8E43023B11A6873
S21401EFC0022A01D9186A7047074B9A6D90B238B178
S21401EFD0064BC2F307421B68DB085343B3FBF0F052
S21401EFE0704700BF1C530020004001B8905200201B
S21401EFF0064BDB68C3F30363984206D1044AD36B1E
S21401F00023F0F00343EA0111D1637047000002B810
S21401F010001F00B0054B1B68D3F8E43013B11A6823
S21401F0200A2A01D8FFF7C6BF186C70471C53002088
S21401F0302DE9F743064616F005F800248046DFF86A
S21401F04090901AF0F0F90DF1070105460DF1060052
S21401F050FEF75AF89DF806308BB9721C29D015F0C8
S21401F060F1FFA0EB080428461AF0D8F99DF80630FF
S21401F07013B99DF807303BB3A642E2D824E0D9F88D
S21401F0800C3013F4603FE8D0D9F8100016F047F8BA
S21401F090731C074603D015F0D5FFA0EB08042846DD
S21401F0A01AF0BCF917F5007FE0D0384603B0BDE88A
S21401F0B0F08328461AF0B2F99DF80630002BC0D12D
S21401F0C09DF80730002BBCD1004FEEE700FEFFFF96
S21401F0D000C000B810F1800F04D04D28CEBF7F20AD
S21401F0E0323040B2FF22044BC0B21A62A3F58053FD
S21401F0F018620020704700BF00E000B80B4A10B548
S21401F100136E0B4C116E03F00703E35CC1F3CD01E4
S21401F11001FB0333126E0748C2F3454202FB033379
S21401F12000688001B0FBF3F010BD00BF004001B8DD
S21401F1304461040090520020084910B5D1F89C3073
S21401F14040B11C46CA68D1F89C309C42F9D1C2F342
S21401F1500362027003F00F0010BD00BF000002B88A
S21401F160094B01F080011B6F03F480030B4309D1A7
S21401F1704FF40012054B1A62837F1BB10122044B28
S21401F180C3F80021704700BF000002B8006001B854
S21401F190005001B82DE9F04F404F804685B03868E1
S21401F1A00C4615F056FC20B90024204605B0BDE8F3
S21401F1B0F08F224600214046FBF73EFB384B5D6947
S21401F1C015F00105F0D1FCF701F806460028EBD052
S21401F1D03F68384615F075FB4FF6FF73984234D0FA
S21401F1E04FF060512F4E304B304AD3F82090D6F86E
S21401F1F08C3011624FF00061A2F580521162242218
S21401F2000421C6F88C202A4A4FF4804B91604FF4B3
S21401F21080520027DFF8A4A0CAF868B0F262A742BD
S21401F2201ED30421234A9160A2F5F032C2F88C3035
S21401F2304FF060521D4B1A6209EA02031E4A13621E
S21401F2404FF480421D4B9A66AFE73146384615F0BB
S21401F250DCFA01463846FCF7FDF80028C0D0A3E7E3
S21401F260B26E5104FCD5B268D205F9D5CAF868B0B9
S21401F270D6F890200135012D0392D0D9E21B042A3D
S21401F280A8BF042208EB070003A901930092FBF72D
S21401F29063FC009A019B3A4497B2C0E71C530020D6
S21401F2A0000002B8004000B8004001B8006001B894
S21401F2B0001002B8002002B8005001B8006000B883
S21401F2C04FF604014FF60502044B01201B6C9BB25E
S21401F2D08B4208BF1346024A136670470080E00F50
S21401F2E000C001B82DE9F74F81460F464FF0FF35B4
S21401F2F0FFF790FB002601908A462C463046DFF841
S21401F300D8B006F110031B015BF8033003F00308C5
S21401F310B8F1010F15D13046FFF794FB02460B46B4
S21401F32001985146FFF716F9DBF8643006F108023A
S21401F330D340DB0739D5002F40D000252C463E6050
S21401F34040460136082EDCD160B3234A0027D2F8A6
S21401F35008C0916B0CF440330131A4FB01416419E0
S21401F36041F10001B3F5003F30D1536B0CF4405C22
S21401F370013347F10006BCF5805F22D1156B15F508
S21401F380807505FB06F647F1000203FB0266A5FB46
S21401F39003323244594304FB0212A3FB04341444DF
S21401F3A0C9E9003403B0BDE8F08FA84271EB04034D
S21401F3B0C6D207B13E6005460C46C1E73D463C460F
S21401F3C0BEE7320242EA13621B02E3E7136B13F550
S21401F3D0807347F10002DDE700C001B808B515F0FB
S21401F3E0B2FE044B5A7C012302329340024A536117
S21401F3F008BD00BF00530020002000582DE9F3414E
S21401F40005460F4668461146FFF76CFF0646B0B143
S21401F410AFB1DDE900321B0A43EA0263A5FB0384B0
S21401F420094B120A05FB02441A6812B915F075FE5B
S21401F4300246002340462146FAF792FE38603046DF
S21401F44002B0BDE8F08100BF9052002037B50446F7
S21401F450FFF70EFCE17822791B4841EA0243C0F827
S21401F460CC34E579A37943EA0543C0F8D034237850
S21401F4704BB18DF8041004218DF805200DEB010029
S21401F4800022E8F7ABF863785BB10421A379002288
S21401F4908DF80430E3790DEB01008DF80530E8F7BF
S21401F4A09DF8227801235AB1084AC2F8C834627816
S21401F4B002233AB1054A0020C2F8C83403B030BD71
S21401F4C0034AF2E7024AF6E700C0035000D00350B1
S21401F4D000E0035070B52C4B0C461A7812B92B4A33
S21401F4E0926D1A702A4AD26F52054AD51D78294B59
S21401F4F005F00F06B0FBF3F040434FEA151505D1B2
S21401F50040F27C622B21FCF707F80120224A0A21EF
S21401F5107243B2FBF0F34843B3FBF1F602EB500241
S21401F520B2FBF0F201FB1633042BD2B207D8C3EBC1
S21401F5308310C3EB80035BB283B96DB217E0C3F1EE
S21401F5400B0303EB8303DBB2B3FBF1F32B44DDB216
S21401F5500F2DF2D9013AD2B2053DEEE7053B5BB27B
S21401F56093FBF1F31D44EBB26DB2002D04DB0020DA
S21401F57042EA0512226070BD01320533D2B25DB295
S21401F580F5E70220F7E700BF2E600020008001B8F3
S21401F590000002B8403B2500809698004FF0000C12
S21401F5A02DE9F84FA2FB017BC84EDFF85CE3BE19DC
S21401F5B099466BF10003B6457CEB030308D240F293
S21401F5C03E220E216046FBF7A7FF0220BDE8F88F1A
S21401F5D0D0F8E4A00C461546BAF1000F04D0DAF8CC
S21401F5E00030032B00F21B81B94BBA4A9B6BD2F851
S21401F5F0FCA0C3F31408B84BD3F8EC305E00B64B4E
S21401F60048BF48F400181B6E48EA456858074EBFC5
S21401F6104FF440039B0503F0E07348EA030818F033
S21401F62081F8012D0646D0D10028CED0AB4B9842AA
S21401F63000F0048103F5122303F5F863984200F005
S21401F6400381A74B984200F02F81002502462B46E6
S21401F65000204FF00071FAF783FD2B46013007FBBF
S21401F66003F3C8F3130100FB0B33A1FB0662A7FBF0
S21401F670007001FB0522034420339B09C9F80030C2
S21401F680F60C984B46EA423618F4801F1C6008BFF9
S21401F6907642954B954DC9F8144034441E602C6053
S21401F6A0BAF1000F00F0B98000239149C8F38152E6
S21401F6B08A5C194618F0807F18BF6408002EB8BF10
S21401F6C0764292066008C2FB06012246FAF748FD1A
S21401F6D0DAF800300E2B08D97F4B7D4A926BD96938
S21401F6E0D3F80C31C90600F1D68018F4001814BFFF
S21401F6F0C42240F207127F49C0F31300A1FB046144
S21401F7004FEA511102FB01F1C9F80400DAF81800BA
S21401F7104FF4FA73B1FBF0F118BF4FF0000801FB8C
S21401F72003F3A4FB0262FA33A3FB003004FB0822B6
S21401F730B342904138BF0131C9B241F4006CC9F8F7
S21401F74008C000297ED0DAF81C00A1FB003624B1DF
S21401F750B4FA84F20E2A40F38880E203002E77D1B1
S21401F760B2FBF3F2530003FB0113A3FB00764FEA4F
S21401F770044EBE454FEA144474EB060609D34E0008
S21401F7803344A0FB0371BE4574EB010102F1010293
S21401F790F6D2C2F30E024CEA023C4CF00063C9F802
S21401F7A0083017F0BFFF2B68002B00F08880B3FAF3
S21401F7B083F4D4F102044CBF1C4623FA04F44E4BE6
S21401F7C09C4288BF6408002846D0B4FBF0F364214D
S21401F7D000FB134201FB02F2904244D85A1E520823
S21401F7E05B08013B120242EA0313C9F80C3017F01A
S21401F7F065FF00285CD0B4FBF0F2642100FB1244E4
S21401F80001FB04F4A0425ED8531E5B085208013A7D
S21401F8101B0243EA0213C9F810300020D6E6042B77
S21401F820DAF828807FF4FBAE18F0807F0CBF08F072
S21401F830E0734FF4400328F0E078EEE600232F480B
S21401F8401D460CE72120C1E600232D481D4606E78C
S21401F8500B46002289E7044640F2C2422B210020D3
S21401F860FBF75AFE2346013BB8E7C2F10F0702F148
S21401F870110E06FA0EFEFB4043EA0E03A7F1200E18
S21401F88026FA0EFE43EA0E03FE40013304FA02F2A4
S21401F89046F1000662E702F4801203F400131A43ED
S21401F8A008BFC0F5801020E7002316481D46D6E69F
S21401F8B040F2E5422B21FBF72FFE621EA4E700284B
S21401F8C0C9D01C46CFE71446F7E700BF006CCA88CC
S21401F8D0008001B8001F00B0004001B800F04902E6
S21401F8E0005A6202DC520020D8520020D452002076
S21401F8F05C610400D34D62103FBE40250A3BB2DF77
S21401F900313641DCD694BFD6807C814A10B50B4691
S21401F910044686B039B98279016821486B46006889
S21401F920FFF73CFE6B461F4A196851631E4AD2F820
S21401F930FC2062B35A6842B11C4A1D49C2F80C1138
S21401F9405968A2F58052C2F80C119A6842B1174A5A
S21401F9501849C2F8EC109968A2F58052C2F8EC106A
S21401F9601549D868D1F8642122F4EE620243C1F841
S21401F9706421D1F85C21186922F4EE620243C1F8D1
S21401F9805C21A1F5FF4158692839FFF7A3FD002046
S21401F990A2880A4B9A6203F5A033186406B010BD1C
S21401F9A01C530020008001B8001F00B0006001B8A1
S21401F9B0FFFF0F00FFF8FF0F000002B8004000B87D
S21401F9C04FF48062014BDA67704700BF001002B83F
S21401F9D04FF48062034BDA67034B1B780BB1034A83
S21401F9E093657047002002B82E600020008001B8A1
S21401F9F040B10368012B05D90069034B002808BFF5
S21401FA0018467047004870476461040010B590B10D
S21401FA100468012C0FD902696AB11168094B102CD0
S21401FA20196051685960916888BFD268996094BF1F
S21401FA30D960DA6010BD102200210248FAF7FCFEF8
S21401FA40F8E700BFE4520020084BC1171A68A2FB72
S21401FA50000302FB013310F1807043F10003400EF6
S21401FA6040EAC310803820EAE0707047F452002064
S21401FA700722164B70B5DA66154B164A1D68164BEB
S21401FA80EC08E005C0184FEA153141F100010023EA
S21401FA90FAF766FB114B124E18604EF66020FFF720
S21401FAA0D3FF4042C6F884000E48FEF7EDFF02463B
S21401FAB058B1E301500818184FEA15714FF00003CA
S21401FAC041F10001FAF74CFBF06570BD000002B889
S21401FAD09052002065CD1D00B2E60E00F4520020C3
S21401FAE0001F00B040420F0010B5044698B10B4B02
S21401FAF0D3F8FC00FFF78AFF4FF47A7303FB04F098
S21401FB00074BA0F6AC50DA689B681044C01ABDE8F3
S21401FB101040FFF799BF4EF66020F8E7001F00B0CF
S21401FB20E45200202DE9F8430546084614461E46D1
S21401FB30FFF76CFF0DB306F0020716F004061ED1A0
S21401FB40DFB14FF47A706B685843002B40F08C801D
S21401FB50FFF77AFF60626B69002B00F08C804B4ADE
S21401FB60D0684FF47A7202FB0300A0F503501038F8
S21401FB70FFF76AFF2062002E57D1BDE8F883286997
S21401FB80002868D04FF47A735843404BA0F6AC5027
S21401FB909B68C01AFFF758FFE061A88B00285DD06C
S21401FBA04FF47A735843394BA0F6AC509B68C01A91
S21401FBB0FFF74AFF2061364BE968D3F80080002939
S21401FBC04FD04FF47A735943304BA1F6AC519A6833
S21401FBD05B68891AC91A2F4BC8171A68DFF8BC90D8
S21401FBE0A2FB011302FB003311F1807143F1000304
S21401FBF0490E41EAC3118039274B6161DB6EA3616F
S21401FC00D9F8003053B1404615F01DF930B12246FF
S21401FC10D9F800301D49D8F8D80098470021A869BE
S21401FC20FFF762FFA062002F8BD1A86830BB47F2B6
S21401FC303050FFF709FFA0604FF47A702B685843E5
S21401FC402BB1124B1B6803F51C5310331844FFF7F6
S21401FC50FBFEE06091E74EF660209BE74EF66020E3
S21401FC60A6E74EF66021B6E7084B1B6803F51C5362
S21401FC70103318446CE747F2305079E74FF47A7343
S21401FC805843A0F503501038D3E700BFE4520020D4
S21401FC901C530020F4520020001F00B0E052002048
S21401FCA038B5054608461C4615F0EFF90246D5F864
S21401FCB0E400FFF79DFE4368A018002B044AA8BF86
S21401FCC04FF4FA721A44034B92FBF3F2104438BD18
S21401FCD00CFEFFFF18FCFFFF70B5124C88B001AD9B
S21401FCE00FCC0FC594E8070085E807008C22002199
S21401FCF00D48FAF7A1FDD42200210C48FAF79CFD25
S21401FD000B4B0C4A5A6301F04DFA0B4B1B783BB177
S21401FD10044E01AD0FCD0FC695E8070084E8070035
S21401FD2008B070BDC41F00B0A01E00B02C1F00B0EC
S21401FD30001F00B0101111112160002008B519F044
S21401FD4072FB0E4B1A78A2B90D4A126812F4843F60
S21401FD500FD10C4A1021D1671B7863B9084B1B6879
S21401FD60DB0508D4074B2022DA67BDE8084019F006
S21401FD7055BB054AEEE7044BF5E700BF34600020AB
S21401FD80A0150020002002B8001002B80A4B19780E
S21401FD9001F0FF0229B10021197008499202C1F849
S21401FDA0B420597801F0FF0229B10021597093025D
S21401FDB0024AC2F8B83070472F600020005000B8E1
S21401FDC0064BD3F8D80E064B5B6F1A0103D4054BCE
S21401FDD09B6E1B0401D500F580707047001000B0C3
S21401FDE0000002B8004000B810B519F01CFB0E2147
S21401FDF004460320FFF7FCF840F20122034B20469D
S21401FE00BDE81040DA6219F009BB00BF004000B837
S21401FE1008B519F008FB4FF00042224BC3F88020CA
S21401FE20BFF34F8FBFF36F8F0122C3F88420BFF358
S21401FE304F8FBFF36F8F0222C3F88420BFF34F8F1B
S21401FE40BFF36F8F0422C3F88420BFF34F8FBFF335
S21401FE506F8F0822C3F88420BFF34F8FBFF36F8FD5
S21401FE601022C3F88420BFF34F8FBFF36F8F202279
S21401FE70C3F88420BFF34F8FBFF36F8F4022C3F8C0
S21401FE808420BFF34F8FBFF36F8F4FF48072C3F898
S21401FE908420BFF34F8FBFF36F8FBDE8084019F082
S21401FEA0BDBA00BF00E100E008B519F0BCFA4FF09A
S21401FEB00042094B1A6001225A6004225A60082245
S21401FEC05A6010225A6020225A6040225A60BDE8C9
S21401FED0084019F0A3BA00BF00E100E0012370B5A5
S21401FEE0074C2370074B1E68074B3240D3E900537B
S21401FEF019402840FCF7F8FC0023237070BD00BFB2
S21401FF0032600020FC520020A01500200022044B85
S21401FF101A70044B197811B11A70FFF70FBF7047AA
S21401FF2033600020346000202DE9F047DDF820A082
S21401FF3003EA0108099B06460C4602EA000703EAA3
S21401FF400A09BAF1000F40F04E81031F0B4300F07F
S21401FF500E81052871F1000380F0E48050EA010368
S21401FF6000F06081431E0B4300F02481FFF750FF31
S21401FF70AD4AD2E9005323EA040325EA06053D43C8
S21401FF8043EA0807A94BC2E900571E68DFF8F48266
S21401FF9026EA0A0646EA09061E60FFF7CFFE15F0B6
S21401FFA02A4F14BF48F202034FF40043A04AB00799
S21401FFB0D26EA04848BF43F4005383EA020122EA06
S21401FFC00302C2669C4A0B408166D366C5F3804233
S21401FFD01203290348BF42F48072EB0648BF42F47D
S21401FFE00052964BAC0648BF42F400726806D3F83E
S21401FFF00C3248BF42F48062290648BF42F40062D0
S2140200008F4882EA030123EA0203C0F80C328D4BC2
S2140200100A40C7F34024A404C0F80812C3F80C220E
S214020020EA0448BF44F48034AB0348BF44F4801467
S214020030A80748BF44F4800415F4001F06D0D8F879
S214020040000015F056F908B944F40024E90248BF46
S21402005044F40034FA0648BF44F4000473077A4BAB
S21402006048BF44F004041A6A44F4001484EA020303
S21402007023F0010375491A400A621C40CB61744B97
S21402008016F0010F1C62734B734A18BF1A46734B65
S2140200907C071B6F48BF42F00062714882EA030188
S2140200A023EA020303676F4B0A4041661A676E4AE9
S2140200B005F00103516CA0F5803081EA030221EAC3
S2140200C00301416482631A40684B28025A64D8F8D6
S2140200D0002048BF664B92F8F62058BF654B69076A
S2140200E048BF43F4806322B115F4C06F18BF43F4CF
S2140200F080733207604A48BF43F00043D2F8EC10E0
S2140201005E4883EA010222F4A0221140C0F8EC10F5
S2140201101340C0F8E0205A4ABDE8F047C2F8EC3077
S214020120FFF7C2BEA0F580630B4306D020F48063BF
S214020130A3F500730B437FF419AF19F074F93A492B
S214020140D1E9003223EA060322EA040242EA08025E
S2140201503B43C1E900324B4A126892F8F610474A0E
S21402016009B313F4C06F1ED04FF4807311E019F078
S2140201705AF92D4AD2E9003123F004033B4341EAFF
S214020180080157EA0807C2E900314FF480633B4A88
S2140201900BD0C2F8E030A2F58052C2F8EC30BDE8CF
S2140201A0F04719F03BB94FF48073C2F8EC30C2F84E
S2140201B0E030F4E719F037F91B4AD2E9003123F0B0
S2140201C001033B4341EA0801C2E9003101232E4AFA
S2140201D057EA08071BBF9363A2F580525364536421
S2140201E008BF9363DBE750EA01037FF4BFAEBAF1C0
S2140201F0010F7FF4BBAE19F016F90C4A136823F010
S214020200010343EA090313604FF48063144AB9F109
S214020210000F04D05366A2F580521367BFE7136738
S2140202205366BCE7BDE8F087A0150020FC5200200C
S214020230004000B8006000B8005000B8004001B8A6
S214020240006001B8005001B8000002B8002002B8F1
S214020250001002B8041C00030418000300C001B812
S21402026000E001B800D001B800C000B800D000B865
S2140202700D0A0A09090A0A090040005400600054DF
S214020280005000541C53002000E000B8024B58688F
S214020290C0F3C000704700BFA0150020024B1868CC
S2140202A000F00100704700BFA0150020024B5868FE
S2140202B0C0F3C030704700BFA015002010B504463A
S2140202C0FEF700FDFFF7A4FD2046FDF7BDF8FEF79A
S2140202D0A5FCFEF7ABF8FEF71DF9FFF7C9FB1349BD
S2140202E00723134AD1F8FC1004F1F800FFF71AFCB2
S2140202F04FF080710020FEF7E7FB4FF000720D4BC7
S2140203004FF400110120C3F80021FEF7DDFBFEF7D3
S214020310D7FF20B940F292321421FBF7FDF814F011
S2140203201BFFBDE810400120FDF766BF001F00B0AE
S214020330581F00B000D001B88023074A136708236D
S21402034040B11367054AD2F8A03023F02003C2F862
S214020350A0307047024AF4E7001002B8001E00B050
S214020360002002B810B519F05EF8012104460020FC
S214020370FFF7E2FF044B1961044B5B68984720467F
S214020380BDE8104019F04AB8000002B8AC6600207A
S214020390F8B5194C0546207840F2E442B0FA80F0EF
S2140203A03E214009FBF7B8F855B9607840F2E442BE
S2140203B0BDE8F840B0FA80F03E214009FBF7ACB841
S2140203C04FF440660D4F0E4DD7F8B43040F2E4427B
S2140203D0C3F381232370C5F8B46060783E21B0FA77
S2140203E080F04009FBF798F8D7F8B830C3F38123BA
S2140203F06370C5F8B860F8BD2F600020004000B8F2
S214020400006000B8F8B5084C084D236F0423084F67
S2140204102B67236F5B0300D4F8BD042602203E67D9
S21402042014F017FE2E67F4E7000002B8001002B8B8
S214020430002002B8A82238B51A4B1D6F03F50053E8
S2140204401A6710229A60A3F5804302F100521A67D7
S2140204505A66FFF79BFC144B1B7813B90320FEF772
S2140204608BF80024114B9C67FFF7CCFF104A114B08
S214020470D2F8D81E0B40C2F8D83E04220E4B1A679A
S2140204800E4BAA06C3F8AC4008D503F58073DB6CA6
S214020490B3F5817F22BF8022024B1A61BDE8384045
S2140204A0FCF7C2BB000002B83160002000C001B8F1
S2140204B0001000B0DF0000FF002002B8001E00B0EF
S2140204C010B549B930B3164AD3681B0E13F00E0F97
S2140204D020D193689A061DD4FFF786FC104C0020A4
S2140204E0FEF72AFE032801D0092805D1636FDB0335
S2140204F0F5D4E36D0C2BF2D9FFF784FF4FF40072AC
S214020500084BDA62012203F5E8335A61042203F546
S21402051080531A674FF4C062034BDA6210BD00BF05
S214020520000002B8004000B8006001B808B5032118
S2140205300920FEF75DFD2022014B1A6108BD00BFAF
S214020540000002B838B5054618F06DFF0E4B04469B
S2140205501868FDF745F835B1FFF7D8FC2046BDE828
S214020560384018F05BBF094B1B78002BF6D0084BBF
S2140205701D78002DF2D1FFF7C9FC2A464FF48040C1
S2140205800021FFF7ABFCE9E71C5300203360002094
S214020590326000202DE9F84F5C4B06460D461446A5
S2140205A01B6F002A40F0AE8013F0A00F14BF4FF06E
S2140205B001094FF00009FCF737FBA0234FF0000AB1
S2140205C0DFF868810320C8F87030FDF7D5FF0420F5
S2140205D0FDF7D2FF4E4FFFF799FC4E4B4FF0040B40
S2140205E07B67C7F878A0FFF70DFF4B4B4FF480717F
S2140205F0D3F8A020494842F02002C3F8A020FF22E8
S214020600C8F80820414A1161D0F8D82E4449114052
S214020610C0F8D81EC8F870B0C3F8ACA07B6913F057
S214020620060F04D0FEF75CFA5846FDF7A5FFB9F1AF
S214020630000F08D04FF400623A4B1A674FF400429C
S214020640A3F5E0339A6666B1374BDB6C180701D424
S214020650FFF7CAFBFFF76AFF0420FDF78DFFFFF7DF
S21402066095FB2A4B5A69D10747D5DA6812F0706FA4
S214020670FBD12E4B2E4A1A672E4AD36B23F0F00379
S214020680D36315B12046FFF75DFF2B4BD3F84C31F1
S2140206905A1C01D05B0002D50122244B5A6164B376
S2140206A0214BDA6E03F500539A6603F5D0331B6AC4
S2140206B01E4A23F00103D361204BD3F80C1203F534
S2140206C00053C3F8081203F50053D3F8841003F559
S2140206D0005399671A4BD3F8EC1003F50053C3F88E
S2140206E0E010184B596C03F500539963164903F54D
S2140206F0803359664FF6084313670020BDE8F84F6B
S214020700FCF736BD4FF0000955E700BF000002B8FF
S21402071000C001B800000101001E00B0001000B0C9
S214020720DF0000FF001002B8004000B8002002B848
S21402073010003000001F00B00080E00F004001B83B
S2140207400040005400C000B85000002F9B4B2DE91B
S214020750F04F9F6EDB6E85B01F40994B9F66994B9C
S214020760D3F8E050D3F8EC301D40974BC3F8E05076
S214020770964BD3F80822D3F80C3202EA0309944BBC
S214020780C3F8089203F52043DA691B6A02EA0308F3
S214020790904B08F47702DA618F4BD3F80422D20624
S2140207A005D4D3F80431C3F30016DB0651D518F08E
S2140207B03AFE8A4B5A695E6E1B6F12F0060F06EA05
S2140207C00306874A26F0007314BF4FF0010A4FF063
S2140207D0000A23F400637407536604D5814A137D26
S2140207E00133DBB2137518F019FE002F00F0E28019
S2140207F017F4004300F0D38018F015FE0146FFF709
S214020800DFFA0446784BD3F800B0DBF80020DBF8BA
S21402081000309A42FBD0DBF800209A42FBD0FFF76A
S214020820CFFAA04217D1084618F0F8FD6F4B1C60AD
S2140208306F4BD3F870B01BF4E0520ED124F07F4415
S21402084024F0DF040CB9FFF7F5FD4FF0807B00249F
S21402085014E0B246C9E70446D7E70192FFF7EAFD7D
S2140208605C4B019A1BF480541A6740F09A801BF482
S214020870806F0CBF4FF0805B4FF0806BB80715D5CA
S2140208805B4A5448126F02F460410167002900F087
S2140208908B80110400F18B8012F4005F0CBF4FF0C6
S2140208A000524FF0006200244BEA020BC7F34037B7
S2140208B07F00504A2A40002A4AD015F4206F0AD0F8
S2140208C040F6A31206210020FAF726FE0020FFF7C4
S2140208D039FE25F48025EB0506D5FF213D4A4BF46B
S2140208E0C06B9160FFF780FA15F0090F0AD040F648
S2140208F0B81208210020FAF70FFEFFF717FE0121B3
S214020900304A116315F0106F0CD040F6C11209215F
S2140209100020FAF701FEFFF709FE002211461046F4
S214020920FCF736FE15F4202F0AD040F6C91207212E
S2140209300020FAF7F1FD0020FFF704FE25F48025DB
S214020940E80301D5FCF768FF002DB8BF47F008079B
S21402095069070DD51B4AD26A12F4005F4FF40052A3
S21402096017BF19492449CA624BF4000B08BFCA6272
S2140209706A0548BF4BF0040B15F48023019300F080
S214020980A480FCF701FF0138062837D8DFE810F00C
S21402099028012B0128012E013101340134019B4626
S2140209A055E74FF0804B52E74FF000727BE74FF06F
S2140209B0004278E7BB463C467BE700BF004000B8F3
S2140209C0006000B80040005400600054004001B8C7
S2140209D0006001B8002002B800E100E000C001B8E3
S2140209E000E001B800530020F8600400F85200202E
S2140209F0000002B8090B0B890050005440F6FA12A8
S214020A0003210020FAF788FD01218548826ED0F87E
S214020A10883002F00702063201FA02F2C3F30C0C27
S214020A20A2EB0C0292B2072A12D97E4A126F530226
S214020A300ED47D4B826B806D5B6D5BB102F007025C
S214020A4006329140C0F30C00091A89B2072901D870
S214020A504BF4007B754A1278002A36D0704AD2F8D8
S214020A60E02012F4A02F30D1714A724912789AB956
S214020A70F20411D40A787AB14FEADB026E4842EAEF
S214020A80447282F00102D0F8D80E02F0010252003F
S214020A9020FA02F2930718D10420FDF76DFD674A8B
S214020AA067485067FFF732FA62490A784AB9654AD8
S214020AB0127832B1644A654912680BEA02020A42A7
S214020AC001D14BF4804B26F48056B9F1000F1DD0AD
S214020AD019F4805F18BF4BF4802B19F4807F18BF7F
S214020AE04BF4002B19F4005F18BF4BF0100B19F4EF
S214020AF0007F18BF4BF0200B19F4806F18BF4BF025
S214020B00400B19F4006F18BF4BF0800BB8F1000FC2
S214020B1048D018F4001F0AD04D4A13683BB1414A28
S214020B204C48116F00680022C1F3C061984718F460
S214020B30802F18BF44F4007418F4803F18BF4BF49B
S214020B40805B18F4801F18BF4BF4003B18F4800F2C
S214020B5018BF4BF0020B18F4003F18BF4BF4801B73
S214020B6018F4000F18BF44F0100418F4002F19D020
S214020B70394AD2F8A02012F0C00F13D02949CA6809
S214020B80C2F30362032A01D0072A05D14A6FD006B0
S214020B9002D48A6F120732D54FF400212F4A28F466
S214020BA00028D161002E00F01B81330540F18F80B2
S214020BB02B48DFF88890C2782A49002A58D04FF48A
S214020BC00063013AD2B24B66C27032B9264A127834
S214020BD0C2B140F60141254A51670022002173E066
S214020BE04BF4803B10E74BF4006B0DE74BF4806B45
S214020BF00AE74BF4807B07E74BF0080B04E74BF45D
S214020C00001BCFE7D9F8782012F4A05F15BF4FF487
S214020C10807240F60142C9F85820C9F87820DCE70D
S214020C2000400054000002B8004000B834600020C3
S214020C303360002036600020001000B000C001B80B
S214020C400000010135600020A0150020088D01007B
S214020C50305200201C530020001E00B0002002B8B4
S214020C602560002000E001B83160002000D001B805
S214020C700320FDF781FCD9F81420A84B12F0060FCA
S214020C8004BF41F61F72A649A64808BF4A674FF43A
S214020C900061A34A5166D9F8142012F0060208BF72
S214020CA0C9F878205A8A12F4006162D022F40062EF
S214020CB05A82027802F0FF09002A5ED1FDF710FF81
S214020CC0FFF7B8FB4A4620214BEA020B0C43B00062
S214020CD009D52E20FDF79EFB4FF00051904A44F0B6
S214020CE0080411675166F10606D52B20FDF792FB24
S214020CF010218B4A1167516616F0306F05D1F20447
S214020D0063D5BAF1000F00F0C080330117D5292051
S214020D10FDF780FB844A526C12B11021834A91601F
S214020D20FFF7B4FA48B1824A82487D494A660267AA
S214020D3000F54050C068400422D444F0040416F083
S214020D40007A28D00420FDF717FC2720FDF762FB67
S214020D50FFF770FB4FF00071714A5166764AD2F87F
S214020D60D82E520679D40221704A916044F00204C9
S214020D7028E002784FF40052A6E74FF400422DE72F
S214020D800A6720204A66FDF745FB2D2044F00C0436
S214020D90FDF740FBD3E716F0807FDFF88C9147D053
S214020DA00420FDF7E9FB2820FDF734FBD9F878206C
S214020DB0002A3AD1FFF73EFB594A5D4944F0010446
S214020DC0116751660021584A9165720508D55B493C
S214020DD08A78002A00F0D880013A8A7000221743E7
S214020DE0574AD2F8A020130603D558462146FCF7E8
S214020DF0C7F93A4658462146FFF770F8019B0BB1F1
S214020E00FCF7F8FC01224F4B05F00435C3F8E0501E
S214020E104D4B18F4002FC3F884211EBF4FF4002256
S214020E20424BDA6105B0BDE8F08FC9F878A0C3E797
S214020E30F104C7D50420FDF79FFB444AC9F8742085
S214020E40FDF74EFED9F8642012F0407FBAD12A2070
S214020E50FDF7E0FAFFF7EEFA80E7394AD2F8A0107B
S214020E608B0683D402203A4988603A49096891F889
S214020E702510C8077FF57AAF92F8C420002A3FF4FF
S214020E8075AF8021344A116170E7344A1268013224
S214020E9002D04BF0010B98E728490A7952B1013A81
S214020EA0D2B20A7112B9234A2D49516700224BEA7F
S214020EB0020B8AE70420FDF75FFB0320FDF75CFBCD
S214020EC0194A2249516718F0AEFA81460DF10F0011
S214020ED0FEF732F9234A824612780AB1FEF784FFF9
S214020EE0BAF1030F0ED1DFF870A00020FEF724F946
S214020EF0032807D1DAF87420D103F6D4DAF85C2096
S214020F000C2AF2D99DF80F20032A2FD10121164A66
S214020F104846117018F082FAC8E700BF0053002056
S214020F2000E001B83160002000C001B8002002B81D
S214020F301000002000D001B8001000B0256000208C
S214020F40001E00B00060005400E100E00000010155
S214020F50001002B81C530020000002B8B46600203D
S214020F600000010D3760002033600020094AD2F8E5
S214020F70E02012F4A02FC9D1FEF7C8FF484618F0A9
S214020F804DFA4FF4804292E70220FDF7F5FA01226D
S214020F9025E700BF004000540122024B1A62DA61C4
S214020FA0704700BF002002B80D4B10B5DC691A6A04
S214020FB014400C4A24F47F01D161E20706D5D968B1
S214020FC04FF0FF30C1F3036114F0D0F8630706D583
S214020FD0BDE81040042200200021FEF77FBF10BDAE
S214020FE0000002B8002002B80C4A08B5936B526C97
S214020FF013400B4A9363DB070FD50A4B40F6634256
S2140210001878122100F00100FAF786FABDE80840C7
S214021010002201200021FEF761BF08BD00C000B813
S21402102000E000B8A0150020054AD2F88430DB079D
S214021030FBD4936FD2F884201340024A936770471A
S214021040008001B800A001B870B514460D4618F02D
S214021050EAF9064BD3F8A06074402C407440C3F8FB
S214021060A04018F0DBF906EA050070BD001E00B0CD
S214021070034BD3F8A03099430CBF012000207047E1
S214021080001E00B02DE9F04117460A43012A1D460C
S2140210909DF818409DF81C60DDF8208029D8B442DF
S2140210A027D2082E25D8032B23D8B8F1000F20D03C
S2140210B00A460021FBF71CFDFF21EB009940C943BD
S2140210C0DFF834C008F1FF38FF00E2B2964202D8D9
S2140210D00020BDE8F0813D190CEB8505D5F8E0202F
S2140210E018F8010F0A4098401043C5F8E000013492
S2140210F0EBE72120EDE700BF001E00B0034B1868A7
S214021100034B002808BF1846704700BF185300203C
S214021110488204002DE9F843DFF860900646D9F8C5
S214021120008008461746B8F1000F03D00E2420466A
S214021130BDE8F88306B3336801331DD1E1B1FAF78F
S2140211400DF805460028F1D0C9F80000FAF72CF889
S214021150284613F01FFB044640B14046C9F80080FB
S214021160FAF722F8284613F010FBE0E73560002F66
S214021170DDD02846B847DAE72124D8E71C530020FA
S214021180024B1868003818BF012070471C53002015
S214021190002108B5024B08465B689847002008BD48
S2140211A0AC6600200523064AA2F84A3092F8493077
S2140211B003F0010363F0730382F84930704700BFFF
S2140211C0001F00B00023F0B585B0CDE901330393CC
S2140211D0124B134D1B78134E8DF8043018F030F96D
S2140211E02A78337804469A420F4F0CD03178386802
S2140211F001AA297013F0EFFF50B140F608210B4800
S21402120018F010FA04E0386813F0C5FF0128EDD094
S214021210204618F010F905B0F0BD00BF896900201D
S214021220BA690020BB69002038530020A6360400A5
S214021230F8B52B4B1B7823B140F6FC31294818F041
S214021240F1F918F0FDF8284B07461C8814F006043E
S21402125009D001214FF4807017F04CF93846BDE8EA
S214021260F84018F0E8B821464FF4807017F042F9BB
S214021270204600F09DFF022808D180221B4B8021C9
S214021280186813F051FBFFF79DFFE7E7204600F0D2
S2140212908FFF054638B1012807D040F63141114884
S2140212A018F0C0F9DAE70246E8E7FF220F4E104BC5
S2140212B030681A70FFF76CFF306813F06CFF012875
S2140212C0CCD02A462946306813F067FF21462C20E8
S2140212D017F03CF921460A2017F038F9BEE700BF9E
S2140212E03D600020A6360400125900203853002024
S2140212F0BA6900200021014817F042BF2C6700207F
S2140213007F2837B5044610D14FF6FF7302221748DE
S2140213100DF10601ADF80630EAF7DCFEBDF8064030
S214021320E2054CBF6FF04A0464B218F089F8104B1D
S21402133005461C700F4B1B88DB0710D50E4B1B781F
S214021340002B0E4B0CBF21466FF07F01186813F07E
S21402135010FB20B140F67861094818F063F9284678
S21402136003B0BDE8304018F066B800BF641002C093
S214021370B2690020125900203E6000203853002037
S214021380A636040010B50EF057FF60B10EF056FFF9
S2140213900B4A80B141F20D03BDE8104041F20D0147
S2140213A0074817F0F9B9074B1A781B799A4204D105
S2140213B000220023F0E70D23EEE7034AF9E700BF19
S2140213C0400D030089690020488D0100F8B5164ECD
S2140213D00D46337802F0010423B140F2C5311348BA
S2140213E018F020F9124B134F1D60134DA4B1134B86
S2140213F0997801B10121202017F07CF82B783B70F8
S2140214000F4B1C780F4B00211C70042333700E48C0
S214021410BDE8F84017F0B4BE2146202017F06AF85F
S2140214202B783B70EEE700BF3D600020A636040036
S214021430285300203A600020BC6900202C5300206C
S2140214403B6000203C6000202C6700202DE9F8431A
S21402145017F0F6FFDFF8A0810546B8F80030614CB9
S21402146013F4807F03D0237873BBFFF7E1FE0021DD
S214021470084617F06BF85C4B1A78FF2A13D01A78D6
S21402148002F0FF0632BBFF221A702378052B0AD120
S21402149000232846237017F0CEFF304613F02BFFAA
S2140214A017F0CEFF05462378504E062B09D1337827
S2140214B0FF2B06D03378022B15D100214C4817F0AB
S2140214C05FFEFF2333702BE000214FF4807017F08D
S2140214D011F8CCE71A78012A4FF0FF0214BF332620
S2140214E04C261A70D4E7337813B13378012B22D105
S2140214F017F0A0F807463E4896F8009001F0CEFB9B
S214021500FF235FFA89F9337077B1B9F1010F44D13D
S2140215106421374884F8009017F032FEFFF752FE37
S214021520284617F088FF06E02846277017F083FF44
S214021530384613F0E0FEB8F800301B0605D5002149
S214021540802016F0D7FF12F0E9F901F0E3FA294EEF
S214021550308000B32778012F42D117F025FD0546CB
S21402156010B3013018F03CF900F44060B0F5006F9B
S2140215701AD104223946284617F056FC284418F099
S2140215802FF94FF6FF7398420ED10020318800F0F3
S214021590F1FC00233380BDE8F8830023284623703D
S2140215A017F049FF3F20C4E7114801F077FB0021FE
S2140215B008462170012500F08FFC23780BB9FFF74F
S2140215C037FE0020318800F0D5FC00233380002D42
S2140215D0E1D020780028DED1BDE8F84313F0C3BF7F
S2140215E00025EAE73D600020B9690020B8690020BE
S2140215F02C670020105900201259002008B5134607
S2140216000A461946064B186813F040FA30B1BDE890
S214021610084040F2F441034818F004B808BD00BF81
S21402162038530020A636040008B513460A46194663
S214021630064B186813F024FA30B1BDE8084040F2B1
S214021640FB41034817F0EEBF08BD00BF3853002029
S214021650A6360400024B1878431E5842584170477B
S2140216603D60002008B5064B1B7823B140F2255199
S214021670044817F0D7FFFFF7DBFD002008BD00BFC8
S2140216803D600020A636040008B5054B01EB81013B
S2140216901868490013F06FF9002818BF212008BD0A
S2140216A03853002008B5044B1868F9F70FFF0A23D1
S2140216B090FBF3F040B208BD38530020014B187877
S2140216C0704700BFBB69002008B5044B186813F0CA
S2140216D0BDF8B0FA80F0400908BD00BF38530020BC
S2140216E038B5124D0C462B78012B04D940F24651E0
S2140216F00F4817F097FF21460020FFF7E5FF90B14D
S2140217000C4B1C702B785BB9FFF792FD0A4B93F9D2
S21402171000100A4BC901186813F001F9002038BD01
S214021720FFF750FDF2E72120F9E700BF3D600020F9
S214021730A6360400BB6900203F6000203853002014
S21402174008B5074B186813F07FF830B1054BB3FBAA
S214021750F0F083B20BB1184608BD0120FCE700BFCB
S2140217603853002040420F002DE9F3475C4E01201B
S21402177017F055FF3388990704D440F63F4159487D
S21402178017F050FFDFF8808198F80030053B012BF8
S21402179004D940F64141534817F044FF524F3B6884
S2140217A023B940F644414F4817F03CFF348814F002
S2140217B0200478D00121222016F0C8FE4FF47A7455
S2140217C0FFF7BEFF3B681B780933434304EBC304B1
S2140217D098F80030A5B2062B0BD117F0F3FA0446A0
S2140217E0FFF7AEFF602358430C2303FB0400284494
S2140217F085B2D7F800903D4B99F800801C7808F126
S214021800FF381FFA88F8002C52D133885A0505D4BF
S21402181009F1010017F0E4FFC0F340143449354AD9
S214021820887812784B7812FB00F2334F93423B7063
S214021830A4BF9B1A3B703B78CA78BD60934238BF00
S21402184013463B700EF000FD002833D00EF0FAFC73
S214021850012814BF1025082525430023DFF8ACA075
S2140218600093802243464946DAF8000013F0B5F8A2
S21402187020B14FF43B611B4817F0D4FE1F4BDAF839
S214021880000019781E4B197033889B0614D52A4619
S2140218901C4B009713F09DFCC0B9002002B0BDE8B7
S2140218A0F04717F0BCBE2146222016F04FFE87E70F
S2140218B00024B3E72546D0E72A460F4B13F087FCF1
S2140218C0014618B9252016F041FEE6E721462620F5
S2140218D016F03CFE40F6F431024817F0A3FEDCE7B1
S2140218E012590020A636040028530020406000202B
S2140218F0896900203A600020DC660020BB6900206F
S214021900BA6900202C5300203D6000203853002086
S214021910184B10B51B889B0704D440F6A6611648E0
S21402192017F080FE154B1B78053B012B04D940F6B9
S214021930A761114817F076FE114B1B6823B940F6D3
S214021940A9610D4817F06EFE00240E4B0E492120A9
S2140219501C7016F0FBFD014618B9BDE81040FFF7F3
S21402196003BF022804D12046BDE8104016F084BE0C
S21402197010BD00BF12590020A63604003D600020AC
S2140219802853002038600020291B0200F8B55A4C64
S21402199023889A0704D54FF43E71584817F042FE42
S2140219A0574801F07BF917F04BFD238805465B0785
S2140219B00DD54FF0FF3013F057F8524B1B68C01A84
S2140219C0B0F5717F03D90021042016F093FD284656
S2140219D04D4D17F030FD2B78042B32D117F030FD29
S2140219E0238806465F0708D54548002117F0C8FB3E
S2140219F03046BDE8F84017F01EBD17F01CFD17F084
S214021A001FFD424B06461B78414F13B923885905E2
S214021A100FD50523012102202B7016F06BFDFFF770
S214021A2077FF304617F007FD3B68DA78394B1A70B5
S214021A30F8BD3868013017F0D3FE8206E9D50623D2
S214021A40E8E7062B4DD1344B1B78FF2BF0D1334EF3
S214021A500EF0FCFB3378002B3DD017F0F1FC238808
S214021A6005465B0705D52648002117F089FB284660
S214021A70BFE717F0E0FC3378013B337017F0E0FC69
S214021A8004460121022016F035FDFFF741FF2046ED
S214021A901F4C17F0D0FC2068013017F0A1FE00F4AE
S214021AA04060B0F5006F13D124680121042220465D
S214021AB017F0BAF9204417F093FE0146184B04209B
S214021AC01A783378D21AD2B2BDE8F84017F051BE6F
S214021AD04FF6FF71F2E740202B70BDE8F84013F096
S214021AE00ABC012BA4D100232B700E4B1868FFF7FB
S214021AF04FFB3F20F1E700BF12590020A636040034
S214021B002C670020245300203D6000204060002007
S214021B102853002039600020B86900203A6000206F
S214021B20BC6900203853002008B50A4B1A7882B9DF
S214021B30012210281A7004D040F69D61064817F05C
S214021B4071FD0021202016F0D5FCBDE80840FFF705
S214021B500BBE08BD38600020A636040008B5094B47
S214021B601B88DB0604D440F2C351074817F05AFD1F
S214021B701020002116F0BEFC044B1868BDE8084091
S214021B8013F01EBB12590020A6360400385300205C
S214021B90012208B5074B1146186813F0FEFA002119
S214021BA02C2016F0D3FCBDE8084000210A2016F0CF
S214021BB0CDBC00BF38530020014B4008185C70476C
S214021BC0B469002008B513460A461946064B18683B
S214021BD012F062FF30B1BDE8084040F6E941034822
S214021BE017F020BD08BD00BF38530020A6360400FB
S214021BF008B5044B186813F0CEFA013818BF012056
S214021C0008BD00BF3853002070B5054617F018FC13
S214021C100E4B0F4E1B880446DA07357008D50D4B5F
S214021C200D4D1B78012B08D90121286813F05DFBA6
S214021C302046BDE8704017F0FEBB1BB10EF0FAFA64
S214021C40C305F1D4317881F00101EEE71259002084
S214021C50B36900203E600020385300200C4B10B5BC
S214021C601B880446DB0711D5FFF78CFB094B84F073
S214021C70010208211868D20012F056FE30B1BDE803
S214021C80104040F63671044817F0CCBC10BD00BFB9
S214021C901259002038530020A636040008B5044B1B
S214021CA00146186812F003FF003818BF012008BD6D
S214021CB03853002010B50A4C23787BB1FFF768FF33
S214021CC00021042016F016FC0021022016F012FC59
S214021CD000232370BDE81040FFF7AABA10BD00BF6C
S214021CE03D60002038B5094800F0E8FC0024084DA5
S214021CF095F84430E0B2834200D838BD05EBC00008
S214021D00043000F0DBFC0134F2E700BFDC530020B5
S214021D103C53002008B5104602494822F8F71CFF3B
S214021D20002008BD9453002008B5054817F0EAFDC8
S214021D30014620B9BDE80840014817F021BA08BD9F
S214021D404C670020002238B51C4B15461C461A70FC
S214021D500132082A5D609D8043F8085FF8D1482268
S214021D6000211748F8F768FD4FF6FE73A4F86830AE
S214021D706FF48033E365134B00211A88124B186800
S214021D80F8F75AFD114BC4E91255C4E9283584F810
S214021D90445084F85050656584F8A850E9F704FD6D
S214021DA0FF220B4B012118700A4B00201A70E2F733
S214021DB06BFE0020FFF7B8FF002038BD3C53002022
S214021DC0945300202E6900200C6600200000FFFFBE
S214021DD0416000208760002010B5AC24084B04FB4D
S214021DE00030836C53B990F850403CB931B1C0E929
S214021DF012122046FFF798FF204610BD2120FCE76E
S214021E003C530020AC2370B503FB00F5094E731952
S214021E1093F850405CB920460BF022FF735D2046D3
S214021E2043F002037355FFF77FFF204670BD012083
S214021E30FCE700BF3C530020AC235843024A135C25
S214021E4023F00303135470473C53002070B5164624
S214021E501F4A04461278C2BBAC211E4D01FB00513C
S214021E608A6C92BB91F850203AB1022B2DD191F890
S214021E704410072907D91C2026E091F844100729A8
S214021E80F9D8012B08D0AC2000FB0450CA00011D73
S214021E900C30F8F723FD0021AC2303FB04F00024EA
S214021EA09DF8143000EBC1012944CB71049B8E804F
S214021EB08B602B1893F84420204601328C7183F8ED
S214021EC04420FFF731FF204670BD0120FCE700BF2B
S214021ED0406000203C530020F8B5234B04461B7894
S214021EE00F46002B3ED1AC23204D03FB0053B3F824
S214021EF0A03023B940F245311D4817F093FBAC22BF
S214021F0002FB0452D2F8A46036B192F8A3303946E6
S214021F100020B2F8A020B047AC2300216343EA18A1
S214021F20A2F8A010C2F8A410482192F8A82001FB3B
S214021F3002322A44D2F89820964213D0EB5C9B07D2
S214021F400CD5AC226243AB5C204623F0020343F07E
S214021F500103AB54BDE8F840FFF7E6BE0BF0A2FE65
S214021F600028EED1F8BD00BF406000203C530020A0
S214021F70FD3604002DE9F04F89B0059008460D465F
S214021F8017F012F8044618B9212009B0BDE8F08F00
S214021F90284617F025F8C0B20838215C221892F8B5
S214021FA002A00491D1785268277803920022B4F8EE
S214021FB00130ADF81E20434A029192F800B0BBF100
S214021FC0000F08D0404B1B681BB120464FFA8AF21E
S214021FD098470020D9E703F00703022B70D001349C
S214021FE009225946204616F01FFF023F3F1A3B06BB
S214021FF006465FFA87F8C7D4344FD7F89090B9F1FF
S214022000000F27D100210DF11E0B4346224608463B
S214022010CDF800B00BF05CFDC3B20546002B4BD1E9
S214022020BDF81E0013F0ABF9E0B9BDF81E0013F0C0
S2140220308FFA8146BDF81E0013F0A1F9F0B906EB3F
S214022040080201232146584692B200F07BFDD0B129
S21402205019209AE75B465A4601212846C8470028B7
S214022060D0D191E7D7F89430BDF81E00002BDCD013
S214022070A11998470028D8D1022086E7424648464A
S214022080A119F8F769FDBDF81E0016F08DFF029B38
S214022090059A0372049B80F809A08372039B1BBAFD
S2140220A0C360AC2303FB027393F85020BDF81E00F6
S2140220B022B1DB6C03B19847E8B266E7BB6FF9E77B
S2140220C0012062E740600020205300203C5300209D
S2140220D02DE9F84308460F46164602F1010913F0A9
S2140220E03CFA8046384613F043F9042856D138465F
S2140220F013F062F948F661054FF6FF7248F641039F
S214022100294C904208BF1D46B4F85C10301D17F0EB
S21402211069FB384613F050F90146B01D17F062FB12
S214022120B4F85E1006F1080017F05CFB06F10A042C
S214022130384614F0D5FE10B145F01005ADB229466A
S214022140484617F04FFB384613F002FA424601465D
S2140221502046F8F701FD3846012116F05DFF44449B
S214022160074660B116F03CFF0546384616F01CFFDF
S214022170EDB201462A462046F8F7EEFC2C440B4AFE
S214022180A41B13780134591C1170F3703470304656
S214022190BDE8F8430922012116F046BE484617F06C
S2140221A01FFB4C460546C3E73C5300204160002017
S2140221B0AC2210B548245043094B1A1892F8A810BE
S2140221C004FB0100034493F87700022806D092F835
S2140221D050301BB9032818BF012010BD0020FCE7B1
S2140221E03C53002070B508B1012070BD234C94F812
S2140221F0A850002DF8D12946B4F85C20FFF714FA4F
S21402220029462846B4F85E20FFF7F8F929462846FC
S21402221004F16002FFF7D6FC94F87730002BE3D087
S214022220284694F85860FFF749FA864215D10020EE
S21402223094F95A50FFF736FA854216D10020FFF776
S214022240B7FF0446002016F0A5FD0028CDD0214693
S214022250BDE870400020FFF705BA284694F85810EB
S214022260FFF73EFA0028E2D0BFE7002094F95A10A2
S214022270FFF70AFA0028E1D0B7E700BF3C53002078
S2140222800346AC2010B51446164A00FB032292F809
S214022290770002280CD1E07F022809D141B1124909
S2140222A00978012913D992F85810227891420ED152
S2140222B018462178FFF708FA90B1482221460B48C3
S2140222C0F8F74AFC002016F065FD08B9002010BD9C
S2140222D0044B93F8A8000028F8D1FFF783FFF5E730
S2140222E02120F4E73C5300207E5F00209453002018
S2140222F038B5AC230D4C054603FB004300205A6D4F
S214022300D86483F8500012B15865FFF727FCF5F73A
S2140223105FFBFF281EBFAC2303FB054484F8A8001E
S2140223200020FFF75FFF002038BD00BF3C530020AF
S2140223307FB51D4C94F8A83023B1002084F8A8007D
S214022340FFF750FF94F85A30B4F8A0608DF80F30BB
S21402235026B940F2FD21154817F064F9144B3146B0
S2140223601D6800202A46FFF7B3FEE46F02469CB1C2
S2140223700DF10F0301930023294630460093A04730
S21402238002462C7854B920462146FFF7A5FD204682
S214022390FFF7CAFC04B070BD0122F2E7294600200E
S2140223A0FFF714F8F6E700BF3C530020FD360400A2
S2140223B00C66002038B5494B1C78002C58D148488A
S2140223C000F06CFC204616F0E5FC002850D0454C88
S2140223D02378D90733D594F850201AB123F0030393
S2140223E0237045E023F0010323700BF043FC2378AF
S2140223F005469A0701D50BF033FC294600200BF060
S21402240049FA40B92378284643F001032370BDE811
S21402241038400BF025BC0023482284F8A33094F8F9
S214022420A83084F8A25002FB0343D3F89830A4F8ED
S214022430A000C4F8A430BDE83840FFF779BF94F88E
S2140224404400B0B104F1A003251D95E8030083E81B
S2140224500300FFF76DFF94F844202846D20004F1EB
S2140224600C01F8F73BFA94F84430013B84F8443008
S21402247038BDA26C62B99B0711D52378002023F0E1
S214022480020343F001032370BDE83840FFF74CBC5B
S2140224900123A06484F85030904723789EE70BF01F
S2140224A001FC0028E9D194F8A83073B1F5F790FA48
S2140224B094F85030002BDBD1FF2818BF84F8A80010
S2140224C0BDE838400020FFF78DBED4F88C30002BD4
S2140224D0ECD098470028CBD1E8E700BF4060002048
S2140224E04C6700203C53002070B50446002016F0CE
S2140224F051FCAC235C430B4E351995F850300BB1AA
S214022500002070BD0028FBD0074817F0FBF9002812
S214022510F6D1335D002BF3D195F84400B0FA80F083
S2140225204009EEE73C5300204C67002010B5084AED
S214022530034613F020F814684FF6FF7203EB4003CD
S2140225409C42184603D9018802339142F8D010BD46
S214022550F85300202DE9F047204F05463B88A3B3E9
S214022560B0F90230002B30DBDFF87C801C49D8F84B
S2140225700000F8F7B7FB20B94FF4EA71194817F0D4
S21402258051F80026DFF85CA0DFF860903A88B3B214
S2140225909A4204D84FF4EB71504617F043F8D9F834
S2140225A00030B2B253F83200D8F8001003EBC2047F
S2140225B068B943F83210A38828460133A38012F084
S2140225C0DAFFE38803EB4003E380BDE8F087F8F721
S2140225D089FB01360028D9D1EDE700BF1459002047
S2140225E0CA360400D43604006C670020EC53002080
S2140225F038B5094C094D22682B689A4204D94FF423
S2140226008771074817F00EF828682368C01A20F06A
S214022610010080B238BD00BFF853002000540020ED
S214022620D436040038B5124C124D21462846F5F72A
S2140226307DF823680BB12B681BB9DE210E4816F015
S214022640F1FF2A680D4B0E491A60236823F0010336
S21402265013440B600B4B1A602AB9BDE83840F821C8
S214022660054816F0DFBFFFF7C3FF6428F5D938BD6B
S214022670F0530020F4530020D4360400FC5300200C
S21402268000540020F853002038B5094C094D226842
S2140226902B689A4204D34FF48A71074816F0C2FF99
S2140226A028682368C01A20F0010080B238BD00BF37
S2140226B0FC53002000540020D43604002DE9F041DB
S2140226C01D4B04461B78012B24D1008816F04EFCC5
S2140226D00546D8B10426DFF864802C4616F0B0FE14
S2140226E007462046FFF736FF638843EA08036380FF
S2140226F0A05B16F03BFC0446384616F09CFE1CB166
S214022700B4F90230002BE9DA062E01D1BDE8F081D9
S2140227100626E2E7022BF9D116F092FE0246208840
S21402272016F024FC18B10388C3F30E032380104668
S214022730BDE8F04116F07FBE426000200080FFFF39
S2140227402DE9F04F0024BA4B97B006461C8016F0CF
S21402275077FE0123DFF8EC82B64F3B70B8F8003004
S214022760A8F80040ADF81630B34B1B68019316F07C
S21402277062FEB24B21461A88B14BD2001868F8F7AF
S2140227805BF80DF11600FFF799FF002E3CD1DFF83B
S214022790B8924FF0000B0125D9F80040019B9C42ED
S2140227A039D3BBF1000F39D1002DF2D0D9F8004051
S2140227B0DFF898A225462246019B9A4273D302234B
S2140227C00DF116003B70FFF779FF002E40F08F8068
S2140227D0D9F800603246AA4280F0A280908816F0AD
S2140227E0C5FB18B10388C3F30E039380D08816F096
S2140227F0BDFB18B10388C3F30E03D3801046FFF760
S21402280095FE0246E7E79847E3B256F823300134CE
S214022810002BF8D1BBE7BBF1000F3ED00BF1FF3324
S2140228205FFA83FB16AB03EB8B0252F8402CB2F92D
S214022830020051880028B1DA4B04AFD4924641F424
S2140228408040931D2AF8020F02933AF8020F16F000
S2140228508DFBF0B1B0F902E0B0F802C0BEF1000F95
S21402286017DB6FEA4C4C6FEA5C4CA0F802C0039090
S214022870FFF770FEBBF10F0F8FBF002516AB039A52
S21402288003EB8B009EBF0BF1010340F8402C5FFA6E
S21402289083FB029B9A45D8D180E72046FFF746FE87
S2140228A022460446C3E7104612F065FE8346B2F996
S2140228B00200118800280AEA010108DA204616F00A
S2140228C04BFB084381B204EB4B0402EB4B0510466C
S2140228D01180FFF72BFE02466EE798475FFA8AF3EF
S2140228E056F823300AF1010A002BF6D170E74FF0B2
S2140228F0000AF3E73046FFF719FE82467EB1B6F9C4
S21402290002307188002B0ADA3088C0F30E0016F007
S2140229102DFB864203462DD1C1F30D01718056462A
S214022920AE42E7D3DFF81CA116F08AFD0021064668
S214022930504612F071FE16F019FB0546002800F00C
S2140229408780304616F077FD284612F014FE0646BB
S214022950204616F001FB814676003246294620467E
S214022960F7F7BCFF002249460DF1160016F0A2FF4B
S2140229703444D9E71BD9304612F0FDFDC1F30D01F0
S214022980420071801846314692B2F7F7A7FFC6E7B3
S2140229905046FFF7CBFDD146854203D9B0F9023047
S2140229A0002B01DA824603E0FFF7C0FDF4E7B146EA
S2140229B0554507D9BAF80000C0F30E0016F0D6FA4D
S2140229C08245E5D3B9F1000F30D0B9F80000C0F364
S2140229D00E0016F0CBFA034638B93346CB46994575
S2140229E013D8B1459BD0D946ECE7484612F0C3FD52
S2140229F0B9F802204946C2F30D02A9F802204200A5
S214022A0092B21846F7F76AFFE7E718460193FFF710
S214022A108DFD019B9B46854203D9B0F90230002BFF
S214022A2001DA0346DBE7FFF781FDF4E7CB46DAE798
S214022A301659002042600020F85300201459002046
S214022A40EC53002018590020FC5300200080FFFFA2
S214022A50BDF816303870A8F80030044B30461C60BB
S214022A6016F0E9FC17B0BDE8F08F00BFF85300205F
S214022A702DE9F041054616F079FA0F460446D8B11C
S214022A8016F002FF20B940F2FB41204816F0CAFDBC
S214022A90284616F0A5FA05462046FFF747FDBD4232
S214022AA0064609D004D840F20351184816F0BAFD7B
S214022AB02588ED0B02D02781BDE8F081678020468D
S214022AC012F059FD074604EB400816F0B9FC104B0D
S214022AD01A68B2420AD1C3F8008016F0ACFC2A4645
S214022AE04046BDE8F041FF21F7F7A6BEA6EB080672
S214022AF0B5B216F0A0FC072DF1D90023083D44F824
S214022B001730C8F80430A8F80250D5E7D4360400C7
S214022B10F853002038B516F093FC00210546044809
S214022B2012F07AFD0446284616F085FC204638BD8B
S214022B3018590020024B1888B0FA80F040097047F6
S214022B40185900202DE9F74F044600881F4616F054
S214022B500DFA88461546064616F096FE20B940F24D
S214022B60FE613F4816F05EFD3388DB0B009306D00D
S214022B7033892B443381002003B0BDE8F08F2088D0
S214022B8016F02EFA82463046FFF7D0FC019016F079
S214022B9057FCDFF8D0B0019BDBF8002081469A4252
S214022BA01DD1FFF725FDA84204D2484616F043FC85
S214022BB01A20E1E70AEB050373803FB1208816F07E
S214022BC0F3F92A4641465044F7F7C6FF3046FFF768
S214022BD0ADFCCBF80000484616F02DFCCBE716F00D
S214022BE02AFC208816F0FCF92844009980B216F0D8
S214022BF04FFA06460028DBD016F0D6F98146208822
S214022C0016F0D2F98246208816F0EAF951460246B4
S214022C104846F7F7A1FF3046AFB116F0C5F90746AA
S214022C20208816F0DDF92A4641463844F7F794FF25
S214022C300121208816F0F0F901210246304616F0EE
S214022C40FFF9268097E716F0AFF98046208816F03F
S214022C50C7F92A4639464044F7F7EEFDE8E700BFD3
S214022C60D4360400F85300203421014816F0DABCAA
S214022C70E8360400036910B55BB18268064B9A42D7
S214022C8001D1002010BD446916F0C5FC201AF9D502
S214022C90F7E74FF0FF30F5E7692C020082681C4B1D
S214022CA070B59A420446056819D116F0C9FB236925
S214022CB023B1A34206D100222A601A61BDE8704001
S214022CC016F0B9BB1A4611461269A242FBD12A680F
S214022CD0A24208BF29600B6100232361EEE7036965
S214022CE093B198426E6803D19D210A4816F09AFC69
S214022CF02B46B44209D122699D4218BF1A614FF091
S214022D00000308BF6A60236170BD33463669F0E788
S214022D10692C0200E83604002DE9F0470746002534
S214022D204FF0010A154EDFF858808AB0347914B98C
S214022D300AB0BDE8F087D6F8009087B900972A4611
S214022D40B8F80010234603A816F043FE224648466B
S214022D5003A9E9F7EBF92544EDB20836E6E7224681
S214022D6003A94846E9F7B6F9CDF800A023462A4655
S214022D70B8F8001003A816F02CFEECE774820400E4
S214022D801A5900200148FFF799BC00BF1A590020C3
S214022D909C46174BF7B5054608461988164611B1E4
S214022DA0144B1C78CCB1014662463046BDB103B026
S214022DB0BDE8F040E9F78EB91C44E4B208373B7927
S214022DC0002BF0D03A689642F6D185F001052246ED
S214022DD0009516F0FEFD03B0F0BD074FEFE7E9F7EA
S214022DE0A5F9B0B203B0BDE8F04010F09BBD00BF3D
S214022DF01A590020BD6900207482040010B5074CE1
S214022E00238843B10020FFF787FF0020FF22044BF0
S214022E1020801A7010BD0220FCE700BF1A5900205D
S214022E20BD690020142810B518D8082805D110F05E
S214022E30E2FDC401E4B2204610BD0E2802D110F015
S214022E40DDFDF6E7064B53F82040002CF3D00A28A7
S214022E502478F0D105F0A0FE0443EBE7FF24EAE76E
S214022E60C4820400014BB3F8680070473C5300204C
S214022E7000487047A6530020014B1878704700BFE1
S214022E80BC5F0020014B1870704700BFBC5F00207B
S214022E90194B022810B5187002D0043801281BD826
S214022EA0164B1B78042B03D00021154816F068F940
S214022EB0144B1B689A001BD513F0805F40F6114432
S214022EC018BF4FF44164204611F02FF990B92046FE
S214022ED0BDE8104010F024BD0948FFF7DFFE0A489F
S214022EE0FFF7DCFE162412F0C3FD11F018F9EAE72C
S214022EF01524E8E710BD00BFC05F0020C15F0020B8
S214022F0070670020BC45002028450020024B187838
S214022F1000F00F00704700BFC05F0020034B187818
S214022F2000F00F00831E584258417047C05F0020D1
S214022F3008B512F088FDC0B112F09EFDA8B10AF0E5
S214022F40A7FF90B90A4812F030FB70B1094812F098
S214022F502CFB50B110F057FD38B111F0E8F820B94B
S214022F60BDE80840044812F0D1BB002008BD00BFEF
S214022F701C5900204E5900200454002030B5054646
S214022F800C4693B081B910B9002013B030BD10239F
S214022F90214A69460120FFF7FBFE9DF805305A1EBE
S214022FA0052A28D91720F0E7182200212046F7F72D
S214022FB043FC002DEBD1FFF7B1FF30B310F0EEFB70
S214022FC06A4601460020FEF7A5FEBDF804302046FC
S214022FD023819DF80230A3729DF80030E37212F04E
S214022FE0D1FE002304F11401237304F1100003F050
S214022FF0CBFDE081C8E7094A9DF804101278914299
S214023000D0D12B70002CD6D1BEE7054B1B78033BE4
S214023010022BD3D9C6E700BF64EE010094690020F4
S214023020C05F002030B593B005460C46FFF776FF2A
S21402303020B90C4B1B78033B022B10D810F0AEFBCA
S2140230406A4601462846FEF765FE00209DF80230D5
S214023050607023709DF80030A37013B030BD172047
S214023060FBE700BFC05F0020054B1878012805D09B
S21402307000F0FD00A0F1310358425841704700BFEE
S214023080C05F00201FB50146002201A816F048F9CD
S214023090064801A916F06BFC20B115F085FF4089A1
S2140230A0C0F3400005B05DF804FB00BF3C69002099
S2140230B030B585B00D460022014601A816F030F95B
S2140230C0084801A916F053FC50B115F06DFF0446EE
S2140230D0014608222846F7F701FC6089C0F3400043
S2140230E005B030BD3C690020F8B50546F8B10021B0
S2140230F00F4816F0D9FB0446A8B10D4F204615F02E
S21402310053FF064616F0F8F8830705D40822294628
S2140231103046F7F7DDFE38B12146384616F0E8FBB2
S21402312004460028EAD10024201E18BF0120F8BD5C
S2140231303C69002010B50C460146064816F017FCFE
S21402314030B115F031FF43891C4214BF0120002024
S21402315010BD00BF3C6900201FB51446024601A8F8
S21402316016F0DEF8074801A916F001FC40B134B1AA
S21402317015F01AFF142201462046F7F7AFFB01208E
S21402318004B010BD3C6900201FB50146002201A80C
S21402319016F0C6F8094801A916F0E9FB58B115F071
S2140231A003FF4389024613F0020004D0507B80F0EE
S2140231B00800C0F3C00005B05DF804FB3C690020BF
S2140231C0F7B59DF824400D4601949DF8204006462A
S2140231D000941F4613F073FE4FF6FF7188420446B2
S2140231E010D0BB0711D4284600F056FF204616F032
S2140231F0E5FBFF281FBF084A32F8103023F480434D
S21402320022F81030204603B0F0BD0246294630466A
S21402321012F012FBEAE700BFEC58002073B50E4628
S2140232200146144816F0A3FB0546D8B115F0BCFEBD
S21402323043890446334012D09B0736B20BD5002E84
S21402324009DAA17B437B0289007B0191012100916F
S2140232502146FFF7B5FF638923EA06036381628985
S21402326012B1012002B070BD2946024812F0F3F9ED
S214023270F7E700BF3C6900200148FFF71FBA00BF0E
S2140232803C69002013B53E4C0DF098FDD4F8FC3195
S2140232901020C3F307430193FFF7C4FD000650D581
S2140232A00020FFF7BFFD01064BD5019B802B3ED1C8
S2140232B0236A9A0704D440F61544204602B010BD8D
S2140232C0E3699B07F7D52F4811F05DFA012012F04B
S2140232D02DF80DF086FD04460028EED100F042F9E6
S2140232E0294812F0EDF900F099F9E8F75DF80DF0CB
S2140232F064FD08F003FF08F055FFF4F761FAF4F7EF
S214023300FFFAF4F719FB03F0DBFD10F076FB10F082
S21402331077FB10F00FFF1D4813F0DAFD06F08CFA6B
S21402332010F0CBFE0028C8D010F0C9FEC5E7019BFE
S214023330812BC0D1D4F80C315B00BCD5D4F80C314B
S214023340BFE71020FFF76EFD0006BCD40020FFF793
S21402335069FD0106B7D5019B802B05D1084B1A6A79
S214023360D207A8D5DB69ACE7019B812BA3D1044B1E
S214023370D3F80C21002A9EDAD3F80C31A1E700BF5D
S2140233800080E00F690345EC0454002085300200FB
S21402339010B512F06AFB70B301F0E0FA80F0010497
S2140233A0E4B20020FEF724FC44EA800424B212F0C1
S2140233B04AFB10BB02200443164816F0A3FA44EA5E
S2140233C04014154816F09EFA24B244EA0014134834
S2140233D016F098FA24B244EA8014114816F092FACB
S2140233E024B244EA40240F4816F08CFA24B244EA87
S2140233F0C02080B210BD0124D3E70B4812F0D5F8E6
S2140234000028D7D0094812F0D0F880F00100C0B2E8
S2140234104000D0E7B067002094680020C045002036
S21402342014680020746800201C5900204E590020A1
S21402343008B501F07FF8FEF709F8144812F0B5F85F
S21402344008B904F025FF124812F0AFF808B906F0E2
S214023450DDF902F095FF0F4812F064F90E4B1B7867
S214023460043B022B09D80D4816F04CFA28B1FFF798
S2140234708FFF102801D107F0E1FC10F0C6FA12F017
S214023480EAF9BDE808400648FFF75AB91C59002079
S2140234904E59002004540020C15F0020946800208A
S2140234A03C830400014B1868704700BF3853002065
S2140234B04FF6F77370B5984204460D4686B043D869
S2140234C012F0D7F9A04207D1082220492846F7F77A
S2140234D005FA002006B070BD1D4EB6F86830A3424D
S2140234E00AD10022082106F16A0012F050F918B932
S2140234F0082206F16A01E9E784B10023012219468F
S2140235002046009308F05CFDFF2811D1294620468C
S21402351008F000FF80F00100C0B2DBE70D4B1B682D
S2140235209B07EAD4284606F0FBFD0028E5D0D0E744
S21402353002A913F06FFB0028E8D1DDF80D302B60EE
S214023540DDF811306B60C4E70120C3E7436000205A
S2140235503C530020BC450020014B1870704700BF4A
S2140235609469002010B5054C082221460448E8F765
S214023570B1FD204612F0B7F910BD00BF436000202F
S21402358034B608C00048704743600020082208B5D9
S2140235900349F7F79DFCB0FA80F0400908BD00BF6A
S2140235A043600020014B1870704700BFB45F0020D4
S2140235B0F7B50D46044616461F460021284601F07A
S2140235C061FD0B4B002183F859402A4633462046BC
S2140235D000970AF03FF9014630B10222204603B0B6
S2140235E0BDE8F04000F006B8012003B0F0BD00BF11
S2140235F03C53002013B513460C461AB1022A0CBFE0
S214023600134601230021044A019100922246FEF746
S2140236101DFC02B010BD00BF4D5B030000B50020CC
S21402362093B0FEF78FFB1E4B188813F052FC1D4B0F
S2140236301D491A7800200AF091F9342200216846C2
S214023640F7F7FAF80B238DF800306FF48033019306
S2140236504FF6FE73ADF8103003238DF81D30134B72
S214023660134A0893134B10680993134B51680D9332
S214023670124B6A460E93124B0F93124B1093124B39
S214023680119302AB03C300210846FEF7F9FD6A4612
S21402369001210020FEF7F4FD13B05DF804FB00BF25
S2140236A028690020A3690020D4460400C53A020017
S2140236B043600020E9580300AD6702006D3C02003B
S2140236C0D97602004D5B0300DD630200014B1878D9
S2140236D0704700BF4B600020014B1888704700BF40
S2140236E0406900202DE9F74F814610460E46904667
S2140236F016F076F8DFF840B105469BF8003033B98D
S2140237004A4B1B681BB94A4B1B68002B7FD015F42B
S214023710406A05F040071BD19FBBB5F5804F61D2CA
S2140237204FF48074B9F1400F73D0B9F1800F63D0B3
S214023730B9F1100F6BD100239BF800003D4AD9B2B5
S214023740884264D932F8021B0133A142F7D166E0FF
S21402375008F1030016F044F84FF6FF73984214BFC0
S2140237600124022487B1052705F44043B3F5004F30
S21402377044F0080425D0B5F5804F24D244F4807472
S21402378021E054460327EFE7B5F5804F4FF00507D3
S214023790F4D3BAF5406F14BF0220082038444044E0
S2140237A016F01EF8019012F081F8019B05F44045D0
S2140237B098420CBF44F0080444F00404B5F5004FE8
S2140237C001D144F08004BAF5006F0FD108EB070070
S2140237D016F006F8054612F04CF8A842A2D144F0BC
S2140237E010049FE7544603270220D7E7BAF5406F36
S2140237F008BF44F0200495E70C4B1B683BB100223F
S214023800D1B233F8110033F91110002903DA00207F
S21402381008E0074BF1E7A04202F10102F0D106B13F
S2140238203480012003B0BDE8F08F00BF145400209E
S214023830185400206C59002084600020034B1A782C
S214023840022A04BF09221A70704700BF4C6000208B
S2140238500C22034B1A211A700320002201F090BD9D
S2140238604C6000200C2208B5054B1A211A70002263
S214023870104601F085FD0022024B1A6008BD00BF0B
S2140238804C600020205400200C2270B50D4B0546DB
S2140238901E781A7030B93046BDE8704000221A21F0
S2140238A001F06EBD084B1C78E1B21A29F3D825FA4E
S2140238B004F3DB0703D54422304601F061FD0134F0
S2140238C0F2E700BF4C600020BF6900200C22024BCA
S2140238D01A7010F025BC00BF4C600020F0B50C88B2
S2140238E005460E468BB0E4B94FF6FF77ADF8247066
S2140238F010F02BFC10B902200BB0F0BDCDE903404E
S214023900CDE90544134A0294B2F85C306032019362
S21402391000923B464CF60101FF2009AA13F0F4FA86
S2140239203080284612F0EBF80B4C70B1237863B166
S214023930013BDBB22846237012F0E1F838B120785A
S214023940B0FA80F04009C0B2D6E70523F2E70120BC
S214023950F9E700BF3C530020BE690020034B114626
S2140239601B6803B118470FF09BBF00BF205400200E
S2140239700C22024B1A7008F039BF00BF4C600020C0
S2140239800148FEF79BBE00BF1E5900207FB50546C4
S2140239900C46164615F032FD00286BD1062D03D8CC
S2140239A05223EB40DB071AD4B4F1006F05D3E30EC3
S2140239B01C3B032B18D94F202EE000222F4B1A60F7
S2140239C02F4B1D7011F009FF03460A2D54D8DFE86D
S2140239D005F02D183E49182518535341360002F0BB
S2140239E0A3F8B4F1006FE2D20022244B042D1A6031
S2140239F0234B1D70E6D1022001F0B6F911F0EDFE60
S214023A000346012202921F4A01921F4A00921F4A4F
S214023A10314620460AF078FA04B070BD3146204698
S214023A201B4A04B0BDE870400AF056BA314620463A
S214023A30184B194A04B0BDE870400AF031BA0022A9
S214023A400292164A0192104A0092154AE0E70222B2
S214023A500B4B1A7000221046124904B0BDE87040A3
S214023A60FEF7BAB9002202920F4A0192064A009263
S214023A700E4ACDE74D20CFE70120CDE720540020A7
S214023A804C60002089380200C53A0200395B030008
S214023A9071390200653802005D390200CD38020035
S214023AA0DD3802003D38020051380200FB5A03009E
S214023AB008B50AF059FA0C22014B00201A7008BD0C
S214023AC04C600020F0B585B0ADF8060018B9762136
S214023AD0644815F0A7FDBDF8060011F049FC04463F
S214023AE0BDF8060011F044FC082846D00C2CBDF8A0
S214023AF0060042D111F02CFD074615F071FE0DF1BD
S214023B000F010646BDF806000FF068FF002879D0C0
S214023B1009220021384615F087F99DF80F30103338
S214023B20C518BDF8060015F05BFAEDB2854269D2FB
S214023B302946BDF806000AF025FB06F44C4416F4A6
S214023B404066054614D0F81C15F04AFE4FF6FF7381
S214023B50984208BF44F04004B6F5006F08D1781DBD
S214023B6015F03EFE4FF6FF73984208BF44F010046D
S214023B709DF80F305BB3072D44D1BDF8060011F057
S214023B80EDFB0446BDF8060011F0F2FB082817D03C
S214023B90A30615D524F0200189B2BDF8060011F05F
S214023BA0C8FBBDF8060011F0D3FC0021092215F06F
S214023BB03BF900F1100189B20DF1060013F0CDFABF
S214023BC00022BDF80610284815F074FE1AE0082DEB
S214023BD016D8BDB1013D072D14D801A353F825F020
S214023BE03D3C0200493C0200053C0200093C020042
S214023BF0053C0200553C02007B3B02005B3C020097
S214023C007C2D24D005B0F0BD24F48844A4B2B4F5CB
S214023C10084FF7D1BDF8060011F0A5FBBDF8061057
S214023C2013F05CF90028A8D0BDF8060011F0F3FBEB
S214023C3000220146022015F09CFDE3E724F480648E
S214023C40A4B2B4F5484F97E7B4F54C4F94E7B4F5F1
S214023C504C4F92D04CF6500301E04CF640439C4247
S214023C608AE700BFF63604001C5900202DE9F74308
S214023C700F4690469946064615F096F90446304693
S214023C8015F0AEF9C5B2083D2C44E178094BA2788E
S214023C901970094B31461A70002043463A46CDF851
S214023CA000900DF016FD003818BF012003B0BDE8E5
S214023CB0F08300BF66600020656000202DE9F04FAB
S214023CC0DFF84081DFF8409198F8002099F800303C
S214023CD006469A4285B004D340F21911424815F0BE
S214023CE0A1FC30460DF10F0115F032FB20B14FF466
S214023CF08E713D4815F096FC98F800709DF80F40BE
S214023D003D1B15F0FF0530D04FF0FF3C374B01212D
S214023D101B78A140184699F800304FF6FF790CFA46
S214023D2003FC0023324A01F1FF3E0193C1F1000A6F
S214023D309DF80430984243D8122004FB00002D4B15
S214023D40A0F1120105EBC5025200194404F1010963
S214023D501844F6F7C3FD4FEA89092748A9F104017A
S214023D600144AA004844F6F7B9FD224904EBC4020E
S214023D7001EB420321F81260204A013712784FF60F
S214023D80FF71DA731A745A7412025A801C4A0D2092
S214023D9012781A7110225A7100229A73C3F80620FA
S214023DA0C3F80A20144B43F8242088F8007015F054
S214023DB0E0FC0EB912F0F1FE204605B0BDE8F08F29
S214023DC013884B450AD053680AEA030B03EA0E032C
S214023DD00B4403EB4B0343EA0C035360019B08328C
S214023DE001330193A4E700BF09370400A06900204D
S214023DF08C430020B85800208843002066600020CC
S214023E004D600020BA5F00209E69002010B5074C66
S214023E102046FEF743FF04F06BFB02F0DDFE204671
S214023E20BDE810404FF47A5115F0AAB97067002029
S214023E302DE9F041074600250A4B0B4E93F8008009
S214023E40ECB2A04503D8FF242046BDE8F081082244
S214023E503846B11DF7F73CF801350028F4D0123683
S214023E60EEE700BFBA5F0020B858002007B50DF194
S214023E70070115F06DFA30B19DF80730034803EBE1
S214023E80C30300EB430003B05DF804FBB858002000
S214023E902DE9F843294E044633785D1E2D1A8342D7
S214023EA0EDB204D84FF4A171254815F0BBFB0123EF
S214023EB0A3404FF0FF305F1E3B4400214FF6FF7ECB
S214023EC06FEA03081F4A92F800C01F4A1278904011
S214023ED01E4ACBB29C4523D8BDB127B204EBC4041C
S214023EE01B48640005EBC50204F1120101445200AE
S214023EF02044F6F7F3FCBF001648AA00391D014419
S214023F0002F0FC023844F6F7E9FC33780022013B63
S214023F1033704FF6FF71BDE8F8430E2015F029BC4A
S214023F201388734507D0536808EA03093B4003EB3E
S214023F3059030343536008320131CAE7BA5F0020CF
S214023F4009370400A06900209E6900208C430020E7
S214023F50B85800208843002010B50A4C207858B97B
S214023F60094B1B781A2B03D99921084815F05AFBDE
S214023F700322074B1A7010BD0138C0B2FFF788FF44
S214023F80ECE700BFBA5F00209E69002009370400F4
S214023F90B65F00202DE9F047054615F0FEFCFF2827
S214023FA0044624D1DFF884901E4B99F800201B7833
S214023FB09A422BD22846BDE8F047FFF77FBE3888E4
S214023FC03B79504518D86F2B4FEA131214D85B076B
S214023FD010D0123708F1010899F800105FFA88F637
S214023FE0B142ECD80023104ADEB28E4214D32046E9
S214023FF0BDE8F087022AECD912F040FF0028E8D18B
S21402400029463046BDE8F04711F0BABD4FF0000829
S2140240104FF6F77A044FDFE7107901338F28EFD88F
S2140240201232E1E79E690020B8580020BA5F0020ED
S2140240304FF6F773984210B514D8FFF7ABFFFF2878
S21402404010D0134C00B200EBC00004EB40040DF09D
S21402405053FD104938B962880B7802EB0313A3EBC1
S2140240601213638010BD227C637C09789A42E27345
S2140240702374617407D98B4203D213468B4228BF3E
S2140240800B461B02EDE78A42F8D31346F9E700BF58
S214024090B8580020666000202DE9F04106460F461B
S2140240A000240E4DDFF8388098F80030A34201D87D
S2140240B0BDE8F081082229463046F6F709FF40B9E6
S2140240C035F8063CBB4204D02046FFF7E1FE013C31
S2140240D0E4B20134E4B21235E6E700BFBE5800206F
S2140240E0BA5F0020F8B5054608460E46FFF7A0FE62
S2140240F0FF2830D01D4B294653F820703046FFF774
S214024100CBFF2846FFF746FFFF28044625D112F0CC
S214024110D0FEFF280AD1164C207838B10FF041FBAA
S2140241202378B0FBF3F202FB1300C0B2294611F06B
S21402413027FD044623B20F4D03EBC30305EB4305ED
S21402414008223146A81DF6F7C9FB2B79204603F054
S2140241500F032B71F8BD0027D3E7074B1B78002B04
S21402416018BF0027014B43F82070E3E7884300207E
S2140241709E690020B8580020C069002038B50B4B55
S21402418004461B780D46834204D840F25A2108485A
S21402419015F048FA074804EBC40400EB440029462D
S2140241A0BDE8384008220630F6F798BB9E69002024
S2140241B009370400B858002070B5044608460E4673
S2140241C015F0EBFBFF28054610D02046FFF730FE21
S2140241D0FF2807D0084B1B7823B9084B53F820203A
S2140241E043F8252021462846FFF7C8FF31462046D9
S2140241F0BDE87040FFF750BFC0690020884300202A
S2140242002DE9F8430024804601272646114DDFF8A3
S2140242104C9099F80030A34210D83E430134E4B2E1
S2140242201A2C4FEA470705F11205F2D14FF0FF307C
S214024230094B1B7898403043BDE8F8832B884345EA
S214024240EBD0284611F0E5FC0328E6D82B796F2B35
S214024250E3D8E3E7B85800209E690020BA5F002042
S21402426010B5084C00EBC00004EB400423795B0752
S21402427007D1204611F0CDFC237923F0070318431B
S214024280207110BDB85800200022084B1878084B41
S214024290D1B2884203F1120300D8704713F80D1CFE
S2140242A0013221F0100103F80D1CF1E7BA5F00207D
S2140242B0B85800202DE9F04702261227DFF85C9056
S2140242C0DFF85C8099F8004000250CE007FB05F358
S2140242D038F803A00021504611F0B0FC10B15CB1D2
S2140242E0013CE4B2013599F80030EAB29342EDD8C7
S2140242F0A34204D14FF6FF7A5046BDE8F0870FF08E
S21402430050FA99F80030012EA3EB040390FBF3F267
S21402431002FB1300C4B2EDD00126D5E7BA5F002037
S214024320B8580020034B00211A7803489200F6F78B
S21402433083BA00BF9E6900208843002010B5134B45
S2140243400C461B7886B0834212D9114900EBC00096
S21402435001EB4001082220460631F6F7BFFA00229A
S2140243600821204611F013FA80F00100C0B206E0E0
S214024370C01A01A9C0B212F0A5FD10B1002006B005
S21402438010BD01AB03CB20606160E8E79E690020A8
S214024390B858002008B5074B024653F820308B4227
S2140243A006D915204FF6FF7115F0E3F9002008BD77
S2140243B00120FCE788430020024B013143F820101D
S2140243C0704700BF884300202DE9F34781460C461C
S2140243D000272A4EDFF8ACA09AF80030FDB2AB42B6
S2140243E010D86946204612F086FDC0B308226946F8
S2140243F04846F6F76DFD90B34946204611F0C4FED6
S214024400FE2537E006F10608082241464846F6F73A
S2140244105FFD90B94FF6FF739C422BD03388A342C0
S21402442028D0204615F0CAFAFF2814D1494620465D
S21402443002B0BDE8F047FFF755BE14B91236013791
S214024440CAE73388A342F9D100220821404611F078
S2140244509EF90028F2D12846FFF71AFDCCE7494616
S214024460002015F0A9FAFF28054603D0044B1B7856
S2140244700344DDB2284602B0BDE8F087B8580020F3
S2140244809E690020BA5F00200F4B1B7883420CD82F
S214024490C01A0E4AC0B232F81030D90411D443F40E
S2140244A0805322F8103001207047094B00EBC00001
S2140244B003EB40035A79D10603D442F010025A7134
S2140244C0F1E70020704700BF9E690020EC580020EC
S2140244D0B8580020F0B5134B06461B78FBB10025F2
S2140244E01148DFF84CC090F800E0104807781F44E7
S2140244F0E8B2864501D80020F0BD7C1B94FBF3F0A1
S21402450003FB10440CEBC4003CF83440B44204D124
S214024510002AF1D184788C42EED00135E8E71846BD
S214024520EAE700BFA0690020A8450020B85F002087
S2140245308C43002070B50CF032FC14250F49104E47
S2140245400B78328830809B1A03449BB2B3FBF5F497
S21402455005FB14330B700B49E2B20B78934292BF01
S21402456000239B1ADBB2032A0B7088BF002306497E
S2140245709EBFD2000B68D3400B6070BD4F60002018
S21402458020590020B75F0020A8450020084B186875
S214024590084BC2B21B789A4208D2074BC0F30720D8
S2140245A01B78984234BF00200120704701207047D4
S2140245B0A8450020A06900204E600020F8B50546F8
S2140245C01746FFF7E3FF064610B9184B1A783AB9B2
S2140245D0212001224FF6FF7115F0CBF80020F8BD1E
S2140245E01348DFF854C003780133B3FBF2F402FB3E
S2140245F0143303700F48DCF8002000EBC30420F8E5
S214024600335002F10132A1703846CCF80020FFF791
S214024610F7FDE670606011F02CF9A84201D1012086
S214024620DDE7E3780133E370F9E700BFA069002015
S214024630B85F00208C430020A845002010B50B4C24
S2140246400B4A2378063B13700CF0A9FB0022094B99
S214024650FF211880084B09481A602278D200F6F724
S214024660EBF80422064B1A7010BD00BFA0690020AA
S2140246704E60002020590020A84500208C430020D0
S214024680B75F00202DE9F843074614F0C4FF05463D
S2140246901A4815F037F91A4B48B31C683C1B2C44D1
S2140246A0A4B20022174BDFF864901B78164D99F8D7
S2140246B0006005EB03155FFA82F8464509D9AB8818
S2140246C005F11000A34215D9B21A29461201F6F7CF
S2140246D005F9013689F80060AC80B8F1000F03D105
S2140246E03946064814F04CFD2846BDE8F8833C4699
S2140246F01D60D6E705460132DDE700BF9067002061
S214024700245400205160002088420020526000207D
S2140247102DE9F74F14F07FFF4FF0000E284D294F7A
S2140247202978294C97F800A004EB011303EB0A1230
S2140247300092F3465246DFF898801FFA80FC06463F
S214024740B8F80000ACEB0009A0EB0C001FFA89F9E0
S21402475001900098984217D1BEF1000F00D0297040
S214024760524503D200203A70FDF7DEFA3B7823B3B7
S2140247702B78164804EB0314A188C8F8006003B02F
S214024780BDE8F04F14F0FCBCB3F804C0CC450FD81B
S2140247904FF0010E93F802C001310CF1FF3C013AD2
S2140247A0A3F804B083F802C0C9B2D2B21033D0E77D
S2140247B001988444A3F804C0F8E703B0BDE8F08F7C
S2140247C0516000205260002088420020906700203E
S2140247D0245400207FB56C461E4B1F4D1E78013EAA
S2140247E0F6B21E7095E80F0084E80F001B4B2846B1
S2140247F01A7805F1100132441201F6F76FF89DF8A7
S214024800026016F00F0511D1BDF8080009F02CFE63
S214024810360918BF29464FF00002BDF8000008BF4F
S214024820039904B0BDE8704002F022BDBDF8040052
S214024830FFF728FF0346828804ADADF8042022461F
S21402484003CAAA4218605960144603F10803F6D157
S21402485004B070BD516000208842002052600020E3
S214024860F8B50024084D094F094E3B783178E2B27C
S2140248700B449A4204F1010400DBF8BD2846FDF71A
S2140248801DFF1035F1E700BF88420020526000206D
S2140248905160002070B5134B06460D46104612496D
S2140248A01A78124B09781B780B44934206DB1F20BA
S2140248B04FF6FF7114F05DFF002070BDFFF7E2FEB9
S2140248C0013506808570044614F0A0FEE08009F0EB
S2140248D0D1FD40F602432081E3600020FDF724FA72
S2140248E00120EAE79D690020526000205160002006
S2140248F02DE9F84386460023144FDFF85C803E78A5
S21402490098F8005012497219DCB294421CDA4FEA47
S214024910041C31F80C900133F14501EB0410F3D17D
S214024920631CD21A0CF1100C12016144F5F7D6FF83
S214024930A5428BBF05F1FF3506F1FF3688F8005019
S2140249403E700CB9034B1C70BDE8F8835260002021
S214024950884200205060002051600020044B054A27
S2140249601B781278D3420CBF01200020704700BF8C
S2140249705160002052600020024B1878003818BFA1
S2140249800120704751600020002108B5084B0948F5
S2140249901970094B1970094B1970094B1A781201D4
S2140249A0F5F74AFFBDE808400648FEF777B900BFAC
S2140249B05260002088420020516000205060002093
S2140249C09D6900209067002010B50B4C23784BB1F0
S2140249D00A4802F03BFD58B1084B0121188811F035
S2140249E03AF808B9002010BD0122054B1A70FAE702
S2140249F0FFF7F0FEEAE700BF516000208842002081
S214024A005060002010B50E4B1B78BBB10D4C2388AE
S214024A1083424FF0000311D10B4AE160137049B98B
S214024A20A3781033A37011F0E0FA18B9A37823F034
S214024A300F03A370FFF7CEFE012010BD1846FCE759
S214024A4051600020884200205060002070B592B06D
S214024A500C4606460EF0A2FEE17A05460020FCF75A
S214024A6033FE28B394F90A0010F09CFE10BB134BD9
S214024A70E27A294683F85820A27A83F85A206A46B0
S214024A80FDF748F94FF6FE739E420CBF4FF6FF73D2
S214024A9023896A4629460020ADF80660ADF8043040
S214024AA0FDF7EEFB40B92289054B5A8012B070BD65
S214024AB05520FBE75620F9E72120F7E73C53002074
S214024AC02854002010B50446014608220948F5F786
S214024AD005FF237B022B0AD8002B14BF31220122AA
S214024AE005490B7017234B61044B1A7010BD002347
S214024AF00122F5E72C54002028540020C05F002035
S214024B00014610230120014AFEF742B964EE010075
S214024B10014B5861704700BF28540020014B18789B
S214024B20704700BF2854002010B5054C2378112B7F
S214024B3003D0E221034814F075FD4123237010BD13
S214024B40C05F002014370400064B01461B78042B76
S214024B5004D1054A137E053313767047034814F0D2
S214024B600FBB00BFC15F002028540020B0670020A2
S214024B7008B50648FDF7A2FD0548FDF79FFD0EF0B5
S214024B8039FFBDE8084000F0EBBF00BF1C5900200B
S214024B904E590020064B1878332806D000F0EF0056
S214024BA0A0F143035842584170470120704700BFA6
S214024BB0C05F0020002208B5074B4FF6FE701A7041
S214024BC010F063FE4FF6FF7010F07CFE034B586940
S214024BD0BDE808400EF0A4BEC05F002028540020A6
S214024BE008B5064B187838B10548FEF743F84FF477
S214024BF07A73B0FBF3F0C0B208BD00BFB55F002009
S214024C00684500202DE9F0438BB0074615469846C6
S214024C100E469DF8489049B9104605AC14F0CEFEF3
S214024C20214612F04FF9172818BF2646B9F1000F91
S214024C300AD1124B1B781BB9284612F060F9D0B97C
S214024C402846FEF7A1FA02E0284612F058F980F04C
S214024C500104E4B29DF850302A4602939DF84C3087
S214024C603146CDE9009338464346039411F037F8AF
S214024C700BB0BDE8F0834C46ECE700BFBC5F0020FB
S214024C800022014B1A7670472854002008B50020EF
S214024C90FEF788FC0023024AC2E90133538008BDAE
S214024CA02854002010B5144B1B78033B012B16D852
S214024CB0124BB3F868204FF6FF739A420FD10320C7
S214024CC0FEF7E6F801F052FFFFF7E0FF002014F0CF
S214024CD061F878B1BDE81040002010F047BCFEF73E
S214024CE0C7F80446FEF7BEF80146204607F01AF853
S214024CF00220E5E710BD00BFC15F00203C53002044
S214024D0008B5114A114B58611378032B1BD0D3B147
S214024D10332B01D0432B10D10D4B1B78033B012BB9
S214024D2005D803231370BDE808400EF0F9BD0EF057
S214024D30F7FDBDE80840FFF7B5BF21231370BDE8B5
S214024D40084001F07DBD08BDC05F00202854002049
S214024D50C15F002008B50348FDF7A0FFFFF796FFE6
S214024D60022008BD6845002038B5114D04462B7850
S214024D70834218BF28700FF0E0F980B124B92046AC
S214024D800FF0DDF902220DE001200FF0D8F92B78A2
S214024D901A1F012A05D9062BF4D1032202E0002CA1
S214024DA0F5D10122BDE838400021084610F0D7BEF2
S214024DB0C15F002030B5044685B068460D46FFF751
S214024DC09FFE94B100212846144A01F0F3FE144BCC
S214024DD020681B7861688DF80430124B1B788DF8BA
S214024DE0053002AB03C305F071F90F4B93F8582058
S214024DF093F85A308DF803208DF8023010F056FDE5
S214024E00ADF8000010F035FD1023ADF80600694637
S214024E100020064AFDF7BCFF05B030BD00F8FF07CC
S214024E2094690020C15F00203C53002064EE01001C
S214024E3010B5104B04461A780F4B002083F8582002
S214024E4013F0A8FF10B1002010F090FB00210846D6
S214024E50FFF7B0FF0FF063F92046FDF749FA40F678
S214024E6017400EF05DFD0023044A1380044A1380A7
S214024E7010BD00BF536000203C530020F6580020AF
S214024E80F45800201FB504466846FFF739FE54B1B1
S214024E9000238DF80530102369460020064AFDF7E8
S214024EA077FF04B010BD10F0E4FCADF8060010F079
S214024EB0FDFCADF80000EEE764EE010010B5014619
S214024EC004460020FCF700FC90B10C4B1B78023B1A
S214024ED0032B0FD80A4B1C7014F090FA60B9094ADB
S214024EE00949FCF779FF003818BF0120800010BD81
S214024EF05520FCE70220FAE74D20F8E7C05F0020C5
S214024F005360002081770200314E0200F8B5064653
S214024F1014F074FA044668B913F03CFF50B1064D1B
S214024F20204695F8587085F8586010F01FFB10B1AF
S214024F3085F858704D20F8BD3C5300202DE9F0410D
S214024F4080461846033B012B0E46174602D918B177
S214024F50212438E0FFF708FF274B1D78022D08D0E2
S214024F60032D46D1B8F1000F03D1244B1B689B07D3
S214024F703FD43320FDF78CFF01F096FAB6F1006FAE
S214024F8034BF1F4B052231464FF0060038BF1A7851
S214024F90FEF7FCFC044628BB1A4D2873012000F0DD
S214024FA017FE10F083FC68802846B8F1000F0DD07B
S214024FB0022300F8043B10F0E5FE6C732F613946BD
S214024FC030460EF0F1FB2046BDE8F081012300F8E2
S214024FD0043B10F0D7FE6C732F61394630460EF054
S214024FE0E2FBF0E72846FDF753FFB8F1000FF4D0D6
S214024FF0E5E70224E7E700BFC05F0020BC450020CB
S214025000C169002028540020034B187818B9034BB6
S214025010034A1B78D05C7047BF5F0020C15F002048
S2140250202084040038B5437B0446DB0703D590F999
S21402503009000FF073F800250F4B83F859502079BA
S214025040FFF764FFFFF7E0FF6188248803462246E5
S2140250502846FEF7ADFA044620B11720FFF750FEA9
S214025060204638BD1723054DC82105486B6114F04C
S21402507087F803232B76F3E73C53002028540020BE
S214025080B0670020F0B51A4D06460C4693B0A5F858
S214025090680005F16A0729BBC5F86A1079600EF048
S2140250A07DFB6A4601460020FCF734FED5F86A30DE
S2140250B0ADF81060CDF812307B68CDF816300EF0E1
S2140250C06DFB6A4601460020FDF7DAF84FF6FF73DD
S2140250D0B5F86800984203D014B106490EF067FB93
S2140250E013B0F0BD08223846F5F7F8FBD7E700BF45
S2140250F03C530020A65300202DE9F041DFF8B8808B
S2140251001F4698F8003005460C4616461BB1022587
S2140251102846BDE8F081531E052BF8D814F06EF928
S2140251200028F4D13B7B032B14D14FF6FE739C422E
S21402513012D1012E09D0022EE9D110F09AFB4FF6B9
S214025140FB73984203D810F094FB044604E010F078
S214025150EBFFFAE7012EDAD0EDB939462046FFF723
S21402516075FC05460028D3D198F80030332B03D0BF
S214025170532B1CBF0E4B18613046FFF7F5FD00217E
S2140251804FF6FF70FFF77EFF0A4B1B78002BBFD04F
S21402519011F09BFEBCE7397B721ECB1E5942594169
S2140251A05042504105F07CFF05460028D5D0AFE7B7
S2140251B028540020C2690020C05F00202DE9F0417B
S2140251C005460F46904610F054FB6B7B0446DB0701
S2140251D003D595F909000EF0A1FF10F04AFB384BF3
S2140251E0384E188010F062FB374B1880FDF73AFEF7
S2140251F0364B1880FDF73CFE082201463448F5F788
S2140252006DFB10F0F8FA334B18702879FFF77EFE24
S21402521000216888FFF736FFFDF726FF60B14FF6DC
S214025220F672631E9BB2934206D910F07DFFB6F863
S214025230683004468342F8D0204610F026FB2888C1
S21402524010F040FB4146B6F86800B847044628B955
S2140252501920FFF755FD1920BDE8F081B6F8681051
S21402526010F0C0F800231C4D86F859302B7803F056
S214025270FB03022B02D0204610F021FD002220461E
S2140252801146FFF707FB0446B0B117236B61134BB9
S2140252901B78042B09D1C821114813F071FF032390
S2140252A02B7684F00100C0B2D6E74FF416710C4894
S2140252B013F066FF0023F3E71720FFF721FDF0E760
S2140252C0265900203C530020245900202259002051
S2140252D0546000205C60002028540020C15F00203B
S2140252E0B0670020F0B50C461E460B46204907461E
S2140252F089B004F1140053F8045B834241F8045B5E
S214025300F9D11B8802AD0B80D4F80E00D4F8121027
S214025310238803C5ADF8103023798DF812208DF856
S214025320133000233A468DF814304FF6FE710120F2
S21402533002ABFFF7E1FEC8B902A8FFF7C3FB237B67
S2140253404BB10C4D0C4B01AA2946012001930EF0DD
S214025350C3FE2A781AB92046FFF764FE03E0204609
S2140253600199FFF72BFF08B9044B1E7009B0F0BD78
S21402537028590020285400209B5D03005D60002011
S21402538001232DE9F341304E05460F4600202F49F2
S2140253901446737300F0EAFB0EF0C2FEDFF8AC8030
S2140253A038B9012D01D9042D0FD1214638460EF009
S2140253B07BFA1020002111F0A0FD00283CD000202E
S2140253C002B0BDE8F041FCF7AFBC002CF1D1204B97
S2140253D01B78212B03D0062B01D0532B02D101F0D0
S2140253E02FFAE6E7FDF740FE0028E2D000F0EAFBDF
S2140253F028B9307BC0F11800FFF782FCD9E7154BBD
S21402540041462046019300F0B1FB20B140F6190157
S214025410114814F007F901AA0B4998F80C000EF08F
S2140254205BFE32781AB90948FFF7FCFDC1E701991D
S2140254300648FFF7C3FEBCE7FFF79EFA0028BED178
S21402544002B0BDE8F08100BF285400202859002091
S214025450C05F00209B5D0300143704001FB5144B89
S21402546004461B88DB0707D44FF6FF700021FFF7C0
S21402547009FE002004B010BD0A230E4A012001A92D
S214025480FDF786FC4FF6FF73BDF80C209A42EBD070
S2140254900822FF2101A810F07AF90028E4D10CB9FD
S2140254A00120E7E7BDF80C0001A9FFF7EBFDF7E7DF
S2140254B04059002026E1010038B50C46154610F08A
S2140254C0E4F902F053FF29462046FFF7DBFD00F021
S2140254D079FB48B1054BDB790E2B28BF0E2301332F
S2140254E0DBB2034A137038BD0123FAE728590020BD
S2140254F06960002038B51D46FFF7FEFD0446C8B9B0
S2140255002B7B2846032B03D1BDE8384010F059BC4C
S214025510FFF7D8FA084B25469C8110F06CF901215A
S214025520064B81401A780620FEF730FA044608B188
S214025530034B1D70204638BD28540020C169002048
S214025540C05F002030B5012087B0FFF787FF6B46AB
S2140255500446144A1068516803C384B904F0C4FDB3
S21402556002A8FFF7CDFA4FF6FF752246BDF80E00E9
S2140255702946FFF7A1FF0EF01EF907B030BD6B46B5
S214025580094AD2F86A00D2F86E10B2F8685003C31D
S21402559004F0AAFD02A8FFF7B3FA6A46BDF80E00A9
S2140255A0E6E700BFA8BF03003C53002037B5324BE6
S2140255B004461B781BB10224204603B030BD13F00C
S2140255C01DFF0028F7D100F00DFB14B122882B4BEB
S2140255D01A8000210DF10700FDF7D0FC002848D103
S2140255E010F0C1FB04460028E6D1254D9DF80700C1
S2140255F0FFF7BAFB2B78033B012B27D82046FFF791
S2140256002DFF18B3FFF79EFF00F0FCFEFFF74AFBE4
S214025610012010F0BAF848B9184B1B889A0707D52C
S2140256202346052201201749FFF788FC0446C3E7F4
S214025630154D022329460120144AFDF7A9FB2B88A3
S2140256405B07B9D5204600F0F1FEB5E72B78053B9F
S214025650012BB1D8FFF776FFFFF724FB2B78052B3B
S2140256600CBF04200520FDF713FC012010F08DF876
S214025670DCE71724A0E700BFC05F002040590020E7
S214025680C15F002000F8FF07F258002027E1010062
S2140256907FB50024184E194D3278E3B29A4201D8EB
S2140256A004B070BD4FF6FF73B5F868209A421AD060
S2140256B0134B1B88DB0714D5124AB5F868301068FE
S2140256C05168ADF80C3001AB03C30F4A0A23002021
S2140256D001A9FDF75DFB022300200C4A0C49FDF7E9
S2140256E057FB0134D8E700220821064810F04FF88D
S2140256F00028F6D1DCE700BF9F6900203C5300205B
S21402570040590020A653002026E1010027E10100AF
S214025710F258002010B500F0C7FE01F013FCD8B115
S2140257200E48FDF7BBFA0E480E4C017A0E30FFF714
S21402573041FB23781BB100F0F7F900232370002207
S214025740094B1A73FFF7AEFA07F0B8F900F012FF2A
S214025750BDE81040FFF79CBF10BD00BFB067002039
S214025760285900205D6000202854002010B52548E6
S214025770FDF794FA01F0E6FB30B1234B1B781BB918
S214025780BDE81040FFF7C6BF01F0DCFB78B11F4C46
S214025790237E83B1C8211B4813F0F2FC0021237E2E
S2140257A00846013B2376BDE81040FCF72BBBFDF70D
S2140257B05BFC0028EBD1FDF757FC154B1B7858B95C
S2140257C0112B03D003F0FD03412B19D1BDE8104085
S2140257D00E4B5869FFF794BA332BF7D10D4B188846
S2140257E010F053F80C4B188810F06CF80B4B0C4961
S2140257F01888FFF747FC0B4B1878FFF787FBE5E79F
S21402580010BD00BFB0670020BC5F002028540020F7
S214025810C05F00202659002024590020225900206B
S214025820546000205C6000202DE9F04F0F4685B0E2
S21402583002AD044629463846914611F0F0FD4FF077
S214025840000B82463846CDF804B00FF081FE46784B
S214025850022C804606F0020609D85CB1FDF704FC6D
S2140258600446002848D1754B01241B7865E0043CA9
S214025870022C3AD9FDF7F8FB38460FF0E2FD002479
S2140258800546A046DFF8D8A138460FF061FE50F86C
S21402589009300DF10500019313F0A2FF9DF807B041
S2140258A00746B8F1000F4DD1BBF1000F5BD0DFF811
S2140258B08C9199F800300BB1002E63D0002C61D089
S2140258C05F4B1B78022B5DD1BBF1000F53D13846DC
S2140258D00FF0DBFF58465946FFF76CFA07F0EEF872
S2140258E040F607400EF01CF834E010F030FAFDF7F0
S2140258F0BBFB0446F8B15C464EB1524B1B78012BFB
S21402590002D0043B012B0BD805B0BDE8F08F4B4B01
S2140259101B782BB14B4B1B7803F0FB03022BF3D007
S214025920BAF1000F404608BF002511F06BFD4FF09C
S21402593001088246A8E7414B1B78002BF0D0002EC8
S214025940EED1E1E7BAF1000FAED05046FDF71EFEEB
S2140259500028A9D1002013F01DFA0028D4D0002078
S2140259600FF004FED0E74FF6F7739F429FD9172039
S214025970FFF7C6F9EEE7FDF777FB48B13248FDF7C9
S2140259808DF9F4E7FDF770FB10B1BBF1000FF5D10E
S214025990FDF76AFB0028DDD02846FEF749FAFF2805
S2140259A0DFF89CA0294C03D09AF80030012B04D1D2
S2140259B02946B4F86800FEF795FBFEF751FC2A4626
S2140259C03846B4F86810FFF777FD214B214A93F961
S2140259D006301B0213809AF80030012B19D0312BA7
S2140259E014BF432311238AF800301B4B164819684C
S2140259F013F0C6FB00F006FD0023124C99F80010C7
S214025A00237641B9104813F0BBFB40F61B43636193
S214025A10A0E71123E7E7B8F1000F03D016B1FFF7AE
S214025A2079FEF2E70D4B1B78042BEED105210648D2
S214025A3013F0A6FB09232376E7E700BFBC5F00202E
S214025A40C05F002028540020B06700203C5300208E
S214025A50285900203E590020D0670020C15F002050
S214025A604360002070B508468CB00D460FF070FDFE
S214025A7009220021064613F0D7F9044628460FF0FD
S214025A80E0FC052228460DF10F0304A90DF09AFF4B
S214025A9002281BD09DF80F3029461C440023E4B28E
S214025AA004F11002365D01200093D2B20BF011FE13
S214025AB060B1022E0AD1064B1B78012B06D1054B8C
S214025AC0187818B922462946FFF7AEFE0CB070BD0C
S214025AD0C05F00202854002008B5084B187050B14B
S214025AE0074B1B883BB14FF47A710648594313F0B3
S214025AF047FB002008BD0120FCE700BFB35F002083
S214025B004269002088440020014B1880002070471C
S214025B104269002008B5FDF7C1F80022014B1A7051
S214025B2008BD00BFB35F002010B50024044B054833
S214025B301C80054B1C70FDF7B1F8204610BD00BF57
S214025B4042590020D46700205E60002008B5034852
S214025B50FDF7A4F8BDE80840FFF7E6BFD4670020CB
S214025B600148FCF7ABBD00BF42590020F7B5134B06
S214025B7004461B780E46EBB183421DD9002110481D
S214025B8013F092FE002501460D4F09B9012009E0E7
S214025B90AC4209D10024162322463046009413F064
S214025BA018FF204603B0F0BD384613F0A1FE0135BB
S214025BB00146EAE71820F5E72720F3E75E600020B3
S214025BC042590020014B1878704700BF5E600020E3
S214025BD025289DBF024B187000202120704700BF69
S214025BE0C3690020012307B51846064A0DF10701CE
S214025BF0FDF7CEF89DF80720034B1A7003B05DF848
S214025C0004FB00BF29E101004469002084B010B5FE
S214025C1002AC84E80F00082224480DF11601089C05
S214025C20F5F756F938BB9DF815309B0705D4204B7F
S214025C301B7803F0FD03312B23D11E4963780978C4
S214025C4003F00F028A4203D0012928D1022A18D172
S214025C502278B2B91B09022B13D194F90230002B19
S214025C6021DB154BB3F86820BDF80A309A4208D1FA
S214025C70FEF790FF06E0002208210C480FF087FD91
S214025C8020B90020BDE8104004B070470B4BBDF8A9
S214025C9008205B889A42C6D0002BC4D0F1E70229BE
S214025CA0EFD1012AD3E70120ECE700BF2C540020F5
S214025CB0C05F0020946900203C5300202854002036
S214025CC084B02DE9F0478EB016AC84E80F00DFF8FA
S214025CD068C1564BBCF802009DF85D9010F00104B6
S214025CE09DF96220BDF870E09DF875A09DF976706A
S214025CF09DF878509DF97A109DF95E809DF8606057
S214025D001B782FD09DF87D00C0F34004C0F38000BE
S214025D10002B44D0464B1B78012B02D1002C00F0FE
S214025D208280C0B19CF800301E335BB2BB42ACBF6F
S214025D30002701279845D4BF00230123BB4209D17F
S214025D408A4208DB0CD1A81BC0B280288CBF002078
S214025D50012000E038460EB0BDE8F04704B07047B8
S214025D600020F8E710F0020F18D0C3B1490814BF9C
S214025D7001200020520814BF012300238342EAD1E7
S214025D80AB1BDBB2802B0AD9AE42E9D1B84506DBA3
S214025D9049D1CA4594BF00200120DCE70BB9012097
S214025DA0D9E7AE4216D002AC1CAF0FCF0FC497E8AD
S214025DB0030044F8040B2180DDE91A0116AB0090BB
S214025DC0ADF804100FCB0EF080F90028E7D1AE42F2
S214025DD0B9D1C0E7BDF8583073451ED008AC0DF1F6
S214025DE0700CBCE80F000FC49CE8030044F8040BD8
S214025DF02180104C638873450FD10822211D0DF1B6
S214025E002E00F5F765F8024638B90821201D0FF076
S214025E10BEFC10B96388002BC1D1B845BFDBC2D126
S214025E20CA45BCD8BFE7204695E700BF5E600020A3
S214025E30C05F0020285400204469002084B02DE969
S214025E40F04F8FB06A4E18AC08AD84E80F001622E9
S214025E5000212846F4F7F0FC33783BB90024654B62
S214025E6032781B789A4239D2002726E0002162480F
S214025E7013F01AFD00270446B846DFF87C91002C82
S214025E8045D13FB1224639465B480FF0E4FB3378F2
S214025E90013B33703378002BE0D0002156484FF098
S214025EA0000913F001FD4F468046CA46DFF848B1A6
S214025EB0B8F1000F6CD1002FD1D01621002218A8FD
S214025EC00FF061FB014648B1002F00F08B8022469E
S214025ED049480FF078FB337801333370454B3278FC
S214025EE01B789A4207D94448002201880FF0B3FB78
S214025EF03378013B33703378012B03D13F49404856
S214025F0013F03EF90FB0BDE8F04F04B07047002220
S214025F10214616232846CDF8008013F05AFD162295
S214025F20294618A8F4F7D4FF0028EBD09DF8642081
S214025F309DF824309A4225D1BDF86020BDF8203065
S214025F409A421FD108220DF12E010DF16E00F4F7D0
S214025F50BFFFB8B902AF0DF1600CBCE80F000FC767
S214025F609CE8030047F8040B39800EAB13E90300E4
S214025F700090ADF8041095E80F00FFF7A1FE002888
S214025F80C0D027462146484613F0B2FC044676E7C0
S214025F901623002241462846CDF800A013F019FD2C
S214025FA002AF0DF1600CBCE80F000FC79CE80300BF
S214025FB047F8040B39800EAB13E903000090ADF8E6
S214025FC0041095E80F00FFF77BFE074620B1B9F1F3
S214025FD0000F04BF444681464146584613F088FCEB
S214025FE0804665E73A46044813F064FC73E700BF50
S214025FF05E600020C36900204259002020BF0200D4
S214026000D46700202DE9F04F002104469FB00DF121
S2140260104008162240460E91CDE90C11CDF83B10F1
S214026020F4F70AFC052220460DF11F0316A90DF00F
S214026030C9FC0228074600F0F28020460FF088FAD4
S214026040064613F0CDFB8146F01C13F0C9FBADF8F3
S2140260504000701D13F0C4FB012FADF8420020462D
S21402606040F0E0800FF074FA0546204612F09CFFDE
S2140260700D3502232D1A0093214643460820EAB224
S2140260800BF027FB002800F0CA8020460FF065FAC6
S214026090012F83469DF84D3040F0DC8000252F46C8
S2140260A043F001038DF84D3016AE3388022B4DD1E6
S2140260B0F1782046023108F065F81B2846D1F178BF
S2140260C02046033108F05EF819283FD1F1782046C1
S2140260D0043108F057F84A2838D14FF0050AF1780B
S2140260E020460131514408F04DF8F17805905144AC
S2140260F0204608F047F8059B00EB032083B200F029
S2140261003F02932B059240F095800023F7782146B4
S21402611002375744FFB23A4600930CA80F2313F0F7
S21402612058FC07F10F01204611F052F807F1110151
S2140261300546204611F04CF8ADF84200059B0233A6
S21402614053445FFA83FA33795345C8D806360DF1BD
S2140261507603B342A9D19DF84D20C5F3C03363F34D
S214026160410220468DF84D200FF089F98DF8440043
S21402617020460FF079F98DF8450020460FF079F9A0
S2140261809DF83230BBF1190FC3F3C3028DF84720D6
S214026190DDF833208DF84600CDF84E20DDF83720A6
S2140261A0CDF8522094BF00229DF83E208DF848205C
S2140261B003F003028DF84A209DF84D20DB0963F3B5
S2140261C08202694B8DF84D201B78022B56D1BDF802
S2140261D040600FF06BFB864250D108A80FF0D2FD4C
S2140261E0BBF1190F47D908220DF14E0108A8F4F7A2
S2140261F06FFE00283CD1B9F5004F02D0B9F5624FC8
S2140262000DD140F6FF7325F440459D4207D100228A
S21402621008210DF14E000FF0BAFA00283ED01FB04A
S214026220BDE8F08F0FF094F90546204612F0BCFE4A
S21402623007351EE7412B81D1F178204602315144C1
S21402624007F0A0FF494B1B78C3F1B30318448DF83F
S214026250490073E76FF30003F01D8DF84D3013F01D
S214026260BFFA0CA9054620460FF0DEFD0B2772E7A3
S21402627000F058FDBFE700F055FDD0E7B9F5004F36
S21402628002D0B9F5624FCAD140F6FF7325F44045F5
S2140262909D42C4D1BBF1190FC1D9B8E7BBF11A0FA1
S2140262A006D007F11F0142462046C9B20DF013FF81
S2140262B02F4C304D637BDBB12B78012B1DD1012394
S2140262C023730CAB029314AC94E803000090ADF871
S2140262D0041098E80F00FFF799FC90B194E80300C9
S2140262E00090ADF8041098E80F00FFF7A7FD08E04D
S2140262F0FCF7BAFE0028DFD0E1E703F0FD03042B2B
S214026300DDD02B78012B01D0042B88D11A4BDDF877
S2140263104E001B78DDF852108DF82230BDF8403062
S214026320ADF820309DF84D30C3F340038DF823308E
S2140263309DF8313003F00F038DF82C309DF848306D
S2140263408DF82D3009AB03C30C4B1B681BB14146BD
S21402635008A8984763E79DF946209DF8451008A8C7
S2140263600DF0A0FA5BE700BFC05F0020656000206A
S214026370285400204C600020646000201C5400203A
S21402638010B513F048F9114B1B78022B1CD1104A9A
S2140263901468A04218D00F4910600A68121B1044F5
S2140263A00D4A086012786AB1013A93403C22534380
S2140263B04FF47A725343984206D9BDE81040032040
S2140263C0FCF766BD0A23F3E710BD00BFC05F0020DE
S2140263D0B4450020B045002090690020064B1B887B
S2140263E0DB0708D50022054B43F82020044A135C3D
S2140263F063F00F03135470474459002004440020EE
S214026400855F002008B513F006F90022024B1860DB
S214026410024B1A6008BD00BFB4450020B0450020FC
S214026420014B1868704700BFB045002008B50C48FD
S214026430FCF734FCFCF772FD80B10A4B0322B3F87A
S214026440681001200DF067FE4FF47A71064B04487F
S2140264501B885943BDE8084012F092BE08BD00BF33
S214026460F46700203C53002026690020014B188068
S2140264700020704748690020044A054B18701388AC
S21402648023F003031843108000207047445900206D
S21402649091690020034B1888C0F30E00003818BF1D
S2140264A001207047F258002008B5FFF7F3FF30B11D
S2140264B0002004490223044A0880FCF769FC0020F5
S2140264C008BD00BFF258002027E10100024B1888E1
S2140264D0C0F30E00704700BFF25800200023084A9F
S2140264E001201370074A08491370084B084A1B78A4
S2140264F043F0040313800223064AFCF749BC00BF9C
S2140265006160002060600020F2580020916900203F
S2140265104459002027E1010030B5012100240B2355
S21402652085B0104D019400918DF80C308DF80D0059
S2140265300323B5F8680003AA8DF80E4010F001FF99
S21402654068B1B5F868100FF02CFD40B10522064B75
S21402655064211A70054B06481C7012F011FE05B035
S21402656030BD00BF3C530020606000206160002008
S21402657014680020064B1B78033B012B06D8054BFC
S2140265801B781BB9044B1878FFF7C6BF704700BFCD
S214026590C15F00205F6000209069002010B515489A
S2140265A0FCF77CFB144B1978F9B9144A13787BB1C3
S2140265B0013B1370124B1B78042B02D10846FBF7E3
S2140265C021FCBDE810404FF496710A4812F0D8BD7F
S2140265D00C4A128802F00302022A0AD1BDE81040D1
S2140265E0032201200849FEF7A9BCBDE81040FFF7C8
S2140265F0C1BF10BD146800206160002060600020EA
S214026600C15F0020F258002000F8FF07084B1A78F6
S2140266105AB10223013A93404EF6602253430321B5
S2140266200448B3FBF1F112F0ABBD42F21073F6E789
S214026630906900201468002070B505461748FCF7DC
S2140266402DFB0122164B28461A7010F09EFE411CA6
S214026650044689B2284607F095FDA11C064689B273
S214026660284607F08FFD0F4C02232080214600208B
S2140266700D4AFCF78DFB86B9238803F00303022B31
S21402668003D1FFF7BFFEFFF7C1FF23885B0704D5E0
S214026690BDE870400548FFF7C9BE70BD146800200B
S2140266A061600020F258002027E10100F467002014
S2140266B02DE9F0431F4C0546238889B0002B33D0C2
S2140266C01D4E00214FF4807010F0F7FB3378DB0785
S2140266D028D50121208812F09FFC074620880EF05C
S2140266E037FF023013F07CF805A98046208810F0A8
S2140266F033FF3378384613F0020F104B18BF0025CD
S214026700B3F8009012F06CFC0646384612F04CFCC9
S214026710F6B20290424606212846CDE9009605AB1F
S2140267200DF07CF800232380054809B0BDE8F0434D
S214026730FCF7B4BA4A59002062600020485900208B
S2140267403468002010B5044640F62140FFF7B0FF3B
S21402675001214FF4807010F0B0FB78B10022084B94
S2140267601C80084B1A7007F085FEBDE81040064BE9
S2140267701880064B0648198812F002BD10BD00BFED
S2140267804A590020626000204859002028690020EB
S21402679034680020044A137818B943F001031370D2
S2140267A0704743F00303FAE762600020044B1B784D
S2140267B01BB9044A1380FEF707B90020704700BFD2
S2140267C05060002046590020042230B501F04003F4
S2140267D087B0002B054614BF012400248DF80C2038
S2140267E08DF80D1004D004A910F085FB10B304AB8D
S2140267F0CDE9004301210223284603AA10F0A1FD99
S2140268000446C8B10D4BB3F868100EF0EBFD4FF618
S214026810F7739D4209D9322202212046FEF73AF842
S21402682080F00100C0B207B030BD294620460FF006
S214026830B8FBF5E70120F6E71920F4E73C53002001
S21402684010B5FFF731FE04F031FA0FF036FA0020E9
S21402685010F049FB12F0D2FD08B1FDF729F9204CE1
S2140268602378532B12D1032323700023FF221946C9
S2140268700120FEF763FB002012F08CFA10B1002014
S2140268800EF074FEBDE810400DF049BC062B01D098
S214026890212BF0D10120FEF7F5FA4FF6FE700EF02E
S2140268A0F4FF4FF6FF700FF00DF80020FEF752FAD5
S2140268B00020FEF759FAFEF7E9F900F029FB0DF081
S2140268C031FC2378212B02D1FEF774F9D3E700209E
S2140268D0FCF7DEFA00214FF4004010F0DEF8CAE7BB
S2140268E0C05F002010B50A4C0A48FCF7D7F9237897
S2140268F0062B02D10120FEF7C5FA2378062B01D01B
S214026900532B03D1BDE81040FFF79ABF10BD00BF5E
S214026910C05F0020546800202DE9F047DFF8C080F1
S21402692004460E461746FFF7BFFD98F8005015B905
S2140269300220BDE8F087212DFAD0284812F0E2FFA7
S2140269400028F5D114F0200439463046DFF894A02A
S214026950DFF8949005F00F051BD00CF027FF012DF1
S2140269608AF80070A9F8006029D1212388F800303F
S214026970FFF766FF0020DCE7212388F80030FFF7E8
S2140269805FFF00214FF6FE70FEF77CFBFEF780FEEF
S214026990F0E70CF00AFF012D8AF80070A9F80060F3
S2140269A0EAD0062321464FF6FD7088F80030FFF73E
S2140269B00BFF40F22621094812F0E2FBE1E75323DF
S2140269C021464FF6FD7088F80030FFF7FDFE40F2D4
S2140269D02621024812F0D4FBCCE700BF5468002000
S2140269E0C05F0020636000204A690020F8B50D46AB
S2140269F00646511C284607F0C5FB044628460EF0FC
S214026A00A7FD0546023012F0EBFE154B07461B7833
S214026A10022B02D0043B012B21D8124B1B685802D2
S214026A2001D5A1061BD5620619D50F4BB3F86830FF
S214026A30B34214D16B781B070DD5284610F0E2FC42
S214026A40FCF7A4FD58B1314604F020000122BDE84F
S214026A50F840FFF761BF0EF00CFFB842F3D0F8BD66
S214026A60C05F0020BC4500203C53002073B504469E
S214026A700D4612F0A3FFFF28034625D0134A1278CC
S214026A804AB1134A32F81020520404D510F01CFA08
S214026A90002002B070BD184610F027FA6946064676
S214026AA010F029FA40B1FCF7E7F928B100230222D8
S214026AB06946304605F0DCF8204645F0400102B053
S214026AC0BDE87040FFF780BE0120E2E7BC5F002011
S214026AD0EC58002038B505460EF03AFD0446284626
S214026AE010F053FC411C89B2284607F04BFB4206C5
S214026AF00DD563781B070FD5204610F083FC0146A0
S214026B00002012F059FFBDE8384010F0DDB9034806
S214026B10BDE83840FFF7E6BE38BD00BF5468002027
S214026B2038B54FF6FF75A842044617D00EF0BEFEE3
S214026B30A04213D04FF6FD72094B198891420DD927
S214026B40084A1288AA4201D0A24207D11C804FF4FA
S214026B507A71BDE83840044812F012BB38BD00BF57
S214026B60306900204C6900204845002008B50448DA
S214026B70FCF794F84FF6FF72024B1A8008BD00BF6E
S214026B80484500203069002037B505460C460823E4
S214026B9069460120064AFCF7FBF815B19DF8063057
S214026BA02B700CB1009B2360BDF8040003B030BD0F
S214026BB025E1010007B508238DF80600ADF804109C
S214026BC0009269460020034AFCF7E2F803B05DF83B
S214026BD004FB00BF25E10100024A13780BB1013B1A
S214026BE013707047B15F002008B50EF06BFE0021EF
S214026BF04FF6FF72054B08461A80FEF7DBF8BDE833
S214026C00084040F616400CF08BBE00BF30690020EC
S214026C1008B5FCF743F80A4B1B78023B032B08D84F
S214026C204FF6FE73074A108898424FF6FF7301D15B
S214026C30138008BD9842FCD0BDE80840FFF7D4BFD9
S214026C40C05F00203069002010B5084B1B78042B6B
S214026C500AD00EF00EFE002104460846FFF794FF07
S214026C60231A5842584110BD0020FCE7C15F00209D
S214026C70F0B5002689B00546CDE90566ADF81C607C
S214026C8010F083FB0A23024604462946009605A80E
S214026C9012F09FFE9DF815309DF814701F2B27D812
S214026CA003A80FF06FF808220DF1160103A8F4F7F7
S214026CB00FF90646E0B9092F1CD1FFF7C5FFB8B198
S214026CC0144B1B78A3B1144B1A884FF6FD739A42E5
S214026CD00ED9124C124A23780433DBB22370127890
S214026CE0013AB3EB820F03DD58B20AF0D1FE2670EA
S214026CF009B0F0BD0A34E4B22146284607F042FA4B
S214026D000FF0D3F8611C284610F062FAFFF708FF6E
S214026D10EEE700BFA469002030690020B15F0020C2
S214026D208F69002038B5134B1B78033B012B20D903
S214026D30114B4FF6FF711B78ABB1104D2B888B426F
S214026D4017D10EF0B3FD4EF6602104460C4812F041
S214026D5017FA4FF6FE7322462B800021BDE8384014
S214026D6009200FF0B0B8074A13888B421CBF0133C4
S214026D70138038BDC15F0020A4690020306900205E
S214026D8048450020EE58002008B50448FBF786FF69
S214026D90BDE8084000210846FBF734B874680020B6
S214026DA010B5044661B1FF210EF073FB00212046A8
S214026DB00EF075FB0EF0B6FA014620460EF075FB95
S214026DC02146BDE810400022014812F073BD00BF04
S214026DD04E5900202DE9F0410D46174604460EF0A6
S214026DE0B7FB06782846FCF74DF92946804620462A
S214026DF00EF0F8FA0EF03DFDA84206D1204601211B
S214026E00FFF7CEFF0120BDE8F0812846B8F1000F5B
S214026E100AD0FCF7B9F950B9144B3A462046BDE8F9
S214026E20F0411978FDF736BD10F069F8F3E706F081
S214026E300306012E08D00EF01CFD0023224629462A
S214026E4002F042FA0028D9D120460EF087FA43050E
S214026E5005D52046BDE8F04100210EF0FCBD2046D7
S214026E6010F038F8B0FA80F04009CCE78E690020BE
S214026E7010B586B0044610F088FA104B0246186821
S214026E8019790290D3F805005B7A01328DF8143036
S214026E9000238DF80C1004902146009392B205232D
S214026EA004A812F096FD052204A902A8F4F710F829
S214026EB0B0FA80F0400906B010BD00BF9883040007
S214026EC008B511480EF001FC104B1B78012B06D8B2
S214026ED0FF200FF0D2FFFDF7B1FB0FF0EDFFFDF73D
S214026EE03BF801F091FCFFF7F9FA10F0C6FB07F049
S214026EF0F1FDFDF749FD07F03DFB0CF059FCBDE83E
S214026F00084002F0D3BC00BF045400207E5F00207D
S214026F1008B5F0F75DFDFF2803D0094B1B78012B5F
S214026F2006D900200FF0A9FFFDF788FB0FF0C4FF7B
S214026F30FDF712F801F068FCBDE8084002F0B6BCA6
S214026F407E5F0020064B1878112806D000F0FD0060
S214026F50A0F141035842584170470120704700BFD4
S214026F60C05F00202DE9F8430446FDF70FFB18B179
S214026F7000263046BDE8F8834FF6FF78184BB3F884
S214026F8068104145F4D020460EF02CFA154B02212B
S214026F9020461A88FDF77EFC06460028E8D02046E2
S214026FA00EF0D6FA90F807900546043012F018FC58
S214026FB007460EF05EFC494602463846FDF7FEFAE4
S214026FC0A81C12F00DFC404502D12046FFF7BAFB82
S214026FD02B789B07CDD101212046FFF7E1FEC8E7BB
S214026FE03C5300204C590020F8B507460EF0B0FA84
S214026FF00546043012F0F4FB0646A81C12F0F0FB1D
S2140270000446304612F0DAFC3046FCF73BF82B78A2
S2140270109B0701D10EF02DFCAB790BB90320F8BD0E
S2140270200EF027FCA0420CD10EF023FC0446094BBE
S214027030214638461A78FFF7CDFE0028EED000200B
S214027040EDE7054B1B78052B1CBF044BB3F86840D5
S214027050EDE700BF4C590020C15F00203C530020E2
S2140270602DE9F041064610460D4610F08EF9A0F1C5
S2140270701004E7B256FA84F42146EA1B04F10E0025
S214027080F3F72CFC2823DFF84480F35598F80030F9
S214027090637301F0CDFB611C024601200DF057F828
S2140270A008220949601DF3F719FC98F800000FF052
S2140270B050FD05F10E0130463B460022C9B201F0F2
S2140270C069FC1220BDE8F08143600020BB5F00200F
S2140270D02DE9F04F87B004460EF03AFA06462046EF
S2140270E00EF099F90746301D12F07AFB8146B01C65
S2140270F012F076FB384696F807A012F068FC337852
S2140271009A075FD12146042001F04CFD002859D091
S214027110204610F03AF90146204607F033F8830776
S21402712050D1204610F031F90146204607F02AF8E1
S21402713010F00303039345D12046FFF799FE00287B
S21402714040D0204610F0F7F9451C204611F048FFC3
S214027150EDB205F10A0B83455DDA304A04AB1068DE
S214027160516803C3691C204607F00CF8294680467E
S214027170204607F007F800EB082059461FFA80F869
S214027180204606F0FFFF8346039B2146AA1C009377
S21402719004A8082312F01DFC20460EF03CF95A46BD
S2140271A041460CF0C6FF0122404604A90FF007F83C
S2140271B088BB022007F032FC013003D1404604A906
S2140271C0F0F7CEFC0EF055FB48453A46514607D13D
S2140271D00EF057FDF8B907B0BDE8F04F0EF0A3BFAA
S2140271E048460EF04EFDB0B90D4B1B781BB939461A
S2140271F048460EF0AEFE3A4651464846FDF7DEF9E0
S21402720048B1317811F0030105D1204607B0BDE838
S214027210F04FFFF7C5BD07B0BDE8F08FA8BF03006B
S214027220B75F002038B5114D2B78023B012B18D8DA
S2140272300CF081FF0446B0B9FFF7A2F82B78032BB7
S21402724007D12346FF2221460120FDF777FE0120C3
S21402725038BD21462046FAF7D5FD003818BF012072
S214027260F6E71720F4E70220F2E700BFC05F00202F
S2140272702DE9F74305460E4614460EF079F80C281B
S21402728028464AD10EF064F90922002111F0CCFDFD
S21402729000F11001C9B2284606F074FF042813D084
S2140272A07C282BD0012840F0AC8046B91321284612
S2140272B00FF08EFF03B0BDE8F0430EF003BB03B041
S2140272C0BDE8F043FDF7DCBC5B4B1B78022B40F0BD
S2140272D0988046B9FFF7FAF8C3070AD5FFF792F87F
S2140272E0002C08BF3F26304603B0BDE8F0430CF042
S2140272F07BBAFFF7CFF80028F0D0F1E7284611F066
S2140273006FFE0446284611F04FFE02463046E1B2B2
S21402731003B0BDE8F0430CF065BA0EF019F98046EA
S214027320043012F05DFA074608F1020012F058FA2D
S2140273304FF6F773984204460CD8404A1388013336
S2140273409BB213800BB93E4A13801EB13C4A138887
S2140273500133138098F8009009F00309B9F1010F80
S2140273601DD1284610F011F80146284606F00AFFFD
S2140273700B2809D00D2807D0042842D1284603B08E
S214027380BDE8F043FFF7A6BB2E4B1B78042B38D183
S2140273900021084603B0BDE8F043FAF733BDB9F161
S2140273A0000F2ED13146284603F05EFD4EB34FF64F
S2140273B0F7739C4225D898F80160204616F004061A
S2140273C022D10FF06AFD054620467DB10FF097FDEB
S2140273D0034600BB0C220090214638460EF087FF7B
S2140273E00C22002339462046009308E00FF087FD62
S2140273F00346C8B9144A00901278214638460EF061
S21402740076FF03B0BDE8F0830FF079FD034678B946
S2140274100B220090F1E706223346214638460096B4
S2140274200EF065FF0622DCE72B4600950622E4E70F
S2140274304B46CDF80090F9E7C05F0020F6580020D2
S214027440F4580020C15F0020C56900202DE9F04FE6
S21402745005888BB0044628460EF07AF807460430B4
S21402746012F0BEF98146B81C12F0BAF905A9804698
S21402747028460FF0D4FF28460FF087FF014606463F
S214027480284606F07FFE3B78824603F00303012B74
S2140274900CBF83464FF0FF0B12F0B8F8E38801905A
S2140274A002930EF0E6F9FB7900904846039300F04B
S2140274B081FF002876D1404600F07CFF002840F08D
S2140274C08880FDF72BFB8046FBF7CEFD10B9FFF751
S2140274D039FD30B1A8F104085FFA88F8B8F1020F56
S2140274E01BD90BF0FD03042B00F0B380FFF72AFD37
S2140274F020B10AF0030ABAF1010F0ED0FBF70EFD17
S21402750028B9714B1B7803F00F03062B68D16F4B1B
S2140275102846B3F868100DF065FFBBF1010F63D182
S21402752028460DF049FF4FF6FF73984240F09180CF
S21402753000233146284607AA0FF0B7FC0746002864
S21402754042D042799DF82530934209D9711D2846CA
S21402755089B206F02BFEA37823F00F030233A37042
S2140275600CF01FF97E23B0FBF3F202FB130303F5C4
S2140275708073A3809DF8263013F0180F0AD0A378E4
S2140275801B0707D1009B4B4504D048467A7905A9CC
S2140275900CF03CF99DF82700003818BF01200BB00C
S2140275A0BDE8F08F28460DF0D3FF023012F018F92E
S2140275B04FF6F773984207D9039B2BB92846FFF775
S2140275C057FC00287FF477AFA37823F00F03A3704D
S2140275D008E0404612F0FBF900287FF472AFF3E7AA
S2140275E02823A3800020DAE7BBF1020F54D101233F
S2140275F0314607AA28460FF058FC80460EF039F9A5
S214027600BDF8223098421FD1B8F1000FDCD001221B
S214027610B8F80230314628460FF045FC2C4A13785B
S2140276200133DBB2FB711370B8F80230BDF81E20CE
S2140276309A421FBFA37823F00F030233A3704FF4BE
S214027640C873A3800120AAE7184612F0C0F90028E2
S214027650DAD128460DF0B0FE12F059F9012808BF1B
S2140276601C4BA27809BF1B78FA2303EB830303EBB8
S214027670830302BF9B00FA339BB21209A4D1DDE951
S2140276800121521A92B293429ED30CF08AF800F06D
S2140276901F001030A080D5E7BBF1030FD9D1009BA5
S2140276A04B45D6D1711C284689B206F06BFD0C28D4
S2140276B0CFD1FCF7FFFD4FF6FF7398420146C8D0C4
S2140276C028460DF08FFEC4E7C05F00203C53002022
S2140276D0BE5F00209D6900202DE9F04105460C465C
S2140276E00DF046FE082802D10120BDE8F081201DDB
S2140276F012F076F80646284694F807800DF08BFEC0
S214027700074628460DF02AFE010612D5184B1B78AE
S214027710042B0ED1174B1B78022B0AD1164BB3F84B
S21402772068204FF6FF739A4203D000210846FAF704
S21402773069FB124B1B78002BD6D1A01C12F050F816
S2140277404FF6F773984202D86378DA070DD5237896
S2140277509B070AD13A46414630460EF092FA80F02E
S2140277600100C0B200F00100BFE70120FAE700BF47
S214027770C15F0020C05F00203C53002068600020EC
S2140277802DE9F04F9DB004460DF0F2FD0546204669
S2140277900DF0EEFD082869D14FF400432046ADF8FF
S2140277A05030ADF85C4011F01BFCBDF85C20A0F137
S2140277B01005EDB210461023002100950FF0F5FCDF
S2140277C0294617A80FF0C9FC204611F0EDFB0AF077
S2140277D075F9002321461A460C20009309F079FF1A
S2140277E098B3204611F0E0FB14A902461020FBF7DE
S2140277F079FF0501204611F0D7FB14A90246402066
S214027800EDB2FBF76FFF10B120460BF0D3FF204618
S21402781011F0CAFB14A902468020FBF763FFB8B931
S2140278209DB1102517A805F067FF2046BDF85070D9
S21402783011F0D6FB0646204611F0B6FB294600900C
S214027840F3B2384617AA0CF04BF81DB0BDE8F08F1D
S214027850BDF8503017A8ADF85E40ADF85C300CF0BD
S21402786062FC0028DCD145F08005DBE720460DF0FF
S214027870BFFDB0F5006F40F0058120460DF0CBFD50
S2140278800646042D40F0018120460DF067FD80F487
S2140278900060C0F3C02000223146400011F069FFAC
S2140278A0944B1A78022A0DD0FFF74CFB50B902F01F
S2140278B0FD03312B06D0043A012A03D98E4B1B78DE
S2140278C0002BC2D02146022001F06CF90590002858
S2140278D0BBD02046ADF846400DF03AFE0446BDF851
S2140278E046000DF098FD0646201D11F079FFA31CF8
S2140278F083461846039311F073FF12A90746BDF894
S21402790046000FF08CFD63780690BDF8460094F8AA
S214027910008008930FF039FD6378054608F00308E7
S21402792030460C93FBF7AEFBB8F1010F0CBF0323F6
S21402793002230E93714B08BF4FF00B091E8023786B
S21402794018BF4FF00A0903F03C03082B0D907FF492
S2140279507CAFBDF8460011F043FBA8427FF675AF38
S214027960B8F1010F03D023789B077FF46EAF644B08
S214027970B3F86830B3420DD1624A634BB2F90010D5
S21402798093F90030002900F0A58001EB0313A3EB66
S214027990211313804FF0010AA5F11003DBB20A93FC
S2140279A08DF8453010224846BDF84610CDF800A0A6
S2140279B00DF1450309F08DFE00283FF446AF089B03
S2140279C013F00203099300F00981504B1B78002B39
S2140279D03FF43BAFBDF8469048460FF0D6FC002376
S2140279E007904846CDE917331993ADF868300DF085
S2140279F012FD079B039003F10E01484689B20FF071
S214027A0097FC002870D000234946079A009317A8CF
S214027A100E2311F0DEFF50460DF15D010CF0A5FBC2
S214027A209DF869300B9004939DF85C30282B5BD14F
S214027A300DF16100FBF7AAFD0F90002854D10498BF
S214027A400FF087F80F9B002866D1314B049A1B78FB
S214027A50D31A1C0648D404F059F950453CD111F00B
S214027A60DAFD2C4E0546346824B104F055F92C1B79
S214027A70844239D30023FF2219461846FDF75EFAE0
S214027A80356031E04FF6FD76FBE64FF6FF70301AB2
S214027A9018BF012000223146400011F06AFE0C2D6C
S214027AA00DD12146012001F07DF800283FF4CDAE2D
S214027AB0214600201DB0BDE8F04FFDF7D3BF2DB91B
S214027AC020461DB0BDE8F04FFEF79CBA042D7FF4A9
S214027AD0BCAEE5E61B025CE704F018F9022803D107
S214027AE004F0F6F80028BAD000221920039911F003
S214027AF040FEAAE6C05F0020686000206A590020A7
S214027B003C5300203E59002065600020BC5F0020E8
S214027B10BB5F00204C54002010214846079ACDF83F
S214027B2000A00EF066FE0028DED0BB4B049A1B783F
S214027B30934240F0AA8003990DF1610214A811F055
S214027B40EFFB012114A8FBF7F5FA824648F203017F
S214027B5014A8FBF763FBBAF1000F03D0082114A8A0
S214027B600CF0A6FA48460FF02EFC03990DF16100C0
S214027B70FCF72AFCFE288246B6D0FF280AD10398D4
S214027B8011F00BFFFF28824600F087800DF161019D
S214027B90FCF7F4FAA04B049A1B78934200F0A380F9
S214027BA050460B99FCF7F6FB00283FF44EAE5046C3
S214027BB00B99FCF701FC237898070FD148460FF083
S214027BC0E4FB0146484606F0DDFA00F00300012811
S214027BD004D103980DF16101EFF7C2FFBDF846002C
S214027BE00DF0BCFB010440F18580204611F0F8FD43
S214027BF040F4007189B2204611F0F4FD00224FF4E1
S214027C000041BDF846000DF09AFBDDF81490012302
S214027C1010220093BDF846100E980DF1450309F0A8
S214027C2058FD00283FF411AE032866D1204611F015
S214027C30D7FD40F4007189B2204611F0D3FD3046DC
S214027C4011F0C5FE002840F0B680DDF81490B8F1B9
S214027C50010F40F0B6800320BDF8461000F0A2FFE8
S214027C60002840F0AE802946BDF8460006F08AFAA3
S214027C700F2801467FF6E9AD4FF6F7739F423FF6AF
S214027C80E4AD30460EF0D2F9DFE55046049903F033
S214027C9085FA00287FF44FAF26E7237803F0030324
S214027CA0012B08D148460FF070FB0146484606F005
S214027CB069FA082892D0594B1A78594B1B789A427F
S214027CC009D20DF161010398FCF70CFA039811F042
S214027CD064FE82465EE7A01C11F082FD4FF6F77343
S214027CE09842EED900E75046FCF7CEFB00283FF458
S214027CF057AF5CE74FF0000989E7304611F067FEA0
S214027D000028A4D0099B002B57D1B9F1000F52D1FD
S214027D10B8F1010FBDF846009DD0294606F032FAAA
S214027D208246DFF8089199F80030002B54D00DF007
S214027D30A0FD87427FF489ADB8F1010F7ED1BAF17A
S214027D40070F75D8BAF1050F7FF67FAD354B1B7856
S214027D50022B02D0043B012B03D899F80030002BEB
S214027D6041D00C9B9A0640F1B4800D9B002B40F04C
S214027D70AC80304611F022FEFF2840F0A6805E4519
S214027D807FF463AD069B002B00F09D8012AB46F29B
S214027D9004020124ADF85C200193214602233046FA
S214027DA0009417AA0FF0CDFA00283FF44EAD2146F4
S214027DB00DF051FE49E5DDF8149030460FF087F8D5
S214027DC045E72946BDF8460006F0DCF9099B8246DF
S214027DD013B9B9F1000FA4D0124B1B78022B02D0B4
S214027DE0043B012BBDD8304600F0E4FA8146002859
S214027DF07FF42BAD0DF03DFD864225D10A4BB3F83C
S214027E0068400DF036FD4B4601460D222046CDF861
S214027E1000900EF06CFA18E5BB5F0020BA5F0020F7
S214027E209E690020C05F00203C530020BC5F0020FB
S214027E30AAF10E03DBB2012B88D906E50AF003038A
S214027E40012B7FF402AD81E7304611F0C0FD58B930
S214027E500DF02CFD4FF6FF73984205D011F0CEFAC6
S214027E6010B93046FCF7E4F8304611F0B0FD88B1A0
S214027E700DF01CFD4FF6FF7398420BD011F0BEFAC0
S214027E8040B9B8F1010F02D1BAF1060F02D030465E
S214027E900FF01CF8069BA3B91946012258460EF0AD
S214027EA08EF9814600287FF4D0AC20460FF0AAFA5D
S214027EB04A46014638460EF082F900283FF451AF92
S214027EC0C3E412A9E9E7069B61E7637823F020037F
S214027ED063704FF6FC739F423FF4B7AC4FF6FD73E8
S214027EE09F4204D1B34B1B78042B3FF4AEACA3796C
S214027EF00BB1013BA37163785B0727D50023584675
S214027F0017AA14A917930EF0C2FF1798F0B10EF035
S214027F10B7FF8146384611F051FD179A014613798C
S214027F2003F03000102806D003F00C0008281CBF0F
S214027F3023F00C031371137903F03303202B05D1BE
S214027F40FF2903D0012248460EF0A9FF304611F061
S214027F5035FDFF281EBF0022974B43F82020089BC2
S214027F6003F001094FF6F7739F4200F2F980B9F168
S214027F70000F40F00181314658460DF0EAFF0DF041
S214027F8078FC874200F0C680384611F020FD0028B3
S214027F9041D0B8F1010F27D1BAF1010F17D14A46E5
S214027FA02946BDF846000EF07DFF384611F00FFD5B
S214027FB0824B1B78002B72D1584611F008FD002820
S214027FC066D1384611F003FD002861D13DE43846FB
S214027FD011F0FDFC50B3BAF1030F27D12946BDF8C4
S214027FE046000EF0BCF930E4384611F0F0FC384694
S214027FF00EF085FF002847D0002339465846BDF8C4
S214028000462001F061F900283ED00021BDF8460066
S214028010FEF7C6FE19E4384611F0D9FC18B1B8F1DD
S214028020010FD8D0E3E7B8F1010FE0D1634B1B781C
S214028030002BC1D0BAF1050F31D10DF01AFC8DF824
S2140280405C000DF016FC000A8DF85D00012302228A
S21402805017A90DF14600FAF775FD00287FF4F5AB77
S214028060691C89B2BDF8460006F07AF80378013337
S21402807003706378590715D40DF0FBFB834522D0B5
S214028080002239461C2032E54C4B1B78002B93D03D
S214028090B8F1010FCED063785A0714D502E06378A0
S2140280A0580718D5BDF8464020460FF030F9411C57
S2140280B089B2204606F054F80378B8F1010F03F1AE
S2140280C0FF33037004D0BDF84600FEF78DFF09E0CB
S2140280D0BAF1050FD0D0BDF84600FEF785FFBAF11B
S2140280E0030FCDD00228CBD10021584617AA0EF096
S2140280F0D1FE30B10379468003F03C0343F04003DF
S214028100037100232E4A00933946584612780EF021
S214028110EEF8B5E7B8F1010F7FF477AF0AF1FF3357
S2140281200C2B00F2868001A252F823F08D81020009
S2140281308D810200DD7F0200A3810200C58102005C
S2140281404B780200E9810200F981020005820200F2
S214028150058202004B7802001B8202002782020080
S214028160B8F1010F71D0B9F1000F08D1BDF8460081
S214028170FEF7AEFFFFF769BBB8F1010FCED0237A48
S21402818003F00303012B7FF460ABEFE7AAF10203CF
S2140281905A422946BDF846005A410EF083FEFFF7C2
S2140281A054BB2A465846BDF84610FEF71FFCFFF79A
S2140281B04CBB00BFC15F002004440020A26900201F
S2140281C0C5690020691CBDF8460089B205F0DAFFD1
S2140281D00235EDB20246BDF846305846009512A961
S2140281E006F0D4FDFFF731BB01200A9ABDF846100F
S2140281F0FDF71AFBFFF729BBBDF846000EF058FE46
S214028200FFF723BBBDF84600FEF732FDFFF71DBBA6
S214028210BDF84600FEF72CFDA8E7BDF84600FEF7BF
S2140282200BFAFFF712BBBDF846000BF076FFFFF71E
S2140282300CBB2B4622465046BDF846100BF043FFB9
S21402824000287FF402AB51461BE50AF1FF330C2BE4
S2140282503FF6FBAA01A252F823F000BF8D8102006E
S2140282608D810200DD7F0200A3810200C58102002B
S2140282704B780200E9810200F981020011820200B5
S214028280118202004B7802001B8202002782020043
S21402829010B5002111480DF0BFF90446E8B10DF003
S2140282A0E3F80F4B187020460DF0E3F80D4B1870EC
S2140282B020460DF0E4F80C4B187020460DF0E4F85A
S2140282C00A4B1860012011F0AAF92046FFF758FA67
S2140282D0BDE81040002011F0A2B910BD1C590020C4
S2140282E06660002065600020646000204454002020
S2140282F070B5144E044633680D46BBB10DF038F81F
S2140283000C2813D120460DF023F909220021044639
S21402831010F08AFD235C042B08D10B4C25B10B4BC5
S21402832022781B789A4203D300232370002070BD64
S2140283300748316810F024FF2378012001332370A8
S214028340F5E700BF4854002067600020C46900209B
S21402835074680020014B93F9010070473E590020D3
S214028360014BB3F8680070473C53002070B50024F8
S2140283700D4D2C70EFF706FAE6B2B04208D800228E
S2140283800A4B1A700A4B198801B11A80012070BD77
S214028390304611F019FBC30748BF2B7804F10104DD
S2140283A044BF01332B70E5E7B95F0020B25F0020BF
S2140283B0F058002038B50B4B05461B7873B10133D5
S2140283C05C08094B188810F0EFFD002330F81320E4
S2140283D0AA4205D00133DAB2A242F7D3002038BD52
S2140283E00120FCE7B25F0020F058002030B50546B9
S2140283F085B008460C4611F0E3FAFF280CD00DF0C3
S21402840093FE012200210346CDE901120092214685
S2140284102A460720FCF7F6FB284611F0CFFAFF287B
S21402842004460FD011F0D0FAC2070DD5204611F03F
S214028430CBFA830708D40B4A32F8143043F480632D
S21402844022F8143005B030BD0DF06EFE0122002178
S2140284500346CDE90112009207202A46FCF7D2FB1A
S214028460F0E700BFEC5800204FF6FA72431E9BB2AC
S214028470934270B504462AD8FFF79CFF38BB194BC7
S2140284801B78042B23D0204611F087FAFF2801D050
S214028490FBF7FEFC20460EF0F5FC08B10EF0ECFCF5
S2140284A02046114E03F0ACFE20460BF0ADF93178B3
S2140284B00E4D69B1288810F077FD054601461E224A
S2140284C00230F2F70BFA2C8033781E2B07D970BDD8
S2140284D0202010F0DDFD28800028EBD1F7E70233DC
S2140284E03370F4E7C15F0020B25F0020F05800202E
S2140284F0044A13782BB1013BDBB213700BB9024A64
S21402850013807047B25F0020F05800200148FAF747
S214028510D5B800BFF05800202DE9F0478046174630
S2140285200D468CB061B903AE00211B4811F0BCF9B0
S2140285304FF000090446DFF860A01CB920461DE093
S2140285400E46F1E70022214624233046CDF800905D
S21402855011F03FFA082241463046F2F7B9FCA8B9B4
S214028560337C9BB96FB945B92A4621460A480DF0B5
S21402857072F80A4A1388013B138001200CB0BDE84A
S214028580F0873B88B28953405B06ECD521465046BD
S21402859011F0AEF90446D0E7525900205059002097
S2140285A0024B1888003818BF012070475059002027
S2140285B02DE9F04330488DB0FAF770FB11F02BF836
S2140285C02E4D2B68C41A4FF47A73B4FBF3F4A4B29C
S2140285D014B111F020F82860294F4FF6FF763B8839
S2140285E0DFF8A080ADF80A3000233B8000210DF1B1
S2140285F00A000DF011F8054658B9224B1B882BB11C
S2140286004FF47A711C48714310F0BAFD0DB0BDE804
S214028610F0834FF0000924234A462946CDF80090FD
S21402862003A811F0D6F9BDF81A30A34294BFDB1A9C
S2140286301B1B9BB2ADF81A3063B9BDF818301B0687
S21402864002D508980BF04DFBB8F80030013BA8F8AD
S2140286500030CBE79E4228BF1E4601234A462946E3
S214028660009303A8242311F0B4F94A462946384653
S21402867011F020F9BAE700BFE84400205054002069
S2140286805259002050590020F0B504462E4A8DB0AB
S2140286901068516801AB03C3A378012B4FD1162291
S2140286A000210DF11A00F2F7C7F8D4F82110D4F819
S2140286B01D0003AB03C32388190644BF62680892F1
S2140286C0DA050BD5221D08AE04F1140735461068EC
S2140286D05168083203C5BA422E46F7D1ADF81830B3
S2140286E013F0040318BFA3690593EFF763F800239A
S2140286F0ADF81A00082201A903A88DF81C30F2F77B
S214028700E7FB18B106A903A80DF0A9FF0022242151
S21402871003A80CF038FF044698B10020FFF748FF84
S21402872000222146094811F0C5F8094A002013889C
S21402873001331380FFF73CFF00200DB0F0BD02208E
S214028740FBE71920F9E700BFA8BF03005259002033
S21402875050590020F7B5044600200E46FFF728FFC2
S214028760104B1B88A34202D8212003B0F0BD002183
S2140287700D4811F099F8002501460B4F0029F3D059
S214028780A54208D10024242322463046009411F044
S21402879020F92046E9E7384611F0AAF801350146E5
S2140287A0ECE700BF50590020525900200148F9F763
S2140287B085BF00BF52590020014B1888704700BF82
S2140287C05059002070B50C4611460E4A237812788E
S2140287D0064613F0200542EA0302227018BF611D06
S2140287E00822F2F77BF8002D0CBF05200D20D4F8E6
S2140287F00130B3602378337303F01803082B08BFE5
S214028800013070BDBC5F0020042307B501200DEBCC
S2140288100301054AFAF7BCFA019B044A1B031360DC
S21402882003B05DF804FB00BF63E51100AC45002011
S21402883010B5064C2368C3F30B0313B90448E3F7D9
S21402884039FC2068431C236010BD00BFAC450020E5
S21402885063E51100014B1868704700BFAC45002065
S21402886007B50020054B064A186004230DEB0301EA
S2140288700190FAF78DFA03B05DF804FBAC450020D0
S21402888063E511007FB511230A4A012001A9FAF710
S2140288907FFA094B9DF814201A70084B1B780BB10F
S2140288A0052B05D10AF07CFF012007B05DF804FB1A
S2140288B00020FAE779EB0100BB5F0020BC5F0020D6
S2140288C02DE9F04F0646CBB08846008801211746B0
S2140288D010F0A2FB2E4B3A463188ADF8160006A8D9
S2140288E00DF05CFF0DF1280B5A464146C41930883C
S2140288F00DF0DEFEE4B208EB0003A34208BF044616
S21402890005464FF004091CBFA4EB0804E4B2234654
S2140289105A460121CDE900090BEB050ACDF808B04D
S2140289202D1B06A8EFF776FBEDB20BEB04030093C4
S214028930019523465A46414630880DF0E7FE3488B4
S2140289403946204605F01EFC394600F0F80220465D
S21402895005F02CFC0121308810F05EFB01234A460C
S214028960514680B10DF11600FAF7ECF801210446E3
S214028970BDF81620308810F063FBB4FA84F0400984
S2140289804BB0BDE8F08F3046FAF7DCF80446F4E761
S214028990436000202DE9F04FC9B00446884692464F
S2140289A0C118224A04A81F46FFF70CFF4FF004091D
S2140289B0C519EDB208AB0293A5EB0A0BA8EB0A03A6
S2140289C05FFA8BFBA8EB0506DBB2F6B204EB0A02F3
S2140289D0009301215B46CDF8049004A8EFF71AFB3A
S2140289E006F590730DEB03025A44A2F580721368E3
S2140289F008A844F80830E35D324623F00703E3553F
S214028A002C442146F2F7A8F808ABCDE9019308AA50
S214028A1000230121009604A8EFF7FCFA324620460E
S214028A2008A9F2F799F849B0BDE8F08F4360002034
S214028A30F8B506460EF07FFD811C054689B2304623
S214028A400EF076FCF0B1EDB12946304605F09AFB01
S214028A501228074616D80C4B691C1C5C89B2304695
S214028A6005F090FB2C44052FE4B205D1052809D861
S214028A70064B1B5C1C44E4B221463046BDE8F84077
S214028A800EF056BC0020F8BDDA830400D48304003E
S214028A90F8B505460EF079FC044628460CF058FD5B
S214028AA0A11C074689B228460EF042FC00283ED09A
S214028AB0002C3CD02146284605F064FB0646611C85
S214028AC0284689B205F05EFB0F2E30D8194B9B5D07
S214028AD0E118731E89B2092B0ED8DFE803F00905E8
S214028AE00D0D120D0D181E1EC40644BF083189B2A4
S214028AF0820601D5083189B22846BDE8F8400EF054
S214028B0017BC7B78DB0612D501EB4001F3E700F0D9
S214028B101F0000EB40000144EDE71F2805D8092E90
S214028B200ABF4000022080B2F5E7C828E4D0002041
S214028B30F8BD00BFED830400F8B506460CF008FD4C
S214028B4009220021054610F06FF900F110042846AC
S214028B5010F046FEE4B207462146304605F012FB08
S214028B600546304610F03CFABA05A0EB0403DBB229
S214028B700AD47C2D0AD0082D0AD8064A505D98429F
S214028B808CBF00200120F8BD1220F8E70320F6E78C
S214028B90FF20F4E7FE830400014B1878704700BFFD
S214028BA0C669002038B5114B04461B7808469BB9A7
S214028BB0012038BDA24205F101050FD103EBC10326
S214028BC05B6898470028F3D11E2022464FF6FF71B5
S214028BD010F0CFFD0020ECE70025054BE9B213F8B4
S214028BE03120002AE6D11446EEE700BFC66900200F
S214028BF0A48304004FF6FF7307B502220DF10601A7
S214028C000348ADF80630E3F791FA03B05DF804FBCB
S214028C10603202E0002307B5ADF80430134B9842E9
S214028C2021D10B88DA0703D5232003B05DF804FBB5
S214028C309B0748BF4FF47F434FF002020C480DF1EA
S214028C40060148BFADF80430E3F744FA4FF6FF7367
S214028C50BDF806209A42E7D10222054801A9E3F7A9
S214028C6065FA0020E1E72120DFE700BF1FD1BACA7C
S214028C70603202E0002313B50222038004460DF19F
S214028C8006010F48E3F726FA2D2801D0112805D150
S214028C904FF6FF73ADF80630FFF7ACFF9DF80630CF
S214028CA0BDF806201BB1238843F001032380002071
S214028CB0FF2A82BF238843F00203238002B010BD3E
S214028CC0603202E0034B1B78002B14BF4420562070
S214028CD00E307047BC5F00202DE9F04F8DB0179C18
S214028CE006468946CDE90223BDF85870D588ADF808
S214028CF016103CB9EC0605D500970AF082FE0DB0B8
S214028D00BDE8F08FC5F380242B054FEA043448BF34
S214028D1044F40064A80511D544F080040A2E00F23B
S214028D206981DFE816F09A002F0017003700670106
S214028D306701370010009A0037009E00E90548BF19
S214028D4044F04004EAE74FF001084FF0020B4FF000
S214028D50000A14E008A95FFA89F00DF05BFFDDF85F
S214028D602500DDF8291006AB03C3A44B33F81930EF
S214028D70ADF816304FF00008C3460DF1180A002F62
S214028D805DD125E006AA0DF116015FFA89F003F01F
S214028D9017FAEFE74FF6F773994540F22B8115F471
S214028DA0026F40F02781964B1B78022B03D0043BC0
S214028DB0012B00F2218147BB032E4FF001080CBFA6
S214028DC04FF00C0B4FF0080BBA4624F4C074A4B252
S214028DD08C4B18884FF6FF73984206D08A49FAF7EA
S214028DE067FB10B124F48054A4B2039B3846009368
S214028DF0BDF81620534644F4027105F0EBF9ADF8BF
S214028E002000002838D1192079E7384610F0E8F813
S214028E100246FFF757FF032E08BF0138824201DDE4
S214028E2038206CE7032E4FF001080CBF4FF00C0BF6
S214028E304FF0080B4FF0000A24F4C074A4B2029B51
S214028E401B889BB91A4639460620009308F064FC34
S214028E500028BDD140F6014051E74FF00008C34656
S214028E6075E74FF001084FF0030B70E70023394611
S214028E701A4607200093E9E74FF6FF73614A118806
S214028E8099421CD00CF064FB03465E4A04301188FB
S214028E90039310F0A7FC5D49039B097814F4805FE6
S214028EA0D9715949574A1FBF086898604868D86000
S214028EB04FF6FF7313804FF0FF330B604B6059463B
S214028EC0029A08A805F03AFA00289CD0504C23785B
S214028ED0002B3CD1A7B1384610F082F80746BDF801
S214028EE0200010F07DF823780744002B14BF1222CE
S214028EF00022EB1003F0040317443B44842B8FDC60
S214028F0015F400570AD0BDF8204020460CF026FA89
S214028F1040F4806189B220460CF00BFAA6F10803F1
S214028F20012B05D801221021BDF820000CF007FA0B
S214028F30179BBDF8204043B32046BDF816100CF030
S214028F4051FABDF82030179A00201380D7E6AA06F9
S214028F50C0D56B0103F020030A2E14BF43F00103B1
S214028F6063F07E03DBB2B8F1000F08D00021524650
S214028F70009108A800F082FE0028ABD0BFE61A4691
S214028F80514608A80DF035FDF6E720460EF0FDF92D
S214028F90179B024621460420009308F0BDFB0028DA
S214028FA03FF458AF0A2E18D84FF4D963F340DB07C4
S214028FB013D5072E0AD00A2E08D0BDF820000CF0D2
S214028FC0D8FF80F00100C0B2800098E608A80BF037
S214028FD087F80028F1D0042091E617B125F0400565
S214028FE0ADB22B463146BDF820005FFA89F201F099
S214028FF07DFE84E6012082E6162080E620580020C8
S214029000C05F00204E690020C76900207360002000
S214029010BC5F0020F7B50F469DF828100446DDE930
S2140290200B061D46F1B94FF6FF739C421CBF174B49
S2140290301C804FF000041CBF154B1A70BDF82400AC
S21402904005F012FA00232A46CDE9004339460620E7
S2140290509DF82030FFF740FE10B90EB1AB7A3370A0
S21402906003B0F0BD78B14FF6FF739C421FBF074BAB
S2140290701C80074B1A7000220CF085FA0446002862
S214029080DCD11920ECE72120EAE700BF4E69002078
S214029090736000202DE9F04788469DF828100746A1
S2140290A016461D469DF820A0BDF824900B9839B1AF
S2140290B058B300220CF067FA044610B9192025E0CE
S2140290C00C464FF6FF739D421FBF114B1D80114B7E
S2140290D083F800A04FF6F7739E4208D80E4B4FF661
S2140290E0FD761A784FF6FF73002A18BF1E464846CA
S2140290F005F0BAF900233A46CDE90843314643461D
S214029100BDE8F0470320FFF7E7BD2120BDE8F08762
S2140291104E690020736000207D5F00202DE9F04735
S21402912086B09DF838600546DDE90FA80C4617465E
S2140291309946B6BB374B1B78022B1DD125BB4FF683
S214029140F7739C4214D80026484605F08DF9002392
S2140291503A46CDE900632146FF232846FFF7BCFDC9
S21402916038B9B8F1000F04D0BB7A88F8003000E0B6
S214029170012006B0BDE8F087043B012BDED9084685
S2140291800AF0ABFF10B31DB3022D31D1EEF7F4FA9D
S214029190A042EDD9204B33F814204FF6FD739A42C5
S2140291A019E0BAF1000F32D01A4B1B78022B05D108
S2140291B0FFF788FDB042E6D23820DAE7043B012BFF
S2140291C0F6D908460AF089FF0028F1D11620D0E722
S2140291D04FF6F7739C42CBD8002EB4D0314600220D
S2140291E050460CF0D0F906460028ADD11920C0E74B
S2140291F0012DBDD104AA0DF10E01E0B202F0E0FF8E
S214029200064B1B78A342B3D9BDF80E20C5E7212032
S214029210AFE700BFC05F00202058002098690020FA
S21402922030B5104B87B005460C461868596803AA35
S21402923003C298680C4910609A88DB8852BA23F0F9
S2140292404003ADF812300023CDE90043ADF81020FC
S214029250FF23098803AA0720ADF80E50FFF73CFD4E
S21402926007B030BD5E5900206A59002038B50C465A
S2140292701146124A124D108022682A6062686A609D
S214029280A268AA60E288500616D5EA88520613D566
S21402929061B1002218460CF076F9014650B160889A
S2140292A0FFF7BEFF0522074B1A7038BD08460DF0C1
S2140292B0ADFFF2E71920F5E70220F6E76A5900202B
S2140292C05E590020836000202DE9F04F074689B0E2
S2140292D0104615461C468A460EF057F801462846A2
S2140292E004F050FF064628460CF032F9043010F01F
S2140292F077FA80460CF0BDFA804550D0B2074ED1C0
S214029300DFF8AC80284605A9B8F800B00EF024F9BC
S2140293109DF81930A8F8007003BBBDF81430EBB9FD
S21402932028460CF015F9023010F05AFA4FF6F77389
S214029330984294BF4FF000094FF00109012301340F
S214029340E4B22A463846CDF8009005A9039303F006
S21402935001FC039B40B901339C421ED20020A8F8B0
S21402936000B009B0BDE8F08F022CF8D1012BF6D17F
S2140293700C4A0D4BA3F800A01378591C11700B4A27
S2140293807F3B16F00C01137007D1BDF81A305B064E
S21402939003D5BDF81600FFF743FF0223D1E70020EE
S2140293A0DFE700BFBE5F00204E690020736000202A
S2140293B06A5900202DE9F04FABB00F46ADF81E00FB
S2140293C00CF0C6F800F1020A0646504610F008FAFB
S2140293D0BDF81E40054620460DF0D7FF0146204642
S2140293E004F0D0FE814600F00308301D10F0F8F9B4
S2140293F0414C20800CF03DFAA8422DD04FF6F77370
S2140294009D4229D87378DA0726D428460DF077FDD0
S21402941030B101232946BDF81E202088FFF754FFED
S2140294200CF027FA344B1B8883420FD1BDF81E403E
S21402943020460DF0AAFF0146204604F0A3FE10F0D7
S2140294400C0103D1BDF81E0001F00EFD00222B4BCD
S2140294501A602BB0BDE8F08F2949BDF81E000EF049
S2140294607BF82849BDF81E000DF0D9FF0028254BD1
S21402947008BF0023214ABDF81E0013600BF0F4FF5C
S214029480214B1870BDF81E000BF0F3FF1F4B18702F
S214029490BDF81E000BF0F8FF1D4B186000238DF878
S2140294A02230002F3AD0164BDB889B0636D5194B56
S2140294B01B689D071ED4B8F1010F14BF082318239A
S2140294C00DF12202009200220DF11E00114600F05C
S2140294D0D5FB18B3B8F1010FA2D10F4B1B78112B95
S2140294E09ED10DF025FB00289AD140F61D40FBF7D1
S2140294F00FFB95E70823E3E76A590020585400203B
S2140295005E5900206B6000206660002065600020C7
S21402951044540020BC450020C05F0020504610F096
S2140295205FF98246BDF81E000FF05AFDA0F1100545
S214029530EDB22A4631460AA8F1F70EFBFF238DF854
S2140295402F304FF6F7739A4540F2DF80B8F1010FDD
S21402955000F0E780B8F1020F00F04681B8F1000F84
S2140295607FF45EAFA44DBDF81E00EB88ADF8240074
S21402957004930BF0EDFFBDF82460074630460DF06D
S21402958004FF0146304604F0FDFD8DF82300B81CAA
S2140295907E7810F025F907460CF06BF906F0010606
S2140295A0B4F8009003906C88002E7FF439AF4FF623
S2140295B0F77A4246494657458CBF0620082010F0E7
S2140295C0D8F8BDF824B058460DF0DFFE59460246DC
S2140295D043460420CDF8008008F07BF857458346C2
S2140295E00AD8B5F90620EB88002A05DB580603D50B
S2140295F041462046FFF714FEBBF1000F3FF410AFC2
S2140296002B88002B5AD16B79002B57D14FF6F77364
S2140296100DF126019F42BDF8240094BF4FF0000BC7
S2140296204FF0010B0DF055FBDFF8D8A100F1FF3823
S214029630BAF800301FFA88F10593EB88BDF82600C9
S214029640069304F09FFD069B049901900093224620
S2140296505B460598C1F340110AF04CFD00283FF422
S214029660DFAE042306200093BDF82610624B5FFA95
S21402967088F208F02EF800283FF4D2AE48F2020331
S2140296806A889A4205D1BDF82410BAF8000000F0A4
S21402969025FF594D09AA29460DF123000AF028FD97
S2140296A0034600287FF4BCAE2104BAF80000BDF8D9
S2140296B0242060D5234629460DF020FB9DF8233052
S2140296C04D4D03F00C030C2B75D128890DF0E1FAF1
S2140296D000283FF4A5AE039B002029894B4514BF02
S2140296E00226032602F044FC444B18704FF6F7732A
S2140296F09F42BDF8240075D8A4F138025342534164
S21402970032463D4904F036F88AE6B8F1020F6BD0CD
S214029710394BB3F90630002B26DAB8F1010F7FF485
S2140297201DAF0CF0A6F8238883423FF479AE0520DD
S214029730BDF81E10FFF736FA00283FF471AE2E4A27
S214029740D3885B0607D50023CDE900330A20FF2322
S2140297502188FFF7C1FA3A469DF822302188BDF8E3
S2140297601E0002F01DF85BE629460AA800F070F813
S2140297700028D2D054E60221DFF88C8088F8001048
S2140297802946CDF800B003F0E5F9132C96D0EB8805
S2140297905D0493D41A4B1B78D80703D598F800209B
S2140297A0022A8BD099077FF53BAE98F80030012B42
S2140297B07FF436AE82E700222B79124800936B794B
S2140297C01146008802F0FCFB0C4B18709DF8233003
S2140297D003F00C03082B89D1039B4B4514BF0426C8
S2140297E0052683E701238BE74846BDF81E2002497B
S2140297F001F0AEFA14E600BF5E5900208260002037
S214029800815F00206A5900207460002010B5002194
S21402981008480BF001FF044650B101460420FFF74A
S214029820C1F928B12046BDE810400121FFF7C2BDAC
S21402983010BD00BF4E590020034BFF211A78034883
S2140298409200F0F7F9BF00BF996900207442002029
S21402985070B5451804464FF0FF31AC4212D1104B9A
S21402986010481A7805460023934211DB0E4C2078E6
S214029870431CB3FBF2F602FB163345F820102370A6
S21402988000200CE014F8010BE1F7A4FD0146E4E722
S21402989050F8044BA14201D00133E5E7012070BD28
S2140298A0996900207442002075600020042307B5E1
S2140298B001200DEB0301054AF9F76AFA019B044AF7
S2140298C01B03136003B05DF804FB00BF23E1110025
S2140298D054540020014B1868704700BF54540020AF
S2140298E0014B1868704700BF5454002010B5064C50
S2140298F02368C3F30B0313B90448E2F7DBFB2068C3
S214029900431C236010BD00BF5454002023E1110005
S2140299102DE9F04F93B003930023DDE91C790693FB
S21402992099F8003083460DA804930E4615460AF0B1
S2140299306FF899F8003013F003043ED0039B0DF144
S214029940250A8DF824300022082138460BF01FFF26
S214029950002870D028880BF0FBFD99F800301C0711
S2140299604CBF043002300FF03BFF07A98046F9F7E0
S2140299709FFB9DF824300446980633D5288806F1C6
S2140299800D010DF0D5FCA8B100230093384608233C
S2140299902988721D10F01DF899F8003003F018039C
S2140299A0182B4AD1B8F1000F47D0A94BB3F868304C
S2140299B0434542D040F60A4327E02888711D0DF041
S2140299C0B7FC0028F6D0009405233246298809A859
S2140299D00FF0FFFF9DF824300DF1240A03F0180360
S2140299E00393B0E714BB39464046F9F761FD0028F9
S2140299F0D2D099F800309907DCD04023224621467F
S214029A0040460DF022FA40F6094399F8002012F07B
S214029A10030440F0F780288803930BF0FCFC2246F0
S214029A2001461A200FF0A5FE039BEBE007AB03CB23
S214029A3038607960B0E74FF6FF780AF03EFB0446DE
S214029A4020B104213846F9F74FFB04461E9B002B33
S214029A505AD009231E990DA88DF834300AF052F90F
S214029A60209B0BB1209B0693039B002B40F08E801D
S214029A700DA8EEF731FB99F800309A0700F09880AF
S214029A80FFF734FF5146024601200AF060FB99F8C0
S214029A9000309B0710D5594628880DF023FD0BF1A0
S214029AA0090350FA83F35FFA83FB594628880DF0C0
S214029AB0F0FC00EB0B06F6B299F8003013F0C20F7A
S214029AC00AF104030DD09DF82420624942F02002D8
S214029AD08DF824200A68CAF804204A685A600AF1F7
S214029AE00C03012209A800921B1A324629889BB24F
S214029AF00FF06FFF324659462846FEF7E1FE002871
S214029B0000F0A48000237DE01F9B5BB19E460DF112
S214029B10340CBEE80F00ACE80F00DEF80030CCF8DC
S214029B2000309DE7049B594603F0200328880493DF
S214029B3004F028FB10F0030F0CBF0123002305934B
S214029B40049B059A003B18BF012342EA4303009395
S214029B500DAA06AB38461F9900F0FEFA049A034691
S214029B6082B1002880D0059B0DAA0093384606AB2A
S214029B701F9900F0F1FA034699F8002022F020021D
S214029B8089F80020002B3FF46FAF3EE7039B102BB3
S214029B9006D1BDF8363043F00103ADF8363067E73C
S214029BA0039B182B4FD1BDF8363043F00203F4E77F
S214029BB001200DF125010AF0D8FA99F80030824604
S214029BC013F0040F288821D1069B1BB3002C35D036
S214029BD00BF021FC0022014616200FF0CAFD84B1CC
S214029BE07FB14FF6FF7398450BD000230DA91A4696
S214029BF038460AF098F9394640469DF835200AF06C
S214029C0072FA0123184613B0BDE8F08F002CDFD19C
S214029C10104F01E0002CDBD1002332460093594658
S214029C203B460CF0E6FD00283FF4C4AE002C3FF4A1
S214029C3069AF069A0AF10103136063E71B6853458E
S214029C40C6D80124E8E740F60A43DBE71923D9E73A
S214029C503C53002043600020002307B5054A06480F
S214029C60136004220DEB02010193E2F75FFA03B0E0
S214029C705DF804FB5454002023E111002DE9F04F57
S214029C800446B1B000888DF82F3016468A460DF08D
S214029C907CFB0146814620880DF0FBFB00EB0908A1
S214029CA020880DF048FC00239DF82F505FFA88F8B4
S214029CB015F001070790ADF8363008D101460DF1D0
S214029CC0360220880DF0EEFA08B1ADF8367016B9F5
S214029CD0CDE90E660EAEFEF763FC18B145F0200520
S214029CE08DF82F500023CDE9033302930DF12F0395
S214029CF0CDE900632246534641464846FFF708FE32
S214029D000546002800F043819DF82F3013F0010726
S214029D1046D1B44A23F02003106851688DF82F30DC
S214029D2010AB03C3184600F0FBF90546FEF744FDE8
S214029D30BBB2984200F2B7803A9B13B100233A9A1C
S214029D401370BDF83630CBB1012120880FF064F9CC
S214029D5027880546002800F04F81012138460FF07B
S214029D605BF9BDF83670054638460FF039F9002320
S214029D7000903A46194628460DF017FA0023CDE918
S214029D80033302930DF12F03CDE9006322465346B7
S214029D9041464846FFF7BCFD0546002800F0F7801E
S214029DA09DF82F3003F01103102B40F003818E4BE9
S214029DB01B78432B40F0FE808C4B1B685B0640F101
S214029DC0F980208808F105010DF0B2FA83460028D2
S214029DD000F0F0804146208804F0D4F9844B10F05D
S214029DE0200F08BF1E4612A800F09AF90822314634
S214029DF012A8F1F76DF8002800F00E81314612A87D
S214029E000AF03AF9012326AE00933246002314A93B
S214029E1012A800F0A1F9002840F0CC8012AB0DF198
S214029E202F07CDE90360029000932246534641462F
S214029E3048460197FFF76CFD002800F0EF80BDF85A
S214029E409A30102043F0080318AA14A9ADF89A30E5
S214029E500CF0A6FB002840F0AD8012ABCDE9036003
S214029E60CDE9017000932246534641464846FFF725
S214029E704FFD0546002840F09D8018AB4FF49071C8
S214029E80002012AA00F0D4F84FF0005100200CF087
S214029E9004FEBBF1000F00F08C804FF080510020D2
S214029EA00CF0FBFD85E018AB14AA26A9F8B20AF05E
S214029EB08FF8002840F09480082210A927A8F1F70E
S214029EC007F88346ADB19DF8A53013F0020F08934C
S214029ED00FD0082212A927A8F0F7FAFF48B9089B64
S214029EE0590706D53A9B13B101233A9A137008957F
S214029EF007E03A9B002B61D1BBF1000F70D1002323
S214029F0008930DF1740C14AB0FCB8CE80F00BDF860
S214029F103630CBB1012120880FF07EF8B4F800B0BD
S214029F2000284FD0012158460FF076F8BDF83620AB
S214029F308346104609920FF053F800231946099AF1
S214029F40009058460DF031F92A4B0DF1740B04932C
S214029F50002303930DF12F03CDE9006322465346F7
S214029F6041464846CDF808B0FFF7D2FC002837D164
S214029F70002D33D012AA5B464FF482714FF4005084
S214029F8000F056F8089B13B126A809F03CFE174BC2
S214029F901B689A070DD4FEF703FB50B1114A18ABA3
S214029FA01068516803C3002226A918A80CF01BFBF0
S214029FB068BB0025284631B0BDE8F08F00233A9AE8
S214029FC0137099E7BDF836200A90104609920FF0F2
S214029FD007F8DDE9092307990090B2E72A46CAE79F
S214029FE00137A3E6A8BF0300C05F0020BC450020DF
S214029FF0A6530020B8450020BDF836B058460EF0ED
S21402A000EFFF2B4600905A4638460799B4E626A933
S21402A01018A80CF024FBC6E78346F3E614AB2DE73C
S21402A02001461A230120014AF8F7B2BE24E10100D4
S21402A030F0B5164691B0074609A80D461C46FFF72E
S21402A040EFFF3EB1336845F04005CDF82630736821
S21402A050CDF82A301B4B1A6822EA070242EA0501AB
S21402A06019604B040DD5BDF824200B0A03F4E24315
S21402A070C9B222F4E3420B4322F07F021343ADF847
S21402A08024301A230020104A09A9F8F781FEB4B139
S21402A09004A809F0BDFC02236A468DF81030154666
S21402A0A0234604F11006144618685968083303C498
S21402A0B0B3422246F7D1294604A809F023FE11B07E
S21402A0C0F0BD00BFBC45002024E1010047F2FF10AE
S21402A0D0044B196841F48042014041F480411A6001
S21402A0E00CF0DBBCBC45002000B589B0FEF7CAFB0D
S21402A0F001A8FFF795FF0948BDF80420016813027E
S21402A10021F0FF0103F4E2030B43D2B2134343F4FC
S21402A1108043036009B05DF804FB00BFBC45002025
S21402A12010B50C4B0446186888B0830706D54FF066
S21402A130FF3323600120636008B010BD10F04000BA
S21402A140FAD001A8FFF76CFFDDF806302360DDF8D1
S21402A1500A30EFE7BC4500202DE9F04F99B0814662
S21402A1600C461E4617469DF88880A2B1154628461C
S21402A17009F04EFC18F0020B0FD004B911AC6B4676
S21402A18022462946484609F001FF0EB100233360F5
S21402A19019B0BDE8F08F0CADE9E76B462946484694
S21402A1A004AA09F0C0FE6B7808F00108FF2B25D040
S21402A1B000287AD154B104AB08AF1A4603CABA4291
S21402A1C020606160134604F10804F6D126B16A786D
S21402A1D0374B03EB82033360B8F1000F01D1002046
S21402A1E0D6E7BDF80030D906F9D418204FF6FF712D
S21402A1F06A780FF0BEFA40F60E40C9E7DFF8B8A05C
S21402A200DAF800302EB19A0756BF2A4AC6F800B0CE
S21402A210326003F03003102B01D0202B1ED111A880
S21402A220FFF7FEFE082248460DF14601F0F750FE03
S21402A23028B1DAF8003003F04403402B0ED0B8F110
S21402A240000F0ED108A80CF02CFC02232B70C4B908
S21402A250002FC4D0281DFFF763FFC0E740F60A4070
S21402A26096E7DAF80030DB03ECD508A80CF019FC08
S21402A27002232B70BCB9002FB7D0281DFFF750FF62
S21402A280B3E7002608AB0CAF1A4603CABA422060F0
S21402A2906160134604F10804F6D1281DFFF740FF5B
S21402A2A0002E9CD0A1E70126ECE72D2070E700BF28
S21402A2B0D0410020B8450020BC45002049B9084BD3
S21402A2C0197849B14EF66023594328B105480EF075
S21402A2D057BF41F28831F8E70248F8F7DFBC00BF03
S21402A2E07F5F00200845002070B586B00546F8F767
S21402A2F0C3FD10B9022006B070BD01A8FFF710FF1B
S21402A30006460028F6D08DB92E4B1C6814F00204BF
S21402A31006D02D4B1B78112BECD12C4BB3F8684092
S21402A3204FF481630221ADF80C3023E02846F9F79A
S21402A3302DF90028DED1234B1C6814F0020406D047
S21402A340214B1B78112BD5D1204BB3F8684008223D
S21402A350294601A8F0F7BCFD0028E1D04FF40273AD
S21402A36000260A21ADF80C302B68CDF80E306B684B
S21402A370CDF81230002203A80BF005F9024608B900
S21402A3801920B8E70F4B196801F03003102B17D0CD
S21402A390202B14BF01230323490001F004010B43C1
S21402A3A02046002100F0F4FF0028E9D00021012019
S21402A3B0FFF784FF16B10122054B1A7000209AE7B8
S21402A3C00323E9E7BC450020C05F00203C53002081
S21402A3D06A60002030B500251D4C85B0CDE90055D9
S21402A3E0F8F75CFC23784BB31A491B480A780078C6
S21402A3F0904223D90132012B0A700ED12A464FF41D
S21402A400A071284602F0BEFAC0B2B8B941F288314D
S21402A41012480EF0B5FE05B030BD022B09D1284613
S21402A42002A9F9F745F80028EED102A8FFF75CFF6B
S21402A430EAE7032B02D101F065F9E5E700210846B9
S21402A4402170FFF73BFF0421684609F04FFAE2E766
S21402A4507660002077600020CF6900200845002043
S21402A46070B5194A194D04465168106886B02E78A0
S21402A47001AB03C31EB10224204606B070BDF8F736
S21402A48045FD0228F7D103A800F0E8FD082201A93D
S21402A4900DF10E00F0F71CFDA0B10D4B32464FF445
S21402A4A0A07130461C7002F06DFA04460028E3D113
S21402A4B00123084A41F2883107482B7013700EF0C8
S21402A4C05FFED9E72324D7E70784040076600020DE
S21402A4D0CF6900207760002008450020F0B50C46C2
S21402A4E000219BB02B4F0646492207A80691F0F79B
S21402A4F0A3F93B78012B34D19EBB0DF10E01204609
S21402A5000CF0E7FB0546BDF80E000EF069FD441B95
S21402A510E4B2BDF80E1023462A46009606A80FF0AF
S21402A52058FA304604A9F8F7C3FFD0B9CCB19DF863
S21402A5301920B2B9BDF8233003F47E43B3F5285F81
S21402A5401ED3B3F5385F0ED31349BDF80E000B6861
S21402A55043F400030B60294609F0A8FD18B1042352
S21402A5603B701BB0F0BD01220C4B04A81A70FFF71B
S21402A570BBFE41F288310A480EF002FE0223EFE7E4
S21402A58011463A70FFF79AFE1E2104A809F0AEF9AA
S21402A590E7E700BF76600020BC4500207760002019
S21402A5A008450020014B1870704700BF77600020F6
S21402A5B0014B1878704700BF76600020014B187078
S21402A5C0704700BF766000202DE9F04F04464088B1
S21402A5D091B00E298846ADF81A0074D094F8089007
S21402A5E0A7790AF0B5FF09A90546BDF81A00E6796B
S21402A5F00CF0B2FFBDF81A000AF0B0FE430542BFE7
S21402A600BDF82A3043F40053ADF82A30E379D80671
S21402A61042BFBDF82A3043F48053ADF82A30BDF865
S21402A6202A30990613D5022F52D10CA9207A0CF0A3
S21402A630F1FADDF83500DDF8391007AB03C307AAD7
S21402A6400021042300910DF11A00FFF717FB0121E8
S21402A650BDF81A000EF0E0FC022F824644D1454BAC
S21402A66033F81950B8F1000F79D0BDF82A305A06DF
S21402A67075D54FF6FB72954271D83F4AB2F86820FC
S21402A680AA426CD0DB0502D528460CF009FCBDF8C0
S21402A6902A30D80463D5002F33D1BDF81A000AF049
S21402A6A05DFEC10663D548F23403BDF826209A4201
S21402A6B009D1324E3078FF2805D003222946FCF70E
S21402A6C02BF9FF2333700023236011B0BDE8F08F0F
S21402A6D0012F01BF237A2A4A03EB430302EB8303CB
S21402A6E014BF00229A1CABE7012F05D10C2303FBF3
S21402A6F009F3234AD55AB5E7A81C0FF071F80546A8
S21402A700B0E7284601F07CFDBDF81A000AF026FEE6
S21402A710C206C8D46389504605930EF061FC834690
S21402A72050460EF041FC059B02905FFA8BF04A46BB
S21402A730394601900093404609AB09F06FF8B8F12C
S21402A740000F14BF0B20092016F0030218BF02F1F7
S21402A750FF32294618BFD2B20FF00BF8A3E7BDF8B6
S21402A7601A000AF0FBFDC3069DD4002FD2D1A946DB
S21402A770D0E700BF205800203C530020D3690020B9
S21402A7806057002038B500240F4B104D2A78A2429D
S21402A79005D8C2B9BDE838400D48F8F77FBA5988DF
S21402A7A069B9013AD2B2A2422A70EFD0121B1846F9
S21402A7B003F110011201F0F791F80346E6E70134BF
S21402A7C01033E4B2E2E738BDD44100207A600020BC
S21402A7D09468002070B51A4B1A4A1D780023DCB222
S21402A7E0A54200D870BD144666880133864202F13F
S21402A7F01002F4D1E379A588E16003F040028DB936
S21402A800CAB123F00403E3710AF0A2FE037803F050
S21402A8107F03037021880029E4D1BDE870400A480E
S21402A8200EF0AEBC00216580A180002AE9D1BDE809
S21402A8307040FFF7A7BF2046FFF7C6FEF7E700BF48
S21402A8407A600020D4410020946800202DE9F04769
S21402A850044686B040880F4615460AF079FEA3796C
S21402A8608046082B52D8DFE803F0052E18515151C6
S21402A8705151050002300EF0B3FF002D4ED069464E
S21402A880F8F716FE002841D1684601F063FDB0FADB
S21402A89080F0400906B0BDE8F08702A9207A0CF0E5
S21402A8A0B9F96B466E46DDF80D00DDF81110334A35
S21402A8B003C3237A32F81390314AD05C75B131461D
S21402A8C00CF0CCF9E6E7237A2E4903EB430301EBBF
S21402A8D0830231F82390907A961CEFE74FF6FB7AC4
S21402A8E0D14515D930460CF003FB4FF6FF7398425C
S21402A8F0054615D00146304601F09EFC554508D95E
S21402A900E379DA060ED440F62243E3600020C1E77C
S21402A9104D46294608F102000EF064FF0120B9E711
S21402A9204D46EDE74FF6FC78454512D103F00C0391
S21402A9300C2B1CD1DFB130464FF6FD7101F07CFCCA
S21402A94040F61F412046E160FFF73EFEFFF71AFF82
S21402A950DCE74FF6FD739D4209D1002330461946C7
S21402A9601A4602F0DBF84146304601F065FCE37910
S21402A97043F00C03E37140F62343C6E72058002059
S21402A980865F00206057002073B5044640880E4656
S21402A9900AF0DEFD02300EF023FF09F09EFB18B12E
S21402A9A0A11C201D09F09EFBE6B1E5790135EDB24A
S21402A9B0E57115F0400514D0ECF7D8FE01220546E5
S21402A9C000212046FFF742FF18B1394B1B882B4463
S21402A9D09DB2384B1B78042B01BF354B1B885B1985
S21402A9E09DB22580002231462046FFF72FFF20B376
S21402A9F060880AF0ADFDE2792F4922F00C03E3717C
S21402AA000B7805460133DBB20B70C3712B4BA61CC9
S21402AA101B780BB3E37998061ED52949097871B1DC
S21402AA2059060CD592070AD5002204231146304651
S21402AA300092FFF723F910B1E06002B070BD002269
S21402AA400123114630460092FFF718F920B1E37948
S21402AA5043F00303E371EFE7304609F041FB0028B9
S21402AA60EAD16088FCF7C0FA0328E6D8DFE800F0EF
S21402AA70020D1D19E37943F00403E3711B06DCD5CE
S21402AA80104B1A78104B1A70D7E740F62443E3604F
S21402AA90E37943F00803E3712B7803F07F032B700E
S21402AAA0CBE740F62543E360C7E740F62643FAE7DE
S21402AAB028690020C15F0020BE5F0020BC5F002026
S21402AAC0D0690020845F0020796000202DE9F74FCE
S21402AAD006460EF09BFD5F4B0546B3F800901880C5
S21402AAE05D4BA0EB09041B78A4B2A34298BF0023D7
S21402AAF04FF000084FF6FF7788BF1B1B564A88BFE9
S21402AB00DBB21370DFF864B1A9EB00030093534B7A
S21402AB105FFA88F2197891420ED80EB1FFF732FE2C
S21402AB204FF6FF739F4200F08E8039464C4803B0C2
S21402AB30BDE8F04F0EF024BBBBF80220002A3CD042
S21402AB40484B9BF807201878BBF800A0042818D0BA
S21402AB500020BAF1000F08BFA2462044504523D277
S21402AB60BBF80010009B1944ABF80010002E4ED024
S21402AB7002F04802482A4AD100215846FFF704FF4D
S21402AB8045E00192F8F704FC30F01003019ADFD199
S21402AB90FBF746FC344B019AB3F800C08445D7D97C
S21402ABA0ACEB000080B2D4E702F00C00042807D118
S21402ABB00022ABF800200BF1100B08F10108A6E703
S21402ABC0510602F0030C02F008000ED528B3BCF1C1
S21402ABD0030F25D1DEB1DBF80C105846002908BF5A
S21402ABE04FF44261FFF7F0FC11E040B3BCF1010FF5
S21402ABF025D11206EED44FF4C862ABF800209BF8BB
S21402AC00072022F0030242F002028BF80720BBF86C
S21402AC100020974228BF1746CDE703208445D9D2A5
S21402AC2013060ED50C4B1A780AEB0200844208DA99
S21402AC304A44521B0AEB0201ABF80010E7E7012078
S21402AC40ECE7012199E7064803B0BDE8F04FF8F7B4
S21402AC5025B800BF54590020796000207A60002091
S21402AC6094680020C15F002028690020D44100209B
S21402AC70F8B500250A4E0B4F3378ECB2A34204D83F
S21402AC80BDE8F8400848F7F719BD07EB0414A01C06
S21402AC90F7F714FD201DF7F711FD0135ECE700BFAD
S21402ACA07A600020D44100204A59002070B5002462
S21402ACB00B4D0C4E2B78A34208D81B1BDBB22B7015
S21402ACC06BB9BDE870400848F7F7E8BF06EB04101A
S21402ACD040F621410134FFF777FCE4B2EAE770BDA3
S21402ACE07A600020D441002094680020F8B5154E02
S21402ACF0DFF858E035789EF800E0134FAE454FEA8D
S21402AD00051C07EB051419D0002503F4835343EA08
S21402AD101323A1712272E371608027F80C50A5807C
S21402AD2003F0A8FB40F60243E36033786081013308
S21402AD3028463370FFF7CAFE2846F8BD40F60340A1
S21402AD40FBE700BF7A600020D4410020976900200C
S21402AD502DE9F04F344B0D461C78174685B05CB98A
S21402AD60B1F90680DFF8C890DFF8C8A0DFF8C8B0EF
S21402AD7099F80030A34202D805B0BDE8F08F0AEB7E
S21402AD800416B08800B9708801A90CF0E5FBAA7A0F
S21402AD909DF80E309A4244D1B8F1000F0FDA297AA4
S21402ADA09DF80C202B89914209D820480078084447
S21402ADB0824236DA521A1B0A1341D90731D538466F
S21402ADC00CF0B9FBBDF80A3004469A0602D5EB88A9
S21402ADD09B06D1D5F37903F00C03042B08D17088B7
S21402ADE0F9F786FD00237288194618460CF07AF8A1
S21402ADF000213046FFF7E8FBFFF7C4FC38460EF0AA
S21402AE00EFF8844208D2337A01228BF800302946C2
S21402AE100023384602F0AEFCB8F1000FACDA00248C
S21402AE20A6E70134E4B2A3E7786000209669002022
S21402AE307A600020D44100208260002008B50EF01F
S21402AE40E5FB074B1B88C01A80B2B0F5807F05D998
S21402AE50BDE80840002103480EF092B908BD00BFC5
S21402AE6054590020946800202DE9F04788B0044623
S21402AE700D460CF08AFA0146204603F083F910F0DC
S21402AE8003035FD110F00C0F06D12946204608B006
S21402AE90BDE8F047FFF79EBC20460AF05FFAC306FD
S21402AEA038D420460CF071FA0146204603F06AF9BF
S21402AEB0064620460AF04CFB804602300EF090FC16
S21402AEC005A9074620460CF047FB06F00C0698F844
S21402AED001300C2E0CBF4FF003094FF0060901217A
S21402AEE013F0010F204618BF4FF003090EF094F836
S21402AEF0174B80461B88A3420FD1B5FA85F040094E
S21402AF00FBF748FC20460AF057FA002201460720C3
S21402AF100EF02FFC08B0BDE8F08703F0ABFA8246CD
S21402AF2040460EF05DF8064640460EF03DF8F6B294
S21402AF3002903A4649462846CDE900A605AB08F0F7
S21402AF406DFCDFE7012BE5D110F00C0FE2D19CE798
S21402AF504A590020002210B5094B1C78094BD1B281
S21402AF608C4201D8002010BD197A814202D199790B
S21402AF70022902D010330132F1E70120F3E700BFC5
S21402AF807A600020D44100200146002210B5084B0A
S21402AF901C78084BD0B2844201D8002010BD187A23
S21402AFA0884202D198790128F8D010330132F1E7AD
S21402AFB07A600020D4410020002210B40A4B1C788C
S21402AFC00A4BD1B28C4203D85DF8044BFFF7DABBCA
S21402AFD0197A814205D19979012902BF0021198087
S21402AFE0598010330132ECE77A600020D441002009
S21402AFF0024B1878003818BF012070477A6000208C
S21402B000044B1B6813F0300F03D0202130200BF0C6
S21402B01044BD7047BC450020002310B504460849CD
S21402B0201A4601EA00414FF07F60FFF701F8E30796
S21402B03003D5002130200BF030FD002010BD00BFEC
S21402B04000007207044B5B8823F4784323F08D03D9
S21402B05003800020704700BFBC45002008B50022D0
S21402B0600346C3F80220C3F806200B4A02301268D1
S21402B070D1B212F0200F18BF41F0100119809307C9
S21402B08001D4FFF74DF8054B1B78023B032B8CBF10
S21402B0901720002008BD00BFBC450020C05F00206E
S21402B0A038B505460C46FDF7EDFB98B10E4B187801
S21402B0B078B10E4B1B681A040FD58CB113F0420FF1
S21402B0C000D17DB103F44073B3F5407F0CBF00207E
S21402B0D0232038BD40F60840FBE740F60B40F8E771
S21402B0E02046F6E72320F4E7BC5F0020BC4500209C
S21402B0F0F0B504468DB007A80D46164608F088FC43
S21402B1001022002103A8EFF797FB5CB1234603AC9D
S21402B11003F11007224618685968083303C2BB4277
S21402B1201446F7D1012703A986EA070307A88DF874
S21402B1301C708DF81D3008F0D6FD80EA070401A8C1
S21402B140E4B2EDF727F8B6B101A88DF80650EDF790
S21402B1504DF864B1002303A907A88DF81D3008F046
S21402B160D1FD0C4B1B78432B01D1F9F7DBF80A4BC8
S21402B1701D700DB0F0BD01A88DF80750EDF736F83A
S21402B180002CF6D003A907A88DF81D7008F0BAFDAA
S21402B190EFE700BFC05F0020BB5F0020F0B50125CF
S21402B1A093B007460DA80C4608F032FC05A90DA878
S21402B1B0ADF8345008F0C1FD01A8ECF7EBFF09A981
S21402B1C00DA88DF835509DF8066008F0B6FD0DA85E
S21402B1D09DF8075008F047FD70BB731BDBB2802B4F
S21402B1E028D91FB1A64225D0A54223D105A90DA86C
S21402B1F008F088FD03A8ECF7CDFF03A88DF80F60D2
S21402B200ECF7F4FF0122294609A8FFF771FF0AF0BE
S21402B2102AFD01214FF400700BF04FFEFDF71AFBDA
S21402B220B0F1004F01D9FDF71BFB044B187808F06C
S21402B2305BFB012013B0F0BD0020FBE7BB5F0020E4
S21402B24070B50E46144605460320FFF7B7F946F0DA
S21402B25004022946204608F0AFFD0022014B1A6080
S21402B26070BD00BFB8450020F0B587B00788054618
S21402B2701022002102A8EFF7DFFA3E4B1B78002BC4
S21402B28076D1BC055ED407F08403842B63D00022FB
S21402B290394C11461046FFF72BFF17F4045F276060
S21402B2A005F102061CD0B9040AD5304602F09CFA13
S21402B2B000284ED1236823F4005343F4807323609E
S21402B2C030460BF066FC002842D108F09FFB18B906
S21402B2D0236843F480332360236843F0200323600B
S21402B2E022680DF1060042F400432360FFF7AAFE2F
S21402B2F012F4805FBDF8063031D043F02003ADF87B
S21402B30006302168334611F0400218BF05F12302C9
S21402B3104FF07F60FEF78CFEBDF80630DA0703D5E5
S21402B320002130200BF0B9FB23689B0506D50122CD
S21402B33095F8221005F11200FFF7DAFE00200F4BF7
S21402B340186006E005F112000BF023FC00289AD0E4
S21402B350292007B0F0BDB80799D52320F9E723F0D6
S21402B3602003ADF80630FDF77BFAFEF775FCC8E75A
S21402B3700220EEE7C05F0020BC450020B845002052
S21402B380024B1868C0F30050704700BFBC4500204F
S21402B3902DE9F04F064689461046002189B015462B
S21402B3A0984602F0EFFE102807460AD86A4B034179
S21402B3B0DB0706D4C8F340049DB9002009B0BDE8F7
S21402B3C0F08F664B1C78002CF6D0FFF7D9FF0028CA
S21402B3D00CBF4FF4F0744FF4D074FC4004F0010438
S21402B3E0EAE74FF0000A18F0010F53465246294684
S21402B3F04FF00500CDF800A00CBF4FF0080B4FF43D
S21402B400027B06F089F90028D7D0C823324600937B
S21402B41059465346284602F0DDFEADF80E000028D7
S21402B420CBD018F0080A4AD14FF6F773A7F10F02ED
S21402B430D2B29E428CBF09230123012A01D843F0CF
S21402B4404003474A8DF810301378591C11708DF856
S21402B4501130002C4FD09DF81030052F43F02003FA
S21402B4608DF8103033D03F4B1D78002D5AD04FF652
S21402B470F77300259E424FF00F0248D9012304A914
S21402B4800DF10E00F7F75EFB002896D1002C4DD189
S21402B490BAF1000133463A4618BF0121BDF80E0044
S21402B4A0CDF8009008F023FEADF80E00002884D0F8
S21402B4B018F0040F4DD031460AF073FD7EE7494678
S21402B4C00DF10E000BF01EFD0028ADD175E701212F
S21402B4D0BDF80E000DF0A0FD012102F053FE01237F
S21402B4E0834013F0620F1CD11E4B1B78E3B14FF65C
S21402B4F0F7731825BEE71B4B25461B780222002B46
S21402B500BCD04FF6F7739E42B8D8052FB6D0BAF124
S21402B510000FB3D19DF8103043F040038DF8103081
S21402B520ACE710250F22A9E71825FBE7BAF1000FB2
S21402B5300AD002234A46009029460DF10E00FEF775
S21402B5409DFB0028A4D038E741235246CDF800A040
S21402B550F2E70AF00EFD31E79FFEFEFFBC5F002019
S21402B560BD5F0020B05F00202DE9DF431E46144B6E
S21402B57080461B680F469B0791460A9C1BD42046B2
S21402B58014B108F09EFDC0B20622CDE902403B4649
S21402B5900020CDE900890B490BF077FE024650B138
S21402B5A00021002E0CBF01230323084604B0BDE889
S21402B5B0D043FFF7EDBE002004B0BDE8D08300BF45
S21402B5C0BC450020223704002DE9F04F8DB081469D
S21402B5D08A461F4693469DF85C803AB903A8FEF752
S21402B5E09FFDB0BB00200DB0BDE8F08F15460022CF
S21402B5F02321104609F0C7FFADF80A000028F1D053
S21402B6000DF0D2FC0523044618F0100F00F8023B9A
S21402B610677020D011220021EFF70EF904F113060D
S21402B620032F4FF0080237D159463046EFF756F946
S21402B630C8F3801306F10905337208F03EFD0028B0
S21402B6403ED000232B706B700123033505F8013CB6
S21402B65036E003ADCBE7012610221699EFF73EF946
S21402B66006FA07F313F0620F02D104F11206D7E7C7
S21402B67007A808F0CDF905A88DF81C60ECF78AFD3E
S21402B6809DF8162018F0200F9DF8173008BF1346B5
S21402B69004F11306A374C3E751463046EFF71EF9CA
S21402B6A0012306F10802121B28460093BDF80A1071
S21402B6B0082392B20EF08DF9042F06F11005BCD0C5
S21402B6C02D1BA9B20DF10A000BF047FD002889D107
S21402B6D018F0040F0BD048460EF070F9FF281FBF73
S21402B6E0074A32F8103023F4804322F810304346DB
S21402B6F051464846BDF80A20FFF74AFE73E700BFE8
S21402B700EC58002070B5032690B08DF80760F7F766
S21402B710B3FB18B90224204610B070BD02AD28460D
S21402B720FEF7FEFC0028F5D01B4B1C6814F0020442
S21402B730F0D140F20F43194AADF82430136804A83A
S21402B740CDF826305368CDF82A3008F061F995E82E
S21402B750030005AB83E80300062304A88DF81D301A
S21402B7608DF81060ECF7B8FC01210DF12E020DF1F8
S21402B7700700ECF709FC22461A2109A809F003FF84
S21402B780024608B91924C6E7012329462046FFF7D0
S21402B790FFFD0028BFD1F5E7BC450020436000202E
S21402B7A02DE9F04F04460D46002191B01F2208A84D
S21402B7B09B460791EFF740F820460BF0E6FD014660
S21402B7C0204602F0DFFC8DF81100204609F0C0FE8C
S21402B7D09DF81130467899068146C6F34006204603
S21402B7E048BF46F002060BF0A6FE804620460DF045
S21402B7F0F7FB0022A0EB0803DBB2232B28BF232390
S21402B80000922146424607A80EF0E3F800283AD1F5
S21402B810A24B9DF81C701B789DF81DA0B3B3FFF7D2
S21402B820AFFD00280CBF4FF4F0734FF4D073FB400B
S21402B830DA072BD5B30729D4082F22D1BAF1040F81
S21402B84021D1FBF77FFBF0B9012342460093214644
S21402B85005200DF1110305F03CFFA0B1053F0D2FA9
S21402B86011D8DFE817F024001000AF01BC01C501B3
S21402B870100010001000100010001000CB01F9019B
S21402B880F901052F07D011B0BDE8F08F102F05D1B2
S21402B890BBF1000FF7D0FBF755FBD5E7FBF752FBE2
S21402B8A00028D1D0052FCFD0112FCDD0EBE7BAF19B
S21402B8B0050FE8D8204609F0AEFD029009F1020015
S21402B8C00DF08EFF82460DF11200FFF7BBFB01233F
S21402B8D09DF81D8003FA08F313F0620303932DD03C
S21402B8E0BDF812309D0722D5B407CCD5FBF72AFB4C
S21402B8F00DF11E000BF04DF9B8F1030F04469DF84A
S21402B9002EB02FD10DF12F0509F0B3FF824540F07E
S21402B9103181032EB7D19DF836100DF11E02003983
S21402B92018BF01210DF12E0008F0ECFBABE7FBF788
S21402B93009FB0028DCD1002EA5D0D9E7FBF702FBD5
S21402B94068B10DF11E000BF024F9B8F1030F04469E
S21402B9504FF0000B40F082800DF12E05D4E7002E4A
S21402B96091D0EEE74E4B1B6898072AD5FF22082196
S21402B9700DF1370009F00BFF814610BB0346014666
S21402B9800DF137020220FEF753FB09F072FF8245E3
S21402B9900DF137070DF12F0523D04FF6F7739A45B1
S21402B9A040F2ED8000220821284609F0F0FE002829
S21402B9B000F0E580002259460DF11E00FFF798FBC5
S21402B9C061E70DF137070DF12F0538460BF08DF8BC
S21402B9D0002848D009F04DFF824540F0CC804FF059
S21402B9E000092846F7F7D2FD002800F0C480B8F117
S21402B9F0010F5BD0B8F1040F7FF445AF0BF098F857
S21402BA0010B1032E7FF43FAF002C7FF43CAF3A46D2
S21402BA1002210DF11E00FFF713FC224B1B7863B1C7
S21402BA20FFF770FEFEF7C4FD022806D10120FEF7DE
S21402BA30B9FD01210846FEF741FC1B4B1B78022B81
S21402BA4020D10321384607F051FFFEF7B1FD01462B
S21402BA5000287FF418AFFEF731FC14E70DF1360725
S21402BA600DF12E05B1E7104B1B78432B7FF40BAF7D
S21402BA70B8F1010F7FF407AF09F0FBFE82457AD1D9
S21402BA80C146AEE7412B7FF4FEAE054B1B68590557
S21402BA907FF5F9AEF9F73EFEF5E600BFBC5F002083
S21402BAA0BC4500206A600020C05F00206C4D2B78E9
S21402BAB0022B22D02B78412B3FF4E5AE3CB9FBF7A4
S21402BAC041FA594602460DF11E00FFF711FBFBF73D
S21402BAD039FA00283FF4D7AE0BF02AF8614C98B139
S21402BAE023681B0502D42B78432B0DD1B0070BD449
S21402BAF040F61A40F9F70CF8C5E60BF019F80028DC
S21402BB00D8D0B207D6D4BEE6206810F0020002D122
S21402BB1002990BF0CCF92B78112B16D12368590514
S21402BB2013D50020FEF7E0FB044600287FF4ABAEF8
S21402BB300AF00DF940F61C40F8F7EAFF21462046C7
S21402BB40FEF7BCFBF8F7F0FF9DE6B20701D5FFF75C
S21402BB5057FAB9F1000F9DD007F058FF18B94FF405
S21402BB6080310AF09AFF00223F4B38461A600AF0EC
S21402BB70B3FF8FE70027039B002B7FF40EAF4FF631
S21402BB80FF73284605A9ADF8143009F065FE20B10A
S21402BB90284609F042FEADF814004FF6FF73BDF8D2
S21402BBA0140098423FF46FAE002C0CBF04231523FA
S21402BBB001930DF11E0300933A4643462946FFF7CA
S21402BBC003FD60E60DF11D00F7F7E0FC00283FF4E8
S21402BBD05AAE022229460020FAF79EFE53E6F307E3
S21402BBE07FF551AE3246284607A90BF08AF94AE697
S21402BBF09DF81D100120FFF7D1FA44E6184B1B787A
S21402BC00022B20D1002D7FF43EAE05A8FEF788FA5F
S21402BC1000283FF438AE154B1D709DF81D30002BE2
S21402BC2014BF64246524FEF7C3FC032806D1284605
S21402BC302946FEF743FB2846FEF7C0FC214605A828
S21402BC4007F054FE1FE6043B012BDBD9284608F01A
S21402BC5044FA0028D6D116E6204608F040FA12E644
S21402BC60C05F0020BC450020B84500206A60002066
S21402BC702DE9F34105460E46174698460AF058FF48
S21402BC80044640B101233A4631462846CDF80080A4
S21402BC90FFF76AFC04460AF04BFF30B1FFF770FB71
S21402BCA078B10A4B1B689B010BD400233A463146F7
S21402BCB02846CDF80080FFF757FC002C0CBF044640
S21402BCC0012404F0010002B0BDE8F081BC4500206A
S21402BCD070B58AB005A807F09BFE022301AA154696
S21402BCE08DF81430084B03F110061446186859688C
S21402BCF0083303C4B3422246F7D1294605A807F003
S21402BD00F2FF0AB070BD00BF0F840400014B187822
S21402BD10704700BFD1690020014B1888704700BFEA
S21402BD20506900204FF6FF732DE9F0439942804692
S21402BD300D4685B00BD000274FF6FD791C4EEBF76B
S21402BD401BFDFCB2A0420BD84FF6FF701DE0F7F7C2
S21402BD501DFC0028EFD005B0BDE8F04309F089BD10
S21402BD6036F814304B4517D8694620460AF016FFB7
S21402BD70082241460DF10500EFF7AAF84FF6FF73C9
S21402BD8060B99D4204D136F8140005B0BDE8F083D0
S21402BD9026F814500AF0DCFE0137D0E79D42FBD0AD
S21402BDA036F81430AB4208BF26F81490F4E700BF0A
S21402BDB0205800202DE9FF4706460F4600254FF67D
S21402BDC0FD79DFF83C80DFF83CA0EBF7D5FCECB25F
S21402BDD0A04202D804B0BDE8F08738F814304B45CC
S21402BDE00CD8694620460AF0D9FE082231460DF1E3
S21402BDF00500EFF76DF808B90AF804700135E4E7B4
S21402BE0020580020865F0020014B33F81000704750
S21402BE1020580020F0B5064600250D4F85B0EBF7FA
S21402BE20ABFCECB2A04201D805B0F0BD37F8143036
S21402BE30B3420BD1694620460AF0ECFE9DF800306C
S21402BE40022B1CBF4FF6FD7327F814300135E6E7C8
S21402BE502058002030B585B004460D46EBF78CFC22
S21402BE60A0420FD9084B33F814204FF6FD739A42BE
S21402BE7008D8694620460AF0CDFE29460DF105008F
S21402BE80FFF750FF05B030BD2058002030B585B012
S21402BE900446EBF771FCA04219D92046FFF75AF880
S21402BEA00546B0B9694620460AF078FE9DF800308D
S21402BEB02BB1694620468DF800500AF08DFE4FF6EB
S21402BEC0FF720020044B23F8142005B030BD282052
S21402BED0FBE740F60440F8E7205800202DE9F04141
S21402BEE00B7805460E461BB9BDE8F041FFF7CEBFFC
S21402BEF0EBF742FCA84231D92846FFF72BF878BB6D
S21402BF00374617F8058B4FF6FF713846FFF70AFFDC
S21402BF100446384600F01EFAB0FA80F04009B8F13E
S21402BF20000F15D0B8F1030F15D04FF6FF724FF67B
S21402BF30FD73944208BF1C460B4B314623F815404E
S21402BF400A4B585528460AF047FE0020BDE8F08105
S21402BF504FF6FF74F0E74FF6FE74EDE72820F5E79C
S21402BF6040F60440F2E700BF20580020865F00201B
S21402BF702DE9FF410D4604464FF6FE780F4F0E0A96
S21402BF80EBF7FAFBA04204D8FF24204604B0BDE833
S21402BF90F08137F8143043450CD1694620460AF042
S21402BFA0FDFD9DF80520EBB29A4203D19DF80630BE
S21402BFB0B342EAD00134E4B2E2E700BF20580020E0
S21402BFC02DE9F04F0C461746984600254FF6FD7BA6
S21402BFD087B09DF840A0DFF85C900190EBF7CCFBB1
S21402BFE0EEB2B04201D8FF2616E039F816205A45BE
S21402BFF01ED8304602A90AF0D1FD3FB99DF80920A5
S21402C000424515D19DF80C20524511D144B939F854
S21402C0101620019B9A420BD1304607B0BDE8F08F3E
S21402C020082220460DF10D01EEF752FF0028F3D04C
S21402C0300135D3E72058002010B514460AF0AEFDAD
S21402C0402046BDE8104008220149EEF747BC00BF73
S21402C050436000202DE9FF4707461546084608229A
S21402C06024491E46EEF734FF044600283FD14FF619
S21402C070FF7ADFF88490EBF77FFB5FFA84F880455F
S21402C0800BD385B3384605F0E6FB01250C9B1870EA
S21402C0900120357004B0BDE8F08739F818305345F2
S21402C0A01FD0694640460AF079FD7A789DF801303D
S21402C0B09A4216D17A88BDF802309A4211D13A795C
S21402C0C09DF804309A420CD108220DF10501781D24
S21402C0D0EEF7FEFE28B9002DD7D1404605F0D6FB76
S21402C0E0D3E70134C7E7FF2005F0D0FBCEE70020F8
S21402C0F0D0E700BF4360002020580020F0B500259E
S21402C100154E164F85B0EBF737FBECB2A04201D8BE
S21402C11005B0F0BD694620460AF040FD9DF80030A5
S21402C120032B06D90023694620468DF800300AF014
S21402C13053FD9DF8002062B14FF6FD734FF6FE7177
S21402C140032A08BF0B4626F81430002301353B5558
S21402C150D9E74FF6FF73F6E720580020865F0020E7
S21402C160F8B50E4604464FF6FF770C4B0C4D1B787F
S21402C17003EB430305EB8305A54202D800242046C1
S21402C180F8BD2388BB4206D008223146A01CEEF733
S21402C1909FFE0028F3D00C34EEE700BF986900201B
S21402C1A060570020044BFF211A78044802EB420233
S21402C1B09200EEF741BB00BF98690020605700204E
S21402C1C0F8B504460C4B0D461B781046A3420DD913
S21402C1D00C27022117FB04117C43084E0822314427
S21402C1E0EEF77CFB335B00202B80F8BD0023136048
S21402C1F053604FF6FF73F6E79869002060570020F9
S21402C20038B504464FF6FD75FFF704FE0022084BCC
S21402C2101878084BD1B2884200D838BD33F80C1CC7
S21402C2200132A14208BF23F80C5C0C33F2E700BFD0
S21402C230986900206C57002070B505460E460846E1
S21402C240FFF7DEFF31462846FFF76CFD2946064813
S21402C250FFF786FF00B970BD044624F80C6B0AF09F
S21402C26077FC29462046F3E76057002010B50822DF
S21402C27086B023490446EEF72BFE20B906B0BDE889
S21402C280104009F0F6BA082220461E49EEF720FEB4
S21402C29020B91D4BB3F8680006B010BD002301227A
S21402C2A021464FF6FF700093FFF78AFEFF2806D05E
S21402C2B0164B33F810004FF6FB739842ECD903A8DE
S21402C2C0FEF7CCFE58B9BDF80C305B0607D508223F
S21402C2D021460DF10E00EEF7FBFD0028DCD02146CC
S21402C2E00B48FFF73DFF40B14FF6FB724FF6FF7368
S21402C2F00088904288BF1846CEE74FF6FF70CBE71D
S21402C30043600020A65300203C5300202058002003
S21402C3106057002070B5002204464FF6FB760846AA
S21402C3200A4B1D780A4BD1B28D4201D8002009E093
S21402C3301988B14207D8A14205D10822991CEEF706
S21402C340CDFA012070BD0C330132ECE7986900206B
S21402C3506057002037B5014605460E48FFF700FF36
S21402C360044640B1807A29460AF078FC80F0010043
S21402C370C0B203B030BD03460090012229464FF6F4
S21402C380FF70FFF71DFEFF2816BF034B2046185C02
S21402C390E9E700BF60570020865F00202DE9F341E1
S21402C3A0224B04461B780F468342154638D9FEF7C1
S21402C3B0EBFDB8BB4FF6FD739D421D4E0ED004EB4F
S21402C3C0440326F823504FF6FF739D421FD12046A2
S21402C3D0FEF7F2FD002002B0BDE8F0810DF1060185
S21402C3E0384609F039FA4FF6FF72BDF8063038467D
S21402C3F0934218BF1D460C236343F55206EB03080F
S21402C400FFF7A8FFB0FA80F0400988F80A000C236C
S21402C41003FB0460082239460230EEF75FFAD9E7DA
S21402C4202820D8E740F60540D5E700BF98690020E7
S21402C4306057002038B504460D46FFF7BBFC214680
S21402C4400448FFF78DFE00B938BD857221460C30D0
S21402C450F7E700BF605700200023074A1370074A19
S21402C4601370074A118801B11380064B1A880AB165
S21402C47000221A80704700BF7C6000207B6000208C
S21402C4805A590020585900202DE9F04F3C4C1D46C1
S21402C490238887B00746884610469DF840605BB9F9
S21402C4A052B10AF073FE20804FF4FA61354807B0A5
S21402C4B0BDE8F04F0CF064BEDFF8D890B9F8004043
S21402C4C0002C49D020460CF08BFDC0F347062046D0
S21402C4D00CF06AFDDFF8C0A00296BAF80030DFF86A
S21402C4E0BCB00193BBF800300446009300222B46F2
S21402C4F0012025490AF0C9FEADF81600E8B101256B
S21402C50004EB4606B4420DD1BDB9BDF81630A3B150
S21402C5102A464146384600F06FF9ABF80050AAF8B2
S21402C52000500AE0012321461A460DF11600F6F7DE
S21402C53009FB023405460028E4D00023134AA9F872
S21402C54000301378013BDBB21370002BACD107B07E
S21402C550BDE8F04FFFF780BF0D4C237823B90CF0EF
S21402C5604DFF08B901232370324629460520F7F706
S21402C5700DFA0028EBD1207007B0BDE8F08F00BF9F
S21402C5805A590020B4680020283704007C60002036
S21402C5907B60002058590020F4580020F6580020EE
S21402C5A030B5154D87B02C889CB923464FF4A0723F
S21402C5B048F2380103A80AF02DFC21462046FAF775
S21402C5C0E3FA22460D4B009403A9FFF75DFF07B07E
S21402C5D030BD204608F0BCFF04300DF001F903A977
S21402C5E0044628880AF0B8FF0023009320462A88CB
S21402C5F003A900F0AFFAEAE75A59002000F8FF074D
S21402C60037B5002001A9FAF7BFFA0D4C0146237888
S21402C6100C4D7BB10C4B019A1878FAF7CBFA2078BE
S21402C620F8F74CFC002323702B700848F6F736FB0D
S21402C63003B030BD2B78002BF7D0FFF7B1FFF4E73D
S21402C6407E6000207C6000207D600020B4680020B0
S21402C65008B50548F6F732F80448F6F72FF8BDE8AD
S21402C66008400348F6F72AB85A59002058590020BD
S21402C670565900202DE9F04F89B089460446CDE987
S21402C68005239DF84870139E30B316F801ABBAF135
S21402C690000F23D00AF1FF34A400E4B23146012091
S21402C6A007F063FDC00E1BD1DFF838B1314601201A
S21402C6B007F05BFD9BF8005034442279BDB1002F91
S21402C6C047D180234846CDE90277CDE900773E4A36
S21402C6D0059900F091F83CE08246DFE75446DDE734
S21402C6E01B28ECD93146012007F03FFDE7E7DFF8CB
S21402C6F0F880FF2A00EA08080BD14246E379A179BE
S21402C700607901EB032189B209B0BDE8F04FFAF770
S21402C71051BA2E4909688B070AD5FE2A35D101235C
S21402C7200135EDB2202D4FEA43030AD1FF250AE078
S21402C730294628460792FAF727FA4845BFD1079AAC
S21402C740EBE79845ECD1224B1B78FF2B04D0AB428B
S21402C75004D009B0BDE8F08FFF2DFAD0294600209C
S21402C760F4F7B2FF0028F4D09BF800306479002B6F
S21402C770EFD1FFF771FE17484FF410510CF000FD91
S21402C780154B8BF800501C70E3E7052A97D8BAF1D0
S21402C790010F94D8B8F1000F91D0002FD9D1737938
S21402C7A0002BD6D00D49098821B9082B28BF0823AB
S21402C7B00B490B70434648461292DDE9051209B052
S21402C7C0BDE8F04FFFF760BE28370400BC450020E6
S21402C7D0D2690020B46800207D6000205A590020EB
S21402C7E07C6000207E60002000F8FF07014B188066
S21402C7F0FFF7D6BE585900200CB42DE9F04F8BB087
S21402C80014AA0E4652F8041B07460992002940F065
S21402C8108F80BDF85400ADF82200002800F0A180F9
S21402C82033794FF6F778002B40F0868047458CBF69
S21402C8304FF009084FF008084C4B1C78FF2C40F0CC
S21402C8408380B6F90230002BA9BF494B347A1C7894
S21402C8500134A2BFE4B21C7044F08004DFF81CB1BD
S21402C8602246002101F0A2FC9BF80030BDF822000F
S21402C870002B6CD0DFF808A14FF00009BAF80030A0
S21402C88007930CF0ADFB0546BDF822000CF08CFBBE
S21402C890EBB2CDE90193FF23CDE9030900932246CB
S21402C8A0334639460798FCF7B5FB4FF6FF73054645
S21402C8B08BF80090AAF80030382D33D1324639462C
S21402C8C040460DF1220307F010FC00284BD04FF62D
S21402C8D0F7739F4226D8B6F902307088002B21DA09
S21402C8E048F204022349244B4FF00008904214BF3A
S21402C8F08946994608F0BDFF494603468A2201202A
S21402C900CDF800800AF0C1FC814658B12246414665
S21402C91001F04CFCFF23324639464046CDE90098EA
S21402C920FCF7DAF928460BB0BDE8F04F02B07047C4
S21402C93001200AF087FC6EE7002347458CBF4FF0C4
S21402C94006089846337177E7FF221A7086E7CDE924
S21402C95000033246FF2339464046FCF7BDF905463A
S21402C960AAE71925DEE70546DCE700BFD469002002
S21402C97080600020393704002E3704007F600020D4
S21402C9805C59002070B54FF4003300240546164665
S21402C99088B0ADF81A100DF10F0204A90593ADF890
S21402C9A01840ADF81C4004948DF80F4007F07CFB4D
S21402C9B09DF80F3028460193049B044A009305A96C
S21402C9C03346FFF719FF08B070BD00BF32370400C8
S21402C9D030B54FF48035002487B00395BDF8285053
S21402C9E0CDE900128DF81030074A034603A9BDF8B8
S21402C9F02C008DF81140ADF81250ADF81440FFF738
S21402CA00FBFE07B030BD00BF3E370400B1F1006F39
S21402CA102DE9F04314462CBF392238228BB01D462E
S21402CA204FF00003ADF81E204FF480022CBF4FF0EB
S21402CA3001099946FF2C0646ADF81C300892ADF85F
S21402CA4024304FEA11471FFA81F80FD109F022FA73
S21402CA50B9F1000F19D1154ACDE902054346304611
S21402CA60CDE9007407A9FFF7C7FE1AE0FE2C0AD12B
S21402CA7009F010FA0130C0B209F017FAB9F1000F46
S21402CA8012D00B4A02E0E8B2F8E70A4ACDE90305FB
S21402CA9001233046CDE90174CDF8008007A9FFF7DF
S21402CAA0ABFE0BB0BDE8F083034AD5E73637040089
S21402CAB03C370400353704003D3704004FF4981223
S21402CAC04FF0806310B586B0CDE903230023ADF89E
S21402CAD0143008F0CEFE0446F8F796FA054B01909D
S21402CAE00093054A234603A94FF6FD70FFF784FE1E
S21402CAF006B010BD436000204237040008B5064B5E
S21402CB001B78022B02D0043B012B03D8FFF7D6FF7B
S21402CB10002008BD0220FCE7C05F002030B50024DC
S21402CB204FF4806587B0CDE900128DF81030084AC0
S21402CB30034603A94FF6FD708DF811400394ADF835
S21402CB401250ADF81440FFF757FE07B030BD00BFD5
S21402CB50463704002DE9F04F99B00E4605460CA95B
S21402CB601046CDE90A329DF888700AF0B2F8BDF890
S21402CB703090804648460CF033FAB6F90230044646
S21402CB80002BB6F806A0B6F802B004DA00228D4BE7
S21402CB901A70002049E048460CF022FA4045F5D3C8
S21402CBA0A4EB0804E3B2002F18BF4FF4A07A152BAB
S21402CBB0099328BF15230024013308F1FF324946A2
S21402CBC0DBB292B2009412A80CF003FF6FEA4B435A
S21402CBD06FEA53437C499DF8482008684968ADF8D7
S21402CBE03E300DAB03C3ADF84040ADF83C40ADF867
S21402CBF042A0ADF84420BBF1000F24D10DF149004C
S21402CC00F6F7C4FCA0B108F034FE5C4680460DF18F
S21402CC1051060DF149030A9A96F80090012A2CD182
S21402CC204FB384F0010404F0010019B0BDE8F08FA0
S21402CC300DF149000AF05CF94FF6FF74011B4C42F5
S21402CC4080464C41E3E7BBF1010F57D1BDF849805E
S21402CC5008F00FFE80450AD040460DA90AF04BF9AF
S21402CC6080F00104E4B20DF14B060DABD3E7574B4F
S21402CC700DF14B06CFE70A9CD5E75FB344BBB9F18B
S21402CC80010F25D830D108F0F4FD08F0F2FD224657
S21402CC90804671784D4B029100210120CDE900813A
S21402CCA04B490AF0F2FAADF8320088B124BBB9F16A
S21402CCB0010F0CBF0D210C210DF132000AF04DFAC6
S21402CCC0024628B92846BDF832300FA9FFF794FD70
S21402CCD00120AAE7B9F1010F04D1002CD3D081229A
S21402CCE07178D8E7002CFAD1B9F1010F94BF00226F
S21402CCF001227178D201CEE70C21DDE70A9B002BD8
S21402CD007FF447AF7388342B4BD1099B092B7FF4F2
S21402CD1040AF002F7FF43DAF9DF951603A46B41004
S21402CD2008210DF1490004F0200408F030FDA0B1FE
S21402CD30284B1B78012B3FF42CAF274A274BB2F81F
S21402CD4068201B68AA421DD0DA001BD5C8232846D5
S21402CD50234A0FA9FFF750FD1BE70DF14900F6F72E
S21402CD6015FC0028E4D10DF149000AF0C1F84FF68F
S21402CD70FF739842EAD02146F9F778FE0346002868
S21402CD80E4D1E4E75B0201D5002E08DA0023284648
S21402CD90134A0FA9FFF730FD124B1C70F9E68D23DC
S21402CDA0D5E7099BCDE905A204930DF14903CDE928
S21402CDB0028331462846CDE900790B9B0FAA00F084
S21402CDC03DF8E6E674600020A8BF0300436000203A
S21402CDD04A370400C15F00203C530020BC450020B7
S21402CDE092EC0300D3690020024B187840F08000D2
S21402CDF0704700BF80600020014B188000207047FB
S21402CE00586900204FF6FF71034602881B798A4252
S21402CE1017BF074901200A8041881EBF054A002025
S21402CE201180FF2B1EBF044A00201370704700BFFC
S21402CE305469002052690020816000202DE9F04FDD
S21402CE40A1B09946BDF8AC302D9F0D939DF8B03039
S21402CE5004460E93BDF8BC3038460F939DF8C0309A
S21402CE604E88884615469DF8A8B010930CF0B8FC7C
S21402CE70112E824671D808F0FCFC504576D0062E5C
S21402CE8010D14FF6FD72924526D0BBF1000F10D19D
S21402CE9000228023CDE900A229462046BC4AFFF79D
S21402CEA0ABFC06E0BBF1000F03D1032E07D8012E20
S21402CEB009D80022B74B1A7021B0BDE8F08F043EA5
S21402CEC0022EF6D8E4E7802329462046B24ACDF859
S21402CED000A0FFF791FCECE7B04B1B785E074CD442
S21402CEE008F0C7FC0026034632460120A8490096F1
S21402CEF00AF0CBF93B79ADF866000F930028DBD039
S21402CF00DDE90E320D9803EB42090CF069F85FFA80
S21402CF1089F909F105085FFA88F88045CCD24146BE
S21402CF200D9801F02FF9109008EB40080D980CF0C0
S21402CF3057F88045C0DADDE90F321343DBB2002B27
S21402CF4040F03482BBF1000FB6D1D84642460421E7
S21402CF50BDF8660001F02AF974E1904A3A2E12787A
S21402CF6012D948F23B039E4207D013E08B4A12784E
S21402CF7050070BD5321F022A08D8B8F8063043F4F9
S21402CF808043A8F8063097E71B2E1DD8B21E91B232
S21402CF9013295FD9109B494602930F9B3046CDE971
S21402CFA000B30E9A234607F086F80F2884D1012292
S21402CFB0784B1A70794B1B789B0740F12783BBF19D
S21402CFC0000F7FF479AFD8E7A6F11C011E29E1D83D
S21402CFD001A050F821F000BF23D6020095CF020030
S21402CFE095CF0200B9CE020095CF020011D40200FE
S21402CFF011D4020095CF020095CF020095CF020011
S21402D00095CF020095CF020095CF020095CF020081
S21402D01095CF020095CF020095CF020095CF020071
S21402D02095CF020095CF020095CF020043D40200AE
S21402D03043D40200F5D5020095CF020095CF020038
S21402D04017D6020095CF020073D6020089D60200D8
S21402D05097D60200132A9DD801A151F822F000BFEC
S21402D060B1D0020041D102005FD1020077D20200A5
S21402D070E1CE020095CF020095CF020095CF0200C6
S21402D08095CF020095CF020095CF020095CF020001
S21402D09095CF020095CF020095CF020095CF0200F1
S21402D0A095CF0200BBD3020095CF02004FD60200F6
S21402D0B000231A938DF866300DF1660322460E9908
S21402D0C0484600931AAB06F0F0FF08F0D2FB06467D
S21402D0D0EAF75EFB162894BF4FF002094FF02209CA
S21402D0E0F7F792FF2E4B0746B3F800A0FBF7EAFDD0
S21402D0F02C4B80464FF6FF70B3F800B009F0B0FE36
S21402D100294B9DF866201988244B1B7813F00203DE
S21402D1101CBF264B1B780B921A9ACDE90701CDE964
S21402D120093240232946CDE9019320460023CDE962
S21402D130058BCDE9037A1E4A0096FFF75DFBBBE638
S21402D14008F097FB1B4B1C4A1B88CDE92A030023D9
S21402D1502946204621B0BDE8F04FFFF74DBBBE780A
S21402D1601AA9731EDBB2EF2B304627D9F22E25D032
S21402D17005F0CBFA822608F07CFB00232946CDE98F
S21402D1800003034A33462046FFF736FB94E600BF09
S21402D1902E3704007460002039370400815F0020B7
S21402D1A058690020546900205269002081600020DE
S21402D1B050370400566900205D37040005F0A5FAD2
S21402D1C0002856D008F055FB9DF86C209DF86E108E
S21402D1D00492BDF86A2049000392BDF86820C9B2DD
S21402D1E0CDE901629DF86D2003465200D2B20832A4
S21402D1F00A44009201200022C6490AF046F89DF829
S21402D2006D30ADF866008DF8633000283FF454AEFA
S21402D2104FF0000801230DF163011A460DF1660076
S21402D220F5F790FC074600287FF446AE9DF863307B
S21402D230FAB293420CD89DF86E308DF86330B8F18E
S21402D240000F02D0BDF8663036E04FF00108E1E785
S21402D2504146304605F05BFA0123ADF8640002222F
S21402D26019A90DF16600F5F76DFC01370028DDD02F
S21402D27022E683267FE708F0FCFA064605F066FA01
S21402D2803346009000220120A34909F0FEFF002841
S21402D2903FF412AE00273E46ADF8680005F056FA97
S21402D2A05FFA87F840450DD832460421BDF868007B
S21402D2B000F07CFFBDF86830002229462046FFF7C2
S21402D2C09BFAF9E5404605F01EFAFF288DF866003F
S21402D2D00BD0012301361A460DF166011AA8F6B2E2
S21402D2E0F5F730FC00287FF4E7AD0137D6E7504665
S21402D2F0B7F8029005F007FAFF288DF8640000F0F0
S21402D300E2811AA905F001FABDF868304B4507D04C
S21402D3104FF6FF72914540F0D681190400F1D38191
S21402D3209DF86D3012930E9B0533DBB213930F9B61
S21402D330149300234FF0000911934B4613E0179302
S21402D3404900139BC9B219440D9889B209F040FFEF
S21402D3504FF0000A179B159012995FFA8AF28A42DA
S21402D36016D309F10109149A5FFA89F19142E6D3BC
S21402D3709DF86E201292169A1392002B40F0958119
S21402D380119B002B40F09F81109B14930123D1E741
S21402D39011999DF86400179305F0B9F9159A179B31
S21402D3A00AF1010A824208BF0123D5E709F10609FC
S21402D3B05FFA89F3B046169386E1BD1C29465046AD
S21402D3C0BC7A06F0FBF901222946504608F0F7FE21
S21402D3D0504609F059FD284609F08AFD3A888242ED
S21402D3E007D04FF6FF72904203D00CF0E7FA09F02E
S21402D3F06BFD84F00804C4F3C00421462846FFF7F8
S21402D40019F82146284621B0BDE8F04F06F07CBE4A
S21402D410BBF1000F7FF450AD12073FF5AEAD3346B9
S21402D4203A462946204601F08FF900287FF444AD9B
S21402D430842329462046394A21B0BDE8F04FFFF73B
S21402D440DBB90F9897F8008009F0C6FA0021074664
S21402D450204601F0E3FC312EA7EB0007FFB240F0B6
S21402D460D5804FF0000A012053465246CDE9008A85
S21402D4702B4909F00AFFADF8660000283FF41CAD00
S21402D480162251461AA8EDF7D7F91AA808F07AFC20
S21402D4904FF0FF33DFF894B0CDE91C339BF80090D1
S21402D4A0B9F1000F02D14FF0010A55E01D4E337953
S21402D4B06F2B02D90026324625E050461CA9F6F705
S21402D4C03DFF0028F6D0184BB6F80090B3F8683047
S21402D4D0B9F1000F2CD1003B18BF01235B0143F0CA
S21402D4E004038DF87A3002238DF87B3073881B0A8A
S21402D4F049461EA88DF87D300CF074F9B8F1000F7D
S21402D50065D0002601220221BDF8660000F04EFE1C
S21402D51032461CE5613704002E37040092EC030005
S21402D52069370400B85800203C530020BA5F002038
S21402D530B3EB090318BF01235B0143F005038DF823
S21402D5407A3002238DF87B300F238DF87C30CDE7BE
S21402D5500AF1010A5FFA8AFA0AF1FF36F6B2304693
S21402D5600CF032FAC307F3D59BF8003019EB030F21
S21402D57004D009F101095FFA89F9E9E7584B1CA9B9
S21402D58018783044C0B2F6F7D9FE002892D030465A
S21402D59009F0ABFC814630460CF016FAC0070FD4F1
S21402D5A016238DF87A304F4B1B780133DBB20F2BE4
S21402D5B028BF0F238DF87C304B4B33F8163096E796
S21402D5C030460CF001FA8107EAD41223E9E7BDF8E7
S21402D5D066000BF005FD1630B84292DC01231622D7
S21402D5E01AA90DF16600F5F7ADFA00287FF464ACCF
S21402D5F0012660E712073FF5C0AC3B4622462946A5
S21402D6000F9801F0F9F800287FF456ACBBF1000F32
S21402D6107FF452AC0CE7BBF1000F7FF44DAC8023D5
S21402D62007E708F026F950457FF446ACB81CF5F734
S21402D630ADFF00283FF440AC08F01BF9064608F0A0
S21402D64018F92A4B2A4ACDE92A03334680E538469A
S21402D6500CF0C6F809F004FC00283FF42DAC2A9022
S21402D660002329462046234A21B0BDE8F04FFFF7A3
S21402D670C3B84B462A4621460020CDE92AB721B038
S21402D680BDE8F04FFEF7F6BF4B462A46214601207C
S21402D690CDE92AB7F3E75B464A46294620462A974B
S21402D6A021B0BDE8F04F06F034BD012319A91A4691
S21402D6B00DF16600F5F746FA00287FF4FDAB08F197
S21402D6C001085FFA88F8013605F040F85FFA86FA34
S21402D6D050453FF60CAEB8F1000F3FF433AC35E4DC
S21402D6E09E69002069600020EA58002043600020FE
S21402D6F06E37040039370400F8B5164B04461D8809
S21402D700154B20F8025B196879B10822EDF7E6F8A6
S21402D710124B0C201B78124EA372124B1978002360
S21402D720DAB2914205D8FF2209E0C4F8021041603D
S21402D730EEE7013300FB03F7F75BAF42F0D10A4B8B
S21402D740E2721B782373094B1B786373084B1B68C2
S21402D7502361F8BD6A5900205854002082600020D8
S21402D76054570020986900206660002065600020FB
S21402D77044540020F0B589B006460C46154609F01A
S21402D780DAFE0DF10A020146304609F08BFD144F0F
S21402D7900346F0B901223A702288BDF80A102AB16F
S21402D7A002460090072003F094FF90B103A8FFF70B
S21402D7B0A3FFBDF80A000BF013FC0646BDF80A00EC
S21402D7C00BF0F2FB21460090F3B2284603AA06F0BD
S21402D7D01FF80023034A3B70136009B0F0BD00BF78
S21402D7E08360002058540020142230B58BB00546C2
S21402D7F00DEB02011548DEF76DFC10BBBDF81430C8
S21402D800DA0720D413F0060FC3F3410208BFC3F3AE
S21402D81041220F4B0DF116019C5C68462246EDF73D
S21402D8209BF9BDF8263004F128026A4402F8283C27
S21402D83002341B0A02F8273C69462A46E0B208F080
S21402D840AFFE0BB030BD2320FBE700BF703214E002
S21402D8502784040010B58AB0ADF826200022CDE950
S21402D860052204920CAA02924FF6FF720446AC21DD
S21402D87001200192064A039004FB012260320092C4
S21402D8804CF620010DF1260209F03EFB0AB010BD4F
S21402D8903C53002010B54FF6FF741E4A8AB0B2F809
S21402D8A06800B2F85E10A042ADF82600B2F85C300E
S21402D8B04FF6FD70ADF8241018D081424FF00000EC
S21402D8C094BF48F660014CF66001CDE90500CDE94B
S21402D8D00300CDE9010094BF09AA603200920DF15F
S21402D8E02602042009F010FB0AB010BD81424FF058
S21402D8F000008CBF603209AA00928CBF4CF66041D1
S21402D90048F66041CDE90500CDE90300CDE9010006
S21402D910014AE6E73C530020A653002000B50E4B12
S21402D9200022B3F85E308BB0ADF824304FF6FF73AA
S21402D930CDE90522CDE90322CDE9012209AA00920A
S21402D9404FF400610DF126020720ADF8263009F0EB
S21402D950DBFA0BB05DF804FB3C530020202A10B51E
S21402D960144614D8012A04D10C88B4F5004418BF12
S21402D9700124620030B10748ECF7B0FF064B0020E6
S21402D9801C7010BD0548ECF7A9FF054BF7E72120F0
S21402D990F7E700BF6C59002084600020AC590020D5
S21402D9A0856000202DE9F047104617460BF018FF59
S21402D9B0DFF814A1DFF814919AF8003099F80020E5
S21402D9C00546134302D10020BDE8F08710F44068F4
S21402D9D000F0400619D186BBB0F5804F5CD24FF4FA
S21402D9E0807400239AF80000344AD9B288425DD87F
S21402D9F0002399F80000324AD9B28842E3D932F8B5
S21402DA00021B0133A142F7D155E0F81C0BF0E8FEE9
S21402DA104FF6FF73984214BF0124022486B10526EE
S21402DA2005F44043B3F5004F44F0080424D0B5F59E
S21402DA30804F23D244F4807420E044460326EFE766
S21402DA40B5F5804F4FF00506F4D3B8F5406F14BF16
S21402DA5002200820304438440BF0C2FE194B05F46D
S21402DA604045B3F85C3083420CBF44F0080444F0EF
S21402DA700404B5F5004F01D144F08004B8F5006FF8
S21402DA800ED1B8190BF0ACFE0E4BB3F85E308342E3
S21402DA90A7D144F01004A4E7444603260220D9E79F
S21402DAA0B8F5406F08BF44F020049AE732F8021B2C
S21402DAB00133A14299D1012086E700BFAC5900206C
S21402DAC06C5900203C5300208560002084600020B2
S21402DAD02DE9F04F104685B0164698460BF080FEAC
S21402DAE05D4F00F00803B7F85C10044600F0070923
S21402DAF0F01C02930391B7F85EB00BF071FE06F1CC
S21402DB00050A054650460BF06BFE03464FF6FF70BD
S21402DB10854218D00399A1EB050CDCF1000545EB14
S21402DB200C056D004FF6FF718B420ED145F00405D1
S21402DB300BF064FC029B6BB1B9F1000F11D04220CE
S21402DB4005B0BDE8F08F0125ECE79B4508BF45F020
S21402DB500805EDE7B9F1030FF1D8DFE809F0021B7B
S21402DB60795D0BF04BFC08B9A807E8D524F0080449
S21402DB70A4B2B4F5004F05D0B4F5624F02D0B4F5A6
S21402DB80404FDCD10025294697F8A820002007F050
S21402DB90BDFC3CE0D7F88030E3B9002132460846A7
S21402DBA0FFF700FFD8B948F6410224F038039BB2CB
S21402DBB09342C4D10A2D49D0062DC0D197F87730AA
S21402DBC0023B012BBBD8F3F745FD0028B7D140F640
S21402DBD0040505E04146304698470028DDD0082572
S21402DBE0E20648BF45F08005A30648BF45F48055C7
S21402DBF005F00C03042BC6D1F01D0BF0F1FD97F8CF
S21402DC00A8303246009341462B4607F054FC08B330
S21402DC100E9B1880002093E7A90705D14FF6FF73E5
S21402DC20B7F85C209A428AD104F44063B3F5006FD9
S21402DC300AD0B3F5406F82D1082250460749EDF765
S21402DC4047F900287FF47BAF0C25C9E70425C7E710
S21402DC50432075E7192073E73C5300209C530020AD
S21402DC60034B1A781AB1FF2A04BF00221A707047B3
S21402DC708760002070B5084C084E2378F55C1DB10D
S21402DC803E2107480BF0CEFCFF2223782846F254AA
S21402DC900023237070BD00BF8660002087600020CE
S21402DCA072370400034B044A1B78D05CFF3818BF57
S21402DCB00120704786600020876000200023074A04
S21402DCC007491360074A1360074A1360074A116040
S21402DCD00121074A1170074A1360704768540020F2
S21402DCE0937003006454002060540020D46800201F
S21402DCF0D5690020705400200E2A70B50C460646E0
S21402DD001546194603D9FFF7D9FF502070BD0128E2
S21402DD1007D10020F3F7B8FCB0B1FFF7CFFF212000
S21402DD20F4E780220021224B1A70224B1960224B04
S21402DD301B684BB134200BF0ABF9204B188018B996
S21402DD40FFF7BCFF0120E1E724F0FF6323F4FF2383
S21402DD501BB1FFF7B3FF4F20D8E774B92046F3F79D
S21402DD60ADFC0124032510F0800F43B21BBF00F068
S21402DD701F039C409C4044F078440020104B24F043
S21402DD8078441E700F4B10491D70104B1C60104BD0
S21402DD901870104B1A68F4F71FF818B1FFF78EFFC9
S21402DDA00420B3E79DF810200B4B1A70AEE700BFB5
S21402DDB0886000206C54002060540020EC5900203B
S21402DDC08D6000208B600020BDE0020070540020B1
S21402DDD08C60002068540020896000207FB5244BA8
S21402DDE000251A7801232348234903FA02F2007811
S21402DDF01A440A60ADF80E5020B3984236D11F4C32
S21402DE001F4B20781B680DF10E0198471D4EBDF87A
S21402DE100E20307092B11C4B2946009328460223EE
S21402DE200195F4F713F83278237822B1012A12BF4B
S21402DE301B230133DBB2237004B070BD013818BF58
S21402DE400120F0E778235A43013A0A6008220F4974
S21402DE500BF064F80B49094A0978137821B10129B5
S21402DE6012BF1B230133DBB21370E5E71846E3E764
S21402DE708B6000208D600020745400208C6000208F
S21402DE80D4680020D5690020F9E0020089930300D7
S21402DE90024B1868003818BF0120704760540020F3
S21402DEA037B505461C460BF0A9FA68B974B1084B9B
S21402DEB01A60084B0A461C60012329460093032376
S21402DEC0FFF71AFF03B030BD4D20FBE72520F9E728
S21402DED05C5400206454002013B504460BF08EFAFE
S21402DEE058B962B1074B1A6001230A4600932146CD
S21402DEF00323FFF701FF02B010BD4D20FBE72520EC
S21402DF00F9E700BF605400202DE9F0410446DDE940
S21402DF1006861D469DF820700BF070FA88B99EB1F1
S21402DF20A2B10B4B01201A600A4B0A46C3F80080C6
S21402DF30094B21461E602B460697BDE8F041FFF7C7
S21402DF40DBBE4D20BDE8F0812520FBE72120F9E766
S21402DF50D468002068540020645400200148F4F776
S21402DF60ADBB00BFEC5900202DE9F0410020F3F7CD
S21402DF70A1FE114B114C1E68114B20881D68114BD7
S21402DF80114FD3F8008010B13978F4F771FD0020F4
S21402DF903870FFF793FEF4F7ABF90EB14046B04780
S21402DFA03DB12088A84700232380BDE8F0410BF04E
S21402DFB0B4BBBDE8F08100BF64540020EC590020D9
S21402DFC060540020705400208E600020F8B52F4860
S21402DFD0F4F764FE2E4B187830BBF3F76FFB2D4F29
S21402DFE006463B6803B32C4B2C4D1C6824B195F9AE
S21402DFF000301A461946A047294B1B6883B1294CA4
S21402E0002378312B0CD8284B18880AF0CDFF2378BA
S21402E0105A1C22702A78C25423785A1C2270C6547C
S21402E02080232B7000233B60204C23781A2B22D8A7
S21402E0301F4A1278012A09D100211E4A156825FABC
S21402E04003F0C007DAB20ED501B122700020F3F752
S21402E05035FB2178884212D10022174B1A70FFF73F
S21402E060BDFE40B9F8BD0133D8B21A284FF00101FF
S21402E070E5D90A442270BDE8F840FFF775BF0020D4
S21402E080F3F72EFB0028E7D0F5E700BFD86800209C
S21402E0908D6000206C5400205C54002088600020B4
S21402E0A0605400208E600020EC5900208C60002016
S21402E0B0D5690020705400208A60002008B50B4BFA
S21402E0C0187880B90221F3F7CDFA094B1B782BB1E9
S21402E0D000214FF6FF720846F3F7A6FABDE808409D
S21402E0E00448FFF773BF00210846ECE78D60002066
S21402E0F089600020D868002038B5144B0C461D787D
S21402E100012D21D181B90846F3F7D8FA104A05FA4B
S21402E11000F013680F4923EA0003136020462A46DC
S21402E120BDE838400AF0FABE0B4A13780133DBB278
S21402E130022B137004D9BDE838400848FFF746BFE3
S21402E140FFF74CFE0028F6D138BD00BF8D600020D8
S21402E15070540020899303008A600020D86800204B
S21402E16038B50C4605460AF03BFFA04203D82D21DF
S21402E17003480BF057FA28460AF016FF204438BD2B
S21402E1808637040070B506460D460AF00DFF0446B3
S21402E19048B130460AF024FFA84203D83521024887
S21402E1A00BF040FA605D70BD8637040070B50C4611
S21402E1B0064615460AF014FFA04203D83E2104483C
S21402E1C00BF030FA30460AF0EFFE00B1055570BD8E
S21402E1D0863704002DE9F0438FB007460C461546F5
S21402E1E01E469DF85880F8F755F920B1F4F796FECA
S21402E1F008B144F400544D4B1B7813B924F4007450
S21402E200A4B2200509D546B9284604A9F5F750F95F
S21402E210002846D024F40064A4B2ADF81840ADF845
S21402E2201A5007F026FB424BADF81C00B8F1000F5F
S21402E23002D01A78424501D293F800803D4AE105A1
S21402E240137848BF0DF1210103F10103DBB213700D
S21402E25058BF08A922058DF81E808DF81F3006D5F6
S21402E2603368083141F8083C736841F8043CE3041B
S21402E27007D5314A0831136841F8083C536841F81B
S21402E280043C0DF11808A1EB08005FFA80F90021A2
S21402E29048460AF0FDFE064628B900200FB0BDE843
S21402E2A0F08304AEB9E70AF07FFE41464A46ECF731
S21402E2B053FC30460AF094FE804630460AF074FE5E
S21402E2C00023024600934FF6FF7004235FFA88F19C
S21402E2D007F0F1F8ADF80E000028DED040F2011388
S21402E2E01C421AD14FF6F7739D4216D80AF078FEF2
S21402E2F00DF10E010446284600F090FDBDF80E0012
S21402E3000AF06EFEE4B2A04207D9BDF80E0007F08E
S21402E3101FF9437843F004034370BDF80E003A46F3
S21402E32001210AF08DFEBDF80E00B7E7BC5F0020A3
S21402E33092690020BE5F002043600020F0B50829E5
S21402E340D58889B028D00C2926D0AE0424D405F06E
S21402E35040030B43424C267816B105F020042343B3
S21402E3602FB2002FB8BF43F08003032920D1122317
S21402E370AC068DF80430937A10D48DF805300DF182
S21402E380060401A9621A012392B2F4F7DBFBB0FA83
S21402E39080F0400909B0F0BD0B46DBE732228DF86B
S21402E3A005308DF80420002EE9D00DF11304E8E7BD
S21402E3B00C298DF804300ABF138953798DF805307D
S21402E3C0548805BF1B0A8DF806308DF805300DF10E
S21402E3D0070318BF0DF106031C70240A5C7014882C
S21402E3E002399C70240ADC70147901291C7111D838
S21402E3F0917A002F597131DA022112899971DA71F4
S21402E400120A03F109041A72002EBAD0AB06B8D566
S21402E4100534B6E7A9071AD4002F0CDA117A51B1DF
S21402E420917A59711189127A03F1080492B1022283
S21402E4309A71D971E8E70B4C217801F1010C84F846
S21402E44000C091729C1D002F5971DDDAEAE7917ABD
S21402E4509C1DF8E70122090A9A71EAE79C1DD3E798
S21402E460BC5F0020BD5F0020014B1880704700BFD4
S21402E470EE590020014B1888704700BFEE59002065
S21402E4802DE9F84307460BF0C6F805461B480BF085
S21402E49039FA1B4B60B31C683C1B2C44A4B2002206
S21402E4A0184BDFF868901B78174D03EB830399F837
S21402E4B0006005EB43055FFA82F846450AD9AB8849
S21402E4C005F10A00A34216D90A23B21A29465A436C
S21402E4D0ECF704FA013689F80060AC80B8F1000F58
S21402E4E003D1394605480AF04BFE2846BDE8F883B4
S21402E4F03C461D60D3E705460132DCE7F86800209B
S21402E500785400208F6000208658002090600020FB
S21402E5101FB5154A154C1378013BDBB213706168C0
S21402E520206801AA03C221891180114A1278D218E2
S21402E53005D00A2320465A43E118ECF7CFF99DF896
S21402E54006301B070DD0BDF80C00FFF799FF0346F7
S21402E5508288ADF8082001AA03CA1288186059609A
S21402E5601A8104B010BD00BF8F60002086580020BC
S21402E57090600020002108B5084B09481970094B25
S21402E5801970094B1A7802EB82025200ECF754F922
S21402E590BDE808400548F4F781BB00BF9060002044
S21402E5A0865800208F6000209C690020F8680020B2
S21402E5B0F8B50024084D094F094E3B783178E2B28F
S21402E5C00B449A4204F1010400DBF8BD2846F4F736
S21402E5D075F80A35F1E700BF8658002090600020E3
S21402E5E08F60002010B5064C207828B1054807F049
S21402E5F0DBFC10B1034B188810BDFFF789FFF3E769
S21402E6008F6000208658002008B50A4A0346107814
S21402E61060B1094A1088984209D121B9937810331B
S21402E62023F00F039370FFF773FF012008BD00204D
S21402E630FCE700BF8F600020865800202DE9F74FC8
S21402E64000260AF0E8FFDFF8F890B24699F8007064
S21402E650B3463A46DFF8EC801FFA80FEB8F800C0F0
S21402E660344CAEEB0C039BB201932378324D0093ED
S21402E67003EB830305EB4303ACEB0E0C5FFA86FE5B
S21402E680BE4515D3BAF1000F01D0009B2370BA42E3
S21402E6902AD3002F37D00A222378C8F8000002FBBC
S21402E6A003532648998803B0BDE8F04F0AF068BDC8
S21402E6B0B3F804E001998E4512D84FF0010A00998A
S21402E6C093F802E001310EF1FF3EC9B2013AA3F817
S21402E6D004B083F802E00091D2B20A330136CDE7E5
S21402E6E0E644A3F804E0F8E789F800204AB10A22D3
S21402E6F02378C8F8000002FB0353104899880AF0F2
S21402E7003FFD237813B903B0BDE8F08FFFF76AFF29
S21402E71006460028F5D006F04FFE0146304607F0C2
S21402E72040FC20B100212888FFF76EFFE9E740F69B
S21402E7300241F8E78F60002086580020F868002023
S21402E74090600020785400202DE9F04192F808806D
S21402E7501F4608F1FF33DBB2EF2B05460E46144682
S21402E76088B00BD982238DF80E30314628469DF8A4
S21402E7700E30204AFEF740F8012037E00E22002134
S21402E78004A8ECF759F8B4F809308DF81180ADF802
S21402E7901230E37A03F07F02032A08D0012B24D139
S21402E7A003238DF81030A389ADF815300EE0032B45
S21402E7B014BF022301238DF81030E368CDF815301C
S21402E7C02369CDF81930237D8DF81430A7F1210185
S21402E7D04A420DF10E034A41009321460DF10F0302
S21402E7E004A8FDF737FC0028BFD1002008B0BDE81A
S21402E7F0F08100BF92EC03002DE9F04F00241D7853
S21402E80095B0CDE902010492234622460120CDE9C5
S21402E8100054404908F039FDADF81E00F8B1A34691
S21402E820264627460DF120090DF1380AE8F7A4FF1F
S21402E8305FFA84F8404516D83A460221BDF81E0013
S21402E840FFF7B4FC32460421BDF81E00FFF7AEFC0B
S21402E850DDE903100022BDF81E30FDF7CDFF0120D2
S21402E86015B0BDE8F08F4A4640460AA9FDF7E4FB1C
S21402E8709DF8282022B12DB1013DEDB20137FFB23D
S21402E8800134D3E7BBF1000FF8D199E803009DF8F5
S21402E89029308AE803008DF84030BDF82A30032A72
S21402E8A08DF841304FEA13238DF8423017BF032309
S21402E8B001238DF843309DF82C30DDF83110DDF859
S21402E8C02D0014BF8DF84C308DF8433011AB03C3C6
S21402E8D002980CBF4FF00E084FF0150808F07CF8AF
S21402E8E00590BDF81E000AF07BFB059900EB0803B5
S21402E8F099420BDB0123424651460DF11E00F4F706
S21402E90021F90028ABD10136F6B2B7E74FF0010B7A
S21402E910B4E700BF6937040038B505460D4B0E480C
S21402E9201C88F4F7A7F9012D0CD10C4B1C88FA2190
S21402E930614358B1884209D28408012C204638BF68
S21402E940012038BD022D08BF0224F0E702480AF073
S21402E95017FCF2E782580020A844002080580020C6
S21402E960012208B5054B06481A7000210AF008FC79
S21402E970BDE808400020FFF7CFBF00BFA75F00201A
S21402E980A84400201E4B73B51A8802F108039BB2F6
S21402E990012B02D81B4B1B7823B902B0BDE870408E
S21402E9A0F4F77CB90024184B184D1C70184B1C70D9
S21402E9B02B787BB14FF6FC73164E00932246234605
S21402E9C02146308808F02EFA4FF6FD732C703380FD
S21402E9D001200FE0104B1046197807F0E0FA0028E5
S21402E9E0F6D10C4B1A884FF6FD739A42F0D00123EB
S21402E9F002202B7002B0BDE87040FFF78DBF00BF4B
S21402EA0084580020A75F0020AA5F0020A85F00208D
S21402EA10A95F00207E580020AB5F0020012808B5C1
S21402EA200AD002280CD020B9084B18700848F4F710
S21402EA3035F94FF0FF3008BDBDE80840FFF790BF3C
S21402EA400020BDE80840FFF767BF00BFA75F0020B1
S21402EA50A844002002280CD859B1064A137801337C
S21402EA60DBB21370044A12789A4202D80220FFF7E9
S21402EA70D5BF7047A95F0020AC5F002038B5A0F66E
S21402EA801343012B04460D4615D80E4A137801335C
S21402EA90DBB213700C4A12789A420CD84FF6FD720B
S21402EAA00A4B00201988914201BF00221D80084BA4
S21402EAB01A70FFF731FF29462046BDE8384004F0B9
S21402EAC0ABBE00BFAA5F0020AD5F00207E580020CC
S21402EAD0A85F002000234FF6FD71054A1370054A11
S21402EAE01370054A1180054A1370054A1370704761
S21402EAF0AA5F0020A95F00207E580020A85F0020A1
S21402EB00A75F002030B5094B02461B7833B1084B8D
S21402EB10084C19780023D8B2884201D3FF2004E0BB
S21402EB20013334F823509542F5D130BD9B6900205D
S21402EB30AF5F00205E5800200022FF21044B0548EC
S21402EB401A70054B1970054B1A789200EBF774BED3
S21402EB50AF5F002062580020AE5F00209B69002055
S21402EB60F7B58DF807100DF10701044602F01DFEF9
S21402EB70234B1D78002D41D02046FFF7C3FF214EC0
S21402EB80FF283178204B05D1204A107885422DD9AE
S21402EB90451C1570884219D01C4A1B4D92F800C0BD
S21402EBA00022D7B2BC450CD92F4697F803E00132B3
S21402EBB0864505F10405F4D102B203EB8202D2784F
S21402EBC0FA7002B203EB8202D170307002B203EB2B
S21402EBD0820123F82240FF228A709DF80720FF2A2E
S21402EBE002D003EB8203987003B0F0BD0A461046CB
S21402EBF003EB8202D278FF2AF9D1CBE7FF20F3E7B4
S21402EC009B690020AE5F002062580020AF5F0020A4
S21402EC102DE9F843FFF776FFFF28044669D04FF642
S21402EC20FF72354F03B2DFF8DC80344E27F823201C
S21402EC3098F80050A54202D10020BDE8F883337848
S21402EC4020B28100A34207EB800090F803E010D0C8
S21402EC500023294A5FFA83F94D45944606D99CF863
S21402EC6003900133A14502F10402F3D18CF803E0CC
S21402EC7001E086F800E0013DEDB22A1BD2B2043173
S21402EC8092003944EBF72AFE88F800503378FF2BBF
S21402EC9004D0A34224BF03F1FF33337000214FF6A2
S21402ECA0FF70154BCAB2AA420CD300234FF6FF716F
S21402ECB0134ADCB2AC42BBD2013332F8230088429C
S21402ECC0F7D1B5E79A78A2420BD11880DA78FF2AF4
S21402ECD004D0A24224BF02F1FF32DA7001310433BB
S21402ECE0E0E7FF2AF2D0A24224BF02F1FF329A7076
S21402ECF0ECE72D20A1E700BF62580020AE5F00209F
S21402ED005E580020AF5F0020F8B51C4B05461B7806
S21402ED10084673B3FFF7F6FEFF28044629D02846B6
S21402ED20FFF7F0FEFF2806D0154B164E1A78002382
S21402ED30D9B2914218D3FF212846FFF711FFFF28C8
S21402ED40014616D00546104F23B207EB830237F86A
S21402ED5023009678FFF704FFA84208BFFF25FF2E80
S21402ED60214608D12846F8BD013316F82310814201
S21402ED70DED1FF25F6E73446E6E700BF9B690020B2
S21402ED80AF5F002060580020625800202DE9F04155
S21402ED9080460E461F46002386B001A814469DF8FC
S21402EDA030508DF80330FEF7A7FCADF804802EB184
S21402EDB03368CDF806307368CDF80A3038460AF064
S21402EDC0F3F80DF103034219214601A804F030FDC1
S21402EDD09DF8033093B931464046E8F7C1FE0E4B24
S21402EDE01B785BB10B2C09D8FF214046FFF7B8FE13
S21402EDF0064605EB4404E4B2A54202D106B0BDE8DD
S21402EE00F0812946384608F0E3F93146FFF7A8FEB6
S21402EE1002350646EDB2EFE79B69002000232DE996
S21402EE20F3470DF107028DF8073004460E4602F04E
S21402EE30A7FC9DF80730054663B92046FFF762FE39
S21402EE4004465EB130880AF0CBF85FFA80F8FF2CF1
S21402EE5045D10025284602B0BDE8F087B046F6E761
S21402EE6001320C2AF5D02DB207EB8505AD78FF2DC1
S21402EE70F6D112F0FF0AECD04FEA4A050235EDB29F
S21402EE80002EE7D0304605EB080108F066F90028A8
S21402EE90DFD1524641463088FFF788F90AF1FF3241
S21402EEA008F1010108F102093088D2B2C9B25FFA4C
S21402EEB089F9FFF77BF924B207EB8404A478FF2CC8
S21402EEC0C8D023B2494637F82320308808F090F994
S21402EED00028BED109F102095FFA89F9EBE7254657
S21402EEE00022014FBFE700BF6258002008B5D6F7E0
S21402EEF0F7FCD6F77FF900F091F9D7F76BFBBDE880
S21402EF000840D5F723BF38B5044690F844108378F6
S21402EF10826CCB1A59425941D5F7A2FFE37893B1D6
S21402EF20257985B900F012F90346A268218A04F110
S21402EF301C009C1A8C4236BF52182946D11ABDE8CC
S21402EF40384000F0FAB838BD09B1D6F739BDD6F761
S21402EF5047BD38B58388044603B3E3780088A178B2
S21402EF6004F10C05A3B10023B1FA81F1E37049095B
S21402EF70FFF7EAFF4FF6FF72A388218993421CBF70
S21402EF8003F1FF33A3802846BDE8384000F0D5B829
S21402EF900123E370FFF7D8FFE188F4E738BD10B528
S21402EFA0044681780088FFF7CFFF0123E370002331
S21402EFB0A38010BD10B581780446B1FA81F10088AD
S21402EFC04909FFF7C1FF0023E370A38010BDFFF7D6
S21402EFD0F1BF70B50446054600262B4655F8040BCD
S21402EFE010B11B1B0C2B00DD70BD237C8680002B12
S21402EFF0F3D0637C13B1FFF7D2FFEEE7FFF7DAFF39
S21402F000EBE7FFF7E6BF70B5044605464FF6FF7618
S21402F0102B4655F8040B10B11B1B0C2B00DD70BDE4
S21402F0208388B342F4D04FF4FA724FF6FF73114658
S21402F030D5F76AFFECE709B1D6F7C2BCD6F7D0BC63
S21402F04010B50446C0600830D6F7B4FD2179208892
S21402F050B1FA81F14909FFF7EEFFA37943B12179AD
S21402F0606088B1FA81F1BDE810404909FFF7E3BFB5
S21402F07010BD00F058B8092901D900F054B87047FD
S21402F0800346184613F8012B8A4201D0002AF8D10B
S21402F090704710B53B2104460068FFF7F1FF0022D7
S21402F0A0034603F8012B2068236010BD10B540B15B
S21402F0B0421E0A24002012F8013F303BD9B2092929
S21402F0C000D910BD04FB0030F5E708B500F028F8BB
S21402F0D050F80C3C23B150F8041C30F80E0C1847BC
S21402F0E07047084619B1FF21103002F070BA704717
S21402F0F0007800F0DF03552B07D0642807D0663867
S21402F10018BF4FF0FF30C0B270470120704703208F
S21402F110704718B12D280CBF012002207047704797
S21402F12008B501F046FE08B500F06DF8BDE80840E7
S21402F13004F04CBB50E9023018470A460830FF215B
S21402F14002F03CBAFF21083002F049BA08B50AF0CC
S21402F150C1FABDE8084008F0DBBF2DE9F0410446DD
S21402F16000274FF00C0E8F4202DB0020BDE8F08134
S21402F1702078904204D1002594F80780454502DBAA
S21402F18001370C34EFE70EFB05F6D4F808C00CEB9B
S21402F19006003CF806609E42E8D00135EEE7F0B580
S21402F1A085B005460E461746D6F744FD0446A0B17E
S21402F1B031462846D6F70CFD83783A46002BA368DC
S21402F1C031460293A378284601934FF0000300933A
S21402F1D00CBF80234023E4F75FFF05B0F0BD08B5FF
S21402F1E01288D6F727FD50B10279BDF80C309A4244
S21402F1F007D881680298EBF771FB002008BD8620CD
S21402F200FCE78920FAE7002004F05CBB08B504F0AE
S21402F210C1FB002814BF0320002008BD704708B5B4
S21402F22002F0B1F8FFF762FED6F75AFE6420DFF767
S21402F23089FE6420DFF776FE02F0A7F8D5F7B4FD64
S21402F24008F0C0FBF8E7F8B5D0E90176437B044640
S21402F2500D4613B133463E461F46FFF777FF012D94
S21402F260206438460ED1D5F7B7FE3046D5F7D8FE1D
S21402F270257360784FF47F42BDE8F8404FF4817101
S21402F280FFF78DBF022D05D1D5F7CAFE3046D5F75A
S21402F290A3FEEDE7D5F7C4FE3046D5F7C1FE00253E
S21402F2A0E6E738B5037B04468B420D4607D190F855
S21402F2B044305BB3BDE838404830FFF743BFFFF742
S21402F2C045FF216C431AC72B0CD80123C83184F89A
S21402F2D0455084F84430091A04F14800BDE8384025
S21402F2E0FFF72BBF0DB1237B2BB929462046BDE87D
S21402F2F03840FFF7A8BF00212046FFF7A4FF0123EE
S21402F300C82184F8455084F84430E5E738BD90F8C3
S21402F3104510FFF7C6BF0121FFF7C3BF0221FFF763
S21402F320C0BF0021FFF7BDBF4FF60173994210B56B
S21402F330044602D10021FFF7B4FF2046BDE8104084
S21402F340D6F7E6BE032910B504462BD0007B30B9AB
S21402F350012903D002290CBF0120FF2010BD032A79
S21402F36007D8DFE802F00208101401291CD002298F
S21402F3701FD0FF20F2E70029FBD1B4F85C20012A57
S21402F38012D0022AF4E704290ED00529F0E7042950
S21402F39014D0052914D00029EBD1B4F85C20111F33
S21402F3A00129ECD80220D9E75A1E5342534158008D
S21402F3B0D4E7022B0CBF02200120CFE70020CDE7C6
S21402F3C00120CBE730B587B005460C46D6F714FDCC
S21402F3D0012820D11CB1611E4B424B4158006B786C
S21402F3E04FF480728DF804304FF48273ADF8063015
S21402F3F04FF48173ADF8083001238DF80B300023EB
S21402F40085F8900001A8CDE903238DF80A408DF80F
S21402F4101430D6F725FD07B030BD41680346C978DB
S21402F420027B99B98168C97899B9002A08BF032175
S21402F430D6F72EBF9B7B002B0CBF01210221F7E7DC
S21402F4409B7B002B0CBF02210121F1E7012AF1D19F
S21402F4507047012AF4D17047042910B5044604D82F
S21402F46031B1BDE81040D6F797BF05290DD010BDC3
S21402F470037B5522002B08BF0321A0F85C104078BE
S21402F4801221FFF78CFE2046EBE743681A8A836850
S21402F4901A82E6E7012303730378013343734FF4BA
S21402F4A04073C381032303740023A0F85C3080F802
S21402F4B09030704710B50446806BD8B1E278022AC5
S21402F4C004D0636B5B7972B984F83C3094F83C30B4
S21402F4D06BB1FFF764FD60784FF60272BDE810402C
S21402F4E00621FFF75CBEB3FA83F35B09ECE7FFF78E
S21402F4F061FDF0E710BD10B50446406BD5F76CFD14
S21402F5002046BDE81040FFF7D5BF10B50446406B55
S21402F510D5F786FD2046BDE81040FFF7CBBF10B5F5
S21402F5200446406BD5F7A2FD2046BDE81040FFF723
S21402F530C1BF10B50446002206214078FFF72FFE11
S21402F540A378022B01D0FF2B04D12046BDE8104041
S21402F550D7F7B4B810BD4FF60273994210B50446F9
S21402F56001D1FFF7A7FFE378022B02D02046FFF770
S21402F570A1FF2046BDE81040D7F7A0B810B58278A4
S21402F580044603797AB90BB1D7F758F92046D7F76C
S21402F59081F903236078A4F86C305522BDE8104048
S21402F5A01221FFF7FCBD012B01D1D7F747F9A3794A
S21402F5B0012B02D12046D7F76DF90123EAE710B5F1
S21402F5C08378044683B903790BB1D7F74DF9204601
S21402F5D0D7F7A4F904236078A4F86C305522BDE866
S21402F5E010401221FFF7DBBDB0F86C30022B0CD0B6
S21402F5F00379032B01D1D7F721F9A379032B02D183
S21402F6002046D7F747F90023E5E7D7F7C7F9FAE721
S21402F610827883685AB9DB78002B14BF032304234D
S21402F620A0F86C30552212214078FFF7B8BD1A793F
S21402F63022B9DB78003B18BF0123F1E70223EFE78C
S21402F6407FB500239E6A0446B6F5804F0D460CD25F
S21402F65001A8D7F747FB039B5B0506D5294620463C
S21402F660336C04B0BDE87040184704B070BD002388
S21402F6709B6AB3F5804F05D21B6BB3F5804F01D260
S21402F6809B6818474FF4817070471FB500239A6A2B
S21402F690B2F5804F04D340F2011005B05DF804FBCA
S21402F6A0126BB2F5804FF6D2012201A8CDE90233E1
S21402F6B08DF80420D7F716FB039BDB03EBD5029BE2
S21402F6C01A0EE8D0012A03D1C3F307430A2BE2D964
S21402F6D000239B6A1B6B1B6C9847DEE708B50AF093
S21402F6E0AFF9B0FA80F0400908BD134610B542B132
S21402F6F003439B0707D10AF09FF9B0FA80F040094E
S21402F70010BD0120FCE70020FAE7002303607047E3
S21402F71003680B600160704710B538B132B129B189
S21402F72000230139D45C14B90023037010BD8B4248
S21402F730FAD200F8014B0133F4E7034638B1002051
S21402F740814204D01A5C02B970470130F8E770476C
S21402F7504FF0FF31FFF7F1BF70B50C46164605466F
S21402F76060B15AB151B1FFF7F3FF844206D9211AAC
S21402F77032462844BDE87040FFF7CEBF70BDFEE7B4
S21402F780FEE700239A4200D1704710B550F8234096
S21402F79041F8234001339A42F8D110BDD7F702BF91
S21402F7A04369426CD91C143AB1FBF2F103EBC10077
S21402F7B00330B0FBF2F00230704738B505460C460F
S21402F7C0FFF7EEFF6A6CE31D143AB3FBF2F3013364
S21402F7D004EBC30402FB004038BD38B50546446955
S21402F7E02146FFF7EAFF6A6CE31D143AB3FBF2F315
S21402F7F0013304EBC304204438BDF7B507460E4672
S21402F80000257C6CA819644280EA06031C4003D0DB
S21402F8102C46204603B0F0BDFB6B01225B6901A9B2
S21402F8209847019B0133F4D10435EAE770B50546E3
S21402F8300C46D9F78DFCEB6B2046BDE87040DB68C2
S21402F840184770B50025044686B00562E369AB42E8
S21402F85002D8206A06B070BD666C2068E36B05228B
S21402F8605B6901A906FB0500984701A800F023FC86
S21402F87000F046FC10B1236A013323620135E5E746
S21402F88038B50446456C006804F1400305FB0101E7
S21402F890E06B00F042FC05462046FFF7D2FF284602
S21402F8A038BDF0B50546002687B0EC69013CB44287
S21402F8B003D80C46204607B0F0BD01B14C1E6F6C53
S21402F8C02868EB6B05225B6901A907FB04009847D1
S21402F8D001A800F0F0FB00F013FC0028EAD1214654
S21402F8E00136E2E7F0B504460D46466CE36B006867
S21402F8F087B005225B6901A906FB0500984701A8A7
S21402F90000F0D9FB00F0FCFB20B101A800F0AAFB36
S21402F91007B0F0BD29462046FFF7C3FF0646676CD0
S21402F9202068E36B05225B6901A907FB060098477E
S21402F93001A800F097FB431CEAD0B54238BF01305D
S21402F940E6E72DE9F0434FF6FF79D0F82480044627
S21402F9500E46C84514BF45460025002787B0E36912
S21402F960BB4202D807B0BDE8F083E26B2368606C46
S21402F970D2F814C000FB0530052201A9E04701A811
S21402F98000F099FB022806D0C8450CD1721C294605
S21402F9902046FFF775FFE3690135B5FBF3F2013741
S21402F9A003FB1255DBE729462046FFF79BFFB0F123
S21402F9B0FF3F14BF024632460132E8E70368F0B55D
S21402F9C0CC1A436C0646B4FBF3F4002587B0F36901
S21402F9D037685A1E9542706C08D3706C336800FB09
S21402F9E0043007B0BDE8F04000F095BB0134B4FB2C
S21402F9F0F3F203FB1244F36B05225B6901A900FBD9
S21402FA000470984701A800F056FB00F079FB002826
S21402FA10E3D10135DBE710B423F0030422449B074D
S21402FA200A44436C18BF04325B4281EA0204234252
S21402FA3003D05DF8044BFFF7C1BF10465DF8044BD8
S21402FA4070472DE9F041D0E90A369E42044686B058
S21402FA5028D11422C369456802FB1355284606B00E
S21402FA60BDE8F0812068676C331AB3FBF7F3E26BEC
S21402FA7007FB0300D2F8148001A90522C04701A89B
S21402FA8000F019FB012804D0636C1D44013B33408F
S21402FA90ED1A31462046FFF791FF0646A36AB342A7
S21402FAA0E0D1DBE70025F9E708B508301346D1E9CF
S21402FAB00012D9F7D3FA012008BD13B50C4600216F
S21402FAC021760093616813462246D7F7C1FE18B125
S21402FAD0E37D03B1A07EA075A07D02B010BD73B514
S21402FAE0164600F108050C46284609680DF107027D
S21402FAF000F098F9032E06D16368834203D12846A4
S21402FB00216800F076F9012002B070BDD01E009B7D
S21402FB1042424241187E824211D11A688A420ED867
S21402FB205A688A420BD35A6901325A61D3E90302F0
S21402FB3082423FBF986840F8221001321A610120C3
S21402FB40704710B5032A029C07D1A26A5340626C22
S21402FB505242134201D100F04CF9012010BD08B503
S21402FB60C36800209847BDE80840D9F7F9BA0128CB
S21402FB7014BF0420022070B5002442431C70CC7DC2
S21402FB80101D02F002024CB91AB1012220F0030045
S21402FB901A7000F108034868184470BD1AB10122B1
S21402FBA020F003001A7000230C7E01F12005DAB261
S21402FBB0A24201D30020F0E735F833205E1C8242D1
S21402FBC006D901EBC30300F10802D8691044E4E742
S21402FBD03346801AEBE773B5054690F842601C463A
S21402FBE030460DF10303FFF7C2FFEB6B012E5B6994
S21402FBF00DD1324601A998479DF8033013B1BDF8DE
S21402FC0006300193BDF80430236002B070BD0122B5
S21402FC10214602B0BDE870401847F0B505460024FC
S21402FC204868EB6B87B00E4601225B69029402A914
S21402FC3008309847274695F84230012B40F0AC80B2
S21402FC40632C00F2AB80612C08D805AB2246314605
S21402FC502846FFF7C0FF9DF814305BB305AB22467B
S21402FC60314628468DF81070FFF7B5FF95F84230FA
S21402FC70012B059B7FD14FF6FF72934256D0082286
S21402FC8005A904A800F063FA059B9DF81010C3F3BB
S21402FC90072291424AD1DBB2029A1A44029245E006
S21402FCA0DCD005AB224631462846FFF794FFBDF866
S21402FCB01430D2E795F84230012B39D1612C2ED878
S21402FCC022463146284603ABFFF785FF31462846D3
S21402FCD004AB621CFFF77FFF3146284605ABA21C29
S21402FCE0FFF779FF102208230DEB02010DF1070042
S21402FCF08DF8073000F02BFA102205A90DF1070047
S21402FD0000F025FA039BDAB24AB99DF80720B2EB57
S21402FD10132F04D1DDE9043203EB0243029395F874
S21402FD204230012B14BF012302231C44013482E714
S21402FD30302CF4D822463146284603ABFFF74BFF59
S21402FD403146284604AB621CFFF745FF10232022EB
S21402FD500DEB03010DF107008DF8073000F0F7F9FF
S21402FD60039B9AB2002ADAD19DF80720B2EB134F12
S21402FD70D5D1049BD2E70133D8D0102205A90DEBCA
S21402FD80020000F0E4F9059B9DF81010C3F3074249
S21402FD909142CBD19BB27FE7312C81D9029807B032
S21402FDA0F0BD13B500240194049C0094D8F72CFAF5
S21402FDB002B010BD13B501240194049C0094D8F738
S21402FDC023FA02B010BD00234FF0FF3230B544686C
S21402FDD09C4202D10023037230BD016801EBC305C9
S21402FDE041F833206A600133F2E7C0E90012FFF7F8
S21402FDF0EABF0023F0B545689D4210D00468DF00D4
S21402FE0054F8332004EBC306B2F1FF3F08D0C2F326
S21402FE101302914204D14FF0FF33E3517360F0BDF9
S21402FE200133E9E70023F0B545689D4202D14FF061
S21402FE30FF300EE00468DE0054F83340671C09D039
S21402FE40C4F31307B94205D1240D14700368334472
S21402FE505868F0BD0133E8E7704770B59400224653
S21402FE6005460E4609F0E8FD431C0AD058B922465C
S21402FE7031462846EBF72CF8002814BF3D20002018
S21402FE8070BD6E20FCE77120FAE713B5044601A8A0
S21402FE90D9F760FF9DF8063023804FF480736380A5
S21402FEA0D9F766FF6060002002B010BDD9F7D6BE53
S21402FEB008B5D9F7C7FE002008BD10B5044644EAC7
S21402FEC0010313F00303084609D1934201D100202F
S21402FED010BD54F8231040F823100133F5E72146ED
S21402FEE09200EAF739FEF2E710B5044609F0A8FDDB
S21402FEF0431C10D088B9D9F73BFF234620F00300F5
S21402FF002044984201D1002010BD53F8042B013240
S21402FF10F7D03E20F8E76E20F6E77120F4E7704748
S21402FF2013B50023044601461B220DF107008DF887
S21402FF30073000F00CF922689DF80730B3EBD26F59
S21402FF400CBF0120002002B010BD13B500230446EA
S21402FF50014620220DF107008DF8073000F0F7F871
S21402FF600DF107001A22211D00F0F1F862689DF8D3
S21402FF700730B3EB926F0CBF0120002002B010BD19
S21402FF800068431C584258417047006810F07E0FC4
S21402FF900CBFC0F3C160002070470068C0F3D310E6
S21402FFA07047006800F07F0001288CBF0020012007
S21402FFB07047036813F07E0F14BF042008207047B2
S21402FFC0036813F07E0F03D1406820F07C40704730
S21402FFD013F078001CBF03F07F03D81F7047006839
S21402FFE000F07F007047032809D0022803D1C1F130
S21402FFF00201C8B2704700290CBF072000207047D4
S21403000037B5054601F10C044369694601222046CB
S2140300109847BDF80030012201932046AB6901A939
S214030020984703B030BD37B501F10C04436901228C
S21403003069460546204698474FF6FF72009B99B2DD
S21403004091420DD16FF30F0343F4254343F0A50309
S214030050019301222046AB6901A9984703B030BD3E
S2140300600020FBE737B5044600251B22011D0DF1D2
S21403007007008DF8075000F06AF860689DF80720BF
S214030080B2EBD06F03D120F0784003B030BD0DF152
S21403009007001B2204F108018DF8075000F057F8FB
S2140300A0A0689DF80730B3EBD06F01D1C043EAE7F1
S2140300B04FF0FF30E9E74BF29A22036810B5B2EB34
S2140300C0134F044613D19BB2012B13D1FFF7CAFF7C
S2140300D001300CD04FF6FF72E068B2EB104F4FEAD8
S2140300E0104309D180B2C01A18BF012010BD23687F
S2140300F0013303D00420F9E70220F7E70320F5E7EE
S21403010001288CBF002001207047033801288CBFCC
S214030110002001207047143070472DE9F041054652
S2140301209846036908460E4617469847044638B964
S21403013043463A4631462846D9F782F8044618B16C
S21403014031462846FFF75CFF2046BDE8F0811F2AAC
S2140301500B689EBF4FF0FF3191408B43590801F067
S21403016055315B1A03F033319B0803F033330B44EA
S214030170017803EB13130A444FF0013103F00F33F6
S2140301804B43A2EB13620270704708B507F0C2FA3E
S214030190BDE808400021D9F75DB902210320D9F74D
S2140301A057BB70477047704770474FF050234FF464
S2140301B000321A6770474FF0B0435A6812B19A6A12
S2140301C0002AFAD1704770B5054614460E4609F064
S2140301D02AF92B685C4034405C402C60BDE87040D4
S2140301E009F01CB90122417803788A4030214B4339
S2140301F042F2100103F1A04303F570335A507047DF
S21403020021FA00F2D20730B5034600F0FC040FD5FE
S21403021000220132D2B2042A02D14FF0FF3008E0A6
S214030220831803F00303234421FA03F5ED07F0D400
S214030230184630BD002070470020704700207047E6
S2140302400020704701207047012070470F20704739
S214030250EBF758BB002307B5CDE900330123694606
S2140302604FF0FF308DF8023004F05BFB03B05DF80F
S21403027004FB0020704710B508B9212010BD0029E3
S214030280FBD0036813F0704205D1C3F30E030B6073
S2140302907BB10020F2E703F05044B4F1004F05D0E1
S2140302A0B2F1304F02D0B2F1404FE6D103F07F03F4
S2140302B0EDE74368002BE0D00B60EAE737B50C4662
S2140302C0054610B9212003B030BD0029FAD000231B
S2140302D001A90193FFF7CFFF0028F4D12968019AFB
S2140302E011F0704102F1030222F0030201D12260F1
S2140302F0E9E7AD68B1F1004FC5F38033C5F3403588
S21403030004D103EB450353432360DCE7B1F1204FED
S21403031001D12B44F7E7B1F1304FFAD0B1F1404F9A
S214030320F7D0CFE737B50C460546002800F08780A0
S214030330002900F0848000230B60036803F07043F9
S2140303400B60C26822B1032A79D143F080630B6045
S214030350AB689A0149D403F08073EA680AB9002BA4
S2140303606DD1226822F0407213432360EA68032AA1
S21403037005D12A69F62A62D962F317432360AB686C
S2140303801B0442BF236843F400432360EB68032B3C
S2140303901FBF23682A6862F30E0323602B68AA68CC
S2140303A0002B2ADB12F4C84F49D12B6803F07043A5
S2140303B003F10043B3F1804F05D2530542BF2368D0
S2140303C043F4806323600023284601A90193FFF7C3
S2140303D052FF40B92B6813F070421FD12368019A6D
S2140303E062F30E03236003B030BD03F04073B3F132
S2140303F0407F18BF4FF00073AFE7500402F400517C
S21403040005D4E1B1236843F400532360CDE72368A2
S21403041043F4804323600029C7D0F3E703F0504337
S214030420B3F1004F05D0B2F1304F02D0B2F1404FD6
S21403043005D1019B5A1E236862F30603D2E72120E7
S214030440D1E738B131B101234B604FF000530020A0
S2140304508B6070472120704737B50C46054608B9B0
S214030460212016E00029FBD001234B60C368A3B903
S21403047001A90193FFF722FF58B9019B6A699A42C3
S21403048009D32A69002AEBD0226043F000530020E8
S214030490A36003B030BD1D20FBE7032BE0D1002390
S2140304A0F5E7436813B9416070475B685A68012AE9
S2140304B0FBD159607047FFF7DCBE08B5FFF7D9FEDE
S2140304C0002814BF6FF09200002008BD1346428830
S2140304D070B50732072A0C464FEAD20101D0A14273
S2140304E022D146680588202218460021EAF7A4F997
S2140304F0360A0346DEB9BCB141F20102954205D085
S214030500B5F5885F02D0B5F5905F02D100205C6038
S21403051070BDB5F5105F0DD1182C03D0202C01D07B
S214030520102C01D11C60F1E76FF08600F0E76FF046
S2140305308B00EDE76FF08500EAE7F0B51C464368ED
S21403054006461B0A0F46154689B035D1224629466C
S214030550FFF7BCFF68B9EB1C23F00303C4E90307EA
S214030560636145B9202200212046EAF765F96FF05A
S214030570860009B0F0BD014620226846EAF75CF91A
S2140305806A4629463046FFF7A1FF0028EAD12368CA
S214030590009A9A42E6D16368019A9A42E2D1A36826
S2140305A0029A9A42DED1A369069A9A42DAD1E3699D
S2140305B0079A9A42DDD0D5E76FF08B00D9E7D9F7D3
S2140305C011BFDAF72BB8704700207047002070473A
S2140305D0C3681944836853F8210030F8023B13605C
S2140305E07047012310B580F888300378044653B16A
S2140305F000F061FA21462046DAF702F92046BDE804
S214030600104000F04DBA10BD38B50D460446DAF773
S214030610DFF86B682046C4F8B032A96800F096F994
S2140306204FF0FF332046C4F8B432FFF7CDFF38BD92
S214030630D0F8B43210B50133044601D0002010BD03
S21403064000F0BCFAC4F8B4020130F7D194F8B8024B
S21403065080F00100F3E708B5DAF7F6F808BD0A7884
S21403066001382D2A0ABF012200228918DAF748B971
S21403067007281BD8DFE800F0060A0D101315041729
S2140306800120704700220820DAF73AB9002210202A
S214030690FAE700222020F7E70820FFF7E0BF102044
S2140306A0FBE72020F9E70846DAF78CB90020704705
S2140306B02DE9F74307280C46DDE90A7690461D46E2
S2140306C008D8013806280AD8DFE800F01D27303A94
S2140306D044574A00212850D003B0BDE8F0830022D7
S2140306E020461146EAF774F83368C0B205EB830177
S2140306F03A6845F82300013348F8221033603B6814
S21403070001333B60E8E7002220461146EAF760F82B
S214030710336880B205EB8301EAE7002220461146E0
S214030720EAF756F8336805EB8301E1E70022204633
S2140307301146EAF7FBF9336840B205EB8301D7E7C6
S214030740002220461146EAF7F1F9336800B205EBBA
S2140307508301CDE7002220461146EAF7E7F9E1E7F1
S214030760002389461E461D468DF8063019F8013FBC
S2140307707D2B06D125702D0A65703B6848F823400B
S214030780BDE7202BF2D006F00102013612B98DF830
S2140307900430EBE71022002101A88DF80530EAF7B4
S2140307A0C5F9631901359870ADB2DFE72DE9F04F4F
S2140307B09B46002385B08B45814688469246CDE905
S2140307C002336BDC1A461E4619F80340212C09D85F
S2140307D01F2C04D8103C072C98BF012200E00126EA
S2140307E00133F1E7FF2CFBD15B4436B1013B4345B4
S2140307F00ADD2B2005B0BDE8F08F62B1013B43450F
S214030800F7DC3546374602E000252F462E4645459B
S21403081004DB0020EEE79845F3D0EAE75D453BDBD3
S21403082019F80730202B18D109EB07035B78FF2B49
S214030830DFD1CEB920465AF82510FFF719FF78B353
S21403084003AB019302AB00932046DDE90E235AF86F
S2140308502510FFF72DFF0135D9E7212B0ED109EB24
S21403086007035B78FF2BC4D1029B5AF825200E9909
S214030870012641F8232001330293ECE7A3F1100489
S214030880072C02D91C460137D3E709EB07035B782D
S214030890FF2BAED1E4B2CCE70624CAE72120A9E7B2
S2140308A02620A7E72DE9F04F07460E46154698463D
S2140308B0044685B0DDF84490DDE90FAB206808B345
S2140308C0DAF80020D8F800108A421BDA0E9B53F899
S2140308D02210D6F79BFD48BBDAF800200132CAF88F
S2140308E000206268117BFE291BD10E9B1068012134
S2140308F000932A464346CDE902B9CDF804A0FFF794
S214030900D1FF04462B7843B999F800302BB97EB152
S21403091001233C4689F800302B70204605B0BDE81D
S214030920F08F01238BF800302B70EBE70C34C5E710
S2140309303446F2E710B50446236803B910BD237A9C
S21403094013B92046DAF774F80C34F5E710B541B15D
S2140309500A7932B901249C300C71FEF7D9FE204681
S21403096010BD0020FCE72DE9F041BAB005460AAAFF
S214030970084603A900F05FF90446B0B90DF10A036F
S21403098001930DF10B038DF80A0000930AAA28467B
S21403099004AB03A9DAF7FCF99DF80A20B2B19DF877
S2140309A00B2048B12AB1DAF743F820463AB0BDE83F
S2140309B0F081FFF7BFFFF8E7D5F89C50002DF4D081
S2140309C0A86808B1FFF7B6FF2D68F7E700B34668D7
S2140309D01AAB06F10C082AAF01934046049B039911
S2140309E000970AAAFFF7E2FE04460028DDD1039B20
S2140309F005A8CDE90637049B0595CDE90838DBF74E
S214030A008FFC05A83368984705A800F03FFDCCE7A0
S214030A102D24CAE710B50446AC30E9F709FE04F105
S214030A20AB031A180020934200D110BD13F8011F20
S214030A300029FAD00A2908BF0130F4E70023F0B5ED
S214030A400B6013600646D0F8AC0278B196F8AC009B
S214030A5060B1012406F1AC07D6F8AC02844210D389
S214030A6006F1AC00B3F5007F10D30120F0BD0D688E
S214030A7001350D60156801351560F85C01330A28E9
S214030A8002D0B3F5007FF2D30134E5E7C15C0A294F
S214030A90EBD00029E9D01168013301311160E1E799
S214030AA010B50021D0F88C200446E9F7C5FE0023D4
S214030AB0C4E9243310BD73B5044600F1AC058021A8
S214030AC02046FEF73AFE4FF4007106462846FEF728
S214030AD034FE0136C0F50070864220461FD8E9F77B
S214030AE0A7FD06462846E9F7A3FD01362946421C1C
S214030AF0A819E9F7F3FE2046E9F79AFD21460246D0
S214030B002846EAF729F82046E9F792FD0A23204407
S214030B1080F8AC300023C4F8AC3202B070BDFFF7E7
S214030B2079FF01AAC4F8AC0269462046FFF786FFA0
S214030B300022009B234483F8AC20C0E773B50D4620
S214030B400446FFF767FF6B1C19D1D4F8AC3213B118
S214030B50013BC4F8AC3200252046E9F769FDA842FC
S214030B6015D82046FFF79CFFD4F8AC322BB1694664
S214030B70204601AAFFF762FFA0B902B070BD012D9F
S214030B80FBD1D4F8AC328342F7D20133E1E7082035
S214030B9000F023F8202000F020F8082000F01DF8CD
S214030BA00135D9E7009D04F1AC06019BAB42E4D9BD
S214030BB0715D2046DAF71AFA0135F6E707B5002025
S214030BC00DF1070100F0E7F820B99DF8070003B020
S214030BD05DF804FB4FF0FF30F9E710B5C1B20446E9
S214030BE0002000F0C8F800280CBF20464FF0FF3066
S214030BF010BD0FB407B504AA52F8041B00200192D7
S214030C00DAF790FB002003B05DF804EB04B07047FE
S214030C1010B54C1C0B460119045D222C03D07B2C0B
S214030C2001D05C2C05D1D21A1844E9F757FE0120EF
S214030C3010BD0020FCE72DE9F0470546914688469F
S214030C40E9F7F6FC2A4606461346197801322029A8
S214030C50FAD0C9F800305C1B01236FF0404AC8F88D
S214030C600030A64201D8002014E02F5D29197B2FFF
S214030C7012D0222F2ED1D8F80030621C53442A44B7
S214030C8049F82320012C09D911F8013C13F0DF0F92
S214030C9004D02120BDE8F0877D27F3E701342B5DE0
S214030CA0BB4209D12B195B7813F0DF03F1D1222F56
S214030CB000D12B550134D4E75C2B07D132462146AD
S214030CC02846FFF7A5FF0028E3D0013E0134A642DD
S214030CD0E5D8DEE75C2F08D1324621462846FFF7E3
S214030CE097FF0028D5D0013EE4E7202FE2D100226B
S214030CF0631CB3420A70DDD2EA18EB5C202BD9D012
S214030D00D8F800300F2B05DC49F823200133C8F848
S214030D100030CFE71E20BDE700F000B80020704784
S214030D20D6F762BB70B50C46154610B9DAF7EEFA7D
S214030D3038B143682BB12A462146BDE870400068A7
S214030D401847232070BDF7B50D4616461C4638B91E
S214030D50DAF7DCFA04B901AC20B9232003B0F0BDFE
S214030D6003B901ACC768002FF7D02346324629469D
S214030D700068B847F2E707B501228DF807100DF1B2
S214030D800701FFF7CFFF03B05DF804FB0B460146F0
S214030D901846FFF7F0BF00230122FFF7D4BF08B5BC
S214030DA008F039FCFA23B0FBF3F080B208BD042048
S214030DB0704740F20160DAF79FBB70470120704727
S214030DC00020704749BA89B280EA0103C3F30312CD
S214030DD05340180380B258405B0103F4FF53584056
S214030DE0704708B5DAF754FF58B1A0F15903042B3E
S214030DF006D8042B04D8DFE803F004040403040035
S214030E005C2008BDDBF79CB87047F8B50C468D1818
S214030E10073552421540A5F108070646384600F046
S214030E20DFF9A188381B628801EBE00189B2A2EBE7
S214030E30E00225F8041C25F8062CA288C310AAB1E4
S214030E40A4EBC202B2F802C0D18003EB0C015180BE
S214030E50E28892B1D31A9BB204EBC20425F8023C93
S214030E60A380B3680344B3603846F8BD15F8082C6E
S214030E7042F0020205F8082CEAE725F8022CF0E710
S214030E802DE9F04F4FF0000887B09946531C109B8E
S214030E900546174614BF14460824CDF81480002BC5
S214030EA000F0C580C3F80080002900F0C2804268C5
S214030EB08A4240F2BE80073121F0070608F0C0FAE6
S214030EC005AACDE9008282463A464B463146284675
S214030ED000F08AF9059F834607B130B9504608F0FB
S214030EE0AAFA192007B0BDE8F08FB7F8028029697F
S214030EF04FEAC802C0EBC8080139B8F1270F2961C9
S214030F007AD9B9F1000F51D1864206F1080848D0C4
S214030F10224639462846FFF778FF04460590059B88
S214030F209844404600F05CF9059906F10F004A889C
S214030F30C308A2EBD002A8F80220CA88A8F8043097
S214030F40002A30D0D31A9BB201EBC202A8F80630AF
S214030F5093808B88F608A380B8F804303A46E3807B
S214030F60414600232846668000F0A6F9AB6808339E
S214030F70AB60237843F0010323702B6901332B61A5
S214030F806288AB68504603EBC203EA68AB609342E1
S214030F9088BFEB6008F04FFA109B083400201C60F3
S214030FA0A0E73C46BBE7A8F80620D2E707EB080411
S214030FB02046039200F014F90BF10703DB080599AA
S214030FC0638008F10703DB08A380CB8893B1DB00BB
S214030FD0039AD81D821A5A44C2F3CF020B44E28006
S214030FE09A80A38808F1FF384FEAD808A1F8028050
S214030FF0CB80BBE7E380F4E7B9F1010F1BD107F120
S2140310000803B3FBF4F204FB1233B3B122463946AA
S2140310102846FFF7FAFE044623783A4643F00103D0
S214031020237021460123284600F046F9A8E722202C
S21403103058E7212056E78642E8D13C46ECE707B559
S21403104000224FF0FF3101AB0192DAF7D9FB01988A
S21403105003B05DF804FB2DE9F74F04460D4600295F
S21403106000F0AB80D0E9056808F0EAF915F8087CCB
S21403107035F8061CFB07009000D531B9009808F038
S214031080DAF9012003B0BDE8F08FA368D4F8109016
S21403109035F804ECA3EBC10B09F10103A5F1080C29
S2140310A04A1CC4F808B02361BEF1000F7BD0ACEB3A
S2140310B0CE03D888B3F802A00190187807F0020789
S2140310C0C00765D4002F64D10198A0EB0A07012F4F
S2140310D069D18A1CABF108075244C4F81090A76084
S2140310E035F802ECBEF1000F61D0D4E900700CEBCA
S2140310F0CE0A07EB0009CA4559D21CF83EC057462C
S2140311001CF0010C15D1AEEB0101012911D1BAF87F
S2140311100210AAF802C001310A44BAF806100029E0
S21403112043D00AEBC107216901392161A168083957
S214031130A16015F8081C013A21F0010105F8081C06
S214031140002125F8061C5A801A7861F300021A70EB
S2140311507FB3C3F107023A44C2F3CF02DA80BA8000
S2140311604EB3B34227D37288002A08BF1E46B8F18F
S214031170000F06D0434504D8B8F80220002A18BF4B
S21403118043460098C4E9056308F055F9002079E75B
S2140311904FB115F8087C724427F0020705F8087C5F
S2140311A000279F809CE763469AE70F46BBE7002726
S2140311B0BFE7DF80D4E71E46D9E7222062E710B5F3
S2140311C00446DAF735FB2146BDE81040FFF743BF78
S2140311D0FFF7F5BF0846FFF732BF0846FFF7F8BF2D
S2140311E00023036043607047F0B5D0E90554561CEE
S2140311F008BF0822002B4FF0000008BF2C46DDF87E
S21403120018C0CCF80000002C37D09DF81470658801
S214031210FF0007EBC505C2F1000E2078C00708D50E
S2140312201BBBE088A0B104EBC004658807EBC505CB
S214031230F3E78D42F4D363B904F10806B6FBF2F084
S21403124002FB106670180EB1A842EAD8CCF800402C
S214031250F0BD082A0FD06088013004EBC000461AA0
S21403126006EA0E06801B8542F0D2A0880028EFD03F
S214031270A4EBC004D9E70846E8E72046E8E70346B8
S2140312800069C0B10AB951B91A6810460378DB077A
S21403129011D531B9C3885BB100EBC300F6E79A6991
S2140312A0F3E7012904D1838823B1A0EBC300EDE75C
S2140312B000207047184670472DE9F041D0E90554E1
S2140312C0074688461646ABB1954200D00ABB42464F
S2140312D000213846FFF7D3FFB442054600D02EB9A7
S2140312E0424601213846FFF7CAFF0446C7E90554BC
S2140312F0BDE8F081954208D08D4228BF0D46B44222
S21403130005D0444538BF4446F0E70D46F7E7444664
S214031310ECE79442EAD1E3E770B500261C46C3E93E
S2140313200001C3E90266C3E905001E611A775E621F
S214031330FFF756FF23690139C9080133418023614A
S214031340A36830460833A360E3680833E36070BDE0
S214031350002307B5684600938DF80430D8F768FC79
S21403136003B05DF804FB10B508F05DF8044606F01C
S21403137063FA2046BDE8104008F050B870474FF4B3
S214031380C870DAF7B5BADAF767BB00F01CB870476F
S214031390704708B503F004F903F00CF903F013F9EA
S2140313A003F022F9BDE8084003F031B9704708B5E9
S2140313B003F0F1F803F0F0F803F0EFF803F0EFF8BA
S2140313C0FFF7F4FF08BD08B503F022F903F021F98F
S2140313D003F021F9BDE8084003F024B97047012063
S2140313E070472DE9F34112F001050446884622D1E1
S2140313F010F0030525D12F465208BA4209D1D8F773
S21403140021FC0026B74204EB860008D1D8F726FC59
S21403141011E054F8273001330CD10137EDE70422ED
S21403142058F826300DEB0201019308F005FB30B1A6
S214031430D8F714FC3D25284602B0BDE8F0810136F6
S214031440E0E70125F7E77047B0F1006F0FD300F030
S2140314507843B3F1006F0CD000F06040B0F1404F1A
S21403146009D0B0F1604F14BF04200320704700205A
S21403147070470120704702207047002070471AB15A
S21403148011B180B2DAF75CBD2120704701F059BE76
S214031490E3F780BEFFF78DBCD0E9023253F8223063
S2140314A000211878E3F7C8BA704702F08FB901F045
S2140314B0DDBDC3688268013BDBB252F823305B783C
S2140314C0652B02D10020E5F707BE6E2B01D1012064
S2140314D0F9E7662B01D10220F5E7704710B5D0E98E
S2140314E00232044653F82230187802F049FAE368C9
S2140314F0A268013352F82330BDE81040187802F092
S2140315003DBA10B50446C0B2DBF7E8FE200ABDE8D4
S2140315101040DBF7E3BED0E9023253F822301878E6
S214031520DBF7E4BF02F0E4B9E4F7D4BA08B501F098
S214031530BBFEBDE80840E5F7BDBCD0E9023253F870
S2140315402230186801F0AEBE0020E5F7B9BD0120D1
S214031550E5F7B6BD0221DBF75FBF0321DBF75CBF10
S2140315600521DBF759BF08B501460C20DBF730FF32
S214031570BDE80840DBF7BEBE08B501460020DBF732
S21403158027FFBDE80840DBF7B5BE07B5C26883682A
S214031590043253F8223001211B880DF10602ADF800
S2140315A006300023DCF7BCFC03B05DF804FB08B58B
S2140315B008F045F8BDE80840F1F73ABF10B5144601
S2140315C0DCF7CAFF2146BDE8104007F0D9BD08B5D1
S2140315D0DCF7C2FFBDE80840002107F0D1BD08B51F
S2140315E0DCF7BAFFBDE80840F1F758BB08B5DCF7EF
S2140315F0B3FFBDE8084008F085B908B5DCF7ACFFD3
S214031600BDE80840F1F736BB7047704708B508F0E9
S21403161016F8FFF7FAFF03F068F8BDE80840DCF7B2
S214031620E7BF7047012070470120704708B5DDF714
S2140316307BF800280CBF0420012008BD70472DE965
S214031640F34104460D4616461F46DDF8208008F093
S2140316508EF83B46324629462046CDF8008003F0F6
S21403166046F83B46324629462046CDF80080FFF72B
S214031670E5FF02B0BDE8F04101F063BD2DE9FF4789
S21403168004460D4616461F46BDF830809DF8349036
S214031690DDF838A008F06BF83B463246294620466C
S2140316A0CDE9019ACDF8008000F0FEFF04B0BDE856
S2140316B0F04701F046BD704708B508F058F803F048
S2140316C019F8FFF7F8FFBDE8084001F03ABD01201E
S2140316D070472DE9F74304460D4616461F469DF808
S2140316E0289008F044F83B46324629462046CDF873
S2140316F00090FFF7ECFF80463B46324629462046DD
S214031700CDF8009002F0F7FF01F01BFD404603B052
S214031710BDE8F083012070472DE9F74304460D46E4
S21403172016461F469DF8289008F021F83B46324699
S21403173029462046CDF80090FFF7ECFF80463B464F
S214031740324629462046CDF8009002F0D5FF01F038
S214031750F8FC404603B0BDE8F083F8B504460D46F2
S21403176016461F4608F003F83B46324629462046EF
S21403177002F0C3FFBDE8F84001F0E3BC0020704769
S214031780F8B504460D46164607F0F1FF32462946DD
S2140317902046FFF7F3FF074632462946204602F067
S2140317A0ADFF01F0CEFC3846F8BD38B504460D460D
S2140317B007F0DDFF2946204602F0A1FFBDE83840CA
S2140317C001F0BFBC704710B5044607F0D0FF2046B3
S2140317D002F096FF2046FFF7F5FFBDE8104001F044
S2140317E0B0BC704738B504460D4607F0C0FF29461F
S2140317F0204602F097FF29462046FFF7F2FFBDE892
S214031800384001F09EBC704770B504460D46164638
S21403181007F0ADFF32462946204602F085FF3246E2
S21403182029462046FFF7EFFFBDE8704001F089BC6C
S214031830704738B504460D4607F099FF29462046FB
S21403184002F074FF29462046FFF7F2FFBDE8384052
S21403185001F077BC704738B5054607F088FF284681
S21403186000F0EFFE04460146284601F0ADFF01F006
S21403187068FC204638BD38B504460D4602F058FFCE
S21403188029462046FFF7E6FF38BD704738B50546BC
S21403189007F06DFF2846E3F729FC04460146284671
S2140318A001F090FF01F04DFC204638BD38B50446E4
S2140318B00D4602F03EFF29462046FFF7E6FF38BDF9
S2140318C0704710B5044607F052FF204602F032FF79
S2140318D02046FFF7F5FFBDE8104001F032BC704725
S2140318E038B504460D4607F042FF2946204602F067
S2140318F023FF29462046FFF7F2FFBDE8384001F0F4
S21403190020BC704770B504460D46164607F02FFFF9
S21403191032462946204602F010FF32462946204624
S214031920FFF7EFFFBDE8704001F00BBC704738B51A
S21403193004460D4607F01BFF2946204602F0FEFE2E
S21403194029462046FFF7F2FFBDE8384001F0F9BB11
S214031950704738B504460D4607F009FF294620466A
S21403196002F0EDFE29462046FFF7F2FFBDE83840B9
S21403197001F0E7BB704710B5044607F0F8FE2046B3
S21403198002F0DEFE2046FFF7F5FFBDE8104001F04B
S214031990D8BB704710B5044607F0E9FE204602F0B0
S2140319A0D0FE2046FFF7F5FFBDE8104001F0C9BBA7
S2140319B07047704770B504460D46164607F0D7FEC7
S2140319C032462946204602F0BFFE324629462046C6
S2140319D0FFF7EFFFBDE8704001F0B3BB704710B5EB
S2140319E0044607F0C4FE204602F0AFFE2046FFF78B
S2140319F0F5FFBDE8104001F0A4BB704738B50446B8
S214031A000D4607F0B4FE2946204602F09FFE2946FF
S214031A102046FFF7F2FFBDE8384001F092BB70475F
S214031A2070B504460D46164607F0A1FE3246294613
S214031A30204602F08DFE324629462046FFF7EFFF8A
S214031A40BDE8704001F07DBB70472DE9F3410446C5
S214031A500D4616461F46DDF8208007F088FE3B46F7
S214031A60324629462046CDF8008002F072FE3B46F9
S214031A70324629462046CDF80080FFF7E5FF02B040
S214031A80BDE8F04101F05DBB0E2070470E207047A5
S214031A9038B5044607F06BFE2046FFF7F7FF05460A
S214031AA0204602F057FE2046FFF7EEFF01F049FB03
S214031AB0284638BD002070470020704738B50446D6
S214031AC007F055FE2046FFF7F7FF0546204602F0CF
S214031AD042FE2046FFF7EEFF01F033FB284638BDF3
S214031AE0704708B507F043FE02F036FEFFF7F8FF2F
S214031AF0BDE8084001F025BB0020704770477047DB
S214031B0008B5DCF7E3FE00280CBF0420012008BD5F
S214031B1070470B68DA7B1AB9DB7C0BB9DCF7FABEC5
S214031B208120704708B5DCF70DFFBDE80840DCF7F9
S214031B3017BF7047DCF706BFDCF712BF082808D8C4
S214031B404FF48B73C34013F0010F0CBF212000200A
S214031B507047212070470121DCF7F4BF0221DCF730
S214031B60F1BF0421DCF7EEBF0821DCF7EBBF102141
S214031B70DCF7E8BF08B500F026F808B1002008BD7A
S214031B80DDF730F80028F9D1DDF73EF80120F6E757
S214031B90152808B503D1BDE80840DDF729B801F0DC
S214031BA08BFE60B9E2F7F6FD032806D100F009F8CC
S214031BB028B9BDE80840FFF7DDBF0028EBD008BD15
S214031BC07047002070470020704708B5DDF7FCF922
S214031BD0FA23B0FBF3F008BD0321DDF725BA012095
S214031BE07047D0E9023253F822301878DDF724BC68
S214031BF00868C37B1BB9C37C0BB9DDF74DBC8120DA
S214031C007047D0E9023253F822301878DDF786BCE5
S214031C10704730B50546044615F8100B85B0029597
S214031C2065691D44CDE900250B46A21D618801F0B8
S214031C3025FE05B030BD704710B492F80A4192F8FD
S214031C40053103EB04230B8100235DF8044B1A468E
S214031C5001F012BE1FB50446084671B12178FF296C
S214031C600BD0238B029363690193237C00936288D2
S214031C70A31DE3F757FAFF23237004B010BD0868CB
S214031C80C37B73B9C37C032B0BD8DFE803F00208CE
S214031C900406DDF743BFDDF773BFDDF7A3BFDDF74C
S214031CA051BF8120704770477047002070471378F4
S214031CB010B5032B0CD15479CBB29C4208D193793F
S214031CC0B3EB112F04D153781B1A5842584110BD59
S214031CD00020FCE77FB505460E4600246946E0B2C1
S214031CE001F078FD28B96A4631462846FFF7DFFF3C
S214031CF018B90134202CF1D1002004B070BDFFF7D1
S214031D00E9BF0868C37B9BB9C37C052B10D8DFE803
S214031D1003F0030D070B0905DEF708B8DEF744BA30
S214031D20DEF79EB8DEF7F0B9DEF76EB9DEF740B839
S214031D30812070470020704730B5102587B001AA70
S214031D4000210195FEF744FC04462A46002102A81A
S214031D50E8F772FD2A46214602A8E8F7BFFD0121EF
S214031D6002A8DEF7FFFB07B030BDDEF78DBB70477A
S214031D70FFF7FDBF0B68DA7B5AB9DB7C012B04D077
S214031D80022B04D02BB9DFF711B8DFF71BB8DFF748
S214031D9025B881207047002307B5012101A80193C8
S214031DA0D5F77AF908B9D4F7B3FF012003B05DF885
S214031DB004FB08B502F032FA052803D0003818BF32
S214031DC0012008BD0220FCE77047D0E9023253F831
S214031DD022301878003818BF0120E0F77FBBE0F701
S214031DE083BB00207047002070477047FF20704772
S214031DF0FF20704700207047002070470020704780
S214031E00704706207047DFF727BE0868E0F700BB79
S214031E1070B50D46044600212846164601F076F9AD
S214031E20324620800221284601F070F9324660804F
S214031E300421284601F067F90023A360E36060608D
S214031E40082070BD034641B181424FF0640005D9B6
S214031E504343B3FBF1F0C0B2704708467047E0F760
S214031E6051BBE1F747B9E1F74FBAB0F5807F05D02C
S214031E70A0F5007358425841400170470820704748
S214031E8030B599B00D4669461446E1F7A1F930B965
S214031E9015B1BDF802302B600CB10D9B236019B051
S214031EA030BD2DE9F04788B00E46904604A905AA32
S214031EB007461D46FFF7E4FF044638BB28800DF1AE
S214031EC00C09DDE904A39A4520D20622514638467A
S214031ED0CDF8009006ABE1F797F9D8B9039B062B2C
S214031EE018D12A88DDF81A3042450ED2BDF81810EC
S214031EF026F832102A8806EBC20253602A88534417
S214031F00013206332A800493DBE7F7D9204608B06C
S214031F10BDE8F0870124F9E72DE9F0438FB00F46BB
S214031F20904601A9002204469946FFF7A9FF18B177
S214031F3001200FB0BDE8F083062220460DF1020310
S214031F4002A9FFF7AEFF0028F2D105460246BDF808
S214031F500210019CEEB28E42EAD20EAB03EBC6062B
S214031F6056F82C3C36F8306C0634BE4217BFE418DD
S214031F70012213460022013522B1C8F80040C9F8F1
S214031F800030D6E71A46E5E770B50024012602F0CE
S214031F901FF9E5B2C26806FA05F59542234604F131
S214031FA00104F4D3D8B270BD70B586B0E0F75EFF17
S214031FB000F11006E6F7CAFA00240546142201A922
S214031FC0301902F00CF91CB99DF80430FF2B16D01B
S214031FD0002303F118026A4412F8142CFF2A06D1D0
S214031FE01C44601E90FBF5F080B206B070BD2B4417
S214031FF0DBB2132BEDD91434B4F5826FDED14FF078
S214032000FF30F2E7E0F768BD07B504220DEB0201E7
S21403201002F0E5F8019803B05DF804FB37B5054612
S21403202008460C46FFF7F0FFA84206D004222046D7
S2140320300DEB02010195E6F7DBFA03B030BD07B5F9
S2140320400B460092002102460120E0F7D7FD03B0BD
S2140320505DF804FB08B50121E0F708FDBDE808407C
S214032060E6F772BCE1F746B808B5FFF7F3FF0020C2
S21403207008BD08B513460A4601461846E0F752FE61
S21403208080F00100C0B208BD00207047704708B159
S214032090E1F750B9704730B4DDE902451DB102944B
S2140320A030BC00F0C6B930BC70471F2804D81422D1
S2140320B000F5A030DAF70EB870471F2804D81422AC
S2140320C000F5A030DAF732B87047152808B505D101
S2140320D0FFF7DCFFBDE80840E1F772BA08BD10B5AC
S2140320E0142486B02246002101A8E8F7A5FB202386
S2140320F0224601A94FF4A03001F07AFC06B010BDC9
S2140321000020704713B500230C461A460146CDE956
S2140321100033E0B2E2F718F802B010BD13B500239F
S2140321201446019001220093E0B2E2F70DF802B0E4
S21403213010BDD0E9023253F822301868E2F77CB9B2
S214032140194491420ADC4218002003B9704712F87A
S214032150011D013B01EB0020DBB2F6E700207047D0
S2140321602DE9F04F4FF0000A85B0019381460F46E4
S21403217015465346019A11785FFA8AF2914203D8BC
S214032180002005B0BDE8F08F019909EB050801EBC7
S2140321904202517892F802B011F04004009101F027
S2140321A03F061BD0AC19BC42D4BF002401243346DF
S2140321B06400A20740F18880009B1B0640F19280D2
S2140321C00E9B324603EB0B000021E8F735FB3D463A
S2140321D000231D44ADB20AF1010ACBE7042E07D84B
S2140321E066B1B31E022B0BD8DFE803F012213000D2
S2140321F03E2E37D03F2E5BD03D2E4BD00320C0E77C
S214032200BD4234BF00240124012664003346D0E7D0
S214032210AB1CBB4250DC02233A4629464846FFF72E
S2140322208FFFADF80A0002230DF10A08C1E7EB1C85
S214032230BB4243DC03233A4629464846FFF780FF62
S2140322400390042603230DF10C08B2E72B1DBB42B3
S21403225036DC04233A4629464846FFF771FF0390C7
S2140322600423F0E77A1E95422CDA02233A462946DF
S2140322704846FFF765FF4FF6FF7380B298420EBFDE
S2140322800223023083B25C19A742B4BF032401249D
S21403229004268EE7BD4215D298F80030FF2B0CBFFC
S2140322A001230133EC18BC42CCBF03240124EFE71F
S2140322B00124042600237CE73446B4E70224C0E75F
S2140322C00224CDE70324E3E70E9A02EB0B0014B1D6
S2140322D042F80B807DE7324641460093E8F73CFC24
S2140322E0009B76E702204CE710B5144686B01881AB
S2140322F01A460A9B0291CDE9034301230193099BE6
S214032300014600930320BDF82030E2F759F906B0E2
S21403231010BD1FB500240294079C0194BDF8184015
S2140323200094FFF7E1FF04B010BD2DE9F0410E461F
S2140323301746054686B098B391B38AB34FF00008A4
S21403234002A95FFA88F001F045FA044640B99DF801
S2140323500830032B08D008F10108B8F1200FEFD19D
S214032360204606B0BDE8F0819DF809202B799A42F5
S214032370F1D1BDF80A206B889A42ECD19DF80C3057
S214032380BDF80D006B7128812B4622464FF6FF7170
S214032390CDE90067FFF7BDFF0028DCD00446DFE782
S2140323A02124DDE710B586B00A9C04949DF82440EA
S2140323B00394BDF8204002940124CDE9003413466B
S2140323C00A4601460620E2F7FBF806B010BD1FB525
S2140323D004460846194600230094CDE90123079BCB
S2140323E0BDF81820FFF7DEFF04B010BDF0B50228D5
S2140323F005460E4614461F468BB00AD106A9F0B210
S21403240001F0E8F998B99DF8193023719DF81C304E
S2140324106371119B224604930023CDE90233019393
S214032420109B3146009328463B46E2F7C9F80BB0AB
S214032430F0BD13B500240194049C0094FFF7D6FF67
S21403244002B010BD2DE9F0450646884614469A4666
S214032450002701258BB006A9F8B201F0BBF920BB13
S2140324609DF81830012B19D19DF8192033799A421B
S21403247014D1BDF81A2073889A420FD19DF81C30E8
S21403248032467371B9B2CDE9030ACDE9010043467A
S21403249002200094E2F794F8054610B90137202F7E
S2140324A0D9D128460BB0BDE8F0850546F9E70023E9
S2140324B0FFF7C8BF10B50446E2F760FE0021631EAF
S2140324C004F10F0213F8010FFF2808BF1970934297
S2140324D0F8D10023237410BD0020704770B506465C
S2140324E01D46E2F7BFFC044608B9212070BD3046FE
S2140324F0E2F786FF0028F8D0A0682A46FF21FFF7F8
S2140325005DF89DF81030002063719DF81430A371B8
S214032510ECE713B59DF81040CDE9003413460122CD
S214032520FFF7DCFF02B010BD08B5E2F79BFC28B14D
S2140325308068FF21FFF753F8002008BD2120FCE741
S2140325400122FFF7F1BF1FB50B466A460146184640
S21403255001F036F96A460823002032F8021B013BD5
S21403256013F0FF0380EA0100F7D1012838BF0120EA
S21403257080B205B05DF804FB2DE9F04F87B0DDE9C6
S214032580109B05468846484619461F461446BDF81E
S21403259048609DF84CA0FFF7D6FF042D0346ABF822
S2140325A000001AD8022D1DD9042D07D04FF2F222AF
S2140325B0A188914222D1E28891071FD5E17A0022B1
S2140325C0CDE9013720463346CDE90392CDF800A086
S2140325D001F045F907B0BDE8F08F6A1F012A11D94B
S2140325E02120F7E700224146CDE9119228462246EC
S2140325F0109707B0BDE8F04F01F040B94FF6FF76ED
S2140326000C21DCE7052D0ED10023E17A0022CDE96B
S2140326100137CDE9039200912346524641463046A0
S21403262001F010F9D6E74FF2F222A188914204D1C5
S214032630E288920701D5E17AE8E74FF6FF760C21A8
S214032640E4E7F0B585B00546E2F7CCF848B16B8809
S214032650B3F5006F05D1681D05B0BDE8F04000F086
S214032660EEBC284600F006FD0446C8B9E7B2694644
S214032670384601F0AFF878B99DF8006066B9294688
S214032680384601F0ABF820B140F60443984207D031
S2140326908C26304605B0F0BD0134202CE6D1F7E792
S2140326A08D26F6E7E2F784BA2DE9FF4704460D4682
S2140326B00146184617461E46BDF830809DF83490EE
S2140326C0DDF838A0DDF76AF8D0B92146284601F0D0
S2140326D023F933463A4629462046CDE9019ACDF8F2
S2140326E00080E2F709FB33463A4629462046CDE901
S2140326F00D9ACDF8308004B0BDE8F04701F0F9BF7D
S21403270004B0BDE8F087E2F7A1BCE2F759BCE2F7F4
S2140327107DBC10B5044601F00BF90822014620469D
S214032720BDE81040E8F7DAB801F004B9002101F07B
S21403273001B901F013B90020704720207047EFF766
S21403274057BFEFF7A1BFF2F74BBA7047E2F7CABD20
S21403275070B506460C46154600F04CF850B13CB131
S21403276035B1204600F0D8FC013080B2A84200D92B
S214032770002070BD304600F043F840B1002CF7D07F
S214032780012DF5D9204600F0CCFC0230EDE73046AB
S214032790E2F708FDEAE7F8B5BDF8185010B39678E7
S2140327A055B9D478A6F14107012F07D8621ED2B2D5
S2140327B000F0D1FD0020F8BD2C46F3E7433E012E82
S2140327C004D8A21E92B200F0DEFDF3E7D27813B966
S2140327D00DB1AA4206D811B9E8F72EF8EAE7E8F7EA
S2140327E07DF8E7E78920E6E7413803288CBF002019
S2140327F001207047413801288CBF00200120704714
S214032800433801288CBF0020012070470020704702
S214032810002070470388B3F57C4F01D3FFF7F8BF5A
S2140328200846FFF7F3BF10B54A880488A2420DD1C5
S214032830037B0C79234009D0B2F57C4F08D3FFF70E
S214032840E7FF0B891B1A5842584110BD0020FCE7CE
S2140328500120FAE738B50D88D488A5420AD1038843
S214032860B3F57C4F08D2FFF7D5FF13891B1A5842DE
S214032870584138BD0020FCE70120FAE72DE9F04770
S21403288015460446B8B149B1EAB100264FF0140A1A
S214032890B04690F80490F3B2994501D800240AE0B4
S2140328A027680AFB06773846FFF7BDFF013628B1CF
S2140328B03C46A5F800802046BDE8F0877B89434464
S2140328C01FFA83F8E7E71446F5E72DE9F0470E46C7
S2140328D015460446B8B149B112B300274FF00C0AA7
S2140328E0B846B0F80890BBB2994501D800240AE070
S2140328F06368324620460AFB0731FFF7ABFF28B171
S2140329000C46A5F800802046BDE8F0870B79013712
S21403291013F0300F02BFCB7843441FFA83F8E2E785
S2140329201446F0E72DE9F04186B00D461446984666
S21403293004AA05AB03A90646E2F70AFD40B30DB1A8
S214032940049B2B6034B3049D03982946FFF762FF6C
S2140329502B88074602467188307800F04FFBD8B1C3
S214032960297911F010030BD0EB782A46CDE9004302
S2140329703B4671883078FCF732FC06B0BDE8F08140
S2140329802A4620460599CDF80080FFF704FFF4E7B2
S2140329908620F2E72046F0E77E20EEE71FB51C46CA
S2140329A00023ADF80A20BDF818208DF80400ADF812
S2140329B00610ADF80C2069461A4601A800938DF858
S2140329C00840FFF7AFFF009804B010BDF0B587B01E
S2140329D00E4605AB04AA03A90446E2F7B9FC08B3FE
S2140329E0049D03982946FFF715FF2B8807460246E2
S2140329F06188207800F004FBB0B1297911F010014A
S214032A0008D000963B462A4661882078D3F7D8F943
S214032A1007B0F0BD009101232A4631460598FFF71B
S214032A20BAFEF5E78620F3E77E20F1E72DE9F041CD
S214032A30064600254FF014080779E8B2874201D806
S214032A4000241AE008FB05F0D6F800C00CEB0004DF
S214032A503CF8000081421AD132B1802A10D194F991
S214032A600CC0BCF1000F12DAB0F57C4F05D320463C
S214032A70FFF7CEFE834200D04BB92046BDE8F08177
S214032A80402A04D194F80CC01CF0400FECD1013559
S214032A90D3E70121E2F798BB08B513460022E2F715
S214032AA0C1FC003818BF012008BD08B513464022F4
S214032AB0E2F7B8FC003818BF012008BD08B5134676
S214032AC08022E2F7AFFC003818BF012008BD08B526
S214032AD040220023E2F7A6FC003818BF012008BDF9
S214032AE008B580220023E2F79DFC003818BF0120BA
S214032AF008BD0023E2F796BC0021E2F703BD10B53C
S214032B0004460121E2F7FEFC2046BDE8104001F032
S214032B1024BE7047F8B516461F469DF81820BDF824
S214032B201C300546E2F77EFC78B10421E2F768FD27
S214032B30044650B1284600F010FB3A463146284674
S214032B40A047BDE8F84000F0FCBAF8BD2DE9F74F02
S214032B501E46DDE90C9B074688461446BDF838300A
S214032B602AB3B9F1000F22D00EB392F804A099F855
S214032B700020504612F0080F0CBF802240226188C6
S214032B80E2F750FC98B10821E2F73AFD054670B12A
S214032B90504600F0E2FA3346224641463846CDE92F
S214032BA0009BA84703B0BDE8F04F00F0CABA03B0D5
S214032BB0BDE8F08FF8B5BDF8187016461A463B46C2
S214032BC00446E2F72FFCE0B177B90221E2F718FDDD
S214032BD00546B0B1204600F0C0FA31462046A84765
S214032BE0BDE8F84000F0ADBA1021E2F709FD05464E
S214032BF038B1204600F0B1FA3A4631462046A84797
S214032C00EEE7F8BD73B5BDF8184016461A462346D8
S214032C100546E2F707FCB8B1C4B92021E2F7F0FC99
S214032C20044670B1284600F098FA099B3146009393
S214032C3028469DF820309DF81C20A047044600F047
S214032C4080FA204602B070BD8624FAE70024F8E72F
S214032C502DE9F04186680446007800F07EFA0025E8
S214032C6014273279EBB29A4203D8BDE8F04100F05C
S214032C7068BA7B4332682078D15A02EB030800F027
S214032C80C1F901214046E2F7BBFC034608B12078B0
S214032C9098470135E5E72DE9F04F1C4689B09DF8C6
S214032CA04C30BDF8488001939DF85030924602930D
S214032CB02246434607460D46E2F7B4FB8DF81470EA
S214032CC00646ADF816508DF81840ADF81AA0ADF8C4
S214032CD01C8018B9012009B0BDE8F08F05A9FFF7DD
S214032CE0A2FD0028F6D000252F46A8462C4634E041
S214032CF00C231FFA85F903FB09F931887368B1F5CC
S214032D007C4F33F8092003EB090B1AD333F8090079
S214032D1050452CD3019BA3422DD900F0BAF99BF85A
S214032D200200E3F719F9029B43B19BF8043013F052
S214032D30010F0CBF05200720E3F70EF90134A4B2F8
S214032D4019E0ADF81A205946304605AA0393FFF753
S214032D5081FD039B0028D9D101353289ABB29A4253
S214032D60C6D804EB0800C31B58425841B3E708F122
S214032D7001081FFA88F80137BFB2EDE710B5012442
S214032D8088B006949DF83C4005949DF8384004941A
S214032D909DF8344003949DF8304002940B9C0194B4
S214032DA0BDF828400094E2F76FFD08B010BD2DE98A
S214032DB0F04786B0BDF83880DDF83C909DF840A01B
S214032DC0CDF80080CDE9019A04460D4616461F4607
S214032DD000F012F9B8B1431EDBB2012B10D8002362
S214032DE00122811E48424841CDE90432CDE902A0C2
S214032DF03B46324629462046CDE90089FFF7BEFF0B
S214032E0006B0BDE8F0870120FAE730B500240125B7
S214032E1087B0CDE9044503959DF82C5002950A9D8D
S214032E20CDE90045FFF7AAFF07B030BD30B5002453
S214032E30012587B0CDE9044503959DF828500094F5
S214032E40CDE901354023FFF799FF07B030BD10B534
S214032E50012486B0CDE90444002403949DF8284059
S214032E600294099C0194BDF820400094FFF786FF66
S214032E7006B010BD1FB5089C03949DF81C40029431
S214032E80069C019400240094E2F7FAFD04B010BDFA
S214032E9070472DE9F84F0229074688460C9D04D84B
S214032EA04FF0000A5046BDE8F88F1BB10429F7D946
S214032EB042F004023A702BB303247B701B0ABB70E8
S214032EC0E4F7F4F84FF000099DF82830385504F17C
S214032ED0020A01343B550B9A5FFA89F3D45C002C43
S214032EE0E0D0732C10D82E464C2C56F804BB3DD09D
S214032EF0532C15D0622C45D1AC8805F10806002367
S214032F001A4616E00124DBE7A4F17503032BC7D8A2
S214032F10763C2E1D022C52D8DFE804F0565A580091
S214032F206A6805F1080694B2D2B2B2F1FF0318BF7D
S214032F3001230AEB040119448845B1DB50461946C0
S214032F40002947D153441FFA83FA5CB1BBF1000F43
S214032F50A6D0224607EB0A005946E7F7FDFD544480
S214032F601FFA84FA354609F10109B4E74FF6FF73F1
S214032F706A6805F1080694B222469C4214BF0223EF
S214032F800023D6E76C2C05D1584600F0CAF8841CFB
S214032F90A4B2B4E7732C04D1584600F0BDF8441C21
S214032FA0F6E7A4F13003DAB2092A01D89CB2A6E701
S214032FB0A4F14103062B3FF673AF373CE8E7012342
S214032FC000242A68A346B4E70223F9E70323F7E7B6
S214032FD00423F5E700F1010C01393A54C9B2120A89
S214032FE01FFA8CF0ACE70020E2F73EBF0022E2F7C0
S214032FF05BBF0023E2F76EBF0120704701207047D6
S214033000012070477047002070470020704700205B
S21403301070470020704700207047002070477047B5
S2140330200E2070470020704700207047002070472E
S214033030002070477047FF2070470E20704784209B
S2140330407047704700207047704700207047002085
S214033050704700207047002070470020704700200C
S2140330607047002070470020704770470E20704757
S2140330700020704700207047002070477047704755
S2140330800E207047704700207047812070477047B6
S214033090704738B50546C0B2E2F75EFF0446280A15
S2140330A0E2F75AFF14B1002808BF0024204638BDB3
S2140330B0F8B50546C0B2E2F74FFF0446C5F307204E
S2140330C0E2F74AFF0746C5F30740E2F745FF064621
S2140330D0280EE2F741FF24B12FB136B1002808BF0E
S2140330E000242046F8BD3C46FBE73446F9E710B417
S2140330F0CC18944203DC5DF8044BFFF721B800209C
S2140331005DF8044B70470423FFF7F1BF08B50223AD
S214033110FFF7EDFF80B208BD0078FF2808BF002048
S214033120704708B502220021FFF7F0FF4FF6FF7342
S214033130984208BF002008BD003818BF0120400091
S21403314070470020704708B5FFF7A3FCFF284FF031
S214033150FF3018BF0020C0B208BD08B5FFF7F3FF65
S214033160FF280CBF2120002008BDF8B506460C46F4
S21403317015461F4600F011F810B12544AC4200D1A5
S214033180F8BD3946304614F8012BE2F7D7FFF5E7CA
S214033190014600220220E2F761BF0120704737B5DF
S2140331A00546E1F7EBF9044601950CB981201CE0CE
S2140331B0237823B12046E1F7E9F90446F5E72B68BF
S2140331C062685B889A42F5D1A368EA7B99B272B1CA
S2140331D02A8A9142EED16A7DB2EB134FEAD10020E0
S2140331E0E36801A998478128E4D003B030BD4FF6C1
S2140331F0FF72EEE72DE9F84304460F4690469946DC
S2140332000BB3012A1FD80C20E7F71CFD064610B99E
S2140332101920BDE8F8831020E7F714FD18B93046E7
S214033220E7F718FDF4E70123002547EA084770602F
S2140332300570C0F80C904460876033803046E1F731
S21403324095F92846E5E72120E3E738B504464368C1
S21403325008460D469847B4F90830002B02DB2B7856
S214033260042B06D1002320466360BDE83840E3F70D
S214033270F7BA38BD30B54FF48A5587B0ADF8162087
S2140332800DF116041A46029543B100230122CDE937
S2140332900033234600F01EFA07B030BD0194012424
S2140332A00094F7E7FFF7EBBEFFF7BCBE00207047BE
S2140332B008B500F001FB20B900F048FB08B9E0F7B9
S2140332C04DFBFFF7D2FEBDE80840FFF7DBBE00204C
S2140332D0E3F72EBF0021E3F7CBBF0022E3F78ABF55
S2140332E01FB5D2880B4612F0200F4FF6FD7114BFA0
S2140332F049245224ADF80610510544BF083CE4B2F5
S214033300110544BF083CE4B2120444BF023CE4B2D5
S214033310032805D8DFE800F0020F161CADF80630C8
S214033320BDF80600FFF787FEFF281CBF241AE4B289
S214033330204604B010BD02AA0DF10601D8B200F073
S21403334079FAEDE7D8B200F047FAADF80600E7E7FA
S214033350013CE4B2E4E7F8B5064617460D4681B1EC
S2140333600C78FF2C0BD00846FFF7D6FEB84228BFD2
S2140333703846C4B22246691C701CE7F7AFFA3470AD
S214033380F8BD0C46FBE770B5044615460E4611B964
S2140333904170017070BD0B78FF2B05D14B78FF2B66
S2140333A002D103704370F5E73046FFF7BAFEA84232
S2140333B028BF284685B22A46B11CA01CE7F78EFA1A
S2140333C025702D0A6570E5E7F0B523B9013A531C5D
S2140333D02FD1002020E0042AFBD800231C46551ECC
S2140333E06E1C1AD1042A10D00121D200501E01FAF5
S2140333F000F020421EBF914049420C4318421EBFB4
S2140334004FF0FF3101FA02F213439C421EDCB4BFB5
S2140334104FF0FF30002040B2F0BD40B1465DEF00F4
S214033420BE4034434E5D013DBE403343D8E70646B7
S214033430F5E78C5C38B90346A34202F1FF32C6D2E5
S2140334404FF0FF30E8E7835CA342F5D90120E3E7BA
S214033450283807288CBF0020012070471D2810D06D
S21403346004D840B11C2804D0552070471E380128C4
S214033470FAD81A2901E00B390F298CBF55200020F2
S21403348070470829F9E7002000217047F7B59DF833
S21403349020400546082C104619469DF8246036D869
S2140334A0002213462C44AC4208D106F0FD04382C07
S2140334B00ED10096FFF7E7FF03B0F0BD14F8017DC9
S2140334C01B0243EA12631202BA1843F10003EAE747
S2140334D0392E10D107EE100A07EE902AB4EEE77ADB
S2140334E0F1EE10FACCBF77EE677A77EEC77A002153
S2140334F017EE900AE0E7824273EB010403D2801AC8
S21403350061EB0301D8E7101A63EB0101D4E700204F
S2140335100146D1E738B5C36814461944836853F89F
S21403352021501AB12846E7F783F82070284638BD9D
S2140335302DE9F3411C4616460DF107029DF820506F
S214033540FFF7E8FF9DF807308046A34288BF8DF853
S21403355007409DF807700DB1E41BE5B22A4600212B
S2140335603046E7F769F93A4641467019E7F7B6F980
S214033570384602B0BDE8F0812DE9F3411D461646F4
S21403358001AA9DF82040FDF723F8019B80469D4243
S21403359038BF0195019F04B1EC1B2246002130463B
S2140335A0E7F74AF93A4641463019E7F797F9F8B28A
S2140335B002B0BDE8F08173B50024154601AA1E4685
S2140335C00194FDF705F8019B072B0AD92146CCB2D7
S2140335D016B1C4F10704E4B2425C013108292A5546
S2140335E0F5D1D8B202B070BD1FB5030A8DF80E3000
S2140335F00323009303AB8DF80D0000F0BBF805B072
S2140336005DF804FB1FB58DF80F100421030A8DF82F
S2140336100E30009103AB8DF80D0000F0ABF805B04B
S2140336205DF804FBF0B589B016689DF83C50CDF8FC
S21403363009608DF811305668BDF83830012D109F9B
S214033640BDF84440CDF80D60ADF812308DF8145037
S21403365014D0032D19D13B68CDF815307B68CDF80F
S21403366019309DF848308DF81D3016230093BDF8A9
S2140336704C2002AB00F07EF809B0F0BD8DF8154083
S214033680240A0F238DF81640F0E70120F4E71FB550
S2140336900446084611461A4602238DF80D10009379
S2140336A0214603AB00F066F804B010BD10B514460F
S2140336B01A460B6886B0CDF80D304B683421CDF82A
S2140336C011300A23009303AB8DF8154000F052F82F
S2140336D006B010BD2DE9F041B6B014461D460646A9
S2140336E00F469DF8F080E3F7E7FF03AA8DF80C007A
S2140336F01046330A8DF80F703F0A8DF80E308DF89A
S2140337000D602B468DF810708DF8114005EB4405BF
S214033710AB4202F102021FD16200D2B2931DDBB2AA
S2140337203D99D8336B44073203F8CC8C01EB48053C
S214033730D3B250FA82F2A94202F1020212D103EB8B
S2140337404803009006213046BDF8F820DBB2E3F7C5
S214033750BDFF36B0BDE8F08133F8021B1171090ACC
S2140337605171D5E731F8024B02F8024C240A02F8ED
S214033770014CE0E72DE9F0411C4605460E46174688
S2140337809DF81880E3F798FF207043463A46314683
S21403379028460694BDE8F041E3F798BF002070473B
S2140337A07047D8F701B8704770477047704770473F
S2140337B00020704770477047002070477047704777
S2140337C002F0EEBEFEF772B8FEF755B803F031BA54
S2140337D0F8F75CBB03F01EBAF8F716BBF8F77EBB28
S2140337E0F8F738BBFEF71CB9FEF76BB8FEF778B8E8
S2140337F0F4F7B0BDF4F7B4BDF3F714BDF2F736BE75
S214033800F2F73ABEEFF70EBBFEF7B5B8FEF77AB897
S214033810FDF715BFFEF79DB8FEF789B830B4BDF8BF
S21403382008409DF80C50CDE9024530BCFDF726BF95
S214033830FDF793BFF8F7C4BCE3F798BFF8F78ABD64
S214033840F7F7D6BB70B49DF80C40BDF810509DF842
S21403385014600394CDE9045670BCF5F7DBBB70B473
S2140338609DF80C40BDF810509DF814600394CDE904
S214033870045670BCF5F70EBCF5F7F8BC10B49DF80B
S214033880044001945DF8044BF5F748BC10B49DF86A
S214033890044001945DF8044B01F073BF01F073BF5D
S2140338A0FDF7A0BFFDF7B0BFFDF7C3BFF1F746BBFB
S2140338B0F2F788B9F2F75AB9F1F76CB902F09FBA82
S2140338C0F1F710BD02F0E1BAF1F770BEF1F742BAB4
S2140338D0F2F77EB9F2F700B9F2F716B9F0F756B871
S2140338E0FEF7B3B8FEF766B8FEF779B8FEF786B804
S2140338F000F00BBC00F004BCF7F7B0BBF5F7BAB9A1
S214033900F7F78ABBF7F7B0BCF5F784B9EFF776BAE3
S214033910F6F7A6BDFFF745BFFBF79CB8FEF7E1B881
S214033920FDF751BFFEF736B801F001BDE3F77CBEE5
S214033930EFF728BEEFF722BB01F09BBF01F06BBF8A
S214033940EFF770BBEFF7AEBDEFF7B2BDEFF7DEBA3A
S214033950E3F786BEE3F798BEE3F770BEEFF78CBADD
S214033960E3F776BEF9F74EBA01F053BF01F01ABF7C
S214033970EFF788BAEFF7F0BDEFF7D0BAE3F714BF67
S214033980E3F70CBFF9F742B8F9F72EBA03F05DBABE
S21403399003F063BAF9F7B2B8F9F72EBA00F063B9D1
S2140339A000F0A1B900F0C9B900F0A0BA00F010BB4E
S2140339B000F079BAE4F7EEBB00F0E6B900F013BA0C
S2140339C000F026B810B51C4601F0C2FD05F008FF4E
S2140339D00023C0F340202370400010BD002208B52A
S2140339E00B461146FFF7EEFF023818BF012008BD4D
S2140339F000207047704700207047704700207047CC
S214033A0070470E20704701207047704701207047AB
S214033A1014220021E6F710BF704770B505460C4622
S214033A208AB0252200210DF10300E6F705FF6B6837
S214033A30CDF81D30AB68CDF82130234601AC03F139
S214033A401006224618685968083303C2B342144660
S214033A50F7D101236A7B8DF8023012F0040F0CBFF6
S214033A604FF480734FF4A073110748BF43F4806389
S214033A70ADF80030930748BFBDF80030684644BF32
S214033A8043F00803ADF80030F4F7FEFD0AB070BD4E
S214033A9030B5427B0D46D10704468BB007D5407838
S214033AA001A9F4F757FED8B12D200BB030BD93070C
S214033AB0FAD5C2F3800310074FEA8313ADF802303A
S214033AC044BF43F48063ADF80230BDF80220201DE6
S214033AD00AB10DF1020201A902F07FFD0028E3D02E
S214033AE001AB03CB9DF81430A1602373BDF81030EF
S214033AF06060590642BF627B42F0040262735A0555
S214033B0042BF627B42F0080262731B0742BF637BBD
S214033B1043F0020363732B4606AC0AAD224603CA80
S214033B20AA4218605960144603F10803F6D1002030
S214033B30BBE7F0B504460D4693B0252200210DF1F0
S214033B402300E6F779FE636804F1040CCDF83D30F4
S214033B50A36809AECDF841302B4605F1100732466F
S214033B6018685968083303C2BB421646F7D10523C3
S214033B708DF82230637B5B0103F40073ADF82030CD
S214033B806378FF2B1AD1002360461A4601A900F07A
S214033B90CAF99DF80530FF2B0DD1002301A91A465B
S214033BA0184600F0C0F99DF80530FF2B03D11C26FC
S214033BB0304613B0F0BD9DF8053063700020617881
S214033BC008AA00F09BFA06460028F1D1607801A9FE
S214033BD000F02FFA2B4603AD2A46186859680833B7
S214033BE003C2BB421546F7D1637B6078DB0648BF4A
S214033BF09DF81C3001A944BF63F07F038DF81C3089
S214033C0000F02EFAD4E710B504468AB02422002129
S214033C1001A8E6F711FE637B590744BF4022ADF8BF
S214033C2010201A0742BFBDF8102042F48062ADF898
S214033C301020DB070FD5607801A9F4F78BFD10B1D0
S214033C402D200AB010BD01AB03CB637B606043F04D
S214033C500203A160637304A9201D02F0C0FC0028C0
S214033C60EED00020EDE71FB5694600F066F80028A1
S214033C7018BF2D2005B05DF804FB73B50D4614463A
S214033C800646E3F7B5FE6B881A071AD52246314671
S214033C90102002F085FC2046E3F7AAFE6B88D907BE
S214033CA017D50023224601210DF107008DF80730B2
S214033CB0E4F76AF96B88002B0CBF2120002002B0C2
S214033CC070BDDE06EAD522460821281DE4F75CF916
S214033CD0E1E79A0701D50223E4E75B07EAD5032366
S214033CE0E0E70F2070471FB50C46694600F025F83D
S214033CF0102221466846E7F7EBF8B0FA80F0400951
S214033D0004B010BDB8B1B1B14388A3B90378013B81
S214033D10082B10D8DFE803F00507090B0F0F0F0F6A
S214033D200D00E4F733B8E4F78DB8FFF776BEFFF778
S214033D3000BFE4F71BBA2120704738B50D4609B318
S214033D4000B30378013B082B1AD8DFE803F0050D10
S214033D501013191919191600E4F750F804462846E3
S214033D6002F01EFE204638BDE4F78CF8F6E7FFF7B0
S214033D708FFEF3E7E4F7BCF8F0E7E4F701FAEDE7C4
S214033D802124ECE72124EDE770B586B0064601A8AA
S214033D900C461546FFF73CFE04238DF804301CB191
S214033DA02068616802AB03C3294601A88DF8056045
S214033DB0FFF7A8FF06B070BD70B586B0044601A82D
S214033DC00D461646FFF724FE0323206861688DF828
S214033DD0043002AB8DF8116003C3294601A8FFF730
S214033DE091FF06B070BD0022FFF7E6BF30B5437BF8
S214033DF0044613F001020D468BB007D0407801A9A4
S214033E00F4F7A8FC70B12D200BB030BD9B07FAD594
S214033E10ADF8022001A90DF10202043002F0DDFB29
S214033E200028F0D000210E22A81CE6F705FDBDF8F9
S214033E3010302B80039BAB60BDF81230AB819DF82E
S214033E401430237301AB03CB6060A1600020DBE773
S214033E5070B5437B0446DB070E468AB003D42D2594
S214033E6028460AB070BD6946407800F045F9054615
S214033E700028F4D1DDF81D300E226360DDF8213012
S214033E800146A360637BB01C43F002036373E6F74B
S214033E90D3FCBDF80030069A43F004033380059B39
S214033EA0B2607360DCE70B4610B5044610220021AF
S214033EB01846E6F7C1FC2278032A09D0042A0DD057
S214033EC0022A11D101462046BDE81040E4F7BEB9E8
S214033ED001462046BDE81040FFF788BF014620464E
S214033EE0BDE81040FFF7B4BF262010BDF8B507465F
S214033EF008460C4616461D46FFF78AFD0423237024
S214033F00637B314643F00103204667706373FFF714
S214033F1014FF08B12D20F8BD29462046FFF7C3FF3E
S214033F200028F8D0F6E7F8B5054608460C461F46BF
S214033F301646FFF76DFD0423237025B10822294694
S214033F40E018E6F7CBFC637B43F0020363734EB9DA
S214033F5032460121284600F0DAF8FF28607007D1C0
S214033F602D20F8BD31462046FFF7E7FE0028F7D19F
S214033F70637B43F0010363730DB90020F1E7002F61
S214033F80FBD039462046FFF78EFFF6E7F8B50C461A
S214033F900746084616461D46FFF73AFD0323204606
S214033FA0394600F8043B0822E6F798FC637B314663
S214033FB043F0020320466373FFF7BFFE08B12D20CC
S214033FC0F8BD29462046FFF76EFF0028F8D0F6E72F
S214033FD0F8B5074608460C4616461D46FFF718FD75
S214033FE003232370637B314643F001032046677047
S214033FF06373FFF7A2FE08B12D20F8BD29462046BD
S214034000FFF751FF0028F8D0F6E718B18022012108
S21403401000F07DB8FF207047002307B51A461946FF
S2140340200093F6F799F8B0FA80F0400903B05DF80C
S21403403004FB0B4610B519220446FF211846E6F783
S214034040FBFB7E2C01468CBF04F5C43004F583309D
S2140340504FF01902BDE8104088BFAD30D8F73AB824
S2140340607E2888BF00F5C4304FF0190294BF00F5D0
S2140340708330AD30D8F75AB830B589B00D46FFF760
S214034080C4FFFF2804460DD001A9FFF7D2FF286816
S214034090696801AB03C3204601A9FFF7E1FF0020CF
S2140340A009B030BD2D20FBE77047704700207047EE
S2140340B070470F2070470F207047002070470F206F
S2140340C07047002070470020704784B08DE80F00CB
S2140340D0002004B070477047704700207047704751
S2140340E000207047704700207047012070477047D4
S2140340F000207047012070470E2070470E2070473F
S2140341000E2070470020704770470E207047FF2030
S2140341107047704770470020704770477047704776
S214034120002070477047002070470020704700202B
S21403413070477047704700207047002070477047ED
S214034140002070470020704770470020704710B566
S2140341500024E3B210B9C3F10303DBB20134042C29
S214034160CA544FEA1222F4D110BD10B50B784C781E
S2140341708A78C97828B9104622460446084619465E
S214034180034642EA012043EA042343EA004010BD03
S2140341907047E4F70FB908B5D2F7BCFE002814BF82
S2140341A08620002008BD08B5D3F784F8003818BF6A
S2140341B0012008BD08B5D3F73DF8003818BF012025
S2140341C008BD08B5D3F7C2F8003818BF012008BDEC
S2140341D008B5E4F7CFF9BDE80840E4F77DB970B554
S2140341E004460D461646E4F7C5F90420E4F766F9D7
S2140341F0324629462046FFF7DDFF04460220E4F751
S2140342005DF9204670BD08B5E4F7B4F9BDE808408B
S214034210D2F7F4BFE4F7E6BCE4F7C6BC08B5E4F7A8
S214034220C3FC20B1BDE808400020E4F7FBBD112025
S21403423008BD10B5044608B1E4F7D6FE2046BDE82F
S2140342401040FCF7C5BF10B50446006A10B1616A9A
S214034250FFF7EFFF0020C4E9080010BD38B5054698
S214034260FFF7F1FF2B7E0446012B0ED0023B012BFA
S2140342700ED8EB69012B18BF6FF096042822002195
S2140342802846E6F7D9FA204638BDEB69002BF2E755
S2140342906FF09604F2E718220021E6F7CDBA7047CE
S2140342A02DE9F84F9846DDE90B490D9B15469A070D
S2140342B006460F4623D02A460A9B03EB040A1444F9
S2140342C0A24220D10D9B9B0705D5A2EB050AD1453B
S2140342D005EB0A0420D82046BDE8F88F4346394646
S2140342E02020B0470AF1010ACA450AEB0B02F5D3B0
S2140342F0A9EB04024C4588BF00222A44DCE7A24609
S214034300A5EB040BF0E702F1010B434639461AF816
S214034310010DB0475A46D3E7434622463946202086
S214034320B0470AF1010AD2E72DE9F047DDE90D7639
S21403433016F0020F9DF82880DDE90854DDE90BCE60
S2140343401FD106F001094FB1B9F1000F06D0B8F13D
S214034350000F02D116F00C0F00D0013F4FF0300AC9
S21403436004E0202C04D005F804A001347445F8D3E7
S214034370B9F1000F05D04FF03009A74201D9202C20
S2140343802DD116F0100F1FD016F4806F2CD15CB30E
S214034390744501D0BC4227D1B4F1010E23D0BCF141
S2140343A0100F46D1023C16F0200F28D1202C28D01F
S2140343B04FF0780C05F804C00134202C21D04FF0C0
S2140343C0300C05F804C00134202C1AD0B8F1000FC5
S2140343D023D04FF02D0C05F804C0013412E005F885
S2140343E004900134C9E77446BCF1100FDBD0BCF16E
S2140343F0020FE2D1202C04D04FF0620CDAE7202C17
S21403440008D12024CDE90A76CDE90854BDE8F04763
S214034410FFF746BF4FF0580CCCE716F0040F02D058
S2140344204FF02B0CD7E716F0080FEBD04FF0200C0D
S214034430D1E7BCF1020F7446C1D1DDE72DE9F043A5
S21403444091B0189D1A9E1D9F0DB927F010077C0585
S21403445000D515B317F0200F14BF4FF0410E4FF0E1
S214034460610EAC4600250DF12008AEF10A0EBCFB2A
S214034470F6F906FB19C95FFA89F4B9F1090F94BF77
S21403448030347444E4B2B44508F8014B05F1010531
S214034490BCFBF6F401D3202D10D11C9C0697059483
S2140344A01B9CCDE903649DF86440CDE9015408AC38
S2140344B00094FFF739FF11B0BDE8F083A446D6E7B2
S2140344C02DE9F04F95B0269ECDE90A23DDE91E744B
S2140344D0DDE9229B57EA040308BF26F0100672059F
S2140344E0CDE9080102D557EA040337D016F0200FAA
S2140344F014BF4123612300250DF1300AA3F10A08F6
S21403450021464A465B463846E5F72AFED2B2092AD2
S21403451094BF303242444F45D2B274EB0B0405F1DC
S21403452001050AF8012B01D3202D14D1259B0696ED
S2140345300593249BDDE90801CDE903939DF88030BC
S214034540CDE901530CAB0093DDE90A23FFF7ECFE3C
S21403455015B0BDE8F08F07460C46D1E70025E5E722
S21403456008B100F014B8704710B1D1E9003118470C
S214034570704738B5441E14F8015F25B90A2000F0C9
S21403458006F8284638BD284600F001F8F3E701464A
S2140345900020FCF7F0BB70477047EEF743B8704750
S2140345A008B5FCF7B9FBD2F7B5FCBDE80840D4F76D
S2140345B0C5BD704708B5D2F7F5FFFBF7EFF8BDE8C2
S2140345C00840E3F7D7BF08B5FBF775FFE4F740FDF0
S2140345D0FBF74FFEE5F7DEF8E5F7CAF8E5F74CF824
S2140345E0BDE80840D7F750BD08B5D5F767FDFBF71C
S2140345F02FFED5F76FFDFBF72DFED9F757FFD9F73B
S214034600FDFFDAF705F9BDE80840DAF723B8704787
S2140346107047E5F757B808B5FCF7C9FFBDE808408B
S214034620FCF7F4BF704707B5002203461146012086
S2140346300092D9F7B5F803B05DF804FB07B500920E
S2140346400B46027D81898068FDF78AFD003818BF16
S2140346500120C00103B05DF804FB08B50020E0F7B5
S21403466021FC0020E2F7B2F90020DAF7B1FA0020C5
S214034670DAF742FD0020DAF741FF0020DBF72EFAD7
S2140346800020DBF757FF0020DEF786FA0020DEF770
S214034690F1FF0020DFF7E6FDBDE808400020DFF766
S2140346A0D1BE08B50120FDF73DFA0120DAF7F0FB8D
S2140346B0BDE808400120DBF711BA08B50220E0F791
S2140346C0E5FC0220DFF7D8FE0220E2F78DFC02208D
S2140346D0FFF7A2FD0220FDF7C5FC0220DEF7CAFFA6
S2140346E0BDE808400220E0F771B9DAF70FBDFDF721
S2140346F0D9BF704770477047704770477047704719
S21403470010B50446E0F77CF82046FDF741FA20464C
S214034710DCF722FA2046DDF775F92046BDE810409F
S214034720FDF7D3BCFDF7EEBCFDF7F8BCDFF7A4BD81
S21403473070477047FDF750BA704770477047704729
S2140347407047704705F012B870477047DFF72EBE04
S214034750704770477047704770477047FEF779BCDD
S214034760FEF77DBC704700207047FEF77ABCFEF765
S21403477083BC7047431E012B03D9031F584258417D
S21403478070470120704700F021BC4FF4D07200211F
S214034790E6F752B870B50446E8F726F90546A8B911
S2140347A0A169F1B1238AD3B1204604F11002E7F7D9
S2140347B0C9FF38BBE16919B3638AA3B1204604F184
S2140347C0120200F0CAFA78B1054603E00023A3619B
S2140347D02361E361002328466361236270BDA06101
S2140347E0E8E72082E6E7E361216A0029F2D0A28A9D
S2140347F0002AEFD02046E38ABDE8704000F06FBA87
S2140348006182F1E76582E561DEE711B9D0F8DC1075
S21403481021B1CB6813B18B68D88970474FF6FF7008
S2140348207047E7F7C5B910B50C461146E7F7E6F942
S214034830E8F714FC012801D1002010BD002CF7D1A5
S2140348400520FAE700F0CFB900F0E3B970B500230E
S2140348502425D0F8DC00C4689C4201D1212070BD19
S214034860826805FB0322D6898E4202D8128A8A42C0
S21403487001D20133F0E70020F1E7F8B506460D460E
S214034880E6F732FCD8B94FF6FF734FF0240CEF6807
S214034890C1B28F4208D81C4621463046E6F7DAFDF9
S2140348A000F09AFB2046F8BDAA680CFB0122D489C7
S2140348B09C4202D2002CEFD023460130E8E70024C6
S2140348C0F0E7C08D70470A7838B505461046FFF7FF
S2140348D051FF60B14C782046FFF74CFF38B12243B6
S2140348E0530704D42846BDE83840E7F7D3BB212056
S2140348F038BD10B504460878FFF73CFF58B14A7830
S2140349001046FFF737FF30B1042A04D02046BDE82F
S2140349101040E7F7DDBB212010BD00F0E8B8E7F74D
S2140349203FBF084600F008BBE7F77EBA38B5044633
S2140349300D4600F08EF850B129462046E6F78AFD6C
S21403494030B929462046BDE83840E7F735BA0E2089
S21403495038BD70B516460C4604F065FD314605466F
S2140349602046EAF717FC0446284604F057FD20467F
S21403497070BD00F032B970B5044600200E4600F054
S21403498027FBD4F8F0503DB1002331462046AC4611
S214034990BDE870401A4660472B4601223146204642
S2140349A0E7F7A2FC284670BD38B5044648880D468E
S2140349B000F00EFBD4F8F0302BB929462046BDE8AC
S2140349C03840E7F79FBB022038BD00F003BB00F07A
S2140349D03CB9E7F7BFB8E9F7B7BB70B5BDF81060E9
S2140349E0054606B16BB1334428469BB200F077F90F
S2140349F0044620B91EB13146284600F0ABF92046DE
S214034A0070BD2124FBE7E8F725BFC0F8EC100020B3
S214034A107047E7F7B1BD00F05EB910B4BDF80440C7
S214034A2001945DF8044B00F09FB80B4610B514468E
S214034A301846A1689288E6F78FF8E168034631B115
S214034A40A0886288121A92B21844E6F785F8002006
S214034A5010BD0346408A18B1188A003818BF0120D3
S214034A6070470846E9F77CBC00F0ECBA00F0EABAF7
S214034A70E9F788BE084708B5E7F7B4F8C0B208BD3B
S214034A80022A01D800F0E2B921207047022A01D891
S214034A9000F0EDB921207047022A01D800F0F9B9D9
S214034AA021207047E8F7C8BB0846E8F7E3BB00F0E9
S214034AB018BA00207047002070477047D0F894302B
S214034AC003F06003402B0DD0602B03D0203B5842ED
S214034AD05841704749B10B68012B06D9486940F025
S214034AE00100704740F20110704700207047F7B589
S214034AF004461046D4E954C7DDE908268CEA0205C5
S214034B0087EA06010540194085EA0C057940C4E9A1
S214034B105451002523F4004106EA010320F0010066
S214034B2043F40073024043F00203CDE90055EBF76C
S214034B30FBF994F824309A0713D5D4F854319B051F
S214034B400FD54FF48811204600F058FB94F8243014
S214034B50024665F3410384F8243020460B46E7F704
S214034B6015F8002003B0F0BDF0B587B01C46174615
S214034B70BDF830601AB90024204607B0F0BD002BFC
S214034B80F9D00029F7D001AAE8F764FE0028F2D08E
S214034B90BDF80630A2199A42BDF80850C4BF9B1B45
S214034BA09CB2B54212D90399AD1BADB23144A542AE
S214034BB00391ADF808500DD22A463846E5F7CCFFE8
S214034BC00499621B7819E5F7C7FFD5E70499761BA6
S214034BD03144049122463846F5E70846EAF77ABA9E
S214034BE00220E9F7C5BD08B5D0F8E4304BB11A6822
S214034BF0022A06D993F825204AB1186AB0FBF2F0C8
S214034C0008BD4FF446624C210020E6F785FC0020E1
S214034C10F6E7D0F8E42008B57AB11368022B0CD96E
S214034C20536A13F47F4FC3F3072106D0126ADBB22D
S214034C3053438B42B3FBF1F006D2002040F67F428B
S214034C404C21E6F769FC002008BD0346D0F8300186
S214034C500860B3F8343100208B80704790F8303109
S214034C600C2B14BF90F82B00FF20704738B50C466A
S214034C704FF400610546ECF7FBF970B17CB195F88B
S214034C801E3173B94FF480724FF480712846ECF7E7
S214034C90DBF9003818BF012038BD2202F4E72246AC
S214034CA0F2E70020F8E74FF48071ECF7E1B908B5B6
S214034CB04A024FF40071ECF7C7F9002008BD08B5A7
S214034CC08A024FF48061ECF7BFF9002008BD4FF469
S214034CD00071ECF7CDB9062300208B717047B2F54F
S214034CE0805FF8B50F460646154619462ED89A42F3
S214034CF02CD33F2A26D9B2FA82F40122C4F11F0329
S214034D00DBB29A4092B2AA422CBFC4F11904C4F192
S214034D101A04E2B20124931DDBB29C40A4B2AC4257
S214034D2012D096F8F5309BB9012096F8243060F33C
S214034D30C71386F824303846E8F7A0FB002037620E
S214034D40B582F8BD0022ECE70020EEE72120F8E765
S214034D500E20F6E70846E8F7B1BB70B505460E46E3
S214034D60144602B313883F2B1DD9B3FA83F3C3F15A
S214034D701901C9B2062901D8192B12D0062928BF52
S214034D80062101238A1DD2B2934030462380E8F7DA
S214034D909DFB23882846EE616B82E8F721FC002002
S214034DA070BD0021EDE72120FAE710B5144608464A
S214034DB00121EAF765F82046BDE810400121EAF72D
S214034DC05FB8F8B504460E46174604F02CFB3A4681
S214034DD0054631462046EAF711FB0446284604F00A
S214034DE01DFB2046F8BD0220704703207047E9F7F5
S214034DF0B7BC10B50023E7F737FF044608B9EBF74F
S214034E00B1FA204610BD704770B505460E461446E7
S214034E1000F0E3F831462846FFF72FFD00F0DDF8F3
S214034E20230704D50B2C9CBF24F00804A4B2214608
S214034E302846E6F7DDFE00224FF400312846ECF75D
S214034E4003F9002070BD8021ECF712B97FB5531C1F
S214034E5005AAADF81410029202210022DBB2CDE9B6
S214034E6000211146ECF70EF907B05DF804FB7FB599
S214034E70531C05AAADF81410029204210222DBB2D9
S214034E80CDE9002100220121ECF7FCF807B05DF81C
S214034E9004FB1FB5531C029100220821CDE9002113
S214034EA00122DBB21146ECF7EDF805B05DF804FB22
S214034EB007B591F82830009391F82B3091F8292004
S214034EC091F82A10E8F77EF903B05DF804FB10B5F5
S214034ED00446E6F787FE01462046BDE81040E6F79F
S214034EE087BE002914BF21200020704738B5054629
S214034EF010460C46E8F7ECF9D5B1D5F8E030BBB16F
S214034F005B69ABB1421ED2B2FD2A13D90A680132DD
S214034F1004BF6FF001020A600A68FF281A6007D10F
S214034F206268013202D16FF00102626062685A6001
S214034F30002038BD0128F2E738B50546EAF786FAB9
S214034F4004460021A878E8F72BFA204638BD2DE959
S214034F50F74F01251C469DF830300646019303683B
S214034F60174603F0070306339D4005F1FF380B464B
S214034F70A1B1416804EA080BA5EB0B0A41F00059FE
S214034F80524509EB0B0114D952461846E5F7E4FDE2
S214034F9049467A1B5A445044E5F7DEFD019B2BB184
S214034FA03C4448EA050804EA0804F46003B0BDE894
S214034FB0F08F1846F0E737B5002514460095FFF73F
S214034FC0C6FF204603B030BDE7F7FEBF002070479C
S214034FD000207047002070477047704730B549007F
S214034FE00446056812B102291FD90339C90395B9C6
S214034FF0E1B1B1FA81F3C3F12003C3F10F00012835
S21403500038BF012003F01F03D940A94201D9013854
S2140350104908216030BDB5FA85F339B1B1FA81F29A
S2140350209B1A002BE9DC0F20EFE700210F20F0E7A7
S214035030012805D9023818BF4FF0FF30C0B27047B9
S2140350400120704708B5E9F7E5FCBDE80840E9F735
S21403505009BD38B50446FFF7F5FF0546FFF7F2FF2F
S214035060431BA342FAD338BD38B50D460446E9F7C9
S214035070D1FC35B1844200D90139204601F0030141
S21403508038BD844238BF0131F7E708B50121FFF781
S214035090EBFFBDE80840E9F7E5BC0B0C23F48053AF
S2140350A0B3F5284FF7B50D468FB2064699B216D01C
S2140350B04AF60103994214D04AF60203994212D0E3
S2140350C0B1F5204F14BF04240324D6F8E0300BB107
S2140350D0196851B9D6F8DC3093B928680EE0002475
S2140350E0F3E70124F1E70224EFE7234668463A464E
S2140350F0E9F714FDDDE90003002BEBD103B0F0BDA7
S21403510019680029E9D0234668463A46E9F706FDBA
S214035110DDE90003002BE0D1F0E702F003BB020455
S214035120C0F3891307D56FEA83536FEA935313F5D6
S214035130007F18B206D0A3F1C8006FF4FF7398423D
S214035140B8BF184670474FF0384359699A6903F554
S21403515000530A405A6170470E207047EBF7F6BAC1
S214035160EBF7F4BAEBF7F2BAEBF7F0BA08B5084682
S214035170EBF712FF08BDEBF7E9BA022070470220EF
S21403518070470020704701207047002070470E20AC
S214035190704700207047E7F761BF084611460122B3
S2140351A0FFF741BB70B505460C4611461A46EBF7AA
S2140351B0A5FF06682B462046B446BDE87040604708
S2140351C010B5EBF79BFFBDE8104083681847FFF761
S2140351D010BEE7F76BBEFFF7A9BBE7F775BB70B565
S2140351E004460D4616464FF4881100F01CF8324666
S2140351F029462046BDE87040E8F78AB838B5054624
S2140352000C4604F010F9D5F890301C40D5F88C30D5
S2140352102343C5F88C3004F001F9211E18BF012181
S2140352200020490238BD38B504460D4604F0FBF8A5
S214035230D4F890301D40D4F88C3023EA0505C4F822
S2140352408C5004F0EBF8284638BD38B504460D46B6
S2140352504FF48811FFF7E7FF29462046BDE838409C
S214035260E8F77EB873B50D7806460C4635B30423C7
S2140352708DF804302379304601A98DF80530FFF701
S21403528038FB0546B8B92278A37952BB8DF80430AB
S214035290E379304601A98DF80530FFF714FB054680
S2140352A048B923783BB161883046E7F72BF90121EB
S2140352B03046FFF7DBFC284602B070BD2946FFF7F1
S2140352C0D5FC29463046FFF7F2FC29463046FFF761
S2140352D0F6FC2378002BCAD123798DF80430637942
S2140352E0C9E702228DF80420D3E7FFF7E0BCFFF7F7
S2140352F0EEBC0020704710B50446EBF799FF214635
S2140353000020ECF7E9FDBDE81040002000F02BB9C3
S21403531070470120704708B5EDF70CFC80F00100DC
S214035320C0B208BD4FF0FF30FFF79EBB70470020AA
S214035330704710B50C4603F037FE048010BD38B531
S2140353400C46154603F030FE03881DB11C43A1B27C
S214035350018038BD23EA040189B2F9E708B503F0F2
S21403536023FE008808BD08B503F01EFEC07808BDFE
S21403537008B503F019FE008800F00C0008BD08B558
S21403538003F012FE008800F00C00031F5842584139
S21403539008BD38B5054603F007FE04462846FFF762
S2140353A0EEFF30B904F1100004F01AFA00F440607E
S2140353B038BD4FF40060FBE738B5054603F0F4FD4F
S2140353C004462846FFF7DBFF014648B9103420465B
S2140353D0042203F029FD2044BDE8384004F000BA57
S2140353E0A08838BD10B50C4603F0DEFD848010BDE2
S2140353F038B5054603F0D8FD04462846FFF7BFFF39
S21403540030B904F1100004F0EBF900F4404038BD65
S2140354104FF40060FBE738B5054603F0C5FD0446C8
S2140354202846FFF7ACFF014648B91034204606224B
S21403543003F0FAFC2044BDE8384004F0D1B9A08854
S21403544038BD38B5054603F0AFFD04462846FFF7DA
S21403545096FF014608B1201D38BD103406222046AB
S21403546003F0E2FC2044F7E708B503F09DFD007A5D
S21403547008BD08B503F098FD90F9090008BD08B506
S21403548003F092FD807A08BD08B503F08DFDC06871
S21403549008BD10B50C4603F087FD047210BD10B5A9
S2140354A00C4603F081FD447210BD10B50C4603F0A4
S2140354B07BFDC46010BD2DE9F8430F4680460021EE
S2140354C007F110001646994603F0E2FD0446D0B1F4
S2140354D003F06AFD0546204603F082FD00210246DE
S2140354E02846E5F7A9F900232046AB7049F00401E6
S2140354F0FFF71FFFA5F804802EB13A46314605F1A3
S2140355001000E5F729FB2046BDE8F883F8B5054605
S2140355100F461020002103F0BBFD0446B0B103F094
S21403552043FD0646204603F05BFD00210246304657
S214035530E5F782F9002339462046B370FFF7F9FEF4
S21403554025B12A460121204603F07AFD2046F8BD00
S21403555008B503F029FD103008BD08B503F040FD7B
S2140355601038C0B208BD0020ECF7DEBB08B5ECF778
S21403557039FE002008BD4088C0F30C0003308008C5
S21403558040000430704770B50E4605461146304657
S21403559003F07EFD044635B128B103F005FD32461F
S2140355A02946E5F79BF9204670BD0088B0FA80F0DF
S2140355B04009704738B505880022044604F07AF996
S2140355C005B1258038BDF8B507460D46008800218D
S2140355D0164603F021FDB042044605D12946384657
S2140355E0BDE8F840FFF7E6BF0021204603F014FDB0
S2140355F0B04205D02046002103F00EFD0446F3E733
S2140356002A462046002103F01BFD32462846BDE805
S214035610F840002103F014BDF8B5058807467DB1B0
S214035620CCB22146284603F0F7FC8542064609D14C
S21403563000233B8000222146304603F001FD354619
S2140356402846F8BD214603F0E7FC214602462846D5
S21403565003F0F6FCEEE72DE9F04707888246884616
S21403566014465FB3384603F0BBFC3D460646E4B239
S2140356702146284603F0D0FC4045814616D12146F4
S21403568003F0CAFC21460246284603F0D9FC4745E8
S21403569004D1454508BF0025AAF80050002221463C
S2140356A0404603F0CDFC3046BDE8F0878742FAD08B
S2140356B003F096FC30444D4686B2D9E73E46F2E701
S2140356C000220123C0E900237047F8B504460127EA
S2140356D0002603F0B5FE23683BB903F0ACFE0022B8
S2140356E06368012B0ED16360F8BD1D691F612660D8
S2140356F003F0A1FE012DF2D02B462D691E61012D6C
S214035700FAD1E6E719691A610B46EAE7036823B993
S2140357104068012803D0EDF7ADBA002070474FF07C
S214035720FF307047F8B5054603F075FF01230646BC
S2140357300027A8602B7303F083FE2B6802467BB119
S2140357401C692169A1420CBF2F60196127611046AD
S21403575003F071FE012C08D0204663689847EAE7F9
S2140357606C68012C04D103F066FE00232B73F8BD8E
S2140357706169711AB1F1004FF5D821696960236137
S214035780E5E7022070470220704700207047014477
S214035790884201D10120704710F8013B9342F7D0AD
S2140357A00020704770B50146064692B00020EBF71E
S2140357B06BFF044670B9FDF7F1FF054601466A46DE
S2140357C02046ECF7A7FA6A46294620468DF802607B
S2140357D0ECF756FD204612B070BD00B593B0FDF74A
S2140357E0DDFF6A4601460020ECF794FA9DF90200B5
S2140357F013B05DF804FB00B593B0FDF7CFFF6A4620
S21403580001460020ECF786FA9DF8000013B05DF819
S21403581004FBECF743BA012070477FB54FF6FF71E0
S21403582001AAEDF799FC20B1BDF80C0007B05DF8AE
S21403583004FB4FF6FF70F9E708B51046EEF752FC87
S214035840BDE80840EEF70CBD7047704770477047D9
S214035850704770477047704738B54FF6FF750D8031
S2140358600C46F6F703FD2080A8420CBF2D2000202F
S21403587038BD002100B593B06A460846ECF74AFAED
S214035880BDF8060013B05DF804FB002110B592B016
S21403589004466A460846ECF73DFA00216A4608467F
S2140358A0ADF80640ECF7ECFC12B010BD002100B5D5
S2140358B093B06A460846ECF72DFABDF8040013B019
S2140358C05DF804FB002110B592B004466A4608460C
S2140358D0ECF720FA00216A460846ADF80440ECF7D8
S2140358E0CFFC12B010BD70472DE9F04F87B00C46C1
S2140358F091460746FFF73CFD0546661C304603F017
S2140359006FFF042D40F090803846FFF721FE0378A2
S214035910092203F00303012B14BF022303230121EF
S2140359202046039303F080FA092200210546204609
S21403593003F07AFA21788DF8170001390022204601
S21403594089B2FFF720FE04EB09088346F0B14FF057
S214035950010A2A460146CDF800A003980DF1170365
S214035960FBF7DAFE0228054626D1584603F038FB35
S21403597000222070C0B2431E00929BB25246594684
S214035980304604F026F82378534423703846FFF74E
S214035990E5FC020424D498F8013021789B071FD530
S2140359A00139A1EB09013A464046C9B2F1F758FB63
S2140359B023781844207013E020B92070284607B0D7
S2140359C0BDE8F08F032809D1404603F009FF20F411
S2140359D0007189B2404603F005FFD7E70428D5D106
S2140359E00125002220462178FFF7CDFD0746002833
S2140359F0E4D04FF000080146434601224046CDF866
S214035A000080FBF789FE022819D1384603F0E8FA2E
S214035A10C2B2013A207093B2394601223046CDF81D
S214035A20008003F0D6FFC9E780F0800520F08000F1
S214035A3081B23046C5F3C01503F0D4FED1E7002883
S214035A40BCD12070BAE708B50020FFF764FC80F0ED
S214035A500100C0B208BD0A4608B501460020EDF7AE
S214035A60C9FDB0FA80F0400908BD0020ECF73CBD44
S214035A7000210846ECF7E0B90020FFF74ABC70B5F2
S214035A80044603F0ADFE042200210646204603F03A
S214035A90CBF9204403F0A4FE03220546002120464A
S214035AA003F0C2F9204403F09BFE4FF6FF73054054
S214035AB0ADB29D4214D1F30712D50622002120462B
S214035AC003F0B2F9204403F08BFE0446EDF704FE20
S214035AD0844214BF02240624EDF7F8FD204070BD6F
S214035AE02046FBF7EBFFC400E4B2F5E708B5FFF783
S214035AF0C6FF003818BF012008BD0120704710B547
S214035B000446FEF71DFB08B9FEF71CFB03050FD47E
S214035B100C231B2B01D1002009E020FA03F1C9074F
S214035B2003F1010206D5DBB2E31A5842584110BD11
S214035B300B23F9E71346ECE710B50C46098819B9A9
S214035B400846F7F7EBFE2080012010BD08B5104687
S214035B501A4600F08CFABDE8084003F0DFBD70B5C6
S214035B6004460D46164692B06A46ECF7D3F86A46E4
S214035B70294620468DF81F60ECF782FB12B070BDF5
S214035B8010B50C46EEF784F92046BDE81040EEF754
S214035B9095B80129F8B505460C461DD003291ED035
S214035BA0052920D0072922D000260024002701201B
S214035BB0ECF702F8304485421DDA0320EBF7FCFFCE
S214035BC02044854219DA0520EBF7F6FF3844854270
S214035BD0B4BF07200520F8BD6FF00406E5E76FF0B5
S214035BE004040526E2E700266FF00407DFE7002437
S214035BF005272646DBE70120EDE70320EBE738B170
S214035C004379490023F00C0301F00C010B43437165
S214035C10704710B5044678B141794088490801F0C9
S214035C2006010131000AFFF7B4FF0246014620468B
S214035C30FFF7E5FF104610BD0722FBE738B50D4614
S214035C40EEF714F9044608B9002038BDFFF7E1FF64
S214035C50002DFAD1237913F00703F5D0984238BF05
S214035C601846C0B2F1E7EEF70FBB0022EEF732BCE0
S214035C700021012208B5EEF72DFC401A18BF0120BB
S214035C8008BD38B51546FFF7F0FF0446284603F06F
S214035C9084FE84B1FF2804D0626822FA00F3DB078F
S214035CA001D5012038BD0123834013436360E378A5
S214035CB00133E370F5E72046F4E7EEF765BE10B56B
S214035CC003F072F900F11004204603F089FD20F476
S214035CD0007189B22046BDE8104003F083BD2DE96C
S214035CE0FF411546019101218DF80D301B0A8DF8F1
S214035CF00E309DF82C308DF80C008DF80F302846AA
S214035D000423009103AA9DF828809DF830709DF81F
S214035D10346001F016FB044670B12946FFF762FBB8
S214035D20B8F1000F02D12046FFF7C9FF2FB146B9DD
S214035D303146204601F0D0F80024204604B0BDE8E2
S214035D40F081002220461146EEF7A4FDF4E74FF457
S214035D507A70EEF7F9BE08B5ECF7A0FFBDE8084089
S214035D600020EEF7F7BF00B58BB06846EEF7C8FE27
S214035D70009BBDF8060004A90693EEF767FE0BB07A
S214035D805DF804FB1FB504466846EEF7B9FE02ABA2
S214035D9003CB2060616004B010BD1FB50623044624
S214035DA08DF80C30EFF730F900238DF80D00CDE9B0
S214035DB0003301210223204603AA01F0C2FA04B0ED
S214035DC010BD38B5002208210546FFF7E0FC04465F
S214035DD098B9FFF74EFD22464FF6FF71EFF76CFBBF
S214035DE02846297CEEF7E6FF287C6A69E989F0F7FE
S214035DF0E1FEEEF757FF204638BD0120FCE770B5FD
S214035E000C4605460120EFF7E3FE237B4BB1FFF775
S214035E1030FD014623462A46BDE870400120EFF7D1
S214035E2069BB4FF6FE71F5E7F8B50E460746FFF772
S214035E308FFB054603F0D4FC00F44040B0F5404F1A
S214035E4014BF0022062202F10A03EB5C0B325C004D
S214035E5004F00E045B08144403F0380338461C446D
S214035E60FFF77BFB844208D2001BC2B20F2A28BF6F
S214035E700F2230462919E4F76FFE2046F8BDECF7EB
S214035E800DBF40F62740F0F713BCFF224FF6FF7115
S214035E90F0F742BD07B500210DF10700F0F774FED9
S214035EA09DF8070003B05DF804FB13B5044601A98B
S214035EB00020F0F769FE019A01462046F0F77AFEC5
S214035EC0204602B010BDF0B50F46002187B0044649
S214035ED008461646F0F758FE012305460DF10A005C
S214035EE08DF808408DF80930FFF74CFF092C1DD1BB
S214035EF031460DF1120003F075FC05AB002102AA32
S214035F009B1A2846CDE90011DBB2642101F019FA89
S214035F100546E0B1092C15D1F0F796FE044688B184
S214035F202846F0F7A5FE204607B0F0BD31460DF132
S214035F3013008DF812704FF6FF7503F053FC0DF146
S214035F401503DBE7284600F014F80446EBE704469F
S214035F50E9E738B504460D4603F039FD40B1AC42D7
S214035F6006D0204603F02AFDBDE8384000F0ACBF5B
S214035F7038BD10B50446FFF7EBFA023003F030FCE9
S214035F804FF6F7739842204603D9BDE81040F0F762
S214035F90E9BFF1F729F8B0FA80F0400910BD0120F7
S214035FA070470022F0F716BF70B504460088FFF767
S214035FB0CFFA0546043003F013FC0646A81C03F08C
S214035FC00FFC054603F022FB3046F2F7F3F930B92F
S214035FD02846F2F7EFF910B1284603F0F8FCA37849
S214035FE0002023F00F03A37070BD70B50546FFF7BE
S214035FF0AFFA0646284601F0C8F901462846F8F7E0
S214036000C1F804462846FFF7D7F94FF6F7739842C8
S21403601008D8337803F00303012B05D1A31E584297
S214036020584170BD0120FCE70020FAE741F2033334
S21403603030B585B00D46ADF808300446FFF719FCB9
S2140360408DF80A00FFF715FC0021000A8DF80B00F7
S21403605005232046CDE9001102AA8DF80C5001F065
S21403606070F910B12146FFF79CFF05B030BD2DE94E
S214036070F041044617460D46E1B13F294FF00006AE
S21403608000D135462046FFF773F9082814D10121BD
S214036090204602F0C1FF064602F0A2FF0446304641
S2140360A002F082FF3B4601462A46E0B2BDE8F041D5
S2140360B0FDF718BC0126E5E72046FFF759F9024627
S2140360C030B9BDE8F0414FF6FF71012003F051BB34
S2140360D02046FFF75EF9B0F5006F0ED12046FFF7B6
S2140360E06BF94FF6FF739842014617D0002D0CBF8D
S2140360F003200520002203F03CFB29462046EEF74A
S21403610081FC68B929462046F2F7F2F840B93246D0
S21403611029462046BDE8F041F1F7AAB80120E9E791
S214036120BDE8F0817047704737B54FF6F675FDF753
S21403613038FB431E9BB2AB420446F8D8EDF796FEF7
S2140361400028F4D169462046EDF7B2F90028EED0D0
S214036150204600F09AFE0028E9D12046FFF788FD86
S2140361600028E4D12046F2F725F90028DFD120469F
S21403617003F02DFC0028DAD12046FDF71DFB00288E
S214036180D5D1204603B030BD73B504460E46F2F7AC
S21403619011F9054688B92046F2F766F921462B46DB
S2140361A00D224FF6FD70009500F0A1F8314620460B
S2140361B002B0BDE87040F2F719B902B070BDF7B58A
S2140361C004460D461746FFF754FB0646002D3FD000
S2140361D04FF6FB739C423BD82046F2F7EBF808B128
S2140361E0A64235D02046F2F7E5F810B1012003B0F9
S2140361F0F0BD2046FDF7E0FAC0B1A642F6D0F4B1F2
S21403620069462046EDF754F90246C0B908216846A8
S214036210FFF7BDFA98B9082269462846E4F758FE00
S21403622068B129462046FFF7AFFFDFE7A642E6D16F
S2140362302846EDF7ABF910B900F03DFED6E73FB1BF
S21403624021462846EDF7B8FF21462846F5F7F4FF22
S2140362500020CCE737B5054614460C2914D8DFE8EA
S21403626001F02C132C1313130713131313242400F6
S2140362706946EDF71DF918B901216846F6F7DAF80D
S21403628041202946F8F7FAFBD4B12046FFF760F918
S214036290023003F0A5FA4FF6F773984210D920465A
S2140362A003B0BDE83040F0F713BF40F6144040F6A5
S2140362B013430B2908BF1846E3E700F0EDFDE3E7B9
S2140362C003B030BD1FB50346084603218DF80D30D5
S2140362D08DF80C1001230021ADF80E20CDE9003116
S2140362E003AA042301F02DF805B05DF804FB2DE99D
S2140362F0F34106460F4614461D469DF82080FFF7D9
S214036300B8FAB04207D100222146384602B0BDE8AB
S214036310F041FFF79FBF3A4631462046FFF7D2FFCC
S214036320ADF8060060B10D2C05D100224FF6FF71C3
S214036330282003F01EFA35B9BDF80600FFF719FE4C
S21403634002B0BDE8F0810123424629460DF106005E
S214036350ECF7F8FBBDF80630002BEDD1F0E7F7B508
S2140363600C460546FFF7F4F8611C06462846F7F781
S21403637009FFA11C0746284600F02AFF01460446EB
S2140363803846FDF747FA0D2F34D12046F2F712F8B8
S21403639078B1301D03F024FA04462846F679FFF751
S2140363A03AF831460246204603B0BDE8F040FFF710
S2140363B068BCB01C03F014FA4FF6F773984202D980
S2140363C02846F0F785FE2046F2F74EF8FFF751FA17
S2140363D0A04205D1002003B0BDE8F040FFF7A2BEFF
S2140363E06B46B068F16803C369462046F1F7FEFFC3
S2140363F003B0F0BD2A463946204603B0BDE8F04058
S214036400FFF728BF14220021E4F716BA2DE9F04F50
S21403641011F00F0704460E4615468FB05CD10120D7
S214036420E1F788FE09A8FDF7F3FA092309A88DF812
S2140364302430FDF7F1FA09A8E1F74EFE01A909A8F1
S214036440FDF77BFC26F00F08A84404F1100904F1BD
S2140364500F0A454511D1236901A93344236109A8CD
S214036460FDF750FC0020E1F765FEB6F1005F28BF9C
S214036470272738460FB0BDE8F08F05AA2346964671
S2140364809446186859680833ACE803004B456246DF
S214036490F6D12B46224605F1100B53F8041B5B4539
S2140364A042F8041BF9D1714609A8FDF72BFC09A88D
S2140364B0E1F712FE224621460120E1F7F7FD013DF2
S2140364C0631E13F8012F15F8011F534582EA0102D4
S2140364D01A70F6D15D46BCE70227CAE7F0B5174641
S2140364E085B005460C46102200216846E4F7A4F959
S2140364F0BFB3C4B30F2C04F00F0608D924F00F045F
S2140365003A4621462846FFF781FF40BB27443246DA
S21403651039466846E4F720FB80222F6906F110030C
S21403652037446B44B7F5005F03F8102C2F61C6F1B0
S21403653010061AD3062E1FDDFB001A0E8DF80A204E
S2140365401A0C5BBA8DF80B20ADF80C306A46102196
S2140365502846FFF75BFF00202B69103B2B6105B035
S214036560F0BD3E46D8E72646D6E7022E04DDFB00FE
S2140365705BBAADF80E30E9E76A4610212846FFF706
S21403658045FF2B691022A3F11004002168462C61F5
S214036590E4F752F9B7F5005F4FEAC403CDD2E7E755
S2140365A070B50E46054686B001A81446FFF72AFFC7
S2140365B03246294601A8FFF791FF2246054601AB5E
S2140365C005AE1C4603CCB44210605160234602F16C
S2140365D00802F6D1284606B070BDF1F79DBF0A46FD
S2140365E00021F1F799BFF0B58BB00C4601A9F1F77E
S2140365F093FF054680B325220021E01CE4F71CF92F
S2140366000123A3700E23BDF810702380FA0510D55E
S21403661023464FF4877206AE23F8042B0DF1280C9D
S214036620324603CA624518605960164603F10803EA
S214036630F6D13B0605D5238843F080032380069BCB
S214036640636001AB03CB039BC4F81D00C4F82110A1
S214036650A361F3F745F9606128460BB0F0BD30B58A
S21403666005460C4687B001A8FDF7D2F92868696885
S21403667002AB03C39DF8113043F002028DF81120DC
S21403668074B12288510644BF43F006038DF81130D7
S214036690530542BF9DF8113043F008038DF81130BF
S2140366A001A8FDF7B0FAB0FA80F0400907B030BD94
S2140366B02DE9F3410F460546164602F091FC4FF0CE
S2140366C00008C41BE4B2294623463A463046CDF8B2
S2140366D0008003F07EF90121284602F09DFC88B174
S2140366E00121284602F098FC074602F079FC05468D
S2140366F0C3B2424630193946CDF8008003F069F933
S2140367002544ECB2204602B0BDE8F0812DE9F04FF7
S21403671085B00C46054691461F464FF0010ADDF844
S21403672038809DF83CB002F05BFC22463B46294687
S2140367300646CDF800A0484603F04BF951462846D6
S21403674002F06AFC3C4418B35146284602F064FC47
S214036750F6B2B442814610DAE7B2F31BDBB2404628
S21403676022462946CDF800A003935F4403F031F98F
S214036770039BBF1B984407F0FF0B012300220E93D5
S21403678049465B46404605B0BDE8F04F03F021B9E5
S2140367905B4622462946CDF838A0F3E72DE9F041BB
S2140367A0002686B0074608460C4615469846CDE9A9
S2140367B0026604968DF8146002F012FC411BCBB2FD
S2140367C00D2B28BF0D232A462146009602A803F068
S2140367D000F9424602A93846F1F7F4FF0646294671
S2140367E020469DF80820F7F7E1FC304606B0BDE8E2
S2140367F0F0812DE9F04F0E46CBB001210546174632
S2140368001C4602F009FC23463A462946814606A85A
S214036810FFF7C4FF0DF1280A00EB070B524631467B
S21403682028465FFA8BFBFFF743FFB34503D20020EE
S2140368304BB0BDE8F08FABEB06085FFA88F808F1BB
S21403684004039842F3DB331F18440423C4B20193B2
S214036850A31BDBB20093524643460021CDF808A0A3
S21403686006A8E1F7D7FB0028E1D1A4EB0B040AEB5B
S2140368700803E4B252462846314600930194434641
S214036880FFF744FF39462846F7F77CFC394600F005
S214036890F8022846F7F78AFC0121284602F0BCFBDB
S2140368A0002818BF4D462846ADF8165002F098FB50
S2140368B0011FC9B20DF1160000F04FFC0120B7E727
S2140368C02DE9D841064600F060FD411C044689B216
S2140368D0304600F02DFD98B394B321463046F7F7C3
S2140368E051FC00F00C03042B074629D000F00308E4
S2140368F0B8F1020F00D11BBB384600F0B0FD3B06D3
S2140369000444A4B216D5611C304689B200F010FDCB
S214036910B0B121463046F7F735FCB8F1010F014612
S21403692000F003030CD0032B0AD0384600F0A6FD74
S21403693003199CB221463046BDE8D84100F0F8BCA6
S2140369400020BDE8D881F8B5064600F0E0FC054611
S21403695004463046FEF7FCFD43785B0718D5AC1CAF
S214036960A4B22146304600F0E3FCB8B129463046CF
S214036970F7F708FC0746691C304689B2F7F702FCAE
S2140369801FB1874201D8FF2808D104EB4704A4B2FD
S21403699021463046BDE8F84000F0CABC0020F8BDEA
S2140369A013B5044601A8F2F765F9BDF80430DA0713
S2140369B010D49B0707D410220021204602B0BDE85E
S2140369C01040E3F739BF224621461020FFF7E8FDC3
S2140369D00028F0D102B010BD024608B5F2F772F9EE
S2140369E0510544BF0838C0B2130544BF0838C0B2C7
S2140369F008BDF0B5D30705460C468BB04AD50088CC
S214036A0000F0C3FC00230646029314B9CDE9034401
S214036A1003AC002208212046FEF7B9FEA8B1288859
S214036A20FEF796FD023002F0DBFE21460746ECF742
S214036A303FFD50B1002240231146384600F005FAC8
S214036A4040F6094528460BB0F0BD31462888F7F7CF
S214036A5099FB10F0030F0CBF01260026F1F7A0FDEB
S214036A6046EA4000C0B200900021204602AB05AAC9
S214036A70F3F772FB0546F1F793FD0028E2D0002DED
S214036A80E0D000212046009602AB05AAF3F764FB8C
S214036A900546D7E740F60A45D4E700231A46F3F738
S214036AA0C7BA30B58BB005AD04462846FCF7B0FF31
S214036AB00223284601A98DF81430FDF73EF9234634
S214036AC001AA144603CCAC4218605960224603F16F
S214036AD00803F6D10BB030BD08B5002302461946AD
S214036AE01846F3F7A5FA012008BD37B504466846ED
S214036AF0F3F716FB054648B1082221466846E4F735
S214036B00E7F9B0FA80F0400903B030BDFF22082150
S214036B102046FEF73CFE034628B106212846FFF72B
S214036B20BCFF0120F0E722460146F3F781FAF8E7B7
S214036B3007B56846F3F7F4FA10B16846FDF76CFA42
S214036B4000F0010003B05DF804FB0120F3F7BEBFBD
S214036B50704730B50124054689B003A8FCF758FFF3
S214036B6001A88DF80C40E1F715FB9DF806209DF86B
S214036B700730AA4209D0AB4209D103A88DF80D40CD
S214036B80E1F7AAFA012009B030BD0024F5E700209A
S214036B90F9E700221021FEF7FABD70477FB50D46D0
S214036BA000F582300D22694600F58070D5F792FA1B
S214036BB06B462A4602AE1C4603CCB44210605160B4
S214036BC0234602F10802F6D1206810602379137178
S214036BD000236B7304B070BDF0B585B06A460546F6
S214036BE00B46164601F10807144618685968083319
S214036BF003C4BB422246F7D118680D2220601B79D6
S214036C0005F582303146237100F58070D5F78EFA8C
S214036C1005B0F0BD38B504460D46E0F7ADFDA0421D
S214036C2005D920462946FFF7B9FF002038BD28209E
S214036C30FCE730B5002485B08DF80040E0F79CFDF6
S214036C40E5B2A84204D8F5F759FA002005B030BDDE
S214036C5069462846FFF7C0FF0134EFE738B5044618
S214036C60002002F0A9FEFF2805460FD002F0ACFE76
S214036C7010F0010009D0284602F0A6FE400840EABC
S214036C80C17080F0010000F0010038BD04F001007F
S214036C90FBE70146F8B506460020F5F769F9FF2835
S214036CA001D00120F8BDE0F757FD00240546871CF8
S214036CB0E0F756FDE3B2984201D80020F2E735F834
S214036CC02430B34203D117F82430002BE9D1013422
S214036CD0EEE738B50D460121044602F09DF930B1C2
S214036CE00121204602F098F92880012038BD20466D
S214036CF02C8000F020FC0130C0B2F7E72DE9F04706
S214036D0088B00746894610460DF10A011D4690468F
S214036D10FFF7DFFF4FF0000ABDF80A60044630466F
S214036D20CDE905AACDF81BA002F05AF9031BDBB286
S214036D300B2B28BF0B2322463146CDF800A005A80F
S214036D4002F047FE48F21F039D4243D00BD885F45A
S214036D500043012B15D92346424649462846009749
S214036D60FDF7A7F933E048F23A039D42F3D1FEF765
S214036D7080FDB8422BD02246414605A8FDF7CAF946
S214036D8025E09DF8143013BBBDF81D40DDF8150053
S214036D90DDF8191003AB03C3204603A9E0F7E0FEB2
S214036DA00122204603A9FFF70AFAA74206460ED099
S214036DB0012103A8F5F73EFB48F201039D4206D1E5
S214036DC02EB9334632463946204600F058FC08B002
S214036DD0BDE8F0879DF81450002DF8D12F469DF896
S214036DE015800234EAB24245F1D2D200D2B222442E
S214036DF00823314692B2009703A8CDE9037702F041
S214036E00E8FD03A800F074F802F0D8FD00F05CF883
S214036E100135E7E710B50024418084800480C280F2
S214036E20038110BD13B5BDF81040CDE9003400232F
S214036E30F5F7CEFD02B010BD13B5BDF810400190B6
S214036E400094F5F7C5FD02B010BD07B50093012306
S214036E50FFF7F2FF03B05DF804FB0123F5F75EBE10
S214036E6038B50546EFF7F0FE0446E0F791FCA401BB
S214036E7044EA4020284038BD7047704700207047DA
S214036E80FF207047002070477047002070474FF67A
S214036E90FF707047002070477047002070477047A8
S214036EA000207047704700207047002070477047E7
S214036EB070470020704770477047002070474FF6B2
S214036EC0FF707047172070477047704770477047CA
S214036ED070477047012070470120704700207047B5
S214036EE0002070477047704770474FF6FF70704733
S214036EF04FF6FF7070470020704700207047002051
S214036F0070477047002070472DE9F04F002785B083
S214036F1081460C467E2039469846BDF83CB09DF81F
S214036F2044A0BDF84C500192ADF80E7002F0B0F8D4
S214036F300646002800F0AA8002F036F839467E227C
S214036F40E3F77AFC304602F02FF80090304602F062
S214036F502BF8B9F1FF0F0CBF274644F003073B0A93
S214036F6014F44062077043705FD14FF00808C31CE7
S214036F70184642460199E3F7B1FC034604F440443D
S214036F80434484B1790606D419464FEA1B2201F816
S214036F9002BB5A700B46B4F5004F56D0A4F54042D8
S214036FA054425441E400224618460E99E3F796FCF1
S214036FB0009A03462044A0EB02085FFA88F89DB1C6
S214036FC04FF47C521A53841C284601F0EDFF834687
S214036FD0284602F005F8C5B22A4659462046E3F786
S214036FE0BBFD60190235EDB2B9F1FF0F2FD0524643
S214036FF0109900F8019BE3F7AFFD08F101015AFA77
S21403700081F129443046EBF733FD0C210022FF00C3
S21403701007F0800710463943FEF778FAADF80E00FE
S214037020E8B9002005B0BDE8F08FB2F5006F80F830
S21403703003804FEA182880F8048000F1050314BF84
S2140370404FF008084FF0020892E70224ABE708EB7C
S2140370500A0129443046EBF70BFD0821D6E73046F4
S21403706001F0A2FF0446304601F0BAFF01230246B0
S21403707021460DF10E00EBF765FD0028D1D1012165
S214037080BDF84820BDF80E0001F0DAFFBDF80E008B
S214037090C8E710B50C46098821B90846F6F73EFC42
S2140370A0208008B1012010BD0220FCE72DE9F0473F
S2140370B080460F460646002402F1FF39BC4202D240
S2140370C019F8015F25B9A6EB080080B2BDE8F08782
S2140370D09A46A5F13102012A5AF8041B10D8324603
S2140370E0322D02F8011B06D10134A4B2A74232D3D3
S2140370F00912B21C7170013453461646A4B2DDE77A
S214037100342D0CD10334BC42DDDA0B0A31707370B4
S2140371100B0C090EB370321DF170A4B2EBE7A5F1A8
S2140371203302062A0DD8303DADB22B19BB42CADA5C
S2140371302A463046013CE3F7D1FB15FA84F472196C
S214037140EBE7A5F14102062A01D8373DECE79D8817
S21403715003F1080AE9E71646B5E770B50546008861
S2140371600C4601F03DFFA04228880AD201F038FF02
S2140371700023221A19462846BDE8704092B2EBF760
S214037180E1BC2146EBF774FC002070BD38B505461C
S21403719001F00AFF0446284601F022FF00220146BA
S2140371A02046BDE83840FEF7EEB9F8B516460C465D
S2140371B01D46BDF8187001F0F7FE0444304601F092
S2140371C0F3FE3A4641192046BDE8F840E3F786BB8E
S2140371D070B50C46013189B20646F6F7D3FF214651
S2140371E005463046F6F7CEFF00EB052080B270BDAD
S2140371F01FB50123ADF80C2000930A46022301466F
S21403720003A802F0E6FB05B05DF804FB0FB437B540
S214037210069D0021A8B201F03BFF044601F0C4FE20
S2140372202CB1002207AB0193D1B28D4205D820467C
S21403723003B0BDE8304004B0704753F8041B8154D4
S2140372400132F1E773B504460D4640200021164689
S21403725001F01EFFADF8060001F0A6FEBDF80630ED
S21403726013B9002002B070BD402133462A4620449D
S214037270FFF71CFF211889B20DF10600FFF76DFF1B
S2140372800028EED1BDF80600ECE70EB403B503AA5A
S21403729052F8041B0192FFF7D5FF02B05DF804EB2A
S2140372A003B070472DE9F7430F4601218146164682
S2140372B001F0B2FE054658B1FFF768FF308088B983
S2140372C0284601F08DFE68B1192003B0BDE8F083AF
S2140372D0484601F085FEFF2FA0EB0704E4B214D066
S2140372E014B934800020F0E72A4621462846FEF7E4
S2140372F04AF980460028E7D03B464A46294600948A
S214037300FFF753FFA6F80080ECE70120DDE708B59A
S214037310FEF71EF9437803F001001A074CBF10303E
S2140373200830DB0644BF0830C0B21030C0B208BD18
S21403733010B50C4601F054FEA04234BF00200120D5
S21403734010BD7FB514460091024641F2092141F66D
S21403735009209DF820601D46002E18BF0146099B94
S2140373600020F6F737FFADF80E0010B9002004B082
S21403737070BD01232A4621460DF10E00EBF7E2FB12
S2140373800028F3D1BDF80E00F1E738B50546FFF740
S214037390BEFF0446284601F023FE631C9BB28342CD
S2140373A00FD82846FEF7D4F843785B0707D521465F
S2140373B02846F6F7E7FE013004EB4004E4B2204625
S2140373C038BD0024FBE71FB5ADF80E0001F008FE3C
S2140373D00446BDF80E00FFF7D8FF00F10E03DBB23C
S2140373E0BDF80E200146E01A80B200901046FFF763
S2140373F0DCFEA4F10E0189B20DF10E00FFF7ADFE1F
S21403740004B010BD4278034612F0080006D0D20737
S21403741002D403F10800704703F10900704737B53B
S21403742005460C46FEF794F8437813F0100212D084
S2140374309CB103F001021B074FF00003294600939B
S21403744020464FF0080354BF1832203202F0C1FA28
S214037450012003B030BD1046FBE72046F9E700F0F5
S2140374600303012B08D0C30606D400F00C000C2837
S21403747014BF08200920704702207047034611F006
S214037480030005D003F00303022B14BF02200320DE
S2140374907047F8B50C46064601F0A2FD631C83420E
S2140374A002D900252846F8BD21463046F6F76AFE7F
S2140374B00746FFF7D4FF3B060546F3D5044430469C
S2140374C001F08EFDA4B2631C9BB28342E9D8214629
S2140374D03046F6F757FE01463846FFF7CFFF2844F7
S2140374E0C5B2DFE770B506460D46FFF7D2FF044682
S2140374F010B90024204670BD29463046F6F742FEF2
S2140375008206F7D5304601F06BFD2544ADB26B1C01
S2140375109BB28342EDD829463046F6F733FE00F099
S2140375201803082B14BF05340634E4B2830644BF9D
S2140375300834E4B2DEE738B50546FFF726FF04460F
S21403754008B9002038BD01462846FFF7CBFF0028C0
S214037550F7D02044C0B2F5E72DE9F04387B00546DF
S2140375600C46FDF7F5FF804602F03AF90746284633
S214037570FFF70BFF064601462846FFF78AFF002261
S214037580034600922946324602A802F022FA9DF8E4
S214037590086006F00C030C2B06F003090BD0B9F1B8
S2140375A0010F59D0F10657D49DF809300DF10A059D
S2140375B00020637107E0FF230DF10900637102F0F9
S2140375C00FF90DF10B05208198F80130DA0704D581
S2140375D008F1020002F004F92081B9F1010F5FFA05
S2140375E089F83DD0F3063BD4284602F0F9F86080CC
S2140375F0A81C02F0F5F8053515F8013C2080237128
S2140376002B78B006A37206F0400348BF43F020036E
S214037610390627D543F40073F80448BF43F4806360
S214037620390548BF43F400633206E38011D56A7810
S21403763012F003020DD06FEA43436FEA5343A9786F
S214037640B8F1020FE3800B4611D1EB7841EA032130
S214037650218107B0BDE8F083FF230DF10905A7E7F5
S214037660FF23CCE77A0648BF43F48073D4E7012AA6
S21403767004BF0B029BB22381EBE7F7F75DBA0BB1AE
S214037680F7F7C6BA0AB9F7F73FBBFF21F7F768BAA9
S214037690431C08BF0020E4F785BB0000034B586873
S2140376A0C0F30800003818BF0120704700ED00E063
S2140376B0014B1868704700BFFC630020084B1B6F24
S2140376C003F00703022B04D0032B05D0012B05D0B0
S2140376D0FEE7044B18687047034BFBE70348704705
S2140376E000800050FC63002004640020002D31015C
S2140376F008B5FFF7E3FF054B1B6FC3F301330133F5
S214037700B0FBF3F0024B186008BD00BF00800050CA
S214037710F86300200048704700B4C404004870476C
S214037720002D3101014B1868704700BF0464002028
S214037730174A9368C3F304430C2B0AD8DFE803F015
S2140377400B0909090909072119091B1D1F001148FF
S214037750704700207047936803F04073B3F1807F4F
S21403776011D0B3F1007F10D0002B0B4818BF0020B8
S21403777070470A4870470A4870470A4870470A48DD
S21403778070470A4870470A4870470A48704700BF60
S2140377900040015A405DC60000093D00C0EA2101D1
S2140377A080BA8C010048E801005A62020024F40003
S2140377B080841E0040420F00014B1868704700BFCC
S2140377C00064002007B500F065FC6A4600F0C2FCC2
S2140377D018B14721034801F025FFDDE9000103B096
S2140377E05DF804FB83A103000229F8B596BF104B8E
S2140377F000245C5C012805460E4608D0022809D002
S21403780008B944F002040B4B1F6837B9F8BD44F0BF
S2140378100804F8E744F02004F5E77B681A68144286
S21403782003D0314628465B6898473F68EDE700BFBC
S214037830CE3B0400643B002038B5104D2B78ABB12B
S2140378400F4C23781BB100F031FA0023237000207D
S21403785001F0FBFE0B4C50B100F07AFA0023012135
S21403786020782B70FFF7C0FF0123237038BD012259
S214037870054B1A702278054B1A70F7E71F5A00203B
S2140378801D5A0020245A0020205A0020215A002086
S2140378900E490B78FF2B01D198B170470BB990B9FD
S2140378A07047002814BF0122FF2213440B7060B1F7
S2140378B0074B1B78012B08D9064B1B782BB9FFF710
S2140378C0BBBF1A46F1E70122EFE77047235A0020B1
S2140378D0245A0020205A002010B501F0A4FD064BC0
S2140378E004461B781BB1BDE8104001F097BDFFF7B7
S2140378F0A3FF2046F7E700BF1C5A002002282DE905
S214037900F04147D029480378FF2B41D1002941D1C4
S2140379101A461344DBB2037000293BD0244E327858
S214037920012A37D9002B3ED001F07DFD214F0446B6
S2140379303B780BB3204D2B781BB901222A701F4AC4
S2140379401370DFF87C8098F8003023B100F0AEF9AE
S214037950002388F80030204601F060FD012001F086
S21403796074FE01F060FD2B7804461BB100F0F0F9BD
S21403797000232B7000233B70204601F04FFD0124AB
S2140379803078A04206D02146FFF72EFF347001E080
S21403799013B931B9BDE8F081002914BF0122FF22D3
S2140379A0B7E70122B5E70224EAE700BF235A00201F
S2140379B0245A00201F5A00201C5A0020205A002058
S2140379C01D5A00202DE9F04385B0EFF3108572B6FB
S2140379D0AFF3008001F00EFF002800F09280624EA5
S2140379E0624F337823B10020FFF752FF0023337032
S2140379F0387878B903A900F01DFB044650B95C4BF0
S214037A00039A1B689A4200F284800120FFF740FF26
S214037A10012333703B78002B40F09980554B1B783D
S214037A20002B00F091804FF00208534CDFF868916A
S214037A302078404507D099F8003013B94146FFF740
S214037A40D3FE84F80080B8F1020F0FD1DFF824814B
S214037A5098F8003053B9494B1B7823B900F020F946
S214037A600122474B1A70012388F80030207800F073
S214037A70F7F899F8003013B1424B1B782370AFF335
S214037A800080284601F0DCFDEFF3108572B63E4B0E
S214037A901A7852B100221A703A4B20781B78984213
S214037AA003D101212170FFF79FFE384800F082FAC8
S214037AB001F0B4FE8046002893D12E4F3B789BB14D
S214037AC089F80000DFF8B89099F800301BB100F091
S214037AD0EDF889F80080002001F0B7FD002839D0C2
S214037AE000F036F900233B70337823B10020FFF70C
S214037AF0CFFE0023337000212078FFF775FE0023A6
S214037B002370AFF30080284605B0BDE8F04301F0CC
S214037B1097BD1F4BD3F8008000F048F9039B8044C1
S214037B209845BFF472AF00F03BF98200039942F028
S214037B30020292B2CDE900422346164AA1EB08019F
S214037B40124801F084FD65E700F09CF86BE74FF000
S214037B5001086AE7012000F083F8284601F070FD6B
S214037B60EFF3108572B6B6E71E5A0020235A00209C
S214037B706C3B00201F5A0020245A0020225A002063
S214037B801D5A0020215A00201A5A0020703B00205C
S214037B90683B0020D9780300205A002010B501F076
S214037BA042FC0022054B1C781A7001F037FC00F0EB
S214037BB005FBE4B22043C0B210BD00BF1B5A002031
S214037BC038B501F030FC094B05461B78012B04D869
S214037BD001F024FC0024204638BD054B1C6800F049
S214037BE0E5F80444284601F019FCF4E7245A00207B
S214037BF0683B00201549164A0B6F10B503F00703C0
S214037C001360144A144C9269032B02F00200C2F369
S214037C104002227017D0D1F8203103F00703022B5D
S214037C2011D0D1F8803203F001030C4A137048B127
S214037C3043B9064BD3F8003103F00303591E4B42F6
S214037C404B41137010BD0123EFE700BF00800050C7
S214037C50CC3B002000C00150295A00202A5A00209D
S214037C60012805D00238012808D80020D1F7C0BF64
S214037C70034A136923F00403136130BF704700BF40
S214037C8000ED00E0044B054AD3F8203103F0070368
S214037C901360F8F788BA00BF00800050D43B00207A
S214037CA00122014B1A707047285A0020F8B51F4B63
S214037CB01B78002B39D01E4C2378B3B91D4B9A6D15
S214037CC0D10302D5DA6D92072FD49B6DDB072CD434
S214037CD001F000FD184B194A1860136F23F00703D1
S214037CE043F003031367FFF703FD01F0F3FC124BA6
S214037CF0134D1B68134EC01A2B78134F56F82320C8
S214037D0046F82300111A3A681048521A0A213A60B4
S214037D100932B2FBF1F20133DBB20260B3FBF1F2DC
S214037D2001FB12332B7000232370F8BD2A5A002060
S214037D30275A002000C00050C43B0020008000509B
S214037D40265A00209C3B0020983B0020943B0020B2
S214037D5008B5F8F729FA0D4A0D49136F096823F099
S214037D6007030B4313670B49D2F82031096823F046
S214037D7007030B43C2F82031074B1B7813B10122CC
S214037D80064B9A62BDE80840FFF7B2BC008000507D
S214037D90CC3B0020D43B00202A5A002000E00050B1
S214037DA0014B1878704700BF2A5A0020054B1878F5
S214037DB018B1054B186800EBD000044B1B68184439
S214037DC0704700BF2A5A0020943B0020C83B00207F
S214037DD008B50D4B1A7892B100221A700B4A136F2E
S214037DE023F0070343F001031367D2F8203123F08F
S214037DF0070343F00403C2F82031FFF779FC01229E
S214037E00034B5A6708BD00BF285A00200080005065
S214037E1000E000500D490B68A0B10022A3B18342D5
S214037E2003D1836822B90B6003E01A469B68F5E723
S214037E30936083680BB9002070475A6941690A4406
S214037E405A61F8E72220704702207047E03B002083
S214037E5010B501F05BFC0A4C0A4B19682368C31A79
S214037E6009B9206010BD002BFBD04A699A423ABF7D
S214037E709B1A0022D21A4A6128BF00238968EFE7BB
S214037E80DC3B0020E03B002038B5154D2B682BB3B8
S214037E905B69B3B1134A022014681C4400F088FAE5
S214037EA0204600F047FA00220F492B680A70012A81
S214037EB005D823B1D88880070AD501230B70002084
S214037EC038BD022000F074FA022000F093FAEAE7C5
S214037ED09B68002BF3D058690244E8E72220EFE7BB
S214037EE0E03B0020DC3B00202C5A0020C38870B502
S214037EF004460D463BB9FFF763FE8542064602D2AB
S214037F00F9F731FA35460E4A656113689BB9146072
S214037F10A3600FE02D1A986819466561034618B1E9
S214037F205869A842F6D941B18C60A36013B15A6967
S214037F30521B5A6170BD0021F2E71460F5E700BFDB
S214037F40E03B002070B516469DF81420C0E90336C2
S214037F500271049ABDF818300260002204460D46EA
S214037F608260C38006BB01F0D1FB2844A0613DB903
S214037F70E368656113B120462168984796B1354694
S214037F8001F051FA0646FFF763FF29462046FFF73E
S214037F90ADFF074B1B68A34201D1FFF775FF3046C1
S214037FA001F03CFA002070BD01F0B0FB3044DDE781
S214037FB0E03B0020F8B50546D0B101F034FA06469A
S214037FC0FFF746FF0B4B28461F68FFF723FF0446C1
S214037FD020B1304601F022FA2046F8BDAF42F8D170
S214037FE0FFF752FF2228F4D1022000F0EDF9F0E764
S214037FF02224F1E7E03B002038B50C460546A8B13D
S214038000A1B100230B7001F01BFA0121084B1B687A
S21403801033B901F010FA002038BD9D4204D1217017
S2140380202278002AF9D0F4E79B68F1E72220F3E7E9
S214038030E03B0020F8B506460F4601F001FA00259E
S2140380400446124B1B6823B9204601F0F4F91B20A3
S21403805011E05A691544DA88B2420DD101F056FB95
S2140380600B4E3368C01AA8420AD3002320463B604F
S21403807001F0E1F90020F8BDFF2EEFD09B68E2E7A0
S21403808001F044FB33682B441B1AEFE7E03B002068
S214038090DC3B002070B501F0D3F9064601F036FB51
S2140380A0084B044601201D6801F020FB18B101F0BF
S2140380B02DFB04460135304601F0BDF9204629461E
S2140380C070BD00BFE83B0020014B1868704700BF37
S2140380D0E43B0020F8B50C4B05461B680E4683426E
S2140380E00FD3002440F2E7302146084B4FF47A7250
S2140380F01F680023E5FB0701E2F732F830602046ED
S214038100F8BD2120FCE700BFD83B0020E43B00205D
S2140381100F4B10B51A689AB14FF47A71531E134277
S214038120A0FB01010ED1B2FA82F2C2F11F04531C66
S214038130D243E04001FA03F3184321FA02F2024362
S214038140104610BD0023E2F70BF80246F8E700BF1F
S214038150E43B002038B5164B14468342154B8B413F
S21403816023D3154B1A6802B34FF47A75A0FB0503A5
S21403817005FB0131531E134211D1B2FA82F3C3F148
S2140381801F055A1CDB4301FA02F2E84021FA03F307
S21403819010431843E940C4E90001002038BD00231A
S2140381A0E1F7DEFFC4E90001F7E72120F6E700BFA9
S2140381B0EFA7C64B37894100E43B002010B501F01A
S2140381C03FF9034B1C7801F036F9E4B2204610BDA4
S2140381D02B5A002008B5084B1B7803F0FF004BB161
S2140381E001F078FA054B1B689B69C01A02288CBFFE
S2140381F00020012008BD00BF2C5A0020E03B0020D1
S214038200C2072DE9F843044607D5474A13680133E6
S2140382101360FFF71DFEFFF737FEA30740F18180CB
S21403822001F00EF94FF0000805464646FFF710FE2C
S2140382303E4F3C680CB16369A3B100223C4B012E50
S2140382401A7003D118F0020F18BF1E70FFF71CFE3A
S214038250222802D1022000F0B7F82846BDE8F843EA
S21403826001F0E9B823465A693AB91A792179914255
S21403827088BF1C469B68002BF5D1284601F0DBF827
S214038280D4F81080B8F1000F3FD001F03FFAA2698E
S214038290851AEB17454573F1000337DB236913444F
S2140382A0A36101232269CAB1C3B9A38BB8EB05083E
S2140382B033B1E28B13449BB2B3F57A7F1CD2E383CC
S2140382C001F0BEF8054641462046FFF70FFEA369B8
S2140382D0226928461344A36101F0ADF8E36813B19D
S2140382E0204621689847B4F8068001F0A9F80136BD
S2140382F00546FFF7ADFD9CE7A3F57A73E383A36911
S21403830018F1FF38013BA361DAE7454601F098F818
S21403831081462046FFF77EFD484601F08CF8002391
S214038320C0E7BDE8F88300BFE83B0020E03B002041
S2140383302B5A002010B5044601F075F84FF0B042F2
S214038340936A1907FCD4136A116C5269120704D492
S214038350CA1A032A01D899420ED1E21A022A98BFF2
S214038360DC1CB4F1FF3F38BF013C4FF0B04308229A
S2140383701C6403F580539A6101F050F8054A13789C
S2140383803BB14FF0B041CB6B43F00203CB6300230A
S214038390137010BD5B69002007B5044B01A918795B
S2140383A001F0E7F8019803B05DF804FB103A040007
S2140383B000F001038207034A48BF43F008039361B2
S2140383C0704700BF00100058820700F001030AD56B
S2140383D00121064A43F0080311704FF0B041CA6BFF
S2140383E022F00302CA63024A936170475B69002066
S2140383F000200058830742BF0822014B5A6170478A
S2140384000010005873B502AB164603E9060004468F
S21403841000F052FF0546204600F05EFF9DF8002060
S2140384208DB1202C33780ED8012B2ED84FF6FF753E
S2140384302D4803EB4313234430F81310A94202D00C
S214038440013120F81310294B294E33F8141036F84F
S2140384501400814232D34FF6FF75A9424FF001054F
S21403846002D0013123F8141004F0FD01092927D1A5
S214038470998AB68A0A44B242B4BF9A829E8233F875
S2140384801430834227D202B070BD022BDBD14FF6E5
S214038490FF704FF6FF75144B33F81410814218BF64
S2140384A0013104F1210018BF23F8141033F810101B
S2140384B0A9421CBF013123F81010C4E70025D0E7FA
S2140384C01D2CDCD1598F8E18864203DA01390A44F3
S2140384D05A87D4E75887002DD5D1204602B0BDE889
S2140384E0704001F02EB900BF345600200C57002010
S2140384F0B856002038B50D46044600F0A1FF064ADC
S21403850013889BB22DB123431380BDE8384000F097
S21403851092BF23EA0403F7E7125900200022034B15
S21403852001214FF480701A70FFF7E4BF3D6000200E
S21403853008B5054B1868FCF72EFE00F00300C31EB3
S2140385405842584108BD00BF3853002038B504468A
S21403855001F095F90C4B05461978187981420FD02E
S214038560631E082B0CD8DFE803F0050D0B0D0B0D6F
S2140385700D0D0D0000220146044B1868FCF709FE9A
S214038580284638BD0022F7E78969002038530020C3
S21403859038B54FF0FF300C46FFF77AF80A4B05461E
S2140385A01868FFF775F8641B241A20B210F1630FDE
S2140385B006DB10F1240F05DA64308000C0B238BD44
S2140385C00020FCE7FF20FAE73853002008B5134BDA
S2140385D01B78062B04D040F62101114801F022F83F
S2140385E0104B1B881B0704D440F622010C4801F0ED
S2140385F019F80D4B2A201978FFF7A8FF0021082049
S214038600FFF778FF0222094B1A70094B1868E8F740
S214038610BFFDBDE8084001F081B800BF3D60002003
S214038620A6360400125900203A600020B8690020DC
S2140386303853002010B50E4C236823B940F6A341E7
S2140386400C4800F0EFFF2068013001F0C9F800F095
S214038650070003280AD1246809220121204600F0D6
S214038660E3FB205C031F5842584110BD0020FCE783
S21403867028530020A636040038B50C4640B1002126
S2140386800420FFF737FF01F049F8012C1DD038BD51
S214038690244B1B889B07F6D50129234A2FD1117833
S2140386A069B30139C9B2117011B92020FFF722FF4F
S2140386B000210220FFF71EFF04221C4B00211C484A
S2140386C01A7000F05DFD01F029F81A4C206801309D
S2140386D001F086F800F44060B0F5006F1FD12468FF
S2140386E001210422204600F09FFB204401F078F885
S2140386F00146BDE838400022202001F03AB80021A8
S2140387000D4D02201170FFF7F5FE2B78FF2B04D0DA
S21403871040F29961094800F085FF2C70B3E74FF6E5
S214038720FF71E6E7125900203C6000203D60002000
S2140387300C67002028530020B9690020A6360400E1
S21403874038B5134C05462388580709D5FFF7F0FEBE
S21403875001460720FFF7FAFEFF210120FFF78CFFF3
S214038760238899070BD50B4B284619788A1F514245
S2140387705141FFF7EBFE01210020FFF77DFF238821
S2140387801B0703D5BDE83840FFF720BF38BD00BF41
S214038790125900203D600020F7B5124CD4E900655D
S2140387A086EA020C85EA03070CEA000C0F405CEA33
S2140387B0070E15D086EA0C067D40C4E90065CDE9B0
S2140387C000230B46084902460868FCF7A6F838B1AA
S2140387D04FF4FD71054803B0BDE8F04000F022BF3A
S2140387E003B0F0BDA815002038530020A6360400B9
S2140387F008B50A4B1B88DB0604D440F64701084835
S21403880000F010FF00211020FFF774FE002000F098
S2140388106BFBBDE8084000F081BF00BF1259002083
S214038820A63604002DE9F04F5706804614461D462B
S21403883091B005D5FFF77CFE01460120FFF786FEC3
S214038840EE0403D500212D20FFF780FEA00224D5D9
S2140388504046FCF74CFD0146F8B94020FFF74AFEB8
S21403886040460AA9FCF720F9B8B99DF83030022B28
S21403887040F0D980BDF8280001F0A0F8FF2808D101
S2140388804046FCF70FF940B901214020FFF732FEBE
S21403889003E001F097F80028F2D1A10305D5FFF70E
S2140388A047FE01460320FFF751FEE20104F08076FF
S2140388B040F1C080854B1B889B072DD5844E3068BE
S2140388C0FCF787F840BB834B834F18703B78FF2B2E
S2140388D004D040F25761814800F0A4FE4FF000092F
S2140388E000210220FFF706FE87F800907C4F3B78B6
S2140388F0062B07D101210820FFF7FCFD4946282057
S214038900FFF724FE3B78052B06D100212B20FFF72B
S2140389101DFE3068E8F73CFC00F000FF220717D581
S2140389206B4F0321386805AAFCF76DF8064620B995
S21403893040F2C961694800F075FE9DF81430072BB4
S21403894000F0D080FFF7F4FD01460420FFF7FEFD9C
S214038950E10505D5FFF7ECFD01460420FFF7F6FD1C
S21403896014F4863F05D0FFF7E3FD01460220FFF728
S214038970EDFDA20113D5FFF7DBFD01460820FFF747
S214038980E5FD00210420FFF7B5FD554B1B78012BB1
S21403899003D14F4B1868E8F7FBFB00F0BFFE14F05B
S2140389A0084F09D0FFF7C4FD01460720FFF7CEFDA9
S2140389B0FF210120FFF760FEA30009D5FFF7B8FDEE
S2140389C001460620FFF7C2FDFF210120FFF754FEF4
S2140389D0A70705D53D4B1B881E0701D5FFF7F6FDF8
S2140389E06C0603D500210A20FFF7B0FD280602D542
S2140389F00120FCF78DFCE90540F1858140460AAA73
S214038A0005A9FCF7C4FB9DF81430222B00F06D81FA
S214038A1000F28281152B40F26A8140F60A112F4834
S214038A2000F000FE6FE1032B7FF437AF0AA800F0D7
S214038A30C1FF30E705F0020756EA07030DD0284BBF
S214038A4026201978A1F1060EDEF1000141EB0E0196
S214038A50FFF77CFD0121304611E004F0805656EA0C
S214038A6007030FD01E4B26201978A1F1060CDCF164
S214038A70000141EB0C01FFF769FD02213846FFF7C1
S214038A80FBFD4BE704F0884151EA060309D0144B7B
S214038A90272019788F1F79427941FFF757FD022166
S214038AA0D9E705F008030B4302D02320FFF74EFD5A
S214038AB0680703D500212420FFF748FDE9077FF563
S214038AC02DAF00212520FFF741FD27E7125900208F
S214038AD0385300203C600020B9690020A636040005
S214038AE03D600020314638680AAAFBF792FF20B1A2
S214038AF04FF4DA619E4800F095FDBDF816303868ED
S214038B0002330AA9ADF82C30FBF785FF20B140F2FB
S214038B10DF61974800F086FD002300933146042367
S214038B20386804AAFBF779FF042804D040F2E4610E
S214038B308F4800F077FDDFF8589299F80030C3BBF2
S214038B400DF1110000F04CFE00F00700022830D1B2
S214038B50FFF7EEFC01460920FFF7F8FC854B1B7870
S214038B60062B23D1844B9DF813201B789A421DD1E4
S214038B709DF8353023B940F2FA617D4800F052FD86
S214038B800DF1110000F02CFEC0F30016314629202B
S214038B90FFF7DCFC00210820FFF7ACFC774B1E70C8
S214038BA0FFF748FD10B93868E8F7F2FA00F0B6FDAB
S214038BB0CEE6BDF816000121083080B200F068FA50
S214038BC0039030B9FFF7B4FC01460420FFF7BEFC60
S214038BD0ECE700F0E9F905AA014606463868FBF714
S214038BE024FF99F800A0BAF1000F22D106F1010B79
S214038BF0584600F0F5FD83065AD53868FCF777FB30
S214038C000746FFF795FC05370146F8B2FFF79EFCCB
S214038C10584600F0E5FD00F007000328584F2DD016
S214038C2001210420FFF766FC4FF0FF30FBF71CFF23
S214038C30386000225349BDF816300978F718F15406
S214038C409DF83630BB709DF83730FB700A9B190EC3
S214038C503971190C7971FB71190A99F80030B971D9
S214038C6023B9737892B343F020037370002000F0A7
S214038C7069F97870039800F071FA97E701210922E1
S214038C80304600F0D1F8305C01210428C9D1FFF743
S214038C9031FC4FF0FF30FBF7E7FE3B4B38601B8899
S214038CA05806C6D551464020FFF724FC0122C1E7EB
S214038CB0FFF73EFC01460920FFF748FC2D4B1B78C7
S214038CC0012BB6D13868E8F763FAB2E723F020033E
S214038CD0CBE701227E33DBB202FA03F313F00A1F5B
S214038CE031D113F0011F3FF498AE27202CE0012268
S214038CF002FA03F3254A1A402ABB13F0041FF4D1E1
S214038D00DA077FF58AAEAB052FD50121802011B097
S214038D10BDE8F04FFFF7EEBB652B1AD8622B12D8CF
S214038D20452B0CD8422B0ED8352B06D8322B0AD817
S214038D30252B08D9322BD8D06FE6422BFBE7552BD1
S214038D4005D8522BF7D92620FFF7FAFCDBE7622B70
S214038D50F1E7952B3FF661AE812BBAD8722BC4D0C0
S214038D60733B022B3FF659AEEDE711B0BDE8F08F2B
S214038D70A63604003D60002039600020B869002054
S214038D8024530020BA690020125900203A00380004
S214038D9040600020024B1878B0FA80F04009704714
S214038DA03D60002008B5064B4FF0FF311868FCF70E
S214038DB014FA0028B8BF033040F3870008BD00BF8D
S214038DC03853002008B5074B1868FBF73BFD30B156
S214038DD0054BB3FBF0F083B20BB1184608BD012078
S214038DE0FCE700BF3853002040420F0038B5102080
S214038DF00C460121FFF77EFB064B1D68FFF7E2FFDB
S214038E00012200FB04F1044B2846FCF7CBF90020B3
S214038E1038BD00BF38530020F1870300014800F037
S214038E2001BC00BFC0360400032A70B5144602D83E
S214038E302C4B985C70BD81F0010519B90D2A07D13A
S214038E40FF20F7E70D2A03D100780538C0B2F1E713
S214038E50084400F0C5FCC5F1040110F44066024660
S214038E60C9B209D1042C0846E4D0052C16D112F059
S214038E70400F18BF0846DDE7C5F10603042CD8B239
S214038E80D8D0B6F5006F03D1C5F10805E8B2ECE714
S214038E90B6F5406FE9D1C5F10E05F7E712F4404188
S214038EA007D1062CC6D0072CC4D0082C13D101300A
S214038EB0CCE755065CBF831CD8B2062CBAD0B1F5F6
S214038EC0004F02D1831CD8B2EDE7B1F5404FEAD18B
S214038ED000F10803F7E7130744BF0530C0B20C2CB4
S214038EE0A8D9ADE770820400AC2370B5094C0546DB
S214038EF003FB00435E6D26B940F2FD31064800F0E1
S214038F0091FBAC2303FB0544002363653346BDE8AE
S214038F10704018473C530020FD36040010B40C463E
S214038F201146AC22064B02FB0033586D20B95C6534
S214038F305DF8044BFFF75ABF02205DF8044B7047F9
S214038F403C530020AC22034B02FB003393F8A800EB
S214038F50704700BF3C53002028B1034B1B68C01A60
S214038F604010013080B27047FC53002030B1044BF0
S214038F7000F100401B68013803EB4000704700BF58
S214038F80FC530020064B1B68834206D8054B1B6820
S214038F90834294BF0020012070470020704700BF23
S214038FA0FC530020F853002010B5044608B90020EF
S214038FB010BD00F072FC20B940F2CD41074800F026
S214038FC031FB2046FFF7D2FF0028F0D00388DB0BE7
S214038FD014BFD0F80A000830EAE700BFD43604000E
S214038FE010B508B9002010BDFFF7C0FF044600F017
S214038FF04BFC20B94FF49D61064800F013FB002C90
S214039000F0D02388DB0B0ABF60882089C0F30C00EE
S214039010E9E700BFD436040038B5FFF7A7FF0D46CF
S214039020044650B100F030FC20B940F241510348E9
S21403903000F0F8FA023534F8150038BDD4360400CB
S21403904070B5FFF793FF0C4616460546B0B100F021
S2140390501BFC20B940F24D510C4800F0E3FA3046B1
S214039060FFF784FF00F010FC20B940F24E5107488A
S21403907000F0D8FA023425F8146070BD40F252515D
S214039080BDE87040014800F0CDBA00BFD4360400F6
S2140390902DE9F8430746884600F066FB20B940F200
S2140390A08E512A4800F0BEFAFC1CA408284B640024
S2140390B00434B7F5005F1E68A4B204D340F295519A
S2140390C0224800F0AFFA00F0BBF9224981460B684C
S2140390D07BB9214B1D68761BC6F34F06B44227D9CE
S2140390E00025484600F0A7F92846BDE8F843FFF7F1
S2140390F033BFB8F1000F11D0174A15685A1BC2F3D5
S2140391004F029442ECD81448620005EB4404046012
S214039110B8F1000F0FD113440B600CE0F61AC6F338
S2140391204F0676B940F2A651084800F07BFAD7E717
S21403913005EB44041C6000236F80AB80EB802B8020
S214039140CFE7B442CCD8044A1568DCE7D43604002B
S21403915000540020E8530020F853002038B5054695
S21403916000F06EF9044629460448002200F0A2FBEC
S2140391702046BDE8384000F05EB900BF185900200D
S21403918082684B4B2DE9F0419A4204460E46056829
S21403919015D121B140F21311464800F043FA00F00E
S2140391A04FF923691BB92B682BB924612C60BDE8E2
S2140391B0F04100F040B91A6922611C61F6E700F03D
S2140391C02AFA8046FEF76AFA20B14FF495713948B9
S2140391D000F028FA6FF000439E4221694BD22B7BA6
S2140391E008EB0602002B4DD0AB6893424AD1531CC2
S2140391F0002949D06169994242D01EB9521AB2F188
S214039200004F3DD9636123696E689C4203D19D215B
S214039210284800F007FA2F460023B4420BD0002B51
S21403922041D172696169891AB1F1004F32D8326946
S214039230374694422CD12269BD420CBF6A603A611C
S2140392407BB92669B44203D1B8211A4800F0EAF97B
S2140392503B46012E05D062697169521AB2F1004F7E
S21403926023D99D420BBF6B681A69236122610CBF29
S2140392706C601C6104E0434431B162699342C1D11E
S214039280BDE8F0811346B3E76A6822616C60B9E70C
S2140392901646C6E7A8EB0202B2F1004FC7D93B4613
S2140392A037463669B9E71F46F9E733463669D0E7E6
S2140392B0692C0200E83604000823064A12F8011B4C
S2140392C0814205D0013B13F0FF03F7D118467047E0
S2140392D001207047218304000823064A12F8011B65
S2140392E0814205D0013B13F0FF03F7D118467047C0
S2140392F0012070471983040010B508220749044665
S214039300E1F7E6FDB0FA80F04FF6FF7322894009D5
S21403931040009A4208BF40F0010010BD32830400AB
S21403932030B504460D4685B002B9084A1068516840
S21403933001AB03C301AB03CB20602046ADF80C5052
S2140393401B886160238105B030BD00BFA8BF030042
S214039350002270B50A4B1C780A4BD5B2AC4202D831
S21403936000200C7008E01E880132864205D30D707B
S2140393701B881B1A5842584170BD1233EDE700BFD5
S214039380BA5F0020B858002010B5164B187860B1A5
S214039390154C2368CBB14FF4707200201349FFF7C6
S2140393A0BDFD2368013B236010BDFFF7FBFC10499E
S2140393B0104A91F90040136884420B4C03F10103F1
S2140393C013602368B8BF087053B90B4800F09AFAC5
S2140393D00028E9D1BDE8104001460748FFF7D0BE94
S2140393E00822DAE78D600020745400208993030076
S2140393F0886000206C540020D8680020054B1B684A
S2140394002BB9054B1868003818BF01207047012098
S214039410704700BF645400206054002010B962B641
S214039420BFF36F8F7047EFF3108072B67047302329
S21403943083F31188704780F31188BFF36F8F7047EB
S214039440EFF31180302383F31188704700207047B1
S2140394504FF4004070474FF47A707047012241780A
S21403946003788A4030214B4341F2100103F1A043B5
S21403947003F570335A507047B0F5802F24D010D8B8
S214039480B0F5003F22D006D828B3B0F5803F14BF0E
S214039490012048207047B0F5403F14BF01202C2020
S2140394A07047B0F5302F13D008D8B0F5E02F11D0A1
S2140394B0B0F5202F14BF012010207047B0F57F0FA2
S2140394C014BF0120062070474B2070472A207047A0
S2140394D0112070472120704708B570B100F022F8BC
S2140394E04FF098435A6CD202FCD5586D10F4702096
S2140394F004D0BDE80840FFF7BFBF212008BD08B56C
S21403950028B128220021E1F797F9002008BD212081
S214039510FCE7036A042B9FBF00EB83020133D16091
S21403952003627047036A052B14D84FF09842116CF8
S214039530C902FCD504339B0013650168103B116018
S2140395404168116050F8081F11604FF098420344B9
S214039550984200D1704750F8041F1160F8E78368FB
S21403956013B9816070475B685A68012AFBD159605A
S214039570704709B100F005B822207047012100F0BA
S21403958043B870B506460D46FFF75AFF04461D2E30
S21403959037D8DFE806F00F18361C1E20362224368E
S2140395A036362628362A2C2E303636363634363697
S2140395B036363632FEF782F8002628602046FFF756
S2140395C03AFF304670BD0120D0F7ACF8F4E703202D
S2140395D0FAE70420F8E70C20F6E70220F4E7062073
S2140395E0F2E70720F0E70820EEE70520ECE709207E
S2140395F0EAE70A20E8E70D20E6E71020E4E70B2079
S214039600E2E700202126D8E70020704708B5FEF7DA
S214039610D9F880B208BD08B5FEF7D4F808BD704780
S21403962042DE704738B504460D4600F008F8FFF7EB
S214039630FEFE29462046BDE83840FFF7F1BF7047D7
S21403964010B962B6BFF36F8F7047012070472DE9DC
S214039650FF410D4616461F460446A8B14FF00008C4
S214039660C0F81C80FEF7A6FCBDF82C3042460293D9
S2140396709DF828302946CDE9007320463346FEF789
S21403968061FC04B0BDE8F0812220FAE7F0B51F467E
S214039690002387B00D46164604468DF81730A8B14A
S2140396A0C3610DF11701FEF7A7FC9DF817207AB9E1
S2140396B0BDF83430294602939DF830302046CDE974
S2140396C000733346FEF73EFC07B0F0BD2220FBE7EF
S2140396D00320F9E738B5FFF7B3FE054600F016F8A2
S2140396E004462846FFF7A7FE204638BD4FF0B04392
S2140396F001285B6904D0022805D1C3F3C000704774
S21403970003F0010070470020704770474FF0B043E6
S2140397109A6A1207FCD4186A7047704708B5FFF7B1
S214039720FCFF00F01DF808BD10B5FFF77CFE012115
S21403973004460846FEF7E2F82046BDE81040FFF769
S2140397406DBE10B5044600F012F82046FAF7FAFF8D
S2140397502046F8F72DF9BDE81040F9F7F2BC70473C
S21403976008B5FFF7FCFF08BD0120704770470020CF
S214039770704730B589B00446ADF806108DF8102052
S214039780FFF79AFD05462046FFF7A6FD03469DB163
S214039790BDF80600ABB900F0BAF8FF2808BF0020F2
S2140397A00DF10F038DF80F001A4620460499059312
S2140397B0FEF728FE09B030BD0028F5D00DF10603EC
S2140397C0F2E700F0A4F8FF2808BF0020BDF8063033
S2140397D08DF80F00ADF81A308DF8180006ABE3E7E6
S2140397E0008870470170090A41707047012070476E
S2140397F00120704738B5DFF75FFF0446D4F794FFC0
S214039800051E18BF2546D5F761F8041E18BF2C465B
S214039810FFF7ECFF002818BF204638BD38B5FEF723
S214039820BDF90446F7F7C3FA04281ED002284FF002
S214039830000508BF0124F8F763F9042817D00228A7
S21403984008BF0124F7F7F2FE042812D0022808BF47
S2140398500124FFF7CDFF04280DD0022808BF0124FA
S214039860002D18BF0024204638BD0125E3E7012557
S214039870E8E70125EDE70024F5E7FF20704708B584
S214039880FFF7FBFF002008BD08B520B1FFF77AFB02
S21403989000F0010008BD0120FAE708B5FFF766FBF4
S2140398A0BDE80840FFF7F0BF008810B1C9B2FFF764
S2140398B0B3BB70472DE9F041B0F8008006460C466E
S2140398C0D5B2B8F1000F11D029464046FFF7A4FBE6
S2140398D02246074629464046FFF7B2FB3A46294644
S2140398E02046FFF7ADFB3480BDE8F0810F46F5E771
S2140398F003461B8808468B4202D00021FFF78CBB29
S214039900002070470069003818BF01207047002008
S2140399107047F8B506460D46FFF7EEFC03280446E7
S21403992021D02846FFF7E8FC032807461BD010F093
S214039930020318D1A0070DD5F90716D401233C431B
S214039940E20704D431892A89914218BF002303F021
S2140399500100F8BD082229463046E1F7B9FAB0FA05
S21403996080F35B09EBE70020F3E71846F1E770B5F1
S2140399700D4600210646FFF797FF044630B1FFF772
S21403998013FB01462846FFF7C4FF08B1204670BD07
S21403999021463046FFF7ACFFEFE707B50DF10701A9
S2140399A0FFF7D6FC20B19DF8070003B05DF804FB73
S2140399B0FF20FAE700207047FF207047FF2070471C
S2140399C0FF207047002070470020002170470020CA
S2140399D070472DE9F84307460846154688461C4651
S2140399E09DF82090FFF7E0FA4619A4B19EB14046D1
S2140399F0FFF7F6FA254485420FDC2246B9F1000F3D
S214039A0006D131463846E0F769FF0020BDE8F88303
S214039A1039463046F7E72120F8E71D20F6E7000031
S214039A20F8B500BFF8BC08BC9E467047F8B500BF43
S214039A30F8BC08BC9E4670475FF800F05D620020E5
S214039A405FF800F0C16100204465766963652074A1
S214039A50797065206368616E676520646574656305
S214039A607465643A202564202D3E2025640D0A0083
S214039A70427574746F6E2076616C756520636861D9
S214039A806E67656420746F2025640D0A0050726546
S214039A9073732064657465637465640D0A004D759D
S214039AA06C7469207072657373206465746563747F
S214039AB065643A2025640D0A0052656C656173651A
S214039AC02064657465637465640D0A004C6F6E6785
S214039AD02070726573732064657465637465640DC2
S214039AE00A0072656C61795F73746172745F6C618E
S214039AF0746368696E675F70756C73653A20616E30
S214039B006F746865722070756C7365206973206165
S214039B1063746976650D0A0072656C61795F6F6EB2
S214039B200D0A0072656C61795F6F66660D0A0072D6
S214039B30656C61795F746F67676C650D0A005772B1
S214039B406974696E6720636F6E66696720746F2039
S214039B506E763A2025730D0A0053697A653A2025F6
S214039B60640D0A004661696C656420746F20777221
S214039B70697465204445564943455F434F4E4649FD
S214039B80475F4441544120746F204E562C20737413
S214039B90617475733A2025642E2028627974657380
S214039BA03A202564290D0A00737563636573732170
S214039BB00D0A004661696C656420746F20726561E6
S214039BC064204E565F4954454D5F444556494345C8
S214039BD05F434F4E4649472C207573696E67206472
S214039BE0656661756C7420636F6E66696720696E5F
S214039BF073746561642C207374617475733A2025DD
S214039C00642E202862797465733A202564290D0A28
S214039C10005573696E6720636F6E6669673A202521
S214039C20642063686172732066726F6D0D0A257314
S214039C300D0A0072626C38633835773B5453303004
S214039C4031322D5A533B534130753B5244314134E4
S214039C503B4943313B534231753B52433043323BDE
S214039C604941353B4D3B004E6574776F726B2073ED
S214039C707461747573206368616E67656420746FBE
S214039C802025640D0A004D616E75666163747572F6
S214039C90657220746F6F206269670D0A004D6F64EA
S214039CA0656C20746F6F206269670D0A00496E69E0
S214039CB07469616C697A696E67205A69676265655B
S214039CC020776974682025642073776974636865F0
S214039CD0732C2025642072656C6179732C202564AF
S214039CE020636F7665722073776974636865732C77
S214039CF020256420636F766572730D0A00436F6ECA
S214039D006669672070617273656420737563636543
S214039D10737366756C6C790D0A00726561642076E0
S214039D20657273696F6E20666F726D206E6577203D
S214039D306C6F636174696F6E0D0A004661696C65CA
S214039D406420746F207772697465206C6173745332
S214039D5065656E56657273696F6E20746F204E5616
S214039D602C2073743A2025640D0A004F6C64207609
S214039D70657273696F6E3A2025640D0A0043757227
S214039D8072656E742076657273696F6E3A20256409
S214039D900D0A00524553455420414C4C210D0A00F0
S214039DA068616C5F6770696F5F63616C6C62616347
S214039DB06B3A2065787469206C696E6520256C643F
S214039DC02073746174757320256C750D0A006861C1
S214039DD06C5F6770696F5F63616C6C6261636B3A3B
S214039DE0206E6F20667265652045585449206C695D
S214039DF06E65730D0A002F686F6D652F72756E6E34
S214039E0065722F776F726B2F747579612D7A696718
S214039E106265652D7377697463682F747579612D30
S214039E207A69676265652D7377697463682F7369EA
S214039E306C6162735F746F6F6C732F73696D706C94
S214039E4069636974795F73646B2F2E2E2F2E2E2F02
S214039E507372632F73696C6162732F68616C2F7AF8
S214039E6069676265652E630044726F7070696E671A
S214039E70206F6C64204F544120696D6167652C2008
S214039E8063757272656E74206F66667365743A20C6
S214039E90256C750A00556E6B6E6F776E20636F7652
S214039EA0657220636F6D6D616E643A2025640D0ADA
S214039EB000556E6B6E6F776E20636D642025640DA0
S214039EC00A00427574746F6E207072657373206433
S214039ED0657465637465642C20627574206E6F20E8
S214039EE0627574746F6E2069732070726573736520
S214039EF0640D0A00427574746F6E206C6F6E672073
S214039F0070726573732064657465637465642C206E
S214039F10627574206E6F20627574746F6E20697339
S214039F20206C6F6E6720707265737365640D0A002C
S214039F304E6F20636F76657220737769746368204B
S214039F40636F6E66696720696E204E562C207573A4
S214039F50696E672064656661756C74730D0A0041EB
S214039F607474726962757465206368616E6765648C
S214039F702C2065703A2025642C20636C75737465F9
S214039F80723A2025642C20617474723A2025640D7D
S214039F900A00556E6B6E6F776E204C6576656C4364
S214039FA074726C20636F6D6D616E643A2025640D68
S214039FB00A00556E6B6E6F776E204F6E4F66662087
S214039FC0636F6D6D616E643A2025640D0A00496EF9
S214039FD0646578206174207772697465206174748F
S214039FE0723A2025640D0A004E6F207377697463F6
S214039FF06820636F6E66696720696E204E562C2054
S21403A0007573696E672064656661756C74730D0A93
S21403A01000496E76616C69642072656C61795F696C
S21403A0206E64657820256420696E204E562C207257
S21403A0306573657474696E6720746F206465666102
S21403A040756C740D0A003E2000556E6B6E6F776E4E
S21403A050206572726F7200496E7075742062756641
S21403A0606665722069732046554C4C004D617869CD
S21403A0706D756D206E756D626572206F66206172F8
S21403A08067756D656E74732065786365656465646E
S21403A0900054686520617267756D656E7420697318
S21403A0A0206E6F7420666F726D61747465642063CE
S21403A0B06F72726563746C7900496E636F72726552
S21403A0C0637420617267756D656E7420747970654C
S21403A0D000496E636F7272656374206E756D626598
S21403A0E072206F6620617267756D656E7473004EBD
S21403A0F06F20636F6D6D616E6420666F756E6400AE
S21403A10075696E7438006164646974696F6E616C36
S21403A110002A00756E6B6E6F776E0077696C6463EA
S21403A120617264006865786F707400737472696E28
S21403A130676F70740075696E7433326F7074007570
S21403A140696E7431366F70740075696E74386F702B
S21403A150740068657800737472696E670075696E5B
S21403A1607431360075696E743332002E2E2E20003D
S21403A17068656C70000A25730A25732573002573BA
S21403A1802008002F686F6D652F72756E6E65722FCF
S21403A190776F726B2F747579612D7A69676265655F
S21403A1A02D7377697463682F747579612D7A69677F
S21403A1B06265652D7377697463682F73696C616272
S21403A1C0735F746F6F6C732F73696D706C696369FB
S21403A1D074795F73646B2F706C6174666F726D2F26
S21403A1E0736572766963652F6C65676163795F680B
S21403A1F0616C2F7372632F626173652D7265706C69
S21403A2006163656D656E742E63002F686F6D652FD1
S21403A21072756E6E65722F776F726B2F74757961B8
S21403A2202D7A69676265652D7377697463682F7421
S21403A2307579612D7A69676265652D7377697463CD
S21403A240682F73696C6162735F746F6F6C732F73BF
S21403A250696D706C69636974795F73646B2F706C76
S21403A2606174666F726D2F736572766963652F749A
S21403A2706F6B656E5F6D616E616765722F6C656788
S21403A2806163792F7372632F736C5F746F6B656E84
S21403A2905F6D616E616765722E63002F686F6D6513
S21403A2A02F72756E6E65722F776F726B2F7475795A
S21403A2B0612D7A69676265652D7377697463682FA4
S21403A2C0747579612D7A69676265652D737769742C
S21403A2D063682F73696C6162735F746F6F6C732F3F
S21403A2E073696D706C69636974795F73646B2F70DF
S21403A2F06C6174666F726D2F736572766963652F12
S21403A300746F6B656E5F6D616E616765722F6C65EA
S21403A310676163792F7372632F736C5F746F6B65FA
S21403A3206E5F6D616E75666163747572696E672EB6
S21403A330630043757272656E7420436F6E66696759
S21403A3403A202530780053657420434341206D6FCF
S21403A350646520746F2025643A2025307800656E86
S21403A36061626C65640064697361626C6564006F46
S21403A370757428636C69656E742900696E2028738A
S21403A380657276657229004D464720537472696E6E
S21403A390673A202573004170704275696C64657274
S21403A3A0204D464720436F64653A20307825303485
S21403A3B058006E6F6465205B004164646974696F5E
S21403A3C06E616C20696E74657266616365730020E6
S21403A3D02025643A200070616765205B25645D2054
S21403A3E06368616E205B25645D20707772205B2551
S21403A3F0645D006E6F7420616374697665006572D0
S21403A400726F72203078253038580070616E494478
S21403A410205B3078253034585D206E6F6465494480
S21403A420205B3078253034585D20007870616E20CC
S21403A4305B307800706172656E744944205B3078D7
S21403A440253034585D20706172656E74527373697B
S21403A450205B25645D006E6F646554797065205BD0
S21403A460005365637572697479206C6576656C2034
S21403A4705B253032585D006E6574776F726B2073A0
S21403A48074617465205B253032585D200042756622
S21403A4906665722062797465733A202564202F20DE
S21403A4A0256400457020636E743A20256400657049
S21403A4B0202564205B656E64706F696E7420257357
S21403A4C02C206465766963652025735D20006E77AE
S21403A4D06B205B25645D2070726F66696C65205B1C
S21403A4E03078253034585D206465764964205B30C7
S21403A4F078253034585D20766572205B30782530B9
S21403A50032585D0020202020257320636C757374F9
S21403A51065723A2030782530345820004E776B2009
S21403A520636E743A202564006E776B202564205B87
S21403A53025735D005072696D617279202870726FA1
S21403A540290020206E6F646554797065205B30782F
S21403A550253032585D0020207365637572697479FF
S21403A56050726F66696C65205B3078253032585DB3
S21403A5700045502025643A20257320004572726FEB
S21403A580723A2020556E6B6E6F776E20656E647020
S21403A5906F696E742E00456E61626C652065766524
S21403A5A06E7420646562756720696E666F20696ED7
S21403A5B020436F726520434C4920636F6D706F6E46
S21403A5C0656E74006F6E6C7920636F6F7264696E6C
S21403A5D061746F72732063616E20666F726D0A001A
S21403A5E06A6F696E203078253038580A006C6561CA
S21403A5F07665002573203078253032580A00726558
S21403A6006A6F696E0072656A6F696E44696666444E
S21403A610657669636554797065006578742E205095
S21403A620414E2049443A20004E574B206F70656ECA
S21403A6303A20257520736563004E574B20636C6F75
S21403A6407365640066696E64206A6F696E61626C26
S21403A650653A203078253032580066696E64207576
S21403A6606E757365643A2030782530325800436837
S21403A670616E67696E6720746F206368616E6E65CE
S21403A6806C2025643A2030782530325800696E767F
S21403A690616C6964206E6574776F726B20696E6493
S21403A6A065780053686F72742049443A20307825E1
S21403A6B03034582C2045554936343A20002C205047
S21403A6C0616E2049443A203078253034580053745C
S21403A6D06172746564206D756C74692D7068792079
S21403A6E0696E74657266616365004661696C65646C
S21403A6F020746F2025732025732030782530325838
S21403A700005465726D696E6174656420257320302C
S21403A7107825303258004B65657020616C69766524
S21403A72020737570706F727420656E61626C6564F9
S21403A7302E006661696C656420746F2073657420EF
S21403A7406B65657020616C697665206D6F64652E38
S21403A750007375636365737366756C6C79207365D4
S21403A7607420746865206368696C642074696D6519
S21403A7706F7574206F7074696F6E206D61736B2EC6
S21403A780006661696C656420746F20736574207459
S21403A7906865206368696C642074696D656F757499
S21403A7A0206F7074696F6E206D61736B2E00646921
S21403A7B073636F766572004D6174636820257379E1
S21403A7C02066726F6D203078253034582C206570E3
S21403A7D0202564004E574B204164647265737320D2
S21403A7E0726573706F6E73653A203078253034580F
S21403A7F0004945454520416464726573732072655C
S21403A80073706F6E73653A2000536572766963657D
S21403A8102025737920646F6E652E002320207479BB
S21403A82070652020206E776B20206C6F63202020BD
S21403A83072656D202020636C75732020206E6F6414
S21403A84065202020657569002020256420202020AF
S21403A850307825303458202030782530345820205E
S21403A860307825303458203078253034582000731B
S21403A8706C5F7A69676265655F6765745F62696E58
S21403A88064696E67204572726F723A20307825309D
S21403A89038580A002564206F662025642062696E96
S21403A8A064696E6773207573656400656E61626CB8
S21403A8B06564207072696E740064697361626C65A6
S21403A8C064207072696E7400616464206C696E6BD8
S21403A8D0206B6579004552523A2043616C63756C70
S21403A8E0617465642043524320646F6573206E6F02
S21403A8F074206D61746368004552523A20496E7342
S21403A90074616C6C20436F6465206D75737420628C
S21403A9106520382C2031302C2031342C206F7220C7
S21403A920313820627974657320696E206C656E67B2
S21403A9307468004552523A204145532D4D4D4F20E1
S21403A94068617368206661696C65643A20307825AF
S21403A95030325800536574206A6F696E696E6720DB
S21403A9606C696E6B206B6579007365742062696E23
S21403A970642025643A2030782530327800454D50DF
S21403A980545900554E494341004D324F4E45004DF4
S21403A990554C5449003F2020202000496E646578BA
S21403A9A02049454545204164647265737320202021
S21403A9B02020202020204E574B496E6465782020A7
S21403A9C0496E204643202020202054544C287329C7
S21403A9D020466C6167202020204B657920202020AC
S21403A9E0002564202020202000202025642020200D
S21403A9F0202020200020202530385820200020301A
S21403AA007825303458202000496E646578204945FF
S21403AA1045452041646472657373202020202020FE
S21403AA20202020496E204643202020202054797081
S21403AA306520204175746820204B6579002D202001
S21403AA40202020002563202020202025632020208E
S21403AA50202000696573005741524E494E473A20FD
S21403AA602052454144494E47204F46204B455920E6
S21403AA7056414C5545532044495341424C45442086
S21403AA804259204D464720544F4B454E004E574B98
S21403AA90204B6579002573206F75742046433A2052
S21403AAA02530385800257320736571206E756D3A0E
S21403AAB020307825303258002573206F7574204671
S21403AAC0433A202530387800544320257320002548
S21403AAD073205461626C650025642F256420656EBF
S21403AAE0747269657320757365642E005472616EA3
S21403AAF07369656E74204B657900256420656E74F2
S21403AB0072257320636F6E73756D696E6720256497
S21403AB10207061636B657420627566666572257363
S21403AB202E0057494C4C0057494C4C204E4F54006E
S21403AB3054727573742043656E7465722025732092
S21403AB40616C6C6F772074727573742063656E74B2
S21403AB5065722072656A6F696E73207573696E67B6
S21403AB602077656C6C2D6B6E6F776E206B65792E18
S21403AB70005365742074696D656F757420666F7213
S21403AB802054727573742043656E74657220726503
S21403AB906A6F696E73207573696E672077656C6C70
S21403ABA02D6B6E6F776E206C696E6B206B657920EC
S21403ABB0746F202564207365636F6E64732E00457F
S21403ABC052524F523A20002573737461636B206DA3
S21403ABD075737420626520646F776E2E005265610C
S21403ABE064696E6720416C6C6F77656400486173B7
S21403ABF068696E67206F6E6C7900736C5F7A69673D
S21403AC006265655F6B65795F73657474696E677398
S21403AC105F743A203078253034580020205065720F
S21403AC206D697373696F6E733A202573004572728C
S21403AC306F723A204661696C656420746F2067659D
S21403AC407420636F6E6669672C2073746174757302
S21403AC503A20307825303858004661696C65643A86
S21403AC6020307825303858004D73673A20636C756A
S21403AC7073203078253034582C20636D6420307868
S21403AC80253032582C206C656E202564006275666C
S21403AC906665723A2000454D4245525F0025735360
S21403ACA0454355524954595F4C4556454C3A202521
S21403ACB03032580025736572617365206B657920A1
S21403ACC025643A2030782530385800636D64206E4A
S21403ACD06F74206275696C740073726320657020EC
S21403ACE0253032782C20636C757320253034780039
S21403ACF073656E64696E6720746F206D756C746916
S21403AD00636173742062696E640025733A2065700C
S21403AD103A2025642C20636C3A203078253034584A
S21403AD202C20617474723A20307825303458002C05
S21403AD30207376723A2025630025733A2072656184
S21403AD40643A20307825303278002C207376723AB5
S21403AD502025632C2064747970653A20307825307A
S21403AD60325800417267756D656E74206174206990
S21403AD706E6465783A202564206973206F757420A5
S21403AD806F662072616E676500436F6D6D616E64FA
S21403AD9020616C7265616479206275696C742E201B
S21403ADA02043616E6E6F7420736574204D46472092
S21403ADB0737065636966696320636F646520666F95
S21403ADC07220636F6D6D616E642E004D464720439F
S21403ADD06F64652053657420666F72206E657874A1
S21403ADE020636F6D6D616E643A2030782530345879
S21403ADF000557365204E6578742053657175656ECE
S21403AE0063652053657420666F72206E65787420C0
S21403AE10636F6D6D616E643A20307825303258006A
S21403AE2044697361626C652044656661756C742061
S21403AE30526573706F6E73652053657420666F7208
S21403AE40206E65787420636F6D6D616E643A203092
S21403AE507825303258004552523A2072656164694B
S21403AE606E6720617474726962757465202530326A
S21403AE7078004552523A206174747269627574653B
S21403AE802073697A6520256420746F6F206C617265
S21403AE90676520666F722062756666657200457226
S21403AEA0726F723A206174747269627574652049B0
S21403AEB04420307825303458207265706F72746180
S21403AEC0626C65206368616E6765206973207369C9
S21403AED07A65202564422C206275742025644220FE
S21403AEE0656E74657265640A006E6F20636D640038
S21403AEF04572726F723A20434C492053656E642044
S21403AF006661696C65642C207374617475733A208A
S21403AF10307825303858004572726F723A202045D3
S21403AF205549363420617267756D656E7420697392
S21403AF3020656D70747920616E64206C6F6F6B751D
S21403AF4070206279206E6F646520494420666169CB
S21403AF506C65642E0047726F757000556E69636189
S21403AF60737400556E62696E6420257320257330F2
S21403AF70782530325800526571756573743A20002F
S21403AF805A444F2073696D706C6520646573632043
S21403AF907265712025303278005A444F206E6F64F4
S21403AFA065206465736320726571202530327800EE
S21403AFB05A444F206D61746368206465736320721E
S21403AFC065712025303258005573696E67206D7998
S21403AFD0206C6F63616C20455549363420666F726A
S21403AFE0206465737420455549363420696E2062A3
S21403AFF0696E64696E67005A444F2062696E642006
S21403B000726571202530327800636C7573746572CF
S21403B010206C696D69742072656163686564006994
S21403B0206E76616C696420706167653A20256420DA
S21403B0306F72206368616E6E656C3A202564004308
S21403B04068616E6765206368616E6E656C207374F5
S21403B050617475733A2030782530327800647572DF
S21403B0606174696F6E206D75737420626520696EF6
S21403B0702072616E67652030202D203500636F7562
S21403B0806E74206D75737420626520696E2072611C
S21403B0906E67652031202D2038007363616E207340
S21403B0A0746174757320307825303258006E657479
S21403B0B0776F726B20757064617465207365742096
S21403B0C07374617475732030782530325800416389
S21403B0D074697665204550207265717565737420B2
S21403B0E07374617475733A20307825303258004C87
S21403B0F05149205461626C6520726571756573747D
S21403B1003A203078253032580042696E64696E679B
S21403B110205461626C6520726571756573743A209C
S21403B120307825303258004C6561766520257330BB
S21403B130782530325800506F776572204465736304
S21403B140726970746F722025733078253032580018
S21403B1505573696E67206D79206C6F63616C20454B
S21403B1605549363420666F722064657374204555DE
S21403B17049363420696E20756E62696E64696E673F
S21403B18000526F757465205461626C6520257330B8
S21403B1907825303258002F686F6D652F72756E6E86
S21403B1A065722F776F726B2F747579612D7A696765
S21403B1B06265652D7377697463682F747579612D7D
S21403B1C07A69676265652D7377697463682F736937
S21403B1D06C6162735F746F6F6C732F73696D706CE1
S21403B1E069636974795F73646B2F70726F746F63CE
S21403B1F06F6C2F7A69676265652F6170702F667250
S21403B200616D65776F726B2F636F6D6D6F6E2F73E6
S21403B2106C5F7A69676265655F73797374656D5F82
S21403B220636F6D6D6F6E2E6300457874656E64652F
S21403B2306420526573657420696E666F3A203078B1
S21403B240253034582028257329002F686F6D652F05
S21403B25072756E6E65722F776F726B2F7475796168
S21403B2602D7A69676265652D7377697463682F74D1
S21403B2707579612D7A69676265652D73776974637D
S21403B280682F73696C6162735F746F6F6C732F736F
S21403B290696D706C69636974795F73646B2F707220
S21403B2A06F746F636F6C2F7A69676265652F617061
S21403B2B0702F6672616D65776F726B2F636F6D6D3E
S21403B2C06F6E2F7A69676265655F6170705F66721D
S21403B2D0616D65776F726B5F736C6565702E630067
S21403B2E053746179206177616B65207768656E209A
S21403B2F06E6F74206A6F696E65643A202573004624
S21403B3006F726365642073746179206177616B651E
S21403B3103A20202020202020202020257300466F5E
S21403B3207263696E672064657669636520746F204F
S21403B33073746179206177616B6500416C6C6F771C
S21403B340696E672064657669636520746F20676F2E
S21403B35020746F20736C656570002F686F6D652FA2
S21403B36072756E6E65722F776F726B2F7475796157
S21403B3702D7A69676265652D7377697463682F74C0
S21403B3807579612D7A69676265652D73776974636C
S21403B390682F73696C6162735F746F6F6C732F735E
S21403B3A0696D706C69636974795F73646B2F70720F
S21403B3B06F746F636F6C2F7A69676265652F617050
S21403B3C0702F6672616D65776F726B2F636F6D6D2D
S21403B3D06F6E2F7A69676265655F737461636B5F0F
S21403B3E0736C6565702E630052583A205265736518
S21403B3F074546F466163746F727944656661756CE5
S21403B400747343616C6C6261636B00657A7370205E
S21403B410636F756E74657273206661696C6564200C
S21403B420257500657A7370205265736574205468B9
S21403B430726573686F6C64206572726F722025750F
S21403B44000657A7370205365742054687265736858
S21403B4506F6C64206572726F7220257500257529DE
S21403B4602025733A2025750053657474696E67202A
S21403B4705468726573686F6C6420636F6D6D616E7C
S21403B48064003F3F3F004D61632052782042636172
S21403B4907374004D616320547820426361737400B3
S21403B4A04D6163205278205563617374004D616368
S21403B4B0205478205563617374004D61632054787B
S21403B4C0205563617374205265747279004D61630D
S21403B4D0205478205563617374204661696C00417B
S21403B4E050532052782042636173740041505320B6
S21403B4F0547820426361737400415053205278207D
S21403B500556361737400415053205478205563612A
S21403B51073742053756363657373004150532054EB
S21403B52078205563617374205265747279004150B4
S21403B53053205478205563617374204661696C0008
S21403B540526F757465204469736320496E69746924
S21403B55061746564004E65696768626F7220416452
S21403B560646564004E65696768626F722052656D34
S21403B5706F766564004E65696768626F7220537400
S21403B580616C65004A6F696E20496E646963617415
S21403B590696F6E004368696C64204D6F766564005E
S21403B5A0415348204F766572666C6F770041534867
S21403B5B0204672616D65204572726F720041534872
S21403B5C0204F76657272756E204572726F72004EEA
S21403B5D0574B204643204661696C7572650041509F
S21403B5E053204643204661696C7572650041534893
S21403B5F020584F66660041505320556E6175746837
S21403B6006F72697A6564204B6579004E574B204408
S21403B610656372797074204661696C757265730030
S21403B6204150532044656372797074204661696C97
S21403B63075726573005061636B6574204275666648
S21403B640657220416C6C6F63617465204661696C3A
S21403B650757265730052656C617965642055636124
S21403B66073740050687920746F204D4143207175C0
S21403B670657565206C696D697420726561636865BC
S21403B68064005061636B65742056616C6964617411
S21403B690652064726F7020636F756E74004E574B2F
S21403B6A0207265747279206F766572666C6F7700A8
S21403B6B0434341204661696C757265730042726F3D
S21403B6C0616463617374207461626C652066756C73
S21403B6D06C00505441204C6F2050726920526571A3
S21403B6E00050544120486920507269205265710009
S21403B6F0505441204C6F205072692044656E696532
S21403B7006400505441204869205072692044656E95
S21403B71069656400505441204C6F20507269205470
S21403B7207820416272740050544120486920507258
S21403B73069205478204162727400416464726573B0
S21403B7407320436F6E666C6963742053656E740072
S21403B75043534C205278207363686564756C652088
S21403B7606661696C6564000D0044656275672070E8
S21403B77072696E742067726F75702025730A00579E
S21403B780726F6E6720706172616D657465720A0010
S21403B7905363686564756C65206D6F7665206E7798
S21403B7A06B0025732025643A202564004D617820BC
S21403B7B06D6F7665206C696D697420726561636868
S21403B7C06564206E776B2025643A20256400456EF9
S21403B7D0642044657669636520506F6C6C20496EFF
S21403B7E0666F726D6174696F6E00454D4245525FB8
S21403B7F0454E445F4445564943455F54494D454F7E
S21403B80055543A20202020202020256400506F6CB9
S21403B8106C20636F6D706C657465642063616C6C1B
S21403B8206261636B3A20257300202043757272654C
S21403B8306E7420506F6C6C20496E74657276616C02
S21403B84020287173293A202020256C640020204C80
S21403B8506F6E6720506F6C6C20496E7465727661EC
S21403B8606C20287173293A202020202020256C6420
S21403B87000202053686F727420506F6C6C20496EE2
S21403B88074657276616C20287173293A2020202013
S21403B89020256C6400202057616B652054696D6514
S21403B8A06F757420287173293A20202020202020C9
S21403B8B02020202020256C6400202057616B652003
S21403B8C054696D656F7574204269746D61736B3A64
S21403B8D020202020202020202030782530385800B3
S21403B8E0202043757272656E742041707020546117
S21403B8F0736B733A20202020202020202020202035
S21403B90030782530385800202043757272656E747F
S21403B91020506F6C6C20436F6E74726F6C20202007
S21403B92020202020202020257300202044656661E7
S21403B930756C7420506F6C6C20436F6E74726F6CF2
S21403B94020202020202020202020257300466F72F0
S21403B95063696E672064657669636520746F207318
S21403B960686F727420706F6C6C00416C6C6F7769D3
S21403B9706E672064657669636520746F206C6F6EEE
S21403B9806720706F6C6C00534C5F5A4947424545BD
S21403B9905F41465F4C4F4E475F504F4C4C00534CF5
S21403B9A05F5A49474245455F41465F53484F5254A5
S21403B9B05F504F4C4C00706F6C6C206E776B20257D
S21403B9C0643A203078253032580046696E64206128
S21403B9D06E642042696E6420496E69746961746F8F
S21403B9E0723A20436F6D706C6574653A2030782523
S21403B9F030325800537461727420746172676574D0
S21403BA000046696E6420616E642042696E64205449
S21403BA1061726765740025733A2025733A2030787F
S21403BA202530325800467261676D656E74617469BD
S21403BA306F6E2052582077696E646F772073697A29
S21403BA40652073657420746F202564002F686F6DFE
S21403BA50652F72756E6E65722F776F726B2F7475A6
S21403BA6079612D7A69676265652D73776974636892
S21403BA702F747579612D7A69676265652D737769A9
S21403BA807463682F73696C6162735F746F6F6C7332
S21403BA902F73696D706C69636974795F73646B2F58
S21403BAA070726F746F636F6C2F7A69676265652F48
S21403BAB06170702F6672616D65776F726B2F706C35
S21403BAC07567696E2F667261676D656E74617469FA
S21403BAD06F6E2F667261676D656E746174696F6EE3
S21403BAE02E630052583A2041646447726F75705251
S21403BAF06573706F6E7365203078253032582C204E
S21403BB003078253034580052583A205669657747BE
S21403BB10726F7570526573706F6E7365203078251B
S21403BB203032582C203078253034582C20220052BE
S21403BB30583A2047657447726F75704D656D626538
S21403BB407273686970526573706F6E7365203078B0
S21403BB50253032582C203078253032582C00205B84
S21403BB603078253034585D0052583A2052656D6F50
S21403BB70766547726F7570526573706F6E73652066
S21403BB803078253032582C203078253034580065EC
S21403BB90705B253032585D2069645B253034585D10
S21403BBA000436C656172696E6720616C6C20677216
S21403BBB06F7570732E004552523A204661696C6564
S21403BBC06420746F206372656174652062696E64B5
S21403BBD0696E67202830782530325829004552523E
S21403BBE03A2042696E64696E67207461626C6520F0
S21403BBF069732066756C6C004552523A20777269F9
S21403BC0074696E67206E616D6520737570706F72F0
S21403BC107420253032580052583A204164644772E3
S21403BC206F7570203078253034582C2022007576B6
S21403BC300052583A205669657747726F7570203000
S21403BC4078253034580075767300766965775F67B4
S21403BC50726F75700047726F7570733A206661690C
S21403BC606C656420746F2073656E64202573207280
S21403BC706573706F6E73653A2030782530325800DE
S21403BC806765745F67726F75705F6D656D62657209
S21403BC907368697020726573706F6E736500646590
S21403BCA06661756C745F726573706F6E7365005250
S21403BCB0583A2047657447726F75704D656D6265B7
S21403BCC07273686970203078253032582C00757589
S21403BCD0620047726F7570733A206661696C6564BB
S21403BCE020746F2073656E642025733A20307825A0
S21403BCF03032580052583A2052656D6F7665477257
S21403BD006F757020307825303458004552523A20EB
S21403BD104661696C656420746F2064656C65746540
S21403BD202062696E64696E67202830782530325841
S21403BD30290072656D6F76655F67726F7570005266
S21403BD40583A2052656D6F7665416C6C47726F7515
S21403BD5070730052583A2041646447726F75704995
S21403BD60664964656E74696679696E6720307825FE
S21403BD703034582C202200616464004368616E6E80
S21403BD80656C206E6F742076616C69643A20256456
S21403BD90005072696D617279002573206D61736B53
S21403BDA0206E6F7720307825303858005365636FE0
S21403BDB06E64617279004D61736B206E6F742076CA
S21403BDC0616C69643A202564007072696D617279EA
S21403BDD0007365636F6E646172790025733A20534E
S21403BDE06574202573206D61736B20746F20307823
S21403BDF025303858005374617475730025733A20E0
S21403BE0025733A004368616E6E656C206D61736BD3
S21403BE103A00202020202831292030782530385831
S21403BE20205B002020202028322920307825303837
S21403BE3058205B0053746174653A2030782530329D
S21403BE405820282573290043757272656E74206323
S21403BE5068616E6E656C3A20256400546F74616C7D
S21403BE6020626561636F6E733A202564004A6F69CA
S21403BE706E20617474656D7074733A202564004E89
S21403BE806574776F726B2073746174653A203078CB
S21403BE90253032580053746F700025732053746F27
S21403BEA0702E2020436C65616E696E672075702E58
S21403BEB00042726F616463617374696E67207065B4
S21403BEC0726D6974206A6F696E005472757374209C
S21403BED063656E746572206C696E6B206B65792082
S21403BEE0757064617465207374617475730025736B
S21403BEF03A205741524E494E473A20736C5F7A694F
S21403BF00676265655F7365745F696E697469616CA2
S21403BF105F73656375726974795F737461746520A2
S21403BF206661696C65642E20436F6E74696E75690D
S21403BF306E6720776974686F757420696E737461B1
S21403BF406C6C20636F64652E004572726F723A20C4
S21403BF50696E7374616C6C20636F646520736574BB
S21403BF607570206661696C65642E20497320616E66
S21403BF7020696E7374616C6C20636F646520666CF5
S21403BF806173686564206F6E746F207468652064DF
S21403BF9065766963653F00D0D1D2D3D4D5D6D7D8DA
S21403BFA0D9DADBDCDDDEDF00FFFFFFFFFFFFFFFF8D
S21403BFB0005A6967426565416C6C69616E636530FA
S21403BFC0390025733A2069737375696E6720736346
S21403BFD0616E206F6E202573206368616E6E656CDC
S21403BFE07320286D61736B2030782530385829000C
S21403BFF0257320697320616C726561647920696EAC
S21403C0002070726F67726573730053746172740085
S21403C0104578616D696E696E6720626561636F6EF0
S21403C020206F6E206368616E6E656C2025642077D2
S21403C0306974682070616E496420307825303458FE
S21403C040005468697320626561636F6E20697320AC
S21403C0506E6F742070617274206F6620746865203A
S21403C06063757272656E74206368616E6E656C20AC
S21403C0706D61736B2028307825303858292E204779
S21403C080657474696E67206E657874206265616393
S21403C0906F6E2077686F7365206368616E6E656C7C
S21403C0A0206269746D61736B206973207365742EE7
S21403C0B0004572726F723A20257320636F756C6445
S21403C0C0206E6F7420617474656D7074206A6F6976
S21403C0D06E3A20307825303258004E6F2062656104
S21403C0E0636F6E73206C656674206F6E2063757263
S21403C0F072656E74206D61736B2E204D6F76696E5C
S21403C1006720746F206E657874207374617465009D
S21403C1102573206A6F696E696E6720307825303420
S21403C12058206F6E206368616E6E656C2025640010
S21403C13025732053746174653A2025730045727223
S21403C1406F723A20257320636F756C64206E6F746C
S21403C1502073657475702073656375726974793AB4
S21403C16020307825303258004572726F723A205369
S21403C17063616E20636F6D706C6574652068616EB5
S21403C180646C65722072657475726E6564203078AF
S21403C19025303258002573207363616E20636F6DFC
S21403C1A0706C6574652E20426561636F6E732068DC
S21403C1B0656172643A202564002573207374616395
S21403C1C06B20737461747573203078253032580091
S21403C1D02573206E6574776F726B206A6F696E6560
S21403C1E0642E00257320747279696E67206E6578F5
S21403C1F074206E6574776F726B2E004E6F6E6500DB
S21403C2005363616E205072696D6172792043686171
S21403C2106E6E656C7320616E642075736520436F64
S21403C2206E66696775726564204B65790053636152
S21403C2306E205072696D617279204368616E6E6517
S21403C2406C7320616E642075736520496E73746128
S21403C2506C6C20436F6465005363616E2050726993
S21403C2606D617279204368616E6E656C7320616ED2
S21403C27064205573652043656E7472616C697A65D4
S21403C28064204B6579005363616E205072696D615B
S21403C2907279204368616E6E656C7320616E6420EC
S21403C2A05573652044697374726962757465642096
S21403C2B04B6579005363616E205365636F6E6461EB
S21403C2C07279204368616E6E656C7320616E6420BC
S21403C2D075736520436F6E66696775726564204B78
S21403C2E06579005363616E205365636F6E64617294
S21403C2F079204368616E6E656C7320616E64207589
S21403C300736520496E7374616C6C20436F646500BB
S21403C3105363616E205365636F6E64617279204365
S21403C32068616E6E656C7320616E6420557365205C
S21403C33043656E7472616C697A6564204B65790037
S21403C3405363616E205365636F6E64617279204335
S21403C35068616E6E656C7320616E6420557365202C
S21403C3604469737472696275746564204B657900F9
S21403C3705363616E205072696D6172792043686100
S21403C3806E6E656C7320616E642055736520416C18
S21403C3906C204B6579732028696E7374616C6C200E
S21403C3A0636F64652C2063656E7472616C697A656D
S21403C3B0642C2064697374726962757465642900F9
S21403C3C05363616E205365636F6E646172792043B5
S21403C3D068616E6E656C7320616E642055736520AC
S21403C3E0416C6C204B6579732028696E7374616C9D
S21403C3F06C20636F64652C2063656E7472616C6970
S21403C4007A65642C206469737472696275746564F2
S21403C41029004F6E2F4F6666207365742076616C15
S21403C42075653A202530325820253032580045525B
S21403C430523A2072656164696E67206F6E2F6F666D
S21403C440662025303258004F6E2F6F666620616C6B
S21403C45072656164792073657420746F206E6577E6
S21403C4602076616C756500546F67676C65206F6E28
S21403C4702F6F66662066726F6D20253032582074E3
S21403C4806F2025303258004552523A20777269742D
S21403C490696E67206F6E2F6F6666202530325800F0
S21403C4A0496E7374616C6C656420547970652028DA
S21403C4B042617365293A202030782530325800438C
S21403C4C061706162696C69746965733A2020202023
S21403C4D02020202020202030782530345800426F3A
S21403C4E06F746C6F616465722056657273696F6EE4
S21403C4F03A202020202030782530345800536563B6
S21403C50075726520426F6F746C6F61646572204B41
S21403C51065793A20202020202000426F6F746C6FCC
S21403C5206164696E67206661696C65642100446FA7
S21403C530776E6C6F6164206661696C65642E004477
S21403C540656C6574696E67206661696C65642064F2
S21403C5506F776E6C6F61642C207374617475733AB5
S21403C5602030782530325800496D61676520646F46
S21403C5706573206E6F7420636F6E7461696E2061DD
S21403C5806E205570677261646520496D616765202A
S21403C5905461672028307825303458292E20536B71
S21403C5A0697070696E6720757067726164652E00C6
S21403C5B0457865637574696E6720626F6F746C6F18
S21403C5C061642063616C6C6261636B2E00537461FB
S21403C5D07274696E672045424C2076657269666997
S21403C5E0636174696F6E0045424C206661696C65D1
S21403C5F06420766572696669636174696F6E2E007E
S21403C60045424C2070617373656420766572696673
S21403C61069636174696F6E2E002573696E67204FB8
S21403C620544120636C69656E74207374617465206D
S21403C6306D616368696E650073746F707000457230
S21403C640726F723A204E6F20696D61676520617460
S21403C65020696E646578202564004E6F74207375B8
S21403C66070706F727465642E00436C69656E742017
S21403C670696D61676520717565727920696E666F8D
S21403C680004D616E75662049443A20202020202004
S21403C69020202030782530345800496D61676520A6
S21403C6A0547970652049443A20202020307825307C
S21403C6B034580043757272656E74205665727369DA
S21403C6C06F6E3A20203078253038580048617264FF
S21403C6D0776172652056657273696F6E3A20004EF5
S21403C6E0410051756572792044656C6179206D73DC
S21403C6F03A202020202020202020202020256C6483
S21403C7000053657276657220446973636F7665724B
S21403C710792044656C6179206D733A20256C64003A
S21403C720446F776E6C6F61642044656C6179206D2D
S21403C730733A202020202020202020256C640052DD
S21403C740756E20557067726164652044656C617907
S21403C750206D733A202020202020256C6400566527
S21403C760726966792044656C6179206D733A20207E
S21403C770202020202020202020256C6400446F7772
S21403C7806E6C6F6164204572726F722054687265B6
S21403C79073686F6C643A2020256400557067726175
S21403C7A064652057616974205468726573686F6C9A
S21403C7B0643A202020202564004F544120446F779C
S21403C7C06E6772616465733A2044697361626C656F
S21403C7D064004F544120446F776E677261646573DB
S21403C7E03A20456E61626C656400426F6F746C6FCD
S21403C7F061642073746174653A20257300496E760C
S21403C800616C6964204550202564207768656E2036
S21403C810747279696E6720746F2073656E64204F37
S21403C8205441206D6573736167652E0053656E64AE
S21403C830696E67205570677261646520456E642073
S21403C840726571756573742E0025733A20696E766A
S21403C850616C696420636D644964203078253032E6
S21403C86058004572726F723A20204661696C65649F
S21403C87020746F2073656E64204F544120636F6D80
S21403C8806D616E64203078253032582C20737461C5
S21403C8907475733A203078253032580053657276B3
S21403C8A0657220756E6B6E6F776E2C2066616C6C8E
S21403C8B0696E67206261636B20746F2064697363BB
S21403C8C06F766572792E004D6178696D756D20718E
S21403C8D075657279206572726F7273206869742049
S21403C8E0282564292C207374617274696E6720731B
S21403C8F0656172636820666F72206E6577204F5499
S21403C90041207365727665722E0A004170706C79E9
S21403C910696E6720757067726164650025733A20D7
S21403C920696E76616C6964206F66667365742063EE
S21403C930757272656E7454696D6528307825303863
S21403C9405829203E207570677261646554696D6569
S21403C9502830782530385829004F544120436C75C9
S21403C960737465723A207761697420666F72202546
S21403C97064207300525865642074696D654F75743E
S21403C9802030782530385820732C204D4158207499
S21403C990696D654F757420307825303858207300DC
S21403C9A04D6178696D756D20757067726164652079
S21403C9B07265717565737473206D616465202825CF
S21403C9C0642920776974686F757420726573706F55
S21403C9D06E73652066726F6D207365727665722E50
S21403C9E000557067726164696E6720616E7977615E
S21403C9F079004F54412053657276696365206469F4
S21403CA0073636F766572792070726576656E74658A
S21403CA1064202D20616E6F746865722069732061CF
S21403CA206C726561647920696E2070726F677265D7
S21403CA307373004661696C656420746F20696E6960
S21403CA4074696174652073657276696365206469C9
S21403CA5073636F766572792E004F54412053657267
S21403CA607669636520446973636F766572792069B6
S21403CA706E2070726F677265737300436C69656EC0
S21403CA807420766572696669636174696F6E206681
S21403CA9061696C65642E005369676E6174757265AF
S21403CAA000437573746F6D0070617373656400463D
S21403CAB041494C4544004E6F207369676E61747537
S21403CAC0726520766572696669636174696F6E2044
S21403CAD0737570706F72742C20617373756D696EE5
S21403CAE06720696D616765206973206F6B61792EB6
S21403CAF000257320766572696669636174696F6E73
S21403CB002025733A20307825303258004D617869F5
S21403CB106D756D206E756D626572206F6620646F2D
S21403CB20776E6C6F6164206572726F7273207265C4
S21403CB3061636820282564292C2061626F727469FA
S21403CB406E672E004F544120436C75737465723ABA
S21403CB502073657474696E67204945454520616492
S21403CB606472657373206F66204F544120636C753F
S21403CB7073746572005061727469616C2066696CC7
S21403CB806520646F776E6C6F616420666F756E6484
S21403CB902C20636F6E74696E75696E672066726F9C
S21403CBA06D206F66667365742030782530385800BC
S21403CBB0466F756E642066756C6C7920646F776E4D
S21403CBC06C6F616465642066696C6520696E2073AA
S21403CBD0746F72616765202876657273696F6E205D
S21403CBE0307825303858292E00466F756E642066D7
S21403CBF0696C6520696E2073746F72616765207750
S21403CC0069746820646966666572656E7420766505
S21403CC107273696F6E20283078253038582920744F
S21403CC2068616E2063757272656E742076657273C2
S21403CC30696F6E2028307825303858290046696C8D
S21403CC406520696E2073746F72616765206973204F
S21403CC5073616D652061732063757272656E7420EF
S21403CC6072756E6E696E672076657273696F6E2075
S21403CC702830782530385829004E6F20696D616753
S21403CC806520666F756E6420696E2073746F7261BB
S21403CC9067652E004F54412053657276696365209D
S21403CCA0446973636F7665727920756E626C6F6321
S21403CCB06B65640049676E6F72696E672073657291
S21403CCC07665722066726F6D206C6F6F706261633B
S21403CCD06B20616464726573730049676E6F726973
S21403CCE06E6720307825303458204F5441207365C2
S21403CCF07276657220696E20736561726368206F51
S21403CD00662054430053657474696E67204F54411C
S21403CD102053657276657220746F20307825303420
S21403CD20580044656C6179696E67202564207365D5
S21403CD30636F6E6473206265666F726520737461D9
S21403CD407274696E67204F544120636C69656E7414
S21403CD500054696D656F75742077616974696E67D1
S21403CD6020666F72206D6573736167652E0042617E
S21403CD7064204F544120636F6D6D616E643A2030BA
S21403CD807825303258004F544120636F6D6D616EC5
S21403CD90642030782530325820746F6F2073686FA4
S21403CDA0727420286C656E202564203C206D696EA5
S21403CDB020256429004F544120636F6D6D616E64B6
S21403CDC02066726F6D20756E7265636F676E697A23
S21403CDD06564207365727665722030782530345822
S21403CDE02E20204D79204F5441207365727665724C
S21403CDF03A2030782530345800496D616765204EF7
S21403CE006F7469667900476F7420756E6578706510
S21403CE10637465642025732E202053746172742016
S21403CE20646973636F766572792E006465666175EF
S21403CE306C74004F54413A206661696C65642074D3
S21403CE406F2073656E6420257320726573706F6E32
S21403CE5073653A2030782530325800496D6167652E
S21403CE60206E6F7469667900476F7420756E6578F7
S21403CE707065637465642025732E202049676E6F82
S21403CE807265642E004F54413A2044656661756CA2
S21403CE907420726573706F6E736520666F722049B7
S21403CEA06D616765206E6F746966792C2073746193
S21403CEB07475732030782530325800496D61676584
S21403CEC0206E6F7469667920636F6D6D616E6400A2
S21403CED0257320756E69636173742C207175657292
S21403CEE079696E6700496E76616C69640025732004
S21403CEF02573207061796C6F616420747970652086
S21403CF003078253032580025732025733A206F7504
S21403CF1074206F662072616E6765206A6974746533
S21403CF20722025640025732025733A207061796C7E
S21403CF306F6164206C656E67746820646F65736EDA
S21403CF402774206D61746368207479706520307867
S21403CF502530325820282564203C202564290025C6
S21403CF60732025732064756520746F206E6F6E2D95
S21403CF706D61746368696E67206D616E7566616363
S21403CF8074757265722049440025732025732064E6
S21403CF90756520746F206E6F6E2D6D61746368699E
S21403CFA06E6720696D6167652074797065204944F2
S21403CFB00025732025732064756520746F206D61CA
S21403CFC0746368696E67206669726D77617265203F
S21403CFD076657273696F6E0025732025732C205255
S21403CFE0782764204A69747465722028307825305F
S21403CFF03258292C205069636B6564204A6974741F
S21403D00065722028307825303258290051756572AC
S21403D01079206E65787420696D6167652072657323
S21403D020706F6E73650025732072657475726E6516
S21403D03064203078253032582E20204E6F206E65BF
S21403D0407720696D61676520746F20646F776E6CF7
S21403D0506F61642E00257320746F6F2073686F7280
S21403D0607420282564203C202564290025733A2053
S21403D0704E657720696D6167652069732061766107
S21403D080696C61626C6520666F7220646F776E6C84
S21403D0906F61642E002573206973206E6F7420758C
S21403D0A073696E67206D7920696D61676520696EA7
S21403D0B0666F2E004552524F523A204E65787420C2
S21403D0C0496D61676520697320746F6F20626967B5
S21403D0D020746F2073746F7265202830782530387B
S21403D0E058203E2030782530385829002573207282
S21403D0F0657475726E65642073616D652046696C30
S21403D1006556657273696F6E2061732063757272FC
S21403D110656E746C7920696E7374616C6C65642ECD
S21403D120004F544120446F776E67726164657320C5
S21403D13044697361626C65643A2046696C6556653A
S21403D1407273696F6E20626568696E6420637572B8
S21403D15072656E7420696E7374616C6C6174696F4A
S21403D1606E005374617274696E6720646F776E6CB9
S21403D1706F61642C2056657273696F6E2030782554
S21403D180303858004572726F723A204661696C6592
S21403D1906420746F2064656C65746520696D6167CF
S21403D1A0652E004572726F723A204661696C65643B
S21403D1B020746F206572617365206F6C64207465DC
S21403D1C06D7020646174612E00496D61676520622D
S21403D1D06C6F636B20726573706F6E7365004F546C
S21403D1E0413A20496D616765426C6F636B526570A7
S21403D1F06F6E736520636F6E7461696E7320696EFC
S21403D20076616C6964206F7220696E636F6D706CF3
S21403D2106574652064617461005570646174696E39
S21403D22067204D696E20426C6F636B205265717583
S21403D23065737420506572696F6420746F2025646B
S21403D240206D7300446F776E6C6F61642064656C49
S21403D2506179206279207365727665722025642071
S21403D2606D7300446F776E6C6F61642061626F72DA
S21403D270746564206279207365727665722E005336
S21403D280657276657220646F65736E277420737596
S21403D29070706F7274207061676520726571756552
S21403D2A073742C206F6E6C79207573696E672062B9
S21403D2B06C6F636B20726571756573742E005365AE
S21403D2C0727665722072657475726E656420277552
S21403D2D06E737570706F7274656420636C757374A7
S21403D2E0657220636F6D6D616E64272E00556E6BDD
S21403D2F06E6F776E20257320737461747573206365
S21403D3006F646520307825303258002573206861B5
S21403D3107320646174612073697A65202825642903
S21403D32020736D616C6C6572207468616E20616336
S21403D3307475616C207061636B65742073697A65BC
S21403D34020282564292E002573206572726F723A91
S21403D350204578706563746564206F6666736574CC
S21403D360203078253038582C2062757420676F7407
S21403D370203078253038582E202049676E6F726922
S21403D3806E6700257320696E666F20646964206E7D
S21403D3906F74206D61746368206D7920657870659D
S21403D3A06374656420696E666F2E202044726F7006
S21403D3B070696E672E004661696C656420746F2021
S21403D3C0777269746520746F2073746F7261676512
S21403D3D0206465766963652100446F776E6C6F61C0
S21403D3E064005570677261646520656E64207265BB
S21403D3F073706F6E73650053657276657220616233
S21403D4006F7274656420757067726164652C20732F
S21403D41074617475733A203078253032580045723B
S21403D420726F723A2025732068616420696E766194
S21403D4306C69642025733A200066696C65207665FE
S21403D4407273696F6E00416464696E672025642099
S21403D4506D732E2064656C617920666F7220696D2A
S21403D4606D65646961746520757067726164652EA5
S21403D47000436F756E74646F776E20746F207570DB
S21403D48067726164653A202564206D7300205374C7
S21403D4906174653A202020257300205761697469FA
S21403D4A06E6720666F7220726573706F6E73653A6F
S21403D4B020257300204E657874204576656E7420AB
S21403D4C054696D65723A202564206D730020437598
S21403D4D07272656E7420446F776E6C6F6164204F52
S21403D4E066667365743A20307825303858202825C8
S21403D4F0642525290025733A206661696C656420D6
S21403D50070617273696E67204F544120636D6420A7
S21403D510307825303258004F544120446566617593
S21403D5206C7420726573706F6E736520746F2063FE
S21403D5306F6D6D616E642049442030782530325813
S21403D5402C2073746174757320307825303258003C
S21403D550496D61676520626C6F636B2072657175D8
S21403D5606573742074657374206F6E6C7920776F9F
S21403D570726B73207768656E2073746174652069B7
S21403D5807320424F4F544C4F41445F5354415445CC
S21403D5905F4E4F4E450052616E646F6D2044656C5E
S21403D5A06179206265666F726520737461727400B8
S21403D5B0446973636F766572696E67204F544120C2
S21403D5C053657276657200476574204F5441205345
S21403D5D0657276657220455549004F627461696EBF
S21403D5E0206C696E6B206B6579005175657279697D
S21403D5F06E67204E65787420496D61676500446FD9
S21403D600776E6C6F6164696E6720496D616765004C
S21403D610566572696679696E6720496D616765004C
S21403D62057616974696E6720666F722055706772FA
S21403D630616465206D65737361676500436F756E1E
S21403D64074646F776E20746F2055706772616465BB
S21403D6500057616974696E6720746F20757067720E
S21403D66061646520766961206F75742D6F662D621F
S21403D670616E64206D656368616E69736D00257302
S21403D6803A202564252520636F6D706C65746500EC
S21403D690496D6167652025640020204552524F522C
S21403D6A03A20436F756C64206E6F74206765742030
S21403D6B066756C6C2068656164657221002020487D
S21403D6C065616465722056657273696F6E3A2030C1
S21403D6D07825303458002020486561646572204CF4
S21403D6E0656E6774683A20202564206279746573D2
S21403D6F00020204669656C6420436F6E74726F6CFD
S21403D7003A20203078253034580020204D616E753D
S21403D710662049443A2020202020202030782530D7
S21403D7203458002020496D61676520547970653A46
S21403D73020202020203078253034580020205665BD
S21403D7407273696F6E3A20202020202020203078C4
S21403D750253038580020205A69676265652056656B
S21403D7607273696F6E3A2030782530345800202063
S21403D77048656164657220537472696E673A202047
S21403D7802573002020496D6167652053697A653AE1
S21403D7902020202020256C64206279746573002085
S21403D7A020536563757269747920437265643A2001
S21403D7B02030782530325800202055706772616417
S21403D7C06520446573743A2020200020204D696E3E
S21403D7D02E204857205665723A2020202030782580
S21403D7E03034580020204D61782E20485720566547
S21403D7F0723A2020202030782530345800202054D8
S21403D8006F74616C20546167733A2025640020208E
S21403D81020205461673A2030782530345800202081
S21403D820202020204C656E6774683A20256C6400BF
S21403D8304572726F723A20436F756C64206E6F7414
S21403D840206F627461696E2074616720696E666F0B
S21403D8502066726F6D20696D6167652E000A256408
S21403D86020696D6167657320696E204F544120738C
S21403D870746F726167652E00496D61676520646524
S21403D8806C65746525732E004572726F723A20209C
S21403D890436F756C64206E6F7420726561642062DA
S21403D8A06C6F636B3A203078253032582E0A00535B
S21403D8B074617274696E672065726173652066723F
S21403D8C06F6D206F66667365742030782530385820
S21403D8D020746F2030782530385800436F756C6499
S21403D8E0206E6F74207374617274204552415345E1
S21403D8F02120283078253032582900454550524F8C
S21403D9004D20457261736520636F6D706C65746539
S21403D910002F686F6D652F72756E6E65722F776F49
S21403D920726B2F747579612D7A69676265652D73DD
S21403D93077697463682F747579612D7A6967626590
S21403D940652D7377697463682F73696C6162735F9F
S21403D950746F6F6C732F73696D706C696369747918
S21403D9605F73646B2F70726F746F636F6C2F7A695B
S21403D970676265652F6170702F6672616D65776F7C
S21403D980726B2F706C7567696E2F6F74612D73746D
S21403D9906F726167652D73696D706C652D65657053
S21403D9A0726F6D2F6F74612D73746F726167652D5F
S21403D9B0656570726F6D2D706167652D6572617335
S21403D9C0652E63002F686F6D652F72756E6E6572B8
S21403D9D02F776F726B2F747579612D7A696762651D
S21403D9E0652D7377697463682F747579612D7A6909
S21403D9F0676265652D7377697463682F73696C61F5
S21403DA0062735F746F6F6C732F73696D706C696389
S21403DA106974795F73646B2F70726F746F636F6C66
S21403DA202F7A69676265652F6170702F6672616D04
S21403DA3065776F726B2F706C7567696E2F6F746185
S21403DA402D73746F726167652D73696D706C652DC8
S21403DA50656570726F6D2F6F74612D73746F72616D
S21403DA6067652D656570726F6D2E63004F54412098
S21403DA7053696D706C652053746F726167652045DA
S21403DA804550524F4D207761726E696E673A206338
S21403DA906F756C64206E6F742067657420736C6F8B
S21403DAA07420696E666F20666F7220736C6F7420C5
S21403DAB0256420286572726F7220307825303258BC
S21403DAC0292E2044656661756C74696E6720746FD1
S21403DAD02073706563696669656420616464726552
S21403DAE07373206F6666736574730053746F726125
S21403DAF06765204472697665723A202020202020CC
S21403DB00202020202020204F54412053696D706C24
S21403DB10652053746F7261676520454550524F4DBB
S21403DB2020506C7567696E0052656164204D6F64A2
S21403DB3069667920577269746520537570706F72C1
S21403DB40743A20206E6F00534F4320426F6F746CFD
S21403DB506F6164696E6720537570706F72743A20D4
S21403DB6020202079657300426F6F746C6F61646563
S21403DB70722053746F7261676520537570706F728D
S21403DB80743A2055736520666972737420736C6FDC
S21403DB907400536C6F7420746F207573653A20207D
S21403DBA02020202020202020202020202020256424
S21403DBB00043757272656E7420446F776E6C6F6186
S21403DBC064204F66667365743A20202020307825DB
S21403DBD03038580045424C205374617274204F66A7
S21403DBE0667365743A2020202020202020202020E1
S21403DBF030782530385800454550524F4D205374E1
S21403DC006172743A2020202020202020202020200B
S21403DC1020202030782530385800454550524F4D47
S21403DC2020456E643A20202020202020202020201B
S21403DC3020202020202030782530385800496D6178
S21403DC40676520496E666F2053746172743A2020AC
S21403DC50202020202020202020307825303858000F
S21403DC605361766520526174652028627974657302
S21403DC702920202020202020202020203078253016
S21403DC803858004F6666736574206F6620646F7736
S21403DC906E6C6F6164206F66667365742020203037
S21403DCA07825303858004F6666736574206F662093
S21403DCB045424C206F66667365743A202020202008
S21403DCC02020307825303858004F666673657420F8
S21403DCD06F6620696D6167652073746172743A209C
S21403DCE0202020202030782530385800736C5F7A47
S21403DCF069676265655F61665F6F74615F73746FA2
S21403DD00726167655F6472697665725F7265616486
S21403DD105F63622829206661696C6564210042613D
S21403DD2064206D61676963206E756D626572206934
S21403DD306E2066696C653A2030782530325820307C
S21403DD4078253032582030782530325820307825E0
S21403DD50303258004261642076657273696F6E20B4
S21403DD60696E2066696C6520307825303458004526
S21403DD7072726F723A2072656164416E6456616CAA
S21403DD80696461746553746F726564496D61676530
S21403DD90282920747269656420746F207265616433
S21403DDA0206D6F72652064617461207468616E20F3
S21403DDB0697420636F756C6420686F6C642E0073DF
S21403DDC06C5F7A69676265655F61665F6F74615FE2
S21403DDD073746F726167655F6472697665725F728A
S21403DDE06561645F63622829204641494C454421A6
S21403DDF0004C617374206F666673657420646F7776
S21403DE006E6C6F616465643A20307825303858004C
S21403DE1053746F72616765204D6F64756C653A2045
S21403DE204F54412053696D706C652053746F726153
S21403DE30676520506C7567696E00496D6167657329
S21403DE402053746F7265643A20202564206F662021
S21403DE50310A00253032583A006570202530325892
S21403DE6020636C75732025303458206174747220D7
S21403DE70253034582073767220256300206D66673C
S21403DE80202530325800207265706F7274206D69D9
S21403DE906E2025303458206D617820253034582084
S21403DEA07270742D636867202530385800207265B9
S21403DEB063656976652066726F6D20253034582059
S21403DEC0657020253032582074696D656F7574202F
S21403DED02530345800636C6561720072656D6F7629
S21403DEE06500636C656172696E67206C617374208C
S21403DEF07265706F72742074696D65206F66206139
S21403DF006C6C2061747472696275746573007465F1
S21403DF107374696E672074696D696E67206F662017
S21403DF20766172696F7573207265706F7274696E4D
S21403DF3067206F7065726174696F6E73002D2D2D87
S21403DF402D2D2D2D2D2D2D2D2D2D2D2D2D2D2D2DF9
S21403DF502D2D2D2D2D2D2D2D2D2D2D2D2D2D2D2DE9
S21403DF602D2D2D2D2D2D2D2D2D2D2D2D002D2D74BF
S21403DF7061626C65207265616473202D2066756C22
S21403DF806C207461626C652D2D00726573756C74FC
S21403DF90203D202564206D73002D2D696E69742045
S21403DFA02F207363686564756C65207469636B2DD5
S21403DFB02D2D002D2D6C6F616420636F6E6669676F
S21403DFC075726174696F6E2064656661756C7473CF
S21403DFD02D2D002F686F6D652F72756E6E65722F0F
S21403DFE0776F726B2F747579612D7A6967626565D1
S21403DFF02D7377697463682F747579612D7A6967F1
S21403E0006265652D7377697463682F73696C6162E3
S21403E010735F746F6F6C732F73696D706C6963696C
S21403E02074795F73646B2F70726F746F636F6C2F8A
S21403E0307A69676265652F6170702F6672616D65B8
S21403E040776F726B2F706C7567696E2F7265706F62
S21403E0507274696E672F7265706F7274696E672E5D
S21403E0606300524541445F5250545F434647007233
S21403E0706561645F7265706F7274696E675F636F04
S21403E0806E66696775726174696F6E005265706F4C
S21403E0907274696E673A206661696C656420746F92
S21403E0A02073656E6420257320726573706F6E73BC
S21403E0B0653A20307825303258004552523A20725D
S21403E0C0656164696E6720636C757374657220306E
S21403E0D078253034582061747472696275746520CB
S21403E0E03078253034583A20307825303258004579
S21403E0F052523A207265706F7274696E67206F664B
S21403E100204C4F4E4720737472696E672061747497
S21403E1107269627574652074797065206E6F7420F9
S21403E120737570706F727465643A20636C7573747C
S21403E13065722030782530345820617474726962B1
S21403E14075746520307825303458005265706F72C8
S21403E15074696E6720456E7472792046756C6C2000
S21403E1602D206372656174696E67206E6577207211
S21403E17065706F7274004346475F52505400202DFB
S21403E18020646972656374696F6E3A253032582C61
S21403E19020617474723A2530345800202020747934
S21403E1A070653A253032582C206D696E3A25303426
S21403E1B0582C206D61783A2530345800202020638F
S21403E1C068616E67653A0020202074696D656F7517
S21403E1D0743A2530345800636F6E666967757265E6
S21403E1E05F7265706F7274696E67002054434C4BA0
S21403E1F02075706461746520616C72656164792052
S21403E200696E2070726F6772657373004D616E7509
S21403E210616C2054434C4B207570646174652066B2
S21403E22061696C65642E2573005374617274696E3C
S21403E23067207570646174652074727573742063E7
S21403E240656E746572206C696E6B206B65792070E1
S21403E250726F63657373005570646174652054430D
S21403E260204C696E6B204B657900204E6577206BDA
S21403E27065792065737461626C69736865643A00D6
S21403E280204572726F723A00506172746E65723A0C
S21403E29020005A434C20676C6F62616C20636C7578
S21403E2A07374657220636F6D6D616E647300646969
S21403E2B072656374696F6E00646973632D636F6D53
S21403E2C02D67656E00646973632D636F6D2D7265CC
S21403E2D063006578706563742D7265706F72742D54
S21403E2E066726F6D2D6D6500757772697465006E65
S21403E2F07772697465007265706F72742D726561EA
S21403E300640073656E642D6D652D612D7265706F87
S21403E31072740043726561746573206120676C6F65
S21403E32062616C20646973636F76657220636F6DD8
S21403E3306D616E6420666F72207468652061737306
S21403E3406F6369617465642076616C7565732E000E
S21403E350636C757374657249641F61747472696261
S21403E36075746549641F6D61784E756D6265725488
S21403E3706F5265706F72741F0043726561746573C4
S21403E380206120676C6F62616C2073656E64206D1C
S21403E390652061207265706F727420636F6D6D61A6
S21403E3A06E6420666F7220746865206173736F6392
S21403E3B069617465642076616C7565732E00636CA1
S21403E3C0757374657249641F6174747269627574D7
S21403E3D06549641F64617461547970651F6D696E65
S21403E3E05265706F727454696D651F6D61785265FE
S21403E3F0706F727454696D651F7265706F727461A5
S21403E400626C654368616E67651F0043726561747D
S21403E4106573206120676C6F62616C20726561644E
S21403E420207265706F7274696E6720636F6D6D61BD
S21403E4306E6420666F7220746865206173736F6301
S21403E440696174656420636C75737465722C2061EE
S21403E450747472696275746520616E642073657284
S21403E4607665722F636C69656E7420646972656382
S21403E47074696F6E2E00636C757374657249641FDE
S21403E48061747472696275746549641F6469726540
S21403E4906374696F6E1F00476C6F62616C207265F0
S21403E4A0706F7274696E6720636F6D6D616E640062
S21403E4B0656E64706F696E741F636C7573746572D2
S21403E4C049641F61747472696275746549641F6D6B
S21403E4D061736B1F00437265617465732061206707
S21403E4E06C6F62616C207265616420636F6D6D6131
S21403E4F06E64206D65737361676520746F20726543
S21403E50061642066726F6D2074686520636C757332
S21403E51074657220616E64206174747269627574C6
S21403E52065207370656369666965642E00636C7540
S21403E5307374657249641F61747472696275746575
S21403E54049641F0043726561746573206120676CBC
S21403E5506F62616C20777269746520636F6D6D619D
S21403E5606E64206D65737361676520746F207772C0
S21403E57069746520746F2074686520636C757374A2
S21403E580657220616E642061747472696275746565
S21403E5902073706563696669656400636C7573747C
S21403E5A0657249641F61747472696275746549643F
S21403E5B01F747970651F646174611F00437265611F
S21403E5C074652061206578706563742D7265706F5D
S21403E5D072742D66726F6D2D6D65206D6573736134
S21403E5E067652077697468206173736F6369617404
S21403E5F065642076616C7565732E00636C75737441
S21403E600657249641F6174747269627574654964DE
S21403E6101F74696D656F75741F0043726561746559
S21403E620206120446973636F76657220436F6D6D56
S21403E630616E64732047656E6572617465642063FA
S21403E6406F6D6D616E642077697468206173736F94
S21403E6506369617465642076616C7565732E006307
S21403E6606C757374657249641F7374617274436F57
S21403E6706D6D616E6449641F6D6178436F6D6D6186
S21403E6806E6449641F005365747320746865206460
S21403E6906972656374696F6E20666F7220676C6F4C
S21403E6A062616C20636F6D6D616E64732C206569A7
S21403E6B07468657220636C69656E7420746F20736A
S21403E6C06572766572206F72207365727665722046
S21403E6D0746F20636C69656E742E005365747320C3
S21403E6E06120666C616720736F20746861742074A0
S21403E6F06865206170706C69636174696F6E20660B
S21403E70072616D65776F726B2057494C4C204E4F84
S21403E7105420726573706F6E6420746F207468651E
S21403E720206E657874205A434C206D657373616759
S21403E73065207468617420636F6D657320696E204D
S21403E7406F76657220746865206169722E00536562
S21403E7507473206120666C616720736F2074686130
S21403E7607420746865206170706C69636174696F86
S21403E7706E206672616D65776F726B2057494C4CDD
S21403E78020726573706F6E6420746F2074686520E2
S21403E7906E657874205A434C206D657373616765A4
S21403E7A0207468617420636F6D657320696E206FD3
S21403E7B076657220746865206169722E00536574ED
S21403E7C073207468652044697361626C65204465D0
S21403E7D06661756C7420526573706F6E7365204640
S21403E7E072616D6520436F6E74726F6C206269741C
S21403E7F020746F2075736520666F722074686520B9
S21403E8006E65787420636F6D6D616E642069662033
S21403E81074686520636F6D6D616E64206973206E26
S21403E8206F7420616C7265616479206275696C74BB
S21403E8302E0064697361626C6544656661756C7409
S21403E840526573706F6E73651F005365747320741F
S21403E850686520666C616720746F20757365207425
S21403E860686520696E6372656D656E746564207392
S21403E870657175656E6365206E756D62657220667B
S21403E880726F6D20746865206672616D65776F724E
S21403E8906B20666F7220746865206E6578742072CC
S21403E8A0617720636F6D6D616E642E007573654EC0
S21403E8B065787453657175656E63651F00436C698F
S21403E8C020636F6D6D616E6420746F2063616C6C82
S21403E8D020736C5F7A69676265655F61665F7365FF
S21403E8E0745F74696D652066756E6374696F6E20F8
S21403E8F0646F63756D656E74656420696E2061660A
S21403E9002E680075746354696D651F0053657473D0
S21403E910207468652074776F2062797465206D6152
S21403E9206E7566616374757265722073706563696C
S21403E930666963206964656E7469666965722074C6
S21403E9406F2075736520666F7220746865206E6528
S21403E950787420636F6D6D616E64206966207468D9
S21403E9606520636F6D6D616E64206973206E6F74CE
S21403E97020616C7265616479206275696C742E001F
S21403E9806D6667537065636966696349641F006EE5
S21403E9906F742000534C5F5354415455535F4E4598
S21403E9A054574F524B5F555020307825303458001B
S21403E9B054727573742043656E74657220455549A9
S21403E9C0206861732025736368616E6765642E0033
S21403E9D0534C5F5354415455535F4E4554574F520F
S21403E9E04B5F444F574E00534C5F5354415455535B
S21403E9F05F4E4F545F4A4F494E454400534C5F5356
S21403EA0054415455535F5A49474245455F4E455412
S21403EA10574F524B5F4F50454E45443A202564208E
S21403EA2073656300534C5F5354415455535F5A49BF
S21403EA30474245455F4E4554574F524B5F434C4FF5
S21403EA405345440025733A20257300646973747232
S21403EA506962757465640063656E7472616C697A65
S21403EA60656400466F726D002573696E67206F6E6E
S21403EA702063682025642C2070616E4964203078FA
S21403EA8025303458004572726F723A2044657669B1
S21403EA90636520646F6573206E6F74207375707082
S21403EAA06F7274202573206E6574776F726B2066A1
S21403EAB06F726D6174696F6E004A6F696E00496E9E
S21403EAC076616C6964205365637572697479205046
S21403EAD0726F66696C653A2030782530325800705C
S21403EAE04A6F696E20666F72202564207365633AE9
S21403EAF020307825303258004C696D6974696E672A
S21403EB00206475726174696F6E206F66207065721B
S21403EB106D6974206A6F696E2066726F6D20666F0A
S21403EB20726576657220283235352920746F203257
S21403EB3035340052583A205A444F2C20636F6D6D7B
S21403EB40616E64203078253034582C2073746174D9
S21403EB5075733A203078253032580053696D706CDF
S21403EB60650052583A202573204465736320526526
S21403EB707370004D61746368002C204D6174636884
S21403EB8065733A2025640044657669636520416EA3
S21403EB906E6F756E63653A203078253034580052B0
S21403EBA0583A20494545452041646472657373208D
S21403EBB0526573706F6E73650052583A20416374E2
S21403EBC069766520455020526573706F6E73652CA9
S21403EBD020436F756E743A202564004E6F6465009B
S21403EBE02C204D6174636865733A20307825303481
S21403EBF05800737461636B207665722E205B256400
S21403EC002E25642E256400202573206275696C64A6
S21403EC102025645D005A444F005345004841004395
S21403EC206C757374657200476C6F62616C00257354
S21403EC307478203078253038582C200050726F6650
S21403EC40696C653A20257320283078253034582996
S21403EC502C20436C75737465723A203078253034F3
S21403EC60582C2025642062797465732C00205A433F
S21403EC704C20257320436D642049443A20256400C4
S21403EC805072652D52656C6561736500416C7068E2
S21403EC9061203100416C706861203200416C7068FD
S21403ECA0612033004265746120310042657461203F
S21403ECB03200426574612033004741005265736534
S21403ECC07420696E666F3A203078253032582028D3
S21403ECD02573290064656C6574652062696E6469D2
S21403ECE06E673A202530325820253032580001020C
S21403ECF0030405060708090A0B0C000101010101BC
S21403ED0001010101010101005752495445204552B2
S21403ED10523A200025736570202530325820636CE4
S21403ED20757320253034582061747472202530346E
S21403ED3058206E6F7420737570706F7274656400FC
S21403ED402573696E76616C696420646174612074EE
S21403ED5079706500257361747472206E6F74207702
S21403ED6072697461626C650057524954453A206E65
S21403ED706F2077726974652C206A7573742061201E
S21403ED807465737400524541443A20617474726921
S21403ED90627574652073697A6520746F6F206C6181
S21403EDA072676520666F722063616C6C65720063C0
S21403EDB06C6E74007372767200525700524F0020C6
S21403EDC02052414D20200020746F6B656E20006535
S21403EDD0787465726E2000454E44504F494E542059
S21403EDE02530325800636C7573202F207369646571
S21403EDF0202F2061747472202F206D666720202FC9
S21403EE0074797065286C656E292F207277202F2001
S21403EE1073746F72616765202F20646174612028A4
S21403EE20726177290025303458202F202573202F30
S21403EE302025303458202F2000202F20253032580C
S21403EE4020282530325829202F202573202F2025CF
S21403EE5073202F2000556E737570706F727465641F
S21403EE60004F544120524541443A2065703A2530BC
S21403EE703258206369643A253034582061747469C3
S21403EE80643A25303458206D736B3A253032582057
S21403EE906D66636F64653A253034580052454144C5
S21403EEA03A20636C757320253034582C20617474B3
S21403EEB0722025303458206661696C6564202530DD
S21403EEC0325800524541443A20636C75732025300E
S21403EED034582C206174747220253034582C2064E6
S21403EEE06174614C656E3A20253032582C204F4BA6
S21403EEF000282563292530325825303258253032EC
S21403EF00582530325825303258253032582530327D
S21403EF1058253032580064697361626C6500257346
S21403EF20642C2064726F7070696E67206570203081
S21403EF30782530325820636C75732030782530344A
S21403EF405820636D64203078253032580047656E4C
S21403EF50657261746564005265636569766564000D
S21403EF60446973636F76657220436F6D6D616E647B
S21403EF707320726573706F6E73652028636F6D7090
S21403EF806C6574653A202563292C20257320494433
S21403EF90733A200030782530325820005F455854A5
S21403EFA000524541445F4154545200575249544518
S21403EFB03A20636C7573202530345820617474725C
S21403EFC0202530345820004641494C2025303258FD
S21403EFD00057524954453A20746F6F2073686F7216
S21403EFE07400444953435F415454520025732573B8
S21403EFF03A20636C757320253034580053766320AB
S21403F000446973633A2000257357616974696E67B0
S21403F0102025642073656320666F722064697363BA
S21403F0206F7665727920746F20636F6D706C65748C
S21403F0306500537461746520636F72726573706FD5
S21403F0406E64696E6720746F2074686520746865E3
S21403F0502072657175657374206E6F7420666F75A4
S21403F0606E640A002573636F6D706C6574652E0A93
S21403F0700025735365727669636520446973636F0D
S21403F08076657279205374617465206C696D697452
S21403F0907320726561636865640A002573496C6C46
S21403F0A06567616C2062726F61646361737420616B
S21403F0B06464726573732C2072656D617070696E1B
S21403F0C06720746F2076616C6964206F6E652E000E
S21403F0D025734661696C656420746F2073656E647E
S21403F0E0206D6174636820646973636F76657279F3
S21403F0F03A20307825303258002573537461727481
S21403F100696E6720646973636F7665727920666FCC
S21403F1107220636C757374657220307825303458AA
S21403F1200025734661696C656420746F2073656E91
S21403F130642073696D706C652064657363726970AF
S21403F140746F7220726571756573743A2030782512
S21403F1503032580025734661696C656420746F20ED
S21403F16073656E6420494545452061646472657322
S21403F1707320726571756573743A20307825303262
S21403F180580025734661696C656420746F20736547
S21403F1906E64204E574B20616464726573732072ED
S21403F1A06571756573743A2030782530325800459A
S21403F1B072726F723A202573206261642073696DE0
S21403F1C0706C652064657363726970746F72206C0B
S21403F1D0656E6774682E0025734D65737361676586
S21403F1E020746F6F2073686F72740025734D657398
S21403F1F07361676520746F6F2073686F727420661F
S21403F2006F72206E756D2E20656E64706F696E74F6
S21403F210730025734D61746368257320666F756E7E
S21403F220642066726F6D203078253034582E004582
S21403F23072726F723A20257320696E76616C696408
S21403F240206C656E6774682028256420213D202580
S21403F250642920666F722041637469766520456E63
S21403F26064706F696E7420726573706F6E73650079
S21403F2702573676F74206163746976652045502033
S21403F280726573706F6E7365005554432074696DB1
S21403F290653A2025642F25642F25642025643A25A6
S21403F2A0643A2564202825303858290028556E6B83
S21403F2B06E6F776E20636C75732E205B3078253007
S21403F2C034585D29000D0A54253038583A005258F0
S21403F2D0206C656E2025642C2065702025303258FE
S21403F2E02C20636C7573203078253034582000202A
S21403F2F06D66674964202530345800204643202530
S21403F30030325820736571202530325820636D647F
S21403F3102025303258207061796C6F61645B00423F
S21403F32061736963004F766572207468652041696E
S21403F3307220426F6F746C6F6164696E6700257329
S21403F340525820706B7420746F6F2073686F7274DA
S21403F3503A202564203C20256400257352582070EB
S21403F3606B74206D616C666F726D65643A202564FC
S21403F370203C2025640020204861766520526F7566
S21403F38074657220537570706F7274002020456E1A
S21403F3906420446576696365204F6E6C790020208F
S21403F3A0456E61626C656400202044697361626C1B
S21403F3B06564004572726F72207265747269657651
S21403F3C0696E6720696E666F20666F72206C69626D
S21403F3D072617279204944202564002573206C6984
S21403F3E0627261727925732070726573656E74003C
S21403F3F05A69676265652050726F0042696E646978
S21403F4006E6700536563757269747920436F72651E
S21403F410005365637572697479204C696E6B204B73
S21403F4206579730043424B45203136334B310043F5
S21403F430424B4520445341205369676E004543437E
S21403F4400043424B45204453412056657269667912
S21403F450005061636B65742056616C696461746502
S21403F460005A4C4C0043424B45203238334B310054
S21403F470454343203238334B310043424B452063E8
S21403F4806F7265004E4350004D756C7469206E654F
S21403F49074776F726B00456E68616E6365642042B5
S21403F4A06561636F6E205265710043424B4520329F
S21403F4B038334B31204453412056657269667900D0
S21403F4C04D756C74692D50414E002F686F6D652F16
S21403F4D072756E6E65722F776F726B2F74757961A6
S21403F4E02D7A69676265652D7377697463682F740F
S21403F4F07579612D7A69676265652D7377697463BB
S21403F500682F73696C6162735F746F6F6C732F73AC
S21403F510696D706C69636974795F73646B2F70725D
S21403F5206F746F636F6C2F7A69676265652F737488
S21403F53061636B2F636F6E6669672F736C5F7A699F
S21403F540676265655F636F6E666967757261746926
S21403F5506F6E2E63002F686F6D652F72756E6E6506
S21403F560722F776F726B2F747579612D7A69676264
S21403F57065652D7377697463682F747579612D7A61
S21403F58069676265652D7377697463682F73696C41
S21403F5906162735F746F6F6C732F73696D706C69E0
S21403F5A0636974795F73646B2F70726F746F636FC4
S21403F5B06C2F7A69676265652F737461636B2F6658
S21403F5C072616D65776F726B2F6165732D6563620C
S21403F5D02E63002F686F6D652F72756E6E65722FC2
S21403F5E0776F726B2F747579612D7A6967626565BB
S21403F5F02D7377697463682F747579612D7A6967DB
S21403F6006265652D7377697463682F73696C6162CD
S21403F610735F746F6F6C732F73696D706C69636956
S21403F62074795F73646B2F70726F746F636F6C2F74
S21403F6307A69676265652F737461636B2F7365639D
S21403F64075726974792F7A69676265652D73656368
S21403F65075726974792D6D616E616765722D6E6F53
S21403F6602D7661756C742E63004572726F723A2044
S21403F670204661696C656420746F2072656164203E
S21403F68066726F6D20454550524F4D206174203091
S21403F690782534582C207374617475733A20256466
S21403F6A000454550524F4D20496E697469616C6937
S21403F6B07A65643A20256300454550524F4D2042F3
S21403F6C07573793A202563005061727469616C2002
S21403F6D0576F72642053746F7261676520436F754A
S21403F6E06E743A20256400416464726573733A202D
S21403F6F030782534582C205061727469616C205719
S21403F7006F72643A203078255800636F6E666972AC
S21403F7106D656400617373756D6564000A454550D5
S21403F720524F4D20496E666F004E6F7420617661AE
S21403F730696C61626C6520286F6C64657220626F09
S21403F7406F746C6F61646572290050617274204433
S21403F75065736372697074696F6E3A202020202087
S21403F76020202020202573004361706162696C6944
S21403F770746965733A202020202020202020202032
S21403F7802020203078253258005061676520457266
S21403F7906173652074696D65202873293A202020DB
S21403F7A020202025640050617274204572617365C1
S21403F7B02074696D65202873293A20202020202094
S21403F7C02564005061727420457261736520746904
S21403F7D06D6520286D73293A20202020202025647B
S21403F7E000506167652073697A65202862797465BD
S21403F7F073293A202020202020202020256C00502A
S21403F8006172742073697A65202862797465732936
S21403F8103A202020202020202020256C00576F72BD
S21403F820642073697A6520286279746573293A209F
S21403F8302020202020202020256420282570290031
S21403F840454550524F4D20696E69743A20307825ED
S21403F85058002F686F6D652F72756E6E65722F7701
S21403F8606F726B2F747579612D7A69676265652D82
S21403F8707377697463682F747579612D7A69676223
S21403F88065652D7377697463682F73696C6162733A
S21403F8905F746F6F6C732F73696D706C69636974D3
S21403F8A0795F73646B2F7574696C2F706C756769F9
S21403F8B06E2F706C7567696E2D636F6D6D6F6E2F2F
S21403F8C0656570726F6D2F656570726F6D2E630060
S21403F8D0556E61626C6520746F20626F6F74206969
S21403F8E06D61676520617420736C6F7420256C648A
S21403F8F00A00536C6F74204D616E616765722066F3
S21403F90061696C656420746F20657261736520732A
S21403F9106C6F740A004D61782072656164206C69AF
S21403F9206D69742073657420746F20256420627972
S21403F9307465730A00416464726573732020202023
S21403F940202020202020446174610A00307825346A
S21403F9506C7820202020202020307825780A004646
S21403F96061696C656420746F2072656164206672D9
S21403F9706F6D20666C6173680A00536C6F74202584
S21403F9806C640A202041646472657373202020200F
S21403F990203A20307825346C580A20204C656E6750
S21403F9A074682020202020203A20307825346C5894
S21403F9B02028256C64206279746573290A00202048
S21403F9C05479706520202020202020203A20004EE5
S21403F9D06F2047424C2070726573656E740A005A36
S21403F9E069674265650A005468726561640A004384
S21403F9F06F6E6E6563740A00426C7565746F6F7420
S21403FA00680A00426C7565746F6F74682061707065
S21403FA106C69636174696F6E0A004D43550A004F43
S21403FA207468657220283078256C58290A002020CF
S21403FA3056657273696F6E20202020203A20307836
S21403FA40256C580A0020204361706162696C6974F2
S21403FA506965733A20307825346C580A00202050A4
S21403FA60726F6475637420494420203A200030780E
S21403FA7025582000536C6F74204D616E6167657264
S21403FA803A206661696C656420746F20696E6974D8
S21403FA9069616C697A6520626F6F746C6F61646507
S21403FAA07220286572726F72203078253478290A9E
S21403FAB00056657273696F6E20202020203A202539
S21403FAC0640A005061727420202020202020203AEF
S21403FAD02025730A004361706162696C6974696505
S21403FAE0733A20307825780A00506172742073695F
S21403FAF07A652020203A20256420420A0050616758
S21403FB00652073697A652020203A20256420420AFE
S21403FB1000576F72642073697A652020203A202587
S21403FB206420420A00536C6F747320202020202028
S21403FB30203A2025640A004661696C656420746F68
S21403FB4020726561642066726F6D2073746F7261D4
S21403FB50676520666C61736820286572726F722011
S21403FB602564290A00496E76616C696420736C6F9C
S21403FB707420256420286D617820736C6F742025AB
S21403FB8064290A004661696C656420746F206765A2
S21403FB907420696E666F20666F7220736C6F7420B4
S21403FBA025640A00536C6F74204D616E616765723D
S21403FBB03A20736C6F742077726974652066616986
S21403FBC06C7572652E2041646472657373206F666C
S21403FBD0667365742028256429202B207772697440
S21403FBE065206C656E677468202825642920677213
S21403FBF06561746572207468616E20746F74616CDD
S21403FC0020736C6F74206C656E6774682028256497
S21403FC10290A00536C6F74204D616E61676572200C
S21403FC207761726E696E673A20736C6F7420256411
S21403FC30206C656E6774682028256429206E6F74AF
S21403FC4020616C69676E656420746F2070616765F8
S21403FC502073697A6520282564292E205468652038
S21403FC60656E7469726520736C6F742077696C6C4B
S21403FC70206E6F74206265206572617365642E0A58
S21403FC8000536C6F74204D616E616765723A20662F
S21403FC9061696C656420746F2065726173652025E5
S21403FCA06420627974657320696E20736C6F7420A8
S21403FCB025642061742061646472657373203078F0
S21403FCC025347820286572726F722030782578295B
S21403FCD00A00457261736564202564206279746541
S21403FCE07320696E20736C6F742025640A00466166
S21403FCF0696C656420746F2073657420736C6F740D
S21403FD0020746F20626F6F7420286572726F722082
S21403FD103078253478290A004661696C6564207456
S21403FD206F20736574206C697374206F6620736C20
S21403FD306F747320746F20626F6F742028657272FD
S21403FD406F72203078253478290A004661696C651D
S21403FD506420746F20676574206E6577206C697302
S21403FD6074206F6620736C6F747320746F20626FD9
S21403FD706F7420286572726F722030782534782964
S21403FD800A00426567696E6E696E6720696D616712
S21403FD906520766572696669636174696F6E2E2E77
S21403FDA02E002E6661696C65642120284572726F89
S21403FDB072203078253478290A002E7061737365B3
S21403FDC0642120426F6F74696E6720736C6F7420B2
S21403FDD025640A00666E692B00666E69006E616EA6
S21403FDE000666E692D006C696273006273656E64EB
S21403FDF0007265736574007261770073656E645F85
S21403FE006D756C7469636173740073656E642D75C8
S21403FE1073696E672D6D756C7469636173742D6297
S21403FE20696E64696E670074696D6573796E6300E5
S21403FE306765742D7074692D726164696F2D636FC5
S21403FE406E66696700636F6E6669672D6363612D0F
S21403FE506D6F6465006576656E74730073656375B0
S21403FE6072697479007A69676265655F7072696E34
S21403FE707400706C7567696E006E6574006B6579E7
S21403FE8073006F7074696F6E00706C7567006368DB
S21403FE90616E67656B6579006368616E67656B00A5
S21403FEA07A646F007072696E742072656C61746533
S21403FEB06420636F6D6D616E64732E00617474727B
S21403FEC0005A646F2072656C6174656420636F6D9D
S21403FED06D616E64732E00726F75746500706F7754
S21403FEE06572006D676D742D6C7169006D676D7456
S21403FEF02D62696E64006E6F64650073696D706C65
S21403FF0065006965656500756E62696E64006E7787
S21403FF106B2D757064006F75742D636C2D6C69732F
S21403FF207400696E2D636C2D6C697374005A646F6C
S21403FF3020696E2D636C2D6C6973742072656C6119
S21403FF4074656420636F6D6D616E64732E005A640E
S21403FF506F206F75742D636C2D6C697374207265D6
S21403FF606C6174656420636F6D6D616E64732E00DF
S21403FF705A646F206E776B2D7570642072656C61A2
S21403FF8074656420636F6D6D616E64732E007363B6
S21403FF90616E2D6368616E2D6D61736B00736361B3
S21403FFA06E006368616E5067006368616E005A6432
S21403FFB06F20756E62696E642072656C6174656429
S21403FFC020636F6D6D616E64732E00756E69636179
S21403FFD07374006368616E67656B65792072656C20
S21403FFE06174656420636F6D6D616E64732E006C5F
S21403FFF0696E6B004F7074696F6E2072656C617406
S214040000656420636F6D6D616E64732E0072656740
S2140400106973746572006469736300696E737461EE
S2140400206C6C2D636F64650062696E64696E672D1F
S2140400307461626C65007072696E742D72782D6DD1
S21404004073677300617073726574727900415053FC
S21404005020726574727920666C616720666F7263BD
S2140400606520636F6D6D616E647300456E61626CCE
S21404007065732F44697361626C6573207072696E70
S21404008074696E67206F66205278206D657373619D
S2140400906765732E00656E61626C650042696E6406
S2140400A0696E67207461626C652072656C61746544
S2140400B06420636F6D6D616E64732E0053656375A3
S2140400C072697479206B6579732072656C617465E6
S2140400D06420636F6D6D616E64732E0064656C6579
S2140400E07465004E6574776F726B2072656C61740C
S2140400F0656420636F6D6D616E64732E00666F7247
S2140401006D0072656A6F696E2D646966662D646536
S214040110766963652D747970650065787470616EB0
S21404012069640069736F70656E0062726F61642D36
S214040130706A6F696E006368616E67652D636861D7
S2140401406E6E656C00696E6974006368616E6765DF
S2140401502D6B6565702D616C6976652D6D6F6465B4
S2140401600074696D656F75742D6F7074696F6E2D8C
S2140401706D61736B006D756C74692D7068792D7381
S21404018074617274006D756C74692D7068792D7362
S214040190746F700066696E64006E6574776F726B58
S2140401A02066696E6420636F6D6D616E64732E00E5
S2140401B06A6F696E61626C6500756E75736564005E
S2140401C0736C6F742D6D616E6167657200636F7515
S2140401D06E7465727300656E642D64657669636516
S2140401E02D737570706F72740066696E642D616E1F
S2140401F0642D62696E6400667261676D656E746113
S21404020074696F6E0067726F7570732D736572769E
S2140402106572006E6574776F726B2D7374656572A4
S214040220696E67006F74612D626F6F746C6F6164C2
S214040230006F74612D636C69656E74006F74612D54
S21404024073746F726167652D636F6D6D6F6E006F8B
S21404025074612D73746F726167652D656570726F56
S2140402606D0069646C652D736C65657000757064EB
S2140402706174652D74632D6C696E6B2D6B657900E6
S2140402807570646174652D74632D6C696E6B2D6B6B
S21404029065792072656C6174656420636F6D6D6149
S2140402A06E64730074696D6572006E6F7700436FD9
S2140402B06D6D616E647320746F20636F6E74726FFD
S2140402C06C2069646C696E672F736C656570696E03
S2140402D067206F66207468652064657669636500C8
S2140402E0666F7263652D6177616B65006177616B1C
S2140402F0652D7768656E2D6E6F742D6A6F696E65F1
S21404030064007265706F7274696E672072656C61E2
S21404031074656420636F6D6D616E64732E00636C28
S2140403206561722D6C6173742D7265706F72742DB5
S21404033074696D6500746573742D74696D696E6790
S214040340006F74612D73746F726167652D656570D7
S214040350726F6D2072656C6174656420636F6D6D79
S214040360616E64732E0077697065006F74612D7317
S214040370746F726167652D636F6D6D6F6E20726545
S2140403806C6174656420636F6D6D616E6473007078
S21404039072696E74496D616765730072656C6F612E
S2140403A0640073746F726167652D696E666F0064AE
S2140403B06174612D7072696E74006F74612D636C64
S2140403C069656E742072656C6174656420636F6D14
S2140403D06D616E64732E0076657269667900626C70
S2140403E06F636B2D7465737400706167652D726539
S2140403F0717565737400757067726164652D7265D6
S21404040071756573740064697361626C652D646FDD
S214040410776E67726164657300656E61626C652DE4
S214040420646F776E677261646573006F74612D62C2
S2140404306F6F746C6F61642072656C6174656420A0
S214040440636F6D6D616E6473006E6574776F726B47
S2140404502D7374656572696E672072656C61746568
S2140404606420636F6D6D616E64732E007072652D0B
S214040470636F6E666967757265642D6B65792D7337
S2140404806574006D61736B2072656C6174656420BD
S214040490636F6D6D616E642E007375627472616352
S2140404A0740067726F7570732D736572766572204B
S2140404B072656C6174656420636F6D6D616E6473E0
S2140404C02E00667261676D656E746174696F6E2066
S2140404D072656C6174656420636F6D6D616E6473C0
S2140404E02E007365742D72782D77696E646F772D80
S2140404F073697A65006172746966696369616C2DF3
S214040500626C6F636B2D64726F700046696E642054
S214040510616E642062696E642072656C61746564E1
S21404052020636F6D6D616E64732E00696E69746905
S21404053061746F7200656E642D6465766963652DFB
S214040540737570706F72742072656C617465642064
S214040550636F6D6D616E64732E00706F6C6C2D63CB
S2140405606F6D706C657465642D63616C6C62616339
S2140405706B00666F7263652D73686F72742D706F8F
S2140405806C6C00656E61626C655F7479706500738F
S2140405907461636B00617070007A636C006C6567ED
S2140405A06163795F61665F646562756700636F7532
S2140405B06E746572732072656C6174656420636F13
S2140405C06D6D616E64732E007072696E742D636F48
S2140405D0756E7465722D747970650073696D706CD0
S2140405E0652D7072696E74007072696E742D74680D
S2140405F0726573686F6C6473007365742D746872C7
S2140406006573686F6C640072657365742D746872C4
S2140406106573686F6C64730073656E642D726571C0
S2140406207565737400736563757269747920726591
S2140406306C6174656420636F6D6D616E64730073C2
S21404064065742D616C6C6F772D74727573742D637D
S214040650656E7465722D72656A6F696E2D75736941
S2140406606E672D77656C6C2D6B6E6F776E2D6B6574
S21404067079007365742D616C6C6F772D7472757365
S214040680742D63656E7465722D72656A6F696E2D5E
S2140406907573696E672D77656C6C2D6B6E6F776EF0
S2140406A02D6B65792D74696D656F7574007365744B
S2140406B02D6B65792D726571756573742D706F6C0D
S2140406C0696379006D66672D746F6B656E00617083
S2140406D07300536563757269747920617073207250
S2140406E0656C6174656420636F6D6D616E64732EF2
S2140406F0004765742F736574204D464720746F6BEE
S214040700656E2E00656E64706F696E742072656C1B
S2140407106174656420636F6D6D616E64732E00652D
S2140407206570726F6D207574696C69747920726572
S2140407306C6174656420636F6D6D616E64730053E1
S2140407406C6F74204D616E616765722072656C61B2
S21404075074656420636F6D6D616E647300626F6FA1
S214040760742D736C6F740065726173652D736C6F92
S21404077074006578742D666C6173682D696E666F97
S21404078000736C6F74732D696E666F005072696EB9
S21404079074732074696D652E005072696E747320CC
S2140407A06174747269627574652E00436C65617257
S2140407B07320746865205A444F206C697374206FE4
S2140407C06620636C69656E742028696E2920636CE4
S2140407D07573746572732E004164647320636C755C
S2140407E0737465727320746F20746865206B6E6F03
S2140407F0776E20636C69656E742028696E292063A1
S2140408006C757374657273206F6E207468697320D8
S2140408106465766963652E00436C65617273207443
S2140408206865205A444F206C697374206F66206391
S2140408306C69656E7420286F75742920636C7573F3
S214040840746572732E004164647320636C757374EC
S21404085065727320746F20746865206B6E6F776E94
S21404086020636C69656E7420286F75742920636C28
S214040870757374657273206F6E2074686973206470
S21404088065766963652E0053656E647320616E2019
S214040890757064617465206368616E6E656C207241
S2140408A06571756573742E006368616E6E656C1F82
S2140408B00053656E647320616E20757064617465A0
S2140408C0206368616E6E656C207061676520726572
S2140408D0712E2054686520737461636B2073656E93
S2140408E06473206E776B20656E68616E6365642042
S2140408F07570646174652072657120666F72206E0F
S2140409006F6E2D7A65726F20706167652E0063685E
S214040910616E6E656C1F706167651F005065726658
S2140409206F726D7320616E20656E657267792073D1
S21404093063616E2E007461726765744E6F646549F8
S214040940641F7363616E4475726174696F6E1F739E
S21404095063616E436F756E741F0042726F616463E9
S2140409606173747320746865204944206F6620742C
S2140409706865206E6577206E6574776F726B206D80
S214040980616E6167657220616E6420616374697666
S21404099065206368616E6E656C732E006E776B4DB2
S2140409A0676549641F6368616E6E656C4D61736B41
S2140409B01F00506572666F726D7320616E20656EDF
S2140409C065726779207363616E206F6E206769763F
S2140409D0656E206368616E6E656C206D61736B2E48
S2140409E0007461726765744E6F646549641F73634F
S2140409F0616E4475726174696F6E1F7363616E43D2
S214040A006F756E741F6368616E6E656C4D61736B93
S214040A101F0053656E64732061206E6574776F7271
S214040A206B20616464726573732072657175657397
S214040A307420666F722074686520676976656E2018
S214040A404945454520616464726573732E00696583
S214040A5065651F00526571756573747320616E2039
S214040A604945454520616464726573732062617309
S214040A706564206F6E206120676976656E206E6FF0
S214040A8064652049442E006E6F646549641F0053F4
S214040A90656E647320612073696D706C652064658F
S214040AA07363726970746F7220726571756573749E
S214040AB020666F72207468652073686F7274206194
S214040AC064647265737320616E6420656E64706F0F
S214040AD0696E74207370656369666965642E006464
S214040AE06573741F746172676574456E64706F69AC
S214040AF06E741F0053656E64732061206D617463A9
S214040B006844657363726970746F72735265717545
S214040B1065737420746F2074686520676976656EE3
S214040B202064657374696E6174696F6E2077697486
S214040B30682074686520676976656E2070726F66D3
S214040B40696C652E006E6F646549641F70726F660B
S214040B50696C651F0053656E64732061206E6F6454
S214040B60652064657363726970746F722072657150
S214040B707565737420746F206120676976656E20CE
S214040B80746172676574206465766963652E0074A3
S214040B9061726765741F0053656E64732061205A22
S214040BA0444F2042696E6420636F6D6D616E6420ED
S214040BB0746F20612064657669636520737065636D
S214040BC0696669656420696E2074686520636F6D64
S214040BD06D616E6420617267756D656E74732E0048
S214040BE044657374696E6174696F6E1F536F7572B2
S214040BF0636520656E64706F696E741F44657374F4
S214040C00696E6174696F6E20656E64706F696E7468
S214040C101F636C757374657249441F72656D6F74D7
S214040C206545554936341F646573744555493634ED
S214040C301F0053656E647320616E20616374697669
S214040C406520656E64706F696E7420726571756573
S214040C50737420746F2074686520646576696365B0
S214040C6020776974682074686520676976656E20E5
S214040C7073686F72742049442E0053656E64732043
S214040C80616E20756E62696E642072657175657337
S214040C907420666F72206120756E696361737420B8
S214040CA062696E64696E6720746F20746865207468
S214040CB06172676574206465766963652E00746185
S214040CC0726765741F736F75726365206575693620
S214040CD0341F736F7572636520656E64706F696E1A
S214040CE0741F636C757374657249441F646573740A
S214040CF0696E6174696F6E45554936341F64657351
S214040D0074696E6174696F6E20656E64706F696E67
S214040D10741F0053656E647320616E20756E62697D
S214040D206E64207265717565737420666F722061D7
S214040D30206D756C7469636173742062696E64698E
S214040D406E6720746F2074686520746172676574BA
S214040D50206465766963652E007461726765741F26
S214040D60736F757263652065756936341F736F75A6
S214040D7072636520656E64706F696E741F636C754C
S214040D807374657249441F67726F75704164647248
S214040D906573731F0053656E64732061205A444F55
S214040DA0204D616E6167656D656E74204C65617675
S214040DB06520636F6D6D616E6420746F2074686562
S214040DC020746172676574206465766963652E00B5
S214040DD07461726765741F72656D6F7665436869C2
S214040DE06C6472656E1F72656A6F696E1F00536568
S214040DF06E64732061205A444F204D474D542D4253
S214040E00696E64202842696E64696E672054616264
S214040E106C6529205265717565737420746F20742F
S214040E2068652074617267657420646576696365B5
S214040E302E007461726765741F7374617274496EF0
S214040E406465781F0053656E64732061205A444FAE
S214040E50204D474D542D4C514920284C514920547F
S214040E6061626C6529205265717565737420746FB0
S214040E702074686520746172676574206465766999
S214040E8063652E0053656E64732061205A444F20B8
S214040E90506F7765722044657363726970746F72FD
S214040EA0205265717565737420746F2074686520AC
S214040EB0746172676574206465766963652E005391
S214040EC0656E64732061205A444F20726F75746592
S214040ED0207265717565737420636F6D6D616E64E1
S214040EE020746F20746865207461726765742E00C0
S214040EF07461726765741F696E6465781F00696E35
S214040F006465781F65756936341F696E7374616C21
S214040F106C436F64651F00696E6465781F65756948
S214040F2036341F6B65791F005443206C696E6B2042
S214040F306B6579207265717565737420706F6C6962
S214040F4063791F417070206C696E6B206B65792025
S214040F507265717565737420706F6C6963791F00B0
S214040F60426F6F6C3A20616C6C6F77207472757385
S214040F70742063656E7465722072656A6F696E208C
S214040F807573696E672077656C6C2D6B6E6F776E04
S214040F90206B65791F0070726F66696C6549641F03
S214040FA0636C757374657249641F00746172676557
S214040FB07449641F00456E61626C657320707269C3
S214040FC06E74696E67206F66205278206D65737341
S214040FD0616765732E0053657473207468652062B8
S214040FE0696E64696E67207461626C6500696E641C
S214040FF065781F636C75737465721F6C6F63616CC0
S21404100045701F72656D6F746545701F657569362A
S214041010341F00436C6561727320746865206269CE
S2140410206E64696E67207461626C652E0050726926
S2140410306E7473207468652062696E64696E6720D6
S2140410407461626C6520746F2074686520636F6DCC
S2140410506D616E64206C696E652E00436C6561720A
S2140410607320616C6C207365637572697479206B88
S2140410706579732E0044656C657465207468652014
S214041080737065636966696564206C696E6B206B52
S214041090657920696E6465782E005072696E747383
S2140410A020616C6C207365637572697479206B6556
S2140410B079732E005465726D696E6174657320745D
S2140410C06865206D756C74692D50485920696E7476
S2140410D0657266616365005573656420746F20737A
S2140410E074617274206D756C74692D50485920694A
S2140410F06E74657266616365206F746865722074C9
S21404110068616E206E617469766520616E6420661F
S2140411106F726D20746865206E6574776F726B2EBF
S2140411202054686520737461636B2075736573203F
S21404113073616D652050616E4964206173206E6131
S2140411407469766520726164696F206E6574776F62
S214041150726B2E00706167651F6368616E6E656CE6
S2140411601F706F7765721F6F7074696F6E734D6151
S214041170736B20284269742030203D20526F7574AA
S21404118065727320616C6C6F7765642C2042697499
S2140411902031203D2042726F616463617374206164
S2140411A06C6C6F776564291F00417474656D707488
S2140411B07320746F206368616E67652074686520A9
S2140411C06368696C642074696D656F7574206F70EC
S2140411D074696F6E206D61736B20746F2066696C22
S2140411E0746572206F757420756E646573697261B8
S2140411F0626C652076616C7565732028652E672E93
S214041200206E6F206D6F7265207468616E203320C7
S21404121064617973292E0074696D656F7574206F27
S2140412207074696F6E206D61736B1F0053776974F9
S21404123063686573206265747765656E20646966A5
S214041240666572656E74206B65657020616C697680
S21404125065206D6F64657320737570706F72746546
S21404126064206279206120726F757465722E004B5B
S21404127065657020616C697665206D6F64651F0016
S2140412805072696E74732074686520637572726533
S2140412906E74204E6F64652049442C2045554936AB
S2140412A0342C20616E642050616E2049442E00491F
S2140412B06E697469616C697A65732061206E657401
S2140412C0776F726B3B2074686973206973206120A2
S2140412D07465737420636F6D6D616E6420757365D9
S2140412E06420666F722074632D737761702D6F753A
S2140412F0742074657374696E672E00536574732066
S214041300746865206E6574776F726B20696E6465A9
S21404131078207573656420627920616C6C2066752C
S2140413207475726520434C4920636F6D6D616E64FD
S214041330732E20204265666F726520657865637536
S21404134074696E67206120434C4920636F6D6D613C
S2140413506E642C20746865206672616D65776F72A2
S2140413606B20737769746368657320746F20746880
S2140413706973206E6574776F726B2E2020416674D5
S21404138065722074686520636F6D6D616E64206697
S214041390696E697368657320657865637574696ECC
S2140413A0672C20746865206672616D65776F726B52
S2140413B0207377697463686573206261636B207455
S2140413C06F207468652070726576696F7573206E19
S2140413D06574776F726B2E202054686520434C49E1
S2140413E02075736573207468652073616D65206E5F
S2140413F06574776F726B20696E64657820756E7499
S214041400696C207468652064657669636520726516
S21404141073657473206F722069742069732063681F
S214041420616E676564207468726F75676820746897
S214041430697320636F6D6D616E642E00417474650C
S2140414406D70747320746F206368616E67652064C2
S2140414506576696365206F76657220746F206120F7
S214041460646966666572656E74206368616E6E652F
S2140414706C20676976656E20696E207468652063E3
S21404148068616E6E656C20617267756D656E742E2C
S21404149000546865206368616E6E656C20746F2006
S2140414A06368616E676520746F1F0066696E6455B5
S2140414B06E7573656450616E49640066696E644A4D
S2140414C06F696E61626C654E6574776F726B0050FF
S2140414D065726D697473206A6F696E696E67206FD2
S2140414E06E20746865206E6574776F726B20666F05
S2140414F072206120676976656E206E756D6265720E
S214041500206F66207365636F6E647320414E4420BB
S21404151062726F616463617374732061205A444F0E
S214041520204D676D74205065726D6974204A6F692A
S2140415306E696E67207265717565737420746F20AA
S214041540616C6C20726F75746572732E0041207323
S214041550696E676C65206279746520696E64696378
S2140415606174696E6720686F77206C6F6E6720748D
S2140415706865206465766963652073686F756C6456
S2140415802068617665207065726D6974206A6F697B
S2140415906E696E67207475726E6564206F6E206661
S2140415A06F722E20412076616C7565206F66203040
S2140415B0786666207475726E73206F6E207065721E
S2140415C06D6974206A6F696E20696E646566696EFB
S2140415D06974656C792E1F00436865636B73206EAF
S2140415E06574776F726B20706A6F696E20737461AE
S2140415F07475732E00577269746573207468652059
S214041600657874656E6465642070616E2049442054
S214041610666F7220746865206465766963652E005B
S21404162065787470616E69641F0052656A6F696ECE
S2140416307320616E206578697374696E67206E65C1
S21404164074776F726B20696E2061207365637572A0
S21404165065206F7220696E736563757265206D61AF
S2140416606E6E6572207769746820612064696666A8
S2140416706572656E74206465766963652074797036
S214041680652E00426F6F6C65616E206E6574776FB1
S214041690726B206B657920617661696C6162696C36
S2140416A06974791F4368616E6E656C206D61736B37
S2140416B01F416E20656E756D65726174696F6E206C
S2140416C0696E6469636174696E6720746865206412
S2140416D06576696365207479706520746F20726519
S2140416E06A6F696E2061732E546865207374616333
S2140416F06B206F6E6C79206163636570747320531E
S2140417004C5F5A49474245455F454E445F444556FB
S21404171049434520616E6420534C5F5A494742450D
S214041720455F534C454550595F454E445F444556C6
S2140417304943452E1F0052654A6F696E7320612027
S2140417406E6574776F726B2E00426F6F6C65616E98
S214041750206E6574776F726B206B65792061766195
S214041760696C6162696C6974791F4368616E6E6541
S2140417706C206D61736B1F004C6561766573206128
S214041780206E6574776F726B2E005475726E7320BC
S2140417907065726D6974206A6F696E696E67206F12
S2140417A06E20666F722074686520616D6F756E7446
S2140417B0206F662074696D6520696E646963617460
S2140417C065642E00412073696E676C6520627974C7
S2140417D06520696E6469636174696E6720686F77F3
S2140417E0206C6F6E6720746865206465766963652F
S2140417F02073686F756C6420686176652070657206
S2140418006D6974206A6F696E696E67207475726E8E
S214041810206F6E20666F722E20412076616C75658F
S214041820206F662030786666207475726E7320703A
S21404183065726D6974206A6F696E20696E64656688
S214041840696E6974656C792E1F004A6F696E732021
S21404185061206E6574776F726B206F6E20612067EF
S2140418606976656E206368616E6E656C2C20776998
S2140418707468206120676976656E20545820506F1E
S21404188077657220616E642050414E2049442E00D4
S214041890546865206368616E6E656C206F6E207791
S2140418A06869636820746F206A6F696E207468655F
S2140418B0206E6574776F726B1F4F6E652D62797438
S2140418C065207369676E65642076616C756520694A
S2140418D06E6469636174696E672074686520545821
S2140418E020506F7765722074686174207468652070
S2140418F0726164696F2073686F756C64206265201A
S21404190073657420746F1F5468652050414E2049D7
S21404191044206F6E20776869636820746F206A6F4E
S214041920696E20746865206E6574776F726B1F002D
S214041930466F726D732061206E6574776F726B20CC
S2140419406F6E206120676976656E206368616E6ECF
S214041950656C2C2077697468206120676976656EEB
S21404196020545820506F77657220616E6420504171
S2140419704E2049442E00546865206368616E6E6587
S2140419806C206F6E20776869636820746F20666FBA
S214041990726D20746865206E6574776F726B1F4F66
S2140419A06E652D62797465207369676E656420764A
S2140419B0616C756520696E6469636174696E67201D
S2140419C074686520545820506F7765722074686177
S2140419D0742074686520726164696F2073686F751B
S2140419E06C642062652073657420746F1F54686588
S2140419F02050414E204944206F6E20776869636802
S214041A0020746F20666F726D20746865206E65742E
S214041A10776F726B1F005468697320696E69746906
S214041A206174657320612054434C4B207570646167
S214041A3074652070726F6365647572652E005370EA
S214041A4065636966792074686520616D6F756E7468
S214041A50206F662074696D6520746F2077616974E1
S214041A60206166746572206F6E652054434C4B206B
S214041A70757064617465206F7065726174696F6EE9
S214041A8020636F6D706C65746573206265666F7233
S214041A906520626567696E6E696E672061206E6593
S214041AA0772054434C4B20757064617465206F70C6
S214041AB065726174696F6E2E0054686520616D6F7F
S214041AC0756E74206F662074696D65206265747720
S214041AD065656E2073756273657175656E742074C2
S214041AE0727573742063656E746572206C696E6BB0
S214041AF0206B6579207570646174657320696E2047
S214041B006D696C6C697365636F6E64731F005365EF
S214041B1074206F7220636C6561722073746179201F
S214041B206177616B65207768656E206E6F74206AD6
S214041B306F696E656400536574206F7220636C650C
S214041B40617220666F726365206177616B6500441D
S214041B506973706C61792074686520736C65657050
S214041B602073746174757300464F52205445535461
S214041B70494E4720505552504F534553202D206709
S214041B8061746865722074696D696E67206D65742A
S214041B907269637320666F72207265706F727469FF
S214041BA06E67207461626C65206F7065726174691B
S214041BB06F6E732E00436C656172732074686520C3
S214041BC06C617374207265706F72742074696D65CD
S214041BD0206F6620617474726962757465732E0072
S214041BE0416464732061206E657720656E74727933
S214041BF020746F20746865207265706F7274207428
S214041C0061626C652E00546865206C6F63616C209D
S214041C10656E64706F696E742066726F6D20776887
S214041C206963682074686520617474726962757487
S214041C3065206973207265706F727465641F5468DA
S214041C406520636C757374657220776865726520A9
S214041C50746865206174747269627574652069734A
S214041C60206C6F63617465641F5468652049442062
S214041C706F66207468652061747472696275746531
S214041C80206265696E67207265706F727465641F82
S214041C903020666F7220636C69656E742D73696498
S214041CA0652061747472696275746573206F72203E
S214041CB03120666F72207365727665722D7369645F
S214041CC06520617474726962757465731F546865FF
S214041CD0206D696E696D756D207265706F727469BA
S214041CE06E6720696E74657276616C2C206D656112
S214041CF0737572656420696E207365636F6E6473B2
S214041D002E1F546865206D6178696D756D20726547
S214041D10706F7274696E6720696E74657276616C32
S214041D202C206D6561737572656420696E20736519
S214041D30636F6E64732E1F546865206D696E696DDB
S214041D40756D206368616E676520746F20746865BE
S214041D502061747472696275746520746861742095
S214041D6077696C6C20726573756C7420696E20617B
S214041D70207265706F7274206265696E6720736581
S214041D806E742E1F0052656D6F76657320616E202B
S214041D90656E7472792066726F6D20746865207241
S214041DA065706F7274207461626C652E0054686589
S214041DB020696E646578206F662074686520726595
S214041DC0706F727420746F2062652072656D6F7612
S214041DD065641F00436C6561727320616C6C2065DA
S214041DE06E74726965732066726F6D207468652000
S214041DF07265706F7274207461626C652E00507226
S214041E00696E747320746865207265706F727420CE
S214041E107461626C652E00576970657320616C6C22
S214041E20206461746120696E207468652073746F21
S214041E3072616765206465766963652E0050726911
S214041E406E74732061726269747261727920627949
S214041E50746573206F6620746865204F544120694A
S214041E606D616765206F6E206469736B2E0054681D
S214041E706520696E646578206F66207468652069DD
S214041E806D61676520746F207072696E7420697462
S214041E907320646174611F546865206F6666736599
S214041EA07420696E746F20746865204F54412069ED
S214041EB06D61676520746861742077696C6C206254
S214041EC065207072696E7465641F005072696E7462
S214041ED07320696E666F726D6174696F6E206162DD
S214041EE06F7574207468652073746F7261676520FB
S214041EF06465766963652E0052656C6F6164207450
S214041F0068652073746F72616765206465766963BB
S214041F10652E0044656C6574657320746865206975
S214041F206D616765206174207468652073706563ED
S214041F30696669656420696E6465782E0054686510
S214041F4020696E6465782061742077686963682008
S214041F50746F20626567696E2064656C6574696E6B
S214041F60672074686520696D6167651F0050726933
S214041F706E74732074686520696D616765732E00DE
S214041F80456E61626C6573204F544120646F776EB2
S214041F906772616465732E0044697361626C65736D
S214041FA0204F544120646F776E6772616465732EA8
S214041FB00053656E647320616E20557067726164A9
S214041FC065456E645265717565737420746F20611F
S214041FD06E204F5441207365727665722E004361FD
S214041FE06E206265207573656420746F2064796E54
S214041FF0616D6963616C6C79207475726E206F66AE
S214042000662073656E64696E67207061676520720A
S21404201065717565737473206F6E207468652063CC
S2140420206C69656E7420736964652C206966207417
S21404203068652073657276657220646F65736E27B3
S2140420407420737570706F72742074686973206678
S2140420506561747572652E00426F6F6C65616E20E3
S21404206076616C7565207475726E696E67206F6E26
S21404207020283129206F72206F6666202830292098
S2140420807468652070616765207265717565737420
S21404209020666C61671F0053656E647320616E2052
S2140420A0696D61676520626C6F636B20726571751C
S2140420B065737420666F7220612066696C6520748F
S2140420C06865207365727665722073686F756C64D4
S2140420D0206E6F7420686176652E202054657374B4
S2140420E0206861726E657373206F6E6C7920287435
S2140420F0657374206361736520392E352E36202D62
S214042100204D697373696E672046696C65290050B3
S21404211072696E747320696E666F726D6174696F2E
S2140421206E206F6E207468652063757272656E74B7
S214042130207374617465206F6620746865204F543C
S2140421404120636C69656E7420646F776E6C6F6192
S214042150642E0053746F707320746865204F544166
S214042160207374617465206D616368696E652E0002
S21404217053746172747320746865204F54412063ED
S2140421806C69656E74207374617465206D61636830
S214042190696E652E20546865207374617465206DBD
S2140421A0616368696E6520646973636F76657273CC
S2140421B020746865204F5441207365727665722CCE
S2140421C0207175657269657320666F72206E657717
S2140421D020696D616765732C20646F776E6C6F6120
S2140421E064732074686520696D6167657320616E29
S2140421F06420776169747320666F72207468652042
S21404220073657276657220636F6D6D616E6420749B
S2140422106F20757067726164652E005072696E7403
S2140422207320746865206D616E756661637475727B
S21404223065722049442C20496D6167652054797085
S214042240652049442C20616E642056657273696F5C
S2140422506E20696E666F726D6174696F6E20746845
S2140422606174206172652075736564207768656E95
S2140422702061207175657279206E65787420696DA9
S2140422806167652069732073656E7420746F2074AB
S2140422906865207365727665722062792074686555
S2140422A020636C69656E742E00506572666F726D7D
S2140422B073207369676E61747572652076657269DA
S2140422C06669636174696F6E206F6E20746865203A
S2140422D0696D616765206174207468652073706534
S2140422E063696669656420696E6465782E0054685F
S2140422F06520696E64657820617420776869636810
S21404230020746F20626567696E20766572696669F7
S214042310636174696F6E206F662074686520696DEA
S2140423206167651F00426F6F746C6F61647320741D
S214042330686520696D61676520617420746865202E
S21404234073706563696669656420696E6465782080
S21404235062792063616C6C696E6720746865204FCF
S214042360544120626F6F746C6F61642063616C6C9F
S2140423706261636B2E0054686520696E646578201C
S214042380617420776869636820746F206265676982
S2140423906E20626F6F746C6F6164696E6720746818
S2140423A06520696D6167651F005072696E747320DD
S2140423B0696E666F2061626F757420746865206943
S2140423C06E7374616C6C656420626F6F746C6F619D
S2140423D06465722E0053756274726163747320614F
S2140423E0206368616E6E656C2066726F6D20656929
S2140423F07468657220746865207072696D6172799C
S214042400206F72207365636F6E64617279206368EF
S214042410616E6E656C206D61736B206F66207468E8
S21404242065206E6574776F726B2D7374656572695B
S2140424306E6720636F6D706F6E656E742E005468E1
S21404244065206368616E6E656C206D61736B2074C5
S2140424506F20737562747261637420746865206398
S21404246068616E6E656C2066726F6D1F54686520B9
S2140424706368616E6E656C20746F20737562747227
S21404248061637420746865206D61736B2066726F77
S2140424906D1F00416464732061206368616E6E651D
S2140424A06C20746F20656974686572207468652092
S2140424B07072696D617279206F72207365636F6ED6
S2140424C064617279206368616E6E656C206D6173F9
S2140424D06B206F6620746865206E6574776F726B08
S2140424E02D7374656572696E6720636F6D706F6EA9
S2140424F0656E742E00546865206368616E6E656C44
S214042500206D61736B20746F2061646420612063A6
S21404251068616E6E656C20746F1F5468652063680E
S214042520616E6E656C20746F2061646420746F2025
S214042530746865206D61736B1F0053657473206542
S214042540697468657220746865207072696D61725A
S21404255079206F72207365636F6E6461727920638D
S21404256068616E6E656C206D61736B2E00546865D1
S214042570206368616E6E656C206D61736B20746F8A
S214042580207375627472616374207468652063686E
S214042590616E6E656C2066726F6D1F54686520767A
S2140425A0616C756520746F2073657420746865208B
S2140425B06368616E6E656C206D61736B20746F2E3C
S2140425C01F005365747320746865207072652D63EC
S2140425D06F6E66696775726564206B657920736FC4
S2140425E0207468617420746865206A6F696E696E09
S2140425F067206465766963652063616E20656E7422
S214042600657220746865206E6574776F726B2E0031
S214042610536574732074686520707265636F6E66A4
S214042620696775726564206B65791F0053746F70F3
S2140426307320746865206E6574776F726B2073748C
S214042640656572696E672070726F636573732E00BA
S21404265053746172747320746865206E6574776F42
S214042660726B207374656572696E672070726F632F
S2140426706573732E0041206D61736B206F66206F47
S2140426807074696F6E7320666F7220696E64696316
S2140426906174696E67207370656369666963206236
S2140426A065686176696F722077697468696E2074EC
S2140426B06865206E6574776F726B2D7374656572CA
S2140426C0696E672070726F636573732E1F004469AA
S2140426D073706C61797320746865206375727265B3
S2140426E06E7420737461747573206F6620746865E5
S2140426F0206E6574776F726B207374656572696E8D
S214042700672070726F636573732E00436C65617225
S21404271073207468652067726F75707320746162C5
S2140427206C65206F6E20657665727920656E6470C0
S2140427306F696E74005072696E747320696E666F8A
S214042740726D6174696F6E2061626F75742074684F
S2140427506520636F6E74656E7473206F662074688C
S214042760652067726F757073207461626C652E00E5
S2140427704172746966696369616C6C792064726F0E
S21404278070732074686520626C6F636B206E756D61
S21404279062657220646566696E6564206279207479
S2140427A068652070617373656420617267756D6512
S2140427B06E74206F6E6C79206F6E63652C20616E6C
S2140427C064207468656E20616C6C6F77732069741E
S2140427D02075706F6E20612072657472792E0054B5
S2140427E0686520626C6F636B206E756D626572201F
S2140427F0746F206172746966696369616C6C7920B0
S21404280064726F7020746F20666F72636520612037
S2140428107265747279202D2073657420746F20306D
S21404282078464620746F2064697361626C651F0085
S214042830536574732074686520726563656976658C
S2140428402077696E646F772073697A652E2020423C
S2140428507920646566696E6974696F6E20696E2096
S21404286074686520536D61727420456E657267796D
S2140428702070726F66696C65206974206D75737458
S2140428802062652073657420746F2031206275742D
S214042890207468697320616C6C6F77732069742088
S2140428A0746F206265206368616E6765642E0054E9
S2140428B06865206D6178206E756D626572206F663E
S2140428C02074686520626C6F636B73207265636541
S2140428D069766564206265666F726520616E204164
S2140428E050532061636B2069732067656E6572615F
S2140428F07465641F004D616B65732074686973208A
S2140429006E6F6465207374617274206964656E7496
S214042910696679696E6720617320612074617267E5
S214042920657420666F722062696E64696E672077CC
S21404293069746820616E20696E69746961746F7267
S214042940206E6F64652E0054686520656E64706F33
S214042950696E74206F6E20776869636820746F20D0
S214042960626567696E207468652046696E64696E80
S2140429706720616E642042696E64696E67207461C4
S214042980726765742070726F636573731F004D61A0
S2140429906B65732074686973206E6F646520737446
S2140429A06172742074686520696E69746961746FF5
S2140429B0722070617274206F662074686520666980
S2140429C06E64696E6720616E642062696E64696E07
S2140429D0672070726F636573732E00546865206594
S2140429E06E64706F696E74206F6E207768696368B2
S2140429F020746F20626567696E2074686520466976
S214042A006E64696E6720616E642042696E64696EE6
S214042A106720696E69746961746F722070726F637F
S214042A206573731F005365747320776865746865EF
S214042A30722074686520434C4920666F7263657320
S214042A40207468652064657669636520746F2073F6
S214042A50686F727420706F6C6C2E005468652076F4
S214042A60616C756520696E6469636174696E67205C
S214042A70776865746865722074686520646576692D
S214042A8063652073686F756C642073686F72742056
S214042A90706F6C6C1F005365747320776865746878
S214042AA06572207468652064657669636573207052
S214042AB06F6C6C20636F6D706C6574656420636105
S214042AC06C6C6261636B2066756E6374696F6E20EE
S214042AD0697320656E61626C65642E0054686520B7
S214042AE076616C756520696E6469636174696E6786
S214042AF020776865746865722074686520646576F6
S214042B006963657320706F6C6C20636F6D706C65A1
S214042B107465642063616C6C6261636B2066756EB9
S214042B206374696F6E20697320656E61626C656498
S214042B301F00446973706C61797320746865207330
S214042B407461747573206F662074686520456E64BE
S214042B50204465766963657320706F6C6C696E6774
S214042B602E00456E61626C652F64697361626C65E4
S214042B7020646562756720606C65676163792061AF
S214042B807070206672616D65776F726B2064656223
S214042B90756760207072696E7420747970652E0093
S214042BA0456E61626C652F64697361626C651F00B3
S214042BB0456E61626C652F64697361626C6520643E
S214042BC06562756720607A636C60207072696E74E3
S214042BD020747970652E00456E61626C652F646999
S214042BE07361626C652064656275672060617070ED
S214042BF060207072696E7420747970652E00456E5C
S214042C0061626C652F64697361626C6520646562D9
S214042C1075672060636F726560207072696E7420D9
S214042C20747970652E00456E61626C652F646973F5
S214042C3061626C65206465627567206073746163A5
S214042C406B60207072696E7420747970652E005300
S214042C50656E647320612072657175657374206691
S214042C606F72204F544120636F756E746572732EB5
S214042C700052657365747320616C6C2074687265A9
S214042C8073686F6C64732076616C75657320746FFB
S214042C90203078464646462E0053657473206120DD
S214042CA07468726573686F6C642076616C756520F1
S214042CB0666F72206120706172746963756C6172EC
S214042CC02074797065206F6620636F756E74657204
S214042CD02E0054797065206F6620636F756E746578
S214042CE0721F5468726573686F6C642056616C75E5
S214042CF0651F005072696E7473207468652074686A
S214042D00726573686F6C6473206F6620616C6C20E8
S214042D1074686520636F756E746572732E00436CF9
S214042D206561727320616C6C20636F756E74657276
S214042D302076616C7565732E005072696E7473200C
S214042D40616C6C20636F756E7465722076616C7549
S214042D5065732E005072696E7473207468652076ED
S214042D60616C7565206F6620746869732070617283
S214042D70746963756C617220636F756E7465722E08
S214042D800054686520636F756E746572207479707C
S214042D906520746F207072696E741F005072696EBD
S214042DA0747320616C6C20636F756E746572207624
S214042DB0616C75657320616E6420636C6561727303
S214042DC0207468656D2E00536574204D4647207444
S214042DD06F6B656E2C2043414E4E4F542042452067
S214042DE0554E53455420425920434C492E005072A8
S214042DF0696E74204D464720746F6B656E2E0050C6
S214042E0072696E7420616374697665206576656E92
S214042E1074732E0044697361626C6520746865205F
S214042E20656E64706F696E7420666F72205A434CC8
S214042E30206D657373616765732E00456E64706FED
S214042E40696E7420696E6465781F00456E61626CF5
S214042E5065732074686520656E64706F696E74208F
S214042E60666F72205A434C206D6573736167657391
S214042E702E005072696E7420737461747573206FBB
S214042E806620656E64706F696E74732E0053686F87
S214042E907773207468652076657273696F6E206F29
S214042EA0662074686520736F6674776172652E0099
S214042EB05365742074686520636F6E6669677572FF
S214042EC06564203830322E31352E34204343412079
S214042ED06D6F646520696E2074686520726164692C
S214042EE06F2E2053656520646F63756D656E74611F
S214042EF074696F6E20726567617264696E672052CA
S214042F0041494C5F494545453830323135345F4395
S214042F1063614D6F64655F742E0041205241494CD5
S214042F205F494545453830323135345F4363614D3A
S214042F306F64655F742076616C75651F00526574F6
S214042F4075726E732050544920726164696F2063F1
S214042F506F6E66696720696E666F726D6174696FFD
S214042F606E20746F2064657465726D696E65207476
S214042F706865205048592074797065206265696ECA
S214042F80672075736564206279205241494C2E206F
S214042F9072657475726E2076616C7565206973202F
S214042FA0656E756D205241494C5F4945454538303C
S214042FB0323135345F507469526164696F436F6EA1
S214042FC06669675F7420652E6720205241494C5F0E
S214042FD0494545453830323135345F5054495F529F
S214042FE04144494F5F434F4E4649475F325034474A
S214042FF0485A203D203078303055205241494C5FA5
S214043000494545453830323135345F5054495F526E
S2140430104144494F5F434F4E4649475F3250344719
S214043020485A5F414E54444956203D20307830314A
S21404303055205241494C5F49454545383032313573
S214043040345F5054495F524144494F5F434F4E46A4
S21404305049475F32503447485A5F434F4558203DEE
S214043060203078303255205241494C5F4945454519
S2140430703830323135345F5054495F524144494FF9
S2140430805F434F4E4649475F32503447485A5F4184
S2140430904E544449565F434F4558203D20307830BF
S2140430A033550053656E6473206120726561642035
S2140430B06174747220666F72207468652074696D1A
S2140430C065206F662074686520646576696365208C
S2140430D07370656369666965642E20497420736538
S2140430E07473206120666C616720736F207768654F
S2140430F06E20697420676574732074686520726531
S21404310073706F6E73652069742077726974657363
S214043110207468652074696D6520746F2069747303
S214043120206F776E2074696D6520617474722E004A
S21404313049641F737263456E64706F696E741F64AE
S214043140657374456E64706F696E741F00576865A6
S2140431506E2073656E64696E67207573696E67208A
S214043160612062696E64696E672C2073706563699A
S2140431706669657320776865746865722061206D7A
S214043180756C7469636173742062696E64696E67D2
S2140431902073686F756C6420626520757365642E91
S2140431A0007573654D756C74696361737442696EFA
S2140431B064696E671F0053656E64732061207072C5
S2140431C0652D6275666665726564206D756C7469D6
S2140431D063617374206D65737361676520746F2013
S2140431E06120676976656E2067726F757020494442
S2140431F02066726F6D206120676976656E20656E45
S21404320064706F696E742E0067726F757049641F00
S2140432107372632D656E64706F696E741F004372FB
S21404322065617465732061206D65737361676520DD
S21404323062792073706563696679696E672074685D
S21404324065207261772062797465732E20557365E4
S214043250207468652073656E6420636F6D6D616E9F
S2140432606420746F2073656E6420746865206D65D1
S2140432707373616765206F6E636520697420686187
S21404328073206265656E20637265617465642E20C2
S21404329045783A2072617720307830303046207B8B
S2140432A0303020304120303020313120323220334B
S2140432B0332034342035357D2073656E6473206185
S2140432C0206D65737361676520746F20636C757316
S2140432D07465722031352028307830303046292005
S2140432E06F66206C656E677468203820776869633B
S2140432F06820696E636C7564657320746865205A0B
S214043300434C206865616465722E00436C75737463
S214043310657249641F446174611F00526573657465
S2140433207320746865206E6F64652E005772697426
S21404333065732061206D6573736167652E00456E45
S21404334064706F696E741F436C757374657220497C
S214043350441F4174747269627574652049441F4D34
S21404336061736B1F4461746120747970651F4461D6
S214043370746120627974651F00526561647320610C
S214043380206D6573736167652E00456E64706F69A2
S2140433906E741F436C75737465722049441F4174C0
S2140433A0747269627574652049441F312069662009
S2140433B073657276657220646972656374696F6E8C
S2140433C02C203020696620636C69656E74206469FD
S2140433D072656374696F6E1F0053656E6473206153
S2140433E0206D6573736167652E0044657374696E3A
S2140433F06174696F6E1F536F7572636520656E64C2
S214043400706F696E741F44657374696E6174696F56
S2140434106E20656E64706F696E741F00536F7572EC
S214043420636520656E64706F696E741F004C697303
S2140434307473207768696368206F7074696F6E614F
S2140434406C206C6962726172696573206F662074A1
S214043450686520737461636B2061726520696D70A2
S2140434606C656D656E746564206F6E207468697330
S214043470206465766963652E005072696E747320E5
S214043480696E666F726D6174696F6E2061626F75C6
S2140434907420746865206E6574776F726B2073741D
S2140434A06174652C20636C7573746572732C20616B
S2140434B06E6420656E64706F696E74732E006F663A
S2140434C0667365741F005072696E747320696E6645
S2140434D06F726D6174696F6E20666F7220616C6CBA
S2140434E020617661696C61626C6520736C6F7473BD
S2140434F02E00526561647320726177206461746182
S2140435002066726F6D20666C6173682073746F72C8
S2140435106167652E004164647265737320746F205E
S214043520726561641F4E756D626572206F662062F7
S2140435307974657320746F20726561641F0050721D
S214043540696E747320666C6173682073746F72613D
S214043550676520696E666F726D6174696F6E2E00A2
S214043560457261736573207468652073706563695A
S2140435706669656420736C6F742049442E00537426
S2140435806F7261676520736C6F74206E756D62650B
S214043590721F00426F6F74732074686520696D61D2
S2140435A0676520696E207468652073706563696654
S2140435B069656420736C6F742049442E00434C493B
S2140435C020696E7374616E6365206578616D706CD6
S2140435D0650064756D6D795F696E7374005A434C4B
S2140435E020636F6D6D616E6473006261736963005E
S2140435F0676C6F62616C006D66672D636F6465004F
S2140436007573652D6E6578742D73657175656E6357
S2140436106500782D64656661756C742D72657370CB
S21404362000746573742D726573706F6E73652D6F99
S2140436306E00746573742D726573706F6E73652D8A
S2140436406F6666005A434C20626173696320636C3C
S214043650757374657220636F6D6D616E647300724A
S21404366074666400436F6D6D616E64207468617483
S2140436702072657365747320616C6C206174747257
S21404368069627574652076616C75657320746F2045
S214043690666163746F72792064656661756C742EF6
S2140436A0005241494C006C6F7765722D6D61632D35
S2140436B07261696C2D3830322E31352E342E63000B
S2140436C06C69627261696C2E6100756E636C616907
S2140436D06D6564006275666665722D6D616E616700
S2140436E0656D656E742E63006576656E742D7175F2
S2140436F06575652E63007A69676265652D757070F9
S21404370065722D6D61632E63006E65696768626F0E
S214043710722E63006173736F63696174696F6E2ED2
S2140437206300313832317300313432323100313291
S21404373031003273003132323131320031323231BB
S214043740310032383100383131003138323131000D
S2140437503132313131323132323231730031323238
S21404376000313231313232310031313131003232CE
S21404377038006D61632D6D756C74692D6E65747794
S2140437806F726B2E63006C65676163792D7061637D
S2140437906B65742D6275666665722E6300000102A1
S2140437A0030E312E312E322D3439326438356331DE
S2140437B001000100020303000600000000000300ED
S2140437C00000000013B779FAC925DDB7ADF3CFE0E2
S2140437D0F1B614B80102000000000000FFFFFFFF6E
S2140437E001000000010000000000000000000000CE
S2140437F000000000000000000000000000000000C0
S21404380000000000000000000000000000000000AF
S21404381000000000033F1F00B1FE0200ADFE0200E0
S2140438208BFE020059FE0200E9FE0200BBFE020007
S2140438305BFE02002C0000000202020300000000EF
S21404384001020000000801B4EC3804000008015A24
S214043850A838040000080040643804000000000093
S214043860000000000000FCFEFFFF00000000000057
S214043870FFFF000000000000FFFF00000000000043
S214043880FFFF00000000000040001806F4D200000D
S2140438902C00B0023DBE00001700F2000C7C0000B5
S2140438A00C0041009E4200006400FCFEFFFF000086
S2140438B000000000FFFF0000000000005A00F306AE
S2140438C0A554FEFF2100A301A1FEFFFF1100A600E0
S2140438D0832700000A006100DC26000006003B0087
S2140438E0F820000003001500AD130000C800FCFE1D
S2140438F0B4008B087BC0FBFF4D00E402E756FFFFD5
S2140439002C00A20183EBFFFF1A000301B31A000088
S2140439101100A300552900000A005E005A28000082
S21404392006003A0021220000040018007316000066
S21404393007ED030049A0030049A0030049A00300C3
S21404394049A0030049A0030049A0030049A00300BE
S21404395049A0030049A0030049A0030049A00300AE
S21404396049A0030049A0030049A0030049A003009E
S21404397049A0030049A0030049A0030049A003008E
S21404398049A0030049A0030049A0030049A003007E
S21404399049A0030049A0030049A0030049A003006E
S2140439A057A0030049A003006CA0030049A003002D
S2140439B049A0030091A0030049A0030049A0030006
S2140439C049A0030049A00300B9A0030049A00300CE
S2140439D049A0030049A0030049A00300D1A00300A6
S2140439E049A00300EFA003000B0000000B0000003A
S2140439F00200000000002020000000000300000079
S214043A008C8C3C0000000000000000000000000059
S214043A10000000581200000000000000FFFFFFFF37
S214043A20FFFFFFFF554E4B00474F200042544C000B
S214043A30474F3200474F3300474F3400474F350057
S214043A40474F3600474F3700474F3800474F390037
S214043A50474F4100474F4200474F4300474F4400FB
S214043A60474F4500474F46004A4D500042445200D7
S214043A705550520042544D004D534D0046544C0090
S214043A80554E4B00474F200042544C0042414400E0
S214043A9046544C00465243004F54410044534C0095
S214043AA04241500055504700544D4500464155008C
S214043AB0545A4600554E4B0050494E00454D34006E
S214043AC0554E4B0048562000554E4B004558500066
S214043AD04C574D00554E4B005242540044534C0034
S214043AE0454D3400554E4B0041535400554E4B0043
S214043AF056465900494E4800554E4B004C434B0021
S214043B0058544C004F424600554E4B004852440011
S214043B104D454D0042555300555347004442470017
S214043B20444D410056435400554E4B00555020001A
S214043B305250200041503000415031004150200086
S214043B404450200044454300243A0400283A040024
S214043B50803A0400B43A0400C03A0400C83A0400A8
S214043B60D43A0400E43A0400EC3A0400F83A0400B8
S214043B70083B0400283B0400554E4B0046494200CF
S214043B8042544C004558540050575200574447007E
S214043B9020535700435253004653480042414400C2
S214043BA0464C540042524F0001040103030601052B
S214043BB0010501090600060B0000070B050B0000B3
S214043BC000000000000000000400E40C0A000104E9
S214043BD0100100000005000200000300643E04001B
S214043BE0603E04004C3E0400483E0400443E04008C
S214043BF0403E04002E3E04001E3E0400043E040024
S214043C00FC3D0400F23D0400F03D0400D83D0400F1
S214043C10D53D0400CD3D0400BC3D0400AC3D04008D
S214043C209A3D0400803D0400783D04006C3D040089
S214043C30683D0400643D0400563D04004B3D04000A
S214043C40323D0400193D0400BD3C0400BC3C0400A5
S214043C50AC3C0400843C0400793C0400783C04003A
S214043C60643C0400000000000000000000000000A7
S214043C7000000000000000000F000000000000002C
S214043C80000000000000000000000000000000002B
S214043C90000000000000000000000000000000001B
S214043CA0000000000000000000000000010000000A
S214043CB00000000000000000000000000F000000EC
S214043CC000000000000000000000000000000000EB
S214043CD000000000000000000000000000000000DB
S214043CE000000000000000000000000000000000CB
S214043CF000000000000000000000000000000000BB
S214043D0000000000000000000000000000000000AA
S214043D10000000000000000000000000000000009A
S214043D20000000000000000000000000000000008A
S214043D30000000000000000000000000000000007A
S214043D40000000000000000000000000000000006A
S214043D50000000000000000000000000000000005A
S214043D60000000000000000000000000FFFFFFFF4E
S214043D70FFFFFFFFFFFF0000000000000000000040
S214043D80000000000000000000000000000000002A
S214043D90000000000000000000000000000000001A
S214043DA0000000000000000000000000000000000A
S214043DB000000000000000000000000000000000FA
S214043DC000000000000000000000000000FFFFFFED
S214043DD0FFFFFFFFFF9C0000FF0000000000000044
S214043DE0000000000000000000000000800000004A
S214043DF00000FFFFFFFFFFFFFFFFFFFF00000000C4
S214043E00FFFF0000000000000000000000000000AB
S214043E100000000000000000000000000000FFFF9B
S214043E20FF0000000000000000000000000000008A
S214043E300000000000000000000000000000000079
S214043E400000000000000000000000000000000069
S214043E500000000000000000000000000000000059
S214043E6000000000FC030101010101010101010140
S214043E700101010101000000000000010020000013
S214043E8000000001010000200204110404021110C5
S214043E901A080A021801081110111A080A04020D59
S214043EA00B19195C0110280B011400000000000017
S214043EB000000000000000000001010101010100F3
S214043EC001010101010101000001010100010001DD
S214043ED001000000000000000000000000000000D8
S214043EE000010000000000000000000000000000C8
S214043EF001FF010023E1010075E4010063E2010013
S214043F0063E5010062E1010079EB010064EE010063
S214043F1024E1010025E1010026E1010027E101007A
S214043F2028E1010029E101002AE101000000010066
S214043F308000010000010100800101000002010070
S214043F408002010020E201000003010000050100D8
S214043F5080050100000601002C890100800601008E
S214043F600007010001E5010002E501000008010068
S214043F70800801000040010086321010FFFFFFFF9A
S214043F80FFFFFFFF7DA9030083A9030089A903009F
S214043F908FA9030095A90300567777777777777705
S214043FA077777777777777775A6967426565416C6D
S214043FB06C69616E636530395A6967426565416C40
S214043FC06C69616E636530394E574B205374656572
S214043FD072696E67000095969595950507090D001C
S214043FE0000000000001020304060000FBC10300F9
S214043FF096D50300B0D50300C7D50300DAD5030071
S214044000EAD50300FED5030010D6030020D603002D
S2140440103CD6030051D603000208010D0D01010130
S21404402012010000FFFFFFFFFFFFFFFF000000007C
S2140440300000000001090501000200000000000362
S2140440401EF1EE0B5440040092E2030007ED030059
S214044050FE000000AEE20300B441040000000000CD
S214044060B8E20300A441040000000000C5E2030017
S2140440709441040000000000D2E2030084410400DE
S21404408000000000F0E2030070410400000000009D
S214044090E8E203005C41040000000000EFE20300D5
S2140440A04841040000000000FDE20300384104001B
S2140440B0000000006FE1030024410400000000003B
S2140440C0F6E20300144104000000000002E30300CB
S2140440D00041040000000000AEA70300F040040006
S2140440E000000000000000000000000000000000C7
S2140440F06715030013E3030050E30300010100FF08
S21404410089DC000079E30300BEE30300010100013B
S2140441100107FF0045DC00000BE4030076E403001F
S214044120010100FF85DB000097E40300B0E4030010
S21404413000010100FF00000079150300D5E4030028
S2140441402DE503000101FF006115030044E50300AB
S2140441509BE5030001010207FF0000005B15030056
S21404416044E503009BE5030001010207FF0000008D
S2140441705515030044E503009BE50300010102070F
S214044180FF00000039DB0000BCE50300FBE503008C
S214044190010101FFD9DA00001AE603005FE6030016
S2140441A0010000FF95DA00001AE603005FE603004C
S2140441B0010000FF1DDB000086E603008CE403001C
S2140441C000FF00004F150300DBE60300A711040000
S2140441D0FF000000491503004EE70300A711040082
S2140441E0FF00000075DA0000BDE7030032E80300B4
S2140441F000FF00004DDA00004AE80300ACE80300C4
S21404420000FF00003B150300BDE8030003E90300BC
S21404421002FF000015DA00000CE9030080E9030041
S21404422001FF00000000000080EC03001100000005
S2140442308CEC03001200000094EC03001300000052
S2140442409CEC030021000000A4EC03002200000004
S214044250ABEC030023000000B2EC0300AA0000004D
S214044260B9EC0300FF00000000000000FFFFFFFFA2
S214044270FFFFFFFF00000000000000000000010830
S2140442800109020A030B040C050D060E070F08109D
S21404429001180119021A031B041C051D061E071F1C
S2140442A008200121022203230424052506260727C5
S2140442B008280129022A032B042C052D062E072F75
S2140442C008300131023203380239043A08E004E1C6
S2140442D004E204E802E902EA04F008F1100000002F
S2140442E000000000040500004843040002000F001C
S2140442F07043040002000F009843040002000F00FD
S214044300C043040002000F00E843040002000F004C
S2140443101044040002000F003844040002000F009A
S2140443206044040002000F008844040002000F00EA
S214044330B044040002000F00D844040002000F003A
S2140443400045040002000F00000000002845040099
S21404435003000000400000000000000019000000F8
S2140443604C45040004000F0080000000000000001C
S2140443700000000028450400030000004000000080
S21404438000000000190000004C45040004000F0063
S2140443908000000000000000000000002845040023
S2140443A003000000400000000000000019000000A8
S2140443B04C45040004000F008000000000000000CC
S2140443C00000000028450400030000004000000030
S2140443D000000000190000004C45040004000F0013
S2140443E080000000000000000000000028450400D3
S2140443F00300000040000000000000001900000058
S2140444004C45040004000F0080000000000000007B
S21404441000000000284504000300000040000000DF
S21404442000000000190000004C45040004000F00C2
S2140444308000000000000000000000002845040082
S2140444400300000040000000000000001900000007
S2140444504C45040004000F0080000000000000002B
S214044460000000002845040003000000400000008F
S21404447000000000190000004C45040004000F0072
S2140444808000000000000000000000002845040032
S21404449003000000400000000000000019000000B7
S2140444A04C45040004000F008000000000000000DB
S2140444B0000000002845040003000000400000003F
S2140444C000000000190000004C45040004000F0022
S2140444D080000000000000000000000028450400E2
S2140444E00300000040000000000000001900000067
S2140444F04C45040004000F0080000000000000008B
S21404450000000000284504000300000040000000EE
S21404451000000000190000004C45040004000F00D1
S21404452080000000000000000000200120000000C1
S214044530080000000400422130000000C0450400CA
S21404454000FF420030000000000000000000F008F9
S21404455040000000E1450400010023044000000080
S214044560E945040006003001400000000000000099
S214044570FDFF2102400000000100000019000004B5
S21404458019000101190002041900030119000504A9
S214044590190006011900070404004100E5FC0000A8
S2140445A006004100711D030019008100D5190100A1
S2140445B0190084006124010000800000000000004F
S2140445C006435553544F4D00000000000000000001
S2140445D000000000000000000000000000000000D2
S2140445E000FFFFFFFFFFFFFFFFFFFFFFFF000401C9
S2140445F0040104010401040104010401040104018A
S214044600040104010401FFFFFFFFFFFFFFFFFFFF9C
S214044610FFFFFFFFFFFFFFFFFFFFFFFFFFFF00019E
S21404462002030405060708090A0B1F1C1F1E1F1E8B
S2140446301F1F1E1F1E1F07021F012F0037013F00EA
S2140446405701DF02E700FF02000000000000000040
S2140446500000000000000000000000000000000051
S2140446600000000000000000000000001FF303002C
S2140446701900000025F30300FFFF000000000000FF
S214044680F0F30300FBF3030007ED030003F4030059
S21404469011F4030007ED030024F403002FF40300D1
S2140446A03DF4030041F4030051F4030003C3030084
S2140446B061F4030065F4030070F403007AF4030065
S2140446C084F4030088F4030096F40300AAF40300B9
S2140446D0C0F403000080000000000000000000009A
S2140446E000000000FFFFFFFFFF00000000000000C6
S2140446F039A8010000000000000000000000F03FA0
S21404470000000000000024400000000000005940A3
S2140447100000000000408F40000000000088C340F6
S21404472000000000006AF8400000000080842E416B
S21404473000000000D01263410000000084D79741B7
S2140447400000000065CDCD417CC60300B45D0400C6
S21404475000000000E6FD0300A45D04000000000065
S214044760EBFD0300945D040000000000ECFD030074
S214044770845D040000000000FDE20300705D040098
S21404478000000000F0E203005C5D0400000000008E
S214044790F1FD03004C5D040000000000F7FD03007B
S2140447A03C5D040000000000FBFD03002C5D0400DB
S2140447B0000000000AFE03001C5D04000000000068
S2140447C027FE03000C5D04000000000030FE03001A
S2140447D0FC5C04000000000045FE0300EC5C0400E2
S2140447E0000000003ED40300DC5C0400000000006F
S2140447F055FE03009C5C0400000000005B020400FD
S214044800F85304000000000008F20300B853040044
S214044810000000005CFE0300F852040000000000E4
S21404482065FE0300FC5104000000000072FE030055
S214044830A44D0400000000008EF403007C4C040029
S2140448400000000079FE03007C4C04000100000018
S2140448507DFE03003C4C04000000000082FE0300C2
S214044860004B0400000000003BA10300004B0400C2
S2140448700100000072FE0300A44D040000000000C6
S21404488089FE0300A44D0400010000008EFE030010
S214044890CC4A04000000000098FE0300CC4A040042
S2140448A001000000A0FE0300FC4804000000000015
S2140448B0B3A80300C848040000000000000000007D
S2140448C00000000000000000D8480400A4FE030016
S2140448D007ED0300FE000000BCFE0300A054040025
S2140448E000000000300304009054040000000000A0
S2140448F00000000000000000000000000C49040056
S214044900C1FE030007ED0300FE000000D7FE03000F
S2140449102056040000000000DDFE030010560400CC
S21404492000000000E3FE0300005604000000000040
S214044930ECFE0300F055040000000000EDA50300A3
S214044940E055040000000000F7A30300A855040087
S2140449500000000005AD03009455040000000000AC
S214044960F6FE03008455040000000000F2A80300CD
S2140449707455040000000000FBFE030064550400A8
S2140449800000000002FF030054550400000000006D
S2140449909EB70300445504000000000007FF030010
S2140449A0984A0400000000000EFF0300404A04007A
S2140449B00000000016FF03000C4A0400000000007C
S2140449C022FF0300D8490400000000000000000095
S2140449D00000000000000000E84904002DFF03006A
S2140449E007ED0300FE00000077BD0300C05404007A
S2140449F000000000D5DE0300B054040000000000F0
S214044A000000000000000000000000001C4A040033
S214044A104EFF030007ED0300FE00000077BD030011
S214044A20E054040000000000D5DE0300D054040067
S214044A30000000000000000000000000000000006D
S214044A40504A040070FF030007ED0300FE00000058
S214044A508EFF030030550400000000007F040400AD
S214044A6020550400000000009DFF030010550400BC
S214044A7000000000A2FF0300005504000000000030
S214044A80A9FF0300F054040000000000000000002A
S214044A900000000000000000A84A0400AEFF030067
S214044AA007ED0300FE00000039BD0300CC550400EA
S214044AB000000000CBFF0300B8550400000000000F
S214044AC0000000000000000000000000DC4A0400B3
S214044AD0D3FF030007ED0300FE000000EFFF030012
S214044AE060560400000000008EF4030050560400D4
S214044AF000000000000000000000000000000000AD
S214044B00104B0400F4FF030007ED0300FE00000052
S214044B100D0004001057040000000000FAB903005A
S214044B20005704000000000016000400F0560400BD
S214044B3000000000EFFF03004056040000000000E1
S214044B401B00040030560400000000002800040087
S214044B50FC4B04000000000036000400C84B0400B0
S214044B600000000044000400884B0400000000001D
S214044B705CFE0300F8520400000000000000000081
S214044B800000000000000000984B04004D000400E4
S214044B9007ED0300FE0000002F360400E056040074
S214044BA00000000040360400D05604000000000058
S214044BB02BCE0300C05604000000000000000000D6
S214044BC00000000000000000D84B04006B00040046
S214044BD007ED0300FE0000009500040030570400B3
S214044BE00000000016EF0300205704000000000039
S214044BF00000000000000000000000000C4C040050
S214044C009C00040007ED0300FE000000B3A80300A8
S214044C106457040000000000D5DE03005457040067
S214044C20000000007F040400405704000000000059
S214044C300000000000000000000000004C4C0400CF
S214044C40BC00040007ED0300FE000000B3A8030048
S214044C509457040000000000DC000400845704009D
S214044C6000000000D5DE03007457040000000000B6
S214044C700000000000000000000000008C4C04004F
S214044C80E300040007ED0300FE000000FD0004003E
S214044C90C858040000000000C5BE0300B85804004D
S214044CA00000000030010400A858040000000000C2
S214044CB0EDA503009858040000000000FEA50300BC
S214044CC0885804000000000002010400785804001C
S214044CD0000000001A0104006858040000000000E8
S214044CE02301040058580400000000002A010400B0
S214044CF04858040000000000360104001858040058
S214044D00000000007F0404000858040000000000AF
S214044D1045010400F857040000000000EACE030032
S214044D20E8570400000000004A010400D8570400B5
S214044D300000000061010400C857040000000000E1
S214044D4075010400B4570400000000008501040047
S214044D50A45704000000000094010400704D0400F1
S214044D60000000000000000000000000000000003A
S214044D70804D04009901040007ED0300FE000000C6
S214044D80B00104003858040000000000B901040013
S214044D902858040000000000000000000000000086
S214044DA000000000B44D040007ED030007ED030007
S214044DB0FE000000C0010400385404000000000097
S214044DC0CD0104007C52040000000000D60104005B
S214044DD0BC51040000000000E901040088510400EE
S214044DE000000000F7010400545104000000000015
S214044DF00502040020510400000000001302040011
S214044E0088500400000000002402040060500400DF
S214044E100000000031020400C04F0400000000003F
S214044E203C020400684F0400000000004F02040027
S214044E30404F040000000000E1E10300DC4E0400E3
S214044E4000000000620204009C4E04000000000003
S214044E506D020400684E040000000000000000001C
S214044E600000000000000000784E040080020400E9
S214044E7007ED0300FE000000A4020400E858040046
S214044E8000000000AA020400D85804000000000035
S214044E90000000000000000000000000AC4E04000B
S214044EA0AE02040007ED0300FE000000E7BE0300A8
S214044EB01859040000000000E00204000859040029
S214044EC000000000EC020400F85804000000000093
S214044ED0000000000000000000000000EC4E04008B
S214044EE00203040007ED0300FE000000B3A803005D
S214044EF07C59040000000000D5DE03006C59040051
S214044F0000000000DBDE03005C5904000000000023
S214044F1077BD030048590400000000001E03040087
S214044F203859040000000000350304002859040022
S214044F300000000000000000000000000000000068
S214044F40504F04004103040007ED0300FE00000078
S214044F50660304008C5904000000000000000000F2
S214044F600000000000000000784F04006B030400FB
S214044F7007ED0300FE0000008F030400DC59040064
S214044F8000000000DC000400CC590400000000000F
S214044F909B030400BC59040000000000A2030400A4
S214044FA0AC59040000000000AF0304009C59040040
S214044FB000000000000000000000000000000000E8
S214044FC0D04F0400BA03040007ED0300FE000000FF
S214044FD0280204008C5A040000000000D7030400D2
S214044FE07C5A0400000000007CC603006C5A0400CF
S214044FF000000000AAD503005C5A0400000000006C
S2140450008F0104004C5A040000000000E7BE0300B1
S2140450103C5A040000000000DE0304002C5A04007E
S21404502000000000E90304001C5A0400000000000D
S214045030F60304000C5A04000000000006040400F2
S214045040FC5904000000000019040400EC59040094
S2140450500000000000000000000000000000000047
S214045060705004002B04040007ED0300FE0000004B
S2140450707CC603009C5A04000000000000000000E8
S21404508000000000000000009850040049040400DA
S21404509007ED0300FE000000E7BE03000C5B0400FF
S2140450A000000000AAD50300FC5A0400000000001B
S2140450B08F010400EC5A0400000000006C04040095
S2140450C0DC5A04000000000098FF0300E0500400CF
S2140450D000000000000000000000000000000000C7
S2140450E0F05004008304040007ED0300FE000000F3
S2140450F07F040400CC5A04000000000077BD0300BF
S214045100BC5A04000000000099040400AC5A0400D1
S2140451100000000000000000000000000000000086
S21404512030510400A204040007ED0300FE00000052
S214045130B3A803002C5B040000000000D5DE0300C7
S2140451401C5B0400000000000000000000000000DB
S2140451500000000064510400C204040007ED0300CC
S214045160FE000000E20404004C5B040000000000A3
S214045170F50404003C5B040000000000000000008E
S2140451800000000000000000985104000B05040015
S21404519007ED0300FE0000002B0504006C5B040012
S2140451A000000000FAB903005C5B04000000000085
S2140451B0000000000000000000000000CC510400C5
S2140451C03505040007ED0300FE000000E7BE0300FB
S2140451D09C5B0400000000005A0504008C5B04007D
S2140451E000000000720504007C5B04000000000060
S2140451F00000000000000000000000000C52040044
S21404520007ED030007ED0300FE000000830504001D
S214045210245204000000000000000000000000000B
S214045220000000003452040007ED030007ED0300FD
S214045230FE0000008F050400EC5B04000000000084
S2140452407FF40300DC5B0400000000009505040006
S214045250CC5B04000000000099050400BC5B04005D
S214045260000000009D050400AC5B04000000000084
S2140452700000000000000000000000008C52040043
S214045280AD05040007ED0300FE000000B3A803000C
S2140452906C5C040000000000C80504005C5C0400AC
S2140452A000000000DB0504004C5C04000000000065
S2140452B0D5DE03003C5C040000000000E8050400A2
S2140452C02C5C040000000000F90504001C5C0400CB
S2140452D000000000070604000C5C04000000000048
S2140452E018060400FC5B0400000000000000000038
S2140452F00000000000000000085304002506040017
S21404530007ED0300FE0000003F060400905604006C
S214045310000000007206040080560400000000002E
S214045320AD0604007056040000000000C406040025
S2140453308453040000000000CE060400505304000A
S2140453400000000000000000000000000000000054
S21404535060530400D206040007ED0300FE000000BC
S2140453602F360400B0560400000000004036040047
S214045370A05604000000000000000000000000002A
S2140453800000000094530400F106040007ED030037
S214045390FE00000012BA03008C5C0400000000004B
S2140453A07F0404007C5C0400000000000000000091
S2140453B00000000000000000C853040004070400B6
S2140453C007ED0300FE000000B3A80300CC5C040055
S2140453D00000000095000400BC5C0400000000000F
S2140453E016EF0300AC5C04000000000000000000A0
S2140453F00000000000000000085404001F0704001A
S21404540007ED0300FE000000AF030400E45D0400A3
S21404541000000000E7BE0300D45D040000000000A6
S2140454207CC60300C45D0400000000000000000009
S2140454300000000000000000485404003F07040079
S21404544007ED0300FE0000005D070400345E040060
S2140454500000000067070400245E0400000000004B
S21404546072070400145E040000000000FDE203005E
S214045470045E04000000000081070400F45D0400DC
S2140454800000000000000000000000000000000013
S2140454902D1503008C07040007ED0300FF00000031
S2140454A0291503009907040007ED0300FF00000018
S2140454B089E10000AB07040007ED0300FF000000CD
S2140454C025E10000D8070400A00F040001FF000037
S2140454D089E100001808040007ED0300FF0000003F
S2140454E025E1000046080400A00F040001FF0000A8
S2140454F0BDE1000087080400A808040000FF0000BF
S214045500BDE10000B10804000E0904000000FF001D
S21404551039E200001C09040035090400010001FFFB
S214045520A5E200005A0904009C0904000102FF00D9
S21404553039E20000B2090400E10904000100010296
S214045540FF000000B5DF0000120A04004E0A040043
S21404555007FF0000D5DF0000540A0400870A040091
S21404556001FF0000E9DF00008F0A0400DF0A0400E0
S2140455700100FF0045E00000F40A0400450B0400A7
S2140455800101FF0019E00000550B04008F0B040016
S21404559001FF000099E00000970B0400E00B0400F4
S2140455A0010000010707FF00D5E20000320C0400EA
S2140455B0870A040001FF0000D5E300007A0C04000B
S2140455C0BE0C0400010700010700FF008B15030052
S2140455D0130D0400590D04000107000101FF00002B
S2140455E05DE30000950D0400D00D0400010000FFEB
S2140455F02DE30000EE0D0400320E04000100FF004F
S214045600FDE20000450E0400320E04000100FF0017
S214045610A5E30000840E04008F0B040001FF0000C5
S21404562015E40000BF0E0400F00E04000100FF00A5
S21404563045CD000007ED0300FE0E0400000707FF3B
S214045640E9CC000007ED0300170F0400000707FF6E
S214045650F5D1000007ED0300230F040007FF000048
S214045660F5D1000007ED0300230F040007FF000038
S214045670DD14030007ED0300280F04000000FF00FC
S214045680D1D1000007ED030011E6030001FF00007E
S21404569099D1000007ED0300600F040000FF00002E
S2140456A0C9CC000007ED030007ED0300FF0000006F
S2140456B0C9CC000007ED030007ED0300FF0000005F
S2140456C0B314030007ED030007ED0300FF0000001A
S2140456D0B314030007ED030007ED0300FF0000000A
S2140456E0B314030007ED030007ED0300FF000000FA
S2140456F099CC000007ED0300960F04000101FF009B
S21404570085CC000007ED0300AB0F040001FF00008A
S214045710AF14030007ED030007ED0300FF000000CD
S2140457204DCC00007300040007ED0300FF000000EA
S2140457304DCC0000B50F040007ED0300FF00000089
S214045740CDCD0000D60F0400ED0F040000010000CC
S21404575007FF0000AB1403001310040007ED03005A
S214045760FF00000049CB00002D10040007ED0300E5
S214045770FF000000251503005B10040007ED03007E
S214045780FF0000001715030075100400F70E040050
S21404579000FF0000C9D400009A10040007ED0300BF
S2140457A0FF0000001DCA0000B410040007ED03004B
S2140457B0FF000000B1C90000D71004005411040013
S2140457C000000310FF0000008DCA0000A9110400A9
S2140457D01712040001FF000061CA00002C12040026
S2140457E06F12040000FF000075C900008012040058
S2140457F007ED0300FF000000A9140300AF12040025
S21404580007ED0300FF00000051C90000FB1204006E
S214045810F70E040000FF00001DC900003C1404003D
S2140458209114040000FF000001C90000AB1404003A
S21404583007ED0300FF000000E5C80000BB140400E9
S21404584007ED0300FF00000099140300CF140400C2
S2140458504D15040000FF0000B5C80000D81504006C
S21404586007ED0300FF00000071C80000F5150400F2
S2140458702016040007FF000031C800002A160400A2
S21404588083160400000500FFE9C70000361704006D
S214045890491704000002FF00C5C70000781704007B
S2140458A007ED0300FF000000991403008A170400A4
S2140458B0C417040000FF000059C700004A1804007B
S2140458C090180400000301FF49C7000030190400C3
S2140458D076190400000301FFD9420100161A0400D9
S2140458E007ED0300FF000000332103003E1A040006
S2140458F0B91A040002FF0000F5E700000E1B0400BE
S214045900A711040000FF0000C1E70000361B0400D6
S214045910A711040000FF000071E700004F1B0400FD
S21404592007ED0300FF000000E5340100681B0400D7
S21404593007ED0300FF000000BD340100B51B0400A2
S21404594007ED0300FF00000049340100E01B0400DB
S214045950061C040000010100010102FF21340100BD
S214045960851D0400AD1D040000FF00000134010085
S214045970D41D040007ED0300FF00000049330100B6
S214045980FE1D040007ED0300FF00000005200300D1
S214045990171E040007ED0300FF000000192801008D
S2140459A03D1E04006E1E04000002FF00671E030076
S2140459B0CB1E040007ED0300FF000000631E030077
S2140459C0F81E040007ED0300FF000000CD270100C9
S2140459D0131F04003D1F040000FF00008D25010076
S2140459E06D1F040007ED0300FF000000091101000D
S2140459F0801F040007ED0300FF000000F110010003
S214045A00981F040007ED0300FF000000DF1D0300DD
S214045A10B11F040007ED0300FF000000CB1D0300C8
S214045A20DE1F04005820040000FF00009924010033
S214045A309720040007ED0300FF00000089230100FF
S214045A400F21040007ED0300FF000000AD0F010066
S214045A505321040007ED0300FF000000910F01002E
S214045A607021040007ED0300FF0000000910010088
S214045A701B22040007ED0300FF000000FD0F0100D9
S214045A80A9220400EE22040000FF0000C90F010052
S214045A90252304007623040000FF0000F50D010012
S214045AA0A923040007ED0300FF0000008D02010097
S214045AB0D52304003E2404000000FF008D020100EC
S214045AC093240400F52404000000FF002D030100C5
S214045AD03A2504006D2504000002FF00391D03006A
S214045AE0C22504001026040007FF0000610401001C
S214045AF02C26040007ED0300FF00000075020100D9
S214045B00502604007526040000FF000081030100EF
S214045B10CE26040007ED0300FF00000045FC00004D
S214045B200B27040007ED0300FF0000000DFC000037
S214045B303527040007ED0300FF000000111C0300D6
S214045B4070270400DF27040000FF000069F500004A
S214045B5030280400AF28040000FF0000031C0300E4
S214045B60F52804004729040000FF0000E31B030097
S214045B708E290400DB29040000FF00003DEE00002F
S214045B80252A04005B2A040003FF000075EE0000CB
S214045B90962A0400DC2A040003FF000025ED00001A
S214045BA0322B040007ED0300FF0000006F1B030008
S214045BB0622B0400A02B040000FF0000691B0300F6
S214045BC0B02B0400A02B040000FF0000631B03009E
S214045BD0D72B0400A02B040000FF00005D1B03006D
S214045BE0FE2B0400A02B040000FF0000571B03003C
S214045BF0262C0400A02B040000FF0000331B030027
S214045C004F2C040007ED0300FF000000391B0300BF
S214045C10712C040007ED0300FF00000075EA000085
S214045C20992C0400D22C04000001FF00A1EA000015
S214045C30F32C040007ED0300FF000000351B0300EF
S214045C401E2D040007ED0300FF0000005DEA0000BF
S214045C50392D040007ED0300FF00000019EA0000D8
S214045C60542D0400812D040000FF000001EA00000A
S214045C709C2D040007ED0300FF00000049D200003D
S214045C80C72D040007ED0300FF00000049D2000002
S214045C90EE2D040007ED0300FF00000039C70000E6
S214045CA0FF2D040007ED0300FF00000005C70000F9
S214045CB0142E04003B2E040000FF000005C700005D
S214045CC04B2E04003B2E040000FF00009DC600007F
S214045CD0722E040007ED0300FF0000009114030079
S214045CE08D2E040007ED0300FF000000F9C200003B
S214045CF0B02E04001A2F040000FF0000D9C20000D2
S214045D003D2F040007ED0300FF000000C1DE000085
S214045D10A330040030310400010000FFA5DD0000BC
S214045D204D310400A131040000FF0000D9DD00005D
S214045D30B6310400083204000100FF0045DD00000F
S214045D401E3204000B3304000107FF009514030001
S214045D501B33040007ED0300FF000000A5D6000077
S214045D602C3304003E330400000101000007FF004A
S214045D709DD50000793304008A3304000001010035
S214045D80FF000000D9DD0000D9330400EA33040024
S214045D90010000FF15D50000D93304001C340400AC
S214045DA000FF0000797501002D34040007ED0300A0
S214045DB0FF0000002DC300007934040007ED030043
S214045DC0FF0000009341030007ED030007ED030006
S214045DD0FF0000004183010007ED030007ED030008
S214045DE0FF0000000583010007ED0300BE34040035
S214045DF002FF0000B18A0100C634040007ED030068
S214045E00FF0000003D8A0100F2340400153504004A
S214045E100200FF00154203003E35040007ED0300B0
S214045E20FF000000198A0100603504007E35040076
S214045E3002FF0000F1890100933504007E3504005A
S214045E4002FF000001000000244B002000000000B8
S214045E5000000000FFFF0000131B0300000000000A
S214045E6003000000FFFF0100F11B03000000000018
S214045E7004000000FFFF01007F1C03000000000078
S214045E8004000000FFFF0000031D030000000000E4
S214045E9006000000FFFF0000751D03000000000060
S214045EA019000000FFFF01000B1E03009905040003
S214045EB04066002000000000000000000000000013
S214045EC000000000EA350400305F04000000000013
S214045ED0F03504004440040000000000F7350400D8
S214045EE014420400000000003003040004420400CE
S214045EF00000000000360400F44104000000000026
S214045F0012360400E44104000000000021360400B8
S214045F10D44104000000000032360400C4410400EA
S214045F200000000000000000000000000000000068
S214045F30405F04004436040007ED0300FE00000042
S214045F405F360400585F04000000000000000000F4
S214045F50000000000000000027460300643604002A
S214045F6007ED0300FF03010001013F040201003FA7
S214045F70040202003D040202003D04010200010284
S214045F800003010002023D040201000202020100B5
S214045F900202000000202020202020202020282884
S214045FA028282820202020202020202020202020D0
S214045FB02020202020881010101010101010101010
S214045FC01010101010040404040404040404041040
S214045FD010101010101041414141414101010101CE
S214045FE00101010101010101010101010101010198
S214045FF010101010101042424242424202020202A4
S2140460000202020202020202020202020202020267
S2140460101010101020000000000000000000000017
S2140460200000000000000000000000000000000067
S2140460300000000000000000000000000000000057
S2140460400000000000000000000000000000000047
S2140460500000000000000000000000000000000037
S2140460600000000000000000000000000000000027
S2140460700000000000000000000000000000000017
S2140460800000000000000000000000000000000007
S214046090000000000000000000000000A001000056
S2140460A08013002000021000C04F0020201500209E
S2140460B00000020800000000FFFFFFFFFFFFFFFFD5
S2140460C0FFFFFFFF000000000000000000000000CB
S2140460D00000000000000000000000002000000097
S2140460E089B601001000000069B701000000000135
S2140460F0000001010001010120C001B800000000F9
S21404610000000000FFFFFFFFFFFFFFFFFFFFFFFF92
S214046110FFFFFFFFFFFFFFFFFFFFFFFFFFFFFFFF86
S214046120FFFFFFFF000102020303040506080C0C30
S2140461300C00010203040707C8C8C8C8C8C8C8C8F2
S214046140C8C8C8C8030404080808080800B801B882
S21404615002B800B0387D0400207D0400030404085F
S2140461600805000000000000000000000000000019
S21404617000000000EA06000048704C0F44700E0E43
S21404618030707E1302989A173870340F34705A0F92
S214046190307048102C7048102870D0112470E81104
S2140461A020703E0F1C70901218700C1314703A0F67
S2140461B0B110086001D80A7104B87F78020C7E78A2
S2140461C0641000C6881F00A01DB8707803B018605D
S2140461D00F3027B30F330111C04806987C0229B04C
S2140461E0086001D8087109DD047109BB1110166036
S2140461F0A048086004100112FF3221500860D048FD
S214046200086000880698381400C4441F00A000BA2A
S21404621003DF107109DF0672029836031DB8507842
S21404622000A04413281441158110086002D8147184
S21404623010880698201900C014C000B80698861B5B
S2140462400091069892020160B83020D806711EBCF0
S214046250637C784D5412F03240DE0472404804DB0E
S21404626008720DDD0C72044BEF3014480698F204E5
S21404627000C4E04000544412086201322140087C05
S214046280811140D91C72B1123032CF4A013AB1DAC8
S214046290107208D8067104D80871804C237C567096
S2140462A0684C441200C4A41E00A04414413AF324CB
S2140462B00164415C412A047580B800C460400054FF
S2140462C081D8367140D90472237C084B0698F204B0
S2140462D004BA1CB9767900C1204001B835797F210B
S2140462E06121007906B906A901D806710298100240
S2140462F0804C307C0298640208D86A7100C154400D
S21404630000B8141110D95E71584C441280BDA26DA9
S214046310FF25784C4412FC22513A2814104C00C233
S2140463200CC101B824122814086228140862281420
S21404633008622814304C304C00C11C4000B81411BC
S2140463401814086100C5284001B85415FF350471B7
S21404635010491814B04C44120862013206710298AF
S2140463600401804C08D80C7107BA24D8047106BA04
S214046370187004D80C7101BA40D80E7102BA0A70AB
S21404638005BA20D8047203BA204C4411C04C181421
S214046390086118149111383111429111186110D9FD
S2140463A00472EF3200C1084001B8141110311E61A6
S2140463B011422814A1110861181406986C1B1814AD
S2140463C000C1084001B814111861FF31181400C147
S2140463D0448001B81411181408611814308802484F
S2140463E006989403009308DB047101F800A027B014
S2140463F00F3000A01088B111186180D90A7100C14D
S214046400884000B80811009100A000C4684000B895
S214046410441000A000C0884000500411826104109B
S21404642082601050F07200A0541550451271069800
S21404643002050698920407B8707802B841781EBA26
S2140464405B7A5C7A5D7A00C220C001B82412069892
S2140464502A1900C5481F00A05415511400C3FF0193
S2140464600000313D09647F3406989C020158512887
S2140464700475015841280E758111086102D9047209
S214046480FF0FCC7007B8727800F8EBBD00C0441F4D
S21404649000A00411113D10D91271FF33186300C116
S2140464A0781002B8381107B97479581000A0069805
S2140464B092020D300472044809DC0472084800C1D4
S2140464C01CC101B8141100C3D01E00A091150435D8
S2140464D01A7218131CBB08D804716C7B04D8047198
S2140464E06A7B1DBB2F7C5B7B1670044B18131CBB8E
S2140464F008D804716F7B04D804716D7B217C0C3042
S214046500026006987E040698C40B00B8B1111861A0
S21404651040D906720298580401BC00C2084001B86B
S21404652000DC0A7124150265604A0A702C4A241598
S21404653008654C4A043508D90471202400C13C1F60
S21404654000A0141200DC327120D8067101B80C7059
S214046550F0DA0C720CDB087102B80698860448243C
S21404656000C3384101B834138F7B0E7102B99113FE
S21404657008DB047203B928707C4914111110FD302D
S2140465800DDC1C7200C0A01E00A0041080D8107180
S21404659000C0448001B80410E5200475804900C397
S2140465A0884000B8FFB80120114108710141181352
S2140465B00824014200C1284000B8141101411C659A
S2140465C05141911520351E6551411813281348135F
S2140465D000C3844000B8341003D81671073005DCB5
S2140465E01071B1108F780A7200C384C40350217BE3
S2140465F01DB8507800B800C13C1F00A014121C60DF
S2140466002150F0300152281100A04024076400C035
S214046610FFFF0100013C17B0022001584028067510
S21404662018AC01EC00A0208800C020C001B80412F9
S21404663017B4211304123052F8711964402400C3AD
S2140466405C1F00A0341014110698F60D1961009210
S21404665011592129067600BB11590698D60D876272
S214046660313B0472215A412A00A000C2686000B877
S214046670B8B91F610D49181200A0308801B911611C
S21404668000C30000C0FF3110312800BC002D0C757B
S214046690115418AC01EC312DF470196451134155A2
S2140466A0312C009300A000C3C00FFEFF50B2313A55
S2140466B0014250AA00A006983E07FFB086780871EB
S2140466C05CB86B786E7800C2548001B800C0D81FDE
S2140466D000A004100812B822217A237A52B841780E
S2140466E001B80C6021A809B819604CA800C0FFD1F5
S2140466F0C1FF4FB2013A00C0002E300001424FAA3B
S21404670024B86E78ACB9FFB004D804714CB923A988
S2140467100698A80500C01390010006982E0500A050
S2140467200698020519B81460FFB28C620F32826AAA
S214046730214006982E0549BC21B952B849B207DE55
S2140467402A7105DE0871627C607C1D0C61796778AD
S21404675064786B786278657863786078617C010C1D
S214046760010C6878020C69786C78020C00C22C80E4
S21404677001B8277A287A267A6A78050C41790A0CB1
S214046780B11040D806710298BA06784A2B7A327A43
S214046790584A247A00C400011100404A00C01084FC
S2140467A000000812508800C584100100FBAD10BD1F
S2140467B001BB8A6B21B9FAA9C44A1812217A227A33
S2140467C000C0341F00A00410FCA8826441103030BE
S2140467D00129F9A9F8ADFBB08260FBA80330A065D7
S2140467E02110044820EC237A0410037A184A241152
S2140467F0DC4A01580029241004753150F8B11150B0
S21404680081632A71514031400812FCB18461FCA9AD
S2140468100F310E7117B0112817B111591028FA76D6
S214046820C44AF9B11812217A227AA0700095081287
S214046830F8A800C20C8001B8207A844A00B808126E
S214046840020CA44A087A020C21B84178784A0B7ADA
S214046850127A00C2C81F00A0FFB008D80472184AF3
S214046860241000DC0A7140A80422241041A80698CB
S2140468709C0200C2481F00A02410015100C4FF015E
S214046880000041391150081200A006983E0700BCCB
S21404689000C20C8001B8217A52B84978020C4878B4
S2140468A0020C49B8417852AC21AC204A087A067AE0
S2140468B0077A49AC00A059B840785AB101D9FC729D
S2140468C0427857B8407858B101D9FC72427800A093
S2140468D000C20C8001B8217A227A21B8547852B8C2
S2140468E0BC4A24119979127107B915614CA96178CB
S2140468F000BB03BC0C64147009B919614CA9417837
S21404690001BB126300C4002E300000C0FFD1C1FFDB
S2140469104FB1013941414FA9E44AC8B8081224AB23
S2140469204CB823A80698A80500C004900100FFB13F
S21404693086790471084806982E0500C08009004030
S21404694040A809B8FFB108D9047103B853A8B11018
S21404695004D80C7156BB607B57BA627A607A02D848
S2140469600C7156BB607B59BA627A607A04B86E784A
S2140469703DB8607800C05638000000C1B08001B849
S21404698014119979087200C0D604000000C124C00E
S21404699000B814119F79047208484CA82EB8FFB1A9
S2140469A008D906714AA804704BA80FB834A800C0CA
S2140469B00C5E000046B2014246AA00C12C4001B853
S2140469C0141108610631087100B90698501106982A
S2140469D03E14B11101D90E710698921B02D90672A3
S2140469E00698A00C06983814511406989204069833
S2140469F02A110698641700A006984E1701D80A7143
S214046A001CB85B7807B8757800B84CA84AA84BA899
S214046A1000C0F321FFFF46B1013946A904B86F78D8
S214046A2000A0FABC1964415C512C00C0581F00A099
S214046A300410012C0675069892040698780FB11077
S214046A40186005D8327140BA06980E1404B86578F2
S214046A50911004D816711CB86E7800C0684000B84F
S214046A6021780698781101400A721DB84278069873
S214046A704A1402985E0B1DB8717804B86C7841B855
S214046A80427863784478FFB104D906720298CA093A
S214046A9000C004900100FFB1867904710848069886
S214046AA02E0500C32C1F00A000C274C000B8241416
S214046AB0481300BC48121C4B1C4A2414481300BC40
S214046AC04812084B584A2414481301BC48124ABAC0
S214046AD0447A427A4BBA447A427AFFB08678047291
S214046AE0617A4CBA647A657A3DBA607A4DB942B82E
S214046AF03FBB5B7966796179020C6479050C63792E
S214046B006079050C627965795A7900C2340102B855
S214046B10241305B819603140081242B86A78020C8A
S214046B204A78020C40BCFFB208DA06714ABA06700C
S214046B304BBA627A657A677A667A6A79667B02986D
S214046B40A40A00C32C1F00A000C274C000B82414FA
S214046B5048131C4B1C4A241448133FBC48121C4AB6
S214046B6000BC4812084B444A2414481301BC48127B
S214046B704ABA647A627A4BBA647A627AFFB3867BDC
S214046B800472617A4CBA647A657A3DBA607A01D93D
S214046B904E71647800C1708001B800C0800008009F
S214046BA008110698860B42B861784DB97F797E79CC
S214046BB06A7868786278020C7B790F0C7A79140C00
S214046BC07479417860787579050CFFB208DA067135
S214046BD04AB804704BB8657801BC1664407002D994
S214046BE03C710698860B42B84DB96878407841786F
S214046BF07F797E797B790F0C7A79140CFFB208DAE8
S214046C00087171794ABA067070794BBA7279657AE6
S214046C106A78020C4A78050C01BC1664020C4179A9
S214046C2040790C0C00C04C0102B848100698F204D7
S214046C3000C4784000B8007C00C0A01E00A0041168
S214046C4080D93271911104D92C727F20212004112D
S214046C50FD310DDD207200C0448001B80411E52129
S214046C60147600C0244001B804118A790871207C87
S214046C70104C207C2AB86278511400C0581F00A01B
S214046C800410012C17B001118768015841280E76AC
S214046C9005218769415C412D112D067006989204E2
S214046CA042B84DBB7C7B6478020C29B868785114D2
S214046CB0404406750698920442B844782AB8427846
S214046CC0FFB101D90C7100C1548001B8CBB80811CA
S214046CD0911004D8147100C0A01E00A0041080D81F
S214046CE0067107B8537800F807B800C1CC1E00A098
S214046CF000C220C001B824122811777800F8B11019
S214046D009478387106989C02E4B9115911280676CD
S214046D1000B80C70A0B9115901290475A0B8826096
S214046D2000C3C01F00A03413012B341000C3FFFFA0
S214046D3000FF42B13139114042A800A01DB091783D
S214046D40FA7142B86478020C00BA29AA00C45480C6
S214046D5001B842B84DB900C3C04001B83413977B9C
S214046D60047240EC020C44785C7953AA0A0C28148A
S214046D7042B84DB9FFB301DB2671244C00C3FF0FA4
S214046D80FF0138145479407841785579020C5B79C0
S214046D905A79140C5F795E794A784278347002DB4B
S214046DA01471527951795079020C5B795A795F796A
S214046DB05E791E7004DB1A7100C4FF07000000C36E
S214046DC0342102B848133FBB467B020C5B795A79E0
S214046DD03DBB407B4CBB447B457B00C3301F00A0BF
S214046DE03414403C207100C068C000B84810281312
S214046DF01C4B1C48341448102813144B44483414B1
S214046E00481028134AAA4BAA04B86D781DB85178BE
S214046E105CB84B784E7800A000C074C000B804116B
S214046E20108800B9181068480411108801B90B615D
S214046E3018102C4804111088008800C1231C000078
S214046E4018104AB864784BB86478260C28B000C189
S214046E50FFFF0FF0113871B90B61114028A828B94B
S214046E607379747900C21010303045AA54790E0C28
S214046E7000C0E84001B8041100C23030101045AA22
S214046E800E0C0410008810880698620D009100907D
S214046E9020888F618F600698620D0090886A214072
S214046EA00112906A035800C13F3F00001138FFBC2E
S214046EB0022441281138014245AA28B953794AB810
S214046EC044784BB8447800900091181000912C48F0
S214046ED0181000916848181000A0916843609169E2
S214046EE04361115B012B112841603128315B00BAE4
S214046EF0302806763128204A416330280676312821
S214046F00104A4163302806763128084A41633028FF
S214046F1006763128044A4163302806763128024A28
S214046F20416330280476014A00A0115910D906712D
S214046F300860086008D90471086004D90471046004
S214046F4002D90471026001D90471016000A000BA7C
S214046F5001D806710148112A1F61016001D8F67232
S214046F600138F67200A000C220C001B824121159DC
S214046F702129127300210E7100C238C001B82412F0
S214046F800121212900A002B020D8147100C0B01E2F
S214046F9000A0041002B9457906987613EA7003B087
S214046FA09F78087200B806A800F806983E0700C541
S214046FB0641F00A05088044D1CBC00C0B41E00A072
S214046FC0811101D91E71407C009501150C4D508825
S214046FD0044DFFBB1863315B04110698EE0D31298E
S214046FE0F8750698681A54150698921B01D9087203
S214046FF00698580706700698F4071CBB547B069838
S2140470004E1701D8067202981A0FFFB901211038DC
S214047010F67281129B7AF07100C2448001B824147F
S21404702000C0C01E00A0041001130020041040502D
S2140470300C7200B90698280F18B90A7018B9069881
S214047040280F00B900B806981E0F704A08B80698AC
S2140470501E0F00C2284000B814B806981E0F00C2BF
S214047060EC4001B80CB806981E0F202210B80698FB
S2140470701E0F1088308806985807009300910698CB
S214047080280F00C0C41E00A00412FFB9012121412C
S2140470901810009500F8312811280410081200A0D2
S2140470A004B831281128F8B1181000A006988008F2
S2140470B00E700698C40B06988008069872120698F6
S2140470C012079112211900C02C4001B80A780978D9
S2140470D000F810B901BA0698041406982A110698FE
S2140470E0641700C5641F00A081109D78FC7200F828
S2140470F0911203321CB900C3A01E00A0341300C4AE
S214047100B04000541DB84278707903DE06714478A6
S2140471103A707179A11020D806710298541080DB59
S2140471201C7102D8187205B80814A1101030024851
S214047130081400B808149110086008141DB8627882
S214047140A11000DC0676517900BA06984E1701D8CD
S2140471502272911120311D61911004D80E7200C163
S214047160501F00A0141101D90A71208806985011E6
S214047170009200C1204000B801DB1871084C03DE01
S2140471800471904C441400C3FF1F0000413BFF23CE
S2140471903811944900C3384101B83413086380DBBE
S2140471A00C7103BA186206983C10087018620698A8
S2140471B03C100C490879097914102140081100A0E4
S2140471C000BD0698760210B903DC047100B901BA52
S2140471D00698041402D9067100404E7203B1186171
S2140471E00F3106987811FFD82872811008D81871C4
S2140471F006DD0A710698760203DC0C720698BC114A
S21404720006984A140C7006DD10710698C211487070
S21404721020B804A806DD107206988008069812079F
S21404722001F840B804A800F800C0A01E00A004138B
S214047230086301DB227191100111186111381DB920
S21404724010D8087144790298541002DBFA72A1131C
S21404725028DBF47203BD06981E11069880081DBA32
S2140472607F7A0698F20400C5681F00A00698760286
S21404727000BA03DC1672044DA11002D804711C4D2A
S21404728000C10CC101B80698AE045415212D069809
S2140472903E050298AA08911001550335515001196C
S2140472A000A000C14C1F00A0141001D84271014870
S2140472B00860FE200E75811020D8087100C1501F8A
S2140472C000A0141101D9287100C02C4001B8041282
S2140472D0215108610F3118611152281000C008406E
S2140472E001B804119112215120311152211900A024
S2140472F0811380DB067201B800A000C314C001B875
S214047300341006302E726C4B34121C4B341018603A
S21404731002302072811080D8DE713410014A08626F
S2140473200460803021508C480A717F234D2334102A
S214047330013000A000BD06981E111CB84778457899
S214047340437802B8447800A0069880080698BC11D2
S21404735000C5741F00A0541506983E050298AA0896
S214047360B1138F7B0A7200C384C40350017B069852
S2140473703E1400C1384101B814118F790E7100C152
S214047380B84000B800BA06983C1050BA06980E14D6
S21404739006987811FFD84A71911004D84872811063
S2140473A008601CD8407220D938721112FF3221515D
S2140473B0347180218021111400C0D81E00A004134B
S2140473C0FFBA3151113A215111531DB938107B7946
S2140473D040440E7200B900C2AC1E00A0181206701B
S2140473E004B860780698381400F800B900C2A440BF
S2140473F000541812644A0AB918121CBA507A517A00
S2140474001DB942795F7900A00698760207DC1072EF
S214047410911000200A75069872120298660F069854
S214047420120701B9911004D8047100B910BA06986D
S214047430041400BA0040347100C0A01E00A0041159
S214047440086101D9127104D9E2728110086001D86A
S214047450DA711DB8647800C11CC101B80698AE0480
S21404746001B81160002A047600BA00C5781F00A08F
S2140474705415212D069872120698580700C57C1FCD
S21404748000A000F800BC811108D9167280D92072B9
S21404749001B910BA0698041400400E7101BC1070AD
S2140474A00698BC1106984A1420B804A800F8069852
S2140474B0721281110231127100B900C214400054D4
S2140474C01812244A02B918120698BC1100C5801F67
S2140474D000A054150698F01A0298AA08041101216F
S2140474E014711CBA737A042004122811042004119F
S2140474F00121F47200A00698F20401F806984E17CB
S21404750001D81671FFB9012110380E7281109B78CC
S214047510087104B9677900F8911010D8287100C56D
S2140475201CC101B854110698EE0D00C5C81E00A073
S21404753054155129EA7507B876781DB8447801B809
S21404754004A800F8B110186010D82E7100C050407E
S214047550005400C3084000B83114984C4411341148
S214047560086101D9FA7144122810086228100862CA
S214047570281008622810E8700298B0020698920252
S214047580113804721E6202BB00C1D81E00A014117A
S21404759020390C72911210DA0672417B00A006980C
S2140475A03E1400C2A01E00A0241220DA0472617BDE
S2140475B01CBA527A00A01CBA727A811204DAFC72DF
S2140475C000A01CB86B7800C0684000B82F7800A0F4
S2140475D006984E1701D83A7100C22C4001B8241000
S2140475E00360911120310151383111501D60081289
S2140475F01DB9457900C2448001B8241200C0C01EDB
S21404760000A004101820002004102050047165798E
S21404761010631EB9637900B902EC00CD114502EC83
S21404762000CC01DB087100BB0298D61803B84111E0
S2140476300731FA211C760621911210DA087102DD50
S21404764010721E7020B80698B20D3038147208B83E
S21404765006987E0400C02C4000B82978207800F8EC
S214047660056020D8067102980C1602EC00CA05B80C
S21404767023DA187104DBDA7120DAD67110DAD272E2
S2140476801EB8617800B801DA067202EC00C89111DF
S21404769010D9267100C1B81E00A014111150FF3075
S2140476A00C720761A110115002300A7180DB0A7255
S2140476B00AB89E701DB97C79186091111140211189
S2140476C0C031114001191EB8411108D904716678F9
S2140476D020D904726578A11002D80672C0DA1E7129
S2140476E01EB8273123DD087210DB1072607825DDA2
S2140476F00A7121DD087208DB0471627803B841114F
S21404770007310872A1152035AA7102DD2072A11175
S21404771020D9A07102D91672CCDA9872411140D9D8
S214047720927206B8054D5A720298AE142111404959
S214047730C0D94C71A03141154035026551410461F0
S214047740086308DA1E7204DA36721049A115023587
S214047750067110DB0E7201340A7108DB22711EB842
S2140477606778CC3211101A300ADC0872CCDE047149
S214047770FD3100C00D0F0C0D216001D85C7207B8F6
S2140477800298D81400BA411108D90C7102EC00CA48
S21404779005B830DAEC720734F031036101DA0471AB
S2140477A0014900C0F300A3E3216001D8D27100C0F0
S2140477B09814406821604030014440DA0471204C3B
S2140477C004320262204A111006301F60014218314A
S2140477D01D6111420298F614204A00C0051708508D
S2140477E02160113001422088FFBB0DDA507100C1C0
S2140477F0DE1B250180BC04DA107208DA0A7200C1A6
S21404780020841000E024A02408634143026401DAC3
S21404781006711E49024B00C0201F00A008633810E2
S214047820BC2002DA127101B91159A11380DB087168
S21404783000C100FCFF0118100298621800C4A01EC4
S21404784000A0441080D87C710092D0DA06710DDA5C
S2140478500C711EBD437DEFBD0698140304620DDA59
S2140478608672A11105D95C7100C2404000542412EE
S2140478701424281401D9067202D9327140D91E7113
S21404788002EC00CA211018320471FA2220D80472BD
S2140478900822FE22087502EC00C8F87001D90E71A1
S2140478A002EC00C802D9067204DC187200C0A01EDE
S2140478B000A004101D6001D806711EB8647807B8CD
S2140478C073780298D61800C0A01E00A0041080305A
S2140478D00A7100C0C41E00A0041000A006984E172B
S2140478E001D82E71911010D828728110A0D8227257
S2140478F003B084781C7200C12C4001B814100DBA71
S214047900487A697A6B7A08111CB87B7807B8757858
S21404791000A0641000C6881F00A0C3B806987C02A6
S21404792000C4441F00A014BA281400B8011AB110E9
S2140479308F780A7200C084C4035001789110103006
S214047940011905BA06980E1402D9067101B804A8DE
S21404795000C0A01E00A004130698641180DB067104
S214047960029858141DBA7C7A01DB6A7100C2241F7F
S21404797000A024111114FF3402EC00C8FF24FA7688
S21404798008610698C20D046111380F3004611114A1
S214047990011141100698C20D01D8087203B8029866
S2140479A0D8140C4A01DB2271241011281128041261
S2140479B002300471106200C0FFFF0000213800C2CC
S2140479C0204000B8FF200812411008600698C20D37
S2140479D001D87C7120BC1033767100BB00C1201F17
S2140479E000A01415C021112C511218620F320E710A
S2140479F0408851140698FA184143009451120865B9
S214047A001C620F320E71411151140698FA181C6448
S214047A1041430865513B00C1DC1E00A0141111123D
S214047A2031100F30127100BA056101D80471114289
S214047A3001600FD8F472311003601E30047201B86E
S214047A40003A087204B80298D8140298C41600C003
S214047A50384101B804118F7914717F20692004110C
S214047A600861303110DD06711DBA637A0698120378
S214047A7000F830885088FF34087102ECFF24F87050
S214047A8002EC00CD1410595001440421FF22F27276
S214047A900F4C0095009300A000C1A81E00A014116E
S214047AA000A030880698421B8111086102D906722C
S214047AB00298061A1CBB557B086120D906710298E9
S214047AC0F6190088A11018600698201908211415C4
S214047AD0FC251EBB5C7B5D7B00C1084001B814110D
S214047AE00731FE21307608D82A725113FC2334134A
S214047AF004DB20711863FF33315B00C110C000B88B
S214047B001411086180490C71FF31302954751EBB6D
S214047B107B7B10707B7B7C7B00DD04717D7B01BBF3
S214047B203815EC25541300DF5471042505DF547111
S214047B305415211120880698EE0D009251293E75A1
S214047B4000C1084001B8141102DB0C710731315B27
S214047B5031292A760C7004DF0872016180D91E72FE
S214047B600698201900C010C000B80698861B069810
S214047B7020191411FFD9607202984C1A00900093D1
S214047B8000A05415A111186110D9A672082508D8AA
S214047B90A071082510D89A71208821110698EE0D38
S214047BA0FC255412112AF82554110C2520D80871E6
S214047BB0F025541110252029047621591815009211
S214047BC00298B81907B97179811010D80A711CB8CF
S214047BD0447802B841781CB9747904B9677900F816
S214047BE08110A0D808711CB9497900A0086002D891
S214047BF0FA7106982019108806983E14106210DA56
S214047C00087108211415F025541100C20020FEFF47
S214047C10202912750698921B01D90A7206988008C4
S214047C200698120700941CBB41100C200698641397
S214047C3041110821141006986413312844111112B6
S214047C400861FF31FF3201221052107218611814B5
S214047C5004244413042438140C70186121411814A5
S214047C6008240814029838144044147100C1AC1E49
S214047C7000A0141551131C630FDB0C7219650698CB
S214047C800205411500A000C3784000B83413807B79
S214047C9006720698120706983E1408BB51140698F6
S214047CA0B01A4415FC25541500C3784000B83413A4
S214047CB0807B047100A002983E051CB900C3A01E78
S214047CC000A03413086308DB1A718113A0DB067165
S214047CD0497910706979086302DB087204B9677918
S214047CE000F800A08111086102D910711CB97579D9
S214047CF0069820191411FF3100A0FFB900A0041043
S214047D0008211411F421081100A08111106110310A
S214047D100E710698201908211411F821141100A0D8
S214047D20787F040000000000507D0400010000007D
S214047D300000000000F04902787F04000000000004
S214047D40747D0400010000000000000000F04902F9
S214047D50987D04004063598F404B4C000B000B0089
S214047D601A00FF7FD4660020000000001A82040078
S214047D7000000000887E04004063598F404B4C008E
S214047D800B000B001A00FF7FD466002000000000E2
S214047D901882040000000000FC1F01037881040020
S214047DA01CC0011000F807001CC0013014020800B3
S214047DB050C00100874130042440060107006200D9
S214047DC03870000000000000000000030068010F87
S214047DD040B8244058400101FC0069008040050179
S214047DE02363E0119BC34A74F00300000380000081
S214047DF0BE0A0000E040010133000000F040040128
S214047E00590B0000640483078813C83A90200A00BC
S214047E1028410101001E00003C410B0100148C00A7
S214047E20141A21282E343B42495043557698BA0CEE
S214047E3028690000010000000721286414171A00AE
S214047E402004C869A1203A093C4201012900000027
S214047E50A080020170780300D5C00000A88001113C
S214047E60F0010000A88001310542CB01AC8001116D
S214047E70F0010000AC80013105228D00B0800101C4
S214047E8000030002FFFFFFFFFC1F0103C88104007C
S214047E901CC0011000F807001CC00130F5020800E1
S214047EA050C001008741300C2440060107C0520030
S214047EB000000000000000000000000300000000B6
S214047EC000000000584001016402FF0080400501E4
S214047ED04B01A0089BC34A74F00300000000000096
S214047EE000000000E040010133000000F0400401FF
S214047EF000000000640483078813C83A9C200A0024
S214047F0028410101031000003C410B010000000061
S214047F100000000000000000000000000000000058
S214047F200000000001000000000000000000000047
S214047F3000000000000000003C42010100000000B8
S214047F40A080020170780300D5C00000A88001114B
S214047F50F0010000A88001310542CB01AC8001117C
S214047F60F0010000AC80013105228D00B0800101D3
S214047F7000030002FFFFFFFF0C4002000180140014
S214047F807F400000204002000000000000000000C7
S214047F903040070000000000000000000000000061
S214047FA0000000000000000000000000A007000021
S214047FB050400100000000005C4002000000000089
S214047FC000000000A840010007000000B4400400C0
S214047FD000400000FF4C000000410000FF4D000080
S214047FE008C001000000000020C00110FF000000CF
S214047FF020C001300043000024C00400EC80B3031A
S2140480004375A802000000002E02000054C00300BE
S2140480100E2D09E654060708D1B6020064C008000F
S2140480200430000040201006C8F248181FE8F60086
S214048030BD4B721511A3180510325476980A000029
S21404804088C00100000000000800010104070000C9
S214048050180001010000000020000101088400004F
S2140480601C4002011000000020F913045C400501C6
S2140480704108000001000000B0070800A700000047
S21404808000000000944007010101103050707F7F0B
S21404809000000000000000000000000000000000D7
S2140480A000000000E440010100000000EC40010173
S2140480B07DA8D98B0041020100612000B756351215
S2140480C00C410301F95412002030042988BB4000F7
S2140480D02441010100000000304103016406660CDF
S2140480E00C010000E853FA006841030164048307A6
S2140480F088138200000000003042030100000000E4
S2140481000000000E000000004442010100000000D0
S214048110108001010300000038800201114910009C
S2140481200100000088800101000000009C8001011D
S214048130EB400200B480010137000001880002020F
S214048140000C00044C00000094000102000400002F
S214048150D00002020E00000090029608E40001021D
S2140481603D094204F4000102000000001801010267
S21404817060005102FFFFFFFF120000006666660003
S214048180000000002C8204001C8204000000000092
S214048190001A9A00005A620280841E000420FE0020
S2140481A0114950020000000000000000000000001A
S2140481B00000000000000000B1841E000000000063
S2140481C00000000000000000120000006666660062
S2140481D0000000002C8204001C820400000C000036
S2140481E0001A9A00005A620280841E0004200000CE
S2140481F011495002000000000000000000000000CA
S2140482000000000000000000B1841E000000000012
S214048210000000000000000005040000E119000052
S214048220E11900000000000000000000193F0106EC
S21404823004100100000101060010270000090000D8
S2140482400000000000000000CDBF01007DBF01005B
S21404825089BF010079C00100E14B03007B51030094
S2140482607F51030083510300875103008B510300A1
S2140482700001030464EE01001000000024E1010084
S2140482801A00000079EB01001100000075E40100FB
S2140482901100000063E511000400000023E1110052
S2140482A00400000025E101000800000026E10100AA
S2140482B00A00000027E101000200000000000000A0
S2140482C000000000258404001F8404000000000051
S2140482D026840400DF46040000000000D94604009B
S2140482E0DB46040000000000DD460400FD830400B5
S2140482F02B840400E0460400DA4604000000000074
S214048300DE46040018830400D7460400D84604005A
S214048310DC460400D6460400000203040508090AE5
S2140483200B0001020304051D2000B401080202002C
S214048330AA00FFFFFFFFFFFFFFFFFFFFE96E03003A
S214048340E51C020061480200B1E50200714B020020
S2140483504F58030051580300535803005558030060
S21404836071AC02000D85020051C602005DDF0200FA
S2140483708139020049580300AD8702004B580300B8
S214048380852D02004D58030049410300793202004E
S214048390B9160300000000000013000000000000EF
S2140483A00000000001000000398B020002000000FB
S2140483B04769030003000000918A020004000000DD
S2140483C0C168030005000000318A020000000000B6
S2140483D0000000000023001B2200FF000000000035
S2140483E00C090202000000001C1A0B0303FF060817
S2140483F00402020204020A0B030302030480FF02BF
S21404840004FF010101010800000000000000005AFA
S2140484106967426565416C6C69616E636530398075
S210048420008F8E8C80808006080C108074
S20C04842CB0C8FB7F010000004C
S21004843440840400D0620020C401000054
S2140484400000000000000000FFFF00000100000024
S2140484500000000000000000000000000000000013
S2140484600000000000000000000000000000000003
S21404847000000000000000000000000000000000F3
S21404848000000000000000000000000000000000E3
S21404849000000000000000000000000000000000D3
S2140484A000000000000000000000000000000000C3
S2140484B000000000000000000000000000000000B3
S2140484C000000000000000000000000000000000A3
S2140484D00000000000000000000000000000000093
S2140484E00000000000000000000000000000000083
S2140484F00000000000000000000000000000000073
S2140485000000000000000000000000000000000062
S2140485100000000000000000000000000000000052
S2140485200000000000000000000000000000000042
S2140485300000000000000000000000000001000031
S2140485400000F001080000000810002001002301CC
S2140485500400000010100020060030010100000096
S21404856014100020FFFFFFFFC0EA2101C0EA21012A
S2140485700080000000F049020C64002000600B003C
S2140485800080000014340020C8000000FE00000034
S214048590000000001838040018100020FFFFFFFF3A
S2140485A0C83B04003300000041E60000330000002E
S2140485B0FD1A030082B4030086B4030093B40300D8
S2140485C0A0B40300ADB40300BAB40300CDB40300F2
S2140485D0DFB40300ECB40300F9B4030006B50300EB
S2140485E01BB503002EB5030040B5030055B50300C4
S2140485F064B5030075B5030084B5030094B50300A1
S214048600A0B50300ADB50300BDB50300CFB50300A8
S214048610DEB50300EDB50300F6B503000BB60300A4
S21404862020B6030035B6030055B6030063B6030050
S21404863082B603009DB60300B0B60300BDB60300C1
S214048640D2B60300E1B60300F0B6030002B7030097
S21404865014B7030027B703003AB7030050B7030064
S214048660000000000F00000087B903009EB9030055
S214048670FF000000000000000000000000000000F2
S21404868000000000000000000000000000000000E1
S2140486900030E70400C81803FBC1030000C203004F
S2140486A02DC2030058C2030086C20300B4C20300EE
S2140486B0E3C2030010C3030040C3030070C30300F7
S2140486C0C0C30300FFFFFFFF00F80300FFFFFFFF28
S2140486D00000040000000400005C2605706500200D
S2140486E0060000004C5E04000000000001001900B3
S2140486F001000000FC3F00200100190001000000FA
S214048700FC3F00200100190001000000FC3F00208F
S2140487100100190001000000FC3F002001001900C0
S21404872001000000FC3F00200100190001000000C9
S214048730FC3F00200100190001000000FC3F00205F
S2140487400100190001000000FC3F00200100190090
S21404875001000000FC3F0020010019000100000099
S214048760FC3F00200100190001000000FC3F00202F
S2140487700100190001000000FC3F0020084400200E
S214048780000000000000000048470400244B0020BE
S21404879024660020E44D0020D235040006000000C4
S2140487A0000000000000000000000000AC5E0400B2
S2140487B0C45E0400DD35040007ED0300FE0000007F
S2140487C05466002000000000F44D00205C4E00209B
S2140487D0C44E00200000000000000000000000005E
S2140487E00000000000000000000000000000000080
S2140487F00000000000000000000000000000000070
S214048800000000000000000000000000000000005F
S2140488107347030098600400FFFFFFFFB74A030096
S214048820B34A0300FFFFFFFFBB4A0300FFFFFFFF3F
S214048830F9EA0100FFFFFFFFFFFFFFFFFFFFFFFF57
S214048840FFFFFFFFFFFFFFFFFFFFFFFF000000002B
S21404885020A1070000000000258803000000000097
S21404886000000000000000000000000000000000FF
S2140488700000000000000000000000000454002077
S214048880F5120200692C020007ED03000000000048
S2140488900000000000000000000000000454002057
S2140488A08D1902000000000007ED03000000000020
S2140488B00000000000000000000000000454002037
S2140488C0B5230200692C020007ED03000000000037
S2140488D0000000000000000000000000CA3604008B
S2140488E0045400200D3E02000000000007ED0300C3
S2140488F0000000000000000000000000000000006F
S21404890004540020114702000000000007ED030095
S214048910000000000000000000000000000000004E
S214048920045400206D5702000000000007ED030009
S214048930000000000000000000000000000000002E
S214048940B80B0000045400204D5B02000000000039
S21404895007ED030000000000000000000000000017
S21404896000000000045400202D64020000000000F3
S21404897007ED0300000000000000000000000000F7
S21404898000000000045400209D6502000000000062
S21404899007ED0300000000000000000000000000D7
S2140489A00000000004540020835E03000000000062
S2140489B007ED0300000000000000000000000000B7
S2140489C00000000004540020E568020000000000D7
S2140489D007ED030000000000000000000000000097
S2140489E00000000004540020896D0200000000000E
S2140489F007ED030000000000000000000000000077
S214048A0000000000045400204B6B0300000000002C
S214048A1007ED030000000000000000000000000056
S214048A20000000000454002001C6020000000000FC
S214048A3007ED030000000000000000000000000036
S214048A40000000009370030004540020CDDF0200F1
S214048A50692C020007ED030000000000000000007F
S214048A600000000000000000045400203DE6020060
S214048A700000000007ED03000000000000000000F6
S214048A800000000000000000FFFFCEFAEFBEFFFF6C
S214048A90FDFFFDFF0C002C01001E2C01400680008B
S214048AA0FFFF04F8FFFF0C00000000000000400079
S214048AB0FDFF2C019C000000FFFFFDFFFFFFFFFFF2
S214048AC060EA8000800010C1CDAB3201FFFFFFFFDB
S214048AD0FFFFFFFFFFFFFFFFFFFFFFFFFFFFFFFF9D
S214048AE0FFFFFFFFFFFFFFFFFFFFFFFF01FF05FF85
S214048AF0FFFF0101FFFF0201FFFF640250FF0F02A8
S214048B0008031E050216010A0C05200705100101BC
S214048B100F080101010104FF030101FF0C01FF40DE
S214048B205AB47F0150403000FFFFFF0B03FF050BD4
S214048B3001030105020201FFFFFFFFFFFFFFFF0124
S214048B400102FFFFFF010000BD4C0000954C000031
S80400746D1A
