S01B00006275696C642F72656C656173652F7A69676265652E73333714
S2140040000810002071740000FDB6000085F702005D
S21400401085F7020005B700000DB7000085F702001F
S21400402085F7020085F7020085F7020085F7020093
S21400403011B70000D437040085F7020085F70200A8
S21400404085F7020085F7020085F70200896F0000F9
S21400405085F7020085F7020085F7020085F7020063
S21400406085F7020085F7020011BC000085F7020004
S21400407085F7020085F7020085F7020085F7020043
S21400408085F7020085F7020085F7020085F7020033
S21400409085F7020085F7020085F7020085F7020023
S2140040A085F70200397800001D78000085F70200C9
S2140040B085F7020085F7020085F70200ED0F020083
S2140040C06551030061510300510702007B51030054
S2140040D069510300AD0F02006D510300E1F30100CA
S2140040E02D10020085F7020085F7020085F7020012
S2140040F085F7020085F7020085F7020085F70200C3
S21400410085F7020085F7020085F7020085F70200B2
S21400411085F7020085F7020085F7020085F70200A2
S21400412085F7020085F7020085F7020085F7020092
S20800413085F7020008
S214004134F0B5114A114C124E00F00105E3695F0711
S21400414413D40DB9334213D103EA00078F4207D1C3
S2140041540B4A1A40002A14BF6FF001000020F0BD7D
S214004164013AEBD16FF00200F9E74FF0FF30F6E7C3
S2140041746FF00100F3E700BF80969800000003503C
S214004184020001000B4B70B5D96911F480310DD1D2
S21400419401244FF48072084E084DF46020462C64C7
S2140041A41A61FFF7C5FF3464EC6070BD6FF0010060
S2140041B4FBE700BF0000035000100350002003502C
S2140041C438B541F6713301220C4C0021E569E363EE
S2140041D40B4B05F48035DA600223606121202361ED
S2140041E4FFF7A6FF10B92120FFF7A2FF0122054B17
S2140041F4DA600DB10023E36338BD00BF000003504E
S214004204001003500020035070B5134C6061E3693E
S2140042145B071ED40E4656F8043B8D18A361AE42C7
S2140042240BD10423002121202361FFF781FF58B915
S214004234BDE870402120FFF77BBF08210846FFF742
S21400424477FF10B10423236170BD56F8043BA361C5
S214004254E5E74FF0FF30F7E7000003502DE9F84399
S214004264154641F67132164B8946DF69DA63012238
S214004274064603F58053DFF8508007F48037DA608B
S21400428455B9284601220F4BDA601FB10022A3F568
S2140042940053DA63BDE8F88306F5005404EA08041C
S2140042A4A41BAC4228BF2C46494622463046FFF79C
S2140042B4ABFF0028E6D12644A1442D1BE0E700BF4F
S2100042C4000003500020035000E0FFFF45
S2140042D02DE9F04F4FF0FD0BC9B09A460DF11B09C2
S2140042E09DF8503108AFCDF80C90CDF808B0019786
S2140042F0059303890446009383790E4690464188C9
S2140043008288407811F0BEFB054650B10090A38825
S214004310002062883A4911F0F9FE284649B0BDE807
S214004320F08F99F800002EF06DFA38B12846A38871
S2140043306288344911F0EAFE8D25EEE75A46394682
S21400434099F800002EF006FA8346002851D0529BBA
S2140043501BB1BDF84C3198424BD8002399F8009019
S2140043600793A9F14102012A5FFA8BF123D8384658
S2140043700139254ADFF898C05FFA81FE734513DBE2
S214004380059B04210792C3B907AF18221F489FED6B
S2140043901A7B02FB060420460A460830394684ED9E
S2140043A0027B16F0DBFB11E010F8011F01335140D1
S2140043B00CFB01F2E2E7059B33B123464A4638463A
S2140043C000960FF0E1FAA8E70829DED9B8F1000F49
S2140043D001D088F80090BAF1000F01D0AAF800B01A
S2140043E0529B002B99D05A46184608A916F0B6FBE1
S2140043F093E7012591E700BF0000000000000000E1
S214004400CBE0030000E10300C59D1C818010002066
S21400441093010001000000002DE9F04F93B0CDE9B4
S2140044200A32DDE91C530E9353EC102BCDE908013C
S214004430104619468DED060B1E9E15F019FE80B12E
S214004440DDE906014FF0FF32C54B15F039FE40B9E5
S214004450DDE906014FF0FF326FF4801315F012FE0F
S21400446070B1DDE908019DED060B0E9B1E96CDE9A9
S2140044701C53DDE90A3213B0BDE8F04F00F088B9EE
S2140044800022DDE90601002315F0FCFD002800F0FF
S2140044903381DDE906A303F1004BCBF30A5016F493
S2140044A08063A0F2FF3008BF06250F9315F00EFBC1
S2140044B09BA3D3E9002315F073FB9BA3D3E900234A
S2140044C015F0B8F9CBF31304894644F07F518046C3
S2140044D00022A44B504641F4401115F0A9F994A3CC
S2140044E0D3E9002315F05CFB02460B4640464946DE
S2140044F015F0A0F915F0EEFD044615F0E7FA8EA3C8
S214004500D3E900238046894615F04AFB0022964BE5
S21400451015F090F915F0DEFD89A3D3E900230746D0
S2140045204946404615F03CFB80463846894615F01D
S214004530CDFA85A3D3E9002315F032FB02460B46DD
S2140045404046494615F074F902460B46CDE90C2361
S21400455015F026FBDDE90C238046894610461946F1
S21400456015F068F90022CDE91001804B4046494617
S21400457015F040FC00227E4B15F05CF902460B4617
S2140045804046494615F036FC00227A4B15F052F9A3
S21400459002460B464046494615F02CFCDDE90C2346
S2140045A08046894600204FF0804115F041F90246CA
S2140045B00B464046494615F03DF902460B46DDE9F6
S2140045C0100115F017FC07F2FF3700226A4B15F0B2
S2140045D031F900223B0515F0E3FA52465B46804669
S2140045E0894615F06DFD002840F08980CDE90C89DC
S2140045F004F16303C62B8CBF0527042731051BD5A2
S21400460053A3D3E900235046594615F04FFD002822
S2140046107FD051A3D3E900235046594615F032FD0A
S214004620002876D00027A542C6BF2C1B04F1FF3514
S21400463000253C4646F480660E9B9F422CBF4FF0FA
S2140046400008A3EB070816F0020903D0002F18BFD6
S2140046504FF000083CB1DDE90C235046594615F0F2
S214004660C9FB82468B46DDE906010022002315F0D1
S21400467009FD10B10BF100439B46DDE9080126F465
S2140046800063CDE90183DDE90A324BEC10AB0095FF
S21400469000F07EF802465FB3DDE9091316F0200F3E
S2140046A000F10105089E0CBF65204520B047DDE9F6
S2140046B008010523002205930A23002CCDE90232C7
S2140046C007F1FF374FEAD473B8BF64422A46019316
S2140046D004970A9B00942FF0B3FE0246B9F1000F30
S2140046E006D00B9BC41A0B9B1A190E9BA34245D8E7
S2140046F0104613B0BDE8F08FDDE906ABCDE600222C
S214004700404649461A4B15F075FB013CCDE90C01B5
S2140047106EE7002D90D00F9B002B8DD0013D8BE7D0
S214004720FB799F501344D33FB3C8608B288AC63F9B
S21400473061436F63A787D23F71A379094F930A40FD
S2140047401655B5BBB16B0240EF39FAFE422EE63F76
S2140047502D431CEBE2361A3F0000000080842E41F9
S214004760FFFFEF7F0000F83F0000E03F00002C4016
S21400477000002440000018400000F03F2020DDE943
S2140047800913089DA8470134ADE700BF00000000EC
S2140047902DE9F04F5BEC10AB97B0CDE90501DDE9F4
S2140047A02058CDE90723504652465B465946229F7D
S2140047B015F05EFC70B90323CDE902870193AA4B7E
S2140047C00093DDE90501DDE907232FF06BFD17B047
S2140047D0BDE8F08F4FF0FF326FF480135046594615
S2140047E015F050FC28B10423CDE9028701939F4BB6
S2140047F0E6E74FF0FF32504659469D4B15F060FCF9
S21400480068B19C4A07F00403002B08BF03229A4BAA
S2140048101CBF13460422CDE902870192D0E750461A
S2140048208DA3D3E90023594615F04AFC38B98CA36A
S214004830D3E900235046594615F024FC68B1DDE95B
S2140048400723DDE905014BEC10ABCDE92187209568
S21400485017B0BDE8F04FFFF7DFBD0022002350463B
S214004860594615F00FFC002800F091805B46524632
S2140048700020002114F0DCFF012382468B460993BA
S21400488017F4806400F08580092D40F285800024AE
S21400489030210EABA5F109020134202C03F8011BD0
S2140048A0A5EB040901D09442F6D15946504615F0BE
S2140048B011FC724B054603EBC90393ED007B8DEDAF
S2140048C00A7B15F003F902460B465046594614F08B
S2140048D0AFFFDDE90A2315F063F902460B46CDE982
S2140048E00C2315F01FFC064615F0E0F802460B46B2
S2140048F0DDE90C0114F09CFF02460B46CDE90C23C3
S21400490000225F4B15F0DCFB002848D0013630460D
S21400491015F0CCF802460B46DDE90A0115F0BCFBA3
S21400492008B100260135B9F1000F45D1284615F02B
S214004930CDF802460B465046594614F079FF002241
S2140049404F4B15F09FFB10B9E90700D501350A213A
S2140049500EAB1A19202C0AD095FBF1F001FB10556E
S214004960303502F8015B013405460028F2D107F025
S2140049700302012A55D1B8F1000F52D0099A12B994
S21400498017F00C0F01D008F1FF38302240E00990F4
S21400499076E74FF0060988E7A946002485E7002257
S2140049A0DDE90C01364B15F06DFB0028BBD10EB1CE
S2140049B0F007B8D50136B6E70A210EAB1A19202C37
S2140049C00DD0B6FBF1F001FB1063092E03F13003A6
S2140049D009F1FF3904F1010402F8013B11D8302136
S2140049E0A1440EAA202CB2D04C4504F101030AD1F2
S2140049F004F158020DEB02042E2204F8202C1C466B
S214004A00A5E70646DBE7A1541C46EBE71A5501343A
S214004A10444506D2202CF9D1CDE9028701940EAB8D
S214004A20CEE6202CF8D0099B3BB12D2204F158038A
S214004A306B4403F8202C0134EEE77A0704D504F122
S214004A4058032B226B44F4E73B07E5D504F15803E3
S214004A5020226B44EDE700BF0000000065CDCD418D
S214004A600000000065CDCDC1EEFD0300F2FD0300A1
S214004A70FFFFEF7FE5FD0300EAFD030008470400A3
S214004A800000E03F0000000070B58EB02C22002130
S214004A9003A815F0D3FE64234FF002320893CDE945
S214004AA005230B2301218DF834305B4B8DF8101055
S214004AB01D880D4040F0A980084633F01DFD0A22EF
S214004AC0564B574C1A704FF42873ADF812304FF00F
S214004AD0FF332360534B54491B8820460B82534BAD
S214004AE0534A1B68CD828B61524B0D621B884B82EA
S214004AF0514B1B68CB611CF00FFB20B14FF41B71B0
S214004B004E4834F091FD052120682FF08CFE20B130
S214004B1040F27D21494834F087FD206814F044FEB9
S214004B20474B206819682FF041FF0C2534F04CF9EC
S214004B306843099034F048F968430DEB0501079087
S214004B40206816F03DFD20B140F295213B4834F038
S214004B506BFD25681EF018FD0022014628462FF042
S214004B609DFF20B140F29721344834F05DFD40F2BD
S214004B700353344D344E2B80052396F90000AB705A
S214004B807F2801D11CF0BEFB3378EB7034F01CF9A3
S214004B9000EB80008000A88034F016F90023C000E7
S214004BA04FF0FF31E880AB604FF0FF3018A3D3E939
S214004BB0002333F0F3FD254920682FF028FF2068F6
S214004BC002A930F044FB20B14FF434711B4834F096
S214004BD02BFD042220680DEB02012FF0BCFE0428FA
S214004BE004D040F2D721154834F01EFD01A901205B
S214004BF02FF0BDFA06F0C6FD01201DF007F82BF0D9
S214004C001DFB1DF02DF81CF015FB0EB070BD00BF8F
S214004C100A0020FF42030000125900203D600020D9
S214004C2038530020B6600400E8660020BC6004002C
S214004C3021850300B4600400B8600400B7360400A1
S214004C40306400202C530020B269002095850300B4
S214004C500348044B834202D0034B03B11847704706
S214004C60E0690020E069002000000000064B0749CC
S214004C70C91A891048BF0131491003D0044B0BB143
S214004C8001481847704700BFE0690020E06900202F
S214004C900000000010B5064C237843B9FFF7D8FF94
S214004CA0044B13B10448AFF300800123237010BDFA
S214004CB0B0150020000000003C84040008B5044B3A
S214004CC01BB104490448AFF30080BDE80840CDE7B7
S214004CD000000000B41500203C840400A3F5803AD0
S214004CE0704700BF154B002B08BF114B9D46FFF7C2
S214004CF0F5FF00218B460F461148124A121A15F08E
S214004D009DFD0C4B002B00D098470B4B002B00D082
S214004D1098470020002104000D000B4816F0D4F838
S214004D2015F064FD200029002AF07BFA16F0BAF888
S214004D30000008000000000000000000081000202E
S214004D40081000209460002031AF010007B5012153
S214004D5020200DF1070200F0D9FE58B102230121F0
S214004D6020200DF107028DF8073000F0DFFE03B0BB
S214004D705DF804FB9DF807100229F8D002220948C6
S214004D8014F04AFC022301210DF1070220208DF8C1
S214004D90073000F0CBFE2AF0C8F94FF4FA6000F0B6
S214004DA0C5FDE4E7689A030038B501F027F8012846
S214004DB005D001F023F8022801D001F037F8064D9F
S214004DC02B783BB901F01AF80128044602D12AF0E4
S214004DD01FFA2C7038BD00BFF059002070B50C4685
S214004DE0088800F00FFE94F844300546834214D03D
S214004DF004F11C0630462AF0A7F984F844502AF03D
S214004E00A7F93221A06430462AF099F994F84410A4
S214004E100248BDE8704014F0FFBB70BD909A0300D6
S214004E2010B50446008800F0EDFDA37884F8440031
S214004E30834202BF0123E3702371074B04F11C0079
S214004E40C4E9073400F0B8FE224620880349BDE8CE
S214004E50104000F0EFBD00BF0BEF0200DD4D00007C
S214004E6070B5C37804460D461646002B34D1D1B132
S214004E70214814F0D1FB0123E370E36CA6600BB16C
S214004E80E06D9847E368F61A63699E4221D2217E58
S214004E901A480131C9B2217614F0BEFBA36D13B1D6
S214004EA0217EE06D9847E5702AF052F915B3237914
S214004EB003BBA268238A801A83421BD201231048B0
S214004EC0237114F0A9FB236DA3B1E06DBDE870401B
S214004ED0184701232376E6E70029E4D1094814F0B1
S214004EE09BFB636DE660E5702571002BDBD0E06D03
S214004EF09847D8E770BD00BFAD9A0300BE9A03007E
S214004F00EC9A0300D99A0300F8B51E468388044637
S214004F100D4617460BB18680F8BD817800882AF0CA
S214004F2015F80123E370084BE5802781A680C4E9C5
S214004F3003340C34204600F03FFE29462046BDE8E8
S214004F40F8402AF0FCB800BF57EF020010B5017910
S214004F500446B1FA81F1008849092AF06EF82179F1
S214004F606088B1FA81F149092AF067F8034B1A689C
S214004F70A24204BF00221A6010BD00BFCC1500205C
S214004F8070B543790446A3B100880E4E04F10805B7
S214004F90336813B10C4B1B786BB121792AF04DF8AE
S214004FA064210A4B3460A3602846BDE870402AF0AE
S214004FB0C6B84088E9E7064814F02EFB054B3221B8
S214004FC0A360F1E7CC150020F15900204D4F0000FA
S214004FD0029B0300814F000010B50446E0B10F4865
S214004FE014F01AFB01236371A37953B92179208841
S214004FF02AF023F8236B7BB1606B0121BDE81040DB
S21400500018472046FFF7A2FF04F108002AF09CF894
S2140050102046FFF7B5FFEDE710BD00BF389B030045
S21400502010B50446F8B1104814F0F6FA0023637180
S214005030A3796BB921792088B1FA81F1490929F061
S214005040FCFF236B7BB1606B0021BDE81040184766
S2140050502046FFF77BFF04F108002AF075F820468B
S214005060FFF78EFFEDE710BD439B030010B5044627
S21400507068B1074814F0D0FA637920461BB1BDE842
S2140050801040FFF7CDBFBDE81040FFF7A5BF10BD2D
S2140050904F9B030010B50E4C0E48214614F0BCFA88
S2140050A082210D4814F0B8FA82210220A21E00F0D8
S2140050B03DFD014630B134F8022C0848BDE81040EA
S2140050C014F0AABA0648BDE8104014F0A5BA00BF0E
S2140050D07E5400205E9B0300799B0300849B0300A4
S2140050E0C89B030038B5114C82212246022000F0EE
S2140050F00DFDA51C014688B122880D4814F08CFAD7
S2140051002A460C4B03F1240153F8040B8B4242F859
S214005110040BF9D11B7813702423238035F8021C66
S214005120054A0648BDE8384014F076BA7C5400209C
S214005130D39B0300539C03007E540020319C030045
S21400514010B504460146084814F066FA012C0748D4
S21400515005D129F058FFBDE8104001F05DBABDE862
S214005160104029F052BF00BF789C0300BC630020AB
S21400517070B50024184D194E3378A34217DC00246E
S214005180174D184E3378A34217DC0024164D174EE1
S2140051903378A34217DC00F031FE0128144818D1FA
S2140051A029F031FFBDE87040124800F039BE2846AD
S2140051B0FFF736FE01346035DEE7284629F009FFA2
S2140051C001343435DEE7284629F03CFF0134383513
S2140051D0DEE729F01AFFE5E7A0200020F7590020B7
S2140051E0C0240020F8590020701E0020F659002028
S2140051F0BC630020415100002DE9F04F87B0FFF757
S21400520071FFAC4B05A8059329F045FF054615F040
S21400521011FAA94CC2B21F2A627004D9A74814F02A
S214005220FBF900F077FB2946A01C15F097FC05A8B3
S21400523029F031FF054615F0FDF9C2B21F2A84F8A1
S214005240212001D99E48EAE7294604F1220015F0FC
S21400525085FC05A829F01FFF002604462578002DAA
S21400526040F08480974CFFF783FF2378DFF894A202
S214005270DFF89482944E00939AF8003098F8002055
S2140052803178924814F0C8F998F800203378904F97
S21400529013449AF800204FF48270134422784FF695
S2140052A0FF711344DBB2012B38BF01233A46029349
S2140052B02B463D46029C01339C42137050809180E1
S2140052C002F10C02F6DC4FF0000B824C80497A4863
S2140052D0AC6000F059FEE879AB6800EB400003EBE9
S2140052E0800000F05DFCEB79DFF8FC910133EB7198
S2140052F033785B4500F34A8200274FF00C09764A64
S214005300DFF8CCB198F800003178B84200F352824A
S21400531047180C21002501FB07B19AF800009423DA
S214005320A8426E4A00F364820C2598F800300027E5
S2140053304FF070083678DFF8D4A11E44064405FB0B
S21400534006B5604B1B78BB4200F365820299604845
S21400535000F094FC059B57491A468B4240F06E823B
S2140053605F4807B0BDE8F04F14F056B9532D0FD183
S21400537063784C2B40F00C81A378502B40F00881CA
S2140053800122584B1A7005A829F085FE044665E7E9
S214005390582D35D8412DF6D9423D162DF3D801A308
S2140053A053F825F02D5400000157000087530000E5
S2140053B08753000087530000875300008753000080
S2140053C01155000087530000875300006954000001
S2140053D013540000875300008753000087530000D3
S2140053E087530000FF5500009155000087530000CA
S2140053F08753000087530000875300006B56000059
S214005400692DC0D1601C29F053FE80B229F089FEB8
S214005410B9E72D4B012019780023334A994202F14F
S214005420A402B0DD02F8A20C0133F7E7601C00F01E
S21400543055FB0546E01C29F05DFE01210246284684
S21400544000F09AFA60222948294C03785A43A1189A
S214005450A5524FF4FA620A824FF448724A61254A0E
S2140054600A65013303708EE7601C00F037FB0022EC
S21400547034268046204F114600F07EFA38781F4DBD
S21400548006FB00F325F80380EA18E3781046693B2C
S21400549018BF0123937029F09CFD3B78002103FB85
S2140054A006550126164A33441560516016743B7043
S2140054B069E700BF7E540020DC620020979C030052
S2140054C0AE9C0300F2590020F5590020BE9C030054
S2140054D0D015002048160020D41A002018190020E5
S2140054E00E9D0300F1590020D41B0020F759002020
S2140054F0A020002077F00200F8590020C0240020E9
S214005500BC630020F3590020F4590020C81700207F
S214005510601C00F0E3FA00221146804600F02CFAE8
S2140055203422CB4DCB4F287802FB00F327F80380BC
S214005530F918E3780846693B18BF01238B7029F0F9
S21400554048FDC54A00231146906BB8B901EB83119C
S21400555034232A7802FB03738B635EB9BF4A334653
S214005560114652F8040B78B93422287800FB0272F0
S21400557041F823202B7801332B7004E70133042BEA
S21400558002F14002E0D1E8E70133042BE9D1F1E76C
S214005590601C00F0A3FA0746E01C29F0ABFD0121D1
S2140055A00246384600F0E8F96023AD4DAD4C2A7847
S2140055B0A4205343E118E7524FF44873AA4F0B82D6
S2140055C04B61AA4BDFF8C8C28B653B7858430CEB9F
S2140055D000010CF800304FF400704880032008717A
S2140055E0887102EB420004EB401432200133DBB238
S2140055F001324B718C6081F8A0002A7057E7601C5E
S21400560000F06CFA00224FF038088146984F114699
S21400561000F0B2F93B78974D08FB03F325F80390AA
S2140056204FF00109EA1882F80490E3786BB1E01CA9
S21400563000F054FA00220446114600F09DF93B782B
S21400564008FB03535C8083F806908B48824A0378F5
S21400565099015354397802EB8314C1EBC10205EB70
S214005660C20262634A1C3A70FBE6601C00F036FA1F
S2140056700746E01C00F032FA0546601D29F03AFDA8
S214005680044602460121384600F076F92246602498
S2140056902846012100F070F9DFF8C4C1714A9CF871
S2140056A00030DFF8C8E104FB03F0111817524FF47E
S2140056B04870C1F858E008824861591CC9B24C438A
S2140056C01719155394246D4D38827861981C8CF800
S2140056D000002878C7F858E04443694F03EB4303BB
S2140056E001EB410107EB040C02EB431302EB411202
S2140056F03855CCF80430CCF808200130287042E643
S214005700601C00F0EBF90746E01C00F0E7F9002209
S21400571005461146384600F02FF900223824114677
S214005720284600F029F95248524A03784FF0010EF5
S21400573004FB03FC02EB0C0122F80C704FF0000C8B
S21400574081F804E081F806C003EB0E01C9B24C43B1
S214005750171915539C1C047070244A4D87F806C010
S214005760287887F804E04443474FC3EBC303C1EBF4
S214005770C10107EB040C02EBC30302EBC102385570
S214005780CCF80430CCF808207044B7E7BBF1000F23
S21400579006D017F8053C03EB430304EB8304BC6018
S2140057A03946484601F0E6F90BF1010B09F1A40968
S2140057B00C379DE579180AD0481E09FB00B0C07961
S2140057C000EB400004EB800409FB01B08460104647
S2140057D009FB0151039200F0CFFF31782B48394482
S2140057E009FB015100F0FEFE039A0137403289E5BD
S2140057F0FD4218BF11F8050C03911EBF00EB4000D8
S21400580004EB80048C6003FB052000F003FE039984
S21400581001350C3181E5F74218BF15F8053C2946DD
S2140058201CBF03EB430304EB830408FB07A018BF6D
S214005830AC6000F0C5FC01370C3582E513F8011D9D
S21400584000297FF488AD3B2102F8011C83E500BFE8
S214005850F8590020C0240020D41A0020BC63002081
S214005860F7590020A0200020F55900207BF0020008
S214005870F6590020701E0020F4590020F35900202D
S21400588018190020F2590020C8170020641E0020B6
S214005890D41B002007B5022101200DF1060200F0FE
S2140058A035F938B9044813F0B7FEBDF8060003B062
S2140058B05DF804FB0020FAE72B9D030007B50221E4
S2140058C0ADF806000DF10602012000F02FF90146A2
S2140058D010B1034813F0A0FE03B05DF804FB00BF50
S2140058E04C9D030010B5FFF7D5FF04460146074858
S2140058F013F092FE0121064813F08EFE24B9BDE88F
S21400590010400120FFF7DABF10BD00BF7C9D0300EA
S2140059108E9D030008B5044813F07EFE00F016F9CD
S21400592029F003FC29F0FEFBA49D030038B50446CD
S214005930084D094B28462B6000F03EF9002C18BF96
S21400594021462846BDE8384008BF4FF4967129F036
S214005950F6BB00BFC4250020CFF0020010B5044CF3
S214005960237823B9034833F00BFE0123237010BDC0
S214005970FA590020303A040073B506460D46144620
S214005980FFF7ECFF0E4A330AD35C8DF805608DF8FE
S21400599004307DB1012C04D0032C09D00022012153
S2140059A001E02246022101A801F01AFE02B070BDF5
S2140059B00022F7E704212A460DEB0100F4E700BFBA
S2140059C0AE37040007B5064A030AD35C8DF8050017
S2140059D001A88DF8043001F037FE03B05DF804FB33
S2140059E0AE37040007B5064A030AD35C8DF80500F7
S2140059F001A88DF8043001F053FE03B05DF804FBF7
S214005A00AE37040007B50A4A030AD35C8DF80500D2
S214005A108DF8043000230DF1030101A88DF8033042
S214005A2001F06AFE9DF8030003B05DF804FB00BFBA
S214005A30AE3704002DE9F043214C85B00646884673
S214005A409146FFF78BFF23781BB901F0ADFD0123CC
S214005A5023701C4A330AD35C30228DF80C300023A6
S214005A60194F8DF80D6002FB03F4395DE51901BB93
S214005A7001233B554FF0FF3304F11000134938441F
S214005A80AB606E80C5F80480C5F80C9008F09AFDEF
S214005A9004F10801042239440D4B009503A801F0D7
S214005AA059FEA96802460B4813F0B6FD05B0BDE8DE
S214005AB0F0830133102BD6D1074813F0ADFDF5E780
S214005AC0F9590020AE370400EC250020D5F002007E
S214005AD0E7F00200B19D0300DF9D030080B102786D
S214005AE0A2F14103032B0BD840783038C0B2082807
S214005AF006D8054B134413F8413C40EA0320704790
S214005B004FF6FF70704700BFAE37040008B50B466F
S214005B1042B101460448006802F060FFBDE8084054
S214005B2029F0F9BA022008BD2864002008B50B4603
S214005B3042B101460448006803F0D8F8BDE80840C2
S214005B4029F0E9BA022008BD28640020F0B5002636
S214005B50124F8DB0FF2300930A223346386802A9FD
S214005B602AF021F9C0B102AB1D4603EB800404E025
S214005B7055F8043BB34228BF5E1CAC423868E9D9EE
S214005B80296803F039FA0028F2D02D28F0D00DB09D
S214005B90BDE8F04029F0BFBA0DB0F0BD2864002083
S214005BA028B1034B0360034B4360002383607047B8
S214005BB019000003D0630020FF2307B50021044A24
S214005BC00093083008F082FC03B05DF804FB00BFC9
S214005BD039F102000B460449024608680349097871
S214005BE008B129F0BCBA7047F4280020FC59002000
S214005BF0F8B50C4618B122210E4833F015FD24687E
S214005C0023685E795F8830463946FFF7E3FF08B9B8
S214005C108120F8BD8568002DFAD0A368E27C39465D
S214005C203046A84704460028F2D12DF055FB204602
S214005C30EFE700BF079E0300F8B515460D4A044679
S214005C4010680D4A0B46117850B1224629F087FAA3
S214005C50034628B100210C27C678B14201DB00209C
S214005C60F8BD07FB01F45A681019125BAA42F7D078
S214005C700131F2E7F4280020FC5900202DE9F74F07
S214005C8004460D460026454B454F1860454B197097
S214005C9033010021F85C01360FF0E2FC0C2EF7D140
S214005CA00C2D28BF0C254FF0000901953C4EDFF85F
S214005CB000A13D4DDFF8FC80019B4B4502DC03B0A4
S214005CC0BDE8F08F23784FF0000B33706388738045
S214005CD0A388B380A379C6F80880B371E379C8F8BF
S214005CE0005088F804304FF00003A768A8F8063084
S214005CF0E3795B450ADC012116F8100B0FF0B0FCC7
S214005D0008F1080809F101090C34D5E74FF0000343
S214005D1038886B812880FB784FF0000C2B81BA788E
S214005D20C5F804A0002A00920CBF802240222A73E5
S214005D3079680AF10C02634513DC03EB43030AEBB4
S214005D40830ABB6843B1009A4FF6FF71B2FA82F23B
S214005D50164B52092DF050FA14350BF1010B0C3787
S214005D60C6E7B1F800E00CF1010C22F80CEC91F853
S214005D7002E00C3202F816EC91F804E00C3102F85E
S214005D8015EC11F809ECBEF1010F14BF4FF0100E20
S214005D904FF0110E02F814ECCDE700BFF4280020F7
S214005DA01C400020FC590020F82E0020F15B00006B
S214005DB0F828002078310020014B1860704700BF9B
S214005DC0F028002070B5128805460E46FFF734FF0F
S214005DD0044670B102790499806814F081FD064B80
S214005DE01B680BB9002070BD3146284622889847AC
S214005DF0F8E78620F7E700BFF028002008B50EF089
S214005E00CBFC022806D0012806D0044B18784000A8
S214005E10C0B208BD0120FCE70220FAE7FB590020CB
S214005E20014B1860704700BFEC280020034B1A781F
S214005E301AB901221A700AF00FBD7047FB590020EC
S214005E400022064B10B51A70054B1C682CB1FFF7E4
S214005E50D5FF2346BDE81040184710BDFB5900206B
S214005E60EC28002037B50446002832D00EF094FC0B
S214005E70022830D160892DF091FDE079237A003830
S214005E8018BF0120012B637A08BF40F008000BB151
S214005E9040F0100063890BB140F00400257CA18817
S214005EA0A2790DB1E36873B90C4B0FF0B5FF2178FA
S214005EB0084610F02DF82DF098F8002814BF03209F
S214005EC0002003B030BDCDE90035054B0FF0A4FF30
S214005ED0EDE70220F5E70120F3E700BF18ED030029
S214005EE0E1BC030008B50CF015FE014630B10448CD
S214005EF013F092FBBDE808400DF0B0B908BD00BF36
S214005F00799E0300034B044A5B7C01210320137037
S214005F10FFF70CBEBC630020FD59002010B50446F8
S214005F20FFF7F0FFB4F57F4F0BD100240A4B1A8819
S214005F3013449C70FFF7AEF82046BDE81040FFF70C
S214005F40F5BC4FF601739C4204D1BDE810400348EF
S214005F5029F041B810BD00BF7C540020BC6300206F
S214005F6010B5074C012122460320FFF7CFFD28B9C4
S214005F702378044A003B18BF0123537410BD00BFAA
S214005F80FD590020BC6300200822F8B532244B4B94
S214005F9033251A7030225C70DC7036249A705A7181
S214005FA0DA714FF400121C711C72454C4264C464D2
S214005FB0444C01220465444C9D718465434C85180D
S214005FC0C465434CC5674466424C434D8466434CA7
S214005FD0C0F880500467424C80F84820446720246C
S214005FE080F8784080F8844000F12104C0F88840AA
S214005FF03C4C80F85420C0F88C403B4C80F8602025
S214006000C0F89440394C80F86C20C0F8984080F86E
S2140060109020374C80F89C20C0F8B830354BC0F83C
S214006020A440C0F8BC300F24022380F8A84080F8B3
S214006030C030314C314BC0F8AC40C0F8C430304CA6
S214006040304BC0F8B040C0F8C830092482232E4D2B
S21400605080F8B44080F8CC302C7C2C4BC0F8A000E4
S214006060C0F8D03044B12A4B80F8D820C0F8D430DD
S21400607005F11103C0F8DC304FF0000CCA798E68C9
S21400608002EB42039F00443006EB830326F807C06A
S214006090586001200C349870DC701318CB71FFF731
S2140060A05FFFFFF7ABFE012806D12B7C23B1BDE8CE
S2140060B0F840154828F08FBFF8BD00BFFE590020F5
S2140060C0C837040001002000C73704000200200083
S2140060D0C63704000300200005004200C537040050
S2140060E00400420007003000C4370400120010010C
S2140060F000404200FDFF2100B2370400C237040012
S2140061000600420000FF4401BC6300207C540020CF
S21400611001FF1001437B044A0121137000781130FF
S214006120C0B2FFF703BD00BF085A002038B50446CA
S2140061300078054D11302A460121C0B2FFF7E6FC73
S21400614008B92B78637338BD085A0020024B53F801
S214006150200029F0EBB800BFD8310020012908B58F
S21400616006D0022907D049B929F0D7F8002008BD83
S21400617029F0D6F8FAE729F0D6F8F7E7024813F040
S2140061804BFA0120F3E700BFA69E030011461A460D
S214006190024B53F82000FFF7E1BF00BFD8310020C4
S2140061A0002310B5044683810364A0F844304830C9
S2140061B0FFF702FD014BC4E9123410BD13F30200D1
S2140061C038B504460B781A4A43700D4642F8230049
S2140061D0FFF7E6FF2046FFF7A9FF4FF440132361C1
S2140061E00123144A2375A261134A84F82030E26121
S2140061F0124A84F82C306262114A84F83830A2625F
S21400620004F10C0222630F4A04F10D036263E36398
S214006210EA79A86802EB420300EB830110344C6075
S214006220094C40F82340094B8B60531CEB7138BD7A
S214006230D8310020075A0020080020005A690020A4
S21400624000FF300001FF1001020101048D61000013
S21400625010B47024427B0D48013A012904FB020069
S21400626006D0022908D059B95DF8044B29F055B874
S2140062705DF8044B29F054B85DF8044B29F053B888
S21400628003485DF8044B13F0C7B900BFC8170020D9
S214006290C29E0300B0F85C302DE9F0418B42044604
S2140062A00E4638D0437B077C8BB31C4A12789A4242
S2140062B02DD370251A4A013B05FB032390F80F8067
S2140062C01B7B424629F040F8B845054601D1FF2819
S2140062D01FD13A463146204694F8903029F034F8DB
S2140062E02F460546552212216078A4F85C6028F0F7
S2140062F058FFFF2F03D039462046FFF7A9FFFF2D92
S21400630009D029462046BDE8F04129F05DB8FF25B2
S214006310DFE70746E6E7BDE8F08100BFF259002058
S214006320C817002041688268C978D27849B112B18E
S2140063300321FFF7AFBF837B002B0CBF0121022197
S214006340F7E72AB1837B002B0CBF02210121F0E77F
S214006350014813F061B900BFD39E0300037BD3B19D
S2140063604368DA7812B18268D278A2B91B7933B161
S214006370837B002B0CBF04210521FFF78BBF8368AE
S2140063801B792BB1837B002B0CBF05210421F4E77E
S214006390014813F041B97047059F0300084A437B44
S2140063A005211370837B5370C37B9370037CD3707B
S2140063B0037B137100780E30C0B2FFF7B7BB00BF87
S2140063C0095A002038B5044600780C4D0E302A468F
S2140063D00521C0B2FFF79AFB20B1BDE83840084857
S2140063E013F01AB92B7863736B78A373AB78E373E7
S2140063F0EB7823742B79237338BD00BF095A00202D
S214006400419F0300024B53F8200029F027B800BF35
S21400641000320020F8B504460B78424A43700D4619
S21400642042F82300404E29F037F8FFF7CBFF6268AA
S214006430A3683E483E49D6641165D4655065C3E9F5
S2140064401410DE64DC654FF0987302266361012346
S21400645004F10C01E16137491032216204F10D01AB
S214006460A16235492376E16204F10E016163334986
S21400647084F82430A16304F10F012164304984F8C4
S2140064803030616404F11001E1642E4984F83C3038
S21400649084F84830216584F85460A265E879A968D4
S2140064A000EB400201EB820704F1140CC7F804C0AD
S2140064B04FF4817C244F41F82270C218D2B202EB0E
S2140064C0420241F822C001EB820700227A601F4A8E
S2140064D084F8703022661E4A84F88830A2661D4A08
S2140064E01D4BE2661D4AC4F88C3062671C4A83194D
S2140064F0A26704F15C02C4F88020DBB2194A03EB01
S2140065004303C4F8842084F8646084F87C6001EB5C
S214006510830260345460144A033041F82320E87143
S214006520F8BD00BF00320020256300001FF4020003
S2140065305D6300000100200102001001030030012D
S214006540040030010500210101FC01064A0021007B
S214006550CA37040051001000CC370400CD370400C1
S214006560550021006F0018001200010470B50D469A
S2140065700646144613460A460146164813F04CF8DB
S21400658025B92046BDE87040FFF7C8BC072D05D1E9
S21400659021463046BDE8704000F0B2BA4FF60143DF
S2140065A09D4205D121463046BDE87040FFF72ABF20
S2140065B0062D05D121463046BDE8704000F096B85D
S2140065C0B5F5817F05D121463046BDE87040FFF71E
S2140065D0BDBD70BD709F03000148FFF7EDBB00BF57
S2140065E06D6500004FF4C01330B5036001230371DE
S2140065F0074B8C688360CA7902EB420304EB830581
S2140066006860044844F82300531CCB7130BD00BFBB
S214006610CE3704000400010138B50024044D55F8B7
S214006620040B08B128F048FF01340A2CF7D138BD16
S21400663028320020042908B509D15AB113781BB9AD
S21400664028F065FF002008BD28F057FFFAE702484B
S21400665012F0E2FF0120F6E7A39F030011461A4658
S214006660024B53F82000FFF7E5BF00BF283200209A
S2140066700229024608B50ED004D839B9104628F0CB
S21400668046FF06E04029F9D0412907D1104628F0F8
S21400669034FF002008BD28F044FFFAE7024812F055
S2140066A0BBFF0120F6E700BFC39F030011461A4652
S2140066B0024B53F82000FFF7DBBF00BF2832002054
S2140066C0426B094B52791A7082785A70C2789A7067
S2140066D0826B12B190F83C20DA7000780421093001
S2140066E0014AC0B2FFF722BA0E5A0020024B53F8F6
S2140066F0200028F032BF00BF2832002038B50446FC
S2140067000078084D09302A460421C0B2FFF7FEF98A
S21400671030B96B78A370AB78E370EB7884F83C30D4
S21400672038BD00BF0E5A002038B504460078114D1B
S21400673009302A460421C0B2FFF7E8F9C8B9A378A1
S2140067402A78022B0CD004D863B9204628F0DFFE46
S21400675001E0FF2B0AD02046BDE8384028F0ACBE4A
S214006760002AF2D1204628F0C8FEF4E7002AF9D124
S214006770EBE738BD0E5A0020F8B504460B78284AD9
S2140067800D4642F823004370FFF7B8FF636B254AB7
S2140067905C631A632046FFF7C7FF204628F08CFE8E
S2140067A04FF4801363600123626BA66B0532E260D0
S2140067B01D4A23722261A21C2375A26166B11B4A80
S2140067C084F82030E261E21C6262194A84F82C30B8
S2140067D004F13C03A26223630627EA79A96802EB68
S2140067E04203002E21F8237001EB83000CBF022326
S2140067F00423C370012383700E4B04348360531C40
S2140068004460DBB20C4C03EB430341F8234001EB3E
S214006810830000234360094B02328360EA71F8BDAF
S2140068202832002037F502000340300101FF300116
S21400683002FF1001AD660000080001005D66000062
S21400684002464179D37808480139042B00EB8110C1
S21400685008D8012B04D80BB928F04FBE28F057BE35
S21400686028F05FBE704700BFD41A00200246417968
S214006870D37808480139042B00EB811008D8012B87
S21400688004D80BB928F043BE28F037BE28F049BE1E
S214006890704700BFD41A002030B587B0044645794B
S2140068A0FFF7ACFA012822D1E2786B1E042A1ED824
S2140068B0DFE802F00431031F2800104663784FF427
S2140068C080728DF804304FF48273ADF806300623DC
S2140068D0ADF8083001238DF80B3000238DF80A0040
S2140068E001A8CDE903238DF81430FFF7BBFA07B0F3
S2140068F030BD0A4A02EB83135B6B5B79181E18BF28
S2140069000120DBE7054A02EB83135B6B5B79B3FA86
S21400691083F04009D2E70020D0E700BFD41A002059
S21400692030B587B004464579FFF768FA012829D1C3
S214006930E3786A1E042B25D8DFE803F00B0B0B0365
S2140069402600164B03EB82135B6B5B79003B18BF8C
S214006950012362788DF80A308DF804204FF4827295
S2140069600123ADF8062006228DF80B30ADF808207E
S21400697000234FF4807201A8CDE903238DF814306C
S214006980FFF770FA07B030BD044B03EB82135B6B66
S2140069905B79B3FA83F35B09DBE700BFD41A002008
S2140069A010B586B00446FFF729FA012812D163789D
S2140069B0094A8DF804304FF48273ADF806304FF470
S2140069C08073CDE90223002301A804938DF81430C8
S2140069D0FFF748FA06B010BD0800070110B586B0EC
S2140069E00446FFF70BFA012820D16278104B8DF889
S2140069F004204FF4827294F8A01094F8A100597005
S214006A001870ADF8062004934FF4807202230949EB
S214006A1001A88DF81430CDE90212FFF723FA94F896
S214006A20A130013B18BF012384F8A13006B010BD89
S214006A30125A00200800050110B583780446E3B119
S214006A400379022B06D143790C48013B00EB8310F7
S214006A5028F067FDA379022B02D12046FFF71CFF22
S214006A602046FFF7BBFF02236078A4F86C3055225F
S214006A70BDE81040122128F094BB10BDD41A0020A7
S214006A804388094A082113808388538083681B8AB9
S214006A90938090F8A03093718379D3710078043096
S214006AA0C0B2FFF743B800BFFE54002038B50D460D
S214006AB004460178104812F0AFFD4FF602739D426F
S214006AC00CD163791BB10D4A12789A4201D2012388
S214006AD063712046BDE83840FFF7D2BFB5F57F4F5B
S214006AE0F7D1204628F096FDA378022B0CBF012292
S214006AF00022A3689A70ECE7DF9F0300F459002099
S214006B00024B53F82000FFF7D1BF00BF50320020E1
S214006B1038B504460078134D04302A460821C0B222
S214006B20FEF7F4FF20B1BDE838400F4812F074BD00
S214006B302B8863806B88E978A380AA88A3681A826A
S214006B40AB7984F8A030EB79A37119B1074B1B78A9
S214006B508B4205D2064812F05FFD2378013363713D
S214006B6038BD00BFFE540020F99F0300F4590020F2
S214006B7022A00300F8B504460B78474A0D4642F8B3
S214006B8023004370FFF7C4FFA268444BD465D36468
S214006B90434B02265365434BA11C13654FF4401329
S214006BA0E36001236161E1623F491032216322659F
S214006BB0211D3E4AA1633E483E49626504F1A0029B
S214006BC0A061E163E265E01C611D3B4A20626164EE
S214006BD03A483B492266A21D2374237784F828305E
S214006BE084F8343084F84030A16484F84C6084F82B
S214006BF0583084F864306062A266E879AA6800EBD0
S214006C00400102EB810704F10C0CC7F804C04FF0FA
S214006C10060C2C4F42F82170C118C9B201EB410195
S214006C2042F821C002EB810700217960264F84F8E4
S214006C3080302767254F84F89830A767244F254B68
S214006C40E767254F84F8746084F88C60C4F89C303D
S214006C5004F16C06831CC4F88470C4F890601F4F5F
S214006C601F4EDBB203EB4303C4F89460C4F888708D
S214006C7002EB83067034746008261A4C42F82340F0
S214006C80C31CDBB203EB430302EB8304043042F87D
S214006C9023606160E871F8BD5032002081F5020083
S214006CA0C3F50200396A000001FF300104FF20012D
S214006CB01000300102FF200105FF300100FF300107
S214006CC003FF2101070001084A002100D037040015
S214006CD051001000D2370400D337040055002100BD
S214006CE06F0018001200010400239B6AB3F5804F62
S214006CF003D21968064A914203D0002303708360CA
S214006D007047012202709A689B694260F7E700BFED
S214006D1007B0CD5E024B034A1A602AF003B800BFE4
S214006D200000002002020FF073B53F4B04461A78AD
S214006D301AB102221A7002B070BDCDE900220028F6
S214006D40F9D001261E7032F07DFB384D384B1860A6
S214006D5017F044FA2B785BB902F0F2F940B93548DF
S214006D600823354A3549006801F038FE00B92E7010
S214006D70334B5A68E260334A9A601A6E22605A6E43
S214006D806260D3F87021A2601B6E5C042CD52E4A7C
S214006D90D368D807FCD42D4B1A68531C29D04FF45F
S214006DA0801393402A4A13660423294C4FF08042EE
S214006DB023664FF480632366102323664FF4005344
S214006DC06846236601A92266636628F03BFC009BA2
S214006DD02366019B63662B78002BACD0164B1A6893
S214006DE022665B686366A6E71A4AD368D907FCD4AE
S214006DF0D1E7194B1B78002BD6D1184B5A68144B89
S214006E0012B94FF480121A66154A526812B94FF436
S214006E1000121A66134B5B68002BC5D14FF4800234
S214006E200B4B1A66C0E700BF155A0020165A002002
S214006E3088320020286400208C3200200071080070
S214006E400080004455CEAC0000000440F4630020EF
S214006E500090004400000450145A002000800550A2
S214006E6000C005500000065038B5224D04462B7869
S214006E70012B02D001232B7038BD0028FCD028F04F
S214006E8006FC013009D028F002FC40F201139842BB
S214006E9003D0194AD368DB07FCD42268174B1A665E
S214006EA062685A66A268C3F87021E268D40744BFD5
S214006EB000229A60124B1A68013213D1114A1278D6
S214006EC082B911494968C80748BF1A600F4A526814
S214006ED0D10744BF01221A600D4A5268D20744BF48
S214006EE002221A6017F082F90A4B186832F0A5FAE7
S214006EF00023C0E7155A002000000440008000442C
S214006F00F4630020145A00200080055000C005508D
S214006F10000006508832002070B50024A36AB3F53E
S214006F20804F23D21A68134B9A421FD1124E3378E1
S214006F3013F0FD0518D14FF480341048FFF7F4FE27
S214006F40032004F0CBF90E4B0320DC6004F0AAF912
S214006F500C4B1C61AB6ADB69984704460748FFF791
S214006F6083FF0CB901233370204670BD4FF4817443
S214006F70FAE700BF07B0CD5E145A00207832002032
S214006F8000A000440090004413B5204B1B7803B9C2
S214006F90FEE700231E4CCDE900336A4608231D4950
S214006FA0206801F01BFDF8B91B4AD2F84031D2F830
S214006FB040211F2B4FF0010311D9203A9340019A2C
S214006FC01A43019208236A461249206801F08EFE91
S214006FD0124B134A1A6029F0A5FE02B010BD93406A
S214006FE0009A1A430092EDE72D28F1D10A4AD2F80A
S214006FF04031D2F840211F2B4FF0010385BF203AC5
S21400700093409340019398BF0093DBE7155A002006
S2140070102864002000710800008000440000002062
S2140070200B020FF038B50025AB6A0446B3F5804F67
S21400703010D21B6BB3F5804F0CD20748FFF774FED7
S214007040AB6A20461B6B5B689847BDE83840024831
S214007050FFF70ABF38BD00BF9432002013B50024E6
S214007060A36A0190B3F5804F13D21B6BB3F5804F24
S2140070700FD20948FFF758FEA36A01211B6B01A82F
S2140070809B69984704460448FFF7EEFE204602B088
S21400709010BD4FF48174F9E79432002070B50026D5
S2140070A0B36A0446B3F5804F0D4612D21B6BB3F598
S2140070B0804F0ED20848FFF737FEB36A20461B6B98
S2140070C029469B69984704460348FFF7CDFE2046AD
S2140070D070BD4FF48174FAE79432002070B5002634
S2140070E0B36A0446B3F5804F0D4612D21B6BB3F558
S2140070F0804F0ED20848FFF717FEB36A20461B6B78
S2140071002946DB69984704460348FFF7ADFE20464C
S21400711070BD4FF48174FAE794320020F8B500276A
S214007120BB6A0446B3F5804F0D46164611D21B6B5C
S2140071307BB10948FFF7F8FDBB6A20461B6B324659
S21400714029465B6A984704460348FFF78DFE2046AB
S214007150F8BD4FF40174FAE79432002070B50026AB
S214007160B36A0446B3F5804F0D4612D21B6BB3F5D7
S214007170804F0ED20848FFF7D7FDB36A20461B6B38
S21400718029469B6A984704460348FFF76DFE20464B
S21400719070BD4FF40174FAE794320020F0B5002772
S2140071A0BB6A0446B3F5804F0D461646ADF5337DF3
S2140071B020D21B6BB3F5804F1CD21048FFF7B4FDEE
S2140071C0BB6A20461B6B40F2C1225B6A01A9984746
S2140071D0044630B10948FFF747FE20460DF5337DDB
S2140071E0F0BD836A32461B6B2946DB6A01A89847C6
S2140071F00446EFE74FF40174EFE700BF9432002037
S21400720010B50024A36AB3F5804F10D21B6BB3F5FC
S214007210804F0CD20748FFF787FDA36A1B6B1B6BDA
S214007220984704460348FFF71FFE204610BD01247A
S214007230FBE700BF94320020F0B58FB0044601A8EB
S2140072400E461546FFF7EEFE9DF80C30012B12D1C8
S214007250B5F5402F27D8B4F5402F24D86319B3F5D9
S214007260402F20D821462A46304613F077FC0024CB
S21400727020460FB0F0BD0027BB6AB3F5804F15D28D
S2140072801B6BB3F5804F11D20A48FFF74DFDBB6A62
S2140072902A461B6B314620465B6B984704460548DA
S2140072A0FFF7E2FDE4E740F20244E1E740F20114B2
S2140072B0DEE700BF94320020F0B58FB0044601A888
S2140072C00E461546FFF7AEFE9DF80C30012B1FD17B
S2140072D0B5F5402F06D8B4F5402F03D86319B3F59B
S2140072E0402F13D940F2024420460FB0F0BDE258BA
S2140072F0013225D104339D42F9D82A46314620462C
S21400730028F0F5F90028EDD00024EDE70023F2E799
S2140073100027BB6AB3F5804F15D21B6BB3F5804FC1
S21400732011D20A48FFF700FDBB6A2A461B6B31469E
S21400733020469B6B984704460448FFF795FDD3E725
S21400734040F20344D0E740F20114CDE79432002027
S21400735070B58EB0044601A80D46FFF763FE9DF893
S2140073600C30012B22D144EA0503C3F30C03002B97
S21400737033D1B5F5402F04D940F2024420460EB072
S21400738070BDB4F5402FF7D82544B5F5402FF3D897
S214007390204604F5005428F0A3F9AC4202D0002899
S2140073A0F6D1E9E70028E7D00024E7E70026B36A2D
S2140073B0B3F5804F14D21B6BB3F5804F10D20A483A
S2140073C0FFF7B2FCB36A29461B6B2046DB6B984777
S2140073D004460548FFF748FDD0E740F20444CDE7F1
S2140073E040F20114CAE700BF94320020BFF34F8F6B
S2140073F00549064BCA6802F4E0621343CB60BFF34C
S2140074004F8F00BFFDE700BF00ED00E00400FA0567
S21400741070B5D0B1C9B10E4E431E013913F8014FF5
S2140074202046325D02F00302012A11F8012F08BF40
S21400743004F12000B55C05F00305012D08BF2032DD
S214007440801A01D1002CE9D170BD0120FCE700BFF5
S214007450A55F04000348044A0449121A921028F053
S21400746092B900BF34410000D042000030610020D5
S21400747008B5154B83F30A8800F030F8FFF7EAFFEB
S214007480124B13498B4212D30020124B12498B42E7
S21400749018D3FDF727FC186850F82240586840F8C3
S2140074A02240013298688242F5D30C33EAE7002284
S2140074B0F8E71C6844F8220001325C68A242F8D360
S2140074C00833E4E70022F8E70800002044840400BC
S2140074D0508404005084040050840400124B134A65
S2140074E070B59A60D3F88820114D42F47002C3F844
S2140074F088206FF0010205F50054226641F2FF7203
S21400750062660222C3F8D020BFF34F8FBFF36F8F9F
S2140075104FF44036032003F0E1FE0320E66003F05C
S214007520C1FE2E6170BD00BF00ED00E0004000000F
S21400753000800044014B1860704700BFFC630020C9
S214007540054B1860054B1B6F03F00703032B01D197
S21400755030F0D0B8704700BF0464002000800050B0
S2140075602DE9F04104464FF001080C250D4E0CB9EC
S214007570BDE8F08194FAA4F0B0FA80F00F2808FA7B
S21400758000F2C8BF103824EA0204CABF05FB006236
S21400759005FB0062B4325768002FE8D09168C0B28D
S2140075A0B847E4E7A432002008B50C4831F0E8FFFD
S2140075B0192003F085FE28B1192003F08FFE19204C
S2140075C003F070FE1A2003F07BFE28B11A2003F0A9
S2140075D085FE1A2003F066FE002008BD303A04003F
S2140075E02DE9F0410E461746054618B30F2923D855
S2140075F00378DBB1013BDBB2022B19D8104AD35C0F
S2140076006A78D340DB0717D50E4BD3F81043ACB9D6
S21400761031F018FF80463A462846314602F0BEFB57
S214007620404631F00AFF2046BDE8F0817F23E7E7B9
S2140076300023E5E72224F6E72124F4E70224F2E714
S2140076402438040000C0035010B5044610B3037875
S214007650E3B1013BDBB2022B1AD8104AD35C627846
S214007660D340DB0718D531F0EDFE01226178237890
S2140076708A4030214B4341F2100103F1A04303F549
S21400768070335A5031F0D9FE002010BD7F23E6E754
S2140076900023E4E72220F8E72120F6E72438040058
S2140076A010B5044610B30378E3B1013BDBB2022BFE
S2140076B01AD8104AD35C6278D340DB0718D531F06D
S2140076C0C1FE0122617823788A4030214B4342F282
S2140076D0100103F1A04303F570335A5031F0ADFEAC
S2140076E0002010BD7F23E6E70023E4E72220F8E72A
S2140076F02120F6E72438040038B50D46044618B3B2
S21400770011B30378E3B1013BDBB2022B1AD8104A5F
S214007710D35C6278D340DB0718D531F093FE302275
S2140077202378534303F1A04303F570335B69627813
S214007730D34003F001032B7031F07FFE002038BDEC
S2140077407F23E6E70023E4E72220F8E72120F6E798
S214007750243804002DE9F0410D46164698460446A6
S21400776000284FD000294DD00178002940D04B1E6C
S214007770DBB2022B3ED8254AD25C6378DA40D207C9
S21400778001D4FF2940D1022E01D9042E3CD131F07C
S21400779059FE23780746FF2B05D032462046296837
S2140077A002F042FB28602B68013309D12378FF2BB7
S2140077B006D1174B6078D3F8241428F023FD2860F0
S2140077C029684B1C18D00C23124A03FB0122069B87
S2140077D0C2F8048093602378FF2B04D001230E4A5E
S2140077E08B40C2F82434384631F027FE002007E0EC
S2140077F07F22C2E70022C0E7384631F01EFE2D2069
S214007800BDE8F0812220FBE72120F9E724380400B8
S21400781000C00350A432002000D0035008B502F088
S214007820B3FA044B00F05530C3F82004BDE8084016
S214007830FFF796BE00E0035008B502F0A5FA044B29
S21400784000F0AA30C3F82004BDE80840FFF788BE61
S21400785000E003502DE9F04F144605460E469B46C1
S214007860C36B87B001225B6902A960689847EB6B1F
S21400787001225B6903A93046984702A828F082FBDC
S214007880074648B10023A37563754FF0FF33A36026
S214007890002007B0BDE8F08F03A828F080FB012386
S2140078A0A375237E04EBC303DE611F846368B342C3
S2140078B00ED1206003A828F094FB4FF0FF3320750C
S2140078C0A360237D043B022B26D80023A375DFE7A5
S2140078D023681A1A53425341A37503A828F081FB64
S2140078E0237D834218BFA77503A828F05CFB0746D4
S2140078F002A828F058FB874218BF002303A818BF29
S214007900A37528F058FB074602A828F054FB8742C8
S2140079101CBF0023A375D4E703A828F044FB80B15E
S214007920EB6B022230465B6904A9984704A828F04E
S21400793049FB0346207D032839D8DFE800F03838B5
S214007940040903A8F3E7CC22237E04EBC3031A84BE
S21400795001F06EFC109B187003A8277E28F017FB1A
S21400796004EBC70787F82200237E03A804EBC303B3
S214007970B3F8209093F8227028F015FB804603A8F1
S21400798028F019FB8246B8F1000F15D0EB6B0222E7
S21400799030465B6904A9984704A828F0D8FA6075B1
S2140079A0637D6BB90023A3754FF0000838E0227E94
S2140079B004EBC2021384CBE703A828F0B3FAEEE781
S2140079C094F81680B8F1000FEED0B9F1000F09D187
S2140079D0DFB10123E375637E002B4FD1012F42D127
S2140079E0677614E06B6C06EB0A015A4286EA0100E1
S2140079F010421CBF0022A2755A1E0A409B1A9945C7
S214007A00D0D8A37D002BE3D1CEE7E37D43B94FF07A
S214007A1000084B4652463146284627F0FEFFA06037
S214007A20A27D12B123694B4423611A49237E09784B
S214007A3099422AD901332376BBF1000F27D032B3FF
S214007A40E37D23B3B8F1000F21D1032F1FD0A16827
S214007A504B1C1CD0109B2246009328460123FFF7A0
S214007A60F9FEA07513E095F8343063B9EB6A01337C
S214007A70CFD1032FCDD10123A376C8E7012FCFD0D6
S214007A80032FC4D1F7E79846C3E70023A375A07D6C
S214007A90FFE600BF483804002DE9F04F0E46984632
S214007AA000238BB004464FF0FF31104617468DF882
S214007AB0133001F0A7FBB6F5801F20D2314605AA89
S214007AC004F1080028F0B0F9451C014603D1237CD8
S214007AD0BBB92D2010E0384601F094FB0122394650
S214007AE020460DF1130327F0EAFF0028EFD09DF89B
S214007AF0133088F8003000200BB0BDE8F08FB01CC3
S214007B00E5D1E56A691C36D12046616A27F0CBFECE
S214007B100546B31C18BF0123DFF8CC900193636AB7
S214007B20626C0293236805A902FB053AE36B052203
S214007B305B695046984705A828F0BFFA28F0E2FA95
S214007B40504628F0EAFA4FF0000B824601464B1CDE
S214007B5005D0636C81EA0A025B42134211D02946C3
S214007B60204627F0A0FE029BAB422CD0BBF1000FB4
S214007B702CD10546D3E72368ED1A636CB5FBF3F505
S214007B80C7E7484601F03EFB0DF113034946204681
S214007B90019A27F094FF034690B1B21C03D0D9F89F
S214007BA00020B2420CD19DF8132003930D4B88F8A9
S214007BB0002049461A68384612F0D0FF039B9B46C1
S214007BC0D9F80810C3E7BBF1000F82D0B6F5801FC6
S214007BD091D2314698F800307A6804F1080001F036
S214007BE03FFA88E744380400803A00202DE9F34144
S214007BF00446174698460E46184D816AE36A8B423D
S214007C0001D04B1C02D102B0BDE8F081284601F03D
S214007C10F9FA0122294620460DF1070327F04FFF07
S214007C2038B14346294620469DF80720B847002825
S214007C30E9D0A9684A1C04D16968204627F0C0FE2E
S214007C400146012EDAD16B6881EA0302636C5B425F
S214007C501A4218BF4FF0FF31D0E700BF543A002059
S214007C602DE9F04F4FF0FF334FF6FF720025044624
S214007C7000F10806C0E909238BB0C36205620563FC
S214007C803046884628F0A1F8204627F0DCFD60BB89
S214007C902046414627F057FE204627F0D4FD60BB1D
S214007CA05E200BB0BDE8F08F2368E26B606C57690E
S214007CB000FB0530052205A9B84705A828F0FDF900
S214007CC0012807460CD12946204627F00DFE012F35
S214007CD0024600D101322946204627F0D3FD03E0B4
S214007CE028F015FA0028EED10135E3699D42DBD372
S214007CF0204627F0A8FD0028CAD000254FF0FF39FF
S214007D004FF6FF73CA46A846C4E90853E369984588
S214007D100AD3A5EB0905012D2CD84FF6FF72636A2E
S214007D2093423CD16720BCE72368E26B606C5769DE
S214007D3000FB0830052205A9B84705A828F0BDF9BC
S214007D40834605A828F090F90746584628F0DAF941
S214007D5068B1574538BFC4F82480B94528BFB9462E
S214007D60BD4238BF3D46BA46236A0133236208F156
S214007D700108CBE74FF6FF7300256362E3699D4277
S214007D80CBD2676C2068E36B052207FB05005B69B6
S214007D9005A9984705A828F067F90135EEE7E26BD4
S214007DA0676C2068694607FB030055690522A847EB
S214007DB0684628F059F9626A2368606C4B4D00FBF0
S214007DC0023028F0AAF94FF0FF33A062E3622A4699
S214007DD06FF00101204605ABFFF75EFE002846D196
S214007DE0AD6829462046E56227F009FD206320B9E4
S214007DF02046E16A27F0E4FDE0622946204627F0A7
S214007E00DFFD0546A36A9D4233D1204627F0CAFC13
S214007E1000278046B946E36999453CD3B84559D909
S214007E202046616A27F03FFD0026054604F1400A19
S214007E30B74212D8626C2368694602FB0539E36BC9
S214007E4005225B6948469847684628F00DF9534670
S214007E5002464946E06B28F062F92946204627F09C
S214007E6022FD0136B0450546E2D1642019E7A56A31
S214007E70B7E72946204627F0C2FC236B2946034471
S214007E8007462363204627F09BFD0546002FB9D101
S214007E90C4E90B07B6E7636C2568052203FB0955A2
S214007EA0E36B05A95B692846984705A828F005F9FD
S214007EB028F028F958B1284628F02FF90146204620
S214007EC027F09DFC636C143B984208BF013709F10C
S214007ED00109A0E7304627F078FF00232046194620
S214007EE0034AFFF783FE0020DBE600BFAC3A002023
S214007EF0ADFA02002DE9F041036B9046826B0768ED
S214007F009A4288BF8363426C436A90B002FB037751
S214007F10C36B0E46052201A95B690446384698479E
S214007F2001A828F0CAF801280146307057D0656CC1
S214007F30E26B2368606AD2F814C005FB00300522A5
S214007F4006A9E04706A828F0B8F801284FF0000573
S214007F5023D0D4E90A3201219342CDE90B458DF8AE
S214007F6034800E958DF83C102AD11946204627F00D
S214007F7027FD236B626C14339B1AE06223630C9B11
S214007F8053B99DF83C303BB1626A616C2368E06B84
S214007F9001FB023128F049F80C9DE36B05225B6972
S214007FA001A93846984701A828F087F83070284677
S214007FB0236BA26B9A4288BFA36310B0BDE8F08122
S214007FC0237C33B91C490BAA04F1080001F096F88B
S214007FD0D5E72046194A0BABFFF708FECFE7237C10
S214007FE023BB2246164904F1080001F087F8616AAF
S214007FF0204627F079FC616A421C204627F042FCA6
S214008000054620B9236B626C1344143B2363204659
S214008010A16A27F0D5FC2368A062C01A636CB0FB87
S214008020F3F06062204627F00EFDB6E700232046F8
S214008030044AFFF7DBFDDAE79987000015870000A2
S21400804047FB0200E3FA020073B50D46D11E4A4212
S2140080501C461B7E4A419A4226D1296823689942CB
S21400806022D3636899421FD8114E0DF1070332469A
S214008070FFF712FDC0B972686B689A4214D19DF87A
S2140080800730DA1E53425341227E93420CD1636975
S21400809001336361D4E90323934205D22968A268B9
S2140080A042F8231001332361012002B070BD00BFE7
S2140080B0AC3A00202DE9F04F9B4689B09DF8483039
S2140080C09046514A0193136907465B450D46C0F03A
S2140080D09580D94653680093B9F1000F7BD0FB6BAF
S2140080E001225B6905A90098984705A827F057FF65
S2140080F0454B1B68984240F0848005A827F05BFF3C
S2140081000428064615D105A827F05CFF009B044608
S2140081101E44019B002B3ED1804512D91C46A8EB7D
S21400812000083846009927F04BFCA9EB040900909C
S214008130D2E7FB6B02225B69009806A9984706A85F
S214008140E2E7A0EB08045C4528BF5C46032C4644E7
S214008150ABEB040B1DD9FB6B294630465B69A208C6
S214008160984724F0030304F0030A1E441D44DDF878
S2140081700480BAF1000FD4D0FB6B012206A930466A
S2140081805B6998475246284606A912F0E7FC554414
S214008190C7E7A246EBE7824600F0030302932B18DC
S2140081A003930644039BA6EB0A00A3EB0A05029B77
S2140081B09A4514D1BAF1000FB3D0FB6B012206A981
S2140081C05B6998475246284606A912F083FE0028A7
S2140081D0DDD04FF03609484609B0BDE8F08FFB6B9E
S2140081E0012206A95B6998470422284606A912F0D0
S2140081F071FE0028EDD1AAF1040AD3E74FF0630917
S214008200E9E74FF06F09E6E7D83A00202DE9F0419C
S2140082100F4616469846044688B060B390F8345029
S214008220FDB1012127F004FB00210E9BCDE90511CD
S214008230CDE902379DF83C30CDF804808DF81C302F
S214008240237C04968BB90D4901AA04F1080000F0BE
S21400825055FFDDE90553E06B002E08BF1D4627F0ED
S21400826080FC284608B0BDE8F0812046044A01ABF1
S214008270FFF7BCFCEDE70546F3E700BF11FB020085
S214008280498000007FB590F84260044601920DF1E7
S2140082900B030A463046114927F06BFC012E0546B3
S2140082A0E36B17D132465B6903A998479DF80B101C
S2140082B0039B019A59B19BB243EA02430122284626
S2140082C00393E36B03A99B69984704B070BD62F300
S2140082D00F03F3E701229B6901A9F5E7D83A0020CE
S2140082E02DE9F04F99B00E460D920A69416C0B933A
S2140082F01439D31DB3FBF1F3013302EBC302036B56
S21400830004469342C0F001820023DFF804940893E9
S214008310E36A48461946059300F074FFD6E903372A
S21400832007930B9B022B4DD1CC2F40F0D7810D9B92
S2140083303BB13146204627F072FC656C1490012054
S21400834044E00120079B656C1B68149300F0010055
S21400835000280CBF04230823782F0E9349D8059ACB
S2140083606B1E1340ED1A3B1D9D423CD2002F3DD0A4
S214008370082D3ED80023042506934FF0040A3368E0
S21400838006990B98C9F80030C9F8107027F02DFE32
S2140083904FEA9A030F93059B89F814000393002372
S2140083A009930C9304930A93616C039B4A1E1A402C
S2140083B08B1A27B35544AB4223D8236B5B1A13445E
S2140083C023632FE1782F656CB9D8F07D0D9B002BC9
S2140083D0BCD0E36B01225B69706816A9984716A8A3
S2140083E027F0E1FDB4E700250695C6E704250697C5
S2140083F0C3E7012300254FF0080A0693BFE753455D
S214008400DBD3A3EB0A029742039BB84628BF9046ED
S2140084109742534428D90122D9F8101089F817201A
S2140084208F4226D10399C9F80410049299F81720B0
S2140084300AB399F818100398CA1C09EBC2025060D8
S21400844004980131A2F80880907289F81810B8F1E3
S214008450000F07D00B9A022A40F08180099A72B169
S214008460012209929B46ABE0049A002A18BF032219
S214008470DBE70222D9E7039AC9F80420E7E70C9A5B
S2140084804244032AEED9E26B1846956914A90122E4
S2140084900993A847099B05460028E1D03D2D40F0EA
S2140084A01E8104F1080303932368059A606CA2EB0F
S2140084B0030ABAFBF0FA00FB0A3027F02EFEE16A48
S2140084C08046204627F07CFAA26A824200F00F819E
S2140084D0626CD9F80830511E0B40216B2768891A48
S2140084E00B442363089BE062DF1BB7FBF2F7BA4539
S2140084F040F0FA80059BB3EB080A12D0E36B4FEA14
S2140085009A0241469B6998478346E36A059A534414
S214008510E362236B03989B1A4344236327F055FCBE
S214008520DA462368616CE06B01FB073127F06AFDD1
S214008530204627F088F9204627F085FA2063BAF10E
S214008540000F00F0D4803269616CD31D1439B3FB80
S214008550F1F3013302EBC3029042A5D2BFE00D9ABD
S214008560002A77D1B8F1030F4FEA98026ED9E16B73
S21400857018468D6907991093A847109B0546C0B901
S21400858018F0030515D0079A28F0030B02EB0B0131
S2140085909B444FF0FF3215A815922A46109312F00E
S2140085A0DDFAE26B5846956915A90122A8470546EB
S2140085B0109B9B46079A42440792002D40F08B8002
S2140085C0049B16A80193069B009399F81420434633
S2140085D0316800F0CDFDE36B0F9A9B69039816A9EE
S2140085E09847039A051E089B18BF134608934346F0
S2140085F052462046039927F010FA236B08F103022F
S214008600A3EB0A0322F003029B1AC9F808002363AF
S214008610002D7FF443AF0C9BA7EB080743440C9355
S214008620CDF80CB02046039927F0CAF90025039030
S214008630002F7FF4B9AE364A3168936804F108001B
S214008640E36252680B9B00F00BFD49E09B464546F3
S21400865007999EE79B4606F120021092F27D70680D
S214008660A2B1002296F818C00A99D5B2AC4511D925
S214008670109D02F1010E35F832508D4228D90E9821
S21400868006EBC2020144D069084403E00E9A0A9938
S2140086900A441044E26B15A9556901221193A847B4
S2140086A0159A0A9B1392E26B043395695846012289
S2140086B013A90A93A847119B054603EB0802A2EBF1
S2140086C00B02042A7FF679AF28B90BF1040BC5E735
S2140086D07246491BC9E7CDF820B088E770252F46BB
S2140086E0384619B0BDE8F08F4FF0000A19E7326936
S2140086F0616CD31D1439B3FBF1F3013302EBC302F3
S214008700236B9342BFF404AEE9E71C27E8E700BFFB
S214008710803A0020032A2DE9F34106460D46174607
S2140087201C4606D1237A012B23D0012002B0BDE8D7
S214008730F081DFF86080096842460DF10703FFF715
S214008740ABF960600028EDD19DF80720237A032A54
S214008750E8D0D8F804106A689142E3D1012B296961
S214008760D4F80CC007D172690CEB0103934202D90E
S2140087702074207CDAE708316144E1603B46012240
S21400878029463046FFF7ACFD60600028CAD00020BE
S214008790CCE700BFAC3A00202DE9F341089C032A41
S2140087A01746266806D1237A012B24D0012002B072
S2140087B0BDE8F081DFF89080304642460DF10703B1
S2140087C0FFF76AF960600028EDD12568D8F8040044
S2140087D0A96AD5F844C04840CCF100031840227A74
S2140087E0E1D1012A09D1E268D8F810301344726941
S2140087F0934202D92074207CD9E72868EB6A1B1ABA
S214008800081AB3FBFCF3B0FBFCF083420BD1706C90
S214008810F36A421E1340326B121A1344284633631F
S21400882027F0CEF8E862D8F81020E3680832134440
S214008830E36001223B4604492068FFF751FD606073
S2140088400028B0D00020B2E7AC3A00202DE9F04175
S2140088500025604B0E46D3F8008004461D6018B90C
S21400886021252846BDE8F08190F8347007B30A68E1
S21400887003689A4240F0A3804A6843689A4240F0F0
S2140088809E808A6883689A4240F09980CA68C36866
S2140088909A4240F094800A6943699A4240F08F8079
S2140088A08A69C36B9A4240F08A804B698361D8E735
S2140088B068223946856B11F0C1FFD6E9021233688B
S2140088C004F1080023607368A5636360336963611D
S2140088D07369A36127F08BFAB36904F14000E36380
S2140088E09B68984720B9676C17B16368B3FBF7F7C6
S2140088F094F84330E761002BB2D00023656C236602
S214008900002D64D0002F62D02368B3FBF5F205FB80
S2140089101233002B55D16668B6FBF5F305FB1363DF
S214008920002B4ED1204626F05AFFA3690433034499
S2140089309E4248D340F634726369CC3B934244D897
S214008940B5F5805F43D30321204626F071FFD4E9B6
S2140089500001E36B1B6898470546E36B0220DB6863
S2140089609847CDB941462046FFF77AF96428054670
S21400897004D141462046FFF773F90546666C5DB99B
S214008980236A2046143E5E4326F029FFA36904337B
S21400899003449E4238BF5A25002D0CBF01230023F6
S2140089A084F8343007D1D4E900010B4A1368013348
S2140089B0136027F0B6FAE06B27F0D3F851E75D2591
S2140089C04FE759254DE75A254BE75F2549E75B25D5
S2140089D047E700BF103400200C3400202DE9FF418B
S2140089E00C4616461F46054680B390F834307BB3D7
S2140089F0B1F5801F2ED2DFF86080012126F018FF27
S214008A002146424628460DF10F03FFF745F8044677
S214008A1070B99DF80F30012B11D1D8F81030BB4239
S214008A2012D10246009031462846FFF743FB044623
S214008A30E86B27F096F8204604B0BDE8F081022BDC
S214008A4014BF2D246024F3E76324F1E72124F2E722
S214008A501124F0E72924EEE7D83A00202DE9F04368
S214008A6085B00C4617461E460546DDF8308098B39E
S214008A7090F8343093B3B1F5801F31D2DFF86490AC
S214008A80012126F0D5FE21464A4628460DF10F0361
S214008A90FFF702F8044688B99DF80F30012B14D171
S214008AA0D9F8102006EB08039A4213D300904346E9
S214008AB0324639462846FFF7FDFA0446E86B27F0AB
S214008AC050F8204605B0BDE8F083022B14BF2D24D5
S214008AD06024F3E76324F1E72124F2E71124F0E7AA
S214008AE02924EEE7D83A002073B50C46164605460C
S214008AF030B390F834302BB3B1F5801F24D2012167
S214008B0026F096FE21462846104A0DF10703FEF78A
S214008B10C3FF044680B99DF80730032B0CD0022B08
S214008B200CD12846094927F07AF83060E86B27F020
S214008B3018F8204602B070BD2D24F7E76124F5E74B
S214008B402124F6E71124F4E72924F2E7D83A002096
S214008B502DE9F3411E4600230C46174605463360B2
S214008B6050B390F834304BB3B1F5801F28D2DFF8FD
S214008B705480012126F05CFE2146424628460DF12F
S214008B800703FEF789FF0446A0B99DF80730032BBC
S214008B9010D0022B03BF01233B600423D8F810300B
S214008BA018BF38603360E86B26F0DBFF204602B063
S214008BB0BDE8F0812D24F6E72124F7E71124F5E738
S214008BC02924F3E7D83A002073B50446056B26F04F
S214008BD006FE636E03449D422CBF0023012385429C
S214008BE094BF00252D1A207C84F85030656584F8E3
S214008BF05800A8B100230C4E1A4619462046009687
S214008C0027F0D1F8002305461A4619462046009656
S214008C1027F0D2F8E3682844984294BF0020C01A90
S214008C20E06502B070BD00BFFFFF0F002DE9F347FF
S214008C301E4643690446B342884617469DF8289068
S214008C404ED300258DF80750204626F0C8FDD4F8F0
S214008C5030A082450AD2236AB5EB430F06D2002223
S214008C6020460DF10701FFF745F9B8B39DF8073028
S214008C70012B05D1002220460DF10701FFF73AF936
S214008C80B9F1030F06D03146204626F098FD256B35
S214008C90854227D3144D4FF0FF31284600F0B2FA34
S214008CA04B46294600222046C5E90376C5F80080D3
S214008CB0FFF716FB236E054663B12046FFF784FFD9
S214008CC094F8503013B994F858301BB1236E04F161
S214008CD050009847284602B0BDE8F0870135B3E754
S214008CE06225F7E71C25F5E7AC3A00202DE9FF41A1
S214008CF00F4690461E46054698B390F8343093B318
S214008D00B1F5801F31D21A4C022126F091FD224681
S214008D10394628460DF10F03FEF7BEFE024678B12F
S214008D20012342460093394633462846FFF77EFF26
S214008D300446E86B26F015FF204604B0BDE8F08137
S214008D409DF80F30012BEBD12169B142E8D1009399
S214008D50414633462846FFF7ADF904460028DFD1E2
S214008D60E7E72124E8E71124E6E72924E4E700BF43
S214008D70D83A00202DE9F04790F8423086B0012B13
S214008D8005460391A1EB020740F0AA80FF2F03D807
S214008D901E464FF0640807E00226012B14BF4FF072
S214008DA032084FF06408013600244FF6FF79DFF8EA
S214008DB044A195F84230012B14BF322364239C4211
S214008DC002D35FFA88F40DE005AB224651462846EA
S214008DD026F003FF95F84230012B059B34D14B4516
S214008DE02DD1E4B295F84230012B14BF3222642212
S214008DF0121BB24217D3012E39D10022012B059740
S214008E008DF8132027D1082205A90DF1130027F0AD
S214008E10A0F99DF81330059A42EA03222146284617
S214008E20FFF730FA40B10223324900932846CC239C
S214008E30096803AAFFF7FAFE06B0BDE8F087DBB2C2
S214008E4003B902340134B4E7591CCAD09BB2002BD4
S214008E50F8D10134F6E7102205A90DF1130027F02A
S214008E6078F99DF81330059A42EA0342D6E7039A4A
S214008E70012B059223D10823202205A90DF113000A
S214008E808DF8133027F065F99DF81320120221465D
S214008E902846FFF7F7F995F84230611C012BC9B256
S214008EA01AD10028BFD12846BDF81420FFF7EAF9EA
S214008EB00028B8D10234BDF81620E1B2AFE710237F
S214008EC0202205A90DF113008DF8133027F041F983
S214008ED09DF813201204DAE70028A4D1059A9EE72D
S214008EE0B7F5803F4FF00106BFF457AF4FF032089A
S214008EF05AE700BFD83A002070B586B00E46054641
S214008F000392A0B390F834309BB3B1F5801F32D2F1
S214008F10022126F08DFC31462846184A0DF117032B
S214008F20FEF7BAFD044618B99DF81730032B0ED18C
S214008F300223314600932846CC2303AAFFF776FE89
S214008F400446E86B26F00DFE204606B070BD022BE8
S214008F500BD10A49284626F062FE03990246814252
S214008F60EFD02846FFF706FFEAE76124E9E7212469
S214008F70EAE71124E8E72924E6E700BFD83A00200C
S214008F80F7B50C461646054668B390F8343063B31A
S214008F90B1F5801F2BD2022126F04AFC2146284636
S214008FA0144A0DF10703FEF777FDC0B99DF80730A8
S214008FB0032B14D0022B14D10E49284626F02FFE80
S214008FC0471C024639462846FFF7D4FE044606B13B
S214008FD03760E86B26F0C5FD204603B0F0BD2D24B3
S214008FE0F7E76124F5E72124F6E71124F4E72924BE
S214008FF0F2E700BFD83A002030B50C46054685B0EB
S21400900028B390F8343023B3B1F5801F23D2022161
S21400901026F00EFC0DF10F03214628460F4AFEF7F8
S2140090203BFD034688B99DF80F20032A0DD0032286
S2140090302146009202462846FFF7F8FD0446E86BF4
S21400904026F08FFD204605B030BD2D24F7E72124FD
S214009050F8E71124F6E72924F4E700BFD83A002001
S2140090602DE9F043466886B3056898464FF0000C35
S214009070A946AE4655F83C400CF1010CC4F3130764
S214009080013401D0B94217D0B4450EF1080EF1D123
S2140090902F46002403E0B44207F1080712D055F823
S2140090A0343001340133F6D1C1F3130141EA0851DB
S2140090B0C7E90012BDE8F08341EA0851CEE9001284
S2140090C0BDE8F083B8F1030F03D101230372BDE8B6
S2140090D0F083002303E0B34209F10809F5D055F800
S2140090E033400133C4F30754032CF4D1C1F3130304
S2140090F043EA0853C9E90032BDE8F0832DE9F041A0
S2140091000646406882B0B8B10F46904600243368E1
S21400911053F8345003EBC403C5F30752C5F31301E9
S214009120013506D05B683046CDF80080B84718B1E8
S214009130706801348442EAD302B0BDE8F08100BF13
S214009140024B1968024B1868FFF780BB08640020C2
S2140091502864002008B530F068F9014B186008BD97
S214009160043B0020014B186830F05AB9043B00203D
S21400917073B504462248012A00EAC1119DF818502A
S21400918023F07C4007D9961E012E28D9073303F01A
S2140091907F03194308E09DF81C300A43DB0603F002
S2140091A0C053134343F060410023C4E900108DF818
S2140091B00730B5B1202221460DF1070026F0C9FF81
S2140091C01A220DF10700211D26F0C3FF0820636850
S2140091D09DF8072043EA8263636002B070BD1143C6
S2140091E0E2E71B220DF10700214626F0B2FF2368B6
S2140091F09DF80720042043EAC2632360EDE700BF22
S21400920080FFFF0738B5094B0D461A680021044653
S21400921011F014FB00234FF0FF322383C4E900252E
S2140092202361A260E382A37638BD00BF4438040001
S2140092300138C0B205289ABF014B185C0120704760
S214009240493804002DE9F0410746154600240E462D
S214009250596888B0490A012922464FEA510104F1AB
S2140092600104F8D8DC78997824031B88C90201F435
S214009270006104F480540C43C3F30A0352032344EE
S21400928092B24FF000089C18274B6FEA04440393F1
S21400929025F07843ED4302A90DF107001B22029347
S2140092A08DF8078026F055FF9DF80720029B02A93F
S2140092B043EAC2630DF107001B2225F078450493AC
S2140092C002958DF8078026F044FF9DF80720029B44
S2140092D06FEA144443EAC26305934FF0FF330794E2
S2140092E0069307A9BB69012206F110009847BB69DF
S2140092F005A90446012206F108009847BB694045C7
S21400930018BF044604A90122301D98470122404593
S21400931018BF0446BB69304603A99847404508BFB6
S214009320204608B0BDE8F08101009AB238B5104B6F
S2140093300546D3F800310C4603F00303022B0BD08E
S214009340032B0DD0012B0FD12EF0EEF9032305B120
S214009350286004B1236038BD2EF030FA0723F6E704
S21400936030F076F80623F2E701230020EFE700BF8F
S2140093700080005038B5134B0546D3F820010C4644
S21400938000F0070004281AD8DFE800F003090D11E2
S2140093901500012305B1286004B1236038BD2EF006
S2140093A089F90423F6E72EF0BFF90323F2E72EF03F
S2140093B0C1F90523EEE72EF0B3F90223EAE700230E
S2140093C01846E7E70080005038B5104B0546D3F83E
S2140093D040310C4603F00303022B0BD0032B0DD0B9
S2140093E0012B0FD130F036F8082305B1286004B100
S2140093F0236038BD2EF0E2F90723F6E730F02DF8AB
S2140094000923F2E701230020EFE700BF00800050A9
S21400941038B5104B0546D3F860310C4603F003030D
S214009420022B0BD0032B0DD0012B0FD130F012F8EE
S214009430082305B1286004B1236038BD2EF0BEF9BC
S2140094400723F6E730F009F80923F2E701230020A6
S214009450EFE700BF0080005041F6713210B5104CA7
S214009460104BA04294BF00240124D969DA639A689D
S21400947001F4803122F4401242EA04529A600A4A09
S21400948090420A4AD2F818028CBF40F0020020F040
S2140094900200C2F8180209B10022DA6310BD00BF4C
S2140094A0005A62020000035080F0FA0200C0075023
S2140094B02E4B98424AD022D82D4B984240D014D8F2
S2140094C02C4B984239D00AD82B4B984232D02B4B93
S2140094D098422FD02A4B98422CD000207047294B18
S2140094E09842FAD1284B186F7047284B98422AD0DA
S2140094F0274B9842F1D1244BD3F880007047254B78
S21400950098422BD009D8244B984223D0234B98421C
S214009510E3D11D4BD3F88C007047214B984221D0E5
S21400952003F5740303F510539842D6D1164BD3F8BF
S21400953098007047144B986D7047134B586E7047E1
S214009540114B586F7047104B986F70470E4BD3F8FF
S214009550840070470C4BD3F8880070470A4BD3F84A
S21400956090007047084BD3F8940070470048E80115
S2140095700024F400C0CF6A0080841E0000093D006D
S21400958040420F00405DC6000080E00FC0EA2101A7
S21400959080BA8C01007E560380D54302006CDC0244
S2140095A00090D00337B50C460021114B0191D3F83B
S2140095B08031054603F00303022B0ED0032B11D097
S2140095C0012B03D101A8FFF7D5FE0D210DB1019B9C
S2140095D02B6004B1216003B030BD2EF0ABF805213E
S2140095E00190F3E72EF09CF802210190EEE700BF11
S2140095F00080005038B5104B0546D3F840320C4674
S21400960003F00303022B0BD0032B0DD0012B0FD13D
S2140096102FF020FF082305B1286004B1236038BD71
S2140096202EF0CCF80723F6E72FF017FF0923F2E712
S21400963000231846EFE700BF0080005038B5144BF3
S2140096400546D3F800020C4600F0070004281BD895
S214009650DFE800F003090D111500012305B12860AD
S21400966004B1236038BD2FF0F5FE0823F6E72EF090
S214009670A5F80723F2E72FF0F0FE0923EEE72EF019
S21400968039F80C23800AE9E700231846E6E700BF0E
S2140096900080005038B5144B0546D3F808020C4637
S2140096A000F0070004281BD8DFE800F003090D11BE
S2140096B01500012305B1286004B1236038BD2FF0E2
S2140096C0C9FE0823F6E72EF079F80723F2E72FF015
S2140096D0C4FE0923EEE72EF00DF80C23800AE9E716
S2140096E000231846E6E700BF00800050032814D089
S2140096F005D8012805D0022809D0002005E00F284B
S214009700FBD1084B186FC0F3013001307047054B92
S214009710D3F89000C0F30460F7E7024B186FC0F36D
S2140097208020F2E7008000501FB500230193252813
S21400973017D8DFE800F0131A1D272C363B51565B6E
S21400974060656A78161A401616561A272C27361A97
S2140097505127783B3B3B3B2727275B602DF0B0FF2C
S2140097600190019805B05DF804FB2DF0C3FFF7E704
S2140097702DF0A6FF02460220FFF7B8FFB2FBF0F27C
S2140097800192EEE72DF0B6FF02460320F4E72DF037
S214009790B1FF02460320FFF7A9FFB2FBF0F2520822
S2140097A0EEE7002101A8FFF7FDFEDAE7002101A899
S2140097B0FFF7E0FDD5E702934FF0E0231B695B0758
S2140097C005D52DF097FF0290029B0193C9E703A9E8
S2140097D002A8FFF7F9FDF7E7002101A8FFF7F4FD5F
S2140097E0BFE7002101A8FFF713FEBAE7002101A892
S2140097F0FFF724FFB5E7002101A8FFF74BFFB0E70E
S214009800002101A8FFF792FDABE7094BD3F88030A3
S21400981003F00303022BA8D0032B01D000209FE700
S2140098202DF088FF9CE7002101A8FFF7E3FE98E7EC
S2140098300080005008B50120FFF776FFBDE808401D
S2140098400349884294BF01210221032000F002B898
S21400985080F0FA02032810B50C4627D004D8012859
S21400986004D0022817D010BD0F28FCD126F08FFC9C
S21400987026F095FC124A013C136F23F4405343EA4A
S214009880043313672DF036FF0021FFF7E5FDBDE832
S2140098901040FFF7CFBF0A4A4C1ED2F8903023F094
S2140098A0F85343EA0463C2F89030DCE7044A4C1EDF
S2140098B0136F23F4806343EA84231367D3E700BF60
S2140098C0008000501FB500230193252821D8DFE82B
S2140098D000F013202020202A2F454A4F54595E714D
S2140098E020203420204A202020202A204520712FA6
S2140098F02F2F2F2020204F54314B1B6F03F00703D0
S214009900013B032B05D8DFE803F00C02080A04230A
S2140099100193019805B05DF804FB0323F8E70623DE
S214009920F6E70223F4E7002001A9FFF73BFEF0E785
S214009930002001A9FFF71EFDEBE702934FF0E0239E
S2140099401B695B0705D52DF0D5FE0B230393039B00
S214009950DEE703A902A8FFF737FDF8E7002001A914
S214009960FFF732FDD5E7002001A9FFF751FDD0E74C
S214009970002001A9FFF762FECBE7002001A9FFF750
S21400998089FEC6E7002001A9FFF7D0FCC1E70C4B13
S214009990D3F8803003F00303022B03D0032B05D04B
S2140099A00023B5E72DF0A6FE0B23B1E72DF0C2FE8F
S2140099B00523ADE7002001A9FFF71CFEA9E700BFBD
S2140099C00080005008B50320FFF790FE034B187088
S2140099D026F0DDFBBDE8084026F0E1BB175A002064
S2140099E010B504462DF086FE0021FFF735FD1CB1AC
S2140099F0BDE81040FFF71EBF034B0320BDE8104034
S214009A001978FFF727BF00BF175A002038B505465C
S214009A10FFF74EFD204B04465A68012A04D11F4921
S214009A204A609A699207FCD10020FFF74BFF042892
S214009A3003D126F0ACFB26F0B2FB194A24F04073A3
S214009A4095421FD0174A95421FD0174AD16811F089
S214009A50060FFBD19068936091684B4013F4F81F93
S214009A6016D12846FDF766FD0020FFF72BFF0428D9
S214009A7010D12DF03FFE0021FFF7EEFCBDE8384088
S214009A80FFF7D8BE43F00073DFE743F08073DCE7F0
S214009A909060E9E738BD00BF00C0015000E001500B
S214009AA040420F0080841E000000015070B504463E
S214009AB00020FFF707FF03287CD045F60E0302219F
S214009AC0414AC2F88030414B9962012103F5805328
S214009AD09962936DD903FCD4D4E900131B0543EABD
S214009AE00163E17B94F823500B43217B43EA014357
S214009AF0617B43EA0133A17B43EA811313619169D9
S214009B00D4E904031B0643EA806301F000410B43DB
S214009B10A17EE07E0B43217E43EA0143617E43EA59
S214009B2001239361E169136A002923F00D0343EAD8
S214009B30010314BF0121002143EA800343EAC10365
S214009B40136294F8203094F82200916A4FEA431387
S214009B5031D194F8216021F0330143EA06130B4318
S214009B6043F0010393621A49174A936D31EA0303DF
S214009B70FBD10221154B9962936D5B00FCD41369EF
S214009B80A16823F4700343EA015313614FF00042C7
S214009B900E4B9A6118B9022203F580539A6215B9E2
S214009BA001220C4B9A6294F824301BB1064B0A4AE9
S214009BB0C3F8802070BD21F0330129430B4343EAEC
S214009BC040039362EFE700BF00C0005000D0005093
S214009BD00300014000E00050F1A7FFFF014B93F99E
S214009BE000007047185A0020014B1880704700BFCD
S214009BF0186900200C4A10B51369044643F00403A4
S214009C0013612EF0E7F826F0CEFA084B084AC3F8A0
S214009C10202430BF26F0C8FA01F0E2FE1CB9BDE8E9
S214009C2010402DF067BD10BD00ED00E000E00350D1
S214009C300000FFFF034A0179D36E23F030030B4385
S214009C40D36670470040005041F67132034BDA632A
S214009C50012203F50053DA60704700BF000003508E
S214009C6041F671320121044BDA6303F50052D160EC
S214009C700022DA63704700BF00000350044B1868E8
S214009C80421C02BF034AD2F894001860704700BF17
S214009C902C64002000400050CB784A7810B55B0159
S214009CA00C7843EA82030A79234343EA02130C2220
S214009CB0424302F1B0421363012C02BF8A78024B82
S214009CC043F8202010BD00BFD080035008B54FF0E9
S214009CD0B0435A6802B960B15B680BB126F06DFA02
S214009CE04FF0B04130B10120074B586026F065FABE
S214009CF0C86008BD26F061FA0223CB6026F05DFA44
S214009D000122024B5A60F4E7001000580020005869
S214009D104FF0B0414B6810B50BB126F04EFA012259
S214009D200B4BC4785A608378934043EA84034478A4
S214009D302343047943EA0413447943EAC4038B605B
S214009D40044B5A600378C3F10203CB6010BD00BF1A
S214009D500020005800100058054B5B69C3F38512BD
S214009D60827003F03F021B0B42700370704700BF07
S214009D7000C007500120034B9B680A3303F01F0303
S214009D80984070470080E00F034BD3F82424D3F8A4
S214009D9020041040704700BF00C003502DE9F84370
S214009DA01E4B0546D3F810334B1E0E2B0E46174699
S214009DB090F8009044781DD909B34FF00008284663
S214009DC0D7B12FF04DFB09EB4903072C4FF00F01DD
S214009DD04FEA031315D8A400114808FA04F2A1406C
S214009DE0184426F0F2F9BEB928468FB1BDE8F8430C
S214009DF02FF036BB8846E2E726F0F6F9E3E788461A
S214009E00E1E7083CA400074808FA04F2A140E7E7A7
S214009E10BDE8F84326F0E8B9BDE8F88300C0035073
S214009E2004C003500CC003502DE9F041204B1646E9
S214009E30D3F810234A1C05460C46407804D1D3F8C4
S214009E40241426F0DFF90446002C2EDB072C14DC45
S214009E5003274FEA84082A7807FA08F73946154890
S214009E6002FA08F226F0B1F96A78394602F00302DF
S214009E70114802FA08F226F0A8F9012316F0050F99
S214009E800E4A18BF0E4903FA04F30CBFC2F810348A
S214009E90C1F8103416F0060F18BF094AC2F8143479
S214009EA00123064AA340C2F820342046BDE8F081CC
S214009EB000C0035000C4035008C4035000E0035021
S214009EC000D0035070B504462AF081FD064630B92E
S214009ED00FCC044D0FC594E80F0085E80F00304600
S214009EE070BD00BF083B002047F6FF739A42F0B5EE
S214009EF070D0022970D8394B5B5C022B6CD8384D79
S214009F00DE0005EBC304A77815F83330012F394679
S214009F1038BF0121012B16D1E078401A0021884273
S214009F2005D8012F2CBFC0190130C0B2F0BD431AAE
S214009F306568A0EB530335F913509542D4BF194614
S214009F4003F1FF30EBE760680028EFD0B0F900407F
S214009F50944204DBB0F902409442B8BF14468388AA
S214009F603544FF2B19BFC8232827B0F90630B0F9AF
S214009F700870A3EB04030CBF0122002293FBF7F347
S214009F806E7813441BB29E4201DD002B01DA731E6D
S214009F901BB24FF47A7C00EBC305EA88AD685F1C01
S214009FA014FB02521D4622EAE2723BB25C329E422B
S214009FB0B2FBFCF204DD00EBC307BF889742EAD28F
S214009FC000EBC5039888904228BF1046884238BFE9
S214009FD00846AAE7FF20A9E70020A7E74F380400B5
S214009FE0083B00200229F0B560D8314B595C0229A5
S214009FF05CD8304B13F83100012816D103EBC103AF
S21400A0009C78D878012C214638BF0121904294BF15
S21400A010C1EB0001C1EB0201001BCAB28242C8BFFD
S21400A02000225B6833F91200F0BD002A3CD003EB37
S21400A030C1035968002939D09878904202D3B1F903
S21400A0400200F1E7DC78B1F900009442ECD95C78C4
S21400A0508B88013CA3F1FF06734201F10405E4B2CC
S21400A060734101F10C07DEB2B44216D805EBC30308
S21400A0704FF47A756A43B3F902405B68D21A04EB70
S21400A080D47302EB630292FBF4F29042CCDBB1F99C
S21400A09002009042C8DC10B2C6E737F833C05E1C38
S21400A0A09445E3D33346DEE70348BDE70348BBE702
S21400A0B04F380400083B00200CFEFFFF0080FFFF27
S21400A0C008B50448FFF7FEFEBDE8084001202AF068
S21400A0D084BC00BF543804007FB51422002101A8B8
S21400A0E010F0ACFB044B01A94FF0FF3002932AF0AE
S21400A0F0BAFC07B05DF804FB006A18002DE9F041D1
S21400A1008CB08846DDE912761D460446002847D006
S21400A110002945D0002F43D0002E41D013F00F0366
S21400A1203ED120482049A360002A08BF014623628A
S21400A130C4E90013404609A926F0F6F868BB204695
S21400A14009992FF0E8F9294620462FF0E4F96946E8
S21400A150404626F078F900BB6946204626F0A3F96B
S21400A160404603A926F07AF9B8B9204603A926F096
S21400A1709AF906970127204645F0005506A9079745
S21400A180089526F090F9204609A909960A970B9596
S21400A1902FF0E7F920462FF0A1F90CB0BDE8F081CA
S21400A1A02120FAE700010004000101042DE9F04F28
S21400A1B097B0894690461F460546DDF880A00028E1
S21400A1C000F0BB80002900F0B8803AB1229B002B3B
S21400A1D000F0B380239B002B00F0AF80BAF1000F95
S21400A1E000F0AB80219B002B00F0A78067B13C6895
S21400A1F00026229B43440293464507D307B13C60A2
S21400A200002017B0BDE8F08F3C46F1E75CB1229B1A
S21400A210219A9B5D125D01345340239A04F00F048B
S21400A22093550136E8E7A8EB060BBBF10F0F58D99C
S21400A230434B4846C5E90034AC602C6213A926F0AF
S21400A24073F80028DDD1284613992BF00F0B2FF05A
S21400A25062F9594628462FF05EF9484604A926F0CA
S21400A260F2F80028CDD1284604A926F01CF9484665
S21400A27007A926F0F3F80028C3D1284607A926F038
S21400A28012F9012322992F4ACDF828A00B930C929D
S21400A2908A190D9228464BF000520AA90E93039293
S21400A2A00F9226F000F928460DA926F0FCF8239B0D
S21400A2B0039A99190123109111931292214A284664
S21400A2C010A9CDF84CA0149315922FF04AF9284601
S21400A2D013A92FF046F928462FF000F95E4400280F
S21400A2E08FD1229B03EB060B239B1E44029B9B45B0
S21400A2F001D1464680E7ACB9219B2246CDE900A3B2
S21400A300494610232846FFF7F9FE00287FF479AF68
S21400A3100AF1100212F8013D0133DBB213700BB9DB
S21400A3205245F7D1219A1BF8013B125D0134534088
S21400A33006F8013B04F00F04D8E7212061E700BFD0
S21400A34003030004100000207FB50E461D46044699
S21400A350F0B102B9E3B901230192029345F000532C
S21400A360039300230B4AA360C4E90023236220461C
S21400A37001A926F098F8314620462FF0CCF8204662
S21400A38029462FF0C8F820462FF0A8F804B070BD74
S21400A3902120FBE700000943084B984202D0084BF7
S21400A3A0984207D10B88B3F5105F14BF6FF0850095
S21400A3B0002070476FF08500704700BF00444004DF
S21400A3C00013C0041038102808D8064BC34013F0FA
S21400A3D0010F0CBF6FF08600002070476FF08600FC
S21400A3E0704700BF010101002DE9F04FA7B008AF8C
S21400A3F0CDE90501DDE93295DDE9346A00210792F1
S21400A400384610229846DDF8D8B010F017FA102219
S21400A41000210CA810F012FA069B2BB96FF08604E8
S21400A420204627B0BDE8F08F079B002BF6D0B9F189
S21400A430000F01D1002DF1D1309B13B9319B002BB9
S21400A440ECD116B9BAF1000FE8D1BBF1000FE5D098
S21400A45040460599FFF7A0FF04460028E0D10146D4
S21400A46028221CA810F0EAF92022214614A810F091
S21400A470E5F91CA82FF045F8002840F0AF80DDE98C
S21400A4800612059814AB26F05AF804460028C7D1E1
S21400A4901498FFF797FF04460028C1D115B9CBF8EA
S21400A4A00000BDE7B14518D209EB05039E4214D261
S21400A4B05545B3D82A464946304610F011FA554B52
S21400A4C0984526D006D3544B984524D003F54073C0
S21400A4D0984520D06FF08504A2E74F4B98451BD0D7
S21400A4E003F54073984517D04A4B9845F2D1554529
S21400A4F094D815F00F0291D12B46CDE9009614A9F9
S21400A5001CA8FFF7FBFD814600285CD1CBF8005065
S21400A51086E7B146EDE7B1461022002110A810F0FC
S21400A5208DF955453FF67AAF3C4B9845319B39D16E
S21400A5300D2B7FF473AF01238DF84030309B0DF167
S21400A540410203F10C0153F8040B8B4242F8040B52
S21400A550F9D11B78137001238DF84F3015F00F08D2
S21400A56042D025F00F034B440DF1300C03F1100ED2
S21400A570624618685968083303C273459446F7D193
S21400A5800F2D33D825F00F03334403930CABCDE9DE
S21400A590017310AB00934246002314A91CA8FFF7D2
S21400A5A005FEB0E7102B7FF439AF309B10AA03F1FD
S21400A5B0100E9446186859680833ACE803007345D3
S21400A5C06246F6D1CAE752460021304610F036F908
S21400A5D00023B9F1010FCBF8003002D06FF09204DF
S21400A5E01EE76FF08B041BE70F2D8FD910ABCDE95C
S21400A5F0029600930197002325F00F0214A91CA8C9
S21400A600FFF7D4FD81460028DDD1B8F1000F3FF4F6
S21400A6107DAFB7E7004440040010C0040013C00438
S21400A6202DE9F04F8A46A1B00021DDE92A56DDE982
S21400A6302C790590934606A81022984610F0FEF84E
S21400A640102200210AA810F0F9F8BAF1000F05D17F
S21400A6506FF08604204621B0BDE8F08FBBF1000FF6
S21400A660F6D00DB9002EF3D117B9B9F1000FEFD11E
S21400A6702E9B002BECD040460599FFF78DFE044636
S21400A6800028E7D10146282216A810F0D7F8202285
S21400A69021460EA810F0D2F816A82EF032FF002899
S21400A6A054D15A46514605980EAB25F048FF04464D
S21400A6B00028CFD10E98FFF785FE04460028C9D1A2
S21400A6C016B92E9B1860C5E7BD4216D2AB199F423D
S21400A6D013D24E45BCD832462946384610F000F90B
S21400A6E03A4B98455BD003F54073984531D0384BCC
S21400A6F0984511D06FF08504ACE7344B98454FD0A1
S21400A70003F54073984525D0314B9845F2D14E4518
S21400A71003D96FF089049DE73D46330798D1334649
S21400A7200122CDE900570EA916A8FFF7E7FC2E9BDD
S21400A73005461E6000288DD04A460021384610F097
S21400A7407DF800232E9A012D13603BD06FF0920403
S21400A75080E73D460D3E4E45DBD801238DF8283078
S21400A7602B460DF1290205F10C0153F8040B8B4220
S21400A77042F8040BF9D11B780D3513704FF4807333
S21400A780ADF8363006AB01930AAB00933246002391
S21400A790CDE902570EA916A8FFF708FDC7E73D4604
S21400A7A0103E4E45B5D82B460DF1280C05F1100E7F
S21400A7B0624618685968083303C273459446F7D151
S21400A7C01035DFE76FF08B0444E700BF0010C004CD
S21400A7D00044400410B54FF42F720021044610F0D8
S21400A7E02DF88023C4F88C30054B04F19C00C4F887
S21400A7F08430012384F88830BDE8104024F087BFF9
S21400A80057A0030010B5D0F8A0400A468CB926F031
S21400A810ACF8044610B90024204610BD2D2896BF7B
S21400A820064B074953F82010064A074826F0E3F976
S21400A830F2E7D0F8A4101046A047ECE74039040031
S21400A8405AA00300AF9D03008AA10300F8B590F854
S21400A8508060044616B100263046F8BD25F0B8FEE6
S21400A8600028F8D1012384F8803094F8883033B17A
S21400A870D4F884101F4884F8886026F0BCF94FF09E
S21400A880FF37D4F8B402421C1FD0C4F8B47210F0DC
S21400A890FF052CD0204625F098FE2946204600F0DD
S21400A8A0A7FB0028EDD0204625F09DFE94F88830C2
S21400A8B03BB1D4F884100F4826F09DF9002384F8A5
S21400A8C08830002384F88030C6E726F079F9431CE8
S21400A8D0DDD1D4F88C30D4F89420013B9A4204DBC6
S21400A8E0054A0649064826F086F90126E9E70126C4
S21400A8F0C7E700BF2CB30300AF9D030068A00300AA
S21400A9008AA10300F8B50B780446302B0D46164690
S21400A91004D14B7803F0DF03582B11D0284F6A1E62
S21400A92012F8011F002934D128460A220FF076FEBD
S21400A930202C03460D4631D1B1FA81F040091AE0C9
S21400A9404A1C1F4912F8013F8BB928460FF072FEC9
S21400A9501C4B02382340032B12D10134A41084422E
S21400A9600AD1A87837288CBF0020012003E0CB5CF2
S21400A97013F04400E6D1F8BDCCBF01200020FAE772
S21400A980002CB8BF0334B0EBA40FD4BF01200020C6
S21400A990F1E77B5C13F00400C2D1ECE726B1084374
S21400A9A002D0013B61F100050122A240013A1A40A3
S21400A9B0002D08BF9A420CBF01200020DBE700BF35
S21400A9C0A55F040003000080F0B5037801467B2BEA
S21400A9D017D10646022400220B4F16F8015F7D2D84
S21400A9E005D10B5D6BB9D24302F0010008E07B5D38
S21400A9F013F0440002D001320134EEE7202DFBD0E4
S21400AA00F0BD0020FCE700BFA55F040070B5064659
S21400AA100D460FF00FFE0446304626F0ECF8044EC6
S21400AA20AC4200D370BD304626F0E5F80134F7E7B7
S21400AA3004AA03002DE9F84F044602215148FFF707
S21400AA40E5FF1E212068FFF7E1FF6368586826F0DF
S21400AA50D2F84D4826F0CFF867683B7BFD2B12D81E
S21400AA60D7F808804FF0FF3640460FF0E3FD054666
S21400AA70DFF81091DFF870A1DFF84CB10C3717F84B
S21400AA80013BFF2B01D1BDE8F88F212B18D8212BD5
S21400AA9036D8DFE803F0377274111B1D1F213535D9
S21400AAA0353535353535232527292B2D2F313535A9
S21400AAB03535353535353D33344C002D2BD12EE02C
S21400AAC0334C344AFE2B08BF1446F6E7324CF4E704
S21400AAD0324CF2E7324CF0E7324CEEE7324CECE721
S21400AAE0324CEAE7324CE8E7324CE6E7324CE4E731
S21400AAF0324CE2E7324CE0E7324CDEE7324CDCE741
S21400AB00234CDAE7314CD8E726F069F801362AE01C
S21400AB10002DB4D02E4C202B06F10106AFD002211A
S21400AB204846FFF773FF1E214846FFF76FFF504663
S21400AB3026F061F85946204610F0D6F82549002838
S21400AB4018BF2146244826F056F83B78202B02D121
S21400AB502B2026F044F8214826F04DF84DB118F881
S21400AB6006301F2B05D018F806001F2801D0AE426D
S21400AB70CADB054826F03FF881E7194C9DE7194CDB
S21400AB809BE700BF18ED0300AF9D030012A1030072
S21400AB9024A103004ABD03006FA1030076A10300B1
S21400ABA067A1030063A103005AA1030050A103009C
S21400ABB046A103005BA1030051A1030047A10300C7
S21400ABC03CA1030035A103002CA1030011A1030042
S21400ABD017A1030022A103002CB303009BA40300CB
S21400ABE06EA1030075A1030032BE03002DE9F04FED
S21400ABF09BB005468B460024009203930FF01AFD87
S21400AC00249F039B04901C6028463C600AAA09A95E
S21400AC1026F013F8064658B90A980FF00BFD34468E
S21400AC20B046039B1860D5F89C300293029B1BB974
S21400AC3020461BB0BDE8F08F029BD3F80890B9F110
S21400AC40000F6CD02E4416F8013B202B11D00026A6
S21400AC500C23734309EB030A59F803300193002BC6
S21400AC6058D0099B434555DB9AF808202AB1721C38
S21400AC7039E03B6801333B60E5E73968D5F8942056
S21400AC800793039B521A1A601AAB03EB880151F81C
S21400AC90403C0199184605930FF0E6FF0690002801
S21400ACA0E5D101980FF0C6FCDDE906230146DAF887
S21400ACB00400D7F800A090F80CC0BCF1FE0F16D127
S21400ACC003F1FF3EC64512D0D0F8009005980192D9
S21400ACD00FF0B0FC0AF1010A019A50442B5C23B134
S21400ACE0386008F101081646B2E70130F6E7D5F8F5
S21400ACF094200591A2EB0A028A4220DC58460FF007
S21400AD0099FC059901447B290DD958461F4A00999C
S21400AD1024F024FD2B46049A2A4493422CD1029B0D
S21400AD201B68029382E7DDE90012584624F016FD00
S21400AD305846174A0099013424F010FD97E7BCF1F5
S21400AD40FE0F94D1013B434591D1D0F800A0DFF827
S21400AD5040905AF80C2B22B9049B3B60039B1A6068
S21400AD60D8E75846009924F0F9FC4A465846009918
S21400AD7024F0F4FC0134ECE713F8011B0029CCD1D5
S21400AD804FF0200103F8011CC7E700BF7CA10300B9
S21400AD9004AA03002DE9F047002486B01C60DDE914
S21400ADA00EA8064689468AF800401168154888F8B5
S21400ADB0004017461D468DF81740FCF729FB18B9CA
S21400ADC001242B6801332B600020D6F89C6036B92E
S21400ADD014B1012388F8003006B0BDE8F087B068EB
S21400ADE068B14B460021CDE902A8CDE900750DF10A
S21400ADF0170225F059FD9DF81730002BE8D136686C
S21400AE00E5E700BF81A103002DE9F0470446ADF554
S21400AE10447D8022002104A802AF0FF00FFD80229F
S21400AE202046009703AB04A9FFF7E0FE01283DD1BA
S21400AE3004A80FF0FFFB03993B68461A0B4426EA6A
S21400AE40E6762344054604A83246014418460FF029
S21400AE5085FE00228255D4F89060039B3968D4F8AA
S21400AE6090201944B14212DCD4F89410E81A024437
S21400AE70C4F89020014404AAC4F89410D4182518E5
S21400AE802B1B002B0DDC0DF5447DBDE8F087A05C88
S21400AE9025F0A5FED4F8903001360133C4F8903082
S21400AEA0DBE714F8010B25F09AFEE9E7EBDD24ADAD
S21400AEB08022002128460DF5887A0FF0BFFC0DF1A0
S21400AEC010094FF40072002150460FF0B7FC4FF007
S21400AED001084A46002312F8016BA6B904A84AF8EE
S21400AEE028300FF0A7FB2946334698451CDB19F897
S21400AEF0016B0DF5887C5CF8042B82420CD101F8BE
S21400AF00016B0133F1E7202E03F1010304BF4AF879
S21400AF10283008F10108DEE70DF1100E7244D25C0D
S21400AF20B242E8D00022EA54D4F89060039BB342C1
S21400AF302FDC23462C4A04A92C4825F05CFE284624
S21400AF400FF078FB0646039B3F68F61A1F4426EA76
S21400AF50E672E01917441D44E11904F19003994282
S21400AF603CD904F19803984238D26A1E81190B1A0C
S21400AF70002B27DD12F8013F00F8013BD4F8903093
S21400AF800133C4F89030D4F894300133C4F89430C8
S21400AF90EDE7D4F890300136E05C25F020FED4F8DA
S21400AFA090300133C4F89030C0E7D4F89020013BCD
S21400AFB00132C4F89020D4F894200132C4F89420CA
S21400AFC0002BF2DC00232E44E355731B002B7FF787
S21400AFD05AAF15F8010B25F002FEF6E729460FF0EA
S21400AFE0BDFD3346ECE700BF57A0030086A1030073
S21400AFF02DE9F843D0E9245604460F46002294F87B
S21400B0009830012B07D10A2F07D1002384F89830F7
S21400B0100020BDE8F88300F29F801B2F01D1022399
S21400B020F4E70D2F0DD1012384F898300D2025F07C
S21400B030D6FD0A2025F0D3FD00230120C4E92433E1
S21400B040E7E74FF00008082F84F8988034D145458C
S21400B05030DDB5420FD1384625F0C1FD202025F061
S21400B060BEFD013D384625F0BAFD013E04F80580D8
S21400B070C4E92456CCE7FBDA05F1FF39384625F05B
S21400B080AEFD04EB0903A6EB0902611918460FF0A2
S21400B09027FC04F806800146013E484825F0ABFD33
S21400B0A035464D4501DC4D46E2E7082025F097FD84
S21400B0B0013DF6E7ACD0DBE77F2F1CD1002EA7DDE5
S21400B0C0B542A5DA6319691C21441846721B0FF0B5
S21400B0D007FC04F806800146394825F08CFD082058
S21400B0E0013E25F07CFDB542F9D1D4F89430013B01
S21400B0F0C4F894308CE70A2F98D0092F03D1204645
S21400B100FFF782FE84E7D4F88C30013BB3427FF72A
S21400B1107FAFB54204EB050805F101090CDB3846A4
S21400B12088F80070D4F89430C4F890900133C4F8CE
S21400B130943025F054FD6BE74146721B04EB090082
S21400B1400FF0CEFB404625F056FD0820013E25F0C8
S21400B15046FDB542F9DDE2E7022B06D15B2F01D1B1
S21400B160032353E784F8982049E7032B7FF450AF76
S21400B170413F84F89820032F3FF64AAFDFE807F0F8
S21400B18002070A160121204625F0DAFC40E74FF0B8
S21400B190FF31F8E7B542BFF63BAF605D25F01FFD17
S21400B1A0D4F890300133C4F8903031E7002D7FF7A3
S21400B1B02FAF013D0820C4F89050BAE78FA10300D6
S21400B1C089A5030008B50248FEF720FC002008BD4C
S21400B1D000B4C40430B58BB06C46174D0FCD0FC409
S21400B1E00FCD0FC495E8030084E80300134BD3F893
S21400B1F04C2112031CD5A3F5FE431C884FF6FF73A3
S21400B2009C4208BF8C248DF81940FEF7E7FC2044CA
S21400B21080F308008DF818000948FCF791F9684695
S21400B220FEF744FC3220FEF7DFFC00200BB030BDFA
S21400B230D3F85041E4B2E6E7F83904000080E00FA6
S21400B24000F049020028ACBF00F16040064B4FEA10
S21400B2500111C9B2ABBF00F5614000F00F0080F8E5
S21400B26000131954704700BF14ED00E008B52EF027
S21400B270E9F80B4B1A7872B901221A702EF0DDF835
S21400B2806FF0040210460132052152B2FFF7DAFFD2
S21400B2903D2AF7D108BDBDE808402EF0CEB800BF65
S21400B2A0195A0020002807DB01234109034A00F051
S21400B2B01F00834042F82130704700BF00E100E0E5
S21400B2C0054B421153F8223000F01F0023FA00F01D
S21400B2D0C04300F00100704700E100E0002808DBF2
S21400B2E001224309034900F01F008240603341F801
S21400B2F02320704700E100E010B504462EF095F8D4
S21400B300024B1C602EF08CF8002010BD303B002055
S21400B31010B52EF08AF8034B1C682EF081F82046F4
S21400B32010BD00BF303B002038B50C461546014620
S21400B33010B9FFF7EDFF01462B46224603480EF0F4
S21400B3408DF90028D4BF3720002038BD910D0300AA
S21400B35008B500F0E3FB18B16A2102482EF064F944
S21400B360002008BD94A1030008B500F049F80C4A77
S21400B370536A43F470235362EFF308834FF0CD31E2
S21400B380084A043B934208D200F070FAFFF7E0FF49
S21400B390BDE808400448FEF795BD43F80419F1E7F8
S21400B3A000ED00E0080000205438040007B5042231
S21400B3B000200DEB020129F0CEFA042803D0D72195
S21400B3C004482EF031F9019800F0DCF903B05DF87E
S21400B3D004FB00BF94A10300082310B50C0A4140EB
S21400B3E00648C9B241F30002013B024013F0FF03D6
S21400B3F082EA5101F6D184EA010010BD2083B8ED3F
S21400B40038B5FEF73BFC044624F0D1FEE3072AD409
S21400B41001221046114600FA01F3234002F1010210
S21400B42023D01D4B33F811301C48062B0288448865
S21400B4301B4920D14FF20F039C4219D1B2F5406F41
S21400B44028BF4FF4C0624CF23C330A80438040F27F
S21400B45001730A889A4201BF124B134AD2E90001CF
S21400B460C3E9000115E00021DBE7102AD2D1DBE7B3
S21400B4704FF4C062E7E740F20725AB420AD14FF22D
S21400B4800F05AC4206D19A4204D14CF23C320B80F6
S21400B490428038BD0B80DAE7B83B04002C61002000
S21400B4A006550020343B002024610020014B1888FC
S21400B4B0704700BF06550020014B1888000A7047E9
S21400B4C006550020044B05481B881A0AB3F5406F42
S21400B4D038BF00EB8200704706550020883B04000A
S21400B4E0044B1888044B020A53F82230C0B203EB10
S21400B4F08000704706550020583B040010B50446EF
S21400B5002DF097FF4FF20F02044B1C805A80BFF3BA
S21400B5105F8FBDE8104025F005BC00BF2C61002001
S21400B5206D4A2DE9F0416D4B55686D4C5D65516A6D
S21400B53099656C49D1F80002D865D1F80412586BA9
S21400B5401966916A10F0040F5966D16A4FF0000030
S21400B5509966116BD966516B1967D26BD8645A67B6
S21400B560D3E90E1218BF11465F4A91421A655DD3A1
S21400B57001F12000A04259D88869C5F3080518646F
S21400B580CE69062D5E6455D1584DA84252D3584D0B
S21400B590A8424FD205884DF6426085424AD11868C7
S21400B5A0C3F890005868C3F8940040F20170A242B5
S21400B5B0154604D22E680432B6F1CD3FF7D00022ED
S21400B5C0C3E91E22C3E92022C3E92222641BDFF856
S21400B5D01CC1434DDFF818E19C648D422DD8D3E999
S21400B5E01EC7D3E92065D3E922414FF0000E013A89
S21400B5F0D2B2FF2A3CD1BEF1000F05D0C3E91EC768
S21400B600C3E92065C3E92241B3F85430C3F3080305
S21400B6100C2B3BD8022B54D9DA1E092A51D8DFE866
S21400B62002F03157404350505050504D0021C3E96E
S21400B63010112D494FF42060B9E755F8044D6445C4
S21400B640CBD37445C9D2E607C7D50026294F57F88D
S21400B650048FA045C1D00136062EF8D132B1013A8A
S21400B660D2B202F11E0643F82640B6E70522F8E7F6
S21400B670E0464FF0010EBC4637462E4625460C46A1
S21400B6804146B4E740F60120BDE8F0813B2B18D1D7
S21400B690194B9B6913F0020F40F2025318BF18466D
S21400B6A0F2E740F60320EFE740F6042240F201738B
S21400B6B0B0F5206F0CBF10461846E5E740F60520AB
S21400B6C0E2E740F60722013B4B2B98BF1046DBE72C
S21400B6D040F60220D8E700BF00ED00E094600020AE
S21400B6E00810002000E100E008000020D042000022
S21400B6F0409A0300086100200080015A00F00CB850
S21400B70000F00AB800F008B800F006B800F004B878
S21400B71000F002B800F000B872B61EF0080F09D0AC
S21400B7201EF0040F0DD0DFF850E0AEE8FF1F6FF0FC
S21400B73002000CE0DFF840E0AEE8FF1F6FF00E00FE
S21400B74005E0DFF834E0AEE8FF1F6FF0060069465C
S21400B750EFF309828EE8070086460848084C8545C0
S21400B76001D3A54501D384F30888FFF7D9FE84F3F7
S21400B7700888FFF7C3FE0000946000204800002001
S21400B780081000204BF6EF6283B2002B08BF13466A
S21400B790044A000C13804FF6CE2308BF1846024B0F
S21400B7A0188070471C6900201A6900200B4BB3F9FB
S21400B7B000201888002AB8BF80F0620042001A8075
S21400B7C0074AB2F9001013880029BCBF83F48053DF
S21400B7D083F00B0359001180584070471C69002005
S21400B7E01A69002007B5684600F01AF8DDE900017E
S21400B7F00022034B03B05DF804EB25F08FBD00BFBD
S21400B8003C3B002007B5009313460A460146034812
S21400B81025F038FB03B05DF804FB00BF3C3B00207E
S21400B8200249034A0160521A42607047E0690020EC
S21400B83000000120004870473C3B002038B54160BE
S21400B84004462DF0F2FD05462146044823F062FF2B
S21400B8502846BDE838402DF0E3BD00BF643B00201D
S21400B860014823F054BF00BF643B00200222014B76
S21400B8701A6770470040005070B52DF0D6FD174E81
S21400B880054617482DF07CFE3378CBB900F046F914
S21400B890044620B128462DF0C3FD204670BDFFF7B4
S21400B8A0DFFF2DF034FF0F4B1C602CF00FFC0E4B0F
S21400B8B00E4A1860536F43F00103536725F04AFDA4
S21400B8C000F028F825F05DFD094B002418600123E0
S21400B8D0284633702DF0A4FDDFE700BF255A002070
S21400B8E0303A0400683B0020903B002000400050A7
S21400B8F06C3B0020054B1B685843054B00F5742035
S21400B90000F23F20B0FBF3F0704700BF903B0020F2
S21400B91040420F00294B2A4AD3F8003170B503F095
S21400B920030313602CF068F94FF4C870FFF7E2FFCA
S21400B9300022244B24491860244C0B680132D2B2F2
S21400B9400A2A44F8040BF9D1034400EBC000034470
S21400B9500B601F4B1F4D1B7813B3184BD3F80031E9
S21400B96003F00303022B22D0032B23D0012B17D185
S21400B9702BF0DAFE024698B1174B184EDC6800230F
S21400B9801946C4F30B04013404EB84040138E4FBC9
S21400B99006010EF0E7FBFFF7ADFF2B6803442B60B4
S21400B9A01F20FFF7A7FF2B6803442B6070BD2BF00A
S21400B9B005FFDFE72DF04CFDDCE700BF0080005000
S21400B9C0D03B0020943B0020983B00209C3B00206E
S21400B9D0295A0020C83B002000C0015040420F00FA
S21400B9E00122154B10B55A67144B154C1B7813B330
S21400B9F002202DF07DFEF0B12CF0EEFBD8B1A36D49
S21400BA00D90302D5E36D9A0715D40D4B9B6DDB0762
S21400BA1011D401220B4B1A702DF05EFEBDE81040CB
S21400BA20094B0A4A1860136F23F0070343F0030319
S21400BA3013672BF05FBE10BD00D000502A5A0020BE
S21400BA4000C00050275A0020C43B00200080005051
S21400BA500122014B1A7070472A5A002007B5FFF7DB
S21400BA60C1FE01A8FEF778F99DF80530012B25D117
S21400BA70234B9A6DD20311D45A6B6FF3162242F4FD
S21400BA80BC1242F4A0625A631A6B22F4704242F46B
S21400BA9040421A631A6B42F4E0621A639DF804305F
S21400BAA063B94FF000531B68164B1B68164B1B6898
S21400BAB0164B1B68164B1B68164B1B68164AD2F8AB
S21400BAC0803043F00303C2F8803025F062FCFFF7B5
S21400BAD0CDFBFFF777FBFFF77DFB0DF009FEFFF7C9
S21400BAE0CBFE00F01BF825F055FCFFF73DFC25F0DB
S21400BAF060FC28F060FD03B05DF804EB25F04BBC5D
S21400BB0000C00050004000200080002000C0002040
S21400BB1000000120004001200080005070B52DF08C
S21400BB2091FC144E05463478FCB9134B1C60134B3D
S21400BB301C60134B1C6000F031F801202CF03AFC1E
S21400BB402CF02CFC0F4B0246186020B928462DF02E
S21400BB5074FC232070BD234640F2E7310A480EF0FD
S21400BB6001FB0A4B18600123337028462DF065FC54
S21400BB700020EFE72D5A0020E03B0020DC3B0020B1
S21400BB80E83B0020E43B002018FCFFFFD83B0020E9
S21400BB90014B1868704700BFD83B00201FB5002433
S21400BBA0184B18689A880290D3F806009B7A009083
S21400BBB01548ADF80C208DF804302DF0E1FC02A8F5
S21400BBC08DF808408DF80C40FEF7A2F86946012073
S21400BBD08DF80040FEF760F81F220C4B9A615A6100
S21400BBE04FF0B042936A13F00803FBD113620120B2
S21400BBF0FEF76CF80A20FFF771FB0A20FFF752FBEE
S21400BC0004B010BDE13B04002C3A040000200058AC
S21400BC1010B52DF017FC4FF0B04304465B691A07C9
S21400BC20074A03F0010003F00D0348BF40F002008E
S21400BC3053612CF0E7FA2046BDE810402DF0FDBB1E
S21400BC400020005821282DE9F341054604D82C464B
S21400BC50204602B0BDE8F08100240B4E0B4FDFF803
S21400BC6030800023CDF800801A461946386824F044
S21400BC709AF88442EBD2222CE9D056F8043BAB4229
S21400BC80E6D00134EDE700BF003F04002864002042
S21400BC90FFFF0F002DE9F04F644E654D89B025F08B
S21400BCA0D4FB31682868FCF7D1FD0446002827D06D
S21400BCB033680024D3E900019A6912689047336814
S21400BCC004A89B699B689847336802209B69DB68D9
S21400BCD09847326805985368E7B2B3FBF0F3BB4267
S21400BCE0916904F101044ED8CB6800209847336868
S21400BCF09B695B68984731682868FCF7A7FD04468F
S21400BD000027DFF844A1DFF84481DFF84491F4B956
S21400BD10484B2868DB5D002B00F08380D8F8006075
S21400BD2002AB314603AAFCF713FF2D2807D070B9E3
S21400BD30039B012B0BD031462868FDF75DF9DAF836
S21400BD40003031461A682868FDF7D6F804460137F1
S21400BD50222F0AF1040A08F1040809F10109D6D1D4
S21400BD60B4FA84F3344A5B0913702B681B7C33B136
S21400BD7025F037FB18B1DB2130482DF055FC204666
S21400BD8009B0BDE8F08F12680B6907FB00209847E2
S21400BD909FE7D8F8003003AA194402AB0191FCF7DC
S21400BDA0D7FE2D28034601992BD0286813B30BF134
S21400BDB0010B5FFA8BF18E422868EAD8204BDB5DD8
S21400BDC0002BC4D0F3B27E2B2868C0D8D8F8003039
S21400BDD003AA06EB030B594602ABFCF7B9FE2D2867
S21400BDE0B5D059462868FDF707F9013604460028FD
S21400BDF0E8D0ACE7039B7BB999F80020029B9A42F7
S21400BE00D5D099F80030DAF800202868FCF76EFFE5
S21400BE100028CCD00446D1E70191FDF7EDF8019952
S21400BE20EFE7084BA346DE5DC3E700BF08640020CB
S21400BE3028640020DC3E04002F5A00201BA20300CA
S21400BE40BA3E0400763E0400EC3B0400003F0400CB
S21400BE50983E0400F8B51F46214B04461B780D4655
S21400BE60164623B100F47E23B3F50E2F2BD02046C2
S21400BE70FFF7E8FE2128044614D81A4B53F8201082
S21400BE80194B1B78ABB1194B212C18681DD8184BD1
S21400BE901B5DD3B13268FDF72FF8044650B125F08C
S21400BEA09FFA07E0FF2807D93A46314680B224F0C9
S21400BEB0ABFF00242046F8BD4FF4A9710D482DF0C5
S21400BEC0B3FB0021DCE70146DAE77F2D08BF00253B
S21400BED03B46324651FA85F1FCF708FFDDE700BF26
S21400BEE02E5A0020003F04002F5A0020286400200D
S21400BEF0DC3E04001BA2030030B5134600F07E6251
S21400BF00B2F17E6F8BB00DD10A46C0F30B016846C6
S21400BF10FEF71AFA20B140F2931109482DF084FB7F
S21400BF200BB030BD5A0825F05EFA0028F8D04FF462
S21400BF309C7103480BB0BDE830402DF075BB00BFC8
S21400BF40ACA203002DE9F743C70705460E46144684
S21400BF5004D540F2E31149482DF066FBE10704D50D
S21400BF604FF4F27145482DF05FFB454B93F8008087
S21400BF70B8F1000F20D043F260239D4208D122463C
S21400BF80314640480EF0EAFD002003B0BDE8F083DD
S21400BF90C5F30B0705F44055B5F5805F14BF4FF4A5
S21400BFA00F204FF40E20234632467F21384303B03D
S21400BFB0BDE8F043FFF74EBF05F47043B3F5805F6E
S21400BFC03FD1C5F30B05304A05F17E65631E2B4451
S21400BFD0934230D82F46DFF8A49007EB0408474575
S21400BFE042D1AA070ED04FF6FF7336F8022BA81ED2
S21400BFF043EA024304220DEB02010193FFF77CFFA4
S21400C0000235023CA3070ED0023C24F00103F35A8B
S21400C01004226FEA03436FEA13430DEB020128196B
S21400C0200193FFF769FF002CAED022463146284622
S21400C030FFF762FFA8E740F2FD1110482DF0F4FA72
S21400C040C8E705F46043B3F5005F04D1C5F30B05FC
S21400C05005F53E25BEE740F2052108482DF0E4FA36
S21400C0606FF00F074546B6E717F8013BFF2BB6D033
S21400C0704FF4047148462DF0D7FAB0E7ACA203009F
S21400C0802E5A00201E690020FF03E00F10B500F0B6
S21400C09077F825F0F4F9044618B100F079F8204650
S21400C0A010BD00F07BF804460028F6D10122014BB3
S21400C0B01A70F2E7305A0020054B1B7833B1054B57
S21400C0C0C0F3130100221868FCF75ABF112070470E
S21400C0D0305A002028640020144B2DE9F0411B78CC
S21400C0E005460E461746FBB125F0B0F9012805D9DE
S21400C0F0841EE4B2012C09D9212412E03B463146C5
S21400C1002846BDE8F041002200F052B800F038F8AA
S21400C1103B4600223146284600F076F8044600F0FA
S21400C12037F82046BDE8F0811124FAE7305A00209F
S21400C130124B70B51B7804460D461646E3B125F043
S21400C14085F9012805D9831EDBB2012B08D92124E5
S21400C15010E0324629462046BDE8704000F040B860
S21400C16000F00EF820463246294625F08AF90446A5
S21400C17000F00EF8204670BD1124FBE7305A002070
S21400C18008B52DF052F9014B186008BDEC3B0020B5
S21400C190014B18682DF044B9EC3B0020024B19689F
S21400C1A0024B1868FCF752BB086400202864002085
S21400C1B037B505460C46C0F313010848ED02006883
S21400C1C005D5224603B0BDE83040FCF78DBC009391
S21400C1D013462246FCF742FC03B030BD286400201C
S21400C1E030B405461346074A0C46C0F313011068E0
S21400C1F0EA0203D5226830BCFCF77EBE224630BC7D
S21400C200FCF774BD28640020F7B505460F461446B3
S21400C2101E461BB92125284603B0F0BD0029F9D0DB
S21400C22025F014F94BF23462ABB2934220D14FF0B2
S21400C230FF3322466946CDE9003325483346FFF7EB
S21400C240E3FF08220546234968460EF043FE38B948
S21400C25033462246694641F2F010FFF7D5FF054601
S21400C260002DD8D13246694638460EF077FCD2E724
S21400C27041F2F01293420FD1174B311908299A6CEC
S21400C280DB6CC7D8CDE9002332460DEB04013846F7
S21400C2900EF064FC0025BEE702280BD1C5F30C4364
S21400C2A032199342B6D3C5F30B0104F17E643246CD
S21400C2B02144ECE7032809D1C5F30C433219934215
S21400C2C0A8D3C5F30B0104F53E24F0E70125A2E749
S21400C2D0021008C08C3F04000080E00F10B527F065
S21400C2E033FB28F0CAFBBDE81040034601210220BC
S21400C2F0014A02F00BBC00BF43A3030013B5D0E90C
S21400C300023253F822301C78204627F02FFB2346B3
S21400C310009001210220024A02F0F8FB02B010BD94
S21400C32057A30300014B187826F008BF315A0020A7
S21400C330FF232DE9F04F8FB01122002108A88DF8B9
S21400C34013300EF07BFA08A826F0B6F8012102207A
S21400C350B04A08AB02F0DAFB41F24903AE4A0121CB
S21400C360022002F0D3FB06A826F0D5F908A90DF1A5
S21400C370130026F0DBF902200021A84A02F0C6FBD3
S21400C380002026F00CFF10B106A809F041FE9DF92A
S21400C3902A3001210220A24A00939DF82B3002F099
S21400C3A0B5FB27F0CDFA831EDBB2FC2B054631D851
S21400C3B0012102209B4A02F0A9FB01249A4E9B4FC2
S21400C3C0DFF8D082234632460021022002F09EFB90
S21400C3D005A9E0B227F0B6FA034650B1A0F116025E
S21400C3E0012A40F2AA8042460121022002F08EFB7A
S21400C3F00CE09DF914303A4601939DF81630012161
S21400C400009302209DF8153002F080FB0134E3B261
S21400C4109D42D7D8BDF8284008F0E6F9234600210B
S21400C420834A0090022002F071FB02200021814A1C
S21400C43002F06CFB002026F0B2FE10B108A809F04E
S21400C440E7FD01217C4A022002F060FB27F0D4F9C8
S21400C450044627F0CFF923460121784A00900220AF
S21400C46002F054FB08F098FE00210220744A02F005
S21400C4704DFB9DF81330FF2B65D000210220714A3A
S21400C48002F044FB01216C4A022002F03FFB26F03A
S21400C49052F9012103466C4A022002F037FB08F0ED
S21400C4A07BF900210346694A022002F02FFB26F0A2
S21400C4B048F9044626F047F923460121644A0090CD
S21400C4C0022002F023FB2DF0BCF808F00DFF01213E
S21400C4D00346604A022002F019FB0025DFF8B88107
S21400C4E008F002FFECB2A04233D82DF0AAF80123E0
S21400C4F0594A1946022002F009FB002026F01EFECB
S21400C500564B574C0093012100230220554A02F057
S21400C510FDFA236863B1012102201B78524A02F01B
S21400C520F5FA2368012102205B78504A02F0EEFA01
S21400C53026F009FE0FB0BDE8F08F012102204C4A1C
S21400C54002F0E4FA62E7002102204A4A02F0DEFA2C
S21400C55098E7494B204603EB0416D6F8089008F0F7
S21400C5607DFF8246204608F0C5FE444F00280CBFDB
S21400C570C346BB46204608F071FF0AF02BFD002894
S21400C58008BF4746534600210220CDE900B73C4A83
S21400C59002F0BCFAB37901210293B388022001931A
S21400C5A07388384A0093337B02F0B0FA0026DFF82F
S21400C5B0ECB099F80430F4B2A34203D82DF041F859
S21400C5C001358DE714235C43D9F8007002203A5BEE
S21400C5D007EB040A9AF90C3000922B4A002132EA43
S21400C5E0230228BF5A461346284A02F08FFA002034
S21400C5F026F0D5FD38B150463C5B26F00BF90146D7
S21400C60020460AF035FD01210220214A02F07EFA7A
S21400C6100136CEE798A30300A7A30300C3A3030035
S21400C620EFA30300CAA30300E0A30300E7A30300ED
S21400C6301CA403003CA4030086A4030045A4030036
S21400C64067A40300C9C4030072A4030088A40300FF
S21400C6509EA40300B4A403002DA5030045A5030073
S21400C660E840002039A5030053A5030067A5030092
S21400C67004A4030024A103001C4000206FA30300B1
S21400C680BFA40300DFA403008CA3030015A50300CA
S21400C69018ED03000FA4030077A3030080A3030094
S21400C6A02DE9F7430025134EDFF8588008F01CFEEE
S21400C6B0ECB2A04202D803B0BDE8F08327012046C2
S21400C6C016F8079008F016FE0B4A4B46002808BFDF
S21400C6D04246002102200092084A02F017FAF05D56
S21400C6E026F035F801210220054A02F00FFA01353E
S21400C6F0DCE700BF1C400020B1F3030082A5030066
S21400C70018ED0300BBF3030008B583685A68117878
S21400C710C26853F82230A1F165025142514118789F
S21400C72008F09EFF30B9BDE8084001210220024A09
S21400C73002F0ECB908BD00BF8DA503000021022061
S21400C740014A02F0E3B900BFA7A5030000210220BA
S21400C750014A02F0DBB900BFD5A5030010B50446B8
S21400C76086B01822002168460EF068F8684626F063
S21400C77063FCD4E9022052F8203002EB80021B78DA
S21400C7808DF80B30516891F900108DF80A109168F9
S21400C7900988ADF808106168091A032907DDD26810
S21400C7A003F01F03127843EA42138DF80B306846F5
S21400C7B008F0C8F800210346024A022002F0A6F953
S21400C7C006B010BDF1A5030007B5002027F07CF8E1
S21400C7D000210090034B0220034A02F097F903B0B1
S21400C7E05DF804FBFEA5030004A6030013B5D0E91C
S21400C7F0023253F8221003EB82035B68087819684C
S21400C8000023094CA222994208BF2146C01A18BF2D
S21400C810012027F04DF801210090044B0420044A23
S21400C82002F074F902B010BD00F8FF070FA603006F
S21400C8301DA7030013B5D0E9023203EB820153F8BB
S21400C8402230D1E901141878FF22003818BF0120E1
S21400C8502378096827F02CF801210090034B042068
S21400C860034A02F053F902B010BD00BF16A603003B
S21400C8701DA7030008B5002101230C4A26F09DFEE3
S21400C8800A4826F0FDFB0020094909F059FC002063
S21400C89026F085FC10B1054809F0BAFBBDE8084053
S21400C8A001210420034A02F031B900BF635F002073
S21400C8B02BA6030018ED030010B525F046FF03462F
S21400C8C030B1BDE8104001210420054A02F01EB92F
S21400C8D00121BDE810400420024A02F017B900BF4B
S21400C8E039A603004AA6030010B526F0CBFBBDE828
S21400C8F01040034601210220014A02F007B900BF9A
S21400C90055A6030010B526F08DFBBDE81040034683
S21400C91001210220014A02F0F9B800BF6BA603000D
S21400C92037B5D0E90232012453F822304FF6FF70B3
S21400C9301D78FE2204FA05F1002327F025F82B4681
S21400C940009021460420024A02F0E0F803B030BD11
S21400C9507FA60300D0E9023253F822301B7823B1B9
S21400C96001210220024A02F0D1B8024A1370704731
S21400C9709EA60300315A002007B5684625F0CBFE78
S21400C98007F032FF01210346084A022002F0BEF8F3
S21400C990684609F03DFB08F09BF901210346044A6E
S21400C9A0022002F0B3F803B05DF804FBB4A603005F
S21400C9B0CEA6030037B5D0E90245406854F82530C6
S21400C9C0401B0328D8BF002004EB8504C8BFE068DE
S21400C9D019786368C8BF00781A78A36893F900309E
S21400C9E00090012026F054FF38B901210220084AA1
S21400C9F003B0BDE8304002F089B8064B01900093C2
S21400CA0001210220044B054A02F080F803B030BD35
S21400CA10DFA60300E7A60300BBD50300FBA60300C2
S21400CA2007B5012026F03CFF48B9009001210220FE
S21400CA30084B094A02F06AF803B05DF804FB054BA0
S21400CA400190009301210220044B054A02F05EF893
S21400CA50F2E700BFE7A6030012A70300A001040048
S21400CA60FBA6030008B5D0E9023253F82230187846
S21400CA7026F0C8FE30B9044A0121BDE8084004206B
S21400CA8002F044B8014AF7E727A7030043A70300CC
S21400CA9008B5D0E9023253F82230188826F0B0FEE6
S21400CAA030B9044A0121BDE80840042002F02EB83F
S21400CAB0014AF7E762A7030092A7030073B503785D
S21400CAC0044613F0050F0ED04588062D17D183684F
S21400CAD001215B68174A1B78019383880420009322
S21400CAE0154B02F013F82378012B20D001210420E7
S21400CAF0114B124A02B0BDE8704002F007B835B9D3
S21400CB008388012104200E4A02F000F8EBE7012D8D
S21400CB10E9D186680B49002009F012FB304609F07F
S21400CB2077FA29460420084A01F0F0FFDBE702B056
S21400CB3070BD00BFC8A70300BFA703001AA8030064
S21400CB40E5A7030002A8030018ED03002DE9F04F47
S21400CB5000268FB0364D09AC0FCD0FC42B680121CF
S21400CB600220344A236001F0D1FF3446DFF8DC901F
S21400CB7025F0E5FDF5B2A8420BD825F0E0FD2346EA
S21400CB800090012102202C4A01F0C0FF0FB0BDE842
S21400CB90F08F284605A926F01FFE0346002841D13F
S21400CBA09DF81430032B39D904238DF814302B4606
S21400CBB000210220214A01F0A9FF9DF814300EAA98
S21400CBC002EB830300214A4653F8143C022001F08E
S21400CBD09DFF28469DF821A09DF815B09DF8187079
S21400CBE0BDF8168026F0FAFD5346CDE902800021F6
S21400CBF00220CDE900B7124A01F088FF0134002078
S21400CC00E4B226F0CCFA18B10DF1190009F000FADA
S21400CC10002102200B4A01F079FF01E0002BC6D16B
S21400CC200136A5E700210220074A01F06FFFF7E76B
S21400CC30943F04002CA80300A5A80300E2A3030069
S21400CC4059A80300AF9D030080A803002CB303007F
S21400CC50C3688268013BDBB252F8233002201B789F
S21400CC60652B14BF00220121044B1BBF01211A7043
S21400CC70034A044A08BF197001F048BF83690020C0
S21400CC80BCA80300CAA80300D0E9023253F8223039
S21400CC901A88014B1A8070472069002007B5D0E932
S21400CCA0023103EB810253F8213052681988054B94
S21400CCB00548128800930088012309F09DFE03B002
S21400CCC05DF804FBBDCA000020690020C3688268C6
S21400CCD0013BDBB252F823305B78A3F16602534285
S21400CCE05341014A137070478669002030B5D0E979
S21400CCF0023253F8223089B01D78012302AA194661
S21400CD00044626F05AFC01230093102302210DEB63
S21400CD100302204626F032FC284604AA02A926F082
S21400CD204DFE0446002026F03AFA18B12146044883
S21400CD3007F0EAFD0020034909F0E8F909B030BD24
S21400CD40D9A8030018ED0300002330B58FB00221E8
S21400CD50009309AA1223054626F010FC05AA0146F0
S21400CD6009A807F0AFFB044698B1232805D1134A5B
S21400CD700121042001F0CAFE09E0212801D1104A51
S21400CD80F6E70346012104200E4A01F0BFFE0FB06D
S21400CD9030BD01232846194603AA26F00EFC05A935
S21400CDA003A826F00DFE0546204626F0F8F918B131
S21400CDB02946054807F0A8FD044AD9E7E6A8030077
S21400CDC009A9030044A9030065A9030018ED0300A0
S21400CDD0F0B5D0E9023253F8221003EB82039B68C9
S21400CDE005461F7887B038460E7826F0B8F9044610
S21400CDF008BBD5E9022101238DF80830194452F802
S21400CE00210002EB810200888DF809709268ADF867
S21400CE100A00127804218DF80C2028460DF10D0228
S21400CE2026F0CBFB304602A98DF8154026F0D8FC3C
S21400CE30044626F088F9334601210420024A00946D
S21400CE4001F064FE07B0F0BD7AA903002DE9F041B9
S21400CE5001218EB00220274A01F058FE002005ABC3
S21400CE6001AA09A926F0A4FD00250446224E234F58
S21400CE70DFF898801CB128460EB0BDE8F08102208D
S21400CE802B463246214601F041FE204626F087F921
S21400CE9010B10AA809F0BCF83A46002102209DF815
S21400CEA0303001F033FE424600210220079B01F09D
S21400CEB02DFE00210220BDF82030114A01F026FE8A
S21400CEC0BDF8143000210F4A022001F01FFE013584
S21400CED001A826F05FF9EDB2012102200A4A01F00E
S21400CEE015FE284605AB01AA09A926F061FD0446F1
S21400CEF0C0E700BFACA90300F2A90300FAA903002B
S21400CF00E8C403000FAA030018ED030006AA0300F6
S21400CF102DE9F047064698B0C0B925F00EFC074646
S21400CF2000250EA826F04EFD01210220384A01F009
S21400CF30EDFD2C46DFF8E080DFF8E090DFF8E0A0BB
S21400CF40BC4205D3284618B0BDE8F0870127E7E7BE
S21400CF5013A826F037FD002E4CD0022306A913A8EE
S21400CF608DF84C30FE2426F01FFD00283FD102A984
S21400CF7013A826F01FFD9DF8593043F001038DF8E5
S21400CF805930002E3DD1234631460220214A01F079
S21400CF90BDFD9DF859300AA943F0010313A88DF88A
S21400CFA0593026F007FD002026F0F9F810B114A835
S21400CFB009F02EF80C9B42460021022001F0A6FD47
S21400CFC0BDF82820002112F4007F0CBF4C2341231B
S21400CFD012F0100F0CBF6E227922022000924A46F1
S21400CFE001F094FD06A826F0D5F80135EDB201341F
S21400CFF0E4B2A5E720460AAB06AA13A926F0D6FC9B
S21400D000B3E752460021022001F080FDC1E700BFD1
S21400D01019AA0300F2A9030006AA030055AA0300F2
S21400D0204EAA030030B5012499B00EA826F0CAFC1B
S21400D03013A88DF8384026F063FCC0B9BDF84C1034
S21400D04011EA040513D121460220444A01F05EFD90
S21400D05029460220424A01F059FD214602203F4A55
S21400D06001F054FD214602203C4A01F04FFD06A97E
S21400D0700EA826F099FC20B11022FF2106A80DF07C
S21400D080DDFB04A826F098FC059B01210220354A0A
S21400D0900093354B01F03AFD9DF812300121022035
S21400D0A0324A0093304B01F031FD00212E4B304ABE
S21400D0B0022001F02BFD06A826F06CF813A826F037
S21400D0C081FC02230AA913A88DF84C3026F072FCC6
S21400D0D000283FD10B9B009301210220254B264AB6
S21400D0E001F014FD0121234B244A022001F00EFD1D
S21400D0F00120FFF70DFF01211E4B214A022001F0FF
S21400D10005FD0020FFF704FF044625F016FB234626
S21400D1100090012102201B4A01F0F8FC01211A4B65
S21400D120174A022001F0F2FCFFF790FE174902288A
S21400D13003461748174A28BF0A46084928BF01462B
S21400D1400092CDE9013102200121134A01F0DEFCF4
S21400D15019B030BD4FF0FF33BDE700BF18ED030038
S21400D16068AA0300A6AA03009EAA0300B6AA0300A4
S21400D17045D4030072E20300C9AA0300D9AA03003B
S21400D180E0AA0300E9AA0300FDAA030064AA0300BC
S21400D190AFC9030001CA03000BAB030010B5D0E90A
S21400D1A0023253F822301C78201E18BF012026F0C9
S21400D1B093FB054A054B0020002C18BF1A46BDE815
S21400D1C01040034908F0A2BF38AB030033AB03009E
S21400D1D041AB0300D0E9023210B553F822301C8868
S21400D1E0204626F07BFB2246BDE810400020014981
S21400D1F008F08CBF82AB030037B5044607F0CCFAC4
S21400D200014638B100200D4A0D4903B0BDE8304054
S21400D21008F07CBFE368A268013BDBB252F823301B
S21400D22008481D780123084A00936C2D08BF024663
S21400D2301023204626F0A2F903B030BDD0AB030081
S21400D240D8AB03006C6900205C69002013B58368C6
S21400D2509A681278672A22D101A826F051FB044664
S21400D260A8B9BDF80420174908F050FFBDF80430EF
S21400D270DA070AD413F0020F134B144A18BF1A46E3
S21400D2801349002008F042FF19E0124AF8E7024668
S21400D2901149002008F03AFF22461049F1E7C2681B
S21400D2A001A953F8220003EB82035B6800681B6841
S21400D2B0ADF8043026F02AFB04460028ECD102B074
S21400D2C010BD00BF0BAC0300FEAB0300A2D50300ED
S21400D2D02CAC0300EEAB03003EAC03006AAC0300CC
S21400D2E0034A04491388C85401331380704700BFAB
S21400D2F016550020375A002073B5154D01242B789B
S21400D300144E13F0040F0CBF02230423124A2146C6
S21400D3101470328802200192EB5C104A0093104B86
S21400D3205B8801F0F3FB002102200E4A01F0EEFBC1
S21400D3300D4B2946009332882346022001F02CFC30
S21400D34021460220094A02B0BDE8704001F0DEBB6B
S21400D350375A002016550020365A002079AC0300B4
S21400D360085500209EAC0300C0AC030018ED030077
S21400D37070B516464FF48A52114B124DDA8059801A
S21400D380114B1B881A1E18BF012240EA82000F4A62
S21400D3901278003A18BF012240EA0210287063B1E2
S21400D3A003246B701B0AAB7009F082FE631C2855C1
S21400D3B0EE54074B02341C8070BD0124F4E700BF16
S21400D3C008550020375A002014550020355A0020F2
S21400D3D01655002038B5D1E902320C46054653F8FA
S21400D3E02230024619880C4B1878FFF7C1FFE36815
S21400D3F0A268013352F82330188824F084F84DB11F
S21400D400E368A268023352F823301878BDE8384043
S21400D410FFF766BF38BD00BF325A0020F0B505469C
S21400D420EB68AA68023352F8233008461C7829466F
S21400D43085B0FFF7CFFF204625F0D8F9204E214FC4
S21400D44078B3204625F0DEF90321441C03AA2846BB
S21400D45023F0C0F83288E4B2C2F1FF0303991B1B25
S21400D4609BB28B4222443CBFC2F1FF0303930123CD
S21400D470032100933A449DF80C30284626F07EF8A7
S21400D480039A022C338804BF0F48110AFA5408BFC7
S21400D490C15413441C44348005B0BDE8F040FFF787
S21400D4A02BBF204607F080FE0123328804460093F7
S21400D4B0032103463A44284626F060F83388E9E715
S21400D4C016550020375A0020385A0020052307B585
S21400D4D0012100930220044B044A01F017FB03B01D
S21400D4E05DF804EBFFF79EBDA7AC0300AEAC0300EF
S21400D4F013B5044626F000FA38B1CDE90040012104
S21400D5000220034B034A01F001FB02B010BD00BF2E
S21400D510D0AB0300C5AC0300194B37B51B783BB93D
S21400D52001210220174A03B0BDE8304001F0EEBAF0
S21400D530D0E90232144C53F8223001211D7863885A
S21400D54002200093114A2B4601F0E0FA104B257199
S21400D5501B78104D63B1012102200F4A01F0D6FA64
S21400D56020460E4A298803B0BDE8304024F0DFBECE
S21400D57020460A4A298803B0BDE8304024F099BF07
S21400D580365A0020DCAC030008550020EAAC030045
S21400D590335A00201655002001AD0300375A0020EC
S21400D5A02DE9F041D0E9023253F8221003EB820352
S21400D5B05A680C7817889A68DB68B2F80080C6B09C
S21400D5C01D780021304B0220304A0094CDE90178C6
S21400D5D001F09CFA002D0CBF6E2379230121022056
S21400D5E02B4A01F093FAFF23002D0DF1170606AD26
S21400D5F0019320460CBF80234023424639460296BC
S21400D600009525F039FC0446002835D1307825F001
S21400D610F3F80746B0B1284625F080FD1D4BFD28DF
S21400D620A8BFFD200093234682B20DF11901022007
S21400D63001F0B2FA01210220174A01F067FA46B05B
S21400D640BDE8F081307825F0DDF860B1284625F099
S21400D6506AFDFD28A8BFFD200E4B82B200930DF197
S21400D6601A013B46E3E7307807F09EFD0B4B024677
S21400D670009329460123DAE7009001210220084B97
S21400D680084A01F043FADAE70EE303001BAD030095
S21400D69040AD0300C6F6030018ED0300C0AC03005F
S21400D6A0C8B503004AAD0300D0E9023253F8221091
S21400D6B003EB82032DE9F04F5A680F78B2F800802A
S21400D6C09A68C7B0B2F80090DA681B6992F800A0B2
S21400D6D01E7800212F4B304A0446CDE901890220EE
S21400D6E0009701F013FABAF1000F0CBF6E237923EE
S21400D6F001210220294A009606AD01F007FAFF2212
S21400D700002128460DF09AF8304625F075F8834635
S21400D71008B30023052100932046FD230DF11902CE
S21400D72025F02CFF2870BAF1000F0CBF8023402391
S21400D7304A4641463846CDE9005625F068FB014684
S21400D740144807F0E1F801210220154A01F0DEF93D
S21400D75047B0BDE8F08F304625F054F860B1FD23A1
S21400D76005212046CDF800B00DF11A0225F006FF7F
S21400D77085F801B02870D6E70590304607F014FD0E
S21400D780059A0346009205212A46204625F0F6FE15
S21400D790C9E700BF01E303001BAD03005BAD030058
S21400D7A018ED03002DE9FF471C465B68E5685B1B28
S21400D7B000255FFA83F803952E46FFF7D9FDEBB2F6
S21400D7C098450BD90C9B9B5D282B39D8202B00F253
S21400D7D0CB800136F6B2002B40F0C980FFF78CFDF7
S21400D7E004B0BDE8F087132A2FD801A151F822F023
S21400D7F0B7D80000C9D80000DBD800000FD9000059
S21400D800DDD70000DDD70000DDD70000DDD7000043
S21400D8104BD800004BD800004BD800004BD8000077
S21400D8204BD800004BD800004BD800004BD8000067
S21400D8304BD800004BD800005BD8000035D900005C
S21400D840A3F13102D1B21329CDD90136F6B2A3F134
S21400D8504102032AC2D8422B6CD06C4F00213A8872
S21400D860DFF8B0A1C2F1FE039BB2FF2B28BFFF2357
S21400D87001320091DBB22046524469B225F05AFECE
S21400D8803B880AF8030001331844388011E04FF053
S21400D8900409E368A2682B4452F823301F68F8B2E4
S21400D8A009F1FF39FFF71CFD19F0FF094FEA1727AA
S21400D8B0F5D1013583E7E368A2682B4452F823309C
S21400D8C01878FFF70DFDF4E7E368A2682B4452F8DA
S21400D8D02330188823F017FEEBE7E368A2682B4492
S21400D8E052F823301F68B7F1807F09D2F8B2FFF7ED
S21400D8F0F7FCC7F30720FFF7F3FCC7F30740E0E7A2
S21400D9002B4601210820424A01F000F966E74FF055
S21400D9100409E368A2682B4452F823301F68F8B263
S21400D92009F1FF39FFF7DCFC19F0FF094FEA17276A
S21400D930F5D1BEE7294603AA204622F04BFE002179
S21400D940324F344A3B88DDF80C9002EB030CCAB227
S21400D950914501F1010102D84B443B80A9E710F83C
S21400D96002A00CF802A0F2E7242B3FF670AF013BB2
S21400D970232B3FF633AF01A252F823F0B7D80000AE
S21400D980C9D80000DBD800008FD80000DDD7000023
S21400D990DDD70000DDD70000DDD70000DDD70000B2
S21400D9A0DDD70000DDD70000DDD70000DDD70000A2
S21400D9B0DDD70000DDD70000DDD70000B7D80000B7
S21400D9C0C9D80000DBD800000FD90000DDD7000062
S21400D9D0DDD70000DDD70000DDD70000DDD7000072
S21400D9E0DDD70000DDD70000DDD70000DDD7000062
S21400D9F0DDD70000DDD70000DDD70000B7D8000077
S21400DA00C9D80000DBD800008FD8000016550020CB
S21400DA1074AD0300375A0020094B1B7823B101214F
S21400DA200820084A01F072B8D0E9023253F82230D2
S21400DA30054A1B88012113800820044A01F066B8B5
S21400DA40365A00209AAD030014550020DCAD0300C2
S21400DA50D0E9023253F82230054A1B780121003BF8
S21400DA6018BF012308201370024A01F04FB800BF08
S21400DA70345A002002AE0300D0E9023253F82230B6
S21400DA80034A1B78012113700820024A01F03EB8B1
S21400DA90355A002031AE030010B5D0E902320446F4
S21400DAA053F82230132219880B4B1878FFF760FCC6
S21400DAB0E368A268013352F823301878FFF710FCA9
S21400DAC0E368A268023352F823301878FFF708FCA0
S21400DAD0BDE81040FFF710BC325A002010B5D0E960
S21400DAE00232044653F82230112219880B4B18785C
S21400DAF0FFF73EFCE368A268013352F8233018783B
S21400DB00FFF7EEFBE368A268023352F8233018787A
S21400DB10FFF7E6FBBDE81040FFF7EEBB325A0020E9
S21400DB20D0E9023253F82230034A1B78003B18BF74
S21400DB300123DB0013707047325A002010B5D0E97D
S21400DB40023253F82230044619880E4B0622187803
S21400DB50FFF70EFC0120FFF7C3FBE368A26803444F
S21400DB6052F82330188823F0CEFCE368A26802330C
S21400DB7052F82330188823F0C6FCBDE81040FFF7A3
S21400DB80BBBB00BF325A00202DE9F043D0E9023279
S21400DB904FF0FD09013253F8221003EB82035A6856
S21400DBA0C7B017889A68B1F80080147853F8043C18
S21400DBB0002C0DF1170506AE18783A4614BF402320
S21400DBC0802341460295CDF80490009625F054F93E
S21400DBD0034638B1184A0121082000F097FF47B0E5
S21400DBE0BDE8F083201E18BF01200A224146C0006F
S21400DBF0FFF7BEFB384623F086FC2878FFF770FB5D
S21400DC004A463146287824F0A5FD044628B10B4F35
S21400DC103D88C5F1FF03984202DD2346084ADAE74D
S21400DC20024608483146284425440CF097FF3D80BC
S21400DC30FFF762FBD3E700BF67AE03001655002070
S21400DC4083AE0300375A002010B5D0E902320446EE
S21400DC5053F82230082219880B4B1878FFF788FBF8
S21400DC60E368A268023352F823301878FFF738FBCF
S21400DC70E368A268013352F82330188823F043FC87
S21400DC80BDE81040FFF738BB325A002073B5D0E924
S21400DC9002320546023253F8221003EB820353F891
S21400DCA0042C53F8083C0C781988234B16881878EF
S21400DCB00622FFF75DFB0020FFF712FB304623F03D
S21400DCC022FC2046FFF70CFBEB68AA68033352F8E9
S21400DCD02330188823F017FCEB68AA68043352F840
S21400DCE02330188823F00FFC204609F0E1FBE8B942
S21400DCF0204607F059FA05210446019001AA284655
S21400DD0022F068FC019B01469C4206D02246314622
S21400DD100A480BF081FC02B070BD094D09482E88F8
S21400DD202246304434440CF0DBFD2C8002B0BDE8C3
S21400DD307040FFF7E1BA00BF325A0020AFAE0300D2
S21400DD4016550020375A002073B5D0E902324FF43A
S21400DD508A5153F82230104D1A88104BD9805A80B9
S21400DD6000232A4600930121FF2325F007FC2B7889
S21400DD70044613F0040F0A4B08BF01261B7818BF91
S21400DD80032613B109F094F9A855064B1C8002B07F
S21400DD90BDE87040FFF7B0BA375A0020085500209B
S21400DDA0345A002016550020D0E9023253F82230AB
S21400DDB0034A1B78003B18BF01231370704700BF4F
S21400DDC0335A002010B50C4608B908F0FDF8024B8F
S21400DDD018715C7110BD00BF0855002002462DE981
S21400DDE0F341D0E90253526855F82310D21A0C8832
S21400DDF005EB8301013BDBB255F82380294D022A4F
S21400DE004868C8BF8A682B78D8BFFF210078C8BF8B
S21400DE1011783BB901210220234A02B0BDE8F04147
S21400DE2000F074BEFFF7CEFF06F0DEFC1F4F204E5C
S21400DE303B880146224600931E48334625F009F9E2
S21400DE400246C8B998F804103B885F2917D1CDE977
S21400DE5000364FF6FF712046164B24F05CFA28B1C8
S21400DE60034601210220144A00F050FE0023134A04
S21400DE702B701380124A137002B0BDE8F0814FF683
S21400DE80FB718C4208D9CDE900362146094B4FF686
S21400DE90FF7024F09EFAE2E72146064A009624F038
S21400DEA0CAFADCE7365A0020FAAE03001655002000
S21400DEB0375A00200855002001AF030014550020F3
S21400DEC0355A0020002210B50A2104461046FFF7F6
S21400DED04FFA002023F017FB0122044B1A70FFF7BD
S21400DEE00BFA2046BDE81040FFF778BF605F0020C1
S21400DEF038B51C4615460123224625F05EFB60B960
S21400DF002146284625F022FD044620B101210420A2
S21400DF10034A00F0FBFD204638BD0024FBE700BFA7
S21400DF2028AF03002DE9F0430C4615461F46D0E9FE
S21400DF30022352F8231002EB830293680E8893F8AC
S21400DF400080D3688BB0B3F800903246012106AB50
S21400DF50FFF7CEFFF0B90DF1200CF4B101232A88AB
S21400DF604021CDE902C2CDE90471CDE9009322211A
S21400DF70434606AA304625F057FB0B4B0B4A009348
S21400DF800B4B0190002C08BF134601210420094AC0
S21400DF9000F0BCFD0BB0BDE8F083624628686968F7
S21400DFA0032303C22246DBE787AF03006CAF030000
S21400DFB066AF030074AF030007B501236A4600216D
S21400DFC025F0FBFA6846034908F0C2FD03B05DF889
S21400DFD004FB00BFBDCA0000D0E9023253F822306D
S21400DFE00149188808F086BDBDCA000010B5D0E902
S21400DFF0023203EB8201496853F8223009784FF465
S21400E0008A52188825F000FBBDE81040034601211F
S21400E0100420014A00F07ABD91AF0300D0E9023235
S21400E02053F8223002214FF48A5210B5188825F092
S21400E030DDFABDE81040034601210420014A00F045
S21400E04065BD00BFAAAF03001FB5D0E9023203EBDF
S21400E050820153F82230496818884FF48A53098899
S21400E0600293094B094A0193094B1B7800931278D7
S21400E070084B25F031FB012103460420064A05B073
S21400E0805DF804EB00F042BD18550020375B002019
S21400E090365B002022550020C1AF03002DE9F04377
S21400E0A0D0E9023253F8221003EB82035A680E8836
S21400E0B017789A68DB688BB092F80090B3F8008007
S21400E0C03246042106AB0446FFF712FF28BB08AD14
S21400E0D001232A460521204625F06FFA38B9042088
S21400E0E001210F4A00F012FD284624F014FB4FF4DD
S21400E0F08A53CDE904930023CDE90253032321215B
S21400E100CDE9008306AA3B46304625F08DFA01216C
S21400E1100346044A042000F0F9FC0BB0BDE8F08387
S21400E120D9AF030008B0030038B5D0E9024303F1C5
S21400E1308043023B02220F4954F823009D000CF056
S21400E140C9FE60B90C4B0D491A78042A0BD82C442A
S21400E150A068008821F8120001321A7038BD084BFA
S21400E16008491A78F1E70121BDE838400420064A3C
S21400E17000F0CCBC36DB0300375B002022550020C5
S21400E180365B0020185500201AB0030008B5C36897
S21400E190806803F18043023B0222064950F82300C0
S21400E1A00CF098FE10B9044B187008BD0022034B03
S21400E1B01A70FAE736DB0300375B0020365B002078
S21400E1C037B5D0E9023153F821208C001578426823
S21400E1D0521A012AC5BF1B195B686C091C78DCBF84
S21400E1E044F0180405F01F052946204625F038F9A6
S21400E1F0034640B12346012104200E4A009500F054
S21400E20085FC03B030BD0121A94074B92346FE2227
S21400E2104FF6FF7025F0B8FB012103460420064A9E
S21400E22003B0BDE8304000F071BCFE2241EAC46194
S21400E230EEE700BF30B0030050B0030070B5D0E981
S21400E240021551F8253001EB8501044618884B6805
S21400E2501A788B68052A1B8802D85E1E072E0BD9F3
S21400E260012104200C4A00F051FCBDE87040012159
S21400E27004200A4A00F04ABC6468641B032CCABF28
S21400E280C9680749096825F07FFBBDE8704002466B
S21400E2900449002007F054BF6EB003008EB00300A0
S21400E2A000F8FF07ABB0030008B5D0E9023253F818
S21400E2B0220003EB82035968FF22038809684FF6A1
S21400E2C0FF7025F061FBBDE80840024601490020CA
S21400E2D007F036BFBEB0030008B5D0E9023253F8E7
S21400E2E0223005214022188825F080F9BDE8084034
S21400E2F002460249002007F023BF00BFDFB003003C
S21400E30008B5D0E9023203EB8201486853F82210C0
S21400E310027840230988312025F0BBF9BDE8084083
S21400E32002460249002007F00BBF00BF00B1030001
S21400E33008B5D0E9023203EB8201486853F8221090
S21400E340027840230988332025F0A3F9BDE8084069
S21400E35002460249002007F0F3BE00BF1AB10300D0
S21400E3601FB5D0E9023253F8221003EB82039B68F4
S21400E37008881A780023D21A18BF0122CDE9023382
S21400E38002A94023D20125F093F901210090044B05
S21400E3900420044A00F0BAFB05B05DF804FB00BF99
S21400E3A087AF030038B1030007B5D0E9023253F84F
S21400E3B0223003214022188825F018F90121009008
S21400E3C0034B0420034A00F0A1FB03B05DF804FBF6
S21400E3D087AF030047B1030037B5C36882680533CB
S21400E3E052F8233004211D786A460123044625F09E
S21400E3F0E4F838B904200121064A00F087FB684695
S21400E40024F089F92B466A4600212046FFF78AFD4C
S21400E41003B030BD61B1030007B5D0E9023203EBAB
S21400E4208201486853F82210027840230988322077
S21400E43025F02FF901210090034B0420034A00F039
S21400E44065FB03B05DF804FB87AF030092B10300E1
S21400E45070B585690446EA0705F0020605D476B16C
S21400E460C5F3072024F07BFE09E01EB1B2210F4859
S21400E4702BF0DAF8A069C0F3810024F05FFEE369B0
S21400E4801BB9BA2109482BF0CFF8204614F008FC37
S21400E490E3693EB1607E9847AB0706D0BDE87040A2
S21400E4A024F051BE20469847F6E770BDA7B103009A
S21400E4B008B514F0E9FE28B1BDE808404721024837
S21400E4C02BF0B2B808BD00BFA7B103002DE9F0419C
S21400E4D0FF2B04460F4690461D469DF8186005D053
S21400E4E0FF2E03D0D52111482BF09EF80023FF2DD8
S21400E4F018BFAD000E4A1CBF45F00105EDB2226004
S21400E5000C4AC4E9063818BFA561FF2EC4E90123EA
S21400E5102361E76007D0A36943F0020323F47F4337
S21400E52043EA0623A361BDE8F08100BFA7B103005C
S21400E530F03B002051E40000002310B5054C0361B9
S21400E5400460054CC261C0E901430123C1608361D8
S21400E55010BD00BFF03B002051E4000070B5866996
S21400E560044606F00303032B0D4603D1FC21144892
S21400E5702BF05AF8FF2D16D0B20704D440F2011142
S21400E5800F482BF051F8284624F085FAFF28054658
S21400E59004D14FF482710A482BF046F82DB204EBF2
S21400E5A04514204670BDF307FBD5A36913F00C0F86
S21400E5B0F7D040F20B1102482BF036F8F1E700BF17
S21400E5C0A7B103000023054AC0E9063103610260D3
S21400E5D0C360034A034B426083607047F03B0020F1
S21400E5E051E400006D2C0200014827F091B800BFEE
S21400E5F0F03B0020014827F097B800BFF03B002012
S21400E60013B50E4827F05EF823F000F826F027F83A
S21400E61026F049F826F053F8FCF748FF0446FCF7C6
S21400E6205FFF2346009001210420054A00F06EFAA1
S21400E63002B0BDE81040FCF73FBF00BFF03B002033
S21400E6403AB20300022808B503D12AF0E6FF014BD0
S21400E650186008BD203C002008B50DF055F90122D1
S21400E660044B1A702BF062F8BDE8084002490348D4
S21400E670FDF7E4B8395B002034640020243C002019
S21400E680014B1870704700BF385B0020024B1878AB
S21400E69008B106F08DB870477C69002008B5074BB6
S21400E6A01B780BB1002008BDFFF7F0FF0028F9D15A
S21400E6B006F058FC023818BF0120F4E7385B00204B
S21400E6C070B5FFF7EBFF174D20B1FFF78DFF04285D
S21400E6D0044613D82B781BB92BF028F801232B708F
S21400E6E022F0A2FF0446D8B12B781BB9F7210E48BA
S21400E6F02AF09AFFBDE87040FFF776BF22F096FF3B
S21400E7000028E7D02B785BB12AF08FFE0646002162
S21400E710012029F0F5F830462AF082FE00232B70FF
S21400E720204670BD395B00205BB203001FB5FFF7C3
S21400E730C7FF0446FDF72CFAA04228BF204688B142
S21400E74003A929F0C9FC034638B9CDE90000064AFA
S21400E750039906482AF07DFF18B18E2104482AF056
S21400E76063FF012004B010BD27160300003C002004
S21400E7705BB203000D4B70B51B780D4D0D4C01219F
S21400E780002B0CBF2B46234602200B4A00F0BEF996
S21400E7900A4B01211B780220002B0CBF2B46234678
S21400E7A0BDE87040064A00F0B1B900BF7C690020A1
S21400E7B055DB030074DB0300F1B20300385B002076
S21400E7C010B3030010B5D0E9023253F8223002200D
S21400E7D01B780121002B15BF01240024044A054A9A
S21400E7E000F094F92046BDE81040FFF749BF00BF8F
S21400E7F02FB303004CB30300D0E9023253F82230A3
S21400E800034A1B78003B18BF01231370704700BFF4
S21400E8107C69002038B50125084B1D702AF005FEDE
S21400E82004462946284629F06BF820462AF0F8FDCB
S21400E830BDE8384002490348FDF700B83A5B0020BF
S21400E8403C6400204C3C002070B514F0A3FD10F092
S21400E850070F1D4D11D02B785BB901262E702AF0BC
S21400E860E4FD04463146304629F04AF820462AF0B0
S21400E870D7FDBDE8704014F05DBB25F069F80228AE
S21400E88003D1124B1B78032BE5D914F083FD18B97E
S21400E8900E4B1B78032B14D814F04CFB04460028B0
S21400E8A0D9D02B785BB100262E702AF0BEFD054627
S21400E8B03146012029F024F828462AF0B1FD2046EA
S21400E8C070BD4FF0FF34ECE73A5B0020C15F0020DC
S21400E8D01FB5FFF7B9FF0446FDF75AF9A04228BF57
S21400E8E0204688B103A929F0F7FB034638B9CDE9DD
S21400E8F00000064A039906482AF0ABFE18B18C21A0
S21400E90004482AF091FE012004B010BD031B03004A
S21400E9102C3C00206BB3030010B5094C09490020BD
S21400E92007F0F4FB23681B68587924F0EAF823689C
S21400E9301B68587923F0EEF805F060F9002010BD4A
S21400E940AC410020F9B3030008B524F0F1FF0246FD
S21400E95028B1BDE808400020014907F0D7BB08BD34
S21400E9601CB4030008B524F0F9FF024628B1BDE840
S21400E97008400020044907F0C9BB5422BDE80840FF
S21400E980FF2102480BF05ABF34B403002C55002078
S21400E99038B504460D4624F0E5FF024628B1BDE82A
S21400E9A038400020034907F0B1BB034B23F814504E
S21400E9B038BD00BF52B403002C5500202DE9F341AA
S21400E9C000240C4E0C4DDFF838800C4F56F8043BF4
S21400E9D00BB9D8F8003035F8022B394600920020E3
S21400E9E02246013407F092FB2A2CEFD102B0BDE894
S21400E9F0F08100BF48640020805500206EB40300FC
S21400EA004464002008B52A21034824F0A3FFBDE88B
S21400EA100840FFF7D3BF00BF8055002007B5D0E9F8
S21400EA20023253F822301A78292A0DD8084B53F8A8
S21400EA3022300BB9074B1B680749002031F812102B
S21400EA400091064907F062FB03B05DF804FB00BFC7
S21400EA504864002044640020805500206EB4030003
S21400EA6008B52A21034824F077FFBDE80840FFF7E1
S21400EA70A5BF00BF8055002038B5D0E9023253F854
S21400EA80221003EB82035B680C781D880020044983
S21400EA9007F03CFB29462046BDE83840FFF778BF24
S21400EAA079B403002DE9F34100240C4E0C4DDFF839
S21400EAB038800C4F56F8043B0BB9D8F8003035F8C0
S21400EAC0022B3946009200202246013407F01EFB36
S21400EAD02A2CEFD102B0BDE8F08100BF48640020C8
S21400EAE02C5500206EB403004464002010B5024686
S21400EAF023F026F820B9044C236811B11343236091
S21400EB0010BD23EA0203FAE7F46400200CB413B540
S21400EB1002460C4623F014F860B9094B1B681A42EB
S21400EB2008D005A9049801910AF08AFD14B1054899
S21400EB3025F021FD02B0BDE8104002B0704700BFCE
S21400EB40F464002078B70300034610B5D3E9023218
S21400EB5053F8223008461C78211E18BF0121FFF703
S21400EB60C5FF014648B9084A084B0220002C08BFDA
S21400EB701346074AFFF7CAFF10BD00210220054AC8
S21400EB80FFF7C4FFF8E700BF77A303006FA30300F7
S21400EB907AB7030090B703002DE9F04105461F46FB
S21400EBA00C46DFF82C808E18B44201D1BDE8F08107
S21400EBB00021284614F8013B069AFFF7A7FF002F0E
S21400EBC0F2D0424600212846FFF7A0FFECE700BF40
S21400EBD004AA03000021024A0248FFF7ADBC00BFAA
S21400EBE069EC0000543C0020FF21014822F000BDE3
S21400EBF0543C00200022034BFF2103481A7022F0E9
S21400EC00F0BC00BF3B5B0020543C002013B5114C09
S21400EC102378032B13D8009300230F4A18460F4976
S21400EC2007F074FA237842F21072002B08BF002215
S21400EC30FF210B4802B0BDE8104022F0C1BC002204
S21400EC400849104607F062FA02B0BDE81040FFF728
S21400EC50D1BF00BF3B5B0020A1B70300B3B70300E2
S21400EC60543C0020BDB70300F0B52B4D8FB02B7879
S21400EC7023B309A824F0A6FE022309A88DF82430A1
S21400EC8024F08EFE01AA06469446244B03F1100794
S21400EC90144618685968083303C4BB422246F7D1A5
S21400ECA005AA17461E4B03F1100E1446186859683D
S21400ECB0083303C473452246F7D1E6B1012409A8F8
S21400ECC024F01CFE28B9BDF8243013F0020F18BF3C
S21400ECD001242B781349002B4FF000034FF0A002BD
S21400ECE008BF1946204624F0E3FD90B92B7801337F
S21400ECF02B700FB0F0BD614609A824F053FE002823
S21400ED00DCD1394609A824F04DFE04460028D6D0AA
S21400ED10D4E7FFF77BFFECE73B5B0020A83F04004F
S21400ED20B83F040000F8FF0710B50020324907F08E
S21400ED30EDF908220020314907F0E8F9304B314A56
S21400ED401978314B0020002918BF1A462F4C30493D
S21400ED5007F0DCF9002024F0F1F92368002B47D0F7
S21400ED601B78022B44D900222A4B10462A4907F06A
S21400ED70CDF922F02CFF29490246002007F0C6F9FB
S21400ED8000F0CAF826490246002007F0BFF92368BB
S21400ED901B78032B2CD900F0CFF82249024600201E
S21400EDA007F0B4F900F0D8F81F490246002007F033
S21400EDB0ADF900F0D9F81D490246002007F0A6F983
S21400EDC000F0A4F81A490246002007F09FF900F068
S21400EDD0D1F8184C184954F82020002007F096F96E
S21400EDE000F01EF9154954F82020002007F08EF98F
S21400EDF0BDE8104024F0A7B9DFB70300FBB7030057
S21400EE003C5B002055DB030074DB0300E840002079
S21400EE101EB8030045A5030039A503003AB8030051
S21400EE205EB8030082B80300A6B80300CAB80300A1
S21400EE30F1B80300F864002018B903003BB90300DA
S21400EE4008B5D0E9023253F82230187840B10020D5
S21400EE50074907F05BF9BDE80840802000F034B8A9
S21400EE60044907F053F9BDE80840802000F046B892
S21400EE705EB903007BB90300D0E9023253F82230B2
S21400EE80034A1B78003B18BF01231370704700BF6E
S21400EE903C5B002018220021094BC3E900121A7BB4
S21400EEA00AB9084A9A601A7C12B94FF47A72DA8163
S21400EEB040F6B8325A8200229A829A75704700BF8E
S21400EEC0743C0020E09304000A4B10B51B687BB12D
S21400EED01B78032B02D8B0F5007F09D1064C2368B7
S21400EEE0034323606368184202D02AF091FBA08295
S21400EEF010BD00BFE8400020743C0020024A1368A2
S21400EF0023EA000313607047743C0020014B186826
S21400EF10704700BF743C0020024B9868FA23B0FB91
S21400EF20F3F07047743C00200122024B98601A737D
S21400EF30704700BF743C0020024BD889FA23B0FB10
S21400EF40F3F07047743C00200122024BD8811A74FB
S21400EF50704700BF743C0020024B588AFA23B0FB6F
S21400EF60F3F07047743C0020014B5868704700BFB0
S21400EF70743C00202DE9F84300244FF00C08104B99
S21400EF80104F9D7D104E3988E3B28B4202D328463F
S21400EF90BDE8F88308FB03F3F05C06EB030924F0F6
S21400EFA0D4F850B9FF21D9F8080022F021FB20B18F
S21400EFB099F805309D4238BF1D460134E3E700BF8F
S21400EFC0743C0020246900207C650020124B10B59C
S21400EFD01B68124CEBB11B78032B02D823689B05E9
S21400EFE017D52AF015FBA38AC01A638A80B283421B
S21400EFF03EBFD4E900329343236024F023FC08B1DB
S21400F000E08910BD2368002BFAD1FFF7B3FF012873
S21400F010F6D0A068F5E700BFE8400020743C00206A
S21400F020014B987D704700BF743C002038B50446FD
S21400F0300D462AF09EFB244B1B7813B1204622F087
S21400F040C1FD402C27D006D884B13F2C18D0BDE88F
S21400F050384024F078B84C3C0C2CF8D81B4B234195
S21400F060DB07F4D40220FFF749FFF0E74FF4007007
S21400F070FFF744FF0220FFF727FF154B1C71E6E75A
S21400F0804FF40070FFF73AFF0220FFF737FF002229
S21400F0900F4B1A71DBE723F0D7FF0028D7D10C4CB3
S21400F0A00220237901332371FFF728FF4FF4007005
S21400F0B0FFF70AFF2379AB42C9D322F084FD00286C
S21400F0C0C5D122F059FDC2E73C5B0020FEEEFFFFF3
S21400F0D08C3C002010B505F05FFB02280AD124F016
S21400F0E08DFB034630B1BDE81040002202491046B1
S21400F0F007F00CB810BD00BFC7B903000021024AD4
S21400F1000248FFF719BA00BFD5F00000943C002073
S21400F11038B5002024F012F8124B1B6893B11B7808
S21400F120022B0FD905F038FB022816D10E4C2568A5
S21400F130FFF74CFFA842206008D0FF2122680B484A
S21400F14022F03EFABDE8384023F0FDBFFF21074815
S21400F15022F04EFA0028F5D1EFE7FF21034822F00F
S21400F16040FAEFE7E84000208C3C0020943C00206A
S21400F17002460249002006F0C9BF00BFDBB9030003
S21400F18010B5234C2348FF2122F02BFA20780228C2
S21400F1901ED003282ED0012804D02120BDE8104020
S21400F1A0FFF7E6BF1C4B19780029F7D002231B4A4D
S21400F1B023701378052B0EBF00230133DBB2994270
S21400F1C0137003D1052313700020E7E7052BFBD04F
S21400F1D0124B1B78052B02D103232370DDE7104A60
S21400F1E0104932F8230007F085FC0323237000281B
S21400F1F0D4D110BD094B0C4A1878094B03EB80019B
S21400F200897833F8200007F045FC0123EEE700BFBD
S21400F2103D5B0020B43C0020465B00207E69002059
S21400F220D455002009F40000B5F300002DE9F04F96
S21400F2300D46144695B00490112200210FA8994659
S21400F240DFF86C810BF0FAFA04EB45030393D9F868
S21400F25000301C2B02D0039B9C4202D115B0BDE8A7
S21400F260F08F0123DFF844A18DF81C3023884C4A28
S21400F270ADF81E309AF800304A4D08EB83039B78B1
S21400F28028788DF8203013688DF81D00CDF82130D1
S21400F2905368CDF8253023F058FF049B8DF82900DD
S21400F2A021882878002B4AD123F01CFC002844D063
S21400F2B09AF800300FAA38F8230007A922F091FC2C
S21400F2C000283AD023F03BFA4FF0000B07460646DC
S21400F2D01C255FFA8BF2974234D8B7422BD99DF89B
S21400F2E01C30032B1AD10FAB0193BDF8213000223E
S21400F2F00421009301202C4B06F08EFD9AF8003076
S21400F30008EB83039978274B187806F001FE9AF8E5
S21400F3100030002038F8231023F06AFE5DB107A9FC
S21400F320304624F05DFA214B05461B78304638F807
S21400F330231024F057FAC9F80050023487E723F068
S21400F340C8FBB3E710460BA9059224F045FA30B97E
S21400F3509DF82C1031B9059AB74208BF16460BF136
S21400F360010BB6E7BDF82E00BDF81E209042F6D180
S21400F3709DF830009DF820209042F0D19DF81C208A
S21400F3808A42ECD1032A14BF082202220DF1210181
S21400F3900DF131000BF09EFD002808BF0025DEE7CA
S21400F3A03E5B00207D69002058BC03007E6900207B
S21400F3B0D455002013B503460020114A9C681278E5
S21400F3C00190052A03D01B78032B00D12CB901200D
S21400F3D002B0BDE81040FFF7CBBE6268217801ABF3
S21400F3E0FFF724FF217A0120E26801ABFFF71EFF3A
S21400F3F0FF21044802B0BDE8104022F0EAB800BF82
S21400F4007E690020B43C0020094B1B78052B02D0F7
S21400F4100378032B02D00120FFF7AABE8168054AB5
S21400F4200B68054813604B68FF21536022F0D1B883
S21400F4307E6900203E5B0020B43C002038B50024E6
S21400F440114B124D1870124BFF211C702C7006F0D9
S21400F4505FFD0122032110460E4B06F0DDFC4FF641
S21400F460FF712246084623F0C6FD044648B940F61A
S21400F470B832FF21084822F0A3F801232B7020465B
S21400F48038BDFFF775FEFAE77D6900203D5B00207A
S21400F490465B002018ED0300B43C0020144BF0B58A
S21400F4A01A68144913680978587988420BD11249AA
S21400F4B0D78808460022114D1E792B78D4B2A34275
S21400F4C003D8052C0AD10020F0BD0C88BC4202D11E
S21400F4D08C78B442F7D001320431EFE7A342F2D180
S21400F4E020F82270013300EB820086702B70EAE76A
S21400F4F0AC4100207D690020D4550020465B0020EA
S21400F500FF2307B50021044A04480093FEF7DEFFF8
S21400F51003B05DF804FB00BF81F10000B43C00209E
S21400F5201FB5B42303210446ADF80E3023F0D1FAFC
S21400F53098B1212320460093002203210DF10E03EB
S21400F54023F076FC04460020054B064A0649009444
S21400F55006F0DCFD204604B010BD8624F3E700BFAD
S21400F56005BA030012BA030027BA0300D0E9023234
S21400F57053F82230034A1B78012113700220024AF6
S21400F580FFF7C4BA9669002036BA03000122014B81
S21400F5901A707047966900200A4B90F805111B7880
S21400F5A090F8082119448A42BCBFB2FBF3F103FB72
S21400F5B011234FF0FF32B8BFDBB202FA03F380F834
S21400F5C00A317047966900202DE9FF410446057F01
S21400F5D0867EDFF870806E43237F98F80020134401
S21400F5E09D4212DB607F60B9238B029363690193AF
S21400F5F0237C00936288A31D217805F095FDFF23E8
S21400F6002370002004B0BDE8F081E37EAB42E9D968
S21400F610A77E228BF1199142A4BF921BD7B205EBAD
S21400F6200323E3813A4633462946204622F0F3FA7E
S21400F6300028E7D1637F3744013301356377BEB2D4
S21400F640EDB2C9E79669002037B5054624F0F6F80E
S21400F6500D4B04461B6869461B78032B82BF0B4B79
S21400F6601B881B18284688BF9CB224F06FF938B94F
S21400F670684624F0E5F818B9044B1B8823449CB26E
S21400F680204603B030BD00BFE840002028690020B7
S21400F690084B1B78FF2B0BD1074B1B78FF2B07D192
S21400F6A0064B1B78022B03D04FF48070FFF726BC66
S21400F6B0704700BF00650020043E0020D43C0020B8
S21400F6C010B50446FF2121F08CFF054B9C4202BF7B
S21400F6D00023A4F588742370BDE81040FFF7D8BF58
S21400F6E0E43D00202DE9F0479A462A4B81461B78D8
S21400F6F088461646BDF82050002B49D0FF2D3ED92F
S21400F70038252846BDE8F087234B0C223146A01D3D
S21400F710636184F80090A4F802800BF0E1F8A289F7
S21400F720414642F4004242F040022046A28122F0C6
S21400F73084FA2A46514660690BF0D2F8414648469C
S21400F740A21D258323F0CEFDA0760028D8D0054440
S21400F750013DB5FBF0F0FF28D2DC0023E076204622
S21400F760A383FFF731FF054680B923794FF48070F5
S21400F770B372FFF7A9FB227C099B1A80C1E7074CEE
S21400F7802778FF2FC0D040F60345BAE72770F2E788
S21400F7900225B6E796690020485B0020043E00205C
S21400F7A0B0F9063010B5002B25DA144C2278237CED
S21400F7B0FF2A02D0827A9A4207D0114C2378FF2B78
S21400F7C017D0827A237C9A4213D169B9637F013BB2
S21400F7D0DBB263775BB90B4A237F1278204613446B
S21400F7E02377FFF7F1FE0146204622F035FAFFF7B1
S21400F7F04FFF012010BD0020FCE700BF043E0020A4
S21400F80000650020966900202DE9F04F9A46B1F970
S21400F810063091B0002B0D461746DDF86880049040
S21400F82080F22981B8F80030FF2B04D94FF4B87164
S21400F830A64829F0F9FEA64B00241A7893F804018E
S21400F840B3F80211002A40F0A5802E7AA14A127859
S21400F850B24240F2AF800222A3F802711A70AA7A6E
S21400F860FF2483F804210022A3F8084183F8052129
S21400F870A3F80621B8F80020954883F80C21FFF776
S21400F8808BFE3846FFF7E0FE214600EB400292482A
S21400F89021F096FE4FF48070FFF716FB8C4C94F820
S21400F8A00A91B9F1FF0F20D18A4A94F805311278EF
S21400F8B01344B34219DC94F80C1184F80531B4F8FB
S21400F8C00631204601FB0233A4F80631FFF764FE3A
S21400F8D00122824B38461A70FFF7B6FE494600EB07
S21400F8E0400204F5887021F06BFE94F80531B342AF
S21400F8F060D8DFF8E0B19BF800C00CEB030296423C
S21400F90058DA764994F808210878013A002853D046
S21400F910964205DAB8F8002084F80C2100220A7016
S21400F920B6FBFCF901220CFB196994F80A015FFA90
S21400F93089F902FA09F2D1B2024076B92889000A9A
S21400F940844584F8080108D92046CDE906210593A8
S21400F950FFF722FEDDE90621059B94F80A01014324
S21400F96084F80A1182B994F80921B4F806C1013264
S21400F97084F80921B8F80020DAF800100CEB020031
S21400F980FF2826DD0323237094F80831013B9E42AE
S21400F99030D138E0AE7A864202D18F4200D11C4682
S21400F9A02E7A002C7FF47BAF002A3FF44FAF012A5B
S21400F9B03FF44CAF01205FE09642B1DA94F80C11A8
S21400F9C098F800209142ABD004F58870FFF778FED7
S21400F9D0F0E794F80CE1F31A0EFB03C3A01C10FA30
S21400F9E083F005920AF07CFF94F80831059A013BF3
S21400F9F09E4244D0012394F80A2103FA09F3013BFE
S21400FA001343FF2B04D122462946384622F016F926
S21400FA1094F8083194F809219A42CBD19BF800302B
S21400FA20B2FBF3F103FB112212F0FF0218BF1346DC
S21400FA302278022A26D1264A0234107851780128E4
S21400FA4004BF01315170012224F8022CEA88B4F870
S21400FA50041122F04002EA8094F809210A44591E53
S21400FA6094F80A3113FB01F31344A8F80030CAF8DF
S21400FA700040FFF70DFE002011B0BDE8F08F84F8BF
S21400FA800B21C0E76979002994D0032A92D1B4F8F3
S21400FA90062194F80B1108AE11445A1E94F80C3146
S21400FAA0284613FB02F30B4400219BB2A21CA8F8C5
S21400FAB00030CAF80020CDE900710296049907F0DC
S21400FAC005FD8921304623F00AFC7DE75DBA030078
S21400FAD0D43C002096690020E43D0020475B0020CF
S21400FAE013B5044618B101280BD002B010BDFF2391
S21400FAF001460093064A0748FEF7E8FC064B1C70D2
S21400FB00F3E7FFF743FDFF22044B1A70EDE700BF53
S21400FB10C1F60000E43D0020D43C0020043E002056
S21400FB2013B501A909F04AFE044648B9BDF80630E7
S21400FB309DF80420034906F0E9FA204602B010BDFD
S21400FB408120FBE7F4BA030013B5694609F042FECC
S21400FB50044688B9BDF802309DF80020074906F033
S21400FB60EFFA2046019906F043FA2046044906F0CB
S21400FB70CDFA204602B010BD8120FBE718BB03007B
S21400FB803EBB030037B5694609F048FE044618BB7D
S21400FB909DF801309DF80020104906F0D1FA104D6E
S21400FBA09DF80120E3B29A4206D800200D4906F0DF
S21400FBB0ADFA002003B030BD0198630003F4FF7374
S21400FBC002220021184423F0A3FA29460246002008
S21400FBD006F0B6FA0134E3E78120EBE740BB03000A
S21400FBE06FBB030018ED030013B501A909F0ECFD87
S21400FBF0044648B9BDF806309DF80420034906F0CF
S21400FC0085FA204602B010BD8120FBE779BB0300D1
S21400FC1030B500240B4D85B06946E0B223F0DCFD1C
S21400FC2050B99DF80030032B06D12946BDF80530A3
S21400FC309DF8012006F06AFA0134202CECD105B0BC
S21400FC4030BD00BFA0BB030008B50020034906F086
S21400FC505DFABDE80840FF2000F0DEBAB2BB030044
S21400FC602DE9F04F85B006460D46174622F034F8CB
S21400FC70044640B130463A46294622F017F800209E
S21400FC8005B0BDE8F08F4FF003094FEA15285FFA7C
S21400FC9084FA6946504623F09FFDB8B99DF800B037
S21400FCA0BBF1000F12D1694650468DF800908DF8D2
S21400FCB005508DF806808DF8016023F091FD024610
S21400FCC00028D7D05846064906F020FA0134202CE2
S21400FCD0DDD10020034906F019FA8920D0E700BFDD
S21400FCE0C7BB0300EEBB03001FB5002304468DF818
S21400FCF00F3021F0DCFF28B19DF80F3063F07F0352
S21400FD008DF80F30182301930DF10F030022009396
S21400FD1004214023204623F07AF8024618B100203A
S21400FD20024906F0F3F904B010BD00BF09BC030099
S21400FD301FB502A909F060FD044688BBBDF808207F
S21400FD40184906F0FDF92046039906F051F92046B9
S21400FD50154906F0DBF94FF6F672BDF80810134C9D
S21400FD604B1E9BB2934219D82368039A1B68587996
S21400FD70FFF776FF23681B79012B0BD8BDF80830F8
S21400FD800022CDE900030421094B092006F044F8BF
S21400FD9023F09FFA6FF0FF0004B010BD8720E9E75C
S21400FDA08120F9E728BC03003EBB0300AC410020DD
S21400FDB03FBC030070B504468AB005AD1122002191
S21400FDC028460AF03BFD204604A909F009FD044632
S21400FDD000283AD11E4EBDF810201E4906F096F9AE
S21400FDE032681379012B28D84FF6F670BDF810103C
S21400FDF04B1E9BB2834224D81368587921F06CFFBF
S21400FE0008B333682A461B68BDF81010587921F0ED
S21400FE104CFFBDF8103001220421CDE90043092033
S21400FE200D4B029505F0F8FF23F053FA034620B178
S21400FE3000200A4A0A4906F069F96FF0FF000AB086
S21400FE4070BD8724E5E78B24E3E78120F7E700BF52
S21400FE50AC41002042BC030057BC03005BBC03005F
S21400FE6066BC03002DE9F0479AB004A909F0D0FC5F
S21400FE700446002840F0B5809DF810205B4906F047
S21400FE805FF925465A4E9DF81020EBB29A4254D898
S21400FE900020584906F03AF99DF81050002D40F021
S21400FEA099802C462E46544F06A9F0B223F094FCB7
S21400FEB0C8B99DF81830032B15D13B689DF819205A
S21400FEC01B685B799A420ED19DF81D2005F16803E8
S21400FED06B4403F8402C9DF81E200235013403F8CD
S21400FEE03F2CEDB2E4B20136202EDDD19DF8103065
S21400FEF00BB1002C77D00AABCDE90143FF230222D9
S21400FF000421009309203D4B039505F085FF23F05F
S21400FF10E0F9034660B19DF81020002A5FD0384A09
S21400FF203849002C08BF0A460020374906F0EEF88C
S21400FF306FF0FF001AB0BDE8F08705986B0003F479
S21400FF40FF7302220021184423F0E2F831460246ED
S21400FF50002006F0F5F8013595E70598730003F4E0
S21400FF60FF7302220021184423F0D2F800278046AF
S21400FF705FFA80FA06A9F8B223F02EFC00BB9DF8C3
S21400FF801830032B1CD1D9F800309DF819201B68B7
S21400FF905B799A4214D19DF81D30534510D19DF8D7
S21400FFA01E30C8F307229A420AD105F168036B4453
S21400FFB00235013403F840AC03F83F2CEDB2E4B24E
S21400FFC00137202FD6D101369DF81020F3B29A4281
S21400FFD0C3D88BE70025DFF820902E46F4E7084AC2
S21400FFE0A2E78120A6E78B20A4E700BFC0BC0300E1
S21400FFF06FBB030018ED0300AC410020DFBC03001C
S21401000091BC0300AFBC0300E3BC03002DE9F04341
S21401001089B002A909F0EAFB0446002867D1BDF8B9
S2140100200820344906F072F84FF6F672BDF808500B
S214010030DFF8D4906B1E9BB2934254D8D9F80030A7
S21401004029461B685F79384621F046FE00284CD0C9
S21401005026465FFA86F8404603A923F0BDFB28B979
S2140100602946384603AA21F024FE20B90136202E5F
S214010070EFD14FF0FF08404623F0ACFB014658BBDA
S214010080112203A80AF0DAFB2946384603AA21F012
S2140100900DFED9F800301A79012A18D81B68BDF868
S2140100A00810587922F0F5FFBDF808300322042124
S2140100B0CDE900430920104B05F0AEFE23F009F907
S2140100C0034620B100200D4A0D4906F01FF86FF0D7
S2140100D0FF0009B0BDE8F08302460A49002006F099
S2140100E015F80124D5E78724D3E78B24D1E78120AF
S2140100F0EFE700BF05BD03003FBC030043BD03009F
S21401010066BC03001CBD0300AC4100202DE9F04392
S214010110DFF894800020D8F8003021491B688BB0A6
S2140101205E79002505F0F2FF01275FFA85F948465A
S21401013001A923F051FB044690B99DF80430032B26
S2140101400ED19DF80530B3420AD1484623F042FB52
S2140101500146A0B102461349204605F0D7FF2746BF
S2140101600135202DE1D1D8F8003000211B685879DF
S21401017022F08FFF87F001000BB0BDE8F08311225B
S21401018005A80AF05BFBBDF809403046214605AAE2
S21401019021F08CFD2146304622F07BFFE0E700BFD0
S2140101A050BD03001CBD0300AC41002037B56946B5
S2140101B009F028FB044638BBBDF80020134905F0BA
S2140101C0BFFF134D2046019905F012FF2046114945
S2140101D005F09CFF2B681B68587923F069F870B10D
S2140101E04FF6F672BDF800104B1E9BB2934209D82B
S2140101F02B68019A1B685879FFF732FD04462046A2
S21401020003B030BD8724FAE78120F9E764BD030017
S214010210AC4100203EBB03007FB505460024E6B294
S2140102206946304623F0D8FAA8B99DF80030032B6A
S21401023011D19DF80130AB4204D0FF2D0BD19DF8B2
S2140102400D3043B9304623F0C5FA024618B10020F6
S214010250034905F05BFF0134202CE0D104B070BDEA
S2140102601CBD0300034B1B681878012808BF022039
S214010270704700BFE8400020D0E9023253F8223030
S2140102801A78024B1A7000F0E7BA00BF475C0020EC
S21401029070B5D0E902456B1EDBB254F82300032289
S2140102A01B490AF017FE54F8253004EB850419782B
S2140102B063681A78A2F10B030F2B05D915490020A4
S2140102C0BDE8704005F022BF01290FD1124C9140C4
S2140102D0236840B90B43114A23600020BDE87040F3
S2140102E00F4905F013BF23EA0103F4E702290CD1F5
S2140102F001230C4903FA02F20B6818B913430A4AA0
S2140103000B60EAE723EA0203F9E70A460749D6E75C
S21401031088BD03008CBD030024650020A2BD030038
S214010320AABD030020650020BDBD0300C7BD0300B4
S21401033007B5D0E9023103EB810253F821300B49AE
S2140103401B785268012B0A4B08BF0B4612684FF008
S21401035000001A600092074A074B084918BF134667
S214010360074A05F0D3FE03B05DF804FB24650020C0
S21401037020650020E2BD0300DABD0300ECBD0300EA
S214010380D83F040038B5254A254B264C002026497F
S21401039005F0BCFE0020254905F0B8FE2268244978
S2140103A0002005F0CDFE2068224C234D05F088FE86
S2140103B02146002005F0AAFE2A682049002005F003
S2140103C0BFFE286805F07CFE2146002005F09EFE53
S2140103D01B4B1C491A781C4B002053F8223005F0A1
S2140103E095FE00F00DF919490246002005F08EFE33
S2140103F0174B00201A78174905F088FE164B174947
S2140104001A78002005F082FE04F0C6F9BDE83840EF
S21401041002461349002005F079BE00BFD83F04000C
S21401042006BE0300246500200DBE030015BE0300B2
S21401043023BE030086A403002065002034BE03000B
S214010440755C002045BE03002865002058BE0300E9
S2140104505A5C00206CBE0300595C00207EBE03007F
S21401046090BE030007B500F071F8054B0090054AF1
S2140104700020054905F04AFE03B05DF804FB00BF05
S214010480A6BE0300D83F040027BA0300F8B5044609
S2140104900B4F0C4E0C4D00200C4A0D4905F036FE54
S2140104A020463B7829783278F5F7CAFC00233B7062
S2140104B033702B70FF21BDE8F840064821F091B853
S2140104C0755C0020595C00205A5C0020D83F04006F
S2140104D0ABBE0300243E002037B51248FF2121F0B1
S2140104E080F8114B187810F0100505D0002003B0E5
S2140104F0BDE8304003F01CBF0121B42004F0C6FA69
S21401050004460A4B0A4A0B490090284605F0FEFDB0
S2140105102046FFF7BBFF4FF4806003B0BDE83040D4
S214010520FEF7ECBC243E0020755C0020C2BE030032
S214010530D83F040027BA03000021024A0248FDF70B
S214010540FBBF00BFD9040100243E002008B5054BBF
S2140105501B7823B11720FFF799FF002008BD022062
S214010560FCE700BF755C002010B550B1054B00F1EB
S214010570100250F8044B904243F8044BF9D1024B59
S214010580197010BD5B5C00206B5C002037B5174D01
S21401059004462B78DB0626D50090154B0020154A1D
S2140105A0154905F0B3FD1E2C0BD0652C09D0032C84
S2140105B019D0002023F088F940F61C40FFF766FFAB
S2140105C00DE023F0A9F94FF4FA63B0FBF3F202FB56
S2140105D01300C218FF21094892B220F0F1FF2B78D0
S2140105E023F010032B7003B030BD00BF755C0020F4
S2140105F0DBBE0300D83F040027BA0300243E0020D8
S214010600014B1879704700BFE855002070B54C4E75
S2140106108EB0337803F0FB02A3F10905022AEDB28E
S21401062058D0042B41F6041257D0A3F108014B42CF
S2140106304B415B0013434348ADF80C3021F07CFB83
S21401064048B9414B3F4A03F1100153F8040B8B4262
S21401065042F8040BF9D13D4B1B78002B3FD03C4BA5
S2140106600DF10E0203F1100153F8040B8B4242F810
S214010670040BF9D103A823F047F92328044610D127
S214010680012D49D80020334A334905F03FFDBDF816
S2140106900C3003A823F40053ADF80C3023F034F9E2
S2140106A00446002C41D14FF40C7023F02BF904467C
S2140106B000283AD103F0FAFE012D36D8274A01ABBD
S2140106C01068516803C3264901A823F079F978B365
S2140106D019242AE043F60412A7E70223AAE733788F
S2140106E0042B0DD0082B0BD01E4B0DF10E0203F17F
S2140106F0100153F8040B8B4242F8040BF9D1B9E709
S214010700104A0DF10E0302F1100152F8040B8A4251
S21401071043F8040BF9D1ADE7337803F0FB03022B62
S21401072003D10020104905F0F1FC20460EB070BD43
S214010730044901A823F044F904460028C8D1F4E787
S214010740755C0020495C0020A8BF03006B5C00209C
S2140107505B5C0020D83F0400FFBE0300B9BF030066
S214010760C83F0400C2BF03005ABF030070B500268D
S21401077086B00446252023F0ADF81622002116483F
S2140107800AF05CF8154B1E60154B1878FFF76AFDEA
S214010790022814BF0123042303208DF8083023F018
S2140107A0E7F804238DF810300E4B02A80593039446
S2140107B003F030FD05460C4B0C4A19680C4B3046CD
S2140107C0A14208BF134600940A4A0B4905F09EFC55
S2140107D0284606B070BD00BFE8550020443E002004
S2140107E0755C0020CD0A010024650020DABD0300F7
S2140107F0E2BD0300D83F0400D3BF030008B5134A87
S2140108001378042B09BF124B01331B78C3F106037F
S214010810DBB2137003F0FD02092A04D11720FFF79B
S21401082035FE172008BD0A4A1278002A14BF052291
S21401083006229A4207D1074B18680028EED0FFF728
S21401084095FF4D20EEE70020ECE700BF755C002029
S2140108506B5C00202065002073B51E4C1E4E23687D
S2140108603268134334D01D4B1B6853B31C4D2B7891
S2140108703BBB03F091FFF8B94FF48060FEF724FB11
S214010880184B24681B7894B1C3F102032B7003F054
S21401089047FD2046FFF76AFF04460020124B134A25
S2140108A01349009405F032FC204602B070BDC3F136
S2140108B0060334682B70EAE70121B42004F0E6F859
S2140108C0EAE70020094A0B4905F020FC0224E4E788
S2140108D00224E9E72465002020650020E840002086
S2140108E0755C00206B5C00201BC00300D83F040031
S2140108F027BA030001C003002DE9F347384D394EEE
S21401090000202A792B88384905F000FC32682879BE
S21401091022FA00F010F0010002D1344905F0F6FB8E
S214010920334F3C783CB10822324933480AF0D2FAB8
S214010930041E18BF0124DFF8DC80DFF8A490DFF87E
S214010940B4A014E098F8000049460130C0B288F817
S214010950000022F0B1FF002835D13C783CB10822D6
S214010960514625480AF0B6FA041E18BF01242A7912
S2140109703368D340DB07E5D5002CE3D100922B8802
S2140109801E4A1F49204605F0C1FB1E4B1878FFF78B
S21401099069FC01230322124922F094FF1A4A0546F4
S2140109A013780133137010B902B0BDE8F087204602
S2140109B02B46124A154905F0A9FB284602B0BDE8A8
S2140109C0F047FFF763BD0020114905F09FFBFFF7D5
S2140109D015FF0028E8D102B0BDE8F04700F01CB8CA
S2140109E0E8550020443E002021C0030052C0030009
S2140109F0745C00206C5C0020F6550020D83F040093
S214010A0021C10300755C0020595C0020C2C00300B0
S214010A10EBC00300485C00202DE9F041214C224D3B
S214010A202378002055F82330204A214905F06EFB33
S214010A30FFF7ECFD03461D4E1E4FDFF874802BB901
S214010A402378042B15D8B3B91B4B15E0324639462B
S214010A50002005F05BFBFFF7D1FE00BB2378324692
S214010A6055F82330414605F051FBFFF7CFFD03460D
S214010A70E5E7092BE8D1114B00201B68104A114904
S214010A801360114B187022F017FF20B1BDE8F0413A
S214010A900120FFF7FBBCBDE8F041FFF72DBFBDE825
S214010AA0F08100BF755C002028650020D83F040057
S214010AB041C103004EC103002065002024650020CB
S214010AC0443E0020E8550020485C002070B51C4CD0
S214010AD023789BB3838913F4407F2FD0056835B103
S214010AE02A46BDE870400020164905F00FBB22F0EB
S214010AF0E1FE154E03463070144A2846144905F0A7
S214010B0005FB33781BB1BDE87040FFF785BF23783E
S214010B10082B0CD8042B0CD80E4B1B78C3F10603FC
S214010B2023700D4BBDE870401868FFF71FBE0A2BF7
S214010B30F2D1BDE870401820FFF7A8BC70BD00BF19
S214010B40755C002079C103005A5C0020D83F040080
S214010B50A6C103006B5C00202065002030B5464D21
S214010B6003460446454A0020454987B005F0CEFABB
S214010B702B782BBB01A822F025FF022301A88DF8B4
S214010B80043022F00DFFB0B93E4901A822F00AFF59
S214010B9088B1152C0FD122F0BFFE47F23153B0FBBE
S214010BA0F3F202FB130000F51C50103080B203F084
S214010BB0BFFB07B030BD162CFBD103F0F3FBF8E703
S214010BC0152C2AD100202D4A2F4905F09FFA2B78A3
S214010BD0042B11D0082B0FD02C4B1B78DA070BD423
S214010BE001A822F08BFE18B9BDF804309B0703D488
S214010BF02B7843F010032B7022F08EFE4FF4FA632D
S214010C00B0FBF3F2FF2102FB1300C218204892B298
S214010C1007B0BDE8304020F0D3BC22F0AFFE04465A
S214010C200028C6D12B78013B092B1ED8134A194937
S214010C3005F06CFA184A194913780133D8B21070C6
S214010C4022F03AFE60B12046154905F05FFAFFF73B
S214010C50D5FD0028ADD107B0BDE83040FFF7DCBEBA
S214010C6007B0BDE83040FFF747BE40F61C4007B06E
S214010C70BDE83040FFF70ABC755C0020D83F040091
S214010C80CAC10300C83F0400E1C10300475C00205D
S214010C90243E0020F4C10300485C0020E8550020F3
S214010CA0EBC003002DE9F0410B4686B004460E4624
S214010CB017463A490246002005F028FA4FF0000888
S214010CC00123CDE901380DF1160300934246402376
S214010CD00621204622F0D0F8054640B102463049AA
S214010CE0404605F013FA284606B0BDE8F0819DF8A7
S214010CF016202AB936B900202A4905F007FAF2E784
S214010D00012EF8D082F00103002027498DF8173014
S214010D1005F0FCF99DF817300DF1170633B31023D3
S214010D200022CDE9006306214023204622F06FF819
S214010D30064630B1324600201C4905F0E7F9354633
S214010D40D1E74FB90821204621F0C3FE20B1204645
S214010D509DF8171022F09EF90521204621F0B9FED4
S214010D600028C0D0204622F092F9BCE74FB90821EE
S214010D70204621F0AEFE20B120469DF8171022F045
S214010D8089F910230022CDE900630621402320467D
S214010D9022F03DF806460028DED0CBE723C4030048
S214010DA03FC4030058C4030078C4030098C403007A
S214010DB0002208B5034B11461B681B685879FFF7DC
S214010DC071FF08BDAC41002008B5044B00221B682A
S214010DD001211B685879FFF765FF08BDAC4100206B
S214010DE008B5044B00221B6802211B685879FFF7DF
S214010DF059FF08BDAC41002010B50123002488B07E
S214010E0001A88DF80430CDE90244F5F76DFF2046C0
S214010E109DF80420124905F079F92046039A1149F4
S214010E2005F074F92046029A0F4905F06FF9102271
S214010E300E4B0DEB0201188840F0604040F4801024
S214010E40FBF74AF920460A4905F07AF904A822F088
S214010E50A1F92046074905F059F908B010BD00BFB1
S214010E60B1C40300D0C40300EFC40300883F0400EC
S214010E700EC5030018ED030008B520F08EFF002014
S214010E80024905F043F9012008BD00BF2BC5030048
S214010E900023054A8360C360044BC0E9002311B1F7
S214010EA04FF6FF730B807047491015B201300211DF
S214010EB010B5044660B10020064905F027F9052C57
S214010EC006D002F0CBF904490246002005F01EF9CF
S214010ED0012010BD3FC5030050C5030037B50021F2
S214010EE06A4601AB054621F019F8044668B10022AE
S214010EF00F49104605F00AF902F0B0F90D4902460D
S214010F00002005F003F903B030BD0B4905F0FEF8EB
S214010F1001201FF057FF01F099FF431C02D007F094
S214010F209DFFF0E721462846FFF7A6FFEBE700BF47
S214010F3079C5030050C50300C1C5030038B5054691
S214010F4001F084FF044622F06CF84DB100200E49F2
S214010F5005F0DCF8631C14BF2046002007F040FFB4
S214010F6020F029FF0228044605D0012805D10020DB
S214010F70064905F0CBF8204638BD0020044905F0A7
S214010F80C5F80024F7E700BFDEC50300F8C5030077
S214010F9011C6030008B50020034A044905F0B6F857
S214010FA0BDE8084000F050BDBBD503002AC60300CB
S214010FB008B50020034A044905F0A8F8BDE8084032
S214010FC001F0CAB949C603002AC603001FB5D0E915
S214010FD0023253F8223068461C78214601F0D0FBD5
S214010FE0684601F073FC28B92246044905F08EF8DC
S214010FF004B010BD6846FFF771FFF9E74FC603005E
S2140110000020014905F082B86BC603007FB50DF1DB
S214011010060102A8FFF73CFF0020264905F076F8F6
S2140110200020BDF80820244905F070F80020BDF81E
S2140110300A20224905F06AF8039A0020204905F0A3
S21401104065F800201F4905F07BF84FF6FF73BDF8E1
S21401105006209A4229D000201B4905F057F80020A7
S2140110601A4A1B4905F052F800201A4A1A4905F097
S2140110704DF800221949104605F048F80020154A97
S214011080174905F043F80A220020164905F03EF8F4
S2140110900A220020144905F039F80A2200201349D3
S2140110A005F034F807B05DF804FB0020104905F0A0
S2140110B02DF8D4E77AC6030092C60300ABC6030038
S2140110C0C4C60300DDC60300E8C40300E0930400C1
S2140110D0F3C60300C027090012C7030031C7030087
S2140110E050C703006FC703008EC70300ACC70300D9
S2140110F0F0C6030008B50020034905F007F8BDE86F
S2140111000840012001F0FAB9CAC7030008B500205B
S214011110034904F0FBFFBDE80840002001F0EEB9EA
S214011120E3C7030030B5104B104D1B5C85B08DF83E
S2140111300F302B780446834206D00D4B0D4953F8E9
S2140111402020002004F0E2FF30232C700A4801938F
S2140111500DF10F030093062280231921007821F058
S21401116056FE05B030BD00BFEF3F04007D5C002099
S214011170FC3F0400FBC70300806900201FB5232342
S21401118003900193064803AB0093012280231921A3
S214011190007821F03CFE039805B05DF804FB00BF23
S2140111A08069002073B5164D04462B78154ECBB1D9
S2140111B020F022FE012815D0346040F6B244124BCE
S2140111C01B78072B17D02D78C5B920F015FE031E06
S2140111D018BF01230D48009522461921007821F0F9
S2140111E09AF903E000233360002CE8D1201E18BFD3
S2140111F0012002B070BD02250123EBE70025FBE7C5
S2140112007A5C0020483E00207D5C0020806900203A
S21401121008B50448FFF7C6FFBDE808400220FFF7FF
S21401122081BF00BFC027090010B5064C208821F0F9
S21401123032FF608821F02FFF6068BDE8104021F082
S21401124039BF00BF4C3E00207FB523238DF81330F5
S2140112500DF11303029304230648019305AB009393
S214011260012280231921007821F006FE059807B097
S2140112705DF804FB806900202DE9F047DFF84C910A
S214011280044699F8000090460F4621F004FC0B280E
S21401129099F8002005D9BDE8F04700203F4904F041
S2140112A035BF00263E4B3F4D1E803F4BDFF820A149
S2140112B003EB00135B8801202B802A7104F04EFE9D
S2140112C005F0F6FE04F04AFE204604F047FE012330
S2140112D0042C8AF800300BD8022C45D89C4216D034
S2140112E02346BDE8F0470020304A314904F00EBFDE
S2140112F0062CF5D130462F4904F008FF384604F095
S2140113002DFEFFF791FF97B18AF800600FE04FF6C8
S214011310FF76294F3888801B18BF012004F01EFE77
S214011320FFF782FF3888B04201D021F0B4FE1923BE
S2140113306B8099F8003000202B71204B1B786B7165
S214011340EB8843F04003EB801D4B198821F050FEDB
S214011350034620B1224600201A4904F0D7FE404633
S214011360BDE8F047FFF71EBF304604F0F7FDFFF774
S2140113705BFFFFF769FF21F09DFE134B1B78002BE7
S2140113800CBF3F20202004F0E9FD042CCFD14FF400
S214011390806021F080FE3220C7E700BF0EC8030040
S2140113A00C560020105600201C400020C8B5030033
S2140113B05AC803003DC80300005600207F6900207C
S2140113C02269002073C80300795C00208069002030
S2140113D07A5C002038B5044605200D46FFF7A2FECC
S2140113E0184B1A884FF6FD739A4207D1002016490A
S2140113F004F08CFEBDE83840FFF70ABF65B1134A1A
S21401140013780133DBB2092B137014D90A2200209A
S2140114100F4904F07BFEEDE7012C0ED10B4B1D703E
S2140114200C490D48FFF734FDBDE838400021012086
S2140114300A4AFFF721BF012CF2D0BDE83840074821
S214011440FFF7B0BE22690020ADC803007C5C002017
S214011450D8C80300005600204C3E0020E09304004C
S21401146008B50649002004F051FE0548FFF736FD91
S214011470BDE8084000210846FFF7ACBF1CC90300C1
S2140114804C3E0020814237B50346154608D200205F
S21401149000910F4A0F4904F039FE002003B030BD19
S2140114A00C1A224600200C4904F030FE40F6BB53CD
S2140114B022460020094904F029FE4FF47A735C4362
S2140114C0074B01209C4294BF2C602B60E6E700BFCF
S2140114D0C8B503002DC903006AC9030085C9030006
S2140114E080EE360010B504460820FFF71BFE0D4BB4
S2140114F03CB91C700021BDE8104006200A4AFFF7DF
S214011500BBBE1B78092BF5D90A220020074904F037
S214011510FDFD0020064904F0F9FDBDE81040FFF787
S2140115209FBF00BF7C5C0020C0270900B1C9030033
S214011530F2C9030073B51F4D2C7834B100201E4943
S21401154002B0BDE8704004F0E1BD0220FFF7EAFDFD
S214011550FF221A4E1A4B30781A7021F09CFA0B288B
S21401156007D920463278174902B0BDE8704004F02A
S214011570CDBD154B1549009301EB0011012319222E
S2140115804FF6FD70498805F037FA70B120461049CC
S21401159004F0BCFD00220F4B0F481C700F4B1A7055
S2140115A002B0BDE87040FFF7FDBD01240C492C7068
S2140115B0EEE700BF7B5C002003CA030080690020C1
S2140115C07F6900200EC80300C51801001C400020DA
S2140115D044CA03007A5C0020C02709007C5C002016
S2140115E06ACA030038B5144D04462B78052B21D959
S2140115F01249FFF75DFC24B918B9114904F086FDBC
S2140116000424104B195D21B9BDE838400846FFF7A0
S21401161069BF032C06D02B78052B03D006200A4A77
S214011620FFF72AFE0021094B08461970BDE838402D
S214011630FFF7D0BE38BD00BF7D5C00204C3E0020C9
S2140116408CCA0300E53F0400C02709007A5C00202D
S21401165030B5044689B00720FFF764FD052C0AD192
S21401166000222A4B03A91A7002A804AA01F0FEFD63
S21401167030B1022045E09CB90122244B1A700224A5
S214011680224D287878B1421E504221495041FFF739
S21401169055FC022304462B70022C0ED10A200FE0C3
S2140116A0022CE6D1EBE7631F5A424FF005001849BA
S2140116B05A4120F0A8FB0446EEE7032C04D1002093
S2140116C0FFF770FD09B030BD062C06D10020114988
S2140116D004F01CFD01232B70E0E70F4A0F4B28781E
S2140116E0002C18BF13460E490E4A0094002808BF66
S2140116F00A4600200C4904F009FD201E18BF0120EF
S214011700400009B0BDE83040FFF76CBF785C0020B0
S2140117104C3E0020C7CA0300C0CA0300B9CA030072
S214011720A8CA0300B2CA030002CB030013B51F4CBC
S2140117300620FFF7F7FC2278092A09D900201C4960
S21401174004F0E4FC042002B0BDE81040FFF74ABFF5
S214011750184B1B782BB300201FF058FB20F04CFBD6
S21401176068B9FFF771FD144B196820F03CFB02467F
S2140117700420002102B0BDE81040FFF77DBD01A89E
S21401178020F038FBFF2809D14FF4FA6023780133A3
S214011790237002B0BDE81040FFF704BD0198FFF7C3
S2140117A0EDFC4FF4FA620320E3E700BF7C5C002007
S2140117B01DCB0300795C00205C3E0020F023F0B5D1
S2140117C089B0CDE90003344880230022192100782E
S2140117D0324E334F21F01BFB0020324904F096FCB9
S2140117E03246394603A801F041FD032804462E4D32
S2140117F01CD10626039A2D49002004F087FC039885
S214011800FFF7BCFC0020396800F0ACFE2E7001F03A
S2140118109FF900220446264B30461A70FFF782FCD9
S21401182084BB09B0BDE8F040FFF780BF28BB7268F3
S214011830204904F06BFC214604A8FFF729FB059B11
S214011840726893420BD020461B4904F05FFC0723C5
S21401185005202B7009B0BDE8F040FFF7F9BE1A4627
S2140118602046164904F052FC0523002101202B7066
S21401187009B0BDE8F040FFF7ADBD0020104904F007
S21401188045FCF1E7042C05D0042009B0BDE8F04082
S214011890FFF7A8BE09B0F0BD806900204C3E0020CD
S2140118A05C3E002055CB03007D5C002086CB030008
S2140118B07C5C0020C1CB0300FACB03004ECC0300B6
S2140118C08ACC0300F7B50446876800202378364D96
S2140118D0012B287004D0354B3549187004F016FCDE
S2140118E026785EBB334B1B78FF2B04D103B0BDE8D3
S2140118F0F040FFF78DBC304B1B78032B11D82F4CD3
S2140119000320FFF70FFC6946208822F01FF8002805
S21401191043D02B49208805F0EDF820B12E70FFF753
S21401192077FC03B0F0BD0124204B26491C7004F05F
S214011930EDFB0320FFF7F6FB2C70F2E7012E25D115
S2140119403B78002BEDD01B4D2B78FF2BE9D1A688D9
S21401195002F04AFF864206D100201B4903B0BDE8CB
S214011960F04004F0D3BB194BA2881B783BB132B1CF
S2140119701749002003B0BDE8F04004F0C7BB7B6800
S21401198014491B782B700D4B1A80F2E7032E08D1F1
S21401199008226846A16808F0A3FF6846FFF70EFF15
S2140119A0BFE700232B70A1E77A5C00207B5C002058
S2140119B0A5CC03007F6900207D5C00202269002001
S2140119C0C51801006ACA0300C5CC0300775C002075
S2140119D0EBCC030016CD03007FB5094B1A78FF2A1E
S2140119E00AD1187001F088FB0022064B0DF10601A2
S2140119F002A81A80FFF74CFA07B05DF804FB00BF97
S214011A0080690020FE550020152838B517D10C4BEB
S214011A101D78A5B921F080FFC4B2012C38BF01247E
S214011A200120FFF77FFB28462246064904F06EFB9D
S214011A304FF47A706043BDE83840FFF7B3BB38BD5A
S214011A407D5C002033CD0300034B1B78022B01D8AD
S214011A50FFF770BD704700BF7D5C002070B5284C55
S214011A6020F0C5F92578274EBDB10020264904F09F
S214011A704DFB264A13780133137000232370337805
S214011A80062B0AD1BDE87040214B1868B0F5FA6FF5
S214011A9038BF4FF4FA60FFF785BB3378013B082B5C
S214011AA02CD8DFE803F005090D2B13191D2227009A
S214011AB0BDE87040FFF7C8BFBDE87040FFF73ABD0C
S214011AC000232370BDE87040FFF7A2BB2946BDE89E
S214011AD070400120FFF77EBCBDE87040FFF726BED0
S214011AE00220BDE87040FFF7B3BD0120BDE870409D
S214011AF0FFF7F8BCBDE87040FFF7B2BC70BD00BF91
S214011B007A5C00207D5C002062CD03007C5C0020B6
S214011B10483E002010B90520FFF764BD034B1B7833
S214011B20062B01D1FFF79ABF704700BF7D5C0020EE
S214011B302DE9F0478E68054633189A780C46092A2F
S214011B408EB008D90020A34904F0E0FA8524204687
S214011B500EB0BDE8F08750B98B899F49895C8B42EE
S214011B6005D200919D4904F0D1FA8024EFE79C4B01
S214011B70E7881B889F4236D09A490978012932D9CD
S214011B8032B13A460020984904F0C0FA7E24DEE7D6
S214011B90964B1A70934B26791B78052B03D0012B95
S214011BA03AD8FFF751FF5EB93146204621F097FB40
S214011BB00346002851D030468D4A8E4904F0A6FAD5
S214011BC0D4F80880A48998F8037098F80450002E79
S214011BD04CD13046884A894904F098FA0021012000
S214011BE0FFF7F8FB4FE00021804B1970072A00F23F
S214011BF08A8301A353F822F0951B0100431D0100BF
S214011C00431D0100551F0100551F0100551F01000E
S214011C10EB210100EB210100022B17D102F0E4FDBC
S214011C208742B3D00020764A764904F06FFAFFF770
S214011C3081FC46BB3146204621F051FB034610B3DA
S214011C406B4A6C49002004F061FA1CE06E4A0020E1
S214011C506E4904F05BFA012479E7A3681B78DA067B
S214011C60AED432466A4904F051FAA9E700210AA81F
S214011C70FFF70EF9032F08D95F4B664A66490097AE
S214011C80002004F043FA002461E76B1E632B04D99D
S214011C90594B604A61490095F2E7614BE4B2DB5D5E
S214011CA09C4209D0CDE901430020534B594A5D4976
S214011CB0009704F02BFAE6E757B3A4B222460521B3
S214011CC0404621F025FABDF82830834203D04A4B1E
S214011CD0554A5649B6E7012F1AD0224607214046F3
S214011CE021F016FABDF82A30834203D0424B4E4A01
S214011CF04F49A7E7032F0BD122460921404621F081
S214011D0004FA0B9B984203D13B4B474A494999E752
S214011D10642D3FF463AF21F0FFFD6423C0B2B0FB36
S214011D20F3F203FB12030133DBB29D42BFF456AF5D
S214011D30CDE900530020304B3B4A3F4904F0E6F919
S214011D40A1E7284B1B78052B01D03C4A7FE7EB1C0B
S214011D50DBB2277BF45C44B123460020374A38497E
S214011D6004F0D4F900210C460BE00F2F0DD81023F8
S214011D70204634490093314A3B4604F0C7F9802493
S214011D8001210020FFF726FBE1E60435EDB22046EF
S214011D902A4A2D4904F0BAF97A1B7119D2B206A85B
S214011DA020F038F805443A46E9B2304621F0ADF95C
S214011DB0264D069A2B68264F9A42386001D1002894
S214011DC04AD1244900201D4A04F0A0F985240121A6
S214011DD0D7E700BF7FCD03002840040097CD03005E
S214011DE0226900207D5C0020C6CD03007A5C0020BD
S214011DF03CCE030044CE0300CCCE0300E1CE03006C
S214011E000ACE030017CE03006CCE030079CE030082
S214011E1096CE0300F6CE0300FECE030018CF0300D5
S214011E20EB3F040036CF03008BD3030070CF0300D3
S214011E309ACF0300C2CF0300E9CF03001DD00300F1
S214011E4037D0030066D003007DD003004C3E00204F
S214011E505C3E0020A6D0030000F08EFF3E68B04234
S214011E600AD200F089FF9D4903463246204604F017
S214011E704DF98924012184E7079A6B689A4205D1B6
S214011E802046974A974904F041F96BE79649097845
S214011E9059B19A4209D22046944904F037F996215D
S214011EA00620934AFFF7E8F95CE7924A924905A8AB
S214011EB001F0DCF9079E48B96A68964206D88F4950
S214011EC004F024F90520FFF7C3FB40E63246002064
S214011ED08B4904F01BF939680027002000F042FB0B
S214011EE000206E60FFF74AF9864B06201F80FFF739
S214011EF019F9854B1F7001F0B1F90646F8B94FF68E
S214011F00FF73824A0AA81188994214BF13463B46BA
S214011F106A88298801F012F90AA800F0D7FC58B19E
S214011F200AA801F0DDF938B13046794904F0EEF837
S214011F300420FFF757FB0AE6FFF7F8FB07E604283D
S214011F4005D1744B1921187820F0FCFAFFE53846C4
S214011F507149EBE7714B1B78062B01D0704A76E688
S214011F60DFF8A0A1EB1C94F80C90BAF80080DBB265
S214011F702EB930466B4904F0C9F88724E7E5F75CCB
S214011F802C1D972FE4B22FD025D8812F71D0952FF5
S214011F9067D017BBB9F1100F7FF6E7AD31194A4686
S214011FA00AA81FF037FF0444E4B221464A463046E9
S214011FB021F0ABF8231DDBB2053416F803A0E4B21A
S214011FC0A9EB04035345054666DA009338465346A3
S214011FD0534A5549C7E5982F43D03B460020504AFF
S214011FE0524904F093F8C8E7B9F10A0F7FF6BDAD80
S214011FF01FFA89F721463A46304621F086F805F160
S214012000080104463A46C9B2304621F07EF80AAACB
S21401201001462046FFF736FA08B9454B0A93B9F14F
S2140120200C0F12D905F10C013A46C9B23046DDF85B
S214012030288021F06DF8044602463E49002004F04F
S21401204065F8AAF8004044440A940A9C3A49224694
S214012050002004F05BF82046FFF7A4F81FF0D2FE3C
S21401206011E63649002004F051F80320FFF7BAFACA
S21401207009E6334C23786BB11FF0B7FE50B1002050
S214012080304904F043F8002323701FF0BBFEFFF72E
S2140120904DFBF8E52C49E5E7DFF8A49099F8003008
S2140120A043B9FFF7D1F88542034607D01C4A2749B2
S2140120B00095E5E51FF0A0FE0128F2D110220D489B
S2140120C00AA908F007FF10B9BAF13F0F42D9144A1E
S2140120D01F49002004F01AF84FE700BFC5D00300DF
S2140120E01DD00300FDD00300765C002032D1030032
S2140120F0C02709004C3E00205C3E0020C1CB0300F7
S21401210073D10300FE5500207C5C002000560020A1
S21401211095D1030080690020B4D103007D5C0020C6
S214012120DAD10300EFD103001CD30300FED2030073
S214012130E09304002AD2030055D2030074D20300B0
S214012140795C002090D20300CFD2030058D303005D
S21401215094D303006D4B187099F800304BB11FF003
S21401216044FE30B128461FF043FE042807463FF4DC
S2140121708AAD5146284632191FF07DFF28B100204E
S214012180634903F0C3FF042070E799F80030554413
S21401219063B11FF02AFE48B1FF2FF4D0012F3FF4A0
S2140121A072AD032F16D11FF02BFE05462846FEF70B
S2140121B0E5FF04460246052156481FF052FE564BDF
S2140121C01B689C420AD320461FF050FF0520FFF7EC
S2140121D03FFA58E51FF012FE8046E7E74046FEF755
S2140121E0E1FF00287FF44FAD51E74C4B1B7803F01D
S2140121F0FD03082B01D04A4A29E5A48935B1F278B6
S21401220022B10020474903F081FF2EE7E4B22246BF
S214012210F11C0AA81FF0FEFD434BBDF828201988C3
S214012220054691420DD04FF6FF718A4209D03C4ACD
S21401223000203E4B3E4903F083FFBDF828203D4970
S21401224047E7BDF82A20598891420CD04FF6FF7116
S2140122508A4208D0324A0020374B354903F070FFD6
S214012260BDF82A20EBE70B9A5B689A420AD0013246
S21401227008D02B4A2E490020304B03F061FF0B9A01
S2140122802F4926E7A4B2E91C2246C9B2304620F0FF
S2140122903CFFE91DC9B207462246304620F035FF0D
S2140122A0431C014606D10820FEF73CFF2548FEF7F1
S2140122B079FFE8E4384606AAFFF7E4F8A8B9214B07
S2140122C00693214B00221978204B18781FF07EFDCB
S2140122D0069C2046FEF766FF224600201C4903F0B6
S2140122E015FF0920FEF71EFFCDE440F6B733069A28
S2140122F09A42E6D840F6B8320020164903F006FFA7
S21401230040F6B833DCE7812421E400BF7C5C002082
S214012310C7D30300EAD303005C3E00207D5C0020A7
S214012320F3D3030008D403004C3E00208ACF0300F9
S2140123302FD40300E8C40300B4CF03004AD403003B
S21401234047DC030080EE36007F69002080690020AC
S21401235082D4030057D4030008B50420FFF742F9DE
S2140123600020FEF7DFFE0023054A19211370054AF7
S2140123701370054B1878BDE8084020F0E3B800BF9D
S2140123807A5C00207B5C00208069002010B5164B2B
S214012390164C1A78164B002053F82220154903F0E4
S2140123A0B5FE2178144B154A0020002918BF1A469D
S2140123B0134903F0ABFE23782BB1124B00201A68A9
S2140123C0114903F0A3FEFEF73FFF0446FEF73CFF6C
S2140123D00E4B19681FF038FD2246BDE81040034633
S2140123E00B49002003F092BE7D5C00207A5C002041
S2140123F0FC3F04009ED4030074DB030055DB03009E
S214012400ABD40300483E0020C5D403005C3E002048
S214012410DED4030038B5014604460020FFF788FBEA
S214012420054698B1E37C00200A4A0B4903F06EFE8C
S2140124302379042B0AD02946204620F050FF034674
S21401244020B10020054A064903F060FE6FF0FF0048
S21401245038BD00BFC8B5030006D503003CCE030057
S21401246044CE030010B51346094A127882420DD1B4
S21401247063B1084A002014680A46074903F046FE7D
S2140124802146BDE810400120FFF752BB10BD00BF3A
S21401249080690020AC41002028D5030010B50D4B03
S2140124A01C782CB1BDE8104000200B4903F02EBE6D
S2140124B06420FEF763FE4FF6F0716FF00F02074BD4
S2140124C00320C3E9001222462146BDE81040FEF76C
S2140124D0D3BE00BF7D5C002061D503004C3E0020CA
S2140124E0014B1870704700BF795C00200021062060
S2140124F0014AFEF7C1BE00BFC0270900014B187094
S214012500704700BF765C0020114B2DE9F04107466D
S2140125100D4618680F49101A09681FF095FCDFF878
S21401252040800D4E98F800400346FF2C307004D0D2
S214012530A8420AD32C44A04207DB3A4600200749AA
S21401254003F0E4FD337888F800303078BDE8F08198
S214012550643E0020603E00207E5C00208FD6030093
S2140125608169002050EA010208D0FF22054B091AB2
S2140125701A70054B1860054B1960704711461046D6
S214012580FFF7C2BF81690020643E0020603E002044
S2140125902DE9F04FAFB006AD284600F0FDFD002650
S2140125A0624FDFF8D091284600F090F9044648B90A
S2140125B000F0BEFD5E490246204603F0A7FD2FB09F
S2140125C0BDE8F08F39460020F2B203F09FFD2846A1
S2140125D016A900F0FFFD044620B15649002003F07D
S2140125E095FD8FE0BDF85820534903F08FFD49460D
S2140125F02046BDF85A2003F089FD2046BDF85C2030
S2140126004E4903F083FD2046BDF85E204C4903F099
S2140126107DFD2046BDF860204A4903F077FD20463F
S214012620199A494903F072FD2046BDF868204749CA
S21401263003F06CFD204646490DF16A0203F066FD83
S21401264044492046239A03F061FDBDF85C30D90762
S21401265005D520469DF890203F4903F057FDBDF86B
S2140126605C309A0714D500203C4903F069FDBDF89B
S2140126705830B3F5807F4FD1002020F090FD18B17F
S2140126800DF1910003F0C4FC0020354903F03EFD36
S214012690BDF85C305B070BD50020BDF8B220314990
S2140126A003F034FD0020BDF8B4202F4903F02EFDC1
S2140126B0062228460DF116030AA91FF0F4FB04466C
S2140126C090BBBDF81620294903F020FDDFF8A8A02D
S2140126D0DFF8A8B00DF12808BDF81610A2B2914295
S2140126E010D9B8F800205146002003F00FFD013440
S2140126F0D8F804205946002003F008FD062C08F1FE
S2140127000808E9D16C46204600F05AFD94E80F000F
S214012710013685E80F0046E70123202200200DF14F
S214012720910103F057FCAFE7114957E7A1D6030023
S2140127306ED80300AAD60300CED6030002D7030044
S2140127401BD7030034D703004DD7030066D7030019
S2140127507FD7030094D70300B0D70300C9D703007F
S21401276018ED0300DCD70300F5D703000ED80300ED
S21401277041D80300E7D603001FD803002FD8030073
S2140127802DE9F04188B004AD044628468846002766
S21401279000F002FD6E46474507D195E80F0084E834
S2140127A00F00204608B0BDE8F081304600F008FD75
S2140127B096E80F0085E80F00284600F087F80137F5
S2140127C00028E8D1014B0FCBE9E700BF7C420400AB
S2140127D01FB5D0E9023253F8223068461978FFF760
S2140127E0CFFF684600F07CFD48B1042809D1074AAE
S2140127F00020074903F08AFC05B05DF804FB054A92
S214012800F6E70020044903F081FCF5E710E2030037
S21401281089D80300C0DB030095D1030010B5D0E9C9
S214012820023203EB8201496853F8223098B00C68F3
S21401283004A81978FFF7A4FF03AB402200932146B2
S21401284008AB04A800F0E2FC024628B100200E49BD
S21401285003F05CFC18B010BD039808A900F007044B
S2140128600122C0F3C70003F0FBFB039908A8091B6C
S2140128700144064801232246008803F0ABFB0448C6
S21401288003F0E4FBE6E700BF99D803001C560020DE
S21401289018ED0300F0B504460D460B4BEF880FCB41
S2140128A084E80F00AB882E899B0741BFD5F8390015
S2140128B0D5F83D1004F1080303C3EA6820462780D3
S2140128C066806260F0BD00BF34400400102208B587
S2140128D0034908F0FFFA003818BF012008BD00BF01
S2140128E07C42040008B521F075FCC288FF219208DD
S2140128F0012A38BF012202481EF062FE012008BDEF
S214012900743E002038B5134690B10120274A107056
S214012910274A00201160274A13600A46264903F019
S214012920F5FB02F043FB254B1870022002F044FB36
S21401293021F06BFCE8B91D4D1D4C2B782BB921F00D
S21401294049FC2268C368134423601A4B24681B6839
S2140129509C4229D221F03EFCC168204606F022F8AE
S214012960002402462C7050B921F04FFCFFF7BAFF45
S21401297003E0FFF7B7FF0028DDD0012038BD204671
S2140129800F4903F0C3FB0D4B187802F015FB00202E
S2140129900C4903F0BBFB00F091F908B900F0AEF961
S2140129A02046FFF7B7F8E8E70124ECE7805C002053
S2140129B06C3E0020683E0020C0D803007F5C0020EB
S2140129C0ECD803000CD9030038B500F04BFA0446E6
S2140129D000F042FA241A21F0FDFB054618B9B12190
S2140129E01B4826F021FEAB8803F00303032B03D01C
S2140129F0B221174826F018FE00F02EFA05461FF001
S214012A00C5FA01238340013B2B4203D0B421104871
S214012A1026F00AFE1FF0BAFA01238340013B234247
S214012A2003D0B5210A4826F0FFFD05F091FD0546C5
S214012A301FF0ACFA4FF48063B3FBF5F3C440A34236
S214012A4005D2BDE83840BA21014826F0EDBD38BDB3
S214012A5022D90300FF2108B504481EF0C2FDBDE8D7
S214012A600840002211461046FFF74CBF743E002076
S214012A70F7B504460E4600F089F8054621F0AAFB94
S214012A80C3682B449C4220D31FF080FA2C44C440D8
S214012A90013C114F3B68DEB1A34219D1013400233A
S214012AA0ADF8043000F0E4F9054605F051FD1035A7
S214012AB004FB005405F04CFD01A90246204605F032
S214012AC099FD1FF073FA386004E04FF0FF34E0E739
S214012AD0A342E4DB03B0F0BD546500204FF0FF32A3
S214012AE00A4B10B51A600022094B1A7000F0B4F9AF
S214012AF0044600F0B7F9214602460120FFF702FF1F
S214012B0000280CBF0120042010BD00BF5465002022
S214012B10815C002038B500F0D1F808B9002038BD36
S214012B20094D0A4C2B7823B91FF040FA0123206087
S214012B302B7024681FF02AFA01348440EED000F08E
S214012B4025F82044EBE700BF815C00205465002097
S214012B5070B50D4C2368002B01DA012070BD00F022
S214012B607BF9054621F036FB2468C6681FF00EFA8D
S214012B70013404FA00F1294401208A19FFF7C2FE44
S214012B800028EAD00420E9E754650020024B1868C3
S214012B900C301FF03BBA00BF58650020FF2307B575
S214012BA00021044A04480093FBF790FC03B05DF84B
S214012BB004FB00BF552A0100743E00200E4B70B581
S214012BC01C680546036804F582641C440E46FFF73C
S214012BD0DDFF2B68834208D232681A44824208D944
S214012BE0C31A012033602C6070BD044A1268134476
S214012BF01C1A0020F7E700BF58650020703E002031
S214012C002DE9F04FB3F5803F87B00F469846019007
S214012C1003D3002007B0BDE8F08F03A904A8CDE9CF
S214012C200332FFF7CBFF0024824600F10109DFF8EB
S214012C3088B05FFA89F9019BDDE90356AAB27BB138
S214012C403046109921F0CDFA0028E2D1B9F1020FF1
S214012C502BD1DBF800300493019B03BB2F4421E00A
S214012C603946304605F0C6FC0028D2D1BAF1000F2D
S214012C70ECD0002CEDD105F06BFC2E44B6FBF0F346
S214012C8003FB10600028E4D005F062FC05A90246AB
S214012C903046059405F0AEFC0028DAD0B9E7109B63
S214012CA02B441093A8EB05050395631C4B454FF089
S214012CB00104C0D32046ADE7703E00207FB56B46C9
S214012CC00C4A1068516803C390680C2218600A4BBE
S214012CD00DEB0201186821F084FA0C2268460DEB10
S214012CE0020108F0F7F8B0FA80F0400907B05DF885
S214012CF004FB00BF44400400586500201FB5084A85
S214012D0001AB1068516803C3906801A91860054BB0
S214012D100C22186805F06EFC05B05DF804FB00BFD8
S214012D204440040058650020F7B5044615460E4693
S214012D3081B9072A03D80024204603B0F0BD0D4B05
S214012D4080791968E379063000EB03200C3180B2F4
S214012D501FF066F9002721462B4632463846009773
S214012D60FFF74EFF04460028E5D039467019FFF7F5
S214012D707FFEE1E758650020024B1868A0F5006069
S214012D80704700BF6465002010B58AB0684606F03B
S214012D9015F810F0FF0027D1009BFBB1174C01A9D5
S214012DA0206005F083FF10F0FF001DD12268009B14
S214012DB09A4204D34FF4DD71114826F035FC019B8D
S214012DC0104A11491360029A13440B600F49A3F588
S214012DD000630A600E4A1360009B63B940F2CF118C
S214012DE0074826F021FC06E0044A03461268002044
S214012DF0084903F08BF90AB010BD00BF5C650020DE
S214012E00D5D90300703E002060650020646500206F
S214012E10586500207DDA030008B5FFF7B5FF21F0FD
S214012E20D9F950B121F0D6F9064B02691B689A42CE
S214012E3003D2B321044826F0F7FBFFF7C5FD0120B6
S214012E4008BD00BF64650020D5D90300014B186892
S214012E50704700BF5C650020014B1868704700BFD3
S214012E60703E0020014B1868704700BF6065002067
S214012E70014B1868704700BF5865002010B5FFF772
S214012E8049FE04462849002003F040F9002027495E
S214012E9003F03CF90020264903F038F900202549C3
S214012EA003F034F9244B00201A68244903F02EF964
S214012EB022462349002003F029F9FFF767FE21493E
S214012EC00246002003F022F91F4B00201A681F4912
S214012ED003F01CF91E4B1F4C1A6800201E4903F014
S214012EE015F9226800201D4903F010F94FF480629D
S214012EF000201B4903F00AF9226800201949103204
S214012F0003F004F92268002017490C3203F0FEF89A
S214012F1022680020154902F5826203F0F7F8BDE841
S214012F20104005F049BA00BFFCDA030039DB0300A4
S214012F3058DB030078DB03005C650020A3DB03009D
S214012F40C2DB0300E5DB0300703E002008DC030063
S214012F5060650020586500202BDC03004EDC030072
S214012F6071DC030094DC0300B7DC0300DADC030049
S214012F702DE9F04194B004460D460020482102AAEE
S214012F801FF05FF818B9534903F0C0F819E0602242
S214012F900021204607F052FC04224F4902A807F000
S214012FA099FF90B16DB19DF80B30002001939DF80B
S214012FB00A309DF80820009348499DF8093003F02F
S214012FC0A5F8012014B0BDE8F081BDF80C20B2F5DB
S214012FD0807F228003D0424903F098F8F1E7BDF8DC
S214012FE01420BDF80E102281DDF816206180E26003
S214012FF00499BDF81A206160228284F8320007AD78
S21401300004F112020FAE2B4603CBB342106051609F
S2140130101D4602F10802F6D10F9B324A6363136024
S214013020314B10221846002107F008FCE288A388DD
S214013030028022894280E26842600BB90020C1E723
S21401304000263546A388D90709D536B105F15002C1
S2140130506A4412F8482C84F838200135EDB29A07F4
S21401306014D520881EF003FF07466EB102AB03EBB2
S21401307005080246414604F1390007F06FFD3A465D
S21401308041461A4807F06AFD2F44FDB2A3885B0744
S2140130900DD556B105F150036B4433F8482C33F87F
S2140130A0463CA4F85A20A4F85C300435EDB2002E54
S2140130B0C4D1482D02D930460D4965E72946382046
S2140130C002AA1EF0BEFF08B90A495DE738250126A7
S2140130D0B8E700BFFDDC0300504004002FDD03000D
S2140130E065DD0300943E0020983E0020A03E0020AF
S2140130F080DD0300D0DD030030B50B4C99B0257898
S2140131006DB9FFF789FE68B129466846FFF730FFBB
S214013110B0FA80F0054B4009187001232370002097
S21401312019B030BD0120FBE7825C0020835C0020E3
S214013130014B1878704700BF835C002070B51E46AF
S214013140134B044618881D46884298B002D15B8806
S214013150934206D00F4B0FCB84E80F00204618B0E1
S21401316070BD96B100216846FFF702FF0028F1D135
S214013170BDF804305B0708D53388BDF85A209A425B
S214013180E8D8BDF85C209A42E4D395E80F00E3E75F
S214013190983E00207C420400064B10B51B7804467E
S2140131A02BB9054B0FCB84E80F00204610BD034B0F
S2140131B0F8E700BF835C00207C420400983E0020B4
S2140131C010B50446024B0FCB84E80F00204610BD15
S2140131D07C4204000B4B10B51B78044608467BB1B5
S2140131E00021FFF7C5FE48B910222146064807F020
S2140131F071FE003818BF0120C0B210BD0120FBE7E8
S2140132000120FAE7835C0020983E00202DE9F0417A
S2140132100E4690460E4910221F4607F05BFE0446F6
S21401322070B90C4B3A461D683046AD1B454528BF64
S214013230454629461EF005FF28B9074902F066FFF4
S2140132400120BDE8F081069B20461D60F9E700BF1E
S214013250983E0020943E0020D0DD03000022024B61
S2140132601A70FFF73BBC00BF835C00202DE9F041DC
S2140132709CB00F4616468046FFF74CFC05460246B4
S2140132801549002002F042FF382D20D9012104A85B
S214013290FFF76EFE0446D0B9119B04A93B606F464A
S2140132A03846FFF7F7FA97E80F0086E80F00119BFC
S2140132B0AB4297BF01210324084AC8F8003094BFE7
S2140132C01170C8F8005020461CB0BDE8F0810022FD
S2140132D0024B01241A70F6E702DE0300835C00202D
S2140132E070B5084D00262B7853B1FFF7F7FB04465F
S2140132F01022002104482E7007F0A0FA204670BD67
S2140133003446F5E7835C0020983E002008B500208F
S214013310064902F0FBFE064B00201A78054902F02A
S214013320F5FEBDE80840FFF7A9BD00BF21DE03009A
S214013330835C00204BDE030003460120024AC3E9FA
S214013340032000221A7070470100FEFF2DE9F041AC
S2140133500024264E264FDFF8A88088B000F0D4F966
S214013360A5B2854202D308B0BDE8F081284603A97C
S2140133701EF09DFEA2B23146002002F0E1FE9DF84D
S2140133800D2012B39DF81210BDF81030402914BF5D
S2140133906E2179210020CDE900313946BDF80E3085
S2140133A002F0CEFEBDF814201AB10020114902F039
S2140133B0C7FE9DF80C00BDF8182070B9079B0E4992
S2140133C00093BDF81A3002F0BBFE00200B4902F054
S2140133D09DFE013426F035F9C0E7BDF81C304146A4
S2140133E0009300209DF81A30EDE700BF64DE03006D
S2140133F06ADE03008DDE030097DE030018ED03008E
S214013400BEDE030010B500F0ABFABDE8104003467F
S214013410024A0020024902F079BE00BFE6DE030040
S2140134201DA70300D0E9023253F8223010B51888E0
S21401343000F086FABDE810400346024A0020024921
S21401344002F064BEECDE03001DA7030010B5D0E950
S2140134500232002486B08DF8044053F8221003EBA4
S2140134608203097801A88DF805105A681288ADF80C
S21401347006209A681288ADF80820DA681278ADF846
S2140134800C40A24214BF402280228DF80A201A69FD
S2140134901288ADF810205A699B691288ADF812207F
S2140134A01B68059300F0D0FB034A034603492046F8
S2140134B002F02CFE06B010BD88BD03001DA7030058
S2140134C038B50024064D26F0A8F845F82400063441
S2140134D0C02CF8D10020BDE83840024902F016BEE3
S2140134E080100020F3DE030030B5002087B02049AD
S2140134F002F00CFE00201F4902F008FE00201E49C3
S21401350002F004FE26F089F800240546A0B201A9BF
S21401351001341EF0CCFD202CF8D126F07EF8174998
S214013520421B002002F0F2FD1549002002F0EEFDDC
S21401353026F073F80446012000F09EF826F06DF898
S2140135400E49021B002002F0E1FD0E49002002F0A8
S214013550DDFD26F062F804461EF09AFD26F05DF8C1
S214013560021B0020054907B0BDE8304002F0CEBD81
S2140135701FDF03004EDF03007EDF03009BDF030037
S214013580AADF0300C4DF030010B50C4603F022FDDA
S21401359008B9032C12D101F0FFF804280ED001F06F
S2140135A0FBF805280AD0064802F060FC1C2801D169
S2140135B01FF01BFDBDE8104002F068BC10BD00BF47
S2140135C09B2003002DE9F04F00274FF0FF36DFF870
S2140135D0A4B0264C87B0BBF80030B8B2834209D8F5
S2140135E0731C3BD03246FF21214807B0BDE8F04F9F
S2140135F01DF0E6BF01A91EF05AFD9DF8050001F079
S21401360001FFF8B19DF80480B8F1000F1AD1BDF89A
S21401361010A0BDF8129026F000F818210246BBB2A1
S2140136204B43E018E158007C4FF47A73A2EB010C8F
S21401363050B103FB0AF363450ED30B44981A864236
S21401364028BF06460137C6E74D466B43FAD06345A9
S214013650F5D31944881AF2E74046F0E7FF210448FB
S21401366007B0BDE8F04F1DF0BCBF00BF80100020C2
S214013670A83E0020025600202DE9F041014688B000
S21401368058B1022810D01EF02CFD78B3D22119486B
S21401369008B0BDE8F04125F0C7BFFF23164A17481A
S2140136A00093FAF713FFEEE700244FF001082746D0
S2140136B0134EA5B2284603A98DF80D701EF0F7FC2F
S2140136C09DF80D0068B101F09DFE20B19DF80C300B
S2140136D00BB986F810800134202C06F11806E8D1C3
S2140136E02546084B1D80FFF76DFFCCE708B0BDE807
S2140136F0F08100BFE4DF03002D3A0100A83E002060
S2140137008010002002560020014B1888704700BF29
S214013710025600202DE9F04F634A077D89B0044622
S2140137206249002002F00CFD00201FF038FD20B198
S2140137302368218A588803F09BFC00205C4902F02C
S214013740E5FC637DDFF87491002B236808BF082031
S2140137505988574B18BF00200093228A4FF009035F
S21401376014BF4FF080084FF0400802F02FFBA289EB
S214013770BB1C93420CDB1FF0ACFD034620B10020BE
S2140137804C4A4D4902F0C2FC012009B0BDE8F08F59
S214013790A068791C89B2C55D1FF0BAFC0337012DFC
S2140137A00646BFB213D82368324659885879238A09
S2140137B0009343461FF0F4F8824600283ED1862047
S2140137C002F0CCFB284602F0C9FB304668E08520B3
S2140137D0F6E703A91EF06BFC9DF80C30AB4223D133
S2140137E023689DF80D105A7991421DD1BDF80E102F
S2140137F05A88914218D1BDF81020B24214D19DF8D2
S2140138001220424510D1BDF81410228A91420BD1E4
S214013810002D38D0BDF81810E288914204D19DF8E9
S2140138201A201B799A422ED00BF1010BB9F8003001
S2140138305FFA8BF08342CCD88B20C1E74FF0000BA8
S214013840F4E79AF8020002F089FBBDF818001FF0B1
S21401385022FCBDF81A001FF01EFC9AF8020003F0C5
S21401386027FE002883D19AF8020001F09DFC054648
S214013870079E002D3FF47BAFF0B2013D02F06EFBD8
S214013880360AEDB2F5E7002002F068FB284602F0A2
S21401389065FB30461FF0FFFB012DD2D1BDF81C00A1
S2140138A01FF0F9FB63E700BF73E0030045D4030094
S2140138B018ED030080E003009DE00300025600209F
S2140138C02DE9F04391B0694680461EF0F0FB0023D7
S2140138D0194F8DF801303888431E98B280453880DC
S2140138E009D1694640461EF0EAFB68461EF0CEFB4B
S2140138F011B0BDE8F0834FF0180905A91EF0D7FBFB
S2140139000E4C3E880AAD09FB06460FCE0FC596E85B
S214013910030009FB084485E803000AAE404605A9F2
S2140139201EF0CDFB0FCE0FC495E8030084E803001C
S21401393069463888D7E700BF02560020801000206D
S21401394008B5064B1B88834205D9FFF7B9FFFFF779
S21401395039FE002008BD2720FCE700BF02560020E4
S21401396038B5074D2C882CB9FF2106481DF039FEC5
S214013970204638BD601E80B2FFF7A2FFF2E700BF07
S21401398002560020A83E00202DE9F3479A46182348
S2140139909DF82890244FCDE9001203FB09731446C5
S2140139A0D3E902231FF074FD064620460D4603F0B8
S2140139B07FFD04F0FD03382B80460FD1009432467C
S2140139C02B460021DAF810001EF09CFBB8F1010F1F
S2140139D01BD135431ED102B0BDE8F087392CDAF889
S2140139E010300BD107EE906A07EE103AF4EEC77A64
S2140139F0F1EE10FAACBF01200020E7E79E4275F118
S214013A0000032CBF01200020E0E7B8F1000FE2D14F
S214013A100028E0D0182303FB097701233B7402B08A
S214013A20BDE8F047FFF7CEBD801000202DE9F04F2E
S214013A3000252E46A846AA462C46DFF8BC91D1B0F2
S214013A40694BA8B21B88834209D81CB161882079CA
S214013A50FFF79AFDFFF7B6FD51B0BDE8F08F0BA951
S214013A601EF025FB25F0D9FD1823AFB27B4309EBE9
S214013A70030B59F8033005909DF82D00049301F0CF
S214013A80C1FC002800F0AE809DF82C10002940F003
S214013A90A980DDE90432D01A4FF47A72BDF83830C5
S214013AA05343834200F29E809BF8103043B9BDF821
S214013AB03A30002B00F096805343834200F2928006
S214013AC0FD230022CDE9013210AB00930DF119025E
S214013AD00DF11A03E9B20BA8F0F7FAFB002877D12B
S214013AE0BDF81A30DA1C0493D2B214B33F4B9DF8DA
S214013AF02D101B8813442279914214D1BDF82E1043
S214013B00628891420FD19DF83220B8EBD21F0AD1BC
S214013B10BDF83420524506D1B3424DDD002034496C
S214013B2002F0F4FA01E0B342F8DC61882079FFF78D
S214013B302BFD02F0E7F904469DF932002D4BC043F8
S214013B40C00F0093BDF834200A23BDF82E10C00024
S214013B509DF8328002F03AF99DF82D304FF0000BB7
S214013B6023714FF48A53FF26BDF834A04FEAD818C4
S214013B70E38007A95FFA8BF01FF02EFEC0B2B0B942
S214013B809DF81D109DF82D20914210D1BDF81E10F4
S214013B90BDF82E2091420AD122469DF829109DF8A3
S214013BA01C001FF09FFBB04228BF3046C6B20BF187
S214013BB0010BBBF1200FDCD1BDF830001FF06BFA12
S214013BC09DF8190002F0CAF9049910A802F0DAF972
S214013BD0182300225F4309EB07031A7425F01DFD25
S214013BE049F8070001352BE7025600200C56002045
S214013BF05CE1030018ED03008010002070B500247E
S214013C000126104D8AB02B88A0B2834204D80AB090
S214013C10BDE87040FFF7D6BC05A91EF048FA9DF82E
S214013C20150001F0EFFB50B19DF814303BB91A4670
S214013C30CDE901360093E1B205A8F0F749FB01345E
S214013C40E1E700BF025600202DE9F0430389DFF8C3
S214013C5058818BB0B8F80090009304468379828827
S214013C60418840781EF09CFE002800F09580E78988
S214013C7027B1A389BB4200F291800027B8F8003033
S214013C80BDB2AB4214D84D4601264FF6FF73E2890A
S214013C909A4226D146B9B8F80030AB4202D9284636
S214013CA0FFF70EFEFFF78EFC00200BB0BDE8F08399
S214013CB0284605A91EF0FBF99DF814307BB9226849
S214013CC0059B5340FF2B0AD86368069E5E4036F07C
S214013CD07F4604D1BDF81C2023899A42D5D00137EE
S214013CE0CCE7E2689A422BD0002E53D1D4E90323C5
S214013CF0CDE9082305A81EF0C9F90028D5D1B8F8E2
S214013D000030AB4204BF6B1CA8F8003025F085FCE0
S214013D1018236B43234AE9B2D050D418002305A8D0
S214013D201A46CDE901330093F0F7D2FA18B1002212
S214013D300023C4E90223284605A91EF0C0F9B1E70D
S214013D40234605AA04F1100C17461868596808336B
S214013D5003C763453A46F7D11868386005A81EF0D0
S214013D6098F90028C0D01F2D1AD800238DF81430DA
S214013D7063788DF815306388ADF81630A388ADF8F2
S214013D801830A3798DF81A302389ADF81C30002835
S214013D90B0D1ABE70020E6E7862086E7872084E7F8
S214013DA0892082E780100020025600202DE9F04F7E
S214013DB0B04A90F814908DB00446AF49002002F046
S214013DC0BFF900201FF0EBF920B12368218A58883B
S214013DD003F04EF90020A94902F098F9637DDFF857
S214013DE0B8A2002B14BF802340230293236808BF88
S214013DF008205988A14B18BF00200093228A072368
S214013E0001F0E4FF00230393A28909F1030595421B
S214013E1011DB039B13B9184602F0A0F81FF059FAFC
S214013E20034620B10020964A964902F06FF9012018
S214013E300DB0BDE8F08FA06809F1010189B210F854
S214013E4009601FF065F93246804603468E49002018
S214013E50ADB202F05BF98EB1012E00F08A808527A3
S214013E60384602F07BF8304602F078F840461FF0FC
S214013E7012F9852FD2D00123039376E0A06809F1C9
S214013E800401A28989B2475D1FF042F909F10601D2
S214013E90A289049089B2A0681FF03AF93A460590C3
S214013EA00090049B3046794902F030F909F108097F
S214013EB038461FFA89F503F0FBFA002857D1384631
S214013EC001F072F9294603468146A289A0681FF0CF
S214013ED010F96F498346304602F032F9A1684A4626
S214013EE029443346304602F075F83046634902F0FD
S214013EF00DF9A9441FFA89F523684246598858796D
S214013F00238A0093029B1EF04BFD18B18378BB42B7
S214013F1040F0AC80483FFFB2092F05D840F211337C
S214013F20FB40DB0700F1A48000238DF81C302368DA
S214013F3007A85A798DF81D205B88ADF82080ADF86A
S214013F401E30029BCDF82CB08DF82230238AADF8B6
S214013F502430049BADF82830059BADF82A30FFF7D6
S214013F6073FE074600287FF47BAFA9464CE7B346AD
S214013F70C2E72946A289A0681FF0CAF84FF0000BD5
S214013F80024607464349002002F0C0F809F1050938
S214013F90BAF800301FFA89F5BAF800201FFA8BF933
S214013FA04A4503D81F2B31D9892759E7484607A91F
S214013FB004931EF07CF89DF81C20049B012A22D154
S214013FC022689DF81D00517988421CD1BDF81E005B
S214013FD05188884217D1BDF82010414513D19DF86C
S214013FE02210029881420ED1BDF82400218A88420F
S214013FF009D1BDF82800E188884204D19DF82A102D
S214014000127991421BD00BF1010BC5E701229946AB
S2140140108DF81C20226851798DF81D105188ADF855
S2140140202080ADF81E1002998DF82210218AADF875
S2140140302410E188ADF8281012798DF82A2007A8F7
S214014040ADF82C701EF022F8074600287FF408AF62
S214014050BAF800304846994508BF09F1010307A997
S21401406008BFAAF800301EF02AF87EE78D27F7E68B
S2140140708C27F5E687E1030045D4030018ED03001D
S214014080E8E103009DE003008FE10300ACE10300DB
S214014090CDE10300D8E10300025600202DE9F04FE0
S2140140A0074688469146002589B09A46BDF848B02D
S2140140B09DF84C60149C224B1A88A8B2824235D9CE
S2140140C003A91DF0F4FF9DF80C201D4BB2BB9DF813
S2140140D00D10B94232D1BDF80E1041452ED1BDF8B2
S2140140E0101049452AD19DF81210514526D1BDF828
S2140140F01410594522D13046029201F055F8A6F126
S2140141004103012B01460AD820461FF007F80D4B44
S2140141100D4A204484420CD10421029302ACEDB234
S21401412032462046009503ABFFF72EFC09B0BDE8EA
S214014130F08F14F8011F4B405343EBE70135BBE703
S21401414002560020C59D1C81930100011FB50F4C2E
S2140141502478C4B142EA03229DF818308DF8051080
S21401416042EA43220A4BADF80C201A78094B8DF827
S2140141700610079903EB021300908DF80400DB6824
S21401418068460291984704B010BD00BF845C0020C9
S214014190865C0020C83E002073B51A4DFF211A48E0
S2140141A01DF01FFA2B7853B3184C194E23781801BB
S2140141B006EB03131A7A5968305C1FF091FB4D2801
S2140141C01DD0E0B1012300212278CDE90031120192
S2140141D0B25CC0B2FFF7BAFF0A2223780A4801335D
S2140141E0DBB2B3FBF2F102FB1133FF2123702B7814
S2140141F0013B2B7002B0BDE870401DF0EAB902B079
S21401420070BD00BF845C0020683F0020865C0020F3
S214014210C83E0020F8B5104F3E780A2E1AD00FC8B7
S214014220DFF840C00D4D9CF80040013605EB041543
S21401423085E80F000A230134E4B2B4FBF3F203FB72
S21401424012440748FF218CF800403E701DF0C1F96A
S2140142500020F8BD0120FCE7845C0020C83E002059
S214014260683F0020855C00200021024A0248FAF7D8
S21401427063B900BF99410100683F0020002337B5AC
S2140142800C46124D12492A78CDE9003312018A5C98
S21401429001230146E0B2FFF759FFA4B90D490A7898
S2140142A08AB10A202B78013A0133DBB2B3FBF0F472
S2140142B00A70FF2100FB143307482B7003B0BDE8DA
S2140142C030401DF086B903B030BD00BF865C0020CB
S2140142D0C83E0020845C0020683F002008B500F03E
S2140142E0BDF850B1054B064A0649052808BF1A46CF
S2140142F0BDE80840002001F009BF08BDFCE103004D
S21401430018ED03001DE2030008B503201FF002FBB1
S21401431010B90122014B1A7008BD00BF875C00204E
S2140143200022024B18781A70704700BF875C002085
S2140143300246FF2101481DF043B900BF883F002017
S214014340114B37B51D78C5B9FF2110481DF049F945
S214014350FFF7DAFF044600900D4B28460D4A0E493A
S21401436001F0D4FE4CB10D4B1B78DB0605D5284673
S2140143701FF0AAFA20461DF0FAFC094B186803B094
S214014380BDE83040FFF7D4BF875C0020883F00209F
S2140143903AE2030068E2030027BA0300755C0020D6
S2140143A068650020FF2101481DF01BB9883F0020E9
S2140143B070B51A4E054633780C466BB30020184A82
S2140143C0184901F0BDFE032C01D0652C20D11649F9
S2140143D0002001F0B5FE22460020144901F096FEA9
S2140143E00020134901F0ACFE0123294608220020D3
S2140143F001F0F0FD00200F4901F088FE032C88BF74
S2140144000023204688BF3370BDE87040FCF7BEB875
S214014410012CE0D00849DBE770BD00BF875C0020B7
S21401442068E2030011BE03007BE20300C8C4030078
S21401443099E2030018ED030091E20300014B1860B6
S214014440704700BF686500200021024A0248FAF75B
S21401445073B800BF41430100883F0020054B10B5EB
S2140144601C782CB90448FF211DF0B3F8204610BD76
S2140144700520FCE7875C0020883F0020F8B5002473
S214014480074B084E1D68084FE3B29D4204F1010434
S21401449000D8F8BD394656F823001CF059FAF3E760
S2140144A0545E0400585E04003466002010B5044CC7
S2140144B023780BB11FF01EFA0123237010BD00BF35
S2140144C0826900202DE9F743254B0D461646044622
S2140144D0019350B14AB1042301AA12F8011BA94263
S2140144E035D0013B13F0FF03F7D1212003B0BDE81F
S2140144F0F08317F8010F90FAA0F0000E1CF064FC90
S214014500014608EB07039945F3DCCAB2C1F30F2352
S21401451092FAA2F293FAA3F3120E1B0E03EB0223F6
S214014520DB43621912F8020C99B2DBB298420CD145
S21401453012F8013CB3EB112F07D13246214628462B
S21401454003B0BDE8F0431FF03DB92320CEE74FF698
S214014550FF71671EA5F10209C4F10108D1E700BF8A
S214014560080A0E12014B1870704700BF885C0020C5
S214014570024B1A6818608260704700BF6C650020A5
S214014580024B186800B14068704700BF6C65002098
S21401459070B5044600250A4B1B687BB100211E88B6
S2140145A007E05A6802EB0110013145B9021B55427A
S2140145B055418AB29642F4D89B68EEE7184670BD1C
S2140145C06C6500202DE9F04F1E46002393B0022EA5
S2140145D0074688461446DDF870909DF874A0ADF83D
S2140145E01A3040F2C08099F800305A0729D5042EB7
S2140145F040F2B98099F804B000255F4B33F83520B6
S214014600002A00F0B68001350A2DF7D1209B002B39
S21401461040F0AD80FF250023207908AA0DF119018D
S2140146208DF819301EF006FD70B1BDF82C309DF8DE
S214014630190023801EF082FD0790C0B113B0BDE8BB
S214014640F08F99F802B0D7E720791EF024FA0B28EC
S214014650059000F28A8020791EF081FD07900028DF
S214014660ECD1464A059B02EB03135B8823804FF689
S214014670FF73002F08BF434662880021CDE900235F
S21401468058465246238802F0FDFD18B1E38843F0F0
S2140146902003E380209B07A90DA8CDE90D34CDF8B2
S2140146A03C90ADF84080ADF842608DF844708DF8CE
S2140146B045A01EF0D4FC08B10798BFE7484602F0B3
S2140146C025FDA01D02F010FD2246414638461EF08B
S2140146D009FEB04227D3E3882246C3F30E03E380E4
S2140146E09DF87C3041460393BDF8783038460293F6
S2140146F00DF11A03CDE90093F3B21DF03FFF209BA5
S214014700079003B3F8B9BDF81A2042B1092D06D8AF
S2140147101B4B03EBC5018A80209A43F835201120F4
S214014720FAF7D2FB1CE0BAF1000F0AD10DF11A0319
S214014730CDE9006322464B4641463846FAF7D2FF9A
S214014740DDE73820DBE7052807D1E388DB0607D558
S214014750002301200793FFF705FF079B002BDED000
S2140147601EF0F1FCA8E7012068E7212066E71C207F
S21401477064E7EDB24FE700BFB03F00201C400020C9
S214014780AC3F00204FF6FF72024B1A805A809A8087
S214014790704700BF0456002010B5044C2379FF2B48
S2140147A002D11FF0D5F82071207910BD04560020E3
S2140147B010B50C4C2379FF2B08D100201EF0BEFC4F
S2140147C020B91FF0C5F820711EF0BDFC2079022823
S2140147D005D00438012894BF0020012010BD002018
S2140147E0FCE700BF045600204FF6FF7310B5044CDB
S2140147F022889A4202D11FF0A1F82080208810BD9D
S2140148000456002010B5FFF7BDFF40F61D43984241
S214014810044607D8B0F5416F05D2182826D81528C2
S21401482048D829D010BDA0F541630D2BFAD801A2B6
S21401483052F823F079480100794801002548010023
S21401484025480100254801002548010025480100AA
S21401485025480100C9480100DB48010075480100F0
S21401486075480100754801007548010040F6064389
S2140148709842D7D11C4920E0FFF7B6FF1B490246F4
S214014880002001F043FC152C05D11FF041F8BDE8CE
S21401489010401EF0EDBB164B164A1749B4F5416F92
S2140148A008BF1A46002001F031FC1EF0E0FB1EF0A6
S2140148B0DFFBECE71628DDD11049002001F026FCCD
S2140148C0BDE810401EF0F6BC1DF03FFFBDE81040ED
S2140148D002460B49002001F019BC0020BDE810403B
S2140148E0084901F013BC00BFF8E90300A5E903007D
S2140148F018ED0300A0E90300C1E90300E1E90300A4
S2140149000DEA030035EA030007B5094A0346108895
S21401491031B9084A084903B05DF804EB01F010BC50
S2140149200091064A064901F00BFC03B05DF804FB52
S2140149301C56002024B5030055EA0300C8B5030041
S21401494027BA03000D4B37B51B68044693B11D7893
S2140149500389012D08BF02250093C37A084A002067
S214014960084901F0D3FB2146284603B0BDE8304094
S2140149701EF0A6BF022003B030BD00BFE8400020F5
S214014980CAEA030079EA0300002010B51EF0D6FB40
S2140149900D4B1B6863B15A78052A03D862B105240A
S2140149A002220AE0FF2AFAD00020084901F0AEFBF5
S2140149B0BDE810401EF0C7BB144610461EF0DCFFD3
S2140149C020461EF0D7FFF3E7E8400020CFEA0300B9
S2140149D013B5134C00201EF0B1FBFFF7D3FE23687E
S2140149E09BB101A81DF0A4FE78B923681A789DF83A
S2140149F004309A4209D0D91E032906D9D11E0129AD
S214014A0003D9012A07D1022B05D1032301A8ADF84A
S214014A1004301EF05BFF02B0BDE810401EF093BBF1
S214014A20E840002000231946034A01330A2B9180EF
S214014A3042F8081BF9D17047AC3F00207FB50E46FF
S214014A4005461EF045FF2A46044603460D4900204A
S214014A5001F05CFB96B10C4B36211A889B78ADF8B9
S214014A600C208DF80E300323002200934FF6FC70C5
S214014A7003AB8DF80D501EF07FFE0446204604B0B1
S214014A8070BD00BFF0EA03008C420400FF2810B599
S214014A900C4604D10020044901F038FBFE202146D3
S214014AA0BDE81040FFF7CABF09EB0300F8B51E4684
S214014AB00B8807460C461546002B64D14A88B1F987
S214014AC0021000200029B8BF6B78304901F01EFBA8
S214014AD06288132A1DD002F5FF437F339BB2052B54
S214014AE023D8A2F50042013A052A1ED8DFE802F0D3
S214014AF0193F1D033C09264A2649002001F006FB02
S214014B0013E0254A2349002001F01AFB2A7923499C
S214014B10F3E7022E94BF4FF6FF72B5F80120204945
S214014B20EBE700201F4901F0F1FA33462A462146F9
S214014B3038461FF017FE70B933462A4621463846D6
S214014B401FF012FE48F2210362889A4203D13846CA
S214014B5069781EF078FA6388B3F5004F02D9082009
S214014B60FAF7CCF90120F8BD2A790F49C5E70F4AB3
S214014B700849002001F0E4FA032E94BF4FF6FF72B5
S214014B806A880B49B9E70020EDE700BF44EB030054
S214014B906CEB030073EB030084EB03008AEB03006A
S214014BA098EB0300B0EB0300CAEB0300ECEB030049
S214014BB0F1EB03002DE9F04116888AB0DFF88C800E
S214014BC0ADF80E300DF10E03C8F80020154600931F
S214014BD0324610AB07460C46FAF716FE90BB109B02
S214014BE08DF824000693BDF80E3004A8ADF81C30ED
S214014BF0AB898DF81070ADF820306B890594ADF84F
S214014C001E60ADF822301EF028FAD8B9214630468B
S214014C10BDF80E30109A01F0C9FF98B9214630460A
S214014C20BDF80E30109AFFF741FF58B9CDE9006084
S214014C3039462046BDF80E30109A02F049FB08B9F5
S214014C40C8F800000AB0BDE8F08100BFA83F002008
S214014C50F0B585B004AB03E9030000231C469DF8BC
S214014C600D609DF80E70154AD9B202EBC100456879
S214014C70EDB99DF80C30284600939DF80A209DF862
S214014C800B300F4901F05CFA26B1324628460D4931
S214014C9001F056FA0C4A0020002C18BF2246BDF837
S214014CA008300A4905B0BDE8F04001F02FBA12F805
S214014CB031100133B94208BF2C46D5E7344204000F
S214014CC003EC030014EC030093B4030018EC030098
S214014CD04FF6FF7310B5084C88B062889A4207D128
S214014CE002A90DF107001DF021FDBDF8103063800B
S214014CF0608808B010BD00BF045600202DE9F04FB3
S214014D0085B0894692461C460746BDF83850BDF820
S214014D103C80109E002833D00346464A0020464970
S214014D2001F00EFA2388002B76D040F20912934246
S214014D3074D0424A4249B3F5827F08BF0A46CDF88D
S214014D4004806188002000913E4901F0F9F923882A
S214014D5093B1B8F1020F0FD933783B4913F0010F25
S214014D603A4A18BF0A4659074FF000004CBF33793C
S214014D70B378374901F0E4F90020364901F0C6F965
S214014D800023354931F83320AA4249D1334A52F833
S214014D9033B0002331F83300DA00A84246D10020B0
S214014DA02E490A44908041F8330047B9238833B925
S214014DB0B4F90230002B02DB0820FAF785F801204F
S214014DC0FAF79CF89EB13578EB0710D515F004007C
S214014DD004D04246012130461EF09AF9CDE9017011
S214014DE0434622465146484600961DF0B1FEBBF1A9
S214014DF0000F06D04346224651464846CDE9006795
S214014E00D8474346224651464846CDE900671DF03D
S214014E1065FB05B0BDE8F08F114A90E7114A8EE7B1
S214014E2001330A2BAED14FF0000BB2E701330A2B48
S214014E30B0D1BAE7D0AB03003FEC030094B4030053
S214014E402DEC03004DEC030030EC030038EC0300BE
S214014E507EEC030018ED0300B03F0020AC3F0020BD
S214014E6026EC03002AEC03000D4BF0B54FF00C0CBA
S214014E701F88054600230B4EDCB2BC4201D300203E
S214014E80F0BD0CFB04F43019345DAC4205D1448806
S214014E908C4202D104799442F2D00133ECE700BF90
S214014EA0246900207C65002073B501262B4D2C4C0F
S214014EB02A462046FF2300210096F9F707FB2A46DB
S214014EC02046FF2300210096F9F700FB2A462046DC
S214014ED0FF2300210096F9F7F9FA2A462046FF2318
S214014EE000210096F9F7F2FA2A462046FF23002110
S214014EF00096F9F7EBFA2A462046FF230021009692
S214014F00F9F7E4FA2A462046FF2300210096F9F72E
S214014F10DDFA2A462046FF2300210096F9F7D6FA45
S214014F202A462046FF2300210096F9F7CFFA2A46A3
S214014F302046FF2300210096F9F7C8FA2A462046A4
S214014F40FF2300210096F9F7C1FAFF232A46002124
S214014F5020460096F9F7BAFA02B070BD0B1E0300A0
S214014F60FC3F00202DE9F84300244FF00C090C4BC0
S214014F700C4F1E78DFF830803A88E5B2954202D3AE
S214014F803046BDE8F88309FB0585FF21A8681CF0BB
S214014F9036FB18B9AB799E4238BF1E460134EBE7A3
S214014FA0895C0020246900207C650020014B18786C
S214014FB0704700BF895C0020014B1870704700BF26
S214014FC0895C0020F8B506460C461EF031F8054609
S214014FD0C8B930461DF05FFD0B2815D80B4B03EB07
S214014FE000131F7B87B95A88012122809A88304690
S214014FF062809B79237100F037FA3946607130463A
S21401500000F032FAA07101252846F8BD1C400020A8
S21401501070B504460E4615461DF03DFD0B2802D917
S2140150204FF6FF7070BD094B03EB00131A7B002A85
S214015030F6D146B901222946204600F03DFA00285D
S214015040EED00088EEE7012EEAD1F4E71C400020FE
S214015050FF2313B50DF1070104468DF807301DF047
S214015060E5FF18B19DF8070002B010BD074B03EB32
S21401507004131B7B0BB1FF20F6E7204600F03AF93C
S2140150800028F8D0204600F0E9F9EDE71C400020A2
S21401509013B5F6F711FA0446F6F714FA2246034654
S2140150A01249002001F032F800F084FFFFF7BAFC45
S2140150B000F0A6F80221084602F046FDFFF764FC60
S2140150C041F249001EF06AFC4FF0FF130093FF23E4
S2140150D068468DF804301EF047FC4FF400401EF081
S2140150E025FC00201EF042FC02B010BDCDEC0300F2
S2140150F038B505461DF0BEFF90B928461EF06AFB7E
S214015100044628B140F60443984214BF88248D24EF
S21401511023462A460020034900F0F8FF204638BD02
S2140151208D24FBE7E5EC03002DE9FF4705460E4617
S21401513017469846BDF83090DDF834A0BDF83840E3
S214015140CDF80090CDE9014AE4B2FFF7D7FD43461A
S2140151503A4631462846CDE90094CDF808A01FF01E
S214015160CAFAFF21034B044A044804B0BDE8F047DD
S21401517000F01ABE105600200C560020615E00207A
S214015180044B01461888102240F0404040F480103D
S214015190F6F7A2BF8A3F0400024B18685968FFF76A
S2140151A057BD00BF3A8304000123064AD15C814201
S2140151B002D1054AD05C704702335F2BF6D100203E
S2140151C0704700BF8E4204008F42040070B5002273
S2140151D00446094B1D78094BD0B2854201D8FF2001
S2140151E070BD1E78A64204D10029F9D05E7BF60771
S2140151F0F6D401321033EFE78A5C00201C40002011
S2140152002DE9F04198B06B46304A1068516803C3E7
S21401521090680CAA18602E4B14469C4603F118069B
S214015220154618685968083303C5B3422A46F7D1AC
S21401523012AA1746274B03F118061546186859682F
S214015240083303C5B3422A46F7D1234A03AB106895
S21401525051684FF0010E03C3906871681860DCF85E
S2140152603000002206AB03C30C21EC46B068CDE942
S21401527009221860194BDFF86C801970184B0DEB7A
S21401528001060B9206AD09A91CF8010B0132187034
S21401529034F8020B0C2A588037F8020B83F80DE01D
S2140152A0988016F8010B03F1100303F80A0C15F8A1
S2140152B0010B08EBC00043F8080C11F8010B03F8CA
S2140152C0040CE1D118B0BDE8F08100BFFFEC03008B
S2140152D0FE450400164604000CED03008A5C00201F
S2140152E01C400020F8420400014B1878704700BFAC
S2140152F08A5C0020034B03EB0013587B00F001008F
S214015300704700BF1C400020F0B504460846D9B1DE
S21401531000220E4B11461F780D4B1D46D6B2B742E2
S21401532001D8002010E01E78A64206D09E68F688B6
S214015330314489B201321033F0E75E7BF607F9D5C6
S21401534005EB02150180A868F0BD00BF8A5C00204D
S2140153501C4000202DE9F347894690461D46074626
S21401536018B9002002B0BDE8F0870029F9D0002A5C
S214015370F7D0002BF5D0002400780DF10601ADF82A
S2140153800640FFF7C1FF0028EBD039460DF10602B3
S214015390BDF806601DF074FA07460028E1D00DF14D
S2140153A00602BDF806A01DF092FA0028D9D0C9F869
S2140153B00070C8F80000037913F0200219D1DB064B
S2140153C014D4BDF806300C4A564413FA86F612FA7F
S2140153D086F20BE01A790C33920642BF13F8092CB9
S2140153E0891889B29842F5D8044A0A4401202A60ED
S2140153F0B8E72146024BF5E7AD5D00208B5C002047
S2140154003845040008B50021FFF7E0FEFF2817BF66
S214015410044B084603EB0013587B18BF00F001004D
S21401542008BD00BF1C4000202DE9F0410D46164680
S2140154301F461DF030FB0B280AD8074C3B4604EBF1
S214015440001032462946BDE8F04180681DF0F0BAEA
S2140154500020BDE8F08100BF1C400020014B000188
S214015460185C70471C40002070B50C461DF013FBFD
S2140154700B281BD80F4B03EB00139A68C2B100230D
S214015480142618461579D9B28D4200D870BD116818
S21401549006FB0311097B34B911F0800F1CBF0130E4
S2140154A0C0B20133EFE711F0400FF7E70020EDE758
S2140154B01046EBE71C400020F8B50D4616461DF0D9
S2140154C0EAFA0B280BD80F4B4FF0140C03EB001322
S2140154D09A6800231C461779D9B28F4201D800205A
S2140154E0F8BD10680CFB0300017B46B911F0800F74
S2140154F003D0AC42F4D00134E4B20133ECE711F04E
S214015500400FF5E71C4000202DE9F04F0646002429
S2140155103A4B87B01B783A4F0093009B9C4207D2C8
S214015520FF2E08D030461DF0B6FA0B28044606D9E1
S21401553007B0BDE8F08F07EB04131B7B2BBB2301E1
S2140155404FF00008019307EB041A14E014221B68BD
S21401555002FB05352B89B3F5967F01D924F071F846
S2140155604FF000094FF00C0B29891FFA89F291427E
S2140155700ED808F10108019B5FFA88F5FB189B68B5
S2140155801A79AA42E2D8FF2ED2D10134E4B2C4E796
S2140155901FFA89F00BFB00F06B6819180A7912F0F4
S2140155A0100F23D19AF800E012F0400F8DF80CE0AE
S2140155B0B5F800E0185AADF80EE00CBF4FF0400EFB
S2140155C04FF0800EADF8120028468DF810E01DF061
S2140155D023F95307ADF81400C8780AD5022889685C
S2140155E000D90968002203A81DF0F2F909F10109A2
S2140155F0BAE702288CBF89680831F3E78A5C002085
S2140156001C400020052370B5094A06881488B44258
S21401561008D19578047B2C403F2C03D90D4201D04C
S214015620506870BD013B02F10802EFD11846F8E759
S214015630A845040070B50024074D084E2B78E0B24B
S214015640834200D870BD06EB0010437BDB0701D513
S2140156501DF000FB0134F1E78A5C00201C400020AD
S214015660F8B50C4600210546FFF7B0FDFF2829D006
S214015670154A060102EB00135B7B03F001016CB1D6
S21401568043F001031644A142737305D0C4B100B2BE
S21401569002EB00101DF0DEFA0120F8BD2346F1E70B
S2140156A07B4311682846CA18127BC95AD2091CF0D6
S2140156B03DFF0134B268E3B211799942F0D8EBE7C5
S2140156C01427F7E70846E8E71C400020F0B59446A3
S2140156D0497D20B339B3012918BF042100254FF6AF
S2140156E0FF702F462A46144E3488644511D196F829
S2140156F003E01EEA010F0CD0B4789C4209D30AB12C
S214015700BC4206D81EF0100F03D08AB1BC420CD39F
S21401571070B90135072D06F10406E5D1F0BD002963
S21401572008BF0821D8E70221D8E727460020F0E77E
S21401573027460122FAE700BF8C4504002DE9F04F09
S2140157400A9FBDF824E09DF82C809DF830904C7D92
S21401575078B394B3012C18BF04240025194800F12E
S2140157601C0C068896421ED190F803B01BEA040F63
S21401577019D08678464516D31BF0100F91F80FA066
S21401578004D0BAF1000F0ED0B1F810A0BAF1000F94
S21401579009D1A94513D0AE4511D95E553E880135CC
S2140157A001363E80ADB204306045DAD10120BDE855
S2140157B0F08F002C08BF0824CDE70224CDE7002097
S2140157C0F5E700BF8C4504002DE9F04F0024B1F544
S2140157D07C4F0E4638BF4FF0010BA246A1464FF64E
S2140157E0FF781F4628BF274B85B028BFB3F800B007
S2140157F0009001925C4503D3404605B0BDE8F08FAA
S214015800B6F57C4F0CD3204B3A4603EB8403314666
S2140158105B880098FFF708FE054680B300232AE060
S2140158203A46314600981DF066F9F5E70C229CB21F
S21401583054436A680199105B02EB040C884219D341
S214015840B9F1000F01D0504514D861462846CDE97C
S21401585002321CF0E1FF029B60B1039A125BB9F1C0
S214015860000F03D0524501D3804503D992468046A6
S2140158704FF0010901332A899CB2A242D6D80134DD
S214015880A4B2B7E7EE420400F04204002DE9F04F5F
S21401589091461A4600238BB08DF82020BDF8502083
S2140158A08DF81C00ADF81E10ADF8242005460F46F5
S2140158B01A4604A907A8159C9DF858609DF85CA097
S2140158C09DF860B09DF864800493ADF822901DF0B9
S2140158D02BF8049850B92B46CDE90079644A6549FE
S2140158E000F014FC86200BB0BDE8F08FBAF1000F73
S2140158F014D18378B34206D050465D4A5E4900F023
S21401590005FC8D20EFE7037913F0010306D1184655
S214015910574A5A4900F0FAFB8820E4E703795B0707
S2140159202CD583685A689B680592069380781DF08B
S21401593091FD049B0546DF782146022F03463A4631
S21401594010D805A81DF042FD81462B463A46214651
S21401595006A81DF03BFDB9F1010F01D001300DD1B4
S2140159608720C0E705981DF031FD0128F8D02B46A9
S2140159703A46214606981DF029FDEFE7BBF1000FD8
S2140159806FD1049F4FF6FF722146B8781CF0E2FEF5
S21401599000286BD0BDF82430C5B20093CDE902547F
S2140159A09DF82030BDF82220BDF81E109DF81C0081
S2140159B001961DF04CFB002895D1BDF82430CDE9A9
S2140159C002540093BDF822209DF82030BDF81E1029
S2140159D09DF81C0001961DF017F9002883D1214679
S2140159E09DF8682007A81CF0F3FF00287FF47BAF22
S2140159F0B8F1000F07D03B462046BDF81E209DF8A3
S214015A001C101DF088F8BDF82430BDF82220BDF822
S214015A101E109DF81C000093CDE901649DF820300E
S214015A20FEF73CFBBDF82430BDF82220BDF81E1061
S214015A309DF81C000093CDE902549DF82030019694
S214015A401DF004FBBDF82430BDF822200093BDF8FC
S214015A501E109DF820309DF81C001DF0ADF80020AA
S214015A6041E70020064900F051FBF8E701203AE73C
S214015A7019ED030025ED030051ED030065ED03006C
S214015A8079ED03007FB500258DF80830BDF820308C
S214015A908DF80400ADF80610ADF80A20ADF80C300C
S214015AA06946BDF82830099A01A80B9E00951CF09E
S214015AB03BFF044630B916B1009B9B7833702046F5
S214015AC004B070BD8928FAD12846024900F01EFBB1
S214015AD0F5E700BF96ED03002DE9F04F4FF0000A01
S214015AE0C7B0FFF701FC5FFA8AF6B04202D847B0AA
S214015AF0BDE8F08F5B4B36019A5D00205A4900F0F5
S214015B0005FB0020594900F001FB00230593554B86
S214015B109DF8144033449B681A79A24202D80AF1D0
S214015B20010ADEE714224FF000091B6802FB043469
S214015B3022891FFA89F39A4202D8059B0133E5E7C9
S214015B400C231FFA89F803FB08F8D4F804B023F0F5
S214015B5078FD0BEB08052B79454913F0400F3BF810
S214015B60083022884FF000000093424B18BF0B46C6
S214015B70414900F0E5FA294620461CF04DFE07464D
S214015B8000283CD13D4900F0DBFA2979DFF814C141
S214015B9011F0010F3A4818BF604611F0020FAA78BB
S214015BA0EB7832D1DFF800C111F0100F354918BF7C
S214015BB06146CDE900010020334900F0C1FA2B7996
S214015BC03BF8082013F0400F4FF0000B4FF0FD0399
S214015BD00DF118082188CDE9023BCDE9007821486E
S214015BE00CBF40238023805DFFF74CFF86280ED133
S214015BF02649002000F08AFA09F1010998E70246D1
S214015C002349002000F09CFABFE72249D1E7A87893
S214015C101CF0F2FDD8B140461DF080FA421C92B24B
S214015C2001234146002000F0D5F93946208801F0CD
S214015C3001FA4FF6FF73984207D0174B174903EB4B
S214015C40C0035A68002000F061FA1549D1E7A87828
S214015C501CF0D8FD20B140461DF065FA821CDEE737
S214015C60EA78DDE71C400020E8ED0300F6ED0300CE
S214015C70C0ED0300C5ED030036EE030079DF030037
S214015C80CDED0300D0ED03004AEE030066EE0300FF
S214015C9007F30300D8ED03007846040053BE030063
S214015CA018ED0300CAED0300E0ED03002DE9F04F07
S214015CB0C7B0BDF844A10646BAF1040F0D46144616
S214015CC01F46BDF840B163D9CDE9013B00920B46B2
S214015CD002463049002000F019FAFD230DF117099C
S214015CE00DF118083046029322463B462946CDE977
S214015CF000B8CDF80C90FFF7C5FE0646B8B9FD22F0
S214015D00414699F800001CF025FD0746C0B1AAF1EE
S214015D100403834238BF892620461DF0BCF98EB1A4
S214015D20304600F01BF9304647B0BDE8F08F0090D2
S214015D3023462A460020184900F0E8F90027EBE739
S214015D408926E9E7DFF85CA0BA1CBAF80030C3F18F
S214015D50FF039A4219DA304600F000F999F800007C
S214015D6000F0FCF8BAF800900C483A464146484420
S214015D70B94404F0F3FEAAF8009023462A463046BA
S214015D800749009700F0C2F9CDE7892000F0E6F850
S214015D908926C8E772EE0300ADEE0300615E0020BF
S214015DA0D4EE03000C56002010B5044C20600448C5
S214015DB0018004490A60044A136010BDE4400020D3
S214015DC00A560020E0400020DC40002030B587B0B5
S214015DD00AAC0D4654F8041B0093CDE90114134692
S214015DE00949024609480988006805941DF053F8D8
S214015DF04FF48A52064B1B681880064B1B685D8061
S214015E00DA8007B030BD00BF0A560020E44000200B
S214015E10E0400020DC40002008B410B587B009AB94
S214015E200C4653F8041B0092CDE9011302460B49B8
S214015E300B4805930988002300681DF02CF84FF4E1
S214015E408A52084B1B681880074B1B685C80DA80F7
S214015E5007B0BDE8104001B0704700BF0A560020E9
S214015E60E4400020E0400020DC400020044A0346D5
S214015E7011680448044A0988126800681CF0E4BAEC
S214015E80E0400020DC400020E4400020044B054AAE
S214015E901B6812681988044B18681CF048BA00BFC2
S214015EA0E0400020E4400020DC40002007B5074B1E
S214015EB01B681B880192064A12680092054A1268FE
S214015EC01CF096FA03B05DF804FB00BFE04000202A
S214015ED0E4400020DC4000201FB51446064A126844
S214015EE01288CDE901430091044B05491B680968F6
S214015EF01CF05AFA04B010BDE0400020E440002037
S214015F00DC400020014B1868704700BFDC400020D1
S214015F10024B1B6818715971704700BFDC400020A6
S214015F2010B50024084B1C70FEF75EFC074BFF22E1
S214015F3018802146064804F081FC064B1C80064B5F
S214015F401C605C609C6010BD6B5F00200E560020DC
S214015F50615E00200C5600201056002007490B8871
S214015F60FE2B9FBF064AD054581C80B29DBF0880A6
S214015F7000F1FF3080180020704700BF0C5600204B
S214015F80615E0020F8B5094F0D463B885C18FE2C73
S214015F900ADC074E0A46A4B20146F01804F0A0FC3B
S214015FA03C80641BA019F8BD0020FCE70C560020BD
S214015FB0615E0020024B034A00201A60704700BF52
S214015FC0E8400020F4420400014B1878704700BFF7
S214015FD01C40002030B4044D044C002B0CBF2B4653
S214015FE0234630BC1DF0C3B8C0AC0300A7EF0300C6
S214015FF070B5054608460C461DF090F8611C024631
S214016000024B2846BDE870401DF0B1B8C6F6030045
S21401601000B5037889B0069343783E2205938378CA
S21401602008490493C3780393037902934379019350
S21401603083790093C3790448008800F081F809B099
S2140160405DF804FB02EF03001C560020024B0246DB
S2140160500249188800F05AB81C5600202CB30300D9
S2140160602DE9F04705460E4617460024DFF8448022
S214016070DFF844A0DFF84490AC4201D1BDE8F087D8
S214016080B8F8000006EBC401534608221DF06FF86D
S2140160900134B8F800003FB9044AA54208BF4A4691
S2140160A0034900F04DF8E7E74A46F9E718ED030023
S2140160B02BB303001C560020A7EF0300AE9D030080
S2140160C02DE9F0410E4E044630881DF068F8A8B15F
S2140160D000250C4FDFF83080E3070AD518B9414692
S2140160E0308800F02DF830882A46394600F028F826
S2140160F0002001351B2D4FEA5404EDD1BDE8F08197
S2140161001C560020BFDB03004AEC03000EB417B593
S21401611005A9044651F8040B019103F091FA0121F7
S2140161200220054AF8F7F2FC044B1C8003B0BDE8D8
S214016130104003B0704700BF18ED03001C56002046
S2140161400EB417B505A9044651F8040B019103F0E6
S21401615077FA034B1C8003B0BDE8104003B07047CC
S2140161601C56002013B503680446587900F032FF28
S21401617090B923685A88032A0ED0E17C5B79CDE971
S21401618000211649164AFFF7C1FF012120461DF0DE
S214016190A6F8012002B010BD637D012B0AD0637DF5
S2140161A033B92368228A598858791CF080FC48B98B
S2140161B0C3200AE02368228A598858791CF080FC9B
S2140161C00028ECD020461CF0ECFF064B1B78002B79
S2140161D0DFD110F5807FDCD0C1B2D7E72FEF030007
S2140161E027EF0300625F0020002970B50F491D46A6
S2140161F00F4B14460CBF6E227922002808BF0B46AF
S21401620000200C49FFF79CFF0B4E2544AC4205D1FC
S214016210BDE8704000200949FFF778BF31460020ED
S21401622014F8012BFFF78CFFF0E700BF68EF0300BF
S2140162305EEF030071EF0300A5EF0300FCD203003D
S2140162402DE9F04FC27C8BB00592427D0368002A8F
S21401625014BF80224022077D0446856886895879C6
S214016260B846B3F80290069200F0B4FEA0B9059BBA
S214016270052B05D86FF02D03059A1341DB070BD5C7
S214016280B9F1030F08D0AB490020FFF73FFF01210A
S21401629020461DF024F876E0E37B1BB1228A002A13
S2140162A000F0B781607D0022B0FA80F05B4203F017
S2140162B00403DFF88CB2400943EAC000ABF80020C3
S2140162C0FFF74CFEE37B1BB3208A1CF0E4FE8246FC
S2140162D0A07CFFF743FE059A162A00F29A81DFE8B2
S2140162E012F019009E016C005600D2016C0092015A
S2140162F0D9019A01E001E701EE0139010202980194
S214016300980198011402580214027002390102021F
S2140163109A46DDE700204B46874A8849FFF7F6FE96
S2140163200120FFF71BFE08F10207B74229D84146B4
S214016330324628461CF0ECFE8046236842465879D1
S214016340BBF800304946C3F1FF039BB20193238A91
S2140163500093069B1EF009FA10B11FFA87F8E2E7D0
S214016360236842465879BBF800304946C3F1FF031B
S2140163709BB20193238A0093069BFFF797FC89281B
S214016380EBD11CF0A6FF01200BB0BDE8F08F4FF05B
S214016390000B0420FFF7E2FDF31E0893089B9845C7
S2140163A052D3BBF1000FECD1E37B94F81480002BA1
S2140163B00CBF02220422624B1A804FF0000B04200D
S2140163C0FFF7CCFD5F4608F1030A564540F29D8073
S2140163D03246414628461CF09BFE05EB08039B7897
S2140163E0F21EAA44A2EB080207905146184692B242
S2140163F009931CF0AFF90890002879D02268099B10
S2140164005079CDE901A3238A49460093DDE9063296
S2140164101CF0CFFC82464A460020079B4949FFF7FD
S2140164208FFEBAF1000F55D10BF1010350464649D4
S2140164305FFA83FBFFF76AFE089B08F1030813FA6D
S21401644088F81FFA88F8BEE73246414628461CF00F
S2140164505FFE05EB08039F78089B08F10301A3EB99
S21401646008022944824692B2384609911CF072F914
S214016470079068B323680999587902970191238A8E
S214016480524600934946069B1CF0E3FC0746B8B10A
S2140164900BF1010338465FFA83FBFFF75FFD5046B9
S2140164A01CF0F9FD53464A4600202649FFF72EFE0A
S2140164B03A4600202549FFF729FE802F3FF471AFA9
S2140164C0079B08F1030813FA88F81FFA88F865E7AE
S2140164D08027DDE75046FFF741FD07981CF0DBFDFE
S2140164E00137524600201949FFB2FFF70FFEA3E716
S2140164F08720FFF733FD07981CF0CDFD0137872273
S21401650012490898FFB2FFF701FE059B052B3FF4E1
S2140165103AAF002F7FF435AFBBF1000F05D10C4920
S2140165205846FFF7F3FD8021B2E63846FFF716FD21
S21401653027E700BF77A30300B2EF0300FFEF0300D6
S2140165400C560020BCEF0300FFEE0300D8EF03005B
S214016550E2EF03000599A84AA84B0020152918BFA9
S2140165601346CDF80090A64AA649FFF7CFFD059B36
S2140165700C2B14BF16200D20FFF7F0FC32462846E0
S21401658039461CF0C5FD059B3D440C2B0646AD78EF
S21401659035D1192D28BF1925E37BB3B14FF6FF730B
S2140165A0278A9F4211D1206832464946069B407988
S2140165B0FFF70AF9B84208D0BAF1000F05D02082D9
S2140165C08AF80000000A8AF801000020BBF8007073
S2140165D0FFF7C4FC236832465879059B4946A3F168
S2140165E0150CDCF1000343EB0C03CDE90153238AC0
S2140165F00093069B1CF051FB834BD855C1E6132D27
S21401660028BF1325C8E72046FDF7D0FB00287FF4F6
S214016610BAAE81213CE62046FDF77CF8F6E7B9F1F3
S2140166200A0F05EB0708A6EB070A21D1DFF8DCB154
S2140166309BF80030E3B1E37BD3B9BAF1080F17D169
S2140166403246394628461CF063FD88B998F8023070
S21401665073B998F80320E22A0AD13246391D284632
S21401666005931CF052FD1CF01FFE059B8BF80030B5
S214016670414648461FFA8AF21EF079F800287FF450
S21401668082AE002104E6F21B484692B2E9191CF0DC
S214016690FCFCF3E7F21B484692B2E9191CF0B7FC82
S2140166A0ECE7F21B484692B2E9191CF0DEFCE5E77E
S2140166B0F21B484692B2E9191EF05BF8DEE7236842
S2140166C0EE5D5879238A0137ED5D0193069B3246CC
S2140166D0494600932B461CF01FFA2A463146484687
S2140166E01CF097FC4FE605987A1CE95DB31AA0F1F9
S2140166F01606704270410039009018BF01214846C5
S2140167009BB22A441CF087FCB8E7059BEE5D112B73
S2140167103D446F7838D11220FFF720FC0025E37B3B
S214016720B3B14FF6FF73B4F81080984510D13346D5
S2140167304A4621462846FEF7C9FF404508D0BAF129
S214016740000F05D020828AF80000000A8AF80100AE
S214016750BBF80080DFF8B0A0C8F1FE0292B208F1E3
S2140167600103009253444A4621462846CDE9026772
S214016770CDF804B0FEF7E2FFBBF800300AF80800D7
S2140167800133ABF80030FCE51420FFF7E7FB0125E9
S214016790C5E77B1C9E422CD3EF5D1D44003F18BF0E
S2140167A00127F31A9EB233462A4639460020FFF7E0
S2140167B01BFD00962B463A464846218A1CF02FFCC4
S2140167C05CE77B1C9E4214D3EF5DF61A003F18BFB0
S2140167D001271D44B6B233462A4639460120FFF743
S2140167E003FD00962B463A464846218A1CF015FCC6
S2140167F044E70020C8E500BF18ED0300ADEF030035
S214016800F3EF0300FDEF0300615E0020605F0020F0
S21401681038B54FF6FB750446A9424FF001019DF8C5
S214016820100098BF43F40043217023816260A07278
S21401683002230020084A0949FFF768FCE07A084B62
S21401684040F6CA0203EB4010FF211AF0B9FEBDE87C
S21401685038400420F8F738BB0DF0030018F00300A9
S2140168602C41002030B5054685B028B91D4905B034
S214016870BDE83040FFF74ABC0024007B1CF05EFCFC
S2140168802046194A19492C70FFF740FC184BE87A44
S214016890FF2103EB40101AF0A4FE2046154B02011F
S2140168A09A5C22B901300428F9D1F8F727FB696808
S2140168B099B1B5F908302A899B1303F002038DF8C4
S2140168C00430C2F30E03ADF806304FF6FF73ADF891
S2140168D00830002301A80393884705B0BDE830407F
S2140168E01CF031BC43F003000DF0030075F003000B
S2140168F02C410020EC4000200948037873B9194662
S214016900084AD3720133042B11731170516011813F
S214016910917202F11002F4D101230370704700BF97
S214016920615F0020EC40002008B5FFF7E5FF00237B
S21401693005491A018A5C01EB03101AB10133042BD5
S214016940F7D1002008BD00BFEC40002070B50D4611
S2140169500646FFF7D1FF0023094800EB0514A17A8C
S214016960B14205D1217819B12B4400EB031070BD5B
S2140169700133042B04F11004F1D10020F7E700BF26
S214016980EC40002010B50446FFF7B6FF0E4B9C42C4
S21401699012D003F12002944210D003F14002944237
S2140169A00ED060339C420DD10323084800EB031040
S2140169B0BDE81040FFF756BF0023F6E70123F4E7D2
S2140169C00223F2E70020F3E72C410020EC400020F0
S2140169D070B50024064D074E284632460021013484
S2140169E0F7F7AAFD042C05F12005F5D170BD00BF0F
S2140169F02C410020856901002DE9F34105460C462E
S214016A0017469846FFF790FF064640B91C4A1D49AF
S214016A10FFF77CFB0224204602B0BDE8F0814FF66A
S214016A20FB739D420AD94FF6FD739D4204D00020A8
S214016A30134A1549FFF76AFB4FF6FD754346214693
S214016A403A4628461CF018FC044600F02FFE804605
S214016A5034B1234600200A4A0C49FFF757FBDAE710
S214016A603B462046064A0A49FFF750FB06232946BD
S214016A703046089ACDF80080FFF7CAFECBE700BF84
S214016A800DF0030082F00300ACF00300E1F0030018
S214016A900AF10300F7B506460C461746FFF744FF12
S214016AA0054638B9104A1149FFF730FB0224204643
S214016AB003B0F0BD21464FF48A5230461CF0A4FDC7
S214016AC0044600F0F3FD34B123460020064A084987
S214016AD0FFF71CFBEBE7009004233A4631462846B5
S214016AE0FFF796FEE3E700BF0DF0030082F0030018
S214016AF032F10300F7B506460F46FFF715FF0546C8
S214016B0038B9104A1049FFF701FB0224204603B0AA
S214016B10F0BD00224023114630461CF039FF0446E2
S214016B201CF034FF34B123460020064A0749FFF71C
S214016B30EDFAEBE7009001233A4631462846FFF787
S214016B4067FEE3E70DF0030082F0030065F1030042
S214016B5073B504460E46FFF7E7FE054638B9104AF8
S214016B601049FFF7D3FA0224204602B070BD002276
S214016B70204611461CF00EFF04461CF007FF34B1F8
S214016B8023460020064A0849FFF7C0FAECE70090C2
S214016B90234632464FF6FC712846FFF739FEE3E7F7
S214016BA00DF0030082F0030093F103002DE9F0419C
S214016BB08846107800219EB014461D46FFF7C6FE93
S214016BC00646002800F0FD800778002F7BD0B8F835
S214016BD00010002940F0F5800389B8F8022043F43C
S214016BE00040824240F0ED80617800296BD1A2F529
S214016BF00042062A00F2E580DFE812F0A100A100BB
S214016C00E300E3000700B8006900E3880D3DADF836
S214016C102430238915F00105ADF8263063798DF807
S214016C202830E37A03F1060214F812208DF81430A6
S214016C308DF81C2042D10BA98E46069104F10C005A
S214016C405FFA85FC9C4500F1020009D210F8018C20
S214016C5010F802CC01350CEB082C2EF802CBEFE72E
S214016C6001EB43011A440891D2B2590001F10D001B
S214016C709A42C0B20BD025186D78205C78316944F1
S214016C8000EB0520013321F84C0CDBB2EDE7B6F939
S214016C9008203389002AACBF01220322C3F30E0366
S214016CA08DF808206288ADF80A3005ABADF80C20E7
S214016CB0049302A930461CF0CAFA04E0424A43494A
S214016CC00020FFF723FA38461EB0BDE8F081042DF8
S214016CD002D83D4A3E49F3E72379053DADB29D42D0
S214016CE0B4F8028002D0384A3A49E9E73A4A3B4BBF
S214016CF00020002D08BF13463949334ACDF80080DD
S214016D00FFF704FA05348DF81450B6F908300694E6
S214016D1085B1002BACBF012303238DF82C303389BA
S214016D20ADF83080C3F30E03ADF82E3005AB0D93EE
S214016D300BA9BFE7002BACBF06230523EDE70B2D00
S214016D40C7D9D4F80200D4F8061013F4004F05AAE8
S214016D5003C20CBF042203228DF82C206289C3F3E0
S214016D600E03ADF83020ADF82E30DFE7042DB0D994
S214016D706388ADF8303023790533DBB29D4206D007
S214016D800020114A17490095FFF7C0F99BE70E4A04
S214016D9000201549FFF7BAF9B6F908203389002A09
S214016DA0ACBF01220322C3F30E03ADF82E3005ABB0
S214016DB00D93631D069323798DF82C208DF81430DE
S214016DC0B6E700277FE700BF0DF00300C0F1030020
S214016DD0E8F10300FCF103003CAB030018ED0300EF
S214016DE023F2030040F2030081F20300304BF0B5BA
S214016DF0B0FBF3F24FF4616503FB1200B0FBF5F351
S214016E00DCB205FB13033C25B3FBF5F3DBB2A0EBC9
S214016E1004104B71C3EB0313A0EB83004FF4FA632A
S214016E200B8040F201134B8001230C711F46002496
S214016E306425204E8871944200D1F0BD91F802C0BD
S214016E4013B1BCF1020F2BD006EB0C0010F801ECCD
S214016E50C87870450BBF012001300CF1010CC0B29F
S214016E6008BF81F802C0C87088780D2816D10B8833
S214016E708F7001339BB298070B8014D1B3FBF5F0EA
S214016E8005FB103080B280B94FF4C870B3FBF0FC3C
S214016E9000FB1C339BB2B3FA83F35B090134CAE7E8
S214016EA04FF01D0ED4E70023F8E70123F6E700BFF5
S214016EB0805101003A46040010B5044688B006A980
S214016EC0FFF794FF9DF81E300A4803939DF81D3086
S214016ED0049402939DF81C309DF81A200193BDF886
S214016EE018300549009300889DF81B30FFF70EF90E
S214016EF008B010BD1C5600209AF20300026808B5BF
S214016F001188154B19805188598051791971117959
S214016F1059714FF48A51D980D28812F0200F0CBFD4
S214016F200A464FF48B528169DA800C4A137831B9DC
S214016F30C0880B4923F002030880137008BD43F094
S214016F4002031370074B15221846013103F0C8FCE3
S214016F50002200F8012CF1E7105600206B5F00209C
S214016F600E5600201F56002010B5184C236858797D
S214016F701BF091FD0B2822D8154B03EB0010027B6A
S214016F80237F9A421BD12368428819888A4205D0FA
S214016F904FF6FF70814212D1120410D42279023AC0
S214016FA0012A06D9A37B63B9BDE810400748FFF75D
S214016FB047B9198958791AF0A4FE0028F2D10020A1
S214016FC010BD0248BDE81040FFF7CCB8B041002024
S214016FD01C40002008B51BF05EFD0B2896BF024B37
S214016FE00020185C08BD00BF705F002008B50020B7
S214016FF01CF0A4F8FF201BF081FD1CF0A4F81BF088
S21401700049FFFEF771F901210246064803F016FC16
S214017010054BFF21054A0648FEF7C6FEBDE80840B7
S214017020FEF708BB705F0020105600200C560020AB
S214017030615E0020F0B5002204464FF6FF750B4F47
S21401704090B237F830600346AE4201D12846F0BD13
S214017050A64209D1B4F57C4FF9D307EBC3035B888D
S2140170608B42F4D00029F2D00132E9E778460400D9
S21401707010B50446FFF7DEFF094A034610884FF6AF
S214017080FF72934214BF074A2246BDE8104017BF5D
S21401709002EBC30304495A680449FFF751B800BF1D
S2140170A01C56002078460400BDF2030053BE0300C0
S2140170B0034B18780130C0B2187000F07F0070479B
S2140170C084690020044A137818B143F00103137051
S2140170D0704703F0FE03FAE76B5F0020014B187060
S2140170E0704700BF6E5F002038B1074B1B78012B3D
S2140170F004D1038843F0400303807047022BFCD180
S214017100038823F04003F7E76E5F002068B1074A63
S2140171101378012B07D1064B1B781370037843F0C5
S2140171201003037001E0022BF8D070476D5F00205A
S2140171306C5F00207FB50121264B274E19703378EE
S2140171400246D90744D42549096881B10868C1882F
S2140171508D0641BF224CE18841F02001E180C188C3
S2140171604C0641BF1E48C18841F04001C1801D4DFB
S2140171701D492878097840074CBFE97069701B499A
S21401718013F00204098809D0164A19481BF057FF64
S214017190337823F00203337004B070BD154B1888A2
S2140171A04FF6FB73984208D80B46CDE900520146CC
S2140171B00B4A20461BF01CF9EEE74FF6FF73CDE9AC
S2140171C0014200930A46074B05491BF0EDF8E3E739
S2140171D00020E1E7625F00206B5F0020AC410020E9
S2140171E010560020615E0020856900200C560020A4
S2140171F01E5600200E56002070B503790446012B5A
S2140172000D46164631D883681B78DB0600D561B378
S214017210A37B13B9E37C0B2B27D00022144B1A80D7
S214017220637DB3FA83F35B09D800E37BABB9FEF762
S21401723095FEA07CFEF792FE0B20FEF78FFEE07C0B
S214017240FEF78CFE2846FEF789FE2046FFF756FE1F
S2140172503046BDE87040FFF76DBF40F00400FEF712
S2140172607DFE208A1BF017FFE3E7002070BD00BFFC
S2140172700C560020024B0A4601461868FFF7BCBFB1
S214017280AC410020F0B4054618460F4B0C461B785F
S214017290BDF81010012B0D4E01D0377827B1002311
S2140172A033700020F0BC70470CB9002AF9D143B105
S2140172B04FF65743994204D02B462246F0BC1BF0AA
S2140172C0A4BE0120EEE700BF866900206F5F0020A4
S2140172D02DE9F04F684C4FF0000A25468446964645
S2140172E098460F46654B664E83F800A00FCE0FC535
S2140172F096E80F0085B085E80F00DDF83C90BDF8F4
S214017300383072460093394643466046CDE90194CB
S21401731000F0DCF8DFF89081064670B90025FEF72C
S214017320FFFD16220021574803F088FA002328465D
S214017330C8F8003005B0BDE8F08F534BA27CC8F802
S21401734000401A70514B1B78002B36D01BF0AEFF55
S2140173504F4902465046FEF7F3FE226850465379DF
S21401736052884C490092A289FEF7EAFE50461BF06D
S21401737016FF20B12368218A5888FFF779FEE37B40
S21401738023B10020228A4449FEF7DAFEA3680020D2
S2140173901A78E37C41490093A37CFEF7D1FE207D59
S2140173A0A289A168121A01440123002092B2FEF7B5
S2140173B011FE00203A49FEF7A9FE2F48FFF79EFD71
S2140173C02D481DF0CDF9054630BBB9F1000F25D18A
S2140173D02168E0880B8801904988BA1E032A00912B
S2140173E08CBF002201220121E07CFFF74BFF38B958
S2140173F023685B79FF2B3AD0FFF7B6FD05468EE78B
S2140174002368DB889A06F3D40121264C1A4821709A
S2140174101BF065FF84F80090354680E7B9F8143014
S2140174209B07E5D47AE75846FEF718F88246584691
S214017430FDF760FF88B123685046228A59881BF001
S2140174402DFB50B13846FFF759FD236889F804A093
S21401745083F805A0FFF788FD00B9284605460136E2
S214017460FDF742FF5FFA86FB5845DCD857E7002652
S214017470014FDFF83890F3E7B0410020625F00204B
S214017480584604001E5600208569002083690020A6
S214017490D6F20300DFF2030000F303000CF303004F
S2140174A086A403006F5F0020AC4100201056002028
S2140174B00023054AD15C814202D31A4450787047B2
S2140174C00233DBB2F6E700BF4646040073B5154645
S2140174D02E781A4616F0040F0CBF032605269E4288
S2140174E0089C08D9224A234900960020FEF70EFE82
S2140174F0002002B070BDBDF8183021712060E38015
S214017500A560A2812B7803F00103A3732B7803F007
S2140175100403002B14BF01210021E1732978C1F374
S214017520C00161754FF00101217518D028461BF086
S214017530EFFD237D208202332375227D531CDBB2AF
S2140175402375A95C0232D2B2A1742275EB5CE37496
S214017550A3899A4205D900920749054AC5E72382BD
S214017560EBE7079B0120A36100232377C1E700BF58
S214017570D0AB03004FF303006BF303002DE9F74391
S2140175800024204FDFF89C80DFF89C90E0B21CF0CE
S2140175903BF9FF2805460FD12346012102201A4A4E
S2140175A0F7F7B4FA194B0134187819F00BFC152CBF
S2140175B0ECD103B0BDE8F08346B238EA260328BF13
S2140175C04B4601210093022057F82430104AF7F762
S2140175D09DFA002EE6DA0923E340DB070AD50D4AB9
S2140175E00D4B15F0010F18BF1A4601210220F7F7BF
S2140175F08DFAD7E70A2CD5D1084A094B15F0010FA9
S214017600F1E700BF90460400C4F303008769002039
S214017610ECF303009DF3030087F30300B9F30300C3
S214017620AFF303003CAB030018ED030008B554228A
S2140176300021024803F002F9002008BD0C57002083
S21401764008B55422FF21024803F0F8F8002008BDCF
S214017650B8560020024B23F810100020704700BFD8
S214017660B8560020002310B4074ADCB2A14203D862
S2140176705DF8044BFFF7DABF2A2BF9D032F8024B3C
S21401768020F813400133F0E70C570020002310B513
S214017690054A994201DD2A2B00D110BD32F8024B72
S2140176A020F813400133F4E70C570020024B1878FA
S2140176B000F07F00704700BF7C5F0020034B187806
S2140176C00130C0B2187000F07F0070477C5F002068
S2140176D030B51C4600238BB0ADF82220021D92B2B5
S2140176E0012A0E9DADF82030ADF81E10ADF81C3005
S2140176F003D94FF6FF7290420FD10022CDE9035213
S214017700CDE90124094B01461B784FF6FF70009323
S21401771007AB1CF099F80BB030BD0146CDE901531B
S2140177201846009407AA1CF0ABF8F4E78869002015
S21401773038B505464FF480500C4603F085FA4FF4F1
S21401774080532860236030B940F2A511BDE8384067
S214017750014821F069BF38BDDBF4030000487047DB
S214017760CA580020014B1878704700BFA169002055
S214017770014B1888704700BF2C690020014B187810
S214017780704700BF9A690020014B1878704700BF08
S214017790805F0020014B1878704700BF9569002074
S2140177A0014B1870704700BF835F0020014B1870B3
S2140177B0704700BF825F0020014B1888704700BFEA
S2140177C02A6900202DE9F74F4FF00008394B3A4F50
S2140177D093F80090394B3A4E3A4D3B4C3B483C4966
S2140177E0DFF8F4C0DFF8FCE0DFF810A1DFF810B135
S2140177F00193019B2037203301935FFA88F3994563
S21401780006F1200605F1200504F1200400F1200010
S21401781001F120010FD8002211462E4B2E4D1C7867
S2140178202E4E2F4B2F4FD0B2844203F1200338D86F
S21401783003B0BDE8F08F2C4B2C4A47F81C3C0023C4
S21401784046E907232A4A47E9063E45E90723294A26
S21401785046E905E344E90723274A45E905E340E904
S2140178600723019A44E905E340E905E341E908CA2B
S21401787041E9063E47F820CC47F8103C46F820CCB4
S21401788045F820CC44F820CC40F820CC41F8103CF8
S21401789008F1010842E908CB42E9063E42F8103CED
S2140178A0A7E743E9085643E9061743F8101C0132D7
S2140178B0B9E700BFA569002088450020884400205C
S2140178C06845002048450020E8440020C8440020C0
S2140178D0A84400209F69002004540020D9A3020078
S2140178E00845002018ED0300835E03005B5D03007E
S2140178F0156C0200B5850200C337030089E9020052
S214017900195B0200002208B5074B1A605A601BF08B
S2140179104AFF064B18701BF046FF054B1870054BC7
S2140179201A78054B1A7008BDA6530020BE5F0020CA
S214017930BD5F002093690020BC5F0020002100B5D8
S21401794093B008466A460AF0E7F90146C8B90E4BF5
S2140179500E4A09930E4B0D920A930E4A0E4B0E9247
S2140179600B930E4A0E4BCDE90F230C930D4B6A4633
S21401797011930AF087FC003818BF012013B05DF898
S21401798004FB0120FAE700BFED580300B1670200CF
S214017990F15A0300713C0200F1370300DD76020064
S2140179A0515B0300E1630200084B1878112806D8E2
S2140179B0012809D9064BC34003F001007047A0F126
S2140179C0430358425841704700207047C05F00206B
S2140179D03400020008B5064B1B78013B022B05D884
S2140179E00020FFF7E1FF0138C0B208BDFF20FCE729
S2140179F0C15F0020044B00F1100250F8041B9042B6
S214017A0043F8041BF9D17047C25F0020044B03F111
S214017A10100253F8041B934240F8041BF9D1704737
S214017A20C25F002030B5002491B0114B05462146B7
S214017A3014220BA8CDE9094302F000FF102209AB7E
S214017A40CDE900440693CDE90452CDE90252094B33
S214017A5009490AA818F0B5FD04460AA81CF01DFC41
S214017A601CB1A021054821F0DFFD11B030BD00BFDB
S214017A700024800000444004C25F002066F5030035
S214017A8070B5002490B0154B05460E4614222146CB
S214017A900BA8CDE9094302F0D1FE102209ABCDE9CE
S214017AA0004406933146CDE90452CDE902520C4B0F
S214017AB00AA818F086FD04460AA81CF0EEFB1CB1C5
S214017AC0BA21084821F0B0FD099B102B03D0BB2139
S214017AD0044821F0A9FD10B070BD00BF002480004D
S214017AE00044400466F5030030B50D4600218FB012
S214017AF0124B0446142209A8CDE9071302F09EFE94
S214017B00102207ABCDE90242CDE900420493294693
S214017B100B4B08A818F057FD044608A81CF0BDFB3F
S214017B201CB1D121074821F07FFD079B102B03D004
S214017B30D221044821F078FD0FB030BD002480002A
S214017B400044400466F503000022034B1870034B03
S214017B501970034B1A707047D35F0020D45F002062
S214017B60D25F00202DE9F04FDFF89080064698F8A6
S214017B7000300D4685B0002B3AD04FF6FB73984285
S214017B8036D84FF0000B1C4FDFF874A03C7898F8FD
S214017B9000305FFA8BF94B459AF8000011D948443A
S214017BA002AA0DF10601C0B214F00CFB0822294608
S214017BB00DEB020003F08EF90BF1010B0028E6D164
S214017BC04C463B78A34208D198F80020631CDBB2F0
S214017BD09A423B7004BF00233B70324629469AF80E
S214017BE000301C44E0B205B0BDE8F04F14F0D8BB3D
S214017BF005B0BDE8F08F00BFD25F0020D45F002043
S214017C00D35F00202DE9F74F06460D4614461F4662
S214017C104FF0010BDFF8789003F10C0A15B903B0A9
S214017C20BDE8F08F102DA84628BF4FF010083A4641
S214017C30164B5FFA88F152F8040B524543F8040BD1
S214017C40F9D101919AF8002011481A70002389F899
S214017C500F4089F800B089F80E30FFF7E3FE324690
S214017C6001340B480199E4B212F801CB10F8013B3C
S214017C7083EA0C0302F8013C931BDBB28B42F3D37D
S214017C80A5EB080816461FFA88F5C7E7D65F002059
S214017C90D55F00202DE9F04F9046914685B00090C3
S214017CA0981A029383B20193009B0F46354903F15C
S214017CB00C0453F8045BA34241F8045BF9D11B782A
S214017CC0314E0B7049233370019BF0731B0A30460B
S214017CD0B373FFF7A7FE0221BB460D46737888EA09
S214017CE0030373704FF0000A1DE0C5F11004A9EB01
S214017CF00A039BB2A4B29C4228BF1C4600231FFA6B
S214017D0083FCE8186445C0B21FD82544EDB2A344ED
S214017D10102D54441FFA84FA05D1002530460391EC
S214017D20FFF780FE0399D145DFD807EB080B25B195
S214017D3015480391FFF776FE039901294FF00005D8
S214017D400DD00121DDF80490CCE71BF803C016F82E
S214017D5000E001338CEA0E0C06F800C0CFE7029B68
S214017D6009491F44094B38461C78224602F0F6FEA4
S214017D702A4621463846009B05B0BDE8F04FFFF77E
S214017D8041BF00BFD65F0020D55F0020A669002056
S214017D9030B540780C4601284FF0110387B001F149
S214017DA0100516D1144A01A90AF0F4FF234601ACC6
S214017DB0224618685968083303C2AB421446F7D105
S214017DC011230D4A002001A90AF0E4FF002007B0A4
S214017DD030BD0120094A01A90AF0DCFF234601ACA7
S214017DE0224618685968083303C2AB421446F7D1D5
S214017DF01123024AE6E700BF75E4010079EB0100B2
S214017E0030B50C46407887B001284FF011030DBFFE
S214017E100B4A0C4A012001A918BF01A90AF0BAFFB2
S214017E20234601AA05AD144603CCAC42186059603E
S214017E30224603F10803F6D1002007B030BD00BF8B
S214017E4075E4010079EB010010B50C4688B01A23E1
S214017E500C4A01A901200AF09DFF21460DF10E03EF
S214017E6004F1100251F8040B914243F8040BF9D1C6
S214017E701A230020034A01A90AF08CFF002008B04B
S214017E8010BD00BF24E10100F0B58BB004460D46DD
S214017E901DF0F1FCA8B101A812F044F988B1667B87
S214017EA0271D16F0020F05D00822384601A903F057
S214017EB011F8D0B901AB46F0020603CB60607960D9
S214017EC066731A230A4A03A901200AF063FF2946AA
S214017ED00DF116030DF1260253F8040B934241F8F7
S214017EE0040BF9D100200BB0F0BD2D20FBE700BF3D
S214017EF024E10100F0B50546071D00220C46384670
S214017F00082193B01DF045FC6A7B0646D0070BD5C9
S214017F10687808A91CF0F2F8DDF83D306B60DDF8F2
S214017F2041307B6080B10BE0910709D5D200012179
S214017F30384602F080021CF0ECF8FF28687002D187
S214017F402D2013B0F0BDD6B1687801A91CF073F8E6
S214017F509DF81C305B0604D54FF4C6710A4821F023
S214017F6063FB234603AD07AC2A4603CAA242186048
S214017F705960154603F10803F6D10020E1E708A988
S214017F801CF0BCF8CEE700BFE4F503002DE9F04194
S214017F9006468AB01F480F4615460024FFF736FDF1
S214017FA0002C01A914BF4FF05C0C4FF0360C1023C7
S214017FB08846184A12F8010B013B8CEA000013F0C0
S214017FC0FF0301F8010BF5D105A81EF01DFA424684
S214017FD0102105A81EF01CFAC4B93946324605A878
S214017FE01EF07EFA2A460DF1140C0DF1240E63469E
S214017FF003CB7345106051609C4602F10802F6D12E
S21401800014B10AB0BDE8F0810124C9E72A4610215F
S214018010E5E700BF056000202DE9F04791460D46D3
S214018020C0B09DF82041DDF828811E46DFF87CA00F
S2140180309DF8243107462246494640468AF80030D4
S21401804002F08CFD9DB12346324641463846FFF785
S21401805021FEB44207D9A11B3B46012289B208EB97
S2140180600600FFF7CFFD002040B0BDE8F087A11B5A
S2140180703B46012289B208EB0600FFF7C3FD224604
S2140180804146684602F06AFD32466946384623464E
S214018090FFF700FE9AF800200DEB040109EB04003F
S2140180A002F018FF0028DED02C20DDE7A6690020AC
S2140180B038B50346104601F1100451F8045BA1429D
S2140180C042F8045BF9D104491BB1FFF7D9FC002043
S2140180D038BDFFF709FDFAE70560002030B5054613
S2140180E089B069461BF02BFE6B8804ACABB1224607
S2140180F0294668461BF0C3FD0E4A08AD234603CB4E
S214018100AB42106051601C4602F10802F6D10948E4
S214018110FFF770FC002009B030BD6B46054D1A46CE
S21401812003CAA24228606960134605F10805F6D124
S214018130EDE700BF0560002050B10B4B0B4A03F181
S214018140100153F8040B8B4242F8040BF9D1704727
S214018150064B054A03F1100153F8040B8B4242F813
S214018160040BF9D1704700BF05600020E55F0020D1
S21401817008B51022024802F0B3FB002008BD00BF7C
S214018180F55F002008B508461022024902F0A8FB58
S214018190002008BDF55F002010B5044686B001A991
S2140181A0114A112301200AF0F5FD9DF8143001A8AB
S2140181B0E3701EF0F0FC80F001000C4A01A960702B
S2140181C0112301200AF0E6FD9DF8143001A8A370E2
S2140181D01EF0E1FC80F00100207010F03DFB6060B5
S2140181E0002006B010BD00BF75E4010079EB010068
S2140181F010B5044686B01123134A012001A90AF0DE
S214018200C9FDA3789DF814209A4207D08DF8143042
S214018210002011230C4A01A90AF0BCFD11230B4AC8
S214018220012001A90AF0B6FDE3789DF814209A42D0
S21401823007D08DF8143000201123044A01A90AF052
S214018240A9FD06B010BD00BF79EB010075E4010081
S2140182502DE9F04186B0064603A80C4612F000FF51
S214018260054600284AD1BDF80C30980646D510229E
S2140182702946204602F0E2FA01A811F053FFC0B1E8
S214018280777B06F1040817F0020F06D00822404655
S21401829001A902F01FFE00282ED101AB47F002070C
S2140182A003CB7060C8F804107773238843F0080383
S2140182B02380238843F00203238011F00DFB6060C6
S2140182C01DF0D9FA30B10E4B1B68A360238843F02A
S2140182D0040323800B4B1A68D1035EBF238843F047
S2140182E010032380130203D5238843F400632380FD
S2140182F0284606B0BDE8F0812D25F9E72425F7E7E5
S214018300B8450020BC45002010B5D0E9023253F82C
S214018310223090B01C684022694620461BF061FF5F
S214018320034630B1224600200549FDF7EFFE10B0A6
S21401833010BD012269460820FDF792FEF7E700BF4F
S2140183407AF6030070B500F0B1F800280CBF6E2273
S214018350792200201349FDF7D9FE00F0A7F8F0B105
S2140183601BF053FF00280CBF6E22792200200E4915
S214018370FDF7CCFE082200200C49FDF7C7FE0025BC
S2140183800B4C0C4E234654F8042C31460020033582
S214018390FDF7BCFE182D04F10C04F3D170BD3F228D
S2140183A0E4E700BFB2F60300C9F60300D9F60300FE
S2140183B0E0460020F8F6030070B51BF00BFF0446FC
S2140183C021490020FDF7A2FE2CB92046BDE87040E9
S2140183D01E49FDF79BBE00F0BBF805461C4B6269C3
S2140183E00020002A08BF1A461A492668FDF78EFEA5
S2140183F0A28800201849FDF789FE1849E288002066
S214018400FDF784FEA388228913F010001ABF00200E
S21401841013491449FDF77AFEE26800201249FDF778
S21401842075FE226900201149FDF770FE104A114BB6
S2140184300020B6F5817F38BF13460F492A46BDE8AE
S2140184407040FDF763BE00BF2DF703003AF7030047
S214018450F0C603005BF7030079F703009AF7030001
S214018460B7F70300D4F70300F2F7030010F8030090
S21401847025F703001BF703002EF8030038B5014665
S21401848000230C25084A05FB03F4A01814590134EF
S21401849004D10C2202F024FA002038BD0133082B47
S2140184A0F1D10120F9E700BFDC460020034B187824
S2140184B0012894BF00200120704700BF17600020EC
S2140184C038B50446044D2878A04203D021461BF057
S2140184D061FE2C7038BD00BF1760002000B58FB05C
S2140184E03422002101A802F0A9F901A8EEF79AFDAD
S2140184F00598D0B182680E4BB2F5803F34BF92B278
S214018500C2F38F2241881A81028828BF41F01001E8
S2140185101A6042689980DA80C268DA6002691A6174
S21401852042695A61027E18461A760FB05DF804FB5E
S21401853060460020054B1B7820B1012B04D8022091
S214018540FFF7BEBF012BFBD8704700BF17600020A6
S21401855010B5084C237853B91BF03CFE0123237059
S21401856028B10368B3F5817F24BF037E237020788A
S21401857010BD00BF1660002070B5184B1B78012B8C
S2140185802BD81BF00AFE164D024616490020FDF7B1
S214018590BDFD0120FFF7CEFF2E78FF2E1DD1FFF780
S2140185A09DFFC8B1848860223146C4F340040E485A
S2140185B02C7002F043F9602231460C4802F03EF975
S2140185C05CB1FFF7C5FF042807D9BDE8704040F24B
S2140185D02B11074821F028B8287070BD17600020BD
S2140185E0A769002051F80300DC4600207C460020E5
S2140185F063F803002DE9F04FDFF884928DB003ABEA
S21401860007468846144699E8070083E80700FFF7FF
S214018610B3FFFFF79DFF944B06461D784B46012D91
S21401862040F07081012840F27281B7FBF0F200FB46
S2140186301272002A00F06B818C4900228B46D1F819
S21401864000C0BCF1FF3F04D0087A6044874200F0C6
S21401865019810132082A01F10C01F0D193E80700D3
S21401866006AE0DF1240A86E807008AE80700FFF740
S2140186706FFFB7FBF0FB00FB1B7BA0EB0B094A4629
S214018680414606460AA809978DF82C9002F066FA2C
S21401869000224FF00C0E764902E00132082A0ED075
S2140186A00EFB02F000EB010C08580130F5D19AE8F8
S2140186B007008CE807006F490A7801320A70A14565
S2140186C004DD4FF4E2716C4820F0AEFFA41B5C445D
S2140186D04F44A1B217FA84F4B4FBF6F206FB124239
S2140186E0C8448E1A91B1A41A08EB060107A88DF8A2
S2140186F02020069402F032FA06A8FFF7BFFEFF28F4
S21401870004D140F2D9115C4820F08EFFB6B2B6B162
S2140187100320FFF7D5FE802E0AD832464146574839
S21401872002F01CFA3246384654491BF03EFD054617
S2140187300220FFF7C5FE28460DB0BDE8F08F0025E4
S214018740F9E74FF40E714C4820F06EFF464B1B784C
S214018750012B00F0E380002C36D00320FFF7B0FE9B
S214018760802C2FD822464146444802F0F7F922468B
S214018770384642491BF019FD05460220FFF7A0FEC8
S214018780DFF8F09099F8003093B1039CFFF7E0FE14
S214018790374B002798461A68511C04D0197A411A9B
S2140187A0521A944224D00137082F03F10C03F2D158
S2140187B0002DC0D1039B0133C1D003A8FFF75EFE95
S2140187C00546B8E70125D8E72546D9E740F26D21E9
S2140187D0294820F029FF012524E0012D30D0802EE4
S2140187E02FD83246254903981BF0DFFC054628E0C2
S2140187F0002DA0D10C247C4308EB04039DF814A0A3
S21401880093F808B00AEB0B03802BDFDC1B4B5246B8
S21401881004A9184602F0A2F9211D5A4641445044C3
S21401882002F09CF90C2303FB07839DF814201B7AA6
S21401883013449E42D1D040F273210F4820F0F4FE3B
S21401884001250220FFF73CFE99F8003013B1013BE9
S21401885089F800304FF0FF3308EB040248F8043083
S214018860C2E9013367E700BFA7690020DC460020A4
S2140188707C4600201560002063F80300E0450020D8
S214018880F44604004FF00C0A0AFB02B3187AA6EB72
S21401889000095FFA89F9A14501D35FFA84F90AFB59
S2140188A002FA0AF1040528444A464146584402F0B1
S2140188B055F90BEB0A031A7AA4EB09044A44D2B21F
S2140188C0B242A4B21A7219D103200193FFF7F8FD40
S2140188D032460BEB05015BF80A001BF066FC054609
S2140188E00220FFF7EDFD4FF0FF32019B4BF80A2007
S2140188F0C3E90122002D7FF41EAFC844002C3FF4CB
S2140189001EAF4F44104B1B78012B7FF424AFB7FBEF
S214018910F6F306FB1373002B7FF413AFE319B3FBD7
S214018920F6F506FB1535002D3FF415AF641B5B1BF2
S21401893008EB04012A4604A80393A4B202F00EF938
S2140189408DF8145007E700BFA769002070B5134BD8
S2140189501B78012B0CD1FFF70FFE0026104D55F8A2
S214018960043C013306D10336182E05F10C05F6D169
S214018970002411E00320FFF7A3FD55F8044CFFF790
S214018980E7FD2946024620461BF00FFC044602205E
S214018990FFF796FD002CE6D0204670BDA7690020A3
S2140189A0E046002070B505460C46FFF7E5FD0520BC
S2140189B0FFF786FD214628461BF005FC06460220E9
S2140189C0FFF77EFD00220A4B2C441968481C08D08C
S2140189D0A94206D3A1423EBF4FF0FF31C3E90011C1
S2140189E099600332182A03F10C03EED1304670BDAC
S2140189F0DC460020D0E9023253F8223010B51C685C
S214018A00204600F095FA28B12146BDE810400248FC
S214018A1000F002BE10BD00BFE1F8030008B5D0E9C2
S214018A20023253F82230186800F06CF920B1BDE824
S214018A300840024800F0F0BD08BD00BF03F903007E
S214018A402DE9F041D0E9023253F8221003EB8203FC
S214018A505B680F681D789AB0642D04D964211148AB
S214018A6000F0DAFD64252A46384601A900F002F92D
S214018A70044698B90C4800F0CFFDDFF8348001AE0B
S214018A80013DA54202DC1AB0BDE8F0813919404625
S214018A9016F8012B00F0C0FD0134F2E7034800F0A0
S214018AA0BBFDF0E726F9030046F9030070F9030061
S214018AB05DF903002DE9F04700252D4FDFF8E08032
S214018AC0DFF8E0908CB0284603A900F0EFF810B16B
S214018AD00CB0BDE8F087049B2946039A00933846FC
S214018AE000F09AFD404600F097FD059910290CD834
S214018AF010290CD8DFE801F00F14320B340B0B0BE6
S214018B00360B0B0B0B0B0B0B3A0020292CD01948FC
S214018B1000F082FD07E0184800F07EFD0135D2E73F
S214018B20164800F079FD0699484600F075FD07994C
S214018B30134800F071FD134800F06EFD1024DFF8B5
S214018B4068A00DF11F06504616F8011F013C00F003
S214018B5063FD14F0FF04F6D10B48DDE70B48E0E7B0
S214018B600B48DEE70B48DCE70B48DAE70B48D8E7AB
S214018B708BF9030030FA0300E0F90300F0F9030073
S214018B8056FA03006EFA0300AF9D0300F8F90300DE
S214018B9000FA030009FA030014FA03002BFA030093
S214018BA0CFF903003FFA03007FFA030010B50B4C20
S214018BB08EB023785BB9EEF7AFF9014650B90123C1
S214018BC001A82370EEF72EFA054B049A1A60207856
S214018BD00EB010BD034800F01FFDF8E71860002036
S214018BE0204A002085FA030000B58FB0FFF7DEFFAC
S214018BF0002829D001A8EEF715FA059B1448198814
S214018C0000F00AFD059B13485969134B002908BF5C
S214018C10194600F001FD059B1048598800F0FCFC40
S214018C20059B0F48196900F0F7FC059B0D48D968AC
S214018C3000F0F2FC059B0C48197E00F0EDFC0B4B96
S214018C400B48196800F0E8FC0FB05DF804FB00BFA4
S214018C50C2FA0300D4FA0300F0C60300E6FA0300E2
S214018C60FAFA03000EFB030022FB0300204A002051
S214018C7036FB030070B5064615460C4679B172B14F
S214018C80FFF794FF68B121462A463046EEF7D4FA3C
S214018C90014618B1044800F0BFFC012070BD212038
S214018CA0FCE71120FAE700BF48FB030037B505468D
S214018CB00C46FFF77BFFE0B1114B1B68AB421AD99C
S214018CC0CCB100212422204601F0B8FD21462846D9
S214018CD016F0CFFC88B9284601AA04F10801EEF780
S214018CE05DFA20B140F20643C01A18BF012003B056
S214018CF030BD1120FBE72120F9E70120F7E700BF8F
S214018D00204A0020F0B593B00546FFF74FFF002834
S214018D1045D0254B1A68AA4207D829462348013A66
S214018D2000F07AFC212013B0F0BD05A8EEF77AF921
S214018D30284603A916F09DFC98BB049A22F4FF5717
S214018D40C2F30C0327F01F072BB14FF4005329463B
S214018D50174800F061FC039E7FB120F072FC30469C
S214018D604FF40051EEF7F4FA3346044606F5005682
S214018D7050B9039BF31ABB42EFD32A4639460D4836
S214018D8000F04AFC002406E000902A464FF4005109
S214018D90094800F041FC201E18BF0120C3E711203E
S214018DA0C1E70120BFE700BF204A002076FB030091
S214018DB024FC0300E3FC030092FC030010B5044608
S214018DC038B1FFF7F3FE30B10020044B1B68236077
S214018DD010BD2120FCE71120FAE700BF204A002041
S214018DE010B50446FFF7E2FEB0B10C4B1A68A2427A
S214018DF006D821460A48013A00F00EFC212010BD93
S214018E0020F01FFC40F2C12220460649EEF786F903
S214018E10003818BF0120F2E71120F0E7204A0020B1
S214018E2076FB03005C47002010B50446FFF7BEFE44
S214018E3070B121460848EEF791F940F203239842B3
S214018E4008D040F2012398420CBF0520012010BD36
S214018E501120FCE70020FAE75C4700202DE9F041ED
S214018E602D4D04462F68FFF7A1FE002851D0296832
S214018E70A14207D84A1E2948214600F0CDFB2120F1
S214018E80BDE8F0812648EEF729F9DFF8948002461E
S214018E90B0B943462E68964222D1BE4214BF3A4626
S214018EA006F1FF3212BB31461D48C8F80040EEF706
S214018EB0F5F8014600B31B4800F0AEFB0120DFE7E2
S214018EC02046EEF7CBF8044638B10146164800F0C6
S214018ED0A3FB201E18BF0120D2E7EDF71BFFF8E722
S214018EE053F8041B8C42DDD00132D4E70C499200C2
S214018EF0081D01F0F5FCD6E729680948EEF7EEF8FB
S214018F00044610B101460948D6E7EDF703FF2046AF
S214018F10B6E71120B4E700BF204A002076FB030025
S214018F203C47002029FD0300FFFC03005CFD030015
S214018F30F8B50446FFF73AFE002845D0234B1A68D9
S214018F40A24207D821462248013A00F065FB2124B7
S214018F502046F8BD1F4800F05FFB20F072FB40F290
S214018F60C1221D492046EEF7D9F840F203270546EF
S214018F7020F067FB184E65B140F203239D421AD0DC
S214018F802946164800F048FB0124154800F044FB2A
S214018F90DEE720F056FB29463046EEF7DFF8B8420A
S214018FA009D040F20123984203D10E4800F034FB69
S214018FB0E1E70546DFE721460B4800F02DFB20469A
S214018FC0FFF74CFF0446E0E71124C1E7204A0020E2
S214018FD076FB030093FD03005C470020B3FD03000E
S214018FE0AF9D0300FCD20300CBFD030010B50A467B
S214018FF0044619B1024B00211B68984710BD00BFFB
S2140190000047040010B5114C2378580744BF23F0DD
S214019010040323702378990705D500F05DF82378BB
S21401902023F00203237063781BB10023084A6360B0
S21401903053600023082106486370FFF7D7FF2378A3
S214019040DA0744BF23F00103237010BD244A002031
S214019050284A002038B51A4C62782378022A01D1B2
S214019060072B11D0DD0712D52378980707D400F017
S2140190702BF82378054643F00203237080B9627803
S214019080237882B15A0716D50025284638BD17F031
S21401909016FA2378054643F0010323700028E3D02F
S2140190A0FFF7B0FFF1E7D907ECD5064962604A60E1
S2140190B002226270E6E743F004032370E4E700BF90
S2140190C0244A0020284A00200122024B002083F86F
S2140190D0F0207047304A00202DE9F0410A4C002567
S2140190E026464FF0010803272046C4F81C80277641
S2140190F001351BF0B5F8062D04F12804F4D1002340
S21401910086F8F030BDE8F081304A00202DE9F04FB6
S214019110984691B00B1E0A93B44B914614BF8346F2
S2140191209B4600251A9E98F8000070B94D4538BF39
S2140191302A464B464FF000000A9928BF09F1FF3234
S214019140D847284611B0BDE8F08F252808F1010858
S21401915006D02A464B460A996C1CD8472546E2E7B4
S2140191600023414611F8012B2B2A16D00AD8202AB3
S21401917016D0232A17D0A2F13000092834D80027A8
S2140191800A2418E02D2A05D0302AF4D143F0010331
S2140191908846E6E743F00203FAE743F00403F7E7FD
S2140191A043F00803F4E743F01003F1E7884604FBB5
S2140191B00722A2F13007414611F8012BA2F1300037
S2140191C00928F3D998F800202E2A52D198F80110D0
S2140191D008F10102A1F13000092843F480633ED86A
S2140191E000244FF00A0E11E02A2A08D156F8047B13
S2140191F08846002FBCBF43F002037F42E2E7002708
S214019200E0E702460EFB0411A1F13004104610F807
S214019210011BA1F1300CBCF1090FF2D99046424670
S21401922012F8011B6C292DD025D8682933D06A295C
S2140192303BD04246904618F8010B672860D857285D
S21401924036D8452808D084D9462800F01881472802
S2140192507FF47FAF43F4006343F0200327E12A291C
S21401926006D156F8044B08F1020824EAE474D6E75E
S21401927090460024D3E7742901D07A29D9D143F442
S2140192808073D7E798F801106C29F8D143F440733E
S21401929008F10202CEE798F80110682902D043F0DF
S2140192A08003C7E743F0C003F2E743F40073C1E766
S2140192B0A0F158020F2A3FF64CAF01A151F822F057
S2140192C061930100539101005391010053910100F4
S2140192D053910100539101005391010053910100F4
S2140192E0539101005391010061930100CD94010057
S2140192F061930100A394010083940100A3940100EB
S214019300A0F16901C9B20F293FF623AF012249F244
S214019310410C8A4012EA0C0218D10A2900F0158184
S21401932007297FF416AF43F0210305930823CDE9FF
S21401933003431023CDE9012356F8043B2A46009344
S21401934058464B460A991BF07BF8A8E06F2800F0B8
S2140193505E8110D9782808D1102223F00C0310E082
S214019360582839D0622800F054810A2223F01003CD
S214019370642806D0F1E769284FF00A0223F01003AB
S214019380F6D1590548BF23F00103692803F400719B
S21401939001D0642840D111B3073626F00706B2463D
S2140193A070685AF8081BCDE9077300230593C30FAD
S2140193B00028029306940B46049202DA4B4260EBB5
S2140193C04000CDE900304B462A4658460A991BF024
S2140193D079F805465646A6E643F02003BCE7D905CC
S2140193E006F1040A04D5316805E000BFA342030074
S2140193F058060CD53178CDE90224CDE9047300294D
S2140194004FEAD1730193B8BF4942009120E0190693
S214019410E9D5B6F90010EEE779B1CDE90773002377
S214019420CDE9042306F1070A2AF0070A06940293F7
S214019430FAE80223CDE90023C5E7D80506F1040AB8
S2140194400DD5CDE90473CDE902240191336800936B
S2140194504B462A4658460A991AF0F2FFB9E75906CA
S21401946007D53178CDE904730023CDE902240193B1
S214019470CBE7316813F0800F18BF89B2F2E743F0EB
S2140194802003CDE90173073626F007060094B6ECF3
S214019490020B4B462A4658460A99EBF779F90546D8
S2140194A041E600F0DF00472801D143F40063CDE92F
S2140194B00173073626F007060094B6EC020B4B46FE
S2140194C02A4658460A99EAF7A7FFE8E713F0020486
S2140194D026D04FF0010A6B1C0B932A464B460A997D
S2140194E016F8040BD84774B354460B9A21E04B4642
S2140194F020200A99D8470AEB05020AF1010A5745C6
S214019500F5D83A1E18BF0122002A07F1FF3308BF1B
S214019510002307F1010A1D4408BF4FF0020ADAE7EB
S214019520A246E8E7551C4B4620200A99D8472A460A
S2140195300134BC42F6D3A7EB0A03574538BF0023D4
S2140195400B9A1A440B920B9DEDE53246002C52F80D
S214019550046B14BF21464FF0FF310B923246314463
S214019560107808B1914211D1A2EB060A13F4806279
S2140195700C9202D0A24528BFA24613F002030D9317
S2140195801BD1AAEB05032A460F9308E00132E7E751
S214019590531C0E9320204B460A99D8470E9A0F9BD0
S2140195A0D318BB42F4D3A7EB0A03574538BF0023B1
S2140195B00AF101021D4403EB020AAB1B0E9304E001
S2140195C01C464B462A460A99D8470E9BF51816F8AC
S2140195D0010B28B10C9B002BF3D0631E002CEFD19E
S2140195E00D9B93B12A46AAEB050405E0561C4B4693
S2140195F020200A99D84732461319BB42F6D3A7EB67
S2140196000A03574538BF00231D440B9E8BE50822ED
S214019610A3E60222A1E600BF0FB41FB506AA52F8C0
S214019620043B02A90392009204484FF0FF32FFF771
S2140196306DFD05B05DF804EB04B0704765450300A9
S2140196401FB5034600914FF0FF3203A90248FFF70A
S2140196505DFD05B05DF804FB654503001FB5CDE96A
S2140196600201009302A9134603484FF0FF32FFF7A9
S2140196704DFD05B05DF804FB6D4503001FB5094BB4
S214019680094A1868094B01A91860094B1360094A71
S2140196900192094A1268CDE9022316F0B7FF05B018
S2140196A05DF804FB1C660020283B00202C3B0020B4
S2140196B010660020CE350400E04D0020014B1868EE
S2140196C016F0B8BF1C66002038B5F1F721FE044637
S2140196D0064D2B68D3F8B002F1F70EFE286816F097
S2140196E0BCFF2046BDE83840F1F706BE1C660020E8
S2140196F010B51F4CF0F766F9236F012023F007031E
S21401970043F002032367F0F76BF9D4F82031002009
S21401971023F0070343F00103C4F82031D4F84031A5
S21401972023F0030343F00103C4F84031D4F8603159
S21401973023F0030343F00103C4F86031D4F8403248
S21401974023F0030343F00103C4F84032D4F8003297
S21401975023F0070343F00103C4F80032D4F80832BB
S21401976023F0070343F00103C4F8083210BD00BF1D
S21401977000800050064B1B681A7A022A01D81AB9D3
S2140197807047032A00D070471B68024A136070476F
S21401979020660020E04D00200022024B5A60DA606D
S2140197A01A607047E44D002008B501F037FF00222B
S2140197B0014B1A7008BD00BF196000200A46014916
S2140197C01AF03EBF9D5F04000A4601491AF038BFF1
S2140197D0985F04000A4601491AF032BF915F0400FF
S2140197E00A4601491AF02CBF8E5F04000A46014959
S2140197F01AF026BF8B5F04000A4601491AF020BF03
S214019800865F04000A4601491AF01ABF815F040008
S2140198100A4601491AF014BF7C5F04000A46014952
S2140198201AF00EBF755F040081F0004102E000BF30
S21401983083F0004330B54FEA41044FEA430594EA0A
S214019840050F08BF90EA020F1FBF54EA000C55EA45
S214019850020C7FEA645C7FEA655C00F0E2804FEA16
S2140198605454D4EB5555B8BF6D420CDD2C4480EAF8
S214019870020281EA030382EA000083EA010180EA28
S214019880020281EA0303362D88BF30BD11F0004F76
S2140198904FEA01314FF4801C4CEA113102D04042AC
S2140198A061EB410113F0004F4FEA03334CEA1333E7
S2140198B002D0524263EB430394EA050F00F0A780FF
S2140198C0A4F10104D5F1200E0DDB02FA0EFC22FAFA
S2140198D005F2801841F1000103FA0EF2801843FAEE
S2140198E005F359410EE0A5F120050EF1200E012ADF
S2140198F003FA0EFC28BF4CF0020C43FA05F3C0181D
S21401990051EBE37101F0004507D54FF0000EDCF195
S214019910000C7EEB00006EEB0101B1F5801F1BD33E
S214019920B1F5001F0CD349085FEA30004FEA3C0C42
S21401993004F101044FEA445212F5800F80F09A8038
S214019940BCF1004F08BF5FEA500C50F1000041EB3C
S214019950045141EA050130BD5FEA4C0C404141EB40
S2140199600101013C28BFB1F5801FE9D291F0000F3B
S21401997004BF01460020B1FA81F308BF2033A3F1EA
S2140199800B03B3F120020CDA0C3208DD02F1140CE1
S214019990C2F10C0201FA0CF021FA02F10CE002F11C
S2140199A01402D8BFC2F1200C01FA02F120FA0CFC15
S2140199B0DCBF41EA0C019040E41AA2BF01EB04515E
S2140199C0294330BD6FEA04041F3C1CDA0C340EDC5C
S2140199D004F11404C4F1200220FA04F001FA02F39F
S2140199E040EA030021FA04F345EA030130BDC4F15D
S2140199F00C04C4F1200220FA02F001FA04F340EA52
S214019A000300294630BD21FA04F0294630BD94F002
S214019A10000F83F4801306BF81F480110134013DE9
S214019A204EE77FEA645C18BF7FEA655C29D094EA5A
S214019A30050F08BF90EA020F05D054EA000C04BFD8
S214019A401946104630BD91EA030F1EBF00210020C3
S214019A5030BD5FEA545C05D14000494128BF41F062
S214019A60004130BD14F580043CBF01F5801130BDC6
S214019A7001F0004545F0FE4141F470014FF0000051
S214019A8030BD7FEA645C1ABF194610467FEA655C02
S214019A901CBF0B46024650EA013406BF52EA0335A4
S214019AA091EA030F41F4002130BD00BF90F0000F92
S214019AB004BF0021704730B54FF4806404F13204CE
S214019AC04FF000054FF0000150E700BF90F0000F87
S214019AD004BF0021704730B54FF4806404F13204AE
S214019AE010F0004548BF40424FF000013EE700BF7E
S214019AF042004FEAE2014FEA31014FEA02701FBF0E
S214019B0012F07F4393F07F4F81F06051704732F03F
S214019B107F4208BF704793F07F4F04BF41F4002196
S214019B20704730B54FF4607401F0004521F00041F4
S214019B301CE700BF50EA010208BF704730B54FF07E
S214019B4000050AE050EA010208BF704730B511F07F
S214019B50004502D5404261EB41014FF4806404F1B7
S214019B6032045FEA915C3FF4D8AE4FF003025FEA3D
S214019B70DC0C18BF03325FEADC0C18BF033202EBC1
S214019B80DC02C2F1200300FA03FC20FA02F001FA1B
S214019B9003FE40EA0E0021FA02F11444BDE600BFBE
S214019BA070B54FF0FF0C4CF4E06C1CEA11541DBF6D
S214019BB01CEA135594EA0C0F95EA0C0F00F0DEF838
S214019BC02C4481EA030621EA4C5123EA4C5350EA1D
S214019BD0013518BF52EA033541F4801143F480136E
S214019BE038D0A0FB02CE4FF00005E1FB02E506F0FF
S214019BF00042E0FB03E54FF00006E1FB03569CF054
S214019C00000F18BF4EF0010EA4F1FF04B6F5007F59
S214019C1064F5407404D25FEA4E0E6D4146EB0606CB
S214019C2042EAC62141EA55514FEAC52040EA5E5054
S214019C304FEACE2EB4F1FD0C88BFBCF5E06F1ED8FE
S214019C40BEF1004F08BF5FEA500E50F1000041EB35
S214019C50045170BD06F0004646EA010140EA0200E2
S214019C6081EA0301B4EB5C04C2BFD4EB0C0541EA04
S214019C70045170BD41F480114FF0000E013C00F319
S214019C80AB8014F1360FDEBF002001F0004170BD3D
S214019C90C4F10004203C35DA0C341BDC04F1140456
S214019CA0C4F1200500FA05F320FA04F001FA05F2E2
S214019CB040EA020001F0004221F0004110EBD370AF
S214019CC021FA04F642EB06015EEA430E08BF20EADB
S214019CD0D37070BDC4F10C04C4F1200500FA04F37E
S214019CE020FA05F001FA04F240EA020001F0004110
S214019CF010EBD37041F100015EEA430E08BF20EA83
S214019D00D37070BDC4F1200500FA05F24EEA020ECA
S214019D1020FA04F301FA05F243EA020321FA04F0F9
S214019D2001F0004121FA04F220EA020000EBD370B0
S214019D305EEA430E08BF20EAD37070BD94F0000FB0
S214019D400FD101F00046400041EB010111F4801FE4
S214019D5008BF013CF7D041EA060195F0000F18BF95
S214019D60704703F00046520043EB030313F4801FD1
S214019D7008BF013DF7D043EA0603704794EA0C0F8B
S214019D800CEA135518BF95EA0C0F0CD050EA4106A1
S214019D9018BF52EA4306D1D181EA030101F000411E
S214019DA04FF0000070BD50EA410606BF1046194646
S214019DB052EA430619D094EA0C0F02D150EA013652
S214019DC013D195EA0C0F05D152EA03361CBF104693
S214019DD019460AD181EA030101F0004141F0FE4132
S214019DE041F470014FF0000070BD41F0FE4141F4B6
S214019DF0780170BD70B54FF0FF0C4CF4E06C1CEAB6
S214019E0011541DBF1CEA135594EA0C0F95EA0C0F6A
S214019E1000F0A7F8A4EB050481EA030E52EA033525
S214019E204FEA013100F088804FEA03334FF0805546
S214019E3045EA131343EA12634FEA022245EA111573
S214019E4045EA10654FEA00260EF000419D4208BF24
S214019E50964244F1FD0404F5407402D25B084FEAD1
S214019E603202B61A65EB03055B084FEA32024FF47D
S214019E7080104FF4002CB6EB020E75EB030E22BFDA
S214019E80B61A754640EA0C005B084FEA3202B6EB9A
S214019E90020E75EB030E22BFB61A754640EA5C0049
S214019EA05B084FEA3202B6EB020E75EB030E22BFD9
S214019EB0B61A754640EA9C005B084FEA3202B6EBDA
S214019EC0020E75EB030E22BFB61A754640EADC0099
S214019ED055EA060E18D04FEA051545EA16754FEAFB
S214019EE006164FEAC30343EA52734FEAC2025FEA19
S214019EF01C1CC0D111F4801F0BD141EA00014FF0A8
S214019F0000004FF0004CB6E711F4801F04BF014378
S214019F100020B4F1FD0C88BFBCF5E06F3FF6AFAE94
S214019F20B5EB030C04BFB6EB020C5FEA500C50F124
S214019F30000041EB045170BD0EF0004E4EEA1131A7
S214019F4014EB5C04C2BFD4EB0C0541EA045170BDAE
S214019F5041F480114FF0000E013C90E645EA060EF2
S214019F608DE60CEA135594EA0C0F08BF95EA0C0F20
S214019F703FF43BAF94EA0C0F0AD150EA01347FF468
S214019F8034AF95EA0C0F7FF425AF104619462CE73F
S214019F9095EA0C0F06D152EA03353FF4FDAE1046A2
S214019FA0194622E750EA410618BF52EA43067FF4F3
S214019FB0C5AE50EA41047FF40DAF52EA43057FF483
S214019FC0EBAE12E74FF0FF3C06E000BF4FF0010C8E
S214019FD002E000BF4FF0010C4DF804CD4FEA410CF2
S214019FE07FEA6C5C4FEA430C18BF7FEA6C5C1BD0BF
S214019FF001B050EA410C0CBF52EA430C91EA030F40
S21401A00002BF90EA020F0020704710F1000F91EA9C
S21401A010030F58BF994208BF90422CBFD8176FEA6A
S21401A020E37040F0010070474FEA410C7FEA6C5C38
S21401A03002D150EA013C07D14FEA430C7FEA6C5C3F
S21401A040D6D152EA033CD3D05DF8040B704700BF6B
S21401A0508446104662468C461946634600E000BFB9
S21401A06001B5FFF7B7FF002848BF10F1000F01BD8B
S21401A0704DF808EDFFF7F4FF0CBF012000205DF856
S21401A08008FB00BF4DF808EDFFF7EAFF34BF0120DB
S21401A09000205DF808FB00BF4DF808EDFFF7E0FF74
S21401A0A094BF012000205DF808FB00BF4DF808EDC5
S21401A0B0FFF7CEFF94BF012000205DF808FB00BF2C
S21401A0C04DF808EDFFF7C4FF34BF012000205DF80E
S21401A0D008FB00BF4FEA410212F5001215D211D556
S21401A0E06FF47873B3EB625212D94FEAC12343F08F
S21401A0F0004343EA505311F0004F23FA02F018BF11
S21401A100404270474FF00000704750EA013005D1D9
S21401A11011F0004008BF6FF0004070474FF000009C
S21401A120704700BF4A0011D212F5001211D20DD5A8
S21401A1306FF47873B3EB62520ED44FEAC12343F047
S21401A140004343EA505323FA02F070474FF00000F1
S21401A150704750EA013002D14FF0FF3070474FF0A0
S21401A1600000704753B94AB9002908BF00281CBF30
S21401A1704FF0FF314FF0FF3000F08CB9ADF1080C15
S21401A1806DE904CE00F006F8DDF804E0DDE902230F
S21401A19004B070472DE9F04F099D0E4604460F4660
S21401A1A0002B47D18A429446B2FA82F35AD943B178
S21401A1B002FA03FCC3F120029F409C4020FA02F2FF
S21401A1C017434FEA1C461FFA8CFE220CB7FBF6F12A
S21401A1D006FB117701FB0EF042EA0742904208D9CE
S21401A1E01CEB020201F1FF3702D2904200F23C81E1
S21401A1F03946121AA4B2B2FBF6F006FB102200FB97
S21401A2000EFE44EA0244A64508D91CEB040400F1FC
S21401A210FF3202D2A64500F22A81104640EA0140EA
S21401A220A4EB0E0400211DB1DC400023C5E9004368
S21401A230BDE8F08F8B4205D90DB1C5E900010021BB
S21401A2400846F5E7B3FA83F100294FD1B342C0F0CF
S21401A2500281824240F2FF800846002DE8D0C5E91F
S21401A2600047E5E7002B40F0AF808A1A4FEA1C4E04
S21401A2701FFA8CF70121B2FBFEF60EFB1620220C0C
S21401A28042EA004207FB06F090420FD91CEB02029D
S21401A29006F1FF382CBF4FF001094FF0000990423C
S21401A2A003D9B9F1000F00F0DC804646121AA4B2B9
S21401A2B0B2FBFEF00EFB102200FB07F744EA024455
S21401A2C0A7420FD91CEB040400F1FF322CBF4FF05C
S21401A2D0010E4FF0000EA74203D9BEF1000F00F0A9
S21401A2E0C9801046E41B40EA06409CE7C1F1200401
S21401A2F08B4006FA01FC00FA01FE22FA04F7E6405A
S21401A3008A401F4320FA04F34FEA174843EA0C0336
S21401A3101FFA87FC4FEA1349B6FBF8F008FB1066F4
S21401A32049EA064600FB0CF9B1450ED9BE1900F103
S21401A330FF3A2CBF4FF0010B4FF0000BB14503D98C
S21401A340BBF1000F00F0A2805046A6EB09061FFAEB
S21401A35083F9B6FBF8F308FB136603FB0CFC49EA2A
S21401A3600646B4450ED9BE1903F1FF382CBF4FF08F
S21401A37001094FF00009B44503D9B9F1000F00F007
S21401A3808280434643EA0040A6EB0C06A0FB028C03
S21401A39066454346E14602D307D1C64505D2B8EB2A
S21401A3A002036CEB070C0138E1465DB1BEEB03021C
S21401A3B066EB090606FA04F422FA01F3CE401C43C2
S21401A3C0C5E90046002133E702FA03FCC3F1200287
S21401A3D099409C40D6404FEA1C4E20FA02F21FFAE2
S21401A3E08CF7B6FBFEF00A430EFB1066110C41EA31
S21401A3F0064100FB07F68E420ED91CEB010100F167
S21401A400FF382CBF4FF001094FF000098E4202D9E8
S21401A410B9F1000F34D04046891B92B2B1FBFEF66B
S21401A4200EFB161142EA014206FB07F191420ED9D4
S21401A4301CEB020206F1FF382CBF4FF001094FF06A
S21401A4400009914202D9B9F1000F16D04646521AB8
S21401A45046EA00410FE7841A66EB0302012017461D
S21401A460FBE6023E624421E702396244C1E66444E7
S21401A4700238D3E66444023834E7023E6244E6E733
S21401A48002386144C8E7023B3E447BE702383E445B
S21401A4905BE700BF704700BF2DE9F04F924685B0DD
S21401A4A089461E460D46554A0390294615F8014B26
S21401A4B0135D13F00803F8D12D2C7CD02B2C4ED035
S21401A4C04FF0FF3102936FF00043CDE9001336F0F1
S21401A4D0100851D037464FEAE6783A464346DDE95A
S21401A4E00001FFF73FFE002383468E4618461946B5
S21401A4F0A44613E0ACF13704A6421FDD002B09DBAE
S21401A50083457EEB010305D38E4508BF83453BD1CA
S21401A510A24239DA4FF0FF3315F801CBACF1300423
S21401A520092CE9D9ACF14104192CE3D9ACF1610449
S21401A530192C03D8ACF15704A642DFDC5A1C2FD0E5
S21401A540029A12B1404261EB4101BAF1000F03D009
S21401A550002B48D1CAF8009005B0BDE8F08F4FF047
S21401A560FF30029336F010086FF000432C7801F1AB
S21401A5700205CDE90003ADD1302C25D0002E3AD10D
S21401A5800A27B0463E46A8E700FB08F307FB01335F
S21401A590A0FB07010B44201843EBE4710123BBE742
S21401A5A02223039A1360BAF1000F17D005F1FF3981
S21401A5B0DDE90001CEE74FF00047009301232C7838
S21401A5C08D1CCDE9017382E72B7803F0DF03582B4E
S21401A5D00CD086B90827B0463E467EE7DDE9000185
S21401A5E005B0BDE8F08FCDE90001DFE710276C78F4
S21401A5F002353E4671E710273E466EE7A55F04002A
S21401A6004AE700BF10B4044C13460A4601462068C8
S21401A6105DF8044B40E700BF5066002010B4044CC0
S21401A62013460A46014620685DF8044B34E700BF2E
S21401A6305066002020F0030110F00300C0F1000076
S21401A64051F8043B00F1040C4FEACC0C6FF0000209
S21401A6501CBF22FA0CF213434FF0010C4CEA0C2CEF
S21401A6604CEA0C4CA3EB0C0222EA030212EACC12CF
S21401A67004BF51F8043B0430F4D0C2F1000102EAF1
S21401A6800102B2FA82F2C2F11F0200EBD200704759
S21401A6902DE9F04780460C464548264614F801EB5E
S21401A6A010F80EC01CF0080CF7D1BEF12D0F5BD0D0
S21401A6B0BEF12B0F3AD0654633F010003ED04FF076
S21401A6C0FF379A46B7FBF3F703FB07F96FEA090969
S21401A6D0002630460EE0AEF1370C63451DDD002E38
S21401A6E004DBB84202D833D1CC4531DD4FF0FF361A
S21401A6F014F801EBAEF1300CBCF1090FEDD9AEF157
S21401A700410CBCF1190FE6D9AEF1610CBCF1190F81
S21401A71003D8AEF1570C6345E1DC731C1CD005B1C0
S21401A72040420AB1F6B91160BDE8F08733F0100077
S21401A73094F800E0654606F10204C0D1BEF1300F80
S21401A74017D06BBB0A234FF005091A4F9A46BFE78D
S21401A75000FB0AC00126CBE722233046C8F80030AA
S21401A760002AE1D0611EDEE794F800E00125B41C62
S21401A770A2E7207800F0DF00582807D083B9082325
S21401A7804FF007096FF060479A46A1E7102394F847
S21401A79001E04FF00F0902346FF070479A4697E7D1
S21401A7A010234FF00F096FF070479A4690E700BFED
S21401A7B0A55F0400999999196AE700BF10B4044C83
S21401A7C013460A46014620685DF8044B60E700BF61
S21401A7D05066002010B4044C13460A460146206811
S21401A7E05DF8044B54E700BF506600200F4B70B570
S21401A7F00F4DAB42A3EB050607D0B610002401347B
S21401A80055F8043B9847A642F9D80A4D1FF018F9A7
S21401A810094B5E1BAB424FEAA60606D00024013464
S21401A82055F8043B9847A642F9D870BDD869002070
S21401A830D8690020D8690020DC69002070B5860739
S21401A84047D0541E002A3ED0CAB2034601E0013C5E
S21401A85039D303F8012B9D07F9D1032C2CD9CDB29E
S21401A8600F2C05EB052505EB054535D9A4F1100C94
S21401A87003F1100E1A462CF00F064FEA1C1CB644C4
S21401A880C2E90055C2E9025510327245F8D10CF101
S21401A890010214F00C0F04F00F0C03EB021213D09C
S21401A8A0ACF1040323F003030433134442F8045BBE
S21401A8B09342FBD10CF003042CB1C9B21C4403F83B
S21401A8C0011BA342FBD170BD64461346002CF4D194
S21401A8D0F9E703461446C0E71A46A446E0E700BF78
S21401A8E088420ED98B1883420BD900EB020C002A42
S21401A8F06ED0624613F801CD994202F801CDF9D126
S21401A90070470F2A0FD8034602F1FF3C002A5FD09A
S21401A9100CF1010C013B8C4411F8012B614503F845
S21401A920012FF9D1704740EA01039B0751D1A2F1EB
S21401A930100301F1200C70B523F00F0501F1100E84
S21401A94000F110041B09AC445EF8105C0EF1100E09
S21401A950103444F8205C5EF81C5C44F81C5C5EF81D
S21401A960185C44F8185C5EF8145CE64544F8145C20
S21401A970EAD1013312F00C0F02F00F0C01EB0311B8
S21401A98000EB031329D0ACF1040C1C1F8E462CF0EF
S21401A99003064FEA9C0C1E445EF8045B44F8045F11
S21401A9A0B442F9D10CF1010402F0030203EB840373
S21401A9B001EB840102F1FF3C4AB10CF1010C013BB1
S21401A9C08C4411F8012B614503F8012FF9D170BDB4
S21401A9D0704702F1FF3C03469AE76246EAE700BF8A
S21401A9E02DE9F04F82468E463F4875461EF801BB5C
S21401A9F010F80B4014F00804F7D1BBF12D0F5BD013
S21401AA00BBF12B0F6FF0004904BF9EF800B005F1B3
S21401AA10020E33F0100010D1BBF1300F04D0002B22
S21401AA205ED10A231F4609E09EF8000000F0DF0011
S21401AA3058284ED0002B53D108231F460025B9FBBA
S21401AA40F7F6284607FB16980EE0ABF1370C634580
S21401AA501DDD002D04DB864202D321D1E0451FDA3D
S21401AA604FF0FF351EF801BBABF1300CBCF1090FFE
S21401AA70EDD9ABF1410CBCF1190FE6D9ABF1610C84
S21401AA80BCF1190F03D8ABF1570C6345E1DC6B1C25
S21401AA900AD004B140420AB1CDB91160BDE8F08FC9
S21401AAA007FB00C00125DDE72223CAF800305AB1B2
S21401AAB00EF1FF314846F0E79EF800B04FF000492E
S21401AAC005F1020E0124A4E74846BDE8F08F814651
S21401AAD0EEE710239EF801B00EF1020E1F46ADE719
S21401AAE010231F46AAE700BFA55F0400242B02D847
S21401AAF0012B00D074E710B500F02EFA1623036080
S21401AB00002010BD10B5242A084C1346246807D827
S21401AB10012A05D00A4601462046BDE810405FE7F7
S21401AB2000F01AFA16230360002010BD50660020BC
S21401AB3010B5242A084C1346246807D8012A05D0E4
S21401AB400A4601462046BDE8104049E700F004FAEF
S21401AB5016230360002010BD50660020844641EA9B
S21401AB60000313F0030349D1403A23D30B68036073
S21401AB704B6843608B688360CB68C3600B69036175
S21401AB804B6943618B698361CB69C3610B6A03625D
S21401AB904B6A43628B6A8362CB6AC3620B6B036345
S21401ABA04B6B43638B6B8363CB6BC363403040312A
S21401ABB0403ADBD230320BD30B6803604B684360FC
S21401ABC08B688360CB68C36010301031103AF3D2C3
S21401ABD00C3205D351F8043B40F8043B043AF9D251
S21401ABE0043208D0D2071CBF11F8013B00F8013B24
S21401ABF001D30B8803806046704700BF082A13D331
S21401AC008B07B1D010F00303AED0C3F10403D21A00
S21401AC10DB071CBF11F8013B00F8013BA4D331F858
S21401AC20023B20F8023B9FE7043AD9D3013A11F8D8
S21401AC30013B00F8013BF9D20B7803704B78437067
S21401AC408B78837060467047024B0146186816F091
S21401AC50C3BA00BF50660020024B0146186816F0C2
S21401AC60BEBA00BF50660020CAB384460B4630B554
S21401AC7004460843800719D09CF800000C78A042CF
S21401AC8012D150B3012A28D0E64603E01CEB030F8D
S21401AC9023D010B31EF8010F11F8014FA2EB0E03DB
S21401ACA0A04203F1FF33F1D0001B30BD032A07D8C1
S21401ACB0E2E7043A11D01EF0803F0ED1032A10D9E4
S21401ACC02068194653F8045BA446A0F1013E0434FB
S21401ACD0A8422EEA000EECD0CEE7002030BD10468A
S21401ACE07047A4461946C7E780EA010C1CF0030F1B
S21401ACF037D110F0030C20F0030021F0030150F8C7
S21401AD00042B08BF51F8043B0ED08CF0030C6FF0F7
S21401AD107F434FEACC0C23FA0CFC51F8043B42EA81
S21401AD200C0243EA0C0300BFA2F1013C9A4201BFA8
S21401AD302CEA020C1CF0803F50F8042B51F8043B1F
S21401AD40F2D04FEA02604FEA1222012828BFB0EB88
S21401AD50036F08BF1B0AF4D003F0FF03000EC01AEE
S21401AD60704710F0030F0AD010F8012B11F8013BC1
S21401AD70012A28BF9A42F4D0A2EB030070474DF88F
S21401AD80045D50F8042B01F0030521F0030151F88E
S21401AD90043B022D26D04DD822F07F45B5EB132F6C
S21401ADA0A2F1013C2CEA020C0DD11CF0803C08BF3C
S21401ADB051F8043B0AD185EA0205B5EB036F0CD1C5
S21401ADC050F8042BE8E74FEA13235BE03CF07F4C96
S21401ADD054D10B784FEA126554E04FEA126503F03E
S21401ADE0FF034FE04FEA0245A2F1013C4FEA154549
S21401ADF02CEA020CB5EB134F18D11CF0803C08BFAF
S21401AE0051F8043B07D185EA0205B5EB034F09D19A
S21401AE1050F8042BE6E75FEA0C4C2FD10B884FEA7B
S21401AE2012452FE04FEA03434FEA12454FEA134318
S21401AE3028E000BF02F0FF05B5EB136FA2F1013C5D
S21401AE402CEA020C0DD11CF0803C08BF51F8043BE3
S21401AE500AD185EA0205B5EB032F0AD150F8042B77
S21401AE60E8E74FEA13630DE012F0FF0F06D051F842
S21401AE70043B4FEA122523F07F4303E04FF0000026
S21401AE8020BC704705F0FF0203F0FF00012828BF31
S21401AE90904204BF2D0A1B0AF4D0A2EB000020BC8E
S21401AEA0704700BF08B5064B044613B1002100F0F9
S21401AEB0AFF8044B1B6803B19847204614F061FCB9
S21401AEC011B001002C4F0020002301461A461846F7
S21401AED000F048B8032A30B415D941EA0004844684
S21401AEE00B46A40704D0541E0FE0043A032A08D9DF
S21401AEF01946604653F8044B5CF8045BA542F4D04F
S21401AF00F1E760461946541E7AB1431E013902190B
S21401AF1001E09A4209D013F8010F11F801CF6045FC
S21401AF20F7D0A0EB0C0030BC7047002030BC704757
S21401AF3038B5074D074C2C1BA41005D0013C55F81D
S21401AF40043D9847002CF9D1BDE838401EF07EBD7F
S21401AF50E0690020DC690020014B1868704700BFDB
S21401AF6050660020F0B5264C83B006460F4625688D
S21401AF7005B36C681F2C3FDCA6B1D5F8880048B332
S21401AF80D0F800114FF0010C40F82420022E00EBFF
S21401AF9084020CFA04FC4CEA0101C0F80011C2F864
S21401AFA0803010D0631C002002346B6045F824709A
S21401AFB003B0F0BD13491448216010B10068C1F810
S21401AFC08800104DD5E7D0F8043143EA0C03C0F8E9
S21401AFD00431E7E70D49CDE9002369B14FF48470E8
S21401AFE0FFF732FE40B100216C68C0E94011DDE98F
S21401AFF00023C5F88800C5E74FF0FF30D8E700BF4B
S21401B000BC4F0020304F00200000000049AC01007A
S21401B0102DE9F04FDFF8B49083B0D9F8006096B30D
S21401B020884601907568D6F888706C1E2BD4013559
S21401B03007F1800B06EB8505B8F1000F26D1736882
S21401B0402A68013BA3423BD000232B60BAB1D6F855
S21401B05004A05FB30123D7F80011A3400B4225D00B
S21401B060D7F8040157F8241003422BD101989047D2
S21401B0707368D9F8002053451ED1B2421CD1013C59
S21401B080043D631CD8D103B0BDE8F08F4FB15BF827
S21401B09024304345D3D0013C043D621CF3D0002F3D
S21401B0A0F5D1013CEFD3013CFBD2ECE79047736846
S21401B0B0D9F800205345E0D0002AE4D01646B1E77F
S21401B0C07460C3E708469047D2E700BFBC4F002034
S21401B0D0431E033306D8044B984228BF18466428FB
S21401B0E038BF6420704700BF40420F0038B5194B87
S21401B0F005461B680C4603B1984744B1236833B133
S21401B1001B68013303D0E3680BB1A3684BB919F090
S21401B1105DFF00204FF4C172412100F0FFF92120AC
S21401B12038BD204602F04AFC00230B4A85F83C3124
S21401B130C5E93743C2E9003363694BB1074A422187
S21401B14010684FF4D272C31A5842584100F0E6F91B
S21401B1500020E5E72C520020D0620020905200200B
S21401B160F8B504461EF061F9002607460E4B1B682B
S21401B17093B19E68AEB196F82420D20711D4354615
S21401B1800FCC0FC50FCC0FC523682B6096F8243063
S21401B19043F0010386F8243038461EF041F9304664
S21401B1A0F8BD1B68E4E700BFA466002010B504469E
S21401B1B018B9054B054A136010BD00F0D9FCD4F848
S21401B1C0E830002BF6D1F4E777470300A0660020AD
S21401B1D0014B1868704700BFD062002008B50246D0
S21401B1E00868FFF775FF08604868FFF771FF486059
S21401B1F08868FFF76DFF8860C868FFF769FF0B690D
S21401B200C860581C03D00B48834228BF03460B6115
S21401B2104B69581C03D00748834228BF03468869F8
S21401B2204B61FFF755FFBDE808408861104601F005
S21401B2307BBC00BF40420F00D0F8E0302DE9F04162
S21401B24005460C4613B1C38D8B424CD0D5F8DC3085
S21401B250002B4BD09E68002E48D0D868002845D0D9
S21401B260013800B200281ADB002106E0128A591CB8
S21401B270A24217D209B2884211DB0B1803EBD37333
S21401B2805B1003EBC30206EB8202B2F80EC003F1B9
S21401B290FF3EA445EAD90FFA8EF08842EDDA212066
S21401B2A0BDE8F0814FF6FF7299B29142F7D09BB29A
S21401B2B003EBC30306EB83062846B6F9122095F87E
S21401B2C03011D5F8F080EEF70FFE0746B8F1000F03
S21401B2D004D00023324628461946C047EC85C5F8F7
S21401B2E0E06085F839710020BDE8F0810E20BDE8E8
S21401B2F0F08100BF2DE9F04782B004460F4616469E
S21401B30001F086FE002863D14F4D2B68D4F8DCA0EF
S21401B310D4F8E0800BB1534576D04FF00009AF600A
S21401B32001F09EFE0128074665D1204619F08DFDE5
S21401B330002851D12B68DAF80010D8F8002013B194
S21401B340186888426BD0204619F031FDC5E900A87F
S21401B350D4F8F0508DF80760002D67D00022204603
S21401B36011460DF10703A847204600F0EDFF0546FC
S21401B370B9F1000F0FD076B9D4F88C300BBB012F82
S21401B38005D025B1314B002103205B68984728463C
S21401B39002B0BDE8F087B5FA85F040F207523321D6
S21401B3A0400900F0BBF83146204601F00BFA284B65
S21401B3B005461B68414620469847D4F88C30002B3A
S21401B3C0DDD000224FF40073204600F0E1FBD6E703
S21401B3D000231D4D6B6098E794F82530DA07A9D550
S21401B3E0D4F894305B05A5D51A4B012200212046DE
S21401B3F01B6898479EE70021012000F001FC01F040
S21401B4002FFE0128FBD190E76B68002B85D04345C2
S21401B41083D1AB689F4215D04FF001097FE7696879
S21401B42011B10968914291D059688CE794F82A10B5
S21401B43094F839313246994228BF1946204600F021
S21401B440D1FE91E70025A2E7D0620020AC6600207D
S21401B450A066002030520020F8B50F4605461DF0C4
S21401B460E4FF394606462846FFF7E6FE044620B1C5
S21401B47030461DF0D5FF2046F8BD01F0A7FD224657
S21401B48039462846FFF736FF04460028F0D12846FD
S21401B49019F0DBFC0028EBD095F8253013F00103FA
S21401B4A00DD0D5F8942052050DD5B5F82A21BA420B
S21401B4B005D0B5F82C31DB1BB3FA83F35B09034ADD
S21401B4C082F8C430D4E72346F9E700BF001E00B077
S21401B4D013B50446694619F07CFA204619F0C0FBFC
S21401B4E0FF28024606D020469DF80010EEF77AFDAA
S21401B4F002B010BD0048FBE70080FFFF38B5044DE1
S21401B500044C054B286021601A601DF089FC38BD8B
S21401B510C0510020A8660020C451002010B550B9C3
S21401B5200548064B0160064802601868054B18601E
S21401B5301868FFF7E3FF10BDA86600201C53002023
S21401B540C4510020C05100202DE9F0418AB001AC61
S21401B55005460B462746194A02F1200C2646106876
S21401B5605168083203C662453446F7D1002B08BF3E
S21401B5703B46002710681C463060384603F10C062F
S21401B58090B95FFA87F842462846218819F060FC90
S21401B59050B942462846E18819F06BFC20B942466C
S21401B5A03146284619F077FC0137032F06F10806C5
S21401B5B004F10204E4D10AB0BDE8F081C8600400D9
S21401B5C0F0B589B005460E4619F074FC044600BB7A
S21401B5D001AC06F10C070FCF0FC497E8070084E80B
S21401B5E0070001A92846FFF7F9FD2846311D19F085
S21401B5F03BFE044648B92846074901F057FA044677
S21401B60018B9284601F0C6FD044628463168FFF7FA
S21401B6109BFF204609B0F0BDC0600400014919F047
S21401B6202BBA00BF65D1010070B5164E032804463B
S21401B6300D4633781ED023FA04F202F00102AA4224
S21401B6401DD053B10122A240A54023EA02032B4399
S21401B650DBB233704BB1012070BD2DB10A4B012016
S21401B6601B6898473378EDE73570074B00201B6859
S21401B6709847F0E79A07DED003F0FC03E9E70020DD
S21401B68070BD00BF1A6000200452002038B5044681
S21401B6900D4605F077FD60B101F0C6FC48B9012DF5
S21401B6A007D8012019F0B1FB0D4B1B6823B15B686D
S21401B6B098470C4B1C7038BD1EF00EF80A4B1A68E2
S21401B6C0801A18601CF026FD4FF47A72074B1B682F
S21401B6D002FB003019F0CEF9012001F0ADFCE8E7DD
S21401B6E028520020A9690020FC51002000520020A9
S21401B6F0F8B505460C461DF098FE104F06463B78F9
S21401B70033B1012D04D01CB90D481CF055FC3C701A
S21401B71021462846FFF788FF0A4B04461B783BB9AB
S21401B7203B782BB919F065FB10B1074B1B6898479E
S21401B73030461DF075FE2046F8BD00BF1B60002098
S21401B740D85100201A600020AC660020054A0B463E
S21401B750117831B100211170034A0121526818781D
S21401B760104770471B600020AC660020124B023960
S21401B770012910B518701ED805F004FDD8B101F0E6
S21401B78053FCC0B101F034FAA8B90C4B1C6834B1B3
S21401B79023689847BDE81040002019F036BB19F021
S21401B7A067F9074B18601DF097FF064B1860204697
S21401B7B001F042FCEEE710BDA969002028520020E6
S21401B7C000520020FC51002038B5044680B11DF01F
S21401B7D02CFE0121044608461CF092F801210B4A72
S21401B7E0084615F0CDFD2046BDE838401DF018BED0
S21401B7F01DF01BFE0546214601201CF081F80120A4
S21401B8002146024A15F0BCFD2846EDE7B236040093
S21401B810F0B585B01DF009FE344D04462B7823B1F2
S21401B82033481CF0C9FB002852D11CF04FFC02AA79
S21401B83003A919F0C8FA0346002838D019F0D7FA38
S21401B840029B98421CD100202A4B03991B682A4E62
S21401B8509942307020D90027C91A012324482B7039
S21401B860264A3346CDE900771DF012FF002837D16E
S21401B870234A1378D90701D53178F9B1204611E06A
S21401B88019F0B3FA029B984228D0002318461949AA
S21401B890194A0968137003910121FFF7C5FE0023B9
S21401B8A020462B701DF0BCFD002005B0F0BD2046E3
S21401B8B02B701DF0B5FD212005B0F0BD03F0FE0391
S21401B8C01370002BDAD10F4B1B6898472046E9E727
S21401B8D020461DF0A5FD0E2005B0F0BD0220B3E701
S21401B8E0032320462F703370F3E700BF1B60002050
S21401B8F0D8510020F8510020A86900204DB701005A
S21401B9001A6000200452002038B51DF08EFD0F4D40
S21401B91004462B789BB90E4A0E4913700E4B0F4AFC
S21401B9200F481A600F4A5A60EFF788FF0E490F4812
S21401B930EFF784FF0E4B0F4A1A6001232B70F0F7C6
S21401B94087F820461DF06CFD002038BD1C600020E5
S21401B9501B600020EC600400AC66002011B80100FA
S21401B960C8510020F1B60100F4600400D051002057
S21401B97004520020C9B701002DE9F0438F788046B4
S21401B9800F2F0C4685B003D9212005B0BDE8F08302
S21401B99027B90123374A00201370F6E70D784E7851
S21401B9A0EDB9002EF0D194F90310E08803F00AF8FF
S21401B9B02128E9D055EA0603A088DFF8C89013D0FD
S21401B9C003F064F84FF60403B9F8002001469A42E2
S21401B9D04BD1AE42334638BF2B4600262DE0082D0C
S21401B9E0D2D8082ED0D8DEE703F050F84FF604057B
S21401B9F001464FF60500204A136E9BB2AB4208BFC4
S21401BA000346B1F5803FA9F800300FD90223082577
S21401BA10136680230126C2F880302B4649084FF66C
S21401BA20FF720139914228BF114608E080230126A2
S21401BA3008251666C2F880302B460029EFD1002271
S21401BA4002920122013FFFB2009201972A4608F1B5
S21401BA50F80002F0B7FE1EB14FF48012074B5A658C
S21401BA60074BA2681A60022394E703480266A9F806
S21401BA700030AEE71D60002000C001B800D001B85C
S21401BA80105200203269002010B50446D0F8182163
S21401BA900B4B4FF40061C3F8A82090F82420D20184
S21401BAA002F4006205F0D2FA94F8243013F0100F75
S21401BAB04FF4007314BF034A034A136710BD00BF57
S21401BAC0001E00B0001002B8002002B8431C07D0C8
S21401BAD06FF0FF02034B10401A62A3F58053186201
S21401BAE0704700BF00E000B8F8B504460F4616469A
S21401BAF01DF09BFC0546A047044620B128461DF0D4
S21401BB008FFC2046F8BD04F07FFC04220549D1F8DD
S21401BB10D83E23EA07033343C1F8D83E024B1A67DF
S21401BB20ECE700BF001000B0002002B800F01803D8
S21401BB30182B0AD003070AD440F2011310F01000A4
S21401BB4018BF1846034B186570470020FAE7012016
S21401BB50F8E700BF001F00B0044B1868830654BF07
S21401BB60C0F30F204FF6FF70704700BFF852002059
S21401BB7038B10368044A002B08BF1346034A136012
S21401BB807047014BFAE700BFBF4A0300B8660020C2
S21401BB9010B4D0E9544122400B4052EA030104D0CC
S21401BBA003495DF8044B096808475DF8044B704784
S21401BBB0B86600200F2938B505460C460ED801F0A8
S21401BBC04FFA01280CD1074A2846D36B23F00F03FE
S21401BBD02343D36319F07DF9002038BD2120FCE70B
S21401BBE00220FAE7001F00B0014B186C704700BF37
S21401BBF0001F00B0014B002019647047001F00B001
S21401BC0003282DE9F347884655D82C4B13F80090A6
S21401BC102B4B1E5C2B4B13F800A01DF006FC0746B1
S21401BC2004F03EFB054640B100230022CDE9003377
S21401BC3001200023002104F079F904F039FB48B112
S21401BC4000230022CDE90033002000234FF40041F9
S21401BC5004F06CF96EB31C4BDC6C04F008041B4B4F
S21401BC603146DC64484604F02DFC524631464846CF
S21401BC7004F092FC164BDC646DB1164B1868D0F8D4
S21401BC809410F83003F06EFA13490868FFF71EFFA8
S21401BC904FF0FF330B60B8F1000F04D00F4B0021BB
S21401BCA003205B689847384602B0BDE8F0471DF0B0
S21401BCB0B7BB3446D3E702B0BDE8F08704610400A1
S21401BCC000610400FC600400004000B8006000B899
S21401BCD0005000B81C530020B4660020AC6600205B
S21401BCE00F4A136F13F0A00F15D1506F10F0040018
S21401BCF013D10C4BD3F8D83E23F07F4323F0FF0338
S21401BD005BB1D368C3F30362092A07D0B2F10C0012
S21401BD1018BF01207047002070470120704700BF00
S21401BD20000002B8001000B070B50D46064620B9F6
S21401BD301A4B1B68A3B10E2011E001F091F90128FE
S21401BD4029D1174B93F90040C4F11C04641BC4F1BC
S21401BD501C03002BB8BF5B42232B0CDD212070BDDA
S21401BD6081EAE173A3EBE173DBB2232BF6D80C4B2C
S21401BD7019700020F3E786F828501DF056FB094A93
S21401BD80E402D36904F4FF2423F4FF231C43D461A3
S21401BD901DF046FBEDE70220E1E700BF1C53002043
S21401BDA01E60002000C000B818B9034B93F90000CC
S21401BDB0704790F9280070471E60002010B50446B1
S21401BDC019F043F810B1012001F0D4F92046FFF72D
S21401BDD05BFE1DF02AFB0A4A0121D2F8A030044678
S21401BDE023F02003C2F8A0300222064B08469A60D0
S21401BDF0054B5B68984720461DF012FB002010BDDE
S21401BE00001E00B0001002B8AC660020064B5A6A4D
S21401BE10920207D4D3F8803013F4706F14BF012058
S21401BE200020704701207047004001B8F8B50E4663
S21401BE30D0F8943002EA010423EA01032343C0F850
S21401BE409430464A01F00B0323EA0401D1642340EF
S21401BE50A2F58052D3647207054610D50121FFF77B
S21401BE60D5FF60B104F0D0FA4FF4007314F0040F5C
S21401BE7014BF3B4A3B4A536204223B4B1A67F30604
S21401BE8006D514F0100F14BF00221B22374B5A653B
S21401BE9037061DD5200616D54FF40012304B1A6210
S21401BEA0012203F58053C3F800211DF0BEFA0E21CE
S21401BEB00746032003F09EF840F201222B4B38463A
S21401BEC0DA621DF0ADFA214605F1F80003F04AF9F1
S21401BED0F10503D5E2052AD503F05CF8B30503D5D1
S21401BEE0A70527D503F062F816F48C6F1DD014F45D
S21401BEF0806224D095F82530DC070CD5EA8DB5F89C
S21401BF002A31934219D0B5F82C31981A434243414D
S21401BF10174A82F8C430D5F8E410284618F0D0FD48
S21401BF208022144BD864144B1A610020F8BD03F02C
S21401BF302BF8D3E703F034F8D6E70123E8E77105D9
S21401BF40E9D595F82530DB07E5D5094B114683F889
S21401BF50C4200A4B28461B689847DCE7006000B8F7
S21401BF60005001B8006001B8002002B8004000B8D7
S21401BF70001E00B0001F00B0000002B830520020C2
S21401BF80014B1868704700BF1C52002037B51DF0E2
S21401BF904CFA002401230022CDE900340023054693
S21401BFA01946104603F0C2FF022002F0E7FA064BDC
S21401BFB021461C60054B02205B68984728461DF009
S21401BFC02FFA204603B030BD24520020AC66002074
S21401BFD02DE9FF4102290D4616469846039004D1E5
S21401BFE0FFF7D4FF04B0BDE8F0811DF01EFA1E4F26
S21401BFF004463B683BB1B34205D01DF011FA00235D
S21401C00021203B60EEE7194B0022C3F800803E601A
S21401C010002301264FF0000810461946CDE90066B8
S21401C02003F084FF124B022083F8008002F0A6FA88
S21401C03043462A46022003A902F0BEFA0D4B039A94
S21401C0401A6008B92046D8E70B4D2B689847212877
S21401C05004D020461DF0E4F90020C3E731466B68A2
S21401C06002209847F5E700BF245200202052002006
S21401C070206000201C520020AC660020044B5B6E42
S21401C0805B054EBF0120034B187800F00100704796
S21401C09000C001B8206000200A78022A11D0101FC3
S21401C0A04242424152004B781201022B0BD0191F1B
S21401C0B04B424B415B000549054842EA8312FFF7B4
S21401C0C013BD0122EFE70123F5E700BFF0FFFF00F4
S21401C0D0A9D001000B78022B10D0181F4342434110
S21401C0E05B004A78022A0BD0111F4A424A4152008D
S21401C0F00F21044843EA8202FFF7F6BC0123F0E76A
S21401C1000122F5E7D5D001002DE9F8430E78044663
S21401C110042E0D4690F830810BD100275FFA87F97F
S21401C120484601F07DFD08B14E4602E00137042F76
S21401C130F4D1304601F074FD002849D094F830312E
S21401C140B34209D1AA88D4F8A8309A4204D16A88A1
S21401C150B4F832319A4238D084F83061AB88304630
S21401C160A4F834316B88A4F83231AB8804F598759D
S21401C170C4F8A830FF2384F82B3018F05BFF84F84E
S21401C1802A00284601F078FC18BB284601F03EFD3F
S21401C190F8B9D4F8E03053B194F83011414506D0DF
S21401C1A02046B3F91220EDF79FFE84F839012046A8
S21401C1B001F09AFE0949A4F834010123084AD1F88E
S21401C1C0FC1004F1F80003F0AFFC0020BDE8F88392
S21401C1D021200C2384F83031F8E700BF001F00B09F
S21401C1E0581F00B0F8B5054690F830010C460C28EB
S21401C1F0164623D0FF2923D01AB14FF0FF32114B38
S21401C2001A6018F017FF074695F8300101F068FD2F
S21401C210844228BF0446E4B2BC4238BF3C46E0B282
S21401C22085F82B0001F002FEFF280CBF2124002414
S21401C23016B9284601F068FD2046F8BD0224FBE742
S21401C2402124F9E7BC66002010B590F83031044689
S21401C2500C2B43D0D0F8E03080F82A10D3B3D0F8B6
S21401C260F020CAB990F839318B421BD30022204600
S21401C270FFF7B8FF40BB1A4B1B78022B23D820468A
S21401C28001F032FE17490123174AD1F8FC1004F1D8
S21401C290F80003F049FC16E0B0F94220B3F9123079
S21401C2A09A42E3DD0022204694F83911FFF79AFFFF
S21401C2B050B9C4F8E000204618F005FB4FF6FF73AE
S21401C2C09842014601D1002010BD2046BDE810402D
S21401C2D0FFF7C2B8FF2380F82B30F4E70220F3E71C
S21401C2E036690020001F00B0581F00B0F0B51D468B
S21401C2F0144B04461B780F46164685B05BB1D0F842
S21401C300E030E3B102AAB3F912300092002213F032
S21401C31099FF05B0F0BD02A918F05BFB9DF8081067
S21401C3203A462046EDF7E0FD014626B92A46204664
S21401C330FFF758FFEDE72046FFF786FFE9E71846C7
S21401C340E7E700BF52380400D0F89C30012B01D13A
S21401C3500020704770B5044665498CB018F09FFE02
S21401C360D4F8E0600146E58DC4F8E40026B13368F0
S21401C37013B15B68002B71D11DF057F81DF050F812
S21401C3800123D4F8E4108DF80630B389D6E90120EC
S21401C390EB1A9BB200FB03225648ADF80430036843
S21401C3A000928B4207D0204618F08AFB8022524921
S21401C3B0524BC8641A61514D00F052FE0128FBD160
S21401C3C0AB689E06F8D420469DF80620009906AB79
S21401C3D003F0E6F800283ED100F042FE0128FBD12A
S21401C3E0464A136FD801FCD493689906F9D4684677
S21401C3F006A903F08DFA054668BBE28D404B5A64E8
S21401C40094F8243060F3410384F8243000F0EEFF02
S21401C410D4F8E0305969431E0E68DBB2FD2B029654
S21401C42022D9F31C34D84B68FF2803935ED101262A
S21401C430DA1C25D8024602A9204618F059FDE6B9AD
S21401C440D4F8543199053FD494F8243043F00203CC
S21401C45084F8243011E002200CB070BD1A68032A5B
S21401C4608AD99B6A5B0E8EE74B6801280393DED060
S21401C4700246204602A918F03BFD00200CB070BD14
S21401C4800133204B5B6816D0DA1C23D80393D1E71F
S21401C4901C4B01361B6818BF0126DD1C06D802930B
S21401C4A04B68FF280393C3D00020C3E7FF284B68DF
S21401C4B019D00393C3E7DD1C0FD80246204602A914
S21401C4C0039318F015FDBBE720464FF4803118F0B2
S21401C4D097FED2E7FF28B2D1E6E7FF28B0D10022C7
S21401C4E0204602A9EDE701200393A1E72A46C0E70B
S21401C4F0FC1F00B00C520020001F00B0000002B864
S21401C500008001B8C466002010B50C4619B118F0B9
S21401C5109CFC00B10434204602F0B8FA024B4042BB
S21401C520C3F8C80E002010BD001000B0838E70B591
S21401C53093420C4615461CD3836C8B4208BF0024DD
S21401C5401CF073FF4FF49C530B490646CA68C2F3AE
S21401C5500362D340DA0702D50B6F9B0304D4012292
S21401C5602946204601F016F830461CF059FF0020F7
S21401C57070BD2120FCE700BF000002B82DE9F84F8E
S21401C580064615460B4611B92120BDE8F88F002A4C
S21401C590FAD0032905D8002201F05EF903460028E7
S21401C5A0F2D01C889978B4F5804F01F0070080F02E
S21401C5B0C580A0F1070C1A7993F805A0DF88DCF195
S21401C5C0000343EB0C0305282B7394BF0023C1F330
S21401C5D00013C1F3801C6B738B0985F810C003F040
S21401C5E00203C1F3C00C43EA0C03C1F340116B74A0
S21401C5F0A974AF82002A40F0828096F81E31013B72
S21401C600DBB2EB74D6F89430DF0600F1838006388F
S21401C61001287FD8B6F81280F76908F1FF38484B31
S21401C620083C04EA08045B6D3B5D0134802B0EBFB9
S21401C6306FF07F03323B5BB2AB730023AB6096F8BF
S21401C640279004EA0804B9F1000F61D1631D03EADB
S21401C65008035A1C02EA0802BA5CFB5C43EA02239E
S21401C660D9040FFA83FB4CD5D6F8E43013B11B6816
S21401C670022B05D841F24D724C210020FEF74EFFE9
S21401C680D6F8E420CBF30B0392F82420DB000AB1A2
S21401C690B3FBF2F39A4508D83BB1CAEB0A2ABAFBB8
S21401C6A0F3FA6FEA0A0A5FFA8AF9D6F8EC3023B190
S21401C6B0484695F90E1098478146631C85F80F90F9
S21401C6C003EA0803F95C013303EA0803FA5C013361
S21401C6D003EA080341EA0221FA5C013303EA08038C
S21401C6E0F85C41EA0241002341EA00616A7C304677
S21401C6F003F0D8FA06232860AB71002045E7531EE5
S21401C7007EE717F804904FEA49095FFA89F9CCE702
S21401C7109946D2E700230020EB730A4B5A69C2F30D
S21401C7200723120448BF63F0FF035AB212F1800FC9
S21401C7301CBF323B5AB2AA730346DCE7022024E749
S21401C740004000B800C000B838B5148811F00305E1
S21401C7504FEAC40422D13F2C20D9B4FA84F4C4F1A0
S21401C7601903DBB2052B01D8192C15D0052B28BFD0
S21401C770052301240633DBB29C40C4F3CF031380A8
S21401C78003828161448700F02DFF054A631E23431F
S21401C790C2F8A430284638BD2B46EAE72125F9E73A
S21401C7A0001E00B011F5004F1FBF01F30E01044B30
S21401C7B0C1F30E01002014BF99642120704700BF09
S21401C7C0008001B8F8B504460E4619B990F8243031
S21401C7D05A063FD44FF6FF73618ED4F8E47099423F
S21401C7E004D0314B1B680BB1204698472F4D2B6860
S21401C7F0BB424DD02E4B1B683BB11FB13A68002A95
S21401C80048D0BF683946204698470727204601F09A
S21401C8106BFB002E32D006270126264B94F92820E2
S21401C82093F900302449C3F11C039B1ACA69DB0241
S21401C83022F4FF2203F4FF231343CB61D4F8E43040
S21401C8401E4A2B601E4B976720461E7018F041FB50
S21401C8500020F8BD4FF6FF71144DD0F8E4702A6839
S21401C86066F386139742418680F8243017D0104B22
S21401C8701B68002BC1D101F037FB072711493B4646
S21401C880114AD1F8FC1004F1F80003F04DF9C2E7A3
S21401C8900127BBE71746204639469847B5E701F01A
S21401C8A023FB0127EAE700BF185200200C520020A4
S21401C8B0145200201E60002000C000B8006000B8BE
S21401C8C01F600020001F00B0581F00B0054A126804
S21401C8D01AB190F81E1119B91047084602F0AABB02
S21401C8E0014870470852002000FEFFFF344B2DE937
S21401C8F0F7431C6801F4007900F00103174653EA78
S21401C900090206460D4635D04FF000083BB300231A
S21401C910002200210120CDE9008803F007FB042056
S21401C92001F02CFE41462046FFF7D0FF012241468A
S21401C9302086104617F079FFD4F8941004F1F80019
S21401C94002F010FC1F490868FFF7C0F84FF0FF33EC
S21401C9500B6094F8243043F0040384F82430B9F1D2
S21401C960000F07D00121204618F04AFC25F4007577
S21401C97006430D432B4632462046FFF709F9FB07CF
S21401C9800FD51149114A0868002113681160012169
S21401C9900F4A117003B198470E4B002102205B68C5
S21401C9A0984717F00E0F08D04FF409723B2100206C
S21401C9B003B0BDE8F043FEF7B1BD03B0BDE8F083B8
S21401C9C01C530020B4660020205200202452002070
S21401C9D020600020AC66002008B5482200210248ED
S21401C9E0FDF72CFF002008BDDC1E00B073B57821D2
S21401C9F06422A0F8141182210C23C0E94112C0E977
S21401CA004322C0F8002107224FF0FF35002680F8A8
S21401CA1030314FF6FF730446C28700F14C02826440
S21401CA201E4AC385A0F8403080F82C304386426306
S21401CA30038780F82860C0F8A850458580F82650FE
S21401CA4003F03EFC2046FFF7C7FF94F92810204666
S21401CA50FFF76AF9602340F6FF71114A2046D36456
S21401CA6002F11C42D162D1650E4A2946D3644022A6
S21401CA700D4B1A67D4F89420FFF7D8F90E2300223D
S21401CA80CDE9003340F202231046194603F04EFA70
S21401CA9001F0E2F8304602B070BD00BF4000FFFF73
S21401CAA0004000B8005000B8002002B810B50C468F
S21401CAB0FFF792FFBCB1A378082B16D8E278082AB4
S21401CAC013D843EA021313F0FF030CBF194661683B
S21401CAD0074AC2F8DC10217882F82011617882F8C2
S21401CAE0233182F82111002010BD2120FCE700BF70
S21401CAF0001E00B0012A10B512D8032B10D803EB84
S21401CB0082020123074C934094F82201DBB221B143
S21401CB100343002084F8223110BD20EA0303F8E71E
S21401CB202120F9E7001E00B0034670B50C68B0F886
S21401CB303421013408BFD3F800418D6808BF0C606A
S21401CB404C68F830013404BFD3F80C414C606E1CBD
S21401CB503CD1D3F80841CE688C60751C3CD1D3F823
S21401CB6004510E69CD60013604BFD3F8F8600E613A
S21401CB704E69013604BFD3F8FC604E618E690136FA
S21401CB8004BFD3F810618E618E695EB35A32B24229
S21401CB9038BF32460E688A6116B15A2E38BF5A26F9
S21401CBA0C3F808414C68C3E94065C3E943420A69D2
S21401CBB0C3F8F8204A690C49C3F8FC20D1F8FC10E8
S21401CBC007230A4A02F0B0FF002070BD02F15A04A2
S21401CBD0AC4238BF2C46BEE702F17805B54238BFF5
S21401CBE03546BEE76422D5E7001F00B0581F00B0E7
S21401CBF070B51CF01AFC04460B4E00F031FA012801
S21401CC0005D020461CF00CFC0225284670BDF368B2
S21401CC1013F0706FC3F30365EFD1B36ADB06ECD58F
S21401CC2020461CF0FDFBF0E7000002B838B51CF00A
S21401CC30FCFB4FF6FF710A4A13888B4203D11CF0A6
S21401CC40EFFB0E2038BD074C074D1B046566A4F5A7
S21401CC508054636611801CF0E3FB0020F2E700BFFE
S21401CC6034690020006001B80000FFFF2DE9F7439A
S21401CC7004460F4615461E46FFF732F830B3A38A20
S21401CC8023B3204617F0E7FE78B9002E40F0F28075
S21401CC90794BD3F8D83E03F03002102A00F0EA8030
S21401CCA003F0C003402B00F0E580DFF80082D8F8DF
S21401CCB01430D90740F1DE801CF0B7FB064603208E
S21401CCC001F058FD30B130461CF0AAFB022003B03B
S21401CCD0BDE8F083D8F8142012F00608F3D13046E8
S21401CCE01CF09EFB644B4FF400612046D3F8D89E9F
S21401CCF0D3F8AC6E04F0BEF940B14FF400720121D6
S21401CD005E4B08461A67424617F08FFD94F82530A9
S21401CD10DA0707D5D4F894305B0542BF4FF40022FA
S21401CD20574B1A6739462046FEF796FB524BC3F817
S21401CD30D89EC3F8AC6E0028C9D194F82430980662
S21401CD4001D4002D57D0C5F3400003F023FB022386
S21401CD5015F4807F1BBF0021494A484A136717BF55
S21401CD60484A13675161136303F04EFB4FF4806327
S21401CD7015F0040F14BF444A444A15F0400F53629D
S21401CD804FF004023D4B28461A674FF0400314BF8C
S21401CD903F4A404AC2F88830FEF7C8FE204617F0E0
S21401CDA084FF38B14FF4807315F0010F14BF344A75
S21401CDB0324A1367A90647D54FF6FF72B4F84030DA
S21401CDC093420FD0344A3549526E100CC2F3011209
S21401CDD00132B3FBF2F308802B4A2C4930481B047E
S21401CDE048665366003D18BF012594F8243065F364
S21401CDF0451384F82430204618F027F8F0B1204671
S21401CE0017F053FFD0B14FF40031204604F032F949
S21401CE10431C03229BB2234801A918F0CEF89DF8C3
S21401CE20042002F00703052B9DF8053015D11207E3
S21401CE300DD443F480731C4AC2F8B830002003B006
S21401CE40BDE8F04318F0C6B8FFF7F0FECAE713F0E6
S21401CE50040F09D19DF80630EBE703F03002202AD3
S21401CE6005D113F0010FF4E74FF48073E3E79DF863
S21401CE700630E0E70E202AE7001000B0002002B8D6
S21401CE80001002B800400054005001B8006001B81C
S21401CE9000D000B800E000B8004001B834690020B6
S21401CEA00000FFFF08400054001E00B000C001B89B
S21401CEB02DE9F3410646884615461F461CF0B5FA8D
S21401CEC00446032001F056FC38B120461CF0A8FAAF
S21401CED00E24204602B0BDE8F081042001F04AFC91
S21401CEE00028F2D120461CF09BFA01232A4641462F
S21401CEF03046FFF7BBFE04460028EAD1DFF8C880BB
S21401CF005FB388F8000039463046FEF735FD002845
S21401CF104CD198F80030012B1CD02022244B1A67E4
S21401CF20244BDB6CB3F5817F1FD2012018F093F8F8
S21401CF301CF07BFA204B06461B680193CBB901F027
S21401CF4093FC15F0800526D101F0E0FC284603F09D
S21401CF50F5F925E003F008FABBE798F80030012B55
S21401CF60F8D0002BD9D12124B3E78022134B1A61C4
S21401CF70DBE7042001F002FB00230122042001A9C3
S21401CF8001F01AFB0028DAD103F056FA21243046C4
S21401CF901CF046FA9DE70022094B9A6701F0B6FCA1
S21401CFA0084B01215B6800209847F0E7044690E7AC
S21401CFB0001002B8001F00B010520020000002B896
S21401CFC000C001B8AC6600201D60002008B50C4BFF
S21401CFD0D3F84C114B1C12D011F080410FD1094BE4
S21401CFE01B6813B10320FEF70BFE4FF080624FF46F
S21401CFF00071054BDA67054AD16201225A6108BD04
S21401D0000080E00F1C530020001002B8004000B85A
S21401D0104FF40022034B186F03F500531A67C0F351
S21401D020C0407047000002B8024B586900F001008A
S21401D030704700BF00C001B8084B5A69D10707D531
S21401D04008B901F077BA5B69DA0706D401F064BA69
S21401D0505B69DB0701D40028F8D1704700C001B82E
S21401D0600F4BDB68C3F30363013B0B2B0FD8DFE8E1
S21401D07003F006060C06060606080A08080802203B
S21401D0807047042070470520704703207047054B02
S21401D0905B6913F0060F0CBF01200420704700BF28
S21401D0A0000002B800C001B8094AD368C3F303639D
S21401D0B00B2B08D06FF49050184100F0010080F05F
S21401D0C0010040007047106F10F48030EDD17047BA
S21401D0D0000002B80C4AD368C3F30363062B07D8D3
S21401D0E0042BD8B20BD8C31E584258414000704793
S21401D0F0072B06D1D2F830010028ECD17047022068
S21401D10070470020704700BF000002B8094BDB687B
S21401D110C3F303639A1E012A8CBF00220122012B4E
S21401D12002701EBF4FF4026222FA03F303F00103FA
S21401D1300B707047000002B8094AD368C3F3036353
S21401D140032B01D0072B08D1536FDB0605D4906F54
S21401D15080F00800C0F3C00070470020704700BF91
S21401D160000002B8024B0022196817F04FBE00BF3C
S21401D17068610400024B1B6803B11847704700BF83
S21401D1803C520020024B1B6803B11847704700BF92
S21401D1903852002010B5FF224FF6FF71044617F0F3
S21401D1A057FE68B9FF224FF6FF71204617F061FE61
S21401D1B030B92046BDE81040FF22024917F06BBE89
S21401D1C010BD00BF0C6104002DE9F0411C46184B50
S21401D1D005461E680F46904646B1306801F01CFEB3
S21401D1E0F3681BB1B368186801F016FE114B1B6893
S21401D1F02BB1DA681AB19B68186801F00DFE9DF82C
S21401D2001830640744EA08425B0503F0BC6342EA4F
S21401D210C7621A432846084942F4C87203F016FF4B
S21401D220002228461146FFF781F90020BDE8F0816B
S21401D23064610400686104009007E12D08B5FFF7FA
S21401D2407BFF88B1094BDA6912030DD5186F10F40C
S21401D250003009D19B6F13F0100F4FF010030CBF75
S21401D260034A044A936708BD0220FCE7000002B89F
S21401D270001002B8002002B838B50446F8B1124AC8
S21401D280D3691B031DD5556F104BC5F38115032DAF
S21401D290B3F8B4300DD10822083B9BB221460C48A6
S21401D2A017F08BFE0020084B25729B6F1B0A6372DA
S21401D2B038BD022D05D1023B2A469BB2EEE721205E
S21401D2C0F6E70220F4E700BF000002B8001E00B037
S21401D2D038400054431EDBB2FD2B14D9FF280B68DF
S21401D2E001D14A68134313F0802F1EBF42F2010298
S21401D2F0074BC3F8282251F82020054BC3F85022CB
S21401D300C3F8542270470128F5D10023E9E700BF8E
S21401D310004001B8F0B585B06D460E460F4B074686
S21401D32014460FCB85E80F000D4BD3F8480200904A
S21401D330D3F84C2201923EB1631EDBB2FD2B0AD913
S21401D3403060FF2C00D1726022462946384617F01D
S21401D350CFFD05B0F0BD012CF4E700BF1461040059
S21401D3600080E00FF0B585B06E460D4B07460D46C2
S21401D3700FCB86E80F0000F039F831460446024626
S21401D380384617F02EFF4DB140B9FF2C1BBF04AB3A
S21401D39003EB8404009B54F8103C2B6005B0F0BDF1
S21401D3A01461040030B50C4B0546187085B008238F
S21401D3B080B90A4AC2F8FC3351B96C46084B0FCB08
S21401D3C084E80F00074B2A4621461868FFF7A2FF9C
S21401D3D005B030BD044AEDE7AA690020001002B886
S21401D3E0246104001C530020002002B8014B187869
S21401D3F0704700BFAA690020124BD3F8E020D20381
S21401D4001ED54FF480321049C1F8E020A1F58051B5
S21401D410C1F8EC201A6CD1B2C2F30722C3F880100F
S21401D420C3F880200422C3F880200022C3F880209D
S21401D430C3F88020C3F88020C3F88020C3F880207A
S21401D440704700BF0040005400600054F0220A4BB1
S21401D45001219A64A022A3F580539A64074B826C3B
S21401D460C3F8C010FC21C3F89810C3F89C204FF4F1
S21401D4700052C3F8BC207047006000B8004000545A
S21401D480F8B50D46174606461BF0CFFF01230421CB
S21401D490084C094A2363A760E6602561C2F8E010DC
S21401D4A0064AC2F884311BF0BBFF0DB10223236389
S21401D4B0F8BD00BF004000540060005400E100E0E9
S21401D4C00222024B58611A63704700BF00400054A5
S21401D4D00122044B1A6640F6FF729963D863DA6537
S21401D4E0704700BF004000542DE9F04F042A05465E
S21401D4F00B4683B039D901260978141F81615A7801
S21401D50003F1040982619A788261DB78836103689A
S21401D510D0F808B003F0070306339E4006F1FF3A41
S21401D5200AEA0B084768A6EB0802944247F0005740
S21401D5300ED84946224607EB0800FDF70FFB46EAE0
S21401D5400A0604EB0B023240AA6003B0BDE8F08F76
S21401D550494607EB08000192FDF700FB019A3846A1
S21401D56009EB0201A21B4244E7E7013A032AECD881
S21401D570DFE802F00B08050213F8012B826113F8AD
S21401D580012BAA6113F8012BAA611B78AB6103B0CA
S21401D590BDE8F08F38B50C46154601460F4B60B115
S21401D5A001220F48C3F8C0202246FFF79DFF1DB198
S21401D5B004220A4BC3F8C02038BD64B1D3F8A420B6
S21401D5C0A24284BF0122C3F8C0200222C3F8A040B1
S21401D5D0C3F8C020EBE70122FAE700BF0040005481
S21401D5E09840005438B504461BF01FFF01211A4A23
S21401D5F0638F054611663BB3B3FA83F3C3F1190390
S21401D600DBB2A069C2F8901093660723D066C2F811
S21401D6108C304FF4A02302F50052C2F8E030A2F598
S21401D6208052C2F8EC3000220C4B1A600C4B1B6F78
S21401D6305B0209D54FF480020A4B04F1F8001A6721
S21401D640D4F8941001F08EFD4FF4E0232846E363EE
S21401D650BDE838401BF0E4BE0040005440520020B4
S21401D660000002B8002002B82DE9F84305460C4632
S21401D670B1B1D0F81880478F1BF0D7FEB5F83CC083
S21401D680791E01EA0C0323F00702032C0646DFF895
S21401D690F8E042445CD1DEF8004024B91BF0C0FE3D
S21401D6A00E20BDE8F88324F00104DEF8000020F027
S21401D6B00100A04251D10023CEF8003023889442C5
S21401D6C06FEA43436FEA534323803CD1EB8F08EB69
S21401D6D007091846083880B202F108044C4528BFED
S21401D6E04446082804D9B4F800E0BEF5804F3ED27F
S21401D6F063440F431B1A3B409BB2AB87E8871188F4
S21401D70094781C4AC1F30C0151645367C2F88C002B
S21401D7104FF48022184B04F00704C3F8E0200122DE
S21401D720164BC3F88421FFF767FE042C0BD14FF488
S21401D7308002134B05F1F8001B6F124B1A67D5F8E0
S21401D740941001F00FFD30461BF06AFE0020A8E79A
S21401D750601E012898BF1446A7E7E88F4344E31AE2
S21401D76048BFDB1908389842A8DC304696E72246BF
S21401D770B0E700BF004000540060005400E100E044
S21401D780000002B8002002B840520020144B10B529
S21401D7901968CA8F8B8F488F13440138073B8C69F1
S21401D7A0034023F007031C4402F108030D4A9BB211
S21401D7B0CB87C2F88C304FF480220B4BC3F8E020A5
S21401D7C001220A4BC3F88421A07800F00700042840
S21401D7D003D1074AD3681B03FCD4064B1C6010BD5B
S21401D7E01C530020004000540060005400E100E09B
S21401D7F0000002B84052002010B5064C216839B12D
S21401D800CB0703D4044B1868FFF72EFF00232360D1
S21401D81010BD00BF405200201C5300204FF4803240
S21401D8200B4B0C49C3F8EC20A3F50053C1F8E020DC
S21401D830D3F888109A6E012302F00702063293404D
S21401D840C1F30C01083B994201D8FFF7D5BD7047DB
S21401D85000600054005000542DE9F04780460C4605
S21401D86016468769458F1BF0E0FDB8F83C2005F1A8
S21401D870FF3C02EA0C0323F00701032C82463944DD
S21401D880B8F83E0019D1494C24689CB90244073ABD
S21401D89002EA0C0222F00702BC183B44E31A48BF16
S21401D8A05B19834210DB50461BF0BAFD002420466C
S21401D8B0BDE8F08724F00104EFE7012C02D0022C2A
S21401D8C0EBD108380C46E8E7002E3DD08C423FD11C
S21401D8D0374AD2F844903649B8F81270D1F8882001
S21401D8E0C2F30C02934247DA2588B5F5804FDAD2A7
S21401D8F0A378C5F30C0503F007037A1EA5EB09050B
S21401D9003A43052B337005EA02052DD82DB2E843BC
S21401D91040F241420421C00FFDF700FE7580E37816
S21401D9203374D8F81C207B1E03EA0903D118B160B2
S21401D930A9B213FA85F5AF422FBF0023FF1AB780AD
S21401D940F26024BFB180F36050461BF069FDAEE77C
S21401D950A4F10802974284BFED0802EBC502B2F8B3
S21401D9600090C9F30C09B6E7124B5B6D003B18BF7C
S21401D9700123A5EBC305C9E70B6C7A1EA3EB0903CC
S21401D9803A431A400C4915B2002DCB680BDCC3F3A1
S21401D9900363D81E43424341DB0033708B6F7280B2
S21401D9A01B0A3374BDE70823F7E700BF4052002087
S21401D9B000400054004000B8000002B8054BA82201
S21401D9C0D3F84C013121431C0CBF0120C0F38070F9
S21401D9D0FDF7A4BD0080E00F38B5094D0446286860
S21401D9E040F69702003818BF01202B21FDF796FD5F
S21401D9F0FA235C432B680A20B4FBF3F4604338BD7A
S21401DA0074520020174B30B51A68431C164B22D0AF
S21401DA10B2F1407F1FD3154D00F03F04D5F8002129
S21401DA2022F03F021443C3F8C84001F03F042243EA
S21401DA30C3F8D020D5F804310D4A1A400D4B03EA3D
S21401DA40500003EA510110431143074BC3F8CC00C1
S21401DA50C3F8D41030BD00200146C3F8C800C3F88F
S21401DA60D000F2E70080E00F001F00B0000002B80F
S21401DA701FF087E1E0FFFF7F73B5574E044631780C
S21401DA8019B91C225548FCF7D9FE2378544A6188F7
S21401DA90137051804FF0FC62524CFF21C4F8FC20F9
S21401DAA04FF47F02C4F808214F4A022B4F4D1170E4
S21401DAB033D1042307224E49C4F8FC23C5F8FC33AE
S21401DAC0C4F800114FF4C071C5F80011C4F8FC2366
S21401DAD04FF48052C5F8FC33C5F870214FF400525C
S21401DAE0C4F87021C4F808314FF4FF13C4F8FC30B1
S21401DAF04FF4BB13C5F8FC308023C4F8703148F2EC
S21401DB00C8023C4BC3F8D8203B4B3C4A0020C3F824
S21401DB10C02F0123337002B070BD394A012BC4F8FF
S21401DB200021384B27D14FF4C072C5F80021D3F835
S21401DB303802D3F83C12FFF765FF0723C4F8FC331D
S21401DB400223C5F8FC334FF48053C5F870314FF407
S21401DB500053C4F870310423C4F808310DEB0300F8
S21401DB60ECF7FAF89DF80530023B012B9CBF8023A9
S21401DB70C5F87031C3E7244AC5F80021D3F830024E
S21401DB80D3F83412FFF73EFF0723C4F8FC33012312
S21401DB90C5F8FC338023C4F870314FF4805301A8D4
S21401DBA0C4F87031ECF7D8F89DF80530012B05D193
S21401DBB09DF8043053B948F25D1309E0FBD9023BE6
S21401DBC0012B9CBF4FF40053C5F8703148F258132F
S21401DBD0084AC2F8D83097E721600020C41F00B079
S21401DBE036690020002002B8AE690020001002B895
S21401DBF0C0F10F00001F00B0001000B04852002016
S21401DC00C0F70F000080E00FC0F60F00034B1A6844
S21401DC1002609B8883800020704700BF3669002021
S21401DC2010B5044601F026F80A4BD3F8F83724B9A4
S21401DC3083F40023C3F3C04010BD012C05D113F4B7
S21401DC40C02F0CBF01200020F6E7A31E5842584102
S21401DC50F2E700BF000002B86FF07F42154BD3F821
S21401DC60FC37934208D0144A03F03F031370F123A4
S21401DC70124A1370124A13701249134B09781A6824
S21401DC80A9B1B2F1A06F12D3D3F850120F4A104BBC
S21401DC90B1F1FF3F18BF13460E4A136041F66A0200
S21401DCA00D4B1B68B3FBF2F30C4A13607047084B2D
S21401DCB0F2E700BF000002B8AF690020B06900209B
S21401DCC0B1690020AD6900200080E00F5082E00FAE
S21401DCD048610400445200209052002074520020F3
S21401DCE0012807D0022802D030B100207047034B2C
S21401DCF018787047024BFBE7024BF9E7AF69002043
S21401DD00B0690020B16900200023F0B590F83041D9
S21401DD1085B002462046CDE90133CDF80B30FFF73A
S21401DD20DFFF92F82B30411EC9B28B4228BF0B464B
S21401DD30002C3CD0012C38D1042418464FF00F0C8F
S21401DD40384E0DEB0405B0FBFCF7F75D013CC01B3C
S21401DD50C0B2814238BF00206055002CF3D10524A3
S21401DD600F278DF80830B3FBF7F0305C0344DBB2C5
S21401DD708B4228BF0B462B5501340B2CF3D10F26B3
S21401DD8002F1A800D43215F8013BB3FBF6F14C1CA6
S21401DD90C1EB01115B1A0133DBB2E4B21B0443EAA7
S21401DDA0045340F8043F8242EDD105B0F0BD04248F
S21401DDB018464FF00F0C1C4F0DEB0406B0FBFCF59C
S21401DDC0EDB27D5D013C401BC0B2814238BF0020F0
S21401DDD0A055002CF2D105240F258DF80830B3FB91
S21401DDE0F5F0385C0344DBB28B4228BF0B46335553
S21401DDF001340B2CF3D10F2502F1A804D43216F806
S21401DE00013BB3FBF5F1481CC1EB01115B1A013371
S21401DE10DBB2C0B21B0443EA005344F8043FA242FB
S21401DE20EDD1C2E7416104003461040038B5284BE6
S21401DE3005461A7827490C2A02D1FF20087038BDFA
S21401DE40104617F0F7F804461046FFF749FFA842B8
S21401DE5028BF2846C0B2A04238BF20460B78C0B2C1
S21401DE608342ECD0087088B1431EDBB2022A1A49FD
S21401DE700ED14FF0FC62C1F8FC20A1F50051D1F89B
S21401DE80FC2042EA4353C1F8FC30D8E70346EDE7ED
S21401DE90124A134C1268AC32C4F8C02F4FF47F02FA
S21401DEA0C1F808210F49CA6FD202C8D40F22B3FBAA
S21401DEB0F2F2551CC2EB02129B1A0133D1F808414B
S21401DEC01B0443EA05532343C1F80831B7E700BFF3
S21401DED036690020AE690020002002B81C530020DD
S21401DEE0001000B0000002B82DE9F04F90F8305154
S21401DEF00646D0F8A82087B035BB1F2A38BF1F2298
S21401DF00093A4C24844B85481B6A96F82B10C3F3B8
S21401DF108213DC400368DFF82CA29342DFF82882E4
S21401DF207F4B04F0010414D11F78A74211D19AF84F
S21401DF300070AF420DD17B4F3F788F4209D1B8F8C0
S21401DF40040007B0BDE8F08F032A38BF0322023A67
S21401DF50D7E7026098F800001C70FFF7C1FEFF29A2
S21401DF6024D1284617F066F807466F493CB3D6F821
S21401DF70E4702FB13B68082B40F2CB8097F83870DD
S21401DF801DBB0B6840F27121B3FBF1F35343192219
S21401DF90B3FBF2F339462A4605A8059317F020F895
S21401DFA002023C04059842F0110988E0471E8F42A0
S21401DFB028BF0F46012F38BF0127FFB2D5E7012D35
S21401DFC029D0022D01D0B5B327460B6840F2712146
S21401DFD0B3FBF1F353431922B3FBF2F339460122A3
S21401DFE007EB072405A8059307EB042416F0F8FFB2
S21401DFF07F00032F38BF0327020242EA001242EADB
S21401E0000009033F00F01F0007FA00F0FFF7E4FCE9
S21401E01000F5FA6758E00F23B7FBF3F3581CC3EB80
S21401E0200313FB1A0133DBB2C0B21B0443EA0053ED
S21401E030C3F30747C9E70C6840F27121B4FBF1F45A
S21401E0400F2354431922B7FBF3F3B4FBF2F437481A
S21401E050374A0068A2FB0412013350FA83F313F81F
S21401E060013C0392A3F140012A4603A8019316F04E
S21401E070B7FF039F2F4AE41BA2FB04120090302136
S21401E080049204A82A4616F0ABFFDDF810B08146CC
S21401E090A4EB0B0401220594102144F2100405A8F8
S21401E0A016F09EFF009B1A02019B42EA091244EAFF
S21401E0B00344059B42EA000907EB0B001844FFF7EF
S21401E0C08BFC00F50C57283740F6FF711A4B384683
S21401E0D0C3F8C010A3F58053C3F8C090A3F58053CE
S21401E0E0C3F8C440154C276001F0B0FC4FF47A72B7
S21401E0F0134B4042986523680A49B3FBF2F3A8F82C
S21401E100043096F82B30B7FBF2F08AF800500B700B
S21401E11017E7002734E700BF004001B8BC660020BF
S21401E12022600020AB69002090520020445200205B
S21401E13069C2F568911E856B006001B878520020AF
S21401E140001F00B0AC69002036690020014B187032
S21401E150704700BFAD69002010B5044603F012F801
S21401E16078B1174B1B786BB964B1164B1B784BB162
S21401E170154B1B78013B012B04D84FF40042134B7F
S21401E180DA6710BD124BDB6F1B04FAD41BF04DF996
S21401E1904FF400420F4B0446DA67A3F5A0435B68D1
S21401E1A02BB1FEF741FF10B1022016F054FF0222F8
S21401E1B0094B2046BDE81040C3F884241BF030B953
S21401E1C023600020246000207C520020002002B83A
S21401E1D0000002B8001002B800D003500122024B22
S21401E1E000201A70FFF7B8BF236000200022024B00
S21401E1F001201A70FFF7B0BF23600020F7B506466E
S21401E200504C00F037FD504B2578504F1E7085BBA3
S21401E2102846FFF7A1FF2378013B012B19D8E37BA2
S21401E22001A88DF80430237C8DF80530E9F738FA1B
S21401E230C7F884544FF6FF72454BC3F88420F82282
S21401E240A3F58053C3F884200022404BC3F88424EE
S21401E2500DE04FF6FF723E4BC7F88454C3F8842096
S21401E260F822A3F58053C3F88420C7F88454394BA9
S21401E2705BE00020FFF770FF2378013B012B08D8F5
S21401E280E37B01A88DF80430237C8DF80530E9F78F
S21401E29007FA0023C7F88434002ECBD062685AB33D
S21401E2A02D4B1B6803EB5203B3FBF2F3013B1B023E
S21401E2B043F0F80326782649022E284A1ED0032E5C
S21401E2C04FF6FF75214826D0012E34D143F00203C4
S21401E2D0C1F88450C2F884300723C0F88434E37B45
S21401E2E001A88DF80430237C8DF80530E9F7ACF9E8
S21401E2F00120FFF731FF17E0F823DBE74FF6FF7049
S21401E30043F00103C1F88400C2F8843006220F4BA3
S21401E310C3F88424E3E743F00503C1F88450C2F848
S21401E32084300423C0F884340D4B4FF08042002023
S21401E330DA6703B0F0BDC1F88450C2F88430002318
S21401E340F0E700BF7C5200202460002000C003508C
S21401E350006000B8002002B890520020005000B8BB
S21401E360001002B8F0B5294F06463D4604460FCECA
S21401E3700FC5336885B02B6000F07CFC0022244B6F
S21401E380C3F88424A17A627A42EA0142C3F890244F
S21401E390217CE27B42EA0142C3F88C24217B627B2A
S21401E3A041EA0240C3F888043B78032B2AD8DFE809
S21401E3B003F022020C178DF8041004218DF80520B5
S21401E3C00DEB01000022E9F70BF9E37B00228DF843
S21401E3D00830237C042102A88DF80930E9F700F9FA
S21401E3E0637A01228DF80C30A37A042103A88DF8F4
S21401E3F00D30E9F7F5F8074B187805B0BDE8F040A1
S21401E400FFF7FCBE212005B0F0BD00BF7C52002006
S21401E41000C0035024600020034BDB6F002BBCBF01
S21401E420024BC3F888007047000002B8004000B8ED
S21401E4302DE9F04716F073FE4FF47A762D4BB0FBBC
S21401E440F6F618604FF4FA73734307462A48190E16
S21401E4501B021818294A4FF0000341F10001FBF78F
S21401E46081FE274BA0F5807205461A6320B9482223
S21401E4702B21FDF753F801254FF47A724FF0000A6D
S21401E4806A43534650083102FBF76CFE1C4B1D4A8B
S21401E490B7F57A7F9A601C4B4FEA056819601B4BEB
S21401E4A08946044618604FEA152505D29B222B2182
S21401E4B05046FDF733F801264FF47A73A8FB0301A3
S21401E4C003FB05117308C01841F100010023324611
S21401E4D0FBF748FE0E4B023419600E4B49F100095A
S21401E4E0A408186044EA8974054B013C9C63BDE8A6
S21401E4F0F08700BF9052002020A1070040420F0085
S21401E50000C001B802110100A05200209C52002058
S21401E51098520020945200201022044BC3F8842104
S21401E5205A600122024BDA60704700BF00E100E04A
S21401E53000C001B81022064BC3F88421C3F884201A
S21401E540BFF34F8FBFF36F8F0422024BDA60704721
S21401E55000E100E000C001B810B50446A242A2EBFB
S21401E5600000A3EB010104D2034B01399B6B01337D
S21401E570184401F0030110BD00C001B838B50125EB
S21401E5800A4B02019D504FF480730446084A8340AB
S21401E59053661AF04AFF074AA540137823EA050393
S21401E5A01370BDE838401AF03BBF00BF00E101B868
S21401E5B000E001B82D6000202DE9F84F164605460B
S21401E5C08A461F461AF031FF022E00F090808046E0
S21401E5D01AF038FF594B5A4AD3F82090147D5A6ED8
S21401E5E0E4B2520744BFD3F82090013404F0030488
S21401E5F01AF023FF4846214600F036FA8446DAF838
S21401E6000000012E04BF01306044ACEB000C08BFD3
S21401E610CAF80000BCF1804F7DD300F037FA81457F
S21401E620A1EB040188BF454BDFF834C188BF01F177
S21401E630FF3101F0030188BF9B6BA0EB090E0CF8BC
S21401E6400510A1B1F90742BF41F61F723D4B5A674B
S21401E650BA0742BF3B4B3C4A5A677B0742BF002280
S21401E660364B9A673C0742BF0022344B9A65112409
S21401E6704FF0010A314B05F11002120103EB051BA5
S21401E680CBF80C0131499C501A6A0AFA05F4586E07
S21401E6900B78A2EB0902E4B2234372450B7025D333
S21401E6A04FF48073AB40034220D11CF80520002AAA
S21401E6B040D10EB3264AF807536607D541F61F71B7
S21401E6C040F201101F4B596750675967B90706D5C5
S21401E6D01C4B1D4A1E491F485A6748675A677A07E6
S21401E6E042BF01221C4B1A613B071AD440461AF05E
S21401E6F097FE0120BDE8F88F184A2D0142F805A0C3
S21401E70042F89C3C1AF091FE10490B7823EA040368
S21401E7100B701AF085FE40461AF082FE0020BDE816
S21401E720F88F2120FFF778FE4FF48032034B4046E6
S21401E730DA60DCE7064A40465366D8E700C001B80F
S21401E7400053002000E001B800001F1F2D600020CC
S21401E75000D001B800000101000002B800E101B8D4
S21401E76025600020024B1878003818BF012070473A
S21401E7702D600020034B10300001185800F00100F6
S21401E780704700BF00C001B870B50646FEF74CFCE6
S21401E790044608B1FFF7CEFE0023084D3046AB61B4
S21401E7A0EB612B6200F072F9054BC9B2197528624C
S21401E7B00CB1FFF7B1FE002070BD00BF00C001B86C
S21401E7C0005300202DE9F0419DF818800D46B8F160
S21401E7D0000F08BF0022214EB5F5803FB1680746FD
S21401E7E021F4700141F4A001B1609DF820409DF82C
S21401E7F01C104FEA042444EA016444EA031444EA80
S21401E800084444EA02044FF0180140F2E9222CBF02
S21401E810002001207465FCF781FE3564B8F1000F15
S21401E8201AD00F4BBC68D3F888305A2C38BF5A24FC
S21401E8305B0606D500F0F0FB18B10A4BB3FBF0F30C
S21401E8401C44204600F022F90130854238BF0022E0
S21401E850024B34BF5A645864BDE8F08100C001B869
S21401E86000C000B800093D00214B10B51A6E1A66AB
S21401E870596C59B11F49C96800292EDB596D4FF0F3
S21401E880FF3301F00F018B409A4326D1102420203C
S21401E890FFF7C2FD184B9C6002F088FB2022174B45
S21401E8A0C3F8842101F0F4FC48B1002200200821BD
S21401E8B0FEF71CF8124B5C66A3F580531C670D4AE5
S21401E8C0D36803F07063B3F1807FF9D9084B0D4A22
S21401E8D05A6741F201429A6710BD01F0D9FC00283F
S21401E8E0F4D0094B064A5366A2F580521367EDE74A
S21401E8F000C001B8000002B8001002B800E100E054
S21401E90000E001B8011B01181000002008B5212005
S21401E910FFF782FD4FF48032014BDA6008BD00BF7D
S21401E92000C001B8F8B5184D04462B6A1B0426D55D
S21401E93000F0E6FB2B6AA0FB044613F0787F4FEA53
S21401E9409367C3F34450C3F3044505D140F25A42DA
S21401E9502B21FCF7E3FD0120AD01B5FBF0F010EB38
S21401E960871005D140F25F422B21FCF7D7FD01202D
S21401E9700246002320463146FBF7F4FBF8BD00F0C3
S21401E9804BFBA0FB0401F9E700C000B802460120DA
S21401E99030B50B4CA0F12003C0F1200524FA05F593
S21401E9A004FA03F32B4304FA00F595428B4100D396
S21401E9B030BD0F2801D00130ECE7FF20F8E700BF9B
S21401E9C040420F0010B50C46FFF7ACFFC30943EAFF
S21401E9D04163C01A61EBD111FFF7D8FFFF2814D0AD
S21401E9E00F220C4B40F01000C3F88820A3F580538B
S21401E9F0C3F88800A3F580531B6ADBB2802B06D0D0
S21401EA002046BDE8104000F067BB212010BD022063
S21401EA10FCE700BF00E000B838B51AF013FD084B5C
S21401EA20084A1D6A147D5A6EE4B2520744BF1D6A35
S21401EA3001341AF002FD284604F0030138BD00BF78
S21401EA4000C001B8005300200346064A103302EB0B
S21401EA5000111B01D1F80C01D158C1F3400116F089
S21401EA6005BB00BF00C001B8064B1B68434303EB60
S21401EA708171054B1B68A3FB003013F1004341EB8A
S21401EA800000704798520020945200200C4A20F053
S21401EA904043014610B5002014684FF00042E4FBE5
S21401EAA00320084A890F126802FB0300064B9B6B82
S21401EAB0984204D901330131C01A01F0030110BD97
S21401EAC09C520020A052002000C001B8044B01F067
S21401EAD0F071103041F0030100011950704700BF7A
S21401EAE000C001B808B52220FFF796FC4FF480223B
S21401EAF0014BDA6008BD00BF00C001B808B5064B7F
S21401EB004FF030401A6805499200FCF727F8BDE837
S21401EB10084001F0E3B800BF846104008861040086
S21401EB2070B50C68651C15D0C4F302669E42C4F32A
S21401EB30074530D1A4B294422DD804EB8506B242E3
S21401EB4029D2141BA50824F003040E59340F04D04F
S21401EB50012C08D00022212402E06B1C51F823204E
S21401EB60C0E9002470BD0E4C34F8133042EA03436A
S21401EB701A686B1C51F8234001EB83014B68224055
S21401EB805E4036F0704404D11B0F032B04BF8B6824
S21401EB901A430024E4E7013501EB8501C1E700BF14
S21401EBA05C61040007B501A8EBF7D6F84822164BBE
S21401EBB05A65164AD2F8D43023F4FC33C2F8D4305E
S21401EBC0134B1B689DF80530023B012B19D84022D8
S21401EBD0104BC3F8FC23104BD3F85C32DBB2FF2B8F
S21401EBE000D10623094A1B03D2F8FC139BB20B4340
S21401EBF0C2F8FC33D2F83021084B1A6003B05DF836
S21401EC0004FB00F0E7FEECE7008001B8000002B864
S21401EC10002000B0001002B80080E00F345200203F
S21401EC2000224FF400710F4B10B51A675A679A67A6
S21401EC300D4AD162012102F5E8325161DA6812F01B
S21401EC40706FFBD14FF0304201245A6602F5FC5238
S21401EC5008329C66DA64054B1B689847044B5C6176
S21401EC6010BD00BF000002B8004000B8C06600201A
S21401EC70002002B801230F4A0F49C2F880328A6A7F
S21401EC8022F002028A620D4A53600D4A53600D4A11
S21401EC905360A2F580425360A2F54042536002F5EC
S21401ECA0C032536002F580425360A2F500425360C1
S21401ECB0704700BF0080005000C0005000D000B870
S21401ECC000500054005001B808B5FFF7D3FF0E4BB3
S21401ECD00E4ADA6700F076FEFFF764FF03220C4B5C
S21401ECE0C3F8E020012203F54043DA674FF460726F
S21401ECF05A614FF40072DA67FEF778FBBDE8084008
S21401ED000021FEF74FBB00BF000002B80048F0002C
S21401ED10005001B82DE9F04F054687B002900F4626
S21401ED2057F8044B631C06D1029B2C60E81A80102E
S21401ED3007B0BDE8F08F5FEA147B18BF0123344AA1
S21401ED40C4F3016108BFC4F3074332F81120A4B22B
S21401ED504FEAC30A2F4844EA02440AF104022A444D
S21401ED6082421BD20722CA4002F0010201929A0097
S21401ED7004EB830303930123B94603FA0BF808F067
S21401ED80940305F1080604920593039B09F104090F
S21401ED90A34208D1049955443944C0E71D4A954217
S21401EDA0E0D80020C4E7059B53B918F0420F19D1EB
S21401EDB018F0280F0BD146F8084C59F8042C21E01E
S21401EDC04FF4206232210020FCF7A8FBF3E740F65F
S21401EDD0042232210198FCF7A1FB04F5805246F883
S21401EDE0082CEAE740F60D2232210198FCF796FB43
S21401EDF004F50052BBF1010F46F8082CDDD159F895
S21401EE00042CD24346F8042C04340836BDE700BF70
S21401EE105C610400003000B0F8B50546F0B100268C
S21401EE20154B34461F46154953F8042BBAB9A000B2
S21401EE3000F13040294600F50150FFF76BFF30B96D
S21401EE4040F6AE323621BDE8F840FCF767BB0C4B06
S21401EE500134044447F8265023F81640F8BDAA4268
S21401EE60FCD001360C2E02D031F81640DCE740F615
S21401EE70C83236210020E6E7A4520020F6580020CA
S21401EE80F858002070B50446A8B1C1B1384A52F806
S21401EE90043B984215D1002336498A689206FCD471
S21401EEA09B00354A03F1304303F50153C2F8B030F5
S21401EEB02022324B9A6070BD01330C2B02D1304DAB
S21401EEC012E0012352F8041BA142F5D12D4A32F873
S21401EED01330E1E704D16268C3E90012083403E0A5
S21401EEE0012A01D1043419602268531CE3D0C2F30D
S21401EEF0016335F81300110C93B211F0FE0F43EACB
S21401EF00004360680DD00434CAB2022A2168E1D9F0
S21401EF10D4E90160033AC3E9001698600C340C3357
S21401EF20F3E7120F072AD9D8DFE802F00704090D24
S21401EF301013181DC04303F500531860CEE71A6876
S21401EF4042401A60CAE703F58053F6E716F083F8E5
S21401EF50C4E7012203F580538240F2E7012203F55C
S21401EF6000538240EDE71A6830EA0202FBD1B5E7AA
S21401EF70A4520020000002B8001E00B0001002B823
S21401EF805C610400F65800200122014BDA677047E5
S21401EF90001002B80122014BDA677047002002B860
S21401EFA04022014BDA677047002002B84022014B2D
S21401EFB0DA677047001002B80B4B1B68D3F8E430D1
S21401EFC023B11A68022A01D9186A7047074B9A6D4D
S21401EFD090B238B1064BC2F307421B68DB085343B5
S21401EFE0B3FBF0F0704700BF1C530020004001B88F
S21401EFF090520020064BDB68C3F30363984206D1A8
S21401F000044AD36B23F0F00343EA0111D16370473E
S21401F010000002B8001F00B0054B1B68D3F8E430AF
S21401F02013B11A680A2A01D8FFF7C6BF186C7047D1
S21401F0301C5300202DE9F743064616F005F8002478
S21401F0408046DFF890901AF0F0F90DF107010546B9
S21401F0500DF10600FEF75AF89DF806308BB9721CC2
S21401F06029D015F0F1FFA0EB080428461AF0D8F9CC
S21401F0709DF8063013B99DF807303BB3A642E2D897
S21401F08024E0D9F80C3013F4603FE8D0D9F810002A
S21401F09016F047F8731C074603D015F0D5FFA0EB12
S21401F0A0080428461AF0BCF917F5007FE0D0384668
S21401F0B003B0BDE8F08328461AF0B2F99DF8063091
S21401F0C0002BC0D19DF80730002BBCD1004FEEE7D6
S21401F0D000FEFFFF00C000B810F1800F04D04D28DD
S21401F0E0CEBF7F20323040B2FF22044BC0B21A623C
S21401F0F0A3F5805318620020704700BF00E000B8F7
S21401F1000B4A10B5136E0B4C116E03F00703E35C4C
S21401F110C1F3CD0101FB0333126E0748C2F345422A
S21401F12002FB033300688001B0FBF3F010BD00BFA3
S21401F130004001B85461040090520020084910B5FF
S21401F140D1F89C3040B11C46CA68D1F89C309C422C
S21401F150F9D1C2F30362027003F00F0010BD00BFC5
S21401F160000002B8094B01F080011B6F03F4800315
S21401F1700B4309D14FF40012054B1A62837F1BB172
S21401F1800122044BC3F80021704700BF000002B8FB
S21401F190006001B8005001B82DE9F04F404F80469D
S21401F1A085B038680C4615F056FC20B90024204678
S21401F1B005B0BDE8F08F224600214046FBF73EFB36
S21401F1C0384B5D6915F00105F0D1FCF701F80646EC
S21401F1D00028EBD03F68384615F075FB4FF6FF73F5
S21401F1E0984234D04FF060512F4E304B304AD3F80E
S21401F1F02090D6F88C3011624FF00061A2F5805253
S21401F200116224220421C6F88C202A4A4FF4804B2E
S21401F21091604FF480520027DFF8A4A0CAF868B0C6
S21401F220F262A7421ED30421234A9160A2F5F0326E
S21401F230C2F88C304FF060521D4B1A6209EA020385
S21401F2401E4A13624FF480421D4B9A66AFE7314661
S21401F250384615F0DCFA01463846FCF7FDF800287A
S21401F260C0D0A3E7B26E5104FCD5B268D205F9D579
S21401F270CAF868B0D6F890200135012D0392D0D98E
S21401F280E21B042AA8BF042208EB070003A9019386
S21401F2900092FBF763FC009A019B3A4497B2C0E7E1
S21401F2A01C530020000002B8004000B8004001B81E
S21401F2B0006001B8001002B8002002B8005001B882
S21401F2C0006000B84FF604014FF60502044B01201A
S21401F2D01B6C9BB28B4208BF1346024A13667047EB
S21401F2E00080E00F00C001B82DE9F74F81460F46B8
S21401F2F04FF0FF35FFF790FB002601908A462C461B
S21401F3003046DFF8D8B006F110031B015BF8033076
S21401F31003F00308B8F1010F15D13046FFF794FB4F
S21401F32002460B4601985146FFF716F9DBF86430A2
S21401F33006F10802D340DB0739D5002F40D000255F
S21401F3402C463E6040460136082EDCD160B3234A87
S21401F3500027D2F808C0916B0CF440330131A4FBAE
S21401F3600141641941F10001B3F5003F30D1536BFF
S21401F3700CF4405C013347F10006BCF5805F22D1F6
S21401F380156B15F5807505FB06F647F1000203FBC4
S21401F3900266A5FB03323244594304FB0212A3FB67
S21401F3A004341444C9E9003403B0BDE8F08FA84220
S21401F3B071EB0403C6D207B13E6005460C46C1E7B1
S21401F3C03D463C46BEE7320242EA13621B02E3E7D1
S21401F3D0136B13F5807347F10002DDE700C001B837
S21401F3E008B515F0B2FE044B5A7C01230232934055
S21401F3F0024A536108BD00BF005300200020005898
S21401F4002DE9F34105460F4668461146FFF76CFFA6
S21401F4100646B0B1AFB1DDE900321B0A43EA02632A
S21401F420A5FB0384094B120A05FB02441A6812B9AC
S21401F43015F075FE0246002340462146FAF792FE75
S21401F4403860304602B0BDE8F08100BF905200201F
S21401F45037B50446FFF70EFCE17822791B4841EAEE
S21401F4600243C0F8CC34E579A37943EA0543C0F8F2
S21401F470D03423784BB18DF8041004218DF8052083
S21401F4800DEB01000022E8F7ABF863785BB10421CD
S21401F490A37900228DF80430E3790DEB01008DF895
S21401F4A00530E8F79DF8227801235AB1084AC2F8D8
S21401F4B0C834627802233AB1054A0020C2F8C8343B
S21401F4C003B030BD034AF2E7024AF6E700C0035034
S21401F4D000D0035000E0035070B52C4B0C461A7850
S21401F4E012B92B4A926D1A702A4AD26F52054AD522
S21401F4F01D78294B05F00F06B0FBF3F040434FEAA9
S21401F500151505D140F27C622B21FCF707F8012086
S21401F510224A0A217243B2FBF0F34843B3FBF1F6E9
S21401F52002EB5002B2FBF0F201FB1633042BD2B20F
S21401F53007D8C3EB8310C3EB80035BB283B96DB20C
S21401F54017E0C3F10B0303EB8303DBB2B3FBF1F369
S21401F5502B44DDB20F2DF2D9013AD2B2053DEEE7CA
S21401F560053B5BB293FBF1F31D44EBB26DB2002D8C
S21401F57004DB002042EA0512226070BD0132053329
S21401F580D2B25DB2F5E70220F7E700BF2E60002099
S21401F590008001B8000002B8403B25008096980024
S21401F5A04FF0000C2DE9F84FA2FB017BC84EDFF8A7
S21401F5B05CE3BE1999466BF10003B6457CEB030389
S21401F5C008D240F23E220E216046FBF7A7FF02203A
S21401F5D0BDE8F88FD0F8E4A00C461546BAF1000F46
S21401F5E004D0DAF80030032B00F21B81B94BBA4A7B
S21401F5F09B6BD2F8FCA0C3F31408B84BD3F8EC30DD
S21401F6005E00B64B48BF48F400181B6E48EA4568D2
S21401F61058074EBF4FF440039B0503F0E07348EADA
S21401F620030818F081F8012D0646D0D10028CED067
S21401F630AB4B984200F0048103F5122303F5F863FF
S21401F640984200F00381A74B984200F02F810025D5
S21401F65002462B4600204FF00071FAF783FD2B4639
S21401F660013007FB03F3C8F3130100FB0B33A1FBC7
S21401F6700662A7FB007001FB0522034420339B09A9
S21401F680C9F80030F60C984B46EA423618F4801F4B
S21401F6901C6008BF7642954B954DC9F8144034441A
S21401F6A01E602C60BAF1000F00F0B980002391496A
S21401F6B0C8F381528A5C194618F0807F18BF640827
S21401F6C0002EB8BF764292066008C2FB06012246AB
S21401F6D0FAF748FDDAF800300E2B08D97F4B7D4A41
S21401F6E0926BD969D3F80C31C90600F1D68018F4AB
S21401F6F0001814BFC42240F207127F49C0F313005A
S21401F700A1FB04614FEA511102FB01F1C9F80400A3
S21401F710DAF818004FF4FA73B1FBF0F118BF4FF0A6
S21401F720000801FB03F3A4FB0262FA33A3FB0030DB
S21401F73004FB0822B342904138BF0131C9B241F4FB
S21401F740006CC9F808C000297ED0DAF81C00A1FBBD
S21401F750003624B1B4FA84F20E2A40F38880E2031C
S21401F760002E77D1B2FBF3F2530003FB0113A3FB88
S21401F77000764FEA044EBE454FEA144474EB060683
S21401F78009D34E003344A0FB0371BE4574EB01015F
S21401F79002F10102F6D2C2F30E024CEA023C4CF030
S21401F7A00063C9F8083017F0BFFF2B68002B00F084
S21401F7B08880B3FA83F4D4F102044CBF1C4623FAC2
S21401F7C004F44E4B9C4288BF6408002846D0B4FB24
S21401F7D0F0F3642100FB134201FB02F2904244D88D
S21401F7E05A1E52085B08013B120242EA0313C9F88B
S21401F7F00C3017F065FF00285CD0B4FBF0F26421F2
S21401F80000FB124401FB04F4A0425ED8531E5B08C1
S21401F8105208013A1B0243EA0213C9F810300020CD
S21401F820D6E6042BDAF828807FF4FBAE18F0807F4A
S21401F8300CBF08F0E0734FF4400328F0E078EEE6E2
S21401F84000232F481D460CE72120C1E600232D4842
S21401F8501D4606E70B46002289E7044640F2C242EF
S21401F8602B210020FBF75AFE2346013BB8E7C2F1E5
S21401F8700F0702F1110E06FA0EFEFB4043EA0E03D5
S21401F880A7F1200E26FA0EFE43EA0E03FE400133D0
S21401F89004FA02F246F1000662E702F4801203F46B
S21401F8A000131A4308BFC0F5801020E7002316484E
S21401F8B01D46D6E640F2E5422B21FBF72FFE621EDF
S21401F8C0A4E70028C9D01C46CFE71446F7E700BFD7
S21401F8D0006CCA88008001B8001F00B0004001B863
S21401F8E000F04902005A6202DC520020D852002081
S21401F8F0D45200206C610400D34D62103FBE4025F7
S21401F9000A3BB2DF313641DCD694BFD6807C814AD1
S21401F91010B50B46044686B039B98279016821488C
S21401F9206B460068FFF73CFE6B461F4A1968516339
S21401F9301E4AD2F8FC2062B35A6842B11C4A1D49DD
S21401F940C2F80C115968A2F58052C2F80C119A68D7
S21401F95042B1174A1849C2F8EC109968A2F58052CC
S21401F960C2F8EC101549D868D1F8642122F4EE6289
S21401F9700243C1F86421D1F85C21186922F4EE62D1
S21401F9800243C1F85C21A1F5FF4158692839FFF708
S21401F990A3FD0020A2880A4B9A6203F5A0331864DF
S21401F9A006B010BD1C530020008001B8001F00B037
S21401F9B0006001B8FFFF0F00FFF8FF0F000002B85C
S21401F9C0004000B84FF48062014BDA67704700BF11
S21401F9D0001002B84FF48062034BDA67034B1B78C2
S21401F9E00BB1034A93657047002002B82E600020D1
S21401F9F0008001B840B10368012B05D90069034BAB
S21401FA00002808BF18467047004870477461040014
S21401FA1010B590B10468012C0FD902696AB111685A
S21401FA20094B102C196051685960916888BFD268DB
S21401FA30996094BFD960DA6010BD10220021024897
S21401FA40FAF7FCFEF8E700BFE4520020084BC117A6
S21401FA501A68A2FB000302FB013310F1807043F128
S21401FA600003400E40EAC310803820EAE070704779
S21401FA70F45200200722164B70B5DA66154B164A6B
S21401FA801D68164BEC08E005C0184FEA153141F128
S21401FA9000010023FAF766FB114B124E18604EF672
S21401FAA06020FFF7D3FF4042C6F884000E48FEF7F9
S21401FAB0EDFF024658B1E301500818184FEA1571D8
S21401FAC04FF0000341F10001FAF74CFBF06570BD01
S21401FAD0000002B89052002065CD1D00B2E60E006F
S21401FAE0F4520020001F00B040420F0010B504463B
S21401FAF098B10B4BD3F8FC00FFF78AFF4FF47A73EB
S21401FB0003FB04F0074BA0F6AC50DA689B68104480
S21401FB10C01ABDE81040FFF799BF4EF66020F8E71F
S21401FB20001F00B0E45200202DE9F84305460846C0
S21401FB3014461E46FFF76CFF0DB306F0020716F0DB
S21401FB4004061ED1DFB14FF47A706B685843002B60
S21401FB5040F08C80FFF77AFF60626B69002B00F043
S21401FB608C804B4AD0684FF47A7202FB0300A0F5F2
S21401FB7003501038FFF76AFF2062002E57D1BDE808
S21401FB80F8832869002868D04FF47A735843404BAD
S21401FB90A0F6AC509B68C01AFFF758FFE061A88B2F
S21401FBA000285DD04FF47A735843394BA0F6AC5019
S21401FBB09B68C01AFFF74AFF2061364BE968D3F805
S21401FBC0008000294FD04FF47A735943304BA1F689
S21401FBD0AC519A685B68891AC91A2F4BC8171A68FC
S21401FBE0DFF8BC90A2FB011302FB003311F1807118
S21401FBF043F10003490E41EAC3118039274B616185
S21401FC00DB6EA361D9F8003053B1404615F01DF9FB
S21401FC1030B12246D9F800301D49D8F8D8009847A7
S21401FC200021A869FFF762FFA062002F8BD1A868A8
S21401FC3030BB47F23050FFF709FFA0604FF47A70EF
S21401FC402B6858432BB1124B1B6803F51C5310331A
S21401FC501844FFF7FBFEE06091E74EF660209BE755
S21401FC604EF66020A6E74EF66021B6E7084B1B6805
S21401FC7003F51C53103318446CE747F2305079E70C
S21401FC804FF47A735843A0F503501038D3E700BFFA
S21401FC90E45200201C530020F4520020001F00B044
S21401FCA0E052002038B5054608461C4615F0EFF927
S21401FCB00246D5F8E400FFF79DFE4368A018002B26
S21401FCC0044AA8BF4FF4FA721A44034B92FBF3F2AC
S21401FCD0104438BD0CFEFFFF18FCFFFF70B5124C38
S21401FCE088B001AD0FCC0FC594E8070085E8070082
S21401FCF08C2200210D48FAF7A1FDD42200210C48E0
S21401FD00FAF79CFD0B4B0C4A5A6301F04DFA0B4B6C
S21401FD101B783BB1044E01AD0FCD0FC695E8070029
S21401FD2084E8070008B070BDC41F00B0A01E00B074
S21401FD302C1F00B0001F00B010111111216000200F
S21401FD4008B519F072FB0E4B1A78A2B90D4A126863
S21401FD5012F4843F0FD10C4A1021D1671B7863B986
S21401FD60084B1B68DB0508D4074B2022DA67BDE881
S21401FD70084019F055BB054AEEE7044BF5E700BF0E
S21401FD8034600020A0150020002002B8001002B840
S21401FD900A4B197801F0FF0229B1002119700849B0
S21401FDA09202C1F8B420597801F0FF0229B100216E
S21401FDB059709302024AC2F8B83070472F6000208B
S21401FDC0005000B8064BD3F8D80E064B5B6F1A01ED
S21401FDD003D4054B9B6E1B0401D500F5807070475C
S21401FDE0001000B0000002B8004000B810B519F0CD
S21401FDF01CFB0E2104460320FFF7FCF840F201220B
S21401FE00034B2046BDE81040DA6219F009BB00BF7B
S21401FE10004000B808B519F008FB4FF00042224B2D
S21401FE20C3F88020BFF34F8FBFF36F8F0122C3F853
S21401FE308420BFF34F8FBFF36F8F0222C3F8842055
S21401FE40BFF34F8FBFF36F8F0422C3F88420BFF335
S21401FE504F8FBFF36F8F0822C3F88420BFF34F8FF5
S21401FE60BFF36F8F1022C3F88420BFF34F8FBFF309
S21401FE706F8F2022C3F88420BFF34F8FBFF36F8F9D
S21401FE804022C3F88420BFF34F8FBFF36F8F4FF428
S21401FE908072C3F88420BFF34F8FBFF36F8FBDE826
S21401FEA0084019F0BDBA00BF00E100E008B519F03E
S21401FEB0BCFA4FF00042094B1A6001225A60042234
S21401FEC05A6008225A6010225A6020225A60402244
S21401FED05A60BDE8084019F0A3BA00BF00E100E08F
S21401FEE0012370B5074C2370074B1E68074B324041
S21401FEF0D3E9005319402840FCF7F8FC002323708F
S21401FF0070BD00BF32600020FC520020A01500200A
S21401FF100022044B1A70044B197811B11A70FFF7BE
S21401FF200FBF704733600020346000202DE9F04792
S21401FF30DDF820A003EA0108099B06460C4602EA02
S21401FF40000703EA0A09BAF1000F40F04E81031FC9
S21401FF500B4300F00E81052871F1000380F0E48068
S21401FF6050EA010300F06081431E0B4300F0248138
S21401FF70FFF750FFAD4AD2E9005323EA040325EA0E
S21401FF8006053D4343EA0807A94BC2E900571E6828
S21401FF90DFF8F48226EA0A0646EA09061E60FFF73B
S21401FFA0CFFE15F02A4F14BF48F202034FF4004368
S21401FFB0A04AB007D26EA04848BF43F4005383EA74
S21401FFC0020122EA0302C2669C4A0B408166D3669E
S21401FFD0C5F380421203290348BF42F48072EB0640
S21401FFE048BF42F40052964BAC0648BF42F400723A
S21401FFF06806D3F80C3248BF42F48062290648BF2F
S21402000042F400628F4882EA030123EA0203C0F840
S2140200100C328D4B0A40C7F34024A404C0F80812E1
S214020020C3F80C22EA0448BF44F48034AB0348BF4A
S21402003044F48014A80748BF44F4800415F4001F53
S21402004006D0D8F8000015F056F908B944F4002492
S214020050E90248BF44F40034FA0648BF44F40004F8
S21402006073077A4B48BF44F004041A6A44F4001437
S21402007084EA020323F0010375491A400A621C400F
S214020080CB61744B16F0010F1C62734B734A18BF98
S2140200901A46734B7C071B6F48BF42F000627148DA
S2140200A082EA030123EA020303676F4B0A404166B2
S2140200B01A676E4A05F00103516CA0F5803081EA9A
S2140200C0030221EA0301416482631A40684B280254
S2140200D05A64D8F8002048BF664B92F8F62058BFFC
S2140200E0654B690748BF43F4806322B115F4C06FBD
S2140200F018BF43F480733207604A48BF43F0004398
S214020100D2F8EC105E4883EA010222F4A0221140E3
S214020110C0F8EC101340C0F8E0205A4ABDE8F04799
S214020120C2F8EC30FFF7C2BEA0F580630B4306D0E0
S21402013020F48063A3F500730B437FF419AF19F024
S21402014074F93A49D1E9003223EA060322EA0402A4
S21402015042EA08023B43C1E900324B4A126892F86F
S214020160F610474A09B313F4C06F1ED04FF48073DB
S21402017011E019F05AF92D4AD2E9003123F00403AE
S2140201803B4341EA080157EA0807C2E900314FF447
S21402019080633B4A0BD0C2F8E030A2F58052C2F828
S2140201A0EC30BDE8F04719F03BB94FF48073C2F863
S2140201B0EC30C2F8E030F4E719F037F91B4AD2E91E
S2140201C0003123F001033B4341EA0801C2E9003152
S2140201D001232E4A57EA08071BBF9363A2F58052F3
S2140201E05364536408BF9363DBE750EA01037FF46A
S2140201F0BFAEBAF1010F7FF4BBAE19F016F90C4A86
S214020200136823F0010343EA090313604FF4806383
S214020210144AB9F1000F04D05366A2F58052136750
S214020220BFE713675366BCE7BDE8F087A01500205A
S214020230FC520020004000B8006000B8005000B831
S214020240004001B8006001B8005001B8000002B8D2
S214020250002002B8001002B8041C000304180003B1
S21402026000C001B800E001B800D001B800C000B874
S21402027000D000B80D0A0A09090A0A09004000540B
S21402028000600054005000541C53002000E000B8E8
S214020290024B5868C0F3C000704700BFA01500208C
S2140202A0024B186800F00100704700BFA01500203E
S2140202B0024B5868C0F3C030704700BFA01500203C
S2140202C010B50446FEF700FDFFF7A4FD2046FDF735
S2140202D0BDF8FEF7A5FCFEF7ABF8FEF71DF9FFF733
S2140202E0C9FB13490723134AD1F8FC1004F1F8009E
S2140202F0FFF71AFC4FF080710020FEF7E7FB4FF085
S21402030000720D4B4FF400110120C3F80021FEF7D6
S214020310DDFBFEF7D7FF20B940F292321421FBF73D
S214020320FDF814F01BFFBDE810400120FDF766BF84
S214020330001F00B0581F00B000D001B88023074A43
S2140203401367082340B11367054AD2F8A03023F09A
S2140203502003C2F8A0307047024AF4E7001002B841
S214020360001E00B0002002B810B519F05EF8012198
S21402037004460020FFF7E2FF044B1961044B5B685A
S21402038098472046BDE8104019F04AB8000002B867
S214020390AC660020F8B5194C0546207840F2E442D7
S2140203A0B0FA80F03E214009FBF7B8F855B96078FC
S2140203B040F2E442BDE8F840B0FA80F03E2140093F
S2140203C0FBF7ACB84FF440660D4F0E4DD7F8B4307D
S2140203D040F2E442C3F381232370C5F8B460607828
S2140203E03E21B0FA80F04009FBF798F8D7F8B8300B
S2140203F0C3F381236370C5F8B860F8BD2F60002090
S214020400004000B8006000B8F8B5084C084D236FED
S2140204100423084F2B67236F5B0300D4F8BD042622
S21402042002203E6714F017FE2E67F4E7000002B8BB
S214020430001002B8002002B8A82238B51A4B1D6F69
S21402044003F500531A6710229A60A3F5804302F15F
S21402045000521A675A66FFF79BFC144B1B7813B9B7
S2140204600320FEF78BF80024114B9C67FFF7CCFFA6
S214020470104A114BD2F8D81E0B40C2F8D83E0422BE
S2140204800E4B1A670E4BAA06C3F8AC4008D503F506
S2140204908073DB6CB3F5817F22BF8022024B1A6128
S2140204A0BDE83840FCF7C2BB000002B8316000204D
S2140204B000C001B8001000B0DF0000FF002002B844
S2140204C0001E00B010B549B930B3164AD3681B0EE9
S2140204D013F00E0F20D193689A061DD4FFF786FC00
S2140204E0104C0020FEF72AFE032801D0092805D169
S2140204F0636FDB03F5D4E36D0C2BF2D9FFF784FFB1
S2140205004FF40072084BDA62012203F5E8335A61AF
S214020510042203F580531A674FF4C062034BDA6273
S21402052010BD00BF000002B8004000B8006001B86D
S21402053008B503210920FEF75DFD2022014B1A6152
S21402054008BD00BF000002B838B5054618F06DFFBA
S2140205500E4B04461868FDF745F835B1FFF7D8FC90
S2140205602046BDE8384018F05BBF094B1B78002BCD
S214020570F6D0084B1D78002DF2D1FFF7C9FC2A46AB
S2140205804FF480400021FFF7ABFCE9E71C53002044
S21402059033600020326000202DE9F84F5C4B06469F
S2140205A00D4614461B6F002A40F0AE8013F0A00FD3
S2140205B014BF4FF001094FF00009FCF737FBA023E8
S2140205C04FF0000ADFF868810320C8F87030FDF7A4
S2140205D0D5FF0420FDF7D2FF4E4FFFF799FC4E4B96
S2140205E04FF0040B7B67C7F878A0FFF70DFF4B4B65
S2140205F04FF48071D3F8A020494842F02002C3F895
S214020600A020FF22C8F80820414A1161D0F8D82E4F
S21402061044491140C0F8D81EC8F870B0C3F8ACA060
S2140206207B6913F0060F04D0FEF75CFA5846FDF716
S214020630A5FFB9F1000F08D04FF400623A4B1A67D3
S2140206404FF40042A3F5E0339A6666B1374BDB6C93
S214020650180701D4FFF7CAFBFFF76AFF0420FDF76D
S2140206608DFFFFF795FB2A4B5A69D10747D5DA6803
S21402067012F0706FFBD12E4B2E4A1A672E4AD36B9E
S21402068023F0F003D36315B12046FFF75DFF2B4B33
S214020690D3F84C315A1C01D05B0002D50122244B00
S2140206A05A6164B3214BDA6E03F500539A6603F57A
S2140206B0D0331B6A1E4A23F00103D361204BD3F8C2
S2140206C00C1203F50053C3F8081203F50053D3F8CF
S2140206D0841003F5005399671A4BD3F8EC1003F510
S2140206E00053C3F8E010184B596C03F50053996396
S2140206F0164903F5803359664FF608431367002000
S214020700BDE8F84FFCF736BD4FF0000955E700BFCD
S214020710000002B800C001B800000101001E00B0CF
S214020720001000B0DF0000FF001002B8004000B862
S214020730002002B810003000001F00B00080E00F5A
S214020740004001B80040005400C000B85000002F1E
S2140207509B4B2DE9F04F9F6EDB6E85B01F40994B89
S2140207609F66994BD3F8E050D3F8EC301D40974B78
S214020770C3F8E050964BD3F80822D3F80C3202EABC
S2140207800309944BC3F8089203F52043DA691B6AFF
S21402079002EA0308904B08F47702DA618F4BD3F82B
S2140207A00422D20605D4D3F80431C3F30016DB06BE
S2140207B051D518F03AFE8A4B5A695E6E1B6F12F0DC
S2140207C0060F06EA0306874A26F0007314BF4FF0A8
S2140207D0010A4FF0000A23F400637407536604D537
S2140207E0814A137D0133DBB2137518F019FE002F10
S2140207F000F0E28017F4004300F0D38018F015FEF4
S2140208000146FFF7DFFA0446784BD3F800B0DBF870
S2140208100020DBF800309A42FBD0DBF800209A4238
S214020820FBD0FFF7CFFAA04217D1084618F0F8FD22
S2140208306F4B1C606F4BD3F870B01BF4E0520ED1B6
S21402084024F07F4424F0DF040CB9FFF7F5FD4FF0E7
S214020850807B002414E0B246C9E70446D7E701923B
S214020860FFF7EAFD5C4B019A1BF480541A6740F0CE
S2140208709A801BF4806F0CBF4FF0805B4FF0806B4A
S214020880B80715D55B4A5448126F02F460410167F7
S214020890002900F08B80110400F18B8012F4005FB7
S2140208A00CBF4FF000524FF0006200244BEA020BDE
S2140208B0C7F340377F00504A2A40002A4AD015F430
S2140208C0206F0AD040F6A31206210020FAF726FE71
S2140208D00020FFF739FE25F48025EB0506D5FF211B
S2140208E03D4A4BF4C06B9160FFF780FA15F0090F92
S2140208F00AD040F6B81208210020FAF70FFEFFF7DA
S21402090017FE0121304A116315F0106F0CD040F625
S214020910C11209210020FAF701FEFFF709FE0022A4
S21402092011461046FCF736FE15F4202F0AD040F684
S214020930C91207210020FAF7F1FD0020FFF704FE96
S21402094025F48025E80301D5FCF768FF002DB8BF23
S21402095047F0080769070DD51B4AD26A12F4005FF2
S2140209604FF4005217BF19492449CA624BF4000BD0
S21402097008BFCA626A0548BF4BF0040B15F4802311
S214020980019300F0A480FCF701FF0138062837D84F
S214020990DFE810F028012B0128012E013101340175
S2140209A034019B4655E74FF0804B52E74FF00072FA
S2140209B07BE74FF0004278E7BB463C467BE700BF4A
S2140209C0004000B8006000B80040005400600054C8
S2140209D0004001B8006001B8002002B800E100E063
S2140209E000C001B800E001B800530020086104000E
S2140209F0F8520020000002B8090B0B890050005480
S214020A0040F6FA1203210020FAF788FD01218548F4
S214020A10826ED0F8883002F00702063201FA02F23D
S214020A20C3F30C0CA2EB0C0292B2072A12D97E4A2E
S214020A30126F53020ED47D4B826B806D5B6D5BB181
S214020A4002F0070206329140C0F30C00091A89B27E
S214020A50072901D84BF4007B754A1278002A36D053
S214020A60704AD2F8E02012F4A02F30D1714A7249AF
S214020A7012789AB9F20411D40A787AB14FEADB02F4
S214020A806E4842EA447282F00102D0F8D80E02F0B2
S214020A900102520020FA02F2930718D10420FDF751
S214020AA06DFD674A67485067FFF732FA62490A786F
S214020AB04AB9654A127832B1644A654912680BEA45
S214020AC002020A4201D14BF4804B26F48056B9F159
S214020AD0000F1DD019F4805F18BF4BF4802B19F459
S214020AE0807F18BF4BF4002B19F4005F18BF4BF041
S214020AF0100B19F4007F18BF4BF0200B19F4806F0F
S214020B0018BF4BF0400B19F4006F18BF4BF0800B68
S214020B10B8F1000F48D018F4001F0AD04D4A1368E7
S214020B203BB1414A4C48116F00680022C1F3C061D4
S214020B30984718F4802F18BF44F4007418F4803FC6
S214020B4018BF4BF4805B18F4801F18BF4BF4003BB1
S214020B5018F4800F18BF4BF0020B18F4003F18BFB2
S214020B604BF4801B18F4000F18BF44F0100418F45E
S214020B70002F19D0394AD2F8A02012F0C00F13D095
S214020B802949CA68C2F30362032A01D0072A05D19B
S214020B904A6FD00602D48A6F120732D54FF400216C
S214020BA02F4A28F40028D161002E00F01B8133055D
S214020BB040F18F802B48DFF88890C2782A49002AB5
S214020BC058D04FF40063013AD2B24B66C27032B9C3
S214020BD0264A1278C2B140F60141254A51670022E0
S214020BE0002173E04BF4803B10E74BF4006B0DE7FB
S214020BF04BF4806B0AE74BF4807B07E74BF0080B5D
S214020C0004E74BF4001BCFE7D9F8782012F4A05F74
S214020C1015BF4FF4807240F60142C9F85820C9F851
S214020C207820DCE700400054000002B8004000B81C
S214020C30346000203360002036600020001000B0D0
S214020C4000C001B80000010135600020A015002098
S214020C50088D0100305200201C530020001E00B0F8
S214020C60002002B82560002000E001B831600020B4
S214020C7000D001B80320FDF781FCD9F81420A84B58
S214020C8012F0060F04BF41F61F72A649A64808BF17
S214020C904A674FF40061A34A5166D9F8142012F04D
S214020CA0060208BFC9F878205A8A12F4006162D098
S214020CB022F400625A82027802F0FF09002A5ED10C
S214020CC0FDF710FFFFF7B8FB4A4620214BEA020B5E
S214020CD00C43B00009D52E20FDF79EFB4FF00051C5
S214020CE0904A44F0080411675166F10606D52B2097
S214020CF0FDF792FB10218B4A1167516616F0306F92
S214020D0005D1F20463D5BAF1000F00F0C0803301BA
S214020D1017D52920FDF780FB844A526C12B11021A8
S214020D20834A9160FFF7B4FA48B1824A82487D4905
S214020D304A66026700F54050C068400422D444F078
S214020D40040416F0007A28D00420FDF717FC2720AA
S214020D50FDF762FBFFF770FB4FF00071714A5166B8
S214020D60764AD2F8D82E520679D40221704A916079
S214020D7044F0020428E002784FF40052A6E74FF44B
S214020D8000422DE70A6720204A66FDF745FB2D2024
S214020D9044F00C04FDF740FBD3E716F0807FDFF843
S214020DA08C9147D00420FDF7E9FB2820FDF734FBA1
S214020DB0D9F87820002A3AD1FFF73EFB594A5D4916
S214020DC044F00104116751660021584A9165720584
S214020DD008D55B498A78002A00F0D880013A8A70E2
S214020DE000221743574AD2F8A020130603D55846C6
S214020DF02146FCF7C7F93A4658462146FFF770F8EF
S214020E00019B0BB1FCF7F8FC01224F4B05F00435B1
S214020E10C3F8E0504D4B18F4002FC3F884211EBFD0
S214020E204FF40022424BDA6105B0BDE8F08FC9F8F4
S214020E3078A0C3E7F104C7D50420FDF79FFB444A18
S214020E40C9F87420FDF74EFED9F8642012F0407FF0
S214020E50BAD12A20FDF7E0FAFFF7EEFA80E7394A20
S214020E60D2F8A0108B0683D402203A4988603A4909
S214020E70096891F82510C8077FF57AAF92F8C42062
S214020E80002A3FF475AF8021344A116170E7344A74
S214020E901268013202D04BF0010B98E728490A7912
S214020EA052B1013AD2B20A7112B9234A2D49516798
S214020EB000224BEA020B8AE70420FDF75FFB0320C1
S214020EC0FDF75CFB194A2249516718F0AEFA8146D3
S214020ED00DF10F00FEF732F9234A824612780AB164
S214020EE0FEF784FFBAF1030F0ED1DFF870A00020E0
S214020EF0FEF724F9032807D1DAF87420D103F6D4D2
S214020F00DAF85C200C2AF2D99DF80F20032A2FD19A
S214020F100121164A4846117018F082FAC8E700BF47
S214020F200053002000E001B83160002000C001B884
S214020F30002002B81000002000D001B8001000B057
S214020F4025600020001E00B00060005400E100E0B2
S214020F5000000101001002B81C530020000002B875
S214020F60B46600200000010D3760002033600020C8
S214020F70094AD2F8E02012F4A02FC9D1FEF7C8FF22
S214020F80484618F04DFA4FF4804292E70220FDF7E9
S214020F90F5FA012225E700BF004000540122024B69
S214020FA01A62DA61704700BF002002B80D4B10B516
S214020FB0DC691A6A14400C4A24F47F01D161E20704
S214020FC006D5D9684FF0FF30C1F3036114F0D0F8AC
S214020FD0630706D5BDE81040042200200021FEF774
S214020FE07FBF10BD000002B8002002B80C4A08B548
S214020FF0936B526C13400B4A9363DB070FD50A4B75
S21402100040F663421878122100F00100FAF786FAD9
S214021010BDE80840002201200021FEF761BF08BD9E
S21402102000C000B800E000B8A0150020054AD2F8BB
S2140210308430DB07FBD4936FD2F884201340024A35
S21402104093677047008001B800A001B870B51446D7
S2140210500D4618F0EAF9064BD3F8A06074402C400F
S2140210607440C3F8A04018F0DBF906EA050070BD2C
S214021070001E00B0034BD3F8A03099430CBF0120EA
S21402108000207047001E00B02DE9F04117460A43C3
S214021090012A1D469DF818409DF81C60DDF8208048
S2140210A029D8B44227D2082E25D8032B23D8B8F144
S2140210B0000F20D00A460021FBF71CFDFF21EB00A3
S2140210C09940C943DFF834C008F1FF38FF00E2B2A6
S2140210D0964202D80020BDE8F0813D190CEB85054A
S2140210E0D5F8E02018F8010F0A4098401043C5F8DA
S2140210F0E0000134EBE72120EDE700BF001E00B060
S214021100034B1868034B002808BF1846704700BFF9
S21402111018530020588204002DE9F843DFF8609047
S2140211200646D9F8008008461746B8F1000F03D0E5
S2140211300E242046BDE8F88306B3336801331DD17A
S214021140E1B1FAF70DF805460028F1D0C9F800001B
S214021150FAF72CF8284613F01FFB044640B1404627
S214021160C9F80080FAF722F8284613F010FBE0E7E9
S2140211703560002FDDD02846B847DAE72124D8E7C5
S2140211801C530020024B1868003818BF0120704715
S2140211901C530020002108B5024B08465B6898479E
S2140211A0002008BDAC6600200523064AA2F84A3095
S2140211B092F8493003F0010363F0730382F8493072
S2140211C0704700BF001F00B00023F0B585B0CDE920
S2140211D001330393124B134D1B78134E8DF80430D4
S2140211E018F030F92A78337804469A420F4F0CD01A
S2140211F03178386801AA297013F0EFFF50B140F633
S21402120008210B4818F010FA04E0386813F0C5FFFE
S2140212100128EDD0204618F010F905B0F0BD00BF49
S21402122089690020BA690020BB6900203853002073
S214021230B7360400F8B52B4B1B7823B140F6FC31C9
S214021240294818F0F1F918F0FDF8284B07461C88D3
S21402125014F0060409D001214FF4807017F04CF9FF
S2140212603846BDE8F84018F0E8B821464FF48070DA
S21402127017F042F9204600F09DFF022808D180228E
S2140212801B4B8021186813F051FBFFF79DFFE7E721
S214021290204600F08FFF054638B1012807D040F6F9
S2140212A03141114818F0C0F9DAE70246E8E7FF22B2
S2140212B00F4E104B30681A70FFF76CFF306813F051
S2140212C06CFF0128CCD02A462946306813F067FF07
S2140212D021462C2017F03CF921460A2017F038F94F
S2140212E0BEE700BF3D600020B7360400125900205A
S2140212F038530020BA6900200021014817F042BF87
S2140213002C6700207F2837B5044610D14FF6FF73AE
S214021310022217480DF10601ADF80630EAF7DCFEA8
S214021320BDF80640E2054CBF6FF04A0464B218F0FE
S21402133089F8104B05461C700F4B1B88DB0710D52F
S2140213400E4B1B78002B0E4B0CBF21466FF07F0115
S214021350186813F010FB20B140F67861094818F0BF
S21402136063F9284603B0BDE8304018F066B800BFFF
S214021370641002C0B2690020125900203E600020AC
S21402138038530020B736040010B50EF057FF60B190
S2140213900EF056FF0B4A80B141F20D03BDE8104035
S2140213A041F20D01074817F0F9B9074B1A781B7975
S2140213B09A4204D100220023F0E70D23EEE7034A07
S2140213C0F9E700BF400D030089690020488D01003F
S2140213D0F8B5164E0D46337802F0010423B140F2FA
S2140213E0C531134818F020F9124B134F1D60134DE8
S2140213F0A4B1134B997801B10121202017F07CF893
S2140214002B783B700F4B1C780F4B00211C7004236B
S21402141033700E48BDE8F84017F0B4BE21462020CF
S21402142017F06AF82B783B70EEE700BF3D600020AD
S214021430B7360400285300203A600020BC6900201A
S2140214402C5300203B6000203C6000202C670020CC
S2140214502DE9F84317F0F6FFDFF8A0810546B8F845
S2140214600030614C13F4807F03D0237873BBFFF700
S214021470E1FE0021084617F06BF85C4B1A78FF2A4B
S21402148013D01A7802F0FF0632BBFF221A702378B6
S214021490052B0AD100232846237017F0CEFF3046CC
S2140214A013F02BFF17F0CEFF05462378504E062B7F
S2140214B009D13378FF2B06D03378022B15D10021C1
S2140214C04C4817F05FFEFF2333702BE000214FF4E9
S2140214D0807017F011F8CCE71A78012A4FF0FF0255
S2140214E014BF33264C261A70D4E7337813B13378F8
S2140214F0012B22D117F0A0F807463E4896F8009036
S21402150001F0CEFBFF235FFA89F9337077B1B9F1A8
S214021510010F44D16421374884F8009017F032FE58
S214021520FFF752FE284617F088FF06E02846277087
S21402153017F083FF384613F0E0FEB8F800301B06BB
S21402154005D50021802016F0D7FF12F0E9F901F048
S214021550E3FA294E308000B32778012F42D117F0E4
S21402156025FD054610B3013018F03CF900F4406042
S214021570B0F5006F1AD104223946284617F056FCF9
S214021580284418F02FF94FF6FF7398420ED1002028
S214021590318800F0F1FC00233380BDE8F883002395
S2140215A02846237017F049FF3F20C4E7114801F090
S2140215B077FB002108462170012500F08FFC237876
S2140215C00BB9FFF737FE0020318800F0D5FC002368
S2140215D03380002DE1D020780028DED1BDE8F84324
S2140215E013F0C3BF0025EAE73D600020B96900207A
S2140215F0B86900202C6700201059002012590020DC
S21402160008B513460A461946064B186813F040FA00
S21402161030B1BDE8084040F2F441034818F004B87F
S21402162008BD00BF38530020B736040008B513467D
S2140216300A461946064B186813F024FA30B1BDE87C
S214021640084040F2FB41034817F0EEBF08BD00BF5A
S21402165038530020B7360400024B1878431E58420F
S214021660584170473D60002008B5064B1B7823B1F1
S21402167040F22551044817F0D7FFFFF7DBFD0020A4
S21402168008BD00BF3D600020B736040008B5054B14
S21402169001EB81011868490013F06FF9002818BFA2
S2140216A0212008BD3853002008B5044B1868F9F706
S2140216B00FFF0A2390FBF3F040B208BD3853002018
S2140216C0014B1878704700BFBB69002008B5044B71
S2140216D0186813F0BDF8B0FA80F0400908BD00BFE4
S2140216E03853002038B5124D0C462B78012B04D9FE
S2140216F040F246510F4817F097FF21460020FFF7A9
S214021700E5FF90B10C4B1C702B785BB9FFF792FD8E
S2140217100A4B93F900100A4BC901186813F001F935
S214021720002038BDFFF750FDF2E72120F9E700BFA1
S2140217303D600020B7360400BB6900203F600020F1
S2140217403853002008B5074B186813F07FF830B1FD
S214021750054BB3FBF0F083B20BB1184608BD01206F
S214021760FCE700BF3853002040420F002DE9F34744
S2140217705C4E012017F055FF3388990704D440F6D3
S2140217803F41594817F050FFDFF8808198F8003043
S214021790053B012B04D940F64141534817F044FF5C
S2140217A0524F3B6823B940F644414F4817F03CFF7E
S2140217B0348814F0200478D00121222016F0C8FEC6
S2140217C04FF47A74FFF7BEFF3B681B780933434336
S2140217D004EBC30498F80030A5B2062B0BD117F021
S2140217E0F3FA0446FFF7AEFF602358430C2303FBCD
S2140217F00400284485B2D7F800903D4B99F8008043
S2140218001C7808F1FF381FFA88F8002C52D133886A
S2140218105A0505D409F1010017F0E4FFC0F340149D
S2140218203449354A887812784B7812FB00F2334FE7
S21402183093423B70A4BF9B1A3B703B78CA78BD604C
S214021840934238BF13463B700EF000FD002833D09B
S2140218500EF0FAFC012814BF1025082525430023A4
S214021860DFF8ACA00093802243464946DAF800002F
S21402187013F0B5F820B14FF43B611B4817F0D4FEC5
S2140218801F4BDAF8000019781E4B197033889B0636
S21402189014D52A461C4B009713F09DFCC0B90020B5
S2140218A002B0BDE8F04717F0BCBE2146222016F073
S2140218B04FFE87E70024B3E72546D0E72A460F4BBC
S2140218C013F087FC014618B9252016F041FEE6E71C
S2140218D02146262016F03CFE40F6F431024817F068
S2140218E0A3FEDCE712590020B73604002853002076
S2140218F040600020896900203A600020DC660020F3
S214021900BB690020BA6900202C5300203D600020ED
S21402191038530020184B10B51B889B0704D440F69A
S214021920A661164817F080FE154B1B78053B012B67
S21402193004D940F6A761114817F076FE114B1B68D2
S21402194023B940F6A9610D4817F06EFE00240E4B2F
S2140219500E4921201C7016F0FBFD014618B9BDE8A1
S2140219601040FFF703BF022804D12046BDE810400E
S21402197016F084BE10BD00BF12590020B736040010
S2140219803D60002028530020386000202D1B0200F6
S214021990F8B55A4C23889A0704D54FF43E71584836
S2140219A017F042FE574801F07BF917F04BFD2388EB
S2140219B005465B070DD54FF0FF3013F057F8524B34
S2140219C01B68C01AB0F5717F03D90021042016F0F7
S2140219D093FD28464D4D17F030FD2B78042B32D15F
S2140219E017F030FD238806465F0708D545480021D4
S2140219F017F0C8FB3046BDE8F84017F01EBD17F0DA
S214021A001CFD17F01FFD424B06461B78414F13B9CB
S214021A10238859050FD50523012102202B7016F0C5
S214021A206BFDFFF777FF304617F007FD3B68DA7865
S214021A30394B1A70F8BD3868013017F0D3FE8206AB
S214021A40E9D50623E8E7062B4DD1344B1B78FF2B4E
S214021A50F0D1334E0EF0FCFB3378002B3DD017F05E
S214021A60F1FC238805465B0705D52648002117F0BA
S214021A7089FB2846BFE717F0E0FC3378013B33705A
S214021A8017F0E0FC04460121022016F035FDFFF7B0
S214021A9041FF20461F4C17F0D0FC2068013017F09B
S214021AA0A1FE00F44060B0F5006F13D12468012156
S214021AB00422204617F0BAF9204417F093FE014696
S214021AC0184B04201A783378D21AD2B2BDE8F840FE
S214021AD017F051BE4FF6FF71F2E740202B70BDE8BB
S214021AE0F84013F00ABC012BA4D100232B700E4B36
S214021AF01868FFF74FFB3F20F1E700BF125900209E
S214021B00B73604002C670020245300203D600020D6
S214021B10406000202853002039600020B869002069
S214021B203A600020BC6900203853002008B50A4BF2
S214021B301A7882B9012210281A7004D040F69D61E4
S214021B40064817F071FD0021202016F0D5FCBDE8EE
S214021B500840FFF70BBE08BD38600020B736040009
S214021B6008B5094B1B88DB0604D440F2C35107486C
S214021B7017F05AFD1020002116F0BEFC044B186820
S214021B80BDE8084013F01EBB12590020B736040009
S214021B9038530020012208B5074B1146186813F087
S214021BA0FEFA00212C2016F0D3FCBDE808400021E6
S214021BB00A2016F0CDBC00BF38530020014B400867
S214021BC0185C7047B469002008B513460A461946E1
S214021BD0064B186812F062FF30B1BDE8084040F6C6
S214021BE0E941034817F020BD08BD00BF3853002066
S214021BF0B736040008B5044B186813F0CEFA01385D
S214021C0018BF012008BD00BF3853002070B5054636
S214021C1017F018FC0E4B0F4E1B880446DA07357079
S214021C2008D50D4B0D4D1B78012B08D901212868CC
S214021C3013F05DFB2046BDE8704017F0FEBB1BB1FB
S214021C400EF0FAFAC305F1D4317881F00101EEE71D
S214021C5012590020B36900203E600020385300204D
S214021C600C4B10B51B880446DB0711D5FFF78CFB1F
S214021C70094B84F0010208211868D20012F056FEC1
S214021C8030B1BDE8104040F63671044817F0CCBCBF
S214021C9010BD00BF1259002038530020B73604008A
S214021CA008B5044B0146186812F003FF003818BF47
S214021CB0012008BD3853002010B50A4C23787BB1AA
S214021CC0FFF768FF0021042016F016FC0021022010
S214021CD016F012FC00232370BDE81040FFF7AABAE4
S214021CE010BD00BF3D60002038B5094800F0E8FC92
S214021CF00024084D95F84430E0B2834200D838BD3F
S214021D0005EBC000043000F0DBFC0134F2E700BF54
S214021D10DC5300203C53002008B5104602494822F6
S214021D20F8F71CFF002008BD9453002008B50548AC
S214021D3017F0EAFD014620B9BDE80840014817F051
S214021D4021BA08BD4C670020002238B51C4B154648
S214021D501C461A700132082A5D609D8043F8085FAF
S214021D60F8D1482200211748F8F768FD4FF6FE73AF
S214021D70A4F868306FF48033E365134B00211A88A9
S214021D80124B1868F8F75AFD114BC4E91255C4E90C
S214021D90283584F8445084F85050656584F8A85075
S214021DA0E9F704FDFF220B4B012118700A4B0020B5
S214021DB01A70E2F769FE0020FFF7B8FF002038BD70
S214021DC03C530020945300202E6900200C6600200D
S214021DD00000FFFF416000208760002010B5AC24A1
S214021DE0084B04FB0030836C53B990F850403CB962
S214021DF031B1C0E912122046FFF798FF204610BD07
S214021E002120FCE73C530020AC2370B503FB00F511
S214021E10094E731993F850405CB920460BF022FF26
S214021E20735D204643F002037355FFF77FFF20469B
S214021E3070BD0120FCE700BF3C530020AC23584392
S214021E40024A135C23F00303135470473C530020EA
S214021E5070B516461F4A04461278C2BBAC211E4D08
S214021E6001FB00518A6C92BB91F850203AB1022BCA
S214021E702DD191F84410072907D91C2026E091F8A5
S214021E8044100729F9D8012B08D0AC2000FB0450D7
S214021E90CA00011D0C30F8F723FD0021AC2303FB1A
S214021EA004F000249DF8143000EBC1012944CB71E4
S214021EB0049B8E808B602B1893F8442020460132B8
S214021EC08C7183F84420FFF731FF204670BD012055
S214021ED0FCE700BF406000203C530020F8B5234BCF
S214021EE004461B780F46002B3ED1AC23204D03FB45
S214021EF00053B3F8A03023B940F245311D4817F01D
S214021F0093FBAC2202FB0452D2F8A46036B192F8DC
S214021F10A33039460020B2F8A020B047AC230021F7
S214021F206343EA18A2F8A010C2F8A410482192F857
S214021F30A82001FB02322A44D2F89820964213D0F7
S214021F40EB5C9B070CD5AC226243AB5C204623F0CD
S214021F50020343F00103AB54BDE8F840FFF7E6BEC8
S214021F600BF0A2FE0028EED1F8BD00BF40600020B4
S214021F703C5300200E3704002DE9F04F89B005903F
S214021F8008460D4617F012F8044618B9212009B083
S214021F90BDE8F08F284617F025F8C0B20838215C55
S214021FA0221892F802A00491D178526827780392F8
S214021FB00022B4F80130ADF81E20434A029192F88E
S214021FC000B0BBF1000F08D0404B1B681BB1204687
S214021FD04FFA8AF298470020D9E703F00703022B4C
S214021FE070D0013409225946204616F01FFF023FE0
S214021FF03F1A3B0606465FFA87F8C7D4344FD7F82F
S2140220009090B9F1000F27D100210DF11E0B434627
S21402201022460846CDF800B00BF05CFDC3B205467A
S214022020002B4BD1BDF81E0013F0ABF9E0B9BDF89A
S2140220301E0013F08FFA8146BDF81E0013F0A1F9B8
S214022040F0B906EB080201232146584692B200F088
S2140220507BFDD0B119209AE75B465A4601212846F5
S214022060C8470028D0D191E7D7F89430BDF81E00B3
S214022070002BDCD0A11998470028D8D1022086E789
S21402208042464846A119F8F769FDBDF81E0016F04B
S2140220908DFF029B059A0372049B80F809A0837247
S2140220A0039B1BBAC360AC2303FB027393F8502056
S2140220B0BDF81E0022B1DB6C03B19847E8B266E7B2
S2140220C0BB6FF9E7012062E7406000202053002042
S2140220D03C5300202DE9F84308460F46164602F107
S2140220E0010913F03CFA8046384613F043F90428F7
S2140220F056D1384613F062F948F661054FF6FF727C
S21402210048F64103294C904208BF1D46B4F85C10BD
S214022110301D17F069FB384613F050F90146B01D22
S21402212017F062FBB4F85E1006F1080017F05CFBCD
S21402213006F10A04384614F0D5FE10B145F0100533
S214022140ADB22946484617F04FFB384613F002FA5E
S214022150424601462046F8F701FD3846012116F0B0
S2140221605DFF4444074660B116F03CFF054638461C
S21402217016F01CFFEDB201462A462046F8F7EEFCA2
S2140221802C440B4AA41B13780134591C1170F370AB
S21402219034703046BDE8F8430922012116F046BEE7
S2140221A0484617F01FFB4C460546C3E73C53002043
S2140221B041600020AC2210B548245043094B1A183F
S2140221C092F8A81004FB0100034493F87700022853
S2140221D006D092F850301BB9032818BF012010BD54
S2140221E00020FCE73C53002070B508B1012070BD0A
S2140221F0234C94F8A850002DF8D12946B4F85C2058
S214022200FFF714FA29462846B4F85E20FFF7F8F9D5
S2140222102946284604F16002FFF7D6FC94F8773088
S214022220002BE3D0284694F85860FFF749FA864216
S21402223015D1002094F95A50FFF736FA854216D186
S2140222400020FFF7B7FF0446002016F0A5FD002881
S214022250CDD02146BDE870400020FFF705BA2846DB
S21402226094F85810FFF73EFA0028E2D0BFE70020A5
S21402227094F95A10FFF70AFA0028E1D0B7E700BF30
S2140222803C5300200346AC2010B51446164A00FB09
S214022290032292F8770002280CD1E07F022809D1A7
S2140222A041B112490978012913D992F858102278B7
S2140222B091420ED118462178FFF708FA90B14822CB
S2140222C021460B48F8F74AFC002016F065FD08B9CF
S2140222D0002010BD044B93F8A8000028F8D1FFF7A1
S2140222E083FFF5E72120F4E73C5300207E5F0020C1
S2140222F09453002038B5AC230D4C054603FB00432F
S21402230000205A6DD86483F8500012B15865FFF762
S21402231027FCF5F75FFBFF281EBFAC2303FB054433
S21402232084F8A8000020FFF75FFF002038BD00BF3A
S2140223303C5300207FB51D4C94F8A83023B10020F2
S21402234084F8A800FFF750FF94F85A30B4F8A0605B
S2140223508DF80F3026B940F2FD21154817F064F9C2
S214022360144B31461D6800202A46FFF7B3FEE46F81
S21402237002469CB10DF10F03019300232946304615
S2140223800093A04702462C7854B920462146FFF710
S214022390A5FD2046FFF7CAFC04B070BD0122F2E795
S2140223A029460020FFF714F8F6E700BF3C5300204A
S2140223B00E3704000C66002038B5494B1C78002CFA
S2140223C058D1484800F06CFC204616F0E5FC002880
S2140223D050D0454C2378D90733D594F850201AB1FB
S2140223E023F00303237045E023F0010323700BF070
S2140223F043FC237805469A0701D50BF033FC2946A1
S21402240000200BF049FA40B92378284643F001032E
S2140224102370BDE838400BF025BC0023482284F820
S214022420A33094F8A83084F8A25002FB0343D3F8F2
S2140224309830A4F8A000C4F8A430BDE83840FFF7EE
S21402244079BF94F84400B0B104F1A003251D95E8C5
S214022450030083E80300FFF76DFF94F84420284644
S214022460D20004F10C01F8F73BFA94F84430013B31
S21402247084F8443038BDA26C62B99B0711D5237824
S214022480002023F0020343F001032370BDE8384026
S214022490FFF74CBC0123A06484F8503090472378A1
S2140224A09EE70BF001FC0028E9D194F8A83073B13E
S2140224B0F5F790FA94F85030002BDBD1FF2818BFBE
S2140224C084F8A800BDE838400020FFF78DBED4F897
S2140224D08C30002BECD098470028CBD1E8E700BF21
S2140224E0406000204C6700203C53002070B5044634
S2140224F0002016F051FCAC235C430B4E351995F8C0
S21402250050300BB1002070BD0028FBD0074817F0F2
S214022510FBF90028F6D1335D002BF3D195F8440081
S214022520B0FA80F04009EEE73C5300204C670020EA
S21402253010B5084A034613F020F814684FF6FF72E7
S21402254003EB40039C42184603D9018802339142AA
S214022550F8D010BDF85300202DE9F047204F05466D
S2140225603B88A3B3B0F90230002B30DBDFF87C8067
S2140225701C49D8F80000F8F7B7FB20B94FF4EA7107
S214022580194817F051F80026DFF85CA0DFF86090D3
S2140225903A88B3B29A4204D84FF4EB71504617F019
S2140225A043F8D9F80030B2B253F83200D8F8001027
S2140225B003EBC20468B943F83210A38828460133F5
S2140225C0A38012F0DAFFE38803EB4003E380BDE862
S2140225D0F087F8F789FB01360028D9D1EDE700BF6E
S2140225E014590020DB360400E53604006C67002030
S2140225F0EC53002038B5094C094D22682B689A42E4
S21402260004D94FF48771074817F00EF82868236834
S214022610C01A20F0010080B238BD00BFF853002077
S21402262000540020E536040038B5124C124D2146FF
S2140226302846F5F77DF823680BB12B681BB9DE2117
S2140226400E4816F0F1FF2A680D4B0E491A602368F1
S21402265023F0010313440B600B4B1A602AB9BDE842
S2140226603840F821054816F0DFBFFFF7C3FF64289D
S214022670F5D938BDF0530020F4530020E5360400A7
S214022680FC53002000540020F853002038B5094CB3
S214022690094D22682B689A4204D34FF48A71074880
S2140226A016F0C2FF28682368C01A20F0010080B224
S2140226B038BD00BFFC53002000540020E53604005D
S2140226C02DE9F0411D4B04461B78012B24D10088CE
S2140226D016F04EFC0546D8B10426DFF864802C4678
S2140226E016F0B0FE07462046FFF736FF638843EA39
S2140226F008036380A05B16F03BFC0446384616F0DF
S2140227009CFE1CB1B4F90230002BE9DA062E01D188
S214022710BDE8F0810626E2E7022BF9D116F092FE1A
S2140227200246208816F024FC18B10388C3F30E0371
S21402273023801046BDE8F04116F07FBE42600020BE
S2140227400080FFFF2DE9F04F0024BA4B97B00646F3
S2140227501C8016F077FE0123DFF8EC82B64F3B7042
S214022760B8F80030A8F80040ADF81630B34B1B6836
S214022770019316F062FEB24B21461A88B14BD20084
S2140227801868F8F75BF80DF11600FFF799FF002EB0
S2140227903CD1DFF8B8924FF0000B0125D9F8004083
S2140227A0019B9C4239D3BBF1000F39D1002DF2D0E8
S2140227B0D9F80040DFF898A225462246019B9A42A5
S2140227C073D302230DF116003B70FFF779FF002E3C
S2140227D040F08F80D9F800603246AA4280F0A2808C
S2140227E0908816F0C5FB18B10388C3F30E039380D6
S2140227F0D08816F0BDFB18B10388C3F30E03D3804E
S2140228001046FFF795FE0246E7E79847E3B256F80A
S21402281023300134002BF8D1BBE7BBF1000F3ED0CA
S2140228200BF1FF335FFA83FB16AB03EB8B0252F816
S214022830402CB2F9020051880028B1DA4B04AFD41A
S214022840924641F48040931D2AF8020F02933AF80A
S214022850020F16F08DFBF0B1B0F902E0B0F802C03C
S214022860BEF1000F17DB6FEA4C4C6FEA5C4CA0F827
S21402287002C00390FFF770FEBBF10F0F8FBF00255B
S21402288016AB039A03EB8B009EBF0BF1010340F8D5
S214022890402C5FFA83FB029B9A45D8D180E72046FC
S2140228A0FFF746FE22460446C3E7104612F065FED0
S2140228B08346B2F90200118800280AEA010108DA02
S2140228C0204616F04BFB084381B204EB4B0402EBA6
S2140228D04B0510461180FFF72BFE02466EE798471F
S2140228E05FFA8AF356F823300AF1010A002BF6D172
S2140228F070E74FF0000AF3E73046FFF719FE82460C
S2140229007EB1B6F902307188002B0ADA3088C0F33D
S2140229100E0016F02DFB864203462DD1C1F30D01A3
S21402292071805646AE42E7D3DFF81CA116F08AFD48
S21402293000210646504612F071FE16F019FB0546B7
S214022940002800F08780304616F077FD284612F001
S21402295014FE0646204616F001FB814676003246F5
S21402296029462046F7F7BCFF002249460DF116001D
S21402297016F0A2FF3444D9E71BD9304612F0FDFD0B
S214022980C1F30D01420071801846314692B2F7F744
S214022990A7FFC6E75046FFF7CBFDD146854203D9CF
S2140229A0B0F90230002B01DA824603E0FFF7C0FDE1
S2140229B0F4E7B146554507D9BAF80000C0F30E0051
S2140229C016F0D6FA8245E5D3B9F1000F30D0B9F841
S2140229D00000C0F30E0016F0CBFA034638B93346B1
S2140229E0CB46994513D8B1459BD0D946ECE7484625
S2140229F012F0C3FDB9F802204946C2F30D02A9F847
S214022A000220420092B21846F7F76AFFE7E7184636
S214022A100193FFF78DFD019B9B46854203D9B0F9D2
S214022A200230002B01DA0346DBE7FFF781FDF4E70D
S214022A30CB46DAE71659002042600020F853002001
S214022A4014590020EC53002018590020FC53002093
S214022A500080FFFFBDF816303870A8F80030044B2F
S214022A6030461C6016F0E9FC17B0BDE8F08F00BFD8
S214022A70F85300202DE9F041054616F079FA0F4684
S214022A800446D8B116F002FF20B940F2FB412048B6
S214022A9016F0CAFD284616F0A5FA05462046FFF7A8
S214022AA047FDBD42064609D004D840F203511848F5
S214022AB016F0BAFD2588ED0B02D02781BDE8F0811D
S214022AC06780204612F059FD074604EB400816F0D0
S214022AD0B9FC104B1A68B2420AD1C3F8008016F04D
S214022AE0ACFC2A464046BDE8F041FF21F7F7A6BEF9
S214022AF0A6EB0806B5B216F0A0FC072DF1D9002306
S214022B00083D44F81730C8F80430A8F80250D5E754
S214022B10E5360400F853002038B516F093FC002181
S214022B200546044812F07AFD0446284616F085FC4F
S214022B30204638BD18590020024B1888B0FA80F09B
S214022B4040097047185900202DE9F74F04460088BF
S214022B501F4616F00DFA88461546064616F096FEED
S214022B6020B940F2FE613F4816F05EFD3388DB0B6B
S214022B70009306D033892B443381002003B0BDE88E
S214022B80F08F208816F02EFA82463046FFF7D0FCE9
S214022B90019016F057FCDFF8D0B0019BDBF800205E
S214022BA081469A421DD1FFF725FDA84204D2484627
S214022BB016F043FC1A20E1E70AEB050373803FB1E7
S214022BC0208816F0F3F92A4641465044F7F7C6FF26
S214022BD03046FFF7ADFCCBF80000484616F02DFC59
S214022BE0CBE716F02AFC208816F0FCF92844009958
S214022BF080B216F04FFA06460028DBD016F0D6F959
S214022C008146208816F0D2F98246208816F0EAF924
S214022C10514602464846F7F7A1FF3046AFB116F0D6
S214022C20C5F90746208816F0DDF92A46414638449B
S214022C30F7F794FF0121208816F0F0F901210246E9
S214022C40304616F0FFF9268097E716F0AFF9804671
S214022C50208816F0C7F92A4639464044F7F7EEFDB3
S214022C60E8E700BFE5360400F853002034210148A7
S214022C7016F0DABCF9360400036910B55BB1826857
S214022C80064B9A4201D1002010BD446916F0C5FCDD
S214022C90201AF9D5F7E74FF0FF30F5E76D2C020062
S214022CA082681C4B70B59A420446056819D116F024
S214022CB0C9FB236923B1A34206D100222A601A6106
S214022CC0BDE8704016F0B9BB1A4611461269A24218
S214022CD0FBD12A68A24208BF29600B610023236148
S214022CE0EEE7036993B198426E6803D19D210A48C4
S214022CF016F09AFC2B46B44209D122699D4218BFAF
S214022D001A614FF0000308BF6A60236170BD334644
S214022D103669F0E76D2C0200F93604002DE9F0471B
S214022D20074600254FF0010A154EDFF858808AB094
S214022D30347914B90AB0BDE8F087D6F8009087B99E
S214022D4000972A46B8F80010234603A816F043FE5A
S214022D502246484603A9E9F7EBF92544EDB20836C0
S214022D60E6E7224603A94846E9F7B6F9CDF800A0F9
S214022D7023462A46B8F8001003A816F02CFEECE705
S214022D80848204001A5900200148FFF799BC00BF4C
S214022D901A5900209C46174BF7B50546084619886F
S214022DA0164611B1144B1C78CCB101466246304629
S214022DB0BDB103B0BDE8F040E9F78EB91C44E4B2F9
S214022DC008373B79002BF0D03A689642F6D185F068
S214022DD001052246009516F0FEFD03B0F0BD074F32
S214022DE0EFE7E9F7A5F9B0B203B0BDE8F04010F09E
S214022DF09BBD00BF1A590020BD69002084820400D2
S214022E0010B5074C238843B10020FFF787FF002048
S214022E10FF22044B20801A7010BD0220FCE700BF80
S214022E201A590020BD690020142810B518D80828A1
S214022E3005D110F0E2FDC401E4B2204610BD0E2812
S214022E4002D110F0DDFDF6E7064B53F82040002CC9
S214022E50F3D00A282478F0D105F0A0FE0443EBE76D
S214022E60FF24EAE7D4820400014BB3F868007047F7
S214022E703C53002000487047A6530020014B1878A8
S214022E80704700BFBC5F0020014B1870704700BF40
S214022E90BC5F0020194B022810B5187002D0043807
S214022EA001281BD8164B1B78042B03D0002115488B
S214022EB016F068F9144B1B689A001BD513F0805F56
S214022EC040F6114418BF4FF44164204611F02FF922
S214022ED090B92046BDE8104010F024BD0948FFF71F
S214022EE0DFFE0A48FFF7DCFE162412F0C3FD11F0DF
S214022EF018F9EAE71524E8E710BD00BFC05F002016
S214022F00C15F002070670020BC45002028450020D5
S214022F10024B187800F00F00704700BFC05F002019
S214022F20034B187800F00F00831E58425841704732
S214022F30C05F002008B512F088FDC0B112F09EFDF9
S214022F40A8B10AF0A7FF90B90A4812F030FB70B198
S214022F50094812F02CFB50B110F057FD38B111F0B1
S214022F60E8F820B9BDE80840044812F0D1BB0020BA
S214022F7008BD00BF1C5900204E59002004540020F2
S214022F8030B505460C4693B081B910B9002013B08F
S214022F9030BD1023214A69460120FFF7FBFE9DF84B
S214022FA005305A1E052A28D91720F0E718220021D4
S214022FB02046F7F743FC002DEBD1FFF7B1FF30B305
S214022FC010F0EEFB6A4601460020FEF7A5FEBDF8AD
S214022FD00430204623819DF80230A3729DF800300B
S214022FE0E37212F0D1FE002304F11401237304F1FC
S214022FF0100003F0CBFDE081C8E7094A9DF80410F3
S21402300012789142D0D12B70002CD6D1BEE7054B58
S2140230101B78033B022BD3D9C6E700BF64EE010040
S21402302094690020C05F002030B593B005460C4678
S214023030FFF776FF20B90C4B1B78033B022B10D808
S21402304010F0AEFB6A4601462846FEF765FE0020F3
S2140230509DF80230607023709DF80030A37013B0A4
S21402306030BD1720FBE700BFC05F0020054B187875
S214023070012805D000F0FD00A0F131035842584166
S214023080704700BFC05F00201FB50146002201A89E
S21402309016F048F9064801A916F06BFC20B115F0A7
S2140230A085FF4089C0F3400005B05DF804FB00BF11
S2140230B03C69002030B585B00D460022014601A8C5
S2140230C016F030F9084801A916F053FC50B115F075
S2140230D06DFF0446014608222846F7F701FC608980
S2140230E0C0F3400005B030BD3C690020F8B5054687
S2140230F0F8B100210F4816F0D9FB0446A8B10D4FCF
S214023100204615F053FF064616F0F8F8830705D456
S214023110082229463046F7F7DDFE38B12146384602
S21402312016F0E8FB04460028EAD10024201E18BF49
S2140231300120F8BD3C69002010B50C460146064841
S21402314016F017FC30B115F031FF43891C4214BF4C
S2140231500120002010BD00BF3C6900201FB51446A8
S214023160024601A816F0DEF8074801A916F001FC8F
S21402317040B134B115F01AFF142201462046F7F783
S214023180AFFB012004B010BD3C6900201FB501460C
S214023190002201A816F0C6F8094801A916F0E9FBB4
S2140231A058B115F003FF4389024613F0020004D01B
S2140231B0507B80F00800C0F3C00005B05DF804FB49
S2140231C03C690020F7B59DF824400D4601949DF811
S2140231D02040064600941F4613F073FE4FF6FF711A
S2140231E08842044610D0BB0711D4284600F056FF8A
S2140231F0204616F0E5FBFF281FBF084A32F81030BB
S21402320023F4804322F81030204603B0F0BD024675
S2140232102946304612F012FBEAE700BFEC580020BF
S21402322073B50E460146144816F0A3FB0546D8B100
S21402323015F0BCFE43890446334012D09B0736B2D3
S2140232400BD5002E09DAA17B437B0289007B019114
S214023250012100912146FFF7B5FF638923EA0603A1
S2140232606381628912B1012002B070BD294602480C
S21402327012F0F3F9F7E700BF3C6900200148FFF7B8
S2140232801FBA00BF3C69002013B53E4C0DF098FDF6
S214023290D4F8FC311020C3F307430193FFF7C4FDB3
S2140232A0000650D50020FFF7BFFD01064BD5019B57
S2140232B0802B3ED1236A9A0704D440F61544204652
S2140232C002B010BDE3699B07F7D52F4811F05DFAEF
S2140232D0012012F02DF80DF086FD04460028EED1EE
S2140232E000F042F9294812F0EDF900F099F9E8F7F2
S2140232F05DF80DF064FD08F003FF08F055FFF4F7E3
S21402330061FAF4F7FFFAF4F719FB03F0DBFD10F0AD
S21402331076FB10F077FB10F00FFF1D4813F0DAFD76
S21402332006F08CFA10F0CBFE0028C8D010F0C9FECA
S214023330C5E7019B812BC0D1D4F80C315B00BCD50C
S214023340D4F80C31BFE71020FFF76EFD0006BCD4A0
S2140233500020FFF769FD0106B7D5019B802B05D13A
S214023360084B1A6AD207A8D5DB69ACE7019B812B0A
S214023370A3D1044BD3F80C21002A9EDAD3F80C31E1
S214023380A1E700BF0080E00F690345EC045400206B
S2140233908930020010B512F06AFB70B301F0E0FA51
S2140233A080F00104E4B20020FEF724FC44EA800424
S2140233B024B212F04AFB10BB02200443164816F051
S2140233C0A3FA44EA4014154816F09EFA24B244EAD8
S2140233D00014134816F098FA24B244EA80141148EE
S2140233E016F092FA24B244EA40240F4816F08CFAF9
S2140233F024B244EAC02080B210BD0124D3E70B48B1
S21402340012F0D5F80028D7D0094812F0D0F880F08C
S2140234100100C0B24000D0E7B067002094680020E8
S214023420C045002014680020746800201C59002043
S2140234304E59002008B501F07FF8FEF709F8144847
S21402344012F0B5F808B904F025FF124812F0AFF8EA
S21402345008B906F0DDF902F095FF0F4812F064F99C
S2140234600E4B1B78043B022B09D80D4816F04CFA7B
S21402347028B1FFF78FFF102801D107F0E1FC10F00A
S214023480C6FA12F0EAF9BDE808400648FFF75AB94C
S2140234901C5900204E59002004540020C15F002011
S2140234A0946800204C830400014B1868704700BFE4
S2140234B0385300204FF6F77370B5984204460D460F
S2140234C086B043D812F0D7F9A04207D10822204985
S2140234D02846F7F705FA002006B070BD1D4EB6F86E
S2140234E06830A3420AD10022082106F16A0012F0CF
S2140234F050F918B9082206F16A01E9E784B10023F7
S214023500012219462046009308F05CFDFF2811D1DF
S2140235102946204608F000FF80F00100C0B2DBE733
S2140235200D4B1B689B07EAD4284606F0FBFD0028D5
S214023530E5D0D0E702A913F06FFB0028E8D1DDF84A
S2140235400D302B60DDF811306B60C4E70120C3E755
S214023550436000203C530020BC450020014B1870FD
S214023560704700BF9469002010B5054C082221461A
S2140235700448E8F7B1FD204612F0B7F910BD00BFC7
S2140235804360002034B608C00048704743600020FD
S214023590082208B50349F7F79DFCB0FA80F0400907
S2140235A008BD00BF43600020014B1870704700BF83
S2140235B0B45F0020F7B50D46044616461F460021A6
S2140235C0284601F061FD0B4B002183F859402A463C
S2140235D03346204600970AF03FF9014630B10222F0
S2140235E0204603B0BDE8F04000F006B8012003B064
S2140235F0F0BD00BF3C53002013B513460C461AB16B
S214023600022A0CBF134601230021044A01910092AC
S2140236102246FEF71DFC02B010BD00BF515B030040
S21402362000B5002093B0FEF78FFB1E4B188813F0F0
S21402363052FC1D4B1D491A7800200AF091F93422DB
S21402364000216846F7F7FAF80B238DF800306FF47E
S214023650803301934FF6FE73ADF8103003238DF8D6
S2140236601D30134B134A0893134B10680993134BE0
S21402367051680D93124B6A460E93124B0F93124BE0
S2140236801093124B119302AB03C300210846FEF7B8
S214023690F9FD6A4601210020FEF7F4FD13B05DF83D
S2140236A004FB00BF28690020A3690020E44604004A
S2140236B0C93A020043600020ED580300B1670200D9
S2140236C0713C0200DD760200515B0300E1630200FA
S2140236D0014B1878704700BF4B600020014B1888DA
S2140236E0704700BF406900202DE9F74F814610461B
S2140236F00E46904616F076F8DFF840B105469BF87F
S214023700003033B94A4B1B681BB94A4B1B68002B67
S2140237107FD015F4406A05F040071BD19FBBB5F574
S214023720804F61D24FF48074B9F1400F73D0B9F173
S214023730800F63D0B9F1100F6BD100239BF8000005
S2140237403D4AD9B2884264D932F8021B0133A142FB
S214023750F7D166E008F1030016F044F84FF6FF735F
S214023760984214BF0124022487B1052705F440437A
S214023770B3F5004F44F0080425D0B5F5804F24D2A7
S21402378044F4807421E054460327EFE7B5F5804FF2
S2140237904FF00507F4D3BAF5406F14BF0220082095
S2140237A03844404416F01EF8019012F081F8019B4E
S2140237B005F4404598420CBF44F0080444F0040463
S2140237C0B5F5004F01D144F08004BAF5006F0FD171
S2140237D008EB070016F006F8054612F04CF8A84269
S2140237E0A2D144F010049FE7544603270220D7E7ED
S2140237F0BAF5406F08BF44F0200495E70C4B1B68EF
S2140238003BB10022D1B233F8110033F9111000296E
S21402381003DA002008E0074BF1E7A04202F10102BA
S214023820F0D106B13480012003B0BDE8F08F00BFAE
S21402383014540020185400206C5900208460002084
S214023840034B1A78022A04BF09221A70704700BF77
S2140238504C6000200C22034B1A211A70032000220F
S21402386001F090BD4C6000200C2208B5054B1A21D1
S2140238701A700022104601F085FD0022024B1A60E3
S21402388008BD00BF4C600020205400200C2270B5FA
S2140238900D4B05461E781A7030B93046BDE87040AA
S2140238A000221A2101F06EBD084B1C78E1B21A29DB
S2140238B0F3D825FA04F3DB0703D54422304601F099
S2140238C061FD0134F2E700BF4C600020BF690020B2
S2140238D00C22024B1A7010F025BC00BF4C60002070
S2140238E0F0B50C8805460E468BB0E4B94FF6FF7766
S2140238F0ADF8247010F02BFC10B902200BB0F0BD0E
S214023900CDE90340CDE90544134A0294B2F85C308F
S2140239106032019300923B464CF60101FF2009AA51
S21402392013F0F4FA3080284612F0EBF80B4C70B124
S214023930237863B1013BDBB22846237012F0E1F82C
S21402394038B12078B0FA80F04009C0B2D6E7052335
S214023950F2E70120F9E700BF3C530020BE690020D1
S214023960034B11461B6803B118470FF09BBF00BFFD
S214023970205400200C22024B1A7008F039BF00BFF8
S2140239804C6000200148FEF79BBE00BF1E59002077
S2140239907FB505460C46164615F032FD00286BD15B
S2140239A0062D03D85223EB40DB071AD4B4F1006F7E
S2140239B005D3E30E1C3B032B18D94F202EE0002222
S2140239C02F4B1A602F4B1D7011F009FF03460A2D6C
S2140239D054D8DFE805F02D183E49182518535341F0
S2140239E0360002F0A3F8B4F1006FE2D20022244BB4
S2140239F0042D1A60234B1D70E6D1022001F0B6F9A1
S214023A0011F0EDFE0346012202921F4A01921F4A5E
S214023A1000921F4A314620460AF078FA04B070BD7A
S214023A20314620461B4A04B0BDE870400AF056BA3A
S214023A3031462046184B194A04B0BDE870400AF0D9
S214023A4031BA00220292164A0192104A0092154A90
S214023A50E0E702220B4B1A7000221046124904B00D
S214023A60BDE87040FEF7BAB9002202920F4A0192F0
S214023A70064A00920E4ACDE74D20CFE70120CDE759
S214023A80205400204C6000208D380200C93A020003
S214023A903D5B030075390200693802006139020095
S214023AA0D1380200E13802004138020055380200DF
S214023AB0FF5A030008B50AF059FA0C22014B0020FF
S214023AC01A7008BD4C600020F0B585B0ADF806004F
S214023AD018B97621644815F0A7FDBDF8060011F066
S214023AE049FC0446BDF8060011F044FC082846D0FE
S214023AF00C2CBDF8060042D111F02CFD074615F03D
S214023B0071FE0DF10F010646BDF806000FF068FFC4
S214023B10002879D009220021384615F087F99DF849
S214023B200F301033C518BDF8060015F05BFAEDB27B
S214023B30854269D22946BDF806000AF025FB06F43E
S214023B404C4416F44066054614D0F81C15F04AFE9E
S214023B504FF6FF73984208BF44F04004B6F5006F74
S214023B6008D1781D15F03EFE4FF6FF73984208BF47
S214023B7044F010049DF80F305BB3072D44D1BDF816
S214023B80060011F0EDFB0446BDF8060011F0F2FB4C
S214023B90082817D0A30615D524F0200189B2BDF84F
S214023BA0060011F0C8FBBDF8060011F0D3FC002198
S214023BB0092215F03BF900F1100189B20DF1060059
S214023BC013F0CDFA0022BDF80610284815F074FE50
S214023BD01AE0082D16D8BDB1013D072D14D801A351
S214023BE053F825F0413C02004D3C0200093C02001D
S214023BF00D3C0200093C0200593C02007F3B0200D9
S214023C005F3C02007C2D24D005B0F0BD24F488442D
S214023C10A4B2B4F5084FF7D1BDF8060011F0A5FB23
S214023C20BDF8061013F05CF90028A8D0BDF806000F
S214023C3011F0F3FB00220146022015F09CFDE3E79B
S214023C4024F48064A4B2B4F5484F97E7B4F54C4F19
S214023C5094E7B4F54C4F92D04CF6500301E04CF684
S214023C6040439C428AE700BF073704001C590020E5
S214023C702DE9F7430F4690469946064615F096F903
S214023C800446304615F0AEF9C5B2083D2C44E1783C
S214023C90094BA2781970094B31461A700020434628
S214023CA03A46CDF800900DF016FD003818BF0120F8
S214023CB003B0BDE8F08300BF6660002065600020A8
S214023CC02DE9F04FDFF84081DFF8409198F80020A8
S214023CD099F8003006469A4285B004D340F219118C
S214023CE0424815F0A1FC30460DF10F0115F032FBEB
S214023CF020B14FF48E713D4815F096FC98F800708E
S214023D009DF80F403D1B15F0FF0530D04FF0FF3CED
S214023D10374B01211B78A140184699F800304FF620
S214023D20FF790CFA03FC0023324A01F1FF3E0193AD
S214023D30C1F1000A9DF80430984243D8122004FBD1
S214023D4000002D4BA0F1120105EBC50252001944EA
S214023D5004F101091844F6F7C3FD4FEA890927481A
S214023D60A9F104010144AA004844F6F7B9FD224924
S214023D7004EBC40201EB420321F81260204A013729
S214023D8012784FF6FF71DA731A745A7412025A8056
S214023D901C4A0D2012781A7110225A7100229A7348
S214023DA0C3F80620C3F80A20144B43F8242088F8E8
S214023DB0007015F0E0FC0EB912F0F1FE204605B0D8
S214023DC0BDE8F08F13884B450AD053680AEA030B06
S214023DD003EA0E030B4403EB4B0343EA0C03536064
S214023DE0019B083201330193A4E700BF1A3704008F
S214023DF0A06900208C430020B85800208843002089
S214023E00666000204D600020BA5F00209E69002098
S214023E1010B5074C2046FEF743FF04F06BFB02F09A
S214023E20DDFE2046BDE810404FF47A5115F0AAB9DF
S214023E30706700202DE9F041074600250A4B0B4E1D
S214023E4093F80080ECB2A04503D8FF242046BDE8D4
S214023E50F08108223846B11DF7F73CF801350028F4
S214023E60F4D01236EEE700BFBA5F0020B858002042
S214023E7007B50DF1070115F06DFA30B19DF8073060
S214023E80034803EBC30300EB430003B05DF804FBF7
S214023E90B85800202DE9F843294E044633785D1EB3
S214023EA02D1A8342EDB204D84FF4A171254815F0BD
S214023EB0BBFB0123A3404FF0FF305F1E3B440021B3
S214023EC04FF6FF7E6FEA03081F4A92F800C01F4AA9
S214023ED0127890401E4ACBB29C4523D8BDB127B279
S214023EE004EBC4041B48640005EBC50204F112018E
S214023EF0014452002044F6F7F3FCBF001648AA001D
S214023F00391D014402F0FC023844F6F7E9FC337826
S214023F100022013B33704FF6FF71BDE8F8430E20D6
S214023F2015F029BC1388734507D0536808EA0309BD
S214023F303B4003EB59030343536008320131CAE79F
S214023F40BA5F00201A370400A06900209E6900208C
S214023F508C430020B85800208843002010B50A4C35
S214023F60207858B9094B1B781A2B03D9992108488F
S214023F7015F05AFB0322074B1A7010BD0138C0B267
S214023F80FFF788FFECE700BFBA5F00209E690020BB
S214023F901A370400B65F00202DE9F047054615F0F3
S214023FA0FEFCFF28044624D1DFF884901E4B99F8C5
S214023FB000201B789A422BD22846BDE8F047FFF72E
S214023FC07FBE38883B79504518D86F2B4FEA1312BC
S214023FD014D85B0710D0123708F1010899F80010C0
S214023FE05FFA88F6B142ECD80023104ADEB28E425F
S214023FF014D32046BDE8F087022AECD912F040FF1F
S2140240000028E8D129463046BDE8F04711F0BABD8F
S2140240104FF000084FF6F77A044FDFE710790133C6
S2140240208F28EFD81232E1E79E690020B8580020A8
S214024030BA5F00204FF6F773984210B514D8FFF710
S214024040ABFFFF2810D0134C00B200EBC00004EB0D
S21402405040040DF053FD104938B962880B7802EB24
S2140240600313A3EB1213638010BD227C637C0978D2
S2140240709A42E2732374617407D98B4203D21346C1
S2140240808B4228BF0B461B02EDE78A42F8D3134643
S214024090F9E700BFB8580020666000202DE9F0411D
S2140240A006460F4600240E4DDFF8388098F800309A
S2140240B0A34201D8BDE8F081082229463046F6F729
S2140240C009FF40B935F8063CBB4204D02046FFF74C
S2140240D0E1FE013CE4B20134E4B21235E6E700BF89
S2140240E0BE580020BA5F0020F8B5054608460E46C0
S2140240F0FFF7A0FEFF2830D01D4B294653F820704C
S2140241003046FFF7CBFF2846FFF746FFFF28044658
S21402411025D112F0D0FEFF280AD1164C207838B1ED
S2140241200FF041FB2378B0FBF3F202FB1300C0B2A0
S214024130294611F027FD044623B20F4D03EBC303B5
S21402414005EB430508223146A81DF6F7C9FB2B7975
S214024150204603F00F032B71F8BD0027D3E7074B69
S2140241601B78002B18BF0027014B43F82070E3E7AB
S214024170884300209E690020B8580020C0690020AD
S21402418038B50B4B04461B780D46834204D840F2E2
S2140241905A21084815F048FA074804EBC40400EB15
S2140241A044002946BDE8384008220630F6F798BB98
S2140241B09E6900201A370400B858002070B50446DD
S2140241C008460E4615F0EBFBFF28054610D02046A3
S2140241D0FFF730FEFF2807D0084B1B7823B9084BA1
S2140241E053F8202043F8252021462846FFF7C8FF2B
S2140241F031462046BDE87040FFF750BFC069002038
S214024200884300202DE9F8430024804601272646ED
S214024210114DDFF84C9099F80030A34210D83E4377
S2140242200134E4B21A2C4FEA470705F11205F2D11F
S2140242304FF0FF30094B1B7898403043BDE8F883B7
S2140242402B884345EBD0284611F0E5FC0328E6D838
S2140242502B796F2BE3D8E3E7B85800209E6900203D
S214024260BA5F002010B5084C00EBC00004EB400417
S21402427023795B0707D1204611F0CDFC237923F082
S21402428007031843207110BDB85800200022084BBF
S2140242901878084BD1B2884203F1120300D870474F
S2140242A013F80D1C013221F0100103F80D1CF1E782
S2140242B0BA5F0020B85800202DE9F04702261227E0
S2140242C0DFF85C90DFF85C8099F8004000250CE08F
S2140242D007FB05F338F803A00021504611F0B0FCA6
S2140242E010B15CB1013CE4B2013599F80030EAB293
S2140242F09342EDD8A34204D14FF6FF7A5046BDE86A
S214024300F0870FF050FA99F80030012EA3EB040361
S21402431090FBF3F202FB1300C4B2EDD00126D5E700
S214024320BA5F0020B8580020034B00211A780348D1
S2140243309200F6F783BA00BF9E69002088430020E9
S21402434010B5134B0C461B7886B0834212D911491E
S21402435000EBC00001EB4001082220460631F6F7CA
S214024360BFFA00220821204611F013FA80F001005D
S214024370C0B206E0C01A01A9C0B212F0A5FD10B183
S214024380002006B010BD01AB03CB20606160E8E7F9
S2140243909E690020B858002008B5074B024653F81D
S2140243A020308B4206D915204FF6FF7115F0E3F93F
S2140243B0002008BD0120FCE788430020024B0131A3
S2140243C043F82010704700BF884300202DE9F347CA
S2140243D081460C4600272A4EDFF8ACA09AF8003039
S2140243E0FDB2AB4210D86946204612F086FDC0B335
S2140243F0082269464846F6F76DFD90B349462046C0
S21402440011F0C4FEFE2537E006F1060808224146F2
S2140244104846F6F75FFD90B94FF6FF739C422BD0E5
S2140244203388A34228D0204615F0CAFAFF2814D1B2
S2140244304946204602B0BDE8F047FFF755BE14B91C
S21402444012360137CAE73388A342F9D1002208217F
S214024450404611F09EF90028F2D12846FFF71AFDD1
S214024460CCE74946002015F0A9FAFF28054603D0F6
S214024470044B1B780344DDB2284602B0BDE8F08741
S214024480B85800209E690020BA5F00200F4B1B78A8
S21402449083420CD8C01A0E4AC0B232F81030D90481
S2140244A011D443F4805322F8103001207047094B90
S2140244B000EBC00003EB40035A79D10603D442F066
S2140244C010025A71F1E70020704700BF9E69002073
S2140244D0EC580020B8580020F0B5134B06461B785F
S2140244E0FBB100251148DFF84CC090F800E01048F8
S2140244F007781F44E8B2864501D80020F0BD7C1B31
S21402450094FBF3F003FB10440CEBC4003CF834407D
S214024510B44204D1002AF1D184788C42EED001351F
S214024520E8E71846EAE700BFA0690020A845002091
S214024530B85F00208C43002070B50CF032FC1425C6
S2140245400F49104E0B78328830809B1A03449BB278
S214024550B3FBF5F405FB14330B700B49E2B20B7890
S214024560934292BF00239B1ADBB2032A0B7088BFCA
S214024570002306499EBFD2000B68D3400B6070BD75
S2140245804F60002020590020B75F0020A845002079
S214024590084B1868084BC2B21B789A4208D2074BDF
S2140245A0C0F307201B78984234BF002001207047D2
S2140245B001207047A8450020A06900204E60002018
S2140245C0F8B505461746FFF7E3FF064610B9184B3F
S2140245D01A783AB9212001224FF6FF7115F0CBF86E
S2140245E00020F8BD1348DFF854C003780133B3FB4C
S2140245F0F2F402FB143303700F48DCF8002000EBE1
S214024600C30420F8335002F10132A1703846CCF8C8
S2140246100020FFF7F7FDE670606011F02CF9A84263
S21402462001D10120DDE7E3780133E370F9E700BF4B
S214024630A0690020B85F00208C430020A845002017
S21402464010B50B4C0B4A2378063B13700CF0A9FBF3
S2140246500022094BFF211880084B09481A6022786D
S214024660D200F6F7EBF80422064B1A7010BD00BF14
S214024670A06900204E60002020590020A845002096
S2140246808C430020B75F00202DE9F843074614F05C
S214024690C4FF05461A4815F037F91A4B48B31C688A
S2140246A03C1B2C44A4B20022174BDFF864901B7804
S2140246B0164D99F8006005EB03155FFA82F8464539
S2140246C009D9AB8805F11000A34215D9B21A2946BA
S2140246D01201F6F705F9013689F80060AC80B8F1E8
S2140246E0000F03D13946064814F04CFD2846BDE8B3
S2140246F0F8833C461D60D6E705460132DDE700BF7B
S2140247009067002024540020516000208842002038
S214024710526000202DE9F74F14F07FFF4FF0000E95
S214024720284D294F2978294C97F800A004EB01134D
S21402473003EB0A120092F3465246DFF898801FFAFD
S21402474080FC0646B8F80000ACEB0009A0EB0C00B3
S2140247501FFA89F901900098984217D1BEF1000F0E
S21402476000D02970524503D200203A70FDF7DEFAD7
S2140247703B7823B32B78164804EB0314A188C8F8B9
S214024780006003B0BDE8F04F14F0FCBCB3F804C000
S214024790CC450FD84FF0010E93F802C001310CF150
S2140247A0FF3C013AA3F804B083F802C0C9B2D2B201
S2140247B01033D0E701988444A3F804C0F8E703B0A6
S2140247C0BDE8F08F51600020526000208842002031
S2140247D090670020245400207FB56C461E4B1F4D68
S2140247E01E78013EF6B21E7095E80F0084E80F00B0
S2140247F01B4B28461A7805F1100132441201F6F7CF
S2140248006FF89DF8026016F00F0511D1BDF808008A
S21402481009F02CFE360918BF29464FF00002BDF8F3
S214024820000008BF039904B0BDE8704002F022BD44
S214024830BDF80400FFF728FF0346828804ADADF8F2
S2140248400420224603CAAA4218605960144603F19D
S2140248500803F6D104B070BD5160002088420020E3
S21402486052600020F8B50024084D094F094E3B78E7
S2140248703178E2B20B449A4204F1010400DBF8BD3F
S2140248802846FDF71DFF1035F1E700BF88420020DD
S214024890526000205160002070B5134B06460D464C
S2140248A0104612491A78124B09781B780B44934229
S2140248B006DB1F204FF6FF7114F05DFF002070BD6F
S2140248C0FFF7E2FE013506808570044614F0A0FE6E
S2140248D0E08009F0D1FD40F602432081E36000202B
S2140248E0FDF724FA0120EAE79D69002052600020C5
S2140248F0516000202DE9F84386460023144FDFF866
S2140249005C803E7898F8005012497219DCB29442E4
S2140249101CDA4FEA041C31F80C900133F14501EB26
S2140249200410F3D1631CD21A0CF1100C120161446C
S214024930F5F7D6FFA5428BBF05F1FF3506F1FF3628
S21402494088F800503E700CB9034B1C70BDE8F88323
S21402495052600020884200205060002051600020F3
S214024960044B054A1B781278D3420CBF0120002064
S214024970704700BF5160002052600020024B18783A
S214024980003818BF0120704751600020002108B58A
S214024990084B09481970094B1970094B1970094BD5
S2140249A01A781201F5F74AFFBDE808400648FEF7F6
S2140249B077B900BF52600020884200205160002074
S2140249C0506000209D6900209067002010B50B4CB7
S2140249D023784BB10A4802F03BFD58B1084B01213F
S2140249E0188811F03AF808B9002010BD0122054BCC
S2140249F01A70FAE7FFF7F0FEEAE700BF5160002000
S214024A00884200205060002010B50E4B1B78BBB1C8
S214024A100D4C238883424FF0000311D10B4AE1600C
S214024A20137049B9A3781033A37011F0E0FA18B9DD
S214024A30A37823F00F03A370FFF7CEFE012010BD6C
S214024A401846FCE751600020884200205060002093
S214024A5070B592B00C4606460EF0A2FEE17A054606
S214024A600020FCF733FE28B394F90A0010F09CFEEF
S214024A7010BB134BE27A294683F85820A27A83F8B1
S214024A805A206A46FDF748F94FF6FE739E420CBF5F
S214024A904FF6FF7323896A4629460020ADF8066062
S214024AA0ADF80430FDF7EEFB40B92289054B5A807B
S214024AB012B070BD5520FBE75620F9E72120F7E734
S214024AC03C5300202854002010B504460146082214
S214024AD00948F5F705FF237B022B0AD8002B14BFE3
S214024AE03122012205490B7017234B61044B1A70C1
S214024AF010BD00230122F5E72C5400202854002084
S214024B00C05F0020014610230120014AFEF742B989
S214024B1064EE0100014B5861704700BF2854002024
S214024B20014B1878704700BF2854002010B5054C7A
S214024B302378112B03D0E221034814F075FD41239C
S214024B40237010BDC05F002025370400064B0146C7
S214024B501B78042B04D1054A137E0533137670475F
S214024B60034814F00FBB00BFC15F0020285400208A
S214024B70B067002008B50648FDF7A2FD0548FDF718
S214024B809FFD0EF039FFBDE8084000F0EBBF00BF06
S214024B901C5900204E590020064B1878332806D0A0
S214024BA000F0EF00A0F1430358425841704701203D
S214024BB0704700BFC05F0020002208B5074B4FF6C3
S214024BC0FE701A7010F063FE4FF6FF7010F07CFE57
S214024BD0034B5869BDE808400EF0A4BEC05F002033
S214024BE02854002008B5064B187838B10548FEF759
S214024BF043F84FF47A73B0FBF3F0C0B208BD00BFBF
S214024C00B55F0020684500202DE9F0438BB00746CB
S214024C10154698460E469DF8489049B9104605AC8A
S214024C2014F0CEFE214612F04FF9172818BF26467A
S214024C30B9F1000F0AD1124B1B781BB9284612F0A5
S214024C4060F9D0B92846FEF7A1FA02E0284612F02B
S214024C5058F980F00104E4B29DF850302A460293D7
S214024C609DF84C303146CDE90093384643460394CE
S214024C7011F037F80BB0BDE8F0834C46ECE700BF06
S214024C80BC5F00200022014B1A7670472854002091
S214024C9008B50020FEF788FC0023024AC2E9013369
S214024CA0538008BD2854002010B5144B1B78033BD4
S214024CB0012B16D8124BB3F868204FF6FF739A42B0
S214024CC00FD10320FEF7E6F801F052FFFFF7E0FFF0
S214024CD0002014F061F878B1BDE81040002010F012
S214024CE047BCFEF7C7F80446FEF7BEF80146204664
S214024CF007F01AF80220E5E710BD00BFC15F0020EA
S214024D003C53002008B5114A114B58611378032B07
S214024D101BD0D3B1332B01D0432B10D10D4B1B78B4
S214024D20033B012B05D803231370BDE808400EF0A1
S214024D30F9BD0EF0F7FDBDE80840FFF7B5BF212329
S214024D401370BDE8084001F07DBD08BDC05F0020BD
S214024D5028540020C15F002008B50348FDF7A0FFD5
S214024D60FFF796FF022008BD6845002038B5114DB2
S214024D7004462B78834218BF28700FF0E0F980B102
S214024D8024B920460FF0DDF902220DE001200FF0D3
S214024D90D8F92B781A1F012A05D9062BF4D103223B
S214024DA002E0002CF5D10122BDE838400021084679
S214024DB010F0D7BEC15F002030B5044685B0684605
S214024DC00D46FFF79FFE94B100212846144A01F0D3
S214024DD0F3FE144B20681B7861688DF80430124B82
S214024DE01B788DF8053002AB03C305F071F90F4B43
S214024DF093F8582093F85A308DF803208DF8023035
S214024E0010F056FDADF8000010F035FD1023ADF899
S214024E10060069460020064AFDF7BCFF05B030BD15
S214024E2000F8FF0794690020C15F00203C53002071
S214024E3064EE010010B5104B04461A780F4B0020A2
S214024E4083F8582013F0A8FF10B1002010F090FB52
S214024E5000210846FFF7B0FF0FF063F92046FDF782
S214024E6049FA40F617400EF05DFD0023044A13800F
S214024E70044A138010BD00BF536000203C5300203C
S214024E80F6580020F45800201FB504466846FFF77F
S214024E9039FE54B100238DF80530102369460020F0
S214024EA0064AFDF777FF04B010BD10F0E4FCADF83B
S214024EB0060010F0FDFCADF80000EEE764EE01001F
S214024EC010B5014604460020FCF700FC90B10C4BDE
S214024ED01B78023B032B0FD80A4B1C7014F090FA77
S214024EE060B9094A0949FCF779FF003818BF012062
S214024EF0800010BD5520FCE70220FAE74D20F8E7B7
S214024F00C05F00205360002085770200354E020005
S214024F10F8B5064614F074FA044668B913F03CFF76
S214024F2050B1064D204695F8587085F8586010F036
S214024F301FFB10B185F858704D20F8BD3C53002079
S214024F402DE9F04180461846033B012B0E461746D4
S214024F5002D918B1212438E0FFF708FF274B1D7845
S214024F60022D08D0032D46D1B8F1000F03D1244BF1
S214024F701B689B073FD43320FDF78CFF01F096FA9F
S214024F80B6F1006F34BF1F4B052231464FF00600C4
S214024F9038BF1A78FEF7FCFC044628BB1A4D287365
S214024FA0012000F017FE10F083FC68802846B8F156
S214024FB0000F0DD0022300F8043B10F0E5FE6C73E0
S214024FC02F61394630460EF0F1FB2046BDE8F081EF
S214024FD0012300F8043B10F0D7FE6C732F613946AC
S214024FE030460EF0E2FBF0E72846FDF753FFB8F135
S214024FF0000FF4D0E5E70224E7E700BFC05F002019
S214025000BC450020C169002028540020034B1878B4
S21402501018B9034B034A1B78D05C7047BF5F002069
S214025020C15F00203084040038B5437B0446DB07AA
S21402503003D590F909000FF073F800250F4B83F89B
S21402504059502079FFF764FFFFF7E0FF6188248854
S214025050034622462846FEF7ADFA044620B117203C
S214025060FFF750FE204638BD1723054DC8210548D8
S2140250706B6114F087F803232B76F3E73C5300208A
S21402508028540020B0670020F0B51A4D06460C469C
S21402509093B0A5F8680005F16A0729BBC5F86A103F
S2140250A079600EF07DFB6A4601460020FCF734FE6E
S2140250B0D5F86A30ADF81060CDF812307B68CDF8BE
S2140250C016300EF06DFB6A4601460020FDF7DAF850
S2140250D04FF6FF73B5F86800984203D014B106493C
S2140250E00EF067FB13B0F0BD08223846F5F7F8FB62
S2140250F0D7E700BF3C530020A65300202DE9F0411D
S214025100DFF8B8801F4698F8003005460C4616466B
S2140251101BB102252846BDE8F081531E052BF8D8A0
S21402512014F06EF90028F4D13B7B032B14D14FF612
S214025130FE739C4212D1012E09D0022EE9D110F044
S2140251409AFB4FF6FB73984203D810F094FB044682
S21402515004E010F0EBFFFAE7012EDAD0EDB939469B
S2140251602046FFF775FC05460028D3D198F8003094
S214025170332B03D0532B1CBF0E4B18613046FFF760
S214025180F5FD00214FF6FF70FFF77EFF0A4B1B78F6
S214025190002BBFD011F09BFEBCE7397B721ECB1EE4
S2140251A0594259415042504105F07CFF05460028BD
S2140251B0D5D0AFE728540020C2690020C05F002087
S2140251C02DE9F04105460F46904610F054FB6B7BE6
S2140251D00446DB0703D595F909000EF0A1FF10F08F
S2140251E04AFB384B384E188010F062FB374B18805B
S2140251F0FDF73AFE364B1880FDF73CFE08220146C4
S2140252003448F5F76DFB10F0F8FA334B187028792E
S214025210FFF77EFE00216888FFF736FFFDF726FFC0
S21402522060B14FF6F672631E9BB2934206D910F037
S2140252307DFFB6F8683004468342F8D0204610F068
S21402524026FB288810F040FB4146B6F86800B847AF
S214025250044628B91920FFF755FD1920BDE8F0814C
S214025260B6F8681010F0C0F800231C4D86F85930C6
S2140252702B7803F0FB03022B02D0204610F021FD10
S214025280002220461146FFF707FB0446B0B117235B
S2140252906B61134B1B78042B09D1C821114813F0FC
S2140252A071FF03232B7684F00100C0B2D6E74FF4D9
S2140252B016710C4813F066FF0023F3E71720FFF77A
S2140252C021FDF0E7265900203C53002024590020F7
S2140252D022590020546000205C60002028540020E0
S2140252E0C15F0020B0670020F0B50C461E460B4694
S2140252F02049074689B004F1140053F8045B834240
S21402530041F8045BF9D11B8802AD0B80D4F80E007D
S214025310D4F81210238803C5ADF8103023798DF81F
S21402532012208DF8133000233A468DF814304FF6CB
S214025330FE71012002ABFFF7E1FEC8B902A8FFF733
S214025340C3FB237B4BB10C4D0C4B01AA2946012013
S21402535001930EF0C3FE2A781AB92046FFF764FEC0
S21402536003E020460199FFF72BFF08B9044B1E7095
S21402537009B0F0BD28590020285400209F5D030084
S2140253805D60002001232DE9F341304E05460F46AD
S21402539000202F491446737300F0EAFB0EF0C2FE9B
S2140253A0DFF8AC8038B9012D01D9042D0FD1214682
S2140253B038460EF07BFA1020002111F0A0FD0028DE
S2140253C03CD0002002B0BDE8F041FCF7AFBC002C98
S2140253D0F1D1204B1B78212B03D0062B01D0532B67
S2140253E002D101F02FFAE6E7FDF740FE0028E2D0F0
S2140253F000F0EAFB28B9307BC0F11800FFF782FC08
S214025400D9E7154B41462046019300F0B1FB20B187
S21402541040F61901114814F007F901AA0B4998F849
S2140254200C000EF05BFE32781AB90948FFF7FCFD55
S214025430C1E701990648FFF7C3FEBCE7FFF79EFAED
S2140254400028BED102B0BDE8F08100BF285400207B
S21402545028590020C05F00209F5D03002537040006
S2140254601FB5144B04461B88DB0707D44FF6FF70A4
S2140254700021FFF709FE002004B010BD0A230E4AE1
S214025480012001A9FDF786FC4FF6FF73BDF80C203C
S2140254909A42EBD00822FF2101A810F07AF90028E0
S2140254A0E4D10CB90120E7E7BDF80C0001A9FFF72B
S2140254B0EBFDF7E74059002026E1010038B50C461F
S2140254C0154610F0E4F902F053FF29462046FFF78E
S2140254D0DBFD00F079FB48B1054BDB790E2B28BFCC
S2140254E00E230133DBB2034A137038BD0123FAE7F9
S2140254F0285900206960002038B51D46FFF7FEFDDA
S2140255000446C8B92B7B2846032B03D1BDE8384096
S21402551010F059BCFFF7D8FA084B25469C8110F0CC
S2140255206CF90121064B81401A780620FEF730FA04
S214025530044608B1034B1D70204638BD285400208F
S214025540C1690020C05F002030B5012087B0FFF798
S21402555087FF6B460446144A1068516803C384B931
S21402556004F0C4FD02A8FFF7CDFA4FF6FF752246F7
S214025570BDF80E002946FFF7A1FF0EF01EF907B090
S21402558030BD6B46094AD2F86A00D2F86E10B2F8FD
S214025590685003C304F0AAFD02A8FFF7B3FA6A46EE
S2140255A0BDF80E00E6E700BFB9BF03003C5300207B
S2140255B037B5324B04461B781BB10224204603B093
S2140255C030BD13F01DFF0028F7D100F00DFB14B11B
S2140255D022882B4B1A8000210DF10700FDF7D0FC24
S2140255E0002848D110F0C1FB04460028E6D1254D1C
S2140255F09DF80700FFF7BAFB2B78033B012B27D851
S2140256002046FFF72DFF18B3FFF79EFF00F0FCFEC3
S214025610FFF74AFB012010F0BAF848B9184B1B886E
S2140256209A0707D52346052201201749FFF788FC6B
S2140256300446C3E7154D022329460120144AFDF706
S214025640A9FB2B885B07B9D5204600F0F1FEB5E72B
S2140256502B78053B012BB1D8FFF776FFFFF724FB2B
S2140256602B78052B0CBF04200520FDF713FC012028
S21402567010F08DF8DCE71724A0E700BFC05F00201B
S21402568040590020C15F002000F8FF07F2580020B2
S21402569027E101007FB50024184E194D3278E3B297
S2140256A09A4201D804B070BD4FF6FF73B5F8682071
S2140256B09A421AD0134B1B88DB0714D5124AB5F848
S2140256C0683010685168ADF80C3001AB03C30F4A5E
S2140256D00A23002001A9FDF75DFB022300200C4AE5
S2140256E00C49FDF757FB0134D8E70022082106488B
S2140256F010F04FF80028F6D1DCE700BF9F690020C3
S2140257003C53002040590020A653002026E1010009
S21402571027E10100F258002010B500F0C7FE01F0A4
S21402572013FCD8B10E48FDF7BBFA0E480E4C017AB0
S2140257300E30FFF741FB23781BB100F0F7F9002388
S21402574023700022094B1A73FFF7AEFA07F0B8F976
S21402575000F012FFBDE81040FFF79CBF10BD00BF6F
S214025760B0670020285900205D60002028540020E1
S21402577010B52548FDF794FA01F0E6FB30B1234B4D
S2140257801B781BB9BDE81040FFF7C6BF01F0DCFB73
S21402579078B11F4C237E83B1C8211B4813F0F2FC5C
S2140257A00021237E0846013B2376BDE81040FCF725
S2140257B02BBBFDF75BFC0028EBD1FDF757FC154B26
S2140257C01B7858B9112B03D003F0FD03412B19D1D6
S2140257D0BDE810400E4B5869FFF794BA332BF7D149
S2140257E00D4B188810F053F80C4B188810F06CF814
S2140257F00B4B0C491888FFF747FC0B4B1878FFF742
S21402580087FBE5E710BD00BFB0670020BC5F002045
S21402581028540020C05F002026590020245900206A
S21402582022590020546000205C6000202DE9F04FD1
S2140258300F4685B002AD044629463846914611F019
S214025840F0FD4FF0000B82463846CDF804B00FF05C
S21402585081FE4678022C804606F0020609D85CB124
S214025860FDF704FC0446002848D1754B01241B783A
S21402587065E0043C022C3AD9FDF7F8FB38460FF0F7
S214025880E2FD00240546A046DFF8D8A138460FF010
S21402589061FE50F809300DF10500019313F0A2FFE6
S2140258A09DF807B00746B8F1000F4DD1BBF1000FC7
S2140258B05BD0DFF88C9199F800300BB1002E63D0E4
S2140258C0002C61D05F4B1B78022B5DD1BBF1000F21
S2140258D053D138460FF0DBFF58465946FFF76CFAAD
S2140258E007F0EEF840F607400EF01CF834E010F031
S2140258F030FAFDF7BBFB0446F8B15C464EB1524B9C
S2140259001B78012B02D0043B012B0BD805B0BDE857
S214025910F08F4B4B1B782BB14B4B1B7803F0FB03E2
S214025920022BF3D0BAF1000F404608BF002511F053
S2140259306BFD4FF001088246A8E7414B1B78002B0F
S214025940F0D0002EEED1E1E7BAF1000FAED050460D
S214025950FDF71EFE0028A9D1002013F01DFA00282C
S214025960D4D000200FF004FED0E74FF6F7739F4224
S2140259709FD91720FFF7C6F9EEE7FDF777FB48B188
S2140259803248FDF78DF9F4E7FDF770FB10B1BBF175
S214025990000FF5D1FDF76AFB0028DDD02846FEF79A
S2140259A049FAFF28DFF89CA0294C03D09AF8003069
S2140259B0012B04D12946B4F86800FEF795FBFEF7E2
S2140259C051FC2A463846B4F86810FFF777FD214B9B
S2140259D0214A93F906301B0213809AF80030012BF5
S2140259E019D0312B14BF432311238AF800301B4BE6
S2140259F01648196813F0C6FB00F006FD0023124C89
S214025A0099F80010237641B9104813F0BBFB40F614
S214025A101B436361A0E71123E7E7B8F1000F03D049
S214025A2016B1FFF779FEF2E70D4B1B78042BEED189
S214025A300521064813F0A6FB09232376E7E700BFF5
S214025A40BC5F0020C05F002028540020B067002002
S214025A503C530020285900203E590020D0670020E1
S214025A60C15F00204360002070B508468CB00D462A
S214025A700FF070FD09220021064613F0D7F90446FE
S214025A8028460FF0E0FC052228460DF10F0304A974
S214025A900DF09AFF02281BD09DF80F3029461C44B1
S214025AA00023E4B204F11002365D01200093D2B264
S214025AB00BF011FE60B1022E0AD1064B1B78012BA9
S214025AC006D1054B187818B922462946FFF7AEFECE
S214025AD00CB070BDC05F00202854002008B5084BEB
S214025AE0187050B1074B1B883BB14FF47A710648C9
S214025AF0594313F047FB002008BD0120FCE700BF16
S214025B00B35F00204269002088440020014B1880C1
S214025B10002070474269002008B5FDF7C1F8002250
S214025B20014B1A7008BD00BFB35F002010B50024F9
S214025B30044B05481C80054B1C70FDF7B1F8204647
S214025B4010BD00BF42590020D46700205E600020CE
S214025B5008B50348FDF7A4F8BDE80840FFF7E6BF1E
S214025B60D46700200148FCF7ABBD00BF42590020B5
S214025B70F7B5134B04461B780E46EBB183421DD98C
S214025B800021104813F092FE002501460D4F09B978
S214025B90012009E0AC4209D10024162322463046F1
S214025BA0009413F018FF204603B0F0BD384613F0F9
S214025BB0A1FE01350146EAE71820F5E72720F3E7BC
S214025BC05E60002042590020014B1878704700BFE3
S214025BD05E60002025289DBF024B18700020212001
S214025BE0704700BFC3690020012307B51846064A5E
S214025BF00DF10701FDF7CEF89DF80720034B1A704A
S214025C0003B05DF804FB00BF29E1010044690020EF
S214025C1084B010B502AC84E80F00082224480DF1C7
S214025C201601089CF5F756F938BB9DF815309B0708
S214025C3005D4204B1B7803F0FD03312B23D11E49DC
S214025C406378097803F00F028A4203D0012928D12B
S214025C50022A18D12278B2B91B09022B13D194F961
S214025C600230002B21DB154BB3F86820BDF80A3052
S214025C709A4208D1FEF790FF06E0002208210C485F
S214025C800FF087FD20B90020BDE8104004B0704731
S214025C900B4BBDF808205B889A42C6D0002BC4D0B6
S214025CA0F1E70229EFD1012AD3E70120ECE700BF92
S214025CB02C540020C05F0020946900203C53002032
S214025CC02854002084B02DE9F0478EB016AC84E844
S214025CD00F00DFF868C1564BBCF802009DF85D90D5
S214025CE010F001049DF96220BDF870E09DF875A0E1
S214025CF09DF976709DF878509DF97A109DF95E8030
S214025D009DF860601B782FD09DF87D00C0F340049C
S214025D10C0F38000002B44D0464B1B78012B02D1E7
S214025D20002C00F08280C0B19CF800301E335BB2BB
S214025D30BB42ACBF002701279845D4BF00230123EE
S214025D40BB4209D18A4208DB0CD1A81BC0B280280C
S214025D508CBF0020012000E038460EB0BDE8F047B8
S214025D6004B070470020F8E710F0020F18D0C3B155
S214025D70490814BF01200020520814BF0123002343
S214025D808342EAD1AB1BDBB2802B0AD9AE42E9D101
S214025D90B84506DB49D1CA4594BF00200120DCE79E
S214025DA00BB90120D9E7AE4216D002AC1CAF0FCF1A
S214025DB00FC497E8030044F8040B2180DDE91A01BA
S214025DC016AB0090ADF804100FCB0EF080F9002849
S214025DD0E7D1AE42B9D1C0E7BDF8583073451ED000
S214025DE008AC0DF1700CBCE80F000FC49CE8030071
S214025DF044F8040B2180104C638873450FD10822A7
S214025E00211D0DF12E00F5F765F8024638B9082176
S214025E10201D0FF0BEFC10B96388002BC1D1B84517
S214025E20BFDBC2D1CA45BCD8BFE7204695E700BF54
S214025E305E600020C05F00202854002044690020D5
S214025E4084B02DE9F04F8FB06A4E18AC08AD84E8E6
S214025E500F00162200212846F4F7F0FC33783BB9EF
S214025E600024654B32781B789A4239D2002726E006
S214025E700021624813F01AFD00270446B846DFF8F0
S214025E807C91002C45D13FB1224639465B480FF043
S214025E90E4FB3378013B33703378002BE0D00021EB
S214025EA056484FF0000913F001FD4F468046CA4699
S214025EB0DFF848B1B8F1000F6CD1002FD1D016210F
S214025EC0002218A80FF061FB014648B1002F00F02F
S214025ED08B80224649480FF078FB337801333370C3
S214025EE0454B32781B789A4207D9444800220188EB
S214025EF00FF0B3FB3378013B33703378012B03D1B9
S214025F003F49404813F03EF90FB0BDE8F04F04B0E9
S214025F1070470022214616232846CDF8008013F04B
S214025F205AFD1622294618A8F4F7D4FF0028EBD00B
S214025F309DF864209DF824309A4225D1BDF8602051
S214025F40BDF820309A421FD108220DF12E010DF124
S214025F506E00F4F7BFFFB8B902AF0DF1600CBCE8F3
S214025F600F000FC79CE8030047F8040B39800EABFE
S214025F7013E903000090ADF8041095E80F00FFF750
S214025F80A1FE0028C0D027462146484613F0B2FCA0
S214025F90044676E71623002241462846CDF800A09E
S214025FA013F019FD02AF0DF1600CBCE80F000FC72D
S214025FB09CE8030047F8040B39800EAB13E9030094
S214025FC00090ADF8041095E80F00FFF77BFE074639
S214025FD020B1B9F1000F04BF4446814641465846F7
S214025FE013F088FC804665E73A46044813F064FCE2
S214025FF073E700BF5E600020C3690020425900209C
S21402600020BF0200D46700202DE9F04F002104468D
S2140260109FB00DF14008162240460E91CDE90C11B4
S214026020CDF83B10F4F70AFC052220460DF11F03BB
S21402603016A90DF0C9FC0228074600F0F280204699
S2140260400FF088FA064613F0CDFB8146F01C13F0DB
S214026050C9FBADF84000701D13F0C4FB012FADF86C
S2140260604200204640F0E0800FF074FA05462046D3
S21402607012F09CFF0D3502232D1A0093214643464B
S2140260800820EAB20BF027FB002800F0CA80204660
S2140260900FF065FA012F83469DF84D3040F0DC8004
S2140260A000252F4643F001038DF84D3016AE338897
S2140260B0022B4DD1F1782046023108F065F81B28F4
S2140260C046D1F1782046033108F05EF819283FD110
S2140260D0F1782046043108F057F84A2838D14FF0B4
S2140260E0050AF17820460131514408F04DF8F1785E
S2140260F005905144204608F047F8059B00EB032024
S21402610083B200F03F02932B059240F09580002365
S214026110F778214602375744FFB23A4600930CA856
S2140261200F2313F058FC07F10F01204611F052F826
S21402613007F111010546204611F04CF8ADF8420071
S214026140059B023353445FFA83FA33795345C8D822
S21402615006360DF17603B342A9D19DF84D20C5F35C
S214026160C03363F3410220468DF84D200FF089F9C3
S2140261708DF8440020460FF079F98DF84500204648
S2140261800FF079F99DF83230BBF1190FC3F3C30251
S2140261908DF84720DDF833208DF84600CDF84E20E6
S2140261A0DDF83720CDF8522094BF00229DF83E201D
S2140261B08DF8482003F003028DF84A209DF84D2002
S2140261C0DB0963F38202694B8DF84D201B78022BA4
S2140261D056D1BDF840600FF06BFB864250D108A83E
S2140261E00FF0D2FDBBF1190F47D908220DF14E016F
S2140261F008A8F4F76FFE00283CD1B9F5004F02D08C
S214026200B9F5624F0DD140F6FF7325F440459D4225
S21402621007D1002208210DF14E000FF0BAFA00282D
S2140262203ED01FB0BDE8F08F0FF094F90546204629
S21402623012F0BCFE07351EE7412B81D1F1782046CD
S2140262400231514407F0A0FF494B1B78C3F1B30358
S21402625018448DF8490073E76FF30003F01D8DF8BC
S2140262604D3013F0BFFA0CA9054620460FF0DEFDAE
S2140262700B2772E700F058FDBFE700F055FDD0E7A8
S214026280B9F5004F02D0B9F5624FCAD140F6FF7396
S21402629025F440459D42C4D1BBF1190FC1D9B8E7D8
S2140262A0BBF11A0F06D007F11F0142462046C9B2BB
S2140262B00DF013FF2F4C304D637BDBB12B78012B97
S2140262C01DD1012323730CAB029314AC94E8030094
S2140262D00090ADF8041098E80F00FFF799FC90B113
S2140262E094E803000090ADF8041098E80F00FFF75A
S2140262F0A7FD08E0FCF7BAFE0028DFD0E1E703F0CE
S214026300FD03042BDDD02B78012B01D0042B88D182
S2140263101A4BDDF84E001B78DDF852108DF822304D
S214026320BDF84030ADF820309DF84D30C3F3400341
S2140263308DF823309DF8313003F00F038DF82C30A2
S2140263409DF848308DF82D3009AB03C30C4B1B6803
S2140263501BB1414608A8984763E79DF946209DF879
S214026360451008A80DF0A0FA5BE700BFC05F00204A
S21402637065600020285400204C60002064600020E5
S2140263801C54002010B513F048F9114B1B78022B51
S2140263901CD1104A1468A04218D00F4910600A682F
S2140263A0121B10440D4A086012786AB1013A9340F3
S2140263B03C2253434FF47A725343984206D9BDE8BF
S2140263C010400320FCF766BD0A23F3E710BD00BFAA
S2140263D0C05F0020B4450020B04500209069002030
S2140263E0064B1B88DB0708D50022054B43F8202006
S2140263F0044A135C63F00F03135470474459002099
S21402640004440020855F002008B513F006F9002238
S214026410024B1860024B1A6008BD00BFB44500204C
S214026420B0450020014B1868704700BFB0450020F9
S21402643008B50C48FCF734FCFCF772FD80B10A4B39
S2140264400322B3F8681001200DF067FE4FF47A714C
S214026450064B04481B885943BDE8084012F092BE1A
S21402646008BD00BFF46700203C53002026690020C8
S214026470014B18800020704748690020044A054BEB
S2140264801870138823F00303184310800020704707
S2140264904459002091690020034B1888C0F30E006F
S2140264A0003818BF01207047F258002008B5FFF7E1
S2140264B0F3FF30B1002004490223044A0880FCF7A7
S2140264C069FC002008BD00BFF258002027E1010049
S2140264D0024B1888C0F30E00704700BFF258002027
S2140264E00023084A01201370074A08491370084B14
S2140264F0084A1B7843F0040313800223064AFCF77B
S21402650049BC00BF6160002060600020F258002095
S214026510916900204459002027E1010030B501218D
S21402652000240B2385B0104D019400918DF80C3099
S2140265308DF80D000323B5F8680003AA8DF80E4007
S21402654010F001FF68B1B5F868100FF02CFD40B1ED
S2140265500522064B64211A70054B06481C7012F081
S21402656011FE05B030BD00BF3C5300206060002025
S2140265706160002014680020064B1B78033B012B49
S21402658006D8054B1B781BB9044B1878FFF7C6BF15
S214026590704700BFC15F00205F6000209069002046
S2140265A010B51548FCF77CFB144B1978F9B9144A58
S2140265B013787BB1013B1370124B1B78042B02D16C
S2140265C00846FBF721FCBDE810404FF496710A48D6
S2140265D012F0D8BD0C4A128802F00302022A0AD12F
S2140265E0BDE81040032201200849FEF7A9BCBDE819
S2140265F01040FFF7C1BF10BD146800206160002084
S21402660060600020C15F0020F258002000F8FF07FB
S214026610084B1A785AB10223013A93404EF660228A
S214026620534303210448B3FBF1F112F0ABBD42F22F
S2140266301073F6E7906900201468002070B50546CE
S2140266401748FCF72DFB0122164B28461A7010F04D
S2140266509EFE411C044689B2284607F095FDA11C01
S214026660064689B2284607F08FFD0F4C022320808B
S214026670214600200D4AFCF78DFB86B9238803F0DD
S2140266800303022B03D1FFF7BFFEFFF7C1FF2388E8
S2140266905B0704D5BDE870400548FFF7C9BE70BD6C
S2140266A01468002061600020F258002027E10100F3
S2140266B0F46700202DE9F0431F4C0546238889B075
S2140266C0002B33D01D4E00214FF4807010F0F7FBE4
S2140266D03378DB0728D50121208812F09FFC074675
S2140266E020880EF037FF023013F07CF805A98046AA
S2140266F0208810F033FF3378384613F0020F104B21
S21402670018BF0025B3F8009012F06CFC0646384617
S21402671012F04CFCF6B20290424606212846CDE91B
S214026720009605AB0DF07CF800232380054809B0DF
S214026730BDE8F043FCF7B4BA4A5900206260002074
S214026740485900203468002010B5044640F621401F
S214026750FFF7B0FF01214FF4807010F0B0FB78B164
S2140267600022084B1C80084B1A7007F085FEBDE815
S2140267701040064B1880064B0648198812F002BDD8
S21402678010BD00BF4A590020626000204859002010
S2140267902869002034680020044A137818B943F0A8
S2140267A001031370704743F00303FAE762600020A8
S2140267B0044B1B781BB9044A1380FEF707B9002066
S2140267C0704700BF5060002046590020042230B5B2
S2140267D001F0400387B0002B054614BF01240024B5
S2140267E08DF80C208DF80D1004D004A910F085FB4E
S2140267F010B304ABCDE9004301210223284603AAC5
S21402680010F0A1FD0446C8B10D4BB3F868100EF0A7
S214026810EBFD4FF6F7739D4209D93222022120463C
S214026820FEF73AF880F00100C0B207B030BD294644
S21402683020460FF0B8FBF5E70120F6E71920F4E74B
S2140268403C53002010B5FFF731FE04F031FA0FF08A
S21402685036FA002010F049FB12F0D2FD08B1FDF71F
S21402686029F9204C2378532B12D1032323700023BB
S214026870FF2219460120FEF763FB002012F08CFA75
S21402688010B100200EF074FEBDE810400DF049BCB9
S214026890062B01D0212BF0D10120FEF7F5FA4FF698
S2140268A0FE700EF0F4FF4FF6FF700FF00DF80020AA
S2140268B0FEF752FA0020FEF759FAFEF7E9F900F061
S2140268C029FB0DF031FC2378212B02D1FEF774F957
S2140268D0D3E70020FCF7DEFA00214FF4004010F068
S2140268E0DEF8CAE7C05F002010B50A4C0A48FCF77B
S2140268F0D7F92378062B02D10120FEF7C5FA2378B2
S214026900062B01D0532B03D1BDE81040FFF79ABFE8
S21402691010BD00BFC05F0020546800202DE9F0477C
S214026920DFF8C08004460E461746FFF7BFFD98F80C
S214026930005015B90220BDE8F087212DFAD028486C
S21402694012F0E2FF0028F5D114F020043946304652
S214026950DFF894A0DFF8949005F00F051BD00CF03A
S21402696027FF012D8AF80070A9F8006029D121239B
S21402697088F80030FFF766FF0020DCE7212388F85E
S2140269800030FFF75FFF00214FF6FE70FEF77CFB3C
S214026990FEF780FEF0E70CF00AFF012D8AF8007081
S2140269A0A9F80060EAD0062321464FF6FD7088F863
S2140269B00030FFF70BFF40F22621094812F0E2FBF7
S2140269C0E1E7532321464FF6FD7088F80030FFF7C3
S2140269D0FDFE40F22621024812F0D4FBCCE700BFAF
S2140269E054680020C05F0020636000204A690020CF
S2140269F0F8B50D460646511C284607F0C5FB044668
S214026A0028460EF0A7FD0546023012F0EBFE154BA7
S214026A1007461B78022B02D0043B012B21D8124BCF
S214026A201B68580201D5A1061BD5620619D50F4B65
S214026A30B3F86830B34214D16B781B070DD52846DD
S214026A4010F0E2FCFCF7A4FD58B1314604F0200039
S214026A500122BDE8F840FFF761BF0EF00CFFB84216
S214026A60F3D0F8BDC05F0020BC4500203C53002098
S214026A7073B504460D4612F0A3FFFF28034625D041
S214026A80134A12784AB1134A32F81020520404D537
S214026A9010F01CFA002002B070BD184610F027FA5B
S214026AA06946064610F029FA40B1FCF7E7F928B124
S214026AB0002302226946304605F0DCF8204645F0FF
S214026AC0400102B0BDE87040FFF780BE0120E2E759
S214026AD0BC5F0020EC58002038B505460EF03AFDA3
S214026AE00446284610F053FC411C89B2284607F09B
S214026AF04BFB42060DD563781B070FD5204610F0D8
S214026B0083FC0146002012F059FFBDE8384010F021
S214026B10DDB90348BDE83840FFF7E6BE38BD00BF22
S214026B205468002038B54FF6FF75A842044617D0C1
S214026B300EF0BEFEA04213D04FF6FD72094B198826
S214026B4091420DD9084A1288AA4201D0A24207D120
S214026B501C804FF47A71BDE83840044812F012BB2C
S214026B6038BD00BF306900204C690020484500202F
S214026B7008B50448FCF794F84FF6FF72024B1A80E9
S214026B8008BD00BF484500203069002037B50546DD
S214026B900C46082369460120064AFCF7FBF815B1A5
S214026BA09DF806302B700CB1009B2360BDF80400E4
S214026BB003B030BD25E1010007B508238DF80600B5
S214026BC0ADF80410009269460020034AFCF7E2F88A
S214026BD003B05DF804FB00BF25E10100024A13780A
S214026BE00BB1013B13707047B15F002008B50EF081
S214026BF06BFE00214FF6FF72054B08461A80FEF721
S214026C00DBF8BDE8084040F616400CF08BBE00BF2D
S214026C103069002008B5FCF743F80A4B1B78023BA4
S214026C20032B08D84FF6FE73074A108898424FF691
S214026C30FF7301D1138008BD9842FCD0BDE808401E
S214026C40FFF7D4BFC05F00203069002010B5084BA4
S214026C501B78042B0AD00EF00EFE002104460846CE
S214026C60FFF794FF231A5842584110BD0020FCE754
S214026C70C15F0020F0B5002689B00546CDE905665D
S214026C80ADF81C6010F083FB0A2302460446294630
S214026C90009605A812F09FFE9DF815309DF8147018
S214026CA01F2B27D803A80FF06FF808220DF1160144
S214026CB003A8F4F70FF90646E0B9092F1CD1FFF72F
S214026CC0C5FFB8B1144B1B78A3B1144B1A884FF604
S214026CD0FD739A420ED9124C124A23780433DBB261
S214026CE023701278013AB3EB820F03DD58B20AF032
S214026CF0D1FE267009B0F0BD0A34E4B22146284619
S214026D0007F042FA0FF0D3F8611C284610F062FA38
S214026D10FFF708FFEEE700BFA469002030690020F5
S214026D20B15F00208F69002038B5134B1B78033BF8
S214026D30012B20D9114B4FF6FF711B78ABB1104DCA
S214026D402B888B4217D10EF0B3FD4EF66021044617
S214026D500C4812F017FA4FF6FE7322462B800021DB
S214026D60BDE8384009200FF0B0B8074A13888B42B6
S214026D701CBF0133138038BDC15F0020A469002008
S214026D803069002048450020EE58002008B5044827
S214026D90FBF786FFBDE8084000210846FBF734B83B
S214026DA07468002010B5044661B1FF210EF073FB33
S214026DB0002120460EF075FB0EF0B6FA014620467C
S214026DC00EF075FB2146BDE810400022014812F085
S214026DD073BD00BF4E5900202DE9F0410D461746FF
S214026DE004460EF0B7FB06782846FCF74DF929460E
S214026DF0804620460EF0F8FA0EF03DFDA84206D177
S214026E0020460121FFF7CEFF0120BDE8F08128468B
S214026E10B8F1000F0AD0FCF7B9F950B9144B3A464C
S214026E202046BDE8F0411978FDF736BD10F069F846
S214026E30F3E706F00306012E08D00EF01CFD002331
S214026E402246294602F042FA0028D9D120460EF000
S214026E5087FA430505D52046BDE8F04100210EF02D
S214026E60FCBD204610F038F8B0FA80F04009CCE7B6
S214026E708E69002010B586B0044610F088FA104BD2
S214026E800246186819790290D3F805005B7A013237
S214026E908DF8143000238DF80C10049021460093D0
S214026EA092B2052304A812F096FD052204A902A8B0
S214026EB0F4F710F8B0FA80F0400906B010BD00BF33
S214026EC0A883040008B511480EF001FC104B1B788D
S214026ED0012B06D8FF200FF0D2FFFDF7B1FB0FF013
S214026EE0EDFFFDF73BF801F091FCFFF7F9FA10F021
S214026EF0C6FB07F0F1FDFDF749FD07F03DFB0CF080
S214026F0059FCBDE8084002F0D3BC00BF0454002080
S214026F107E5F002008B5F0F75DFDFF2803D0094B21
S214026F201B78012B06D900200FF0A9FFFDF788FB7E
S214026F300FF0C4FFFDF712F801F068FCBDE8084048
S214026F4002F0B6BC7E5F0020064B1878112806D0E9
S214026F5000F0FD00A0F1410358425841704701205D
S214026F60704700BFC05F00202DE9F8430446FDF7D6
S214026F700FFB18B100263046BDE8F8834FF6FF78BF
S214026F80184BB3F868104145F4D020460EF02CFAA0
S214026F90154B022120461A88FDF77EFC064600287D
S214026FA0E8D020460EF0D6FA90F807900546043050
S214026FB012F018FC07460EF05EFC494602463846BA
S214026FC0FDF7FEFAA81C12F00DFC404502D1204641
S214026FD0FFF7BAFB2B789B07CDD101212046FFF79E
S214026FE0E1FEC8E73C5300204C590020F8B507469E
S214026FF00EF0B0FA0546043012F0F4FB0646A81C62
S21402700012F0F0FB0446304612F0DAFC3046FCF78B
S2140270103BF82B789B0701D10EF02DFCAB790BB910
S2140270200320F8BD0EF027FCA0420CD10EF023FC84
S2140270300446094B214638461A78FFF7CDFE00284B
S214027040EED00020EDE7054B1B78052B1CBF044B4A
S214027050B3F86840EDE700BF4C590020C15F00203E
S2140270603C5300202DE9F041064610460D4610F02E
S2140270708EF9A0F11004E7B256FA84F42146EA1B10
S21402708004F10E00F3F72CFC2823DFF84480F355B6
S21402709098F80030637301F0CDFB611C02460120B4
S2140270A00DF057F808220949601DF3F719FC98F805
S2140270B000000FF050FD05F10E0130463B4600225F
S2140270C0C9B201F069FC1220BDE8F08143600020DD
S2140270D0BB5F00202DE9F04F87B004460EF03AFA67
S2140270E0064620460EF099F90746301D12F07AFB46
S2140270F08146B01C12F076FB384696F807A012F0CE
S21402710068FC33789A075FD12146042001F04CFDD3
S214027110002859D0204610F03AF90146204607F0DA
S21402712033F8830750D1204610F031F90146204645
S21402713007F02AF810F00303039345D12046FFF721
S21402714099FE002840D0204610F0F7F9451C20464C
S21402715011F048FFEDB205F10A0B83455DDA304ABD
S21402716004AB1068516803C3691C204607F00CF88C
S21402717029468046204607F007F800EB08205946C5
S2140271801FFA80F8204606F0FFFF8346039B21463F
S214027190AA1C009304A8082312F01DFC20460EF039
S2140271A03CF95A4641460CF0C6FF0122404604A965
S2140271B00FF007F888BB022007F032FC013003D13B
S2140271C0404604A9F0F7CEFC0EF055FB48453A4679
S2140271D0514607D10EF057FDF8B907B0BDE8F04F9B
S2140271E00EF0A3BF48460EF04EFDB0B90D4B1B780D
S2140271F01BB9394648460EF0AEFE3A465146484658
S214027200FDF7DEF948B1317811F0030105D12046C9
S21402721007B0BDE8F04FFFF7C5BD07B0BDE8F08F79
S214027220B9BF0300B75F002038B5114D2B78023B7B
S214027230012B18D80CF081FF0446B0B9FFF7A2F86C
S2140272402B78032B07D12346FF2221460120FDF788
S21402725077FE012038BD21462046FAF7D5FD0038D4
S21402726018BF0120F6E71720F4E70220F2E700BF76
S214027270C05F00202DE9F74305460E4614460EF081
S21402728079F80C2828464AD10EF064F90922002122
S21402729011F0CCFD00F11001C9B2284606F074FFC9
S2140272A0042813D07C282BD0012840F0AC8046B9A5
S2140272B0132128460FF08EFF03B0BDE8F0430EF010
S2140272C003BB03B0BDE8F043FDF7DCBC5B4B1B78A9
S2140272D0022B40F0988046B9FFF7FAF8C3070AD5A2
S2140272E0FFF792F8002C08BF3F26304603B0BDE8F1
S2140272F0F0430CF07BBAFFF7CFF80028F0D0F1E7A6
S214027300284611F06FFE0446284611F04FFE02464C
S2140273103046E1B203B0BDE8F0430CF065BA0EF0B9
S21402732019F98046043012F05DFA074608F10200A9
S21402733012F058FA4FF6F773984204460CD8404AB1
S214027340138801339BB213800BB93E4A13801EB1D9
S2140273503C4A13880133138098F8009009F0030919
S214027360B9F1010F1DD1284610F011F80146284642
S21402737006F00AFF0B2809D00D2807D0042842D1B0
S214027380284603B0BDE8F043FFF7A6BB2E4B1B789A
S214027390042B38D10021084603B0BDE8F043FAF7C3
S2140273A033BDB9F1000F2ED13146284603F05EFDFB
S2140273B04EB34FF6F7739C4225D898F801602046E4
S2140273C016F0040622D10FF06AFD054620467DB16E
S2140273D00FF097FD034600BB0C220090214638466C
S2140273E00EF087FF0C22002339462046009308E061
S2140273F00FF087FD0346C8B9144A0090127821465A
S21402740038460EF076FF03B0BDE8F0830FF079FD44
S214027410034678B90B220090F1E70622334621464E
S214027420384600960EF065FF0622DCE72B460095EE
S2140274300622E4E74B46CDF80090F9E7C05F00204D
S214027440F6580020F4580020C15F0020C5690020CD
S2140274502DE9F04F05888BB0044628460EF07AF8E0
S2140274600746043012F0BEF98146B81C12F0BAF98B
S21402747005A9804628460FF0D4FF28460FF087FF5E
S21402748001460646284606F07FFE3B78824603F013
S2140274900303012B0CBF83464FF0FF0B12F0B8F824
S2140274A0E388019002930EF0E6F9FB7900904846D5
S2140274B0039300F081FF002876D1404600F07CFF5F
S2140274C0002840F08880FDF72BFB8046FBF7CEFDB8
S2140274D010B9FFF739FD30B1A8F104085FFA88F851
S2140274E0B8F1020F1BD90BF0FD03042B00F0B3809A
S2140274F0FFF72AFD20B10AF0030ABAF1010F0ED0F7
S214027500FBF70EFD28B9714B1B7803F00F03062B11
S21402751068D16F4B2846B3F868100DF065FFBBF1D3
S214027520010F63D128460DF049FF4FF6FF739842CC
S21402753040F0918000233146284607AA0FF0B7FC98
S2140275400746002842D042799DF82530934209D951
S214027550711D284689B206F02BFEA37823F00F038E
S2140275600233A3700CF01FF97E23B0FBF3F202FB8A
S214027570130303F58073A3809DF8263013F0180FCB
S2140275800AD0A3781B0707D1009B4B4504D0484678
S2140275907A7905A90CF03CF99DF82700003818BF47
S2140275A001200BB0BDE8F08F28460DF0D3FF023065
S2140275B012F018F94FF6F773984207D9039B2BB9C6
S2140275C02846FFF757FC00287FF477AFA37823F00E
S2140275D00F03A37008E0404612F0FBF900287FF480
S2140275E072AFF3E72823A3800020DAE7BBF1020F8D
S2140275F054D10123314607AA28460FF058FC80468C
S2140276000EF039F9BDF8223098421FD1B8F1000FBA
S214027610DCD00122B8F80230314628460FF045FC8D
S2140276202C4A13780133DBB2FB711370B8F80230C0
S214027630BDF81E209A421FBFA37823F00F03023321
S214027640A3704FF4C873A3800120AAE7184612F06D
S214027650C0F90028DAD128460DF0B0FE12F059F92A
S214027660012808BF1C4BA27809BF1B78FA2303EB3C
S214027670830303EB830302BF9B00FA339BB2120918
S214027680A4D1DDE90121521A92B293429ED30CF0A4
S2140276908AF800F01F001030A080D5E7BBF1030F78
S2140276A0D9D1009B4B45D6D1711C284689B206F02B
S2140276B06BFD0C28CFD1FCF7FFFD4FF6FF73984207
S2140276C00146C8D028460DF08FFEC4E7C05F0020F2
S2140276D03C530020BE5F00209D6900202DE9F0414A
S2140276E005460C460DF046FE082802D10120BDE8EC
S2140276F0F081201D12F076F80646284694F8078098
S2140277000DF08BFE074628460DF02AFE010612D51E
S214027710184B1B78042B0ED1174B1B78022B0AD161
S214027720164BB3F868204FF6FF739A4203D0002137
S2140277300846FAF769FB124B1B78002BD6D1A01C21
S21402774012F050F84FF6F773984202D86378DA07C9
S2140277500DD523789B070AD13A46414630460EF0AD
S21402776092FA80F00100C0B200F00100BFE70120EB
S214027770FAE700BFC15F0020C05F00203C53002034
S214027780686000202DE9F04F9DB004460DF0F2FD32
S214027790054620460DF0EEFD082869D14FF4004359
S2140277A02046ADF85030ADF85C4011F01BFCBDF839
S2140277B05C20A0F11005EDB21046102300210095C2
S2140277C00FF0F5FC294617A80FF0C9FC204611F069
S2140277D0EDFB0AF075F9002321461A460C200093A9
S2140277E009F079FF98B3204611F0E0FB14A902468F
S2140277F01020FBF779FF0501204611F0D7FB14A9EC
S21402780002464020EDB2FBF76FFF10B120460BF0A8
S214027810D3FF204611F0CAFB14A902468020FBF7CC
S21402782063FFB8B99DB1102517A805F067FF20467B
S214027830BDF8507011F0D6FB0646204611F0B6FB96
S21402784029460090F3B2384617AA0CF04BF81DB042
S214027850BDE8F08FBDF8503017A8ADF85E40ADF821
S2140278605C300CF062FC0028DCD145F08005DBE7DA
S21402787020460DF0BFFDB0F5006F40F005812046B2
S2140278800DF0CBFD0646042D40F0018120460DF09A
S21402789067FD80F40060C0F3C0200022314640003D
S2140278A011F069FF944B1A78022A0DD0FFF74CFBB1
S2140278B050B902F0FD03312B06D0043A012A03D94F
S2140278C08E4B1B78002BC2D02146022001F06CF9A9
S2140278D005900028BBD02046ADF846400DF03AFE93
S2140278E00446BDF846000DF098FD0646201D11F030
S2140278F079FFA31C83461846039311F073FF12A95F
S2140279000746BDF846000FF08CFD63780690BDF87A
S214027910460094F8008008930FF039FD6378054618
S21402792008F0030830460C93FBF7AEFBB8F1010FE4
S2140279300CBF032302230E93714B08BF4FF00B09B3
S2140279401E80237818BF4FF00A0903F03C03082B69
S2140279500D907FF47CAFBDF8460011F043FBA842C1
S2140279607FF675AFB8F1010F03D023789B077FF43B
S2140279706EAF644BB3F86830B3420DD1624A634BC4
S214027980B2F9001093F90030002900F0A58001EB4F
S2140279900313A3EB211313804FF0010AA5F1100382
S2140279A0DBB20A938DF8453010224846BDF84610E1
S2140279B0CDF800A00DF1450309F08DFE00283FF436
S2140279C046AF089B13F00203099300F00981504B5F
S2140279D01B78002B3FF43BAFBDF8469048460FF0AD
S2140279E0D6FC002307904846CDE917331993ADF825
S2140279F068300DF012FD079B039003F10E01484616
S214027A0089B20FF097FC002870D000234946079AE7
S214027A10009317A80E2311F0DEFF50460DF15D010C
S214027A200CF0A5FB9DF869300B9004939DF85C3032
S214027A30282B5BD10DF16100FBF7AAFD0F90002801
S214027A4054D104980FF087F80F9B002866D1314B6B
S214027A50049A1B78D31A1C0648D404F059F95045E8
S214027A603CD111F0DAFD2C4E0546346824B104F000
S214027A7055F92C1B844239D30023FF221946184697
S214027A80FDF75EFA356031E04FF6FD76FBE64FF61F
S214027A90FF70301A18BF012000223146400011F054
S214027AA06AFE0C2D0DD12146012001F07DF800283A
S214027AB03FF4CDAE214600201DB0BDE8F04FFDF7E5
S214027AC0D3BF2DB920461DB0BDE8F04FFEF79CBAD5
S214027AD0042D7FF4BCAEE5E61B025CE704F018F961
S214027AE0022803D104F0F6F80028BAD000221920A2
S214027AF0039911F040FEAAE6C05F002068600020ED
S214027B006A5900203C5300203E5900206560002040
S214027B10BC5F0020BB5F00204C540020102148466A
S214027B20079ACDF800A00EF066FE0028DED0BB4B0A
S214027B30049A1B78934240F0AA8003990DF16102E1
S214027B4014A811F0EFFB012114A8FBF7F5FA824600
S214027B5048F2030114A8FBF763FBBAF1000F03D047
S214027B60082114A80CF0A6FA48460FF02EFC03993A
S214027B700DF16100FCF72AFCFE288246B6D0FF28EB
S214027B800AD1039811F00BFFFF28824600F0878087
S214027B900DF16101FCF7F4FAA04B049A1B789342AC
S214027BA000F0A38050460B99FCF7F6FB00283FF442
S214027BB04EAE50460B99FCF701FC237898070FD17E
S214027BC048460FF0E4FB0146484606F0DDFA00F0B0
S214027BD00300012804D103980DF16101EFF7C2FFFB
S214027BE0BDF846000DF0BCFB010440F1858020463E
S214027BF011F0F8FD40F4007189B2204611F0F4FD50
S214027C0000224FF40041BDF846000DF09AFBDDF865
S214027C101490012310220093BDF846100E980DF121
S214027C20450309F058FD00283FF411AE032866D13B
S214027C30204611F0D7FD40F4007189B2204611F0BB
S214027C40D3FD304611F0C5FE002840F0B680DDF8C0
S214027C501490B8F1010F40F0B6800320BDF846102C
S214027C6000F0A2FF002840F0AE802946BDF846008C
S214027C7006F08AFA0F2801467FF6E9AD4FF6F7734B
S214027C809F423FF6E4AD30460EF0D2F9DFE55046AD
S214027C90049903F085FA00287FF44FAF26E723788D
S214027CA003F00303012B08D148460FF070FB014690
S214027CB0484606F069FA082892D0594B1A78594B6A
S214027CC01B789A4209D20DF161010398FCF70CFA6F
S214027CD0039811F064FE82465EE7A01C11F082FD56
S214027CE04FF6F7739842EED900E75046FCF7CEFB04
S214027CF000283FF457AF5CE74FF0000989E73046AB
S214027D0011F067FE0028A4D0099B002B57D1B9F1C9
S214027D10000F52D1B8F1010FBDF846009DD029469A
S214027D2006F032FA8246DFF8089199F80030002B06
S214027D3054D00DF0A0FD87427FF489ADB8F1010F53
S214027D407ED1BAF1070F75D8BAF1050F7FF67FAD6F
S214027D50354B1B78022B02D0043B012B03D899F833
S214027D600030002B41D00C9B9A0640F1B4800D9B4C
S214027D70002B40F0AC80304611F022FEFF2840F087
S214027D80A6805E457FF463AD069B002B00F09D80C7
S214027D9012AB46F204020124ADF85C2001932146A0
S214027DA002233046009417AA0FF0CDFA00283FF4BB
S214027DB04EAD21460DF051FE49E5DDF814903046F1
S214027DC00FF087F845E72946BDF8460006F0DCF9CD
S214027DD0099B824613B9B9F1000FA4D0124B1B7847
S214027DE0022B02D0043B012BBDD8304600F0E4FA49
S214027DF0814600287FF42BAD0DF03DFD864225D14D
S214027E000A4BB3F868400DF036FD4B4601460D228C
S214027E102046CDF800900EF06CFA18E5BB5F002005
S214027E20BA5F00209E690020C05F00203C530020FD
S214027E30BC5F0020AAF10E03DBB2012B88D906E54F
S214027E400AF00303012B7FF402AD81E7304611F0FE
S214027E50C0FD58B90DF02CFD4FF6FF73984205D0C1
S214027E6011F0CEFA10B93046FCF7E4F8304611F0BD
S214027E70B0FD88B10DF01CFD4FF6FF7398420BD093
S214027E8011F0BEFA40B9B8F1010F02D1BAF1060FED
S214027E9002D030460FF01CF8069BA3B91946012201
S214027EA058460EF08EF9814600287FF4D0AC204664
S214027EB00FF0AAFA4A46014638460EF082F9002822
S214027EC03FF451AFC3E412A9E9E7069B61E7637882
S214027ED023F0200363704FF6FC739F423FF4B7AC67
S214027EE04FF6FD739F4204D1B34B1B78042B3FF42D
S214027EF0AEACA3790BB1013BA37163785B0727D5C0
S214027F000023584617AA14A917930EF0C2FF179813
S214027F10F0B10EF0B7FF8146384611F051FD179AC0
S214027F200146137903F03000102806D003F00C0047
S214027F3008281CBF23F00C031371137903F03303D4
S214027F40202B05D1FF2903D0012248460EF0A9FFB7
S214027F50304611F035FDFF281EBF0022974B43F82E
S214027F602020089B03F001094FF6F7739F4200F2A8
S214027F70F980B9F1000F40F00181314658460DF004
S214027F80EAFF0DF078FC874200F0C680384611F012
S214027F9020FD002841D0B8F1010F27D1BAF1010F18
S214027FA017D14A462946BDF846000EF07DFF3846F0
S214027FB011F00FFD824B1B78002B72D1584611F040
S214027FC008FD002866D1384611F003FD002861D16D
S214027FD03DE4384611F0FDFC50B3BAF1030F27D149
S214027FE02946BDF846000EF0BCF930E4384611F0DA
S214027FF0F0FC38460EF085FF002847D000233946AD
S2140280005846BDF8462001F061F900283ED000210E
S214028010BDF84600FEF7C6FE19E4384611F0D9FC54
S21402802018B1B8F1010FD8D0E3E7B8F1010FE0D1EB
S214028030634B1B78002BC1D0BAF1050F31D10DF07E
S2140280401AFC8DF85C000DF016FC000A8DF85D0037
S2140280500123022217A90DF14600FAF775FD002842
S2140280607FF4F5AB691C89B2BDF8460006F07AF8D3
S2140280700378013303706378590715D40DF0FBFBC0
S214028080834522D0002239461C2032E54C4B1B7811
S214028090002B93D0B8F1010FCED063785A0714D5CF
S2140280A002E06378580718D5BDF8464020460FF020
S2140280B030F9411C89B2204606F054F80378B8F12C
S2140280C0010F03F1FF33037004D0BDF84600FEF73C
S2140280D08DFF09E0BAF1050FD0D0BDF84600FEF7D5
S2140280E085FFBAF1030FCDD00228CBD10021584626
S2140280F017AA0EF0D1FE30B10379468003F03C0396
S21402810043F04003037100232E4A00933946584633
S21402811012780EF0EEF8B5E7B8F1010F7FF477AFFC
S2140281200AF1FF330C2B00F2868001A252F823F0EC
S2140281309181020091810200E17F0200A781020084
S214028140C98102004F780200ED810200FD81020023
S21402815009820200098202004F7802001F82020092
S2140281602B820200B8F1010F71D0B9F1000F08D1CD
S214028170BDF84600FEF7AEFFFFF769BBB8F1010F88
S214028180CED0237A03F00303012B7FF460ABEFE734
S214028190AAF102035A422946BDF846005A410EF099
S2140281A083FEFFF754BB2A465846BDF84610FEF734
S2140281B01FFCFFF74CBB00BFC15F00200444002039
S2140281C0A2690020C5690020691CBDF8460089B274
S2140281D005F0DAFF0235EDB20246BDF846305846E3
S2140281E0009512A906F0D4FDFFF731BB01200A9ACA
S2140281F0BDF84610FDF71AFBFFF729BBBDF846008F
S2140282000EF058FEFFF723BBBDF84600FEF732FD20
S214028210FFF71DBBBDF84600FEF72CFDA8E7BDF82C
S2140282204600FEF70BFAFFF712BBBDF846000BF04E
S21402823076FFFFF70CBB2B4622465046BDF846108B
S2140282400BF043FF00287FF402AB51461BE50AF110
S214028250FF330C2B3FF6FBAA01A252F823F000BF15
S2140282609181020091810200E17F0200A781020053
S214028270C98102004F780200ED810200FD810200F2
S21402828015820200158202004F7802001F82020049
S2140282902B82020010B5002111480DF0BFF90446EA
S2140282A0E8B10DF0E3F80F4B187020460DF0E3F836
S2140282B00D4B187020460DF0E4F80C4B1870204653
S2140282C00DF0E4F80A4B1860012011F0AAF92046D6
S2140282D0FFF758FABDE81040002011F0A2B910BD11
S2140282E01C59002066600020656000206460002043
S2140282F04454002070B5144E044633680D46BBB194
S2140283000DF038F80C2813D120460DF023F9092277
S2140283100021044610F08AFD235C042B08D10B4C86
S21402832025B10B4B22781B789A4203D30023237085
S214028330002070BD0748316810F024FF2378012022
S21402834001332370F5E700BF485400206760002021
S214028350C469002074680020014B93F9010070473D
S2140283603E590020014BB3F8680070473C5300208A
S21402837070B500240D4D2C70EFF706FAE6B2B04247
S21402838008D800220A4B1A700A4B198801B11A80C3
S214028390012070BD304611F019FBC30748BF2B7889
S2140283A004F1010444BF01332B70E5E7B95F0020F6
S2140283B0B25F0020F058002038B50B4B05461B78FC
S2140283C073B101335C08094B188810F0EFFD0023E7
S2140283D030F81320AA4205D00133DAB2A242F7D30C
S2140283E0002038BD0120FCE7B25F0020F0580020D4
S2140283F030B5054685B008460C4611F0E3FAFF286C
S2140284000CD00DF093FE012200210346CDE90112A5
S214028410009221462A460720FCF7F6FB284611F072
S214028420CFFAFF2804460FD011F0D0FAC2070DD5B6
S214028430204611F0CBFA830708D40B4A32F81430E0
S21402844043F4806322F8143005B030BD0DF06EFEA2
S214028450012200210346CDE90112009207202A4696
S214028460FCF7D2FBF0E700BFEC5800204FF6FA729A
S214028470431E9BB2934270B504462AD8FFF79CFF70
S21402848038BB194B1B78042B23D0204611F087FAF1
S214028490FF2801D0FBF7FEFC20460EF0F5FC08B1E3
S2140284A00EF0ECFC2046114E03F0ACFE20460BF01C
S2140284B0ADF931780E4D69B1288810F077FD054682
S2140284C001461E220230F2F70BFA2C8033781E2B5E
S2140284D007D970BD202010F0DDFD28800028EBD1E2
S2140284E0F7E702333370F4E7C15F0020B25F002083
S2140284F0F0580020044A13782BB1013BDBB213700C
S2140285000BB9024A13807047B25F0020F058002071
S2140285100148FAF7D5B800BFF05800202DE9F04719
S214028520804617460D468CB061B903AE00211B4843
S21402853011F0BCF94FF000090446DFF860A01CB940
S21402854020461DE00E46F1E700222146242330464F
S214028550CDF8009011F03FFA082241463046F2F775
S214028560B9FCA8B9337C9BB96FB945B92A462146EE
S2140285700A480DF072F80A4A1388013B138001205C
S2140285800CB0BDE8F0873B88B28953405B06ECD559
S2140285902146504611F0AEF90446D0E75259002063
S2140285A050590020024B1888003818BF0120704727
S2140285B0505900202DE9F04330488DB0FAF770FB91
S2140285C011F02BF82E4D2B68C41A4FF47A73B4FBB5
S2140285D0F3F4A4B214B111F020F82860294F4FF634
S2140285E0FF763B88DFF8A080ADF80A3000233B8098
S2140285F000210DF10A000DF011F8054658B9224B7C
S2140286001B882BB14FF47A711C48714310F0BAFDE7
S2140286100DB0BDE8F0834FF0000924234A462946F0
S214028620CDF8009003A811F0D6F9BDF81A30A3428F
S21402863094BFDB1A1B1B9BB2ADF81A3063B9BDF8A8
S21402864018301B0602D508980BF04DFBB8F8003020
S214028650013BA8F80030CBE79E4228BF1E46012306
S2140286604A462946009303A8242311F0B4F94A4641
S2140286702946384611F020F9BAE700BFE844002040
S214028680505400205259002050590020F0B504469C
S2140286902E4A8DB01068516801AB03C3A378012B34
S2140286A04FD1162200210DF11A00F2F7C7F8D4F8BE
S2140286B02110D4F81D0003AB03C32388190644BF58
S2140286C062680892DA050BD5221D08AE04F114077B
S2140286D0354610685168083203C5BA422E46F7D1AD
S2140286E0ADF8183013F0040318BFA3690593EFF72B
S2140286F063F80023ADF81A00082201A903A88DF832
S2140287001C30F2F7E7FB18B106A903A80DF0A9FF83
S2140287100022242103A80CF038FF044698B100205A
S214028720FFF748FF00222146094811F0C5F8094A1A
S2140287300020138801331380FFF73CFF00200DB0A2
S214028740F0BD0220FBE71920F9E700BFB9BF03001E
S2140287505259002050590020F7B5044600200E4614
S214028760FFF728FF104B1B88A34202D8212003B034
S214028770F0BD00210D4811F099F8002501460B4F77
S2140287800029F3D0A54208D10024242322463046ED
S214028790009411F020F92046E9E7384611F0AAF8CD
S2140287A001350146ECE700BF50590020525900201F
S2140287B00148F9F785BF00BF52590020014B1888BF
S2140287C0704700BF5059002070B50C4611460E4A3D
S2140287D023781278064613F0200542EA0302227036
S2140287E018BF611D0822F2F77BF8002D0CBF05208A
S2140287F00D20D4F80130B3602378337303F01803E6
S214028800082B08BF013070BDBC5F0020042307B5EB
S21402881001200DEB0301054AFAF7BCFA019B044A54
S2140288201B03136003B05DF804FB00BF63E5110091
S214028830AC45002010B5064C2368C3F30B0313B9EE
S2140288400448E3F739FC2068431C236010BD00BFD0
S214028850AC45002063E51100014B1868704700BF65
S214028860AC45002007B50020054B064A18600423D5
S2140288700DEB03010190FAF78DFA03B05DF804FBE5
S214028880AC45002063E511007FB511230A4A01209A
S21402889001A9FAF77FFA094B9DF814201A70084BC3
S2140288A01B780BB1052B05D10AF07CFF012007B01F
S2140288B05DF804FB0020FAE779EB0100BB5F0020BD
S2140288C0BC5F00202DE9F04F0646CBB088460088F4
S2140288D00121174610F0A2FB2E4B3A463188ADF81E
S2140288E0160006A80DF05CFF0DF1280B5A4641460D
S2140288F0C41930880DF0DEFEE4B208EB0003A34292
S21402890008BF044605464FF004091CBFA4EB080442
S214028910E4B223465A460121CDE900090BEB050ACB
S214028920CDF808B02D1B06A8EFF776FBEDB20BEBE1
S21402893004030093019523465A46414630880DF0BB
S214028940E7FE34883946204605F01EFC394600F01C
S214028950F802204605F02CFC0121308810F05EFB60
S21402896001234A46514680B10DF11600FAF7ECF89B
S21402897001210446BDF81620308810F063FBB4FAD5
S21402898084F040094BB0BDE8F08F3046FAF7DCF8C9
S2140289900446F4E7436000202DE9F04FC9B00446D0
S2140289A088469246C118224A04A81F46FFF70CFFC3
S2140289B04FF00409C519EDB208AB0293A5EB0A0BFA
S2140289C0A8EB0A035FFA8BFBA8EB0506DBB2F6B24E
S2140289D004EB0A02009301215B46CDF8049004A83A
S2140289E0EFF71AFB06F590730DEB03025A44A2F555
S2140289F08072136808A844F80830E35D324623F014
S214028A000703E3552C442146F2F7A8F808ABCDE954
S214028A10019308AA00230121009604A8EFF7FCFAA6
S214028A203246204608A9F2F799F849B0BDE8F08F19
S214028A3043600020F8B506460EF07FFD811C054611
S214028A4089B230460EF076FCF0B1EDB129463046DA
S214028A5005F09AFB1228074616D80C4B691C1C5CBC
S214028A6089B2304605F090FB2C44052FE4B205D1BE
S214028A70052809D8064B1B5C1C44E4B22146304646
S214028A80BDE8F8400EF056BC0020F8BDEA830400AC
S214028A90E4830400F8B505460EF079FC0446284641
S214028AA00CF058FDA11C074689B228460EF042FC7F
S214028AB000283ED0002C3CD02146284605F064FB18
S214028AC00646611C284689B205F05EFB0F2E30D89A
S214028AD0194B9B5DE118731E89B2092B0ED8DFE88D
S214028AE003F009050D0D120D0D181E1EC40644BF17
S214028AF0083189B2820601D5083189B22846BDE816
S214028B00F8400EF017BC7B78DB0612D501EB40016D
S214028B10F3E700F01F0000EB40000144EDE71F28DA
S214028B2005D8092E0ABF4000022080B2F5E7C82801
S214028B30E4D00020F8BD00BFFD830400F8B5064669
S214028B400CF008FD09220021054610F06FF900F12D
S214028B501004284610F046FEE4B207462146304688
S214028B6005F012FB0546304610F03CFABA05A0EBBB
S214028B700403DBB20AD47C2D0AD0082D0AD8064A92
S214028B80505D98428CBF00200120F8BD1220F8E705
S214028B900320F6E7FF20F4E70E840400014B187862
S214028BA0704700BFC669002038B5114B04461B78D3
S214028BB008469BB9012038BDA24205F101050FD136
S214028BC003EBC1035B6898470028F3D11E202246B8
S214028BD04FF6FF7110F0CFFD0020ECE70025054BA5
S214028BE0E9B213F83120002AE6D11446EEE700BFB8
S214028BF0C6690020B48304004FF6FF7307B502224D
S214028C000DF106010348ADF80630E3F791FA03B01A
S214028C105DF804FB603202E0002307B5ADF80430CD
S214028C20134B984221D10B88DA0703D5232003B0D1
S214028C305DF804FB9B0748BF4FF47F434FF00202E8
S214028C400C480DF1060148BFADF80430E3F744FACC
S214028C504FF6FF73BDF806209A42E7D10222054876
S214028C6001A9E3F765FA0020E1E72120DFE700BF6C
S214028C701FD1BACA603202E0002313B50222038073
S214028C8004460DF106010F48E3F726FA2D2801D017
S214028C90112805D14FF6FF73ADF80630FFF7ACFF8B
S214028CA09DF80630BDF806201BB1238843F0010369
S214028CB023800020FF2A82BF238843F002032380FA
S214028CC002B010BD603202E0034B1B78002B14BFCB
S214028CD0442056200E307047BC5F00202DE9F04F2E
S214028CE08DB0179C06468946CDE90223BDF858701A
S214028CF0D588ADF816103CB9EC0605D500970AF0F3
S214028D0082FE0DB0BDE8F08FC5F380242B054FEA36
S214028D10043448BF44F40064A80511D544F0800426
S214028D200A2E00F26981DFE816F09A002F0017007B
S214028D30370067016701370010009A0037009E006F
S214028D40E90548BF44F04004EAE74FF001084FF057
S214028D50020B4FF0000A14E008A95FFA89F00DF042
S214028D605BFFDDF82500DDF8291006AB03C3A44B34
S214028D7033F81930ADF816304FF00008C3460DF13F
S214028D80180A002F5DD125E006AA0DF116015FFA3A
S214028D9089F003F017FAEFE74FF6F773994540F2BA
S214028DA02B8115F4026F40F02781964B1B78022B1D
S214028DB003D0043B012B00F2218147BB032E4FF068
S214028DC001080CBF4FF00C0B4FF0080BBA4624F408
S214028DD0C074A4B28C4B18884FF6FF73984206D024
S214028DE08A49FAF767FB10B124F48054A4B2039BB5
S214028DF038460093BDF81620534644F4027105F037
S214028E00EBF9ADF82000002838D1192079E738466A
S214028E1010F0E8F80246FFF757FF032E08BF0138A6
S214028E20824201DD38206CE7032E4FF001080CBFAA
S214028E304FF00C0B4FF0080B4FF0000A24F4C074EE
S214028E40A4B2029B1B889BB91A4639460620009399
S214028E5008F064FC0028BDD140F6014051E74FF00F
S214028E600008C34675E74FF001084FF0030B70E7A2
S214028E70002339461A4607200093E9E74FF6FF73A8
S214028E80614A118899421CD00CF064FB03465E4A84
S214028E9004301188039310F0A7FC5D49039B097800
S214028EA014F4805FD9715949574A1FBF0868986001
S214028EB04868D8604FF6FF7313804FF0FF330B609D
S214028EC04B605946029A08A805F03AFA00289CD048
S214028ED0504C2378002B3CD1A7B1384610F082F8CC
S214028EE00746BDF8200010F07DF823780744002BD3
S214028EF014BF12220022EB1003F0040317443B4473
S214028F00842B8FDC15F400570AD0BDF8204020468B
S214028F100CF026FA40F4806189B220460CF00BFA77
S214028F20A6F10803012B05D801221021BDF8200066
S214028F300CF007FA179BBDF8204043B32046BDF855
S214028F4016100CF051FABDF82030179A0020138044
S214028F50D7E6AA06C0D56B0103F020030A2E14BF7B
S214028F6043F0010363F07E03DBB2B8F1000F08D0D2
S214028F7000215246009108A800F082FE0028ABD0DD
S214028F80BFE61A46514608A80DF035FDF6E720461C
S214028F900EF0FDF9179B024621460420009308F0C6
S214028FA0BDFB00283FF458AF0A2E18D84FF4D963F9
S214028FB0F340DB0713D5072E0AD00A2E08D0BDF8D9
S214028FC020000CF0D8FF80F00100C0B2800098E6C6
S214028FD008A80BF087F80028F1D0042091E617B114
S214028FE025F04005ADB22B463146BDF820005FFAAB
S214028FF089F201F07DFE84E6012082E6162080E6F4
S21402900020580020C05F00204E690020C76900205B
S21402901073600020BC5F0020F7B50F469DF828104D
S2140290200446DDE90B061D46F1B94FF6FF739C4276
S2140290301CBF174B1C804FF000041CBF154B1A7048
S214029040BDF8240005F012FA00232A46CDE90043B3
S214029050394606209DF82030FFF740FE10B90EB1C3
S214029060AB7A337003B0F0BD78B14FF6FF739C4213
S2140290701FBF074B1C80074B1A7000220CF085FAA4
S21402908004460028DCD11920ECE72120EAE700BFDD
S2140290904E690020736000202DE9F04788469DF84F
S2140290A02810074616461D469DF820A0BDF82490B7
S2140290B00B9839B158B300220CF067FA044610B97F
S2140290C0192025E00C464FF6FF739D421FBF114B39
S2140290D01D80114B83F800A04FF6F7739E4208D806
S2140290E00E4B4FF6FD761A784FF6FF73002A18BF1E
S2140290F01E46484605F0BAF900233A46CDE908432B
S21402910031464346BDE8F0470320FFF7E7BD21207E
S214029110BDE8F0874E690020736000207D5F002066
S2140291202DE9F04786B09DF838600546DDE90FA8C0
S2140291300C4617469946B6BB374B1B78022B1DD1F9
S21402914025BB4FF6F7739C4214D80026484605F016
S2140291508DF900233A46CDE900632146FF232846CF
S214029160FFF7BCFD38B9B8F1000F04D0BB7A88F817
S214029170003000E0012006B0BDE8F087043B012B7A
S214029180DED908460AF0ABFF10B31DB3022D31D16B
S214029190EEF7F4FAA042EDD9204B33F814204FF63E
S2140291A0FD739A4219E0BAF1000F32D01A4B1B78BF
S2140291B0022B05D1FFF788FDB042E6D23820DAE767
S2140291C0043B012BF6D908460AF089FF0028F1D1A4
S2140291D01620D0E74FF6F7739C42CBD8002EB4D0B9
S2140291E03146002250460CF0D0F906460028ADD192
S2140291F01920C0E7012DBDD104AA0DF10E01E0B27F
S21402920002F0E0FF064B1B78A342B3D9BDF80E204E
S214029210C5E72120AFE700BFC05F0020205800202E
S2140292209869002030B5104B87B005460C46186882
S214029230596803AA03C298680C4910609A88DB88AA
S21402924052BA23F04003ADF812300023CDE90043B2
S214029250ADF81020FF23098803AA0720ADF80E50A8
S214029260FFF73CFD07B030BD5E5900206A5900206A
S21402927038B50C461146124A124D108022682A60F2
S21402928062686A60A268AA60E288500616D5EA8812
S214029290520613D561B1002218460CF076F9014643
S2140292A050B16088FFF7BEFF0522074B1A7038BD23
S2140292B008460DF0ADFFF2E71920F5E70220F6E7C3
S2140292C06A5900205E590020836000202DE9F04F85
S2140292D0074689B0104615461C468A460EF057F8D1
S2140292E00146284604F050FF064628460CF032F99E
S2140292F0043010F077FA80460CF0BDFA804550D064
S214029300B2074ED1DFF8AC80284605A9B8F800B0FF
S2140293100EF024F99DF81930A8F8007003BBBDF8CA
S2140293201430EBB928460CF015F9023010F05AFA50
S2140293304FF6F773984294BF4FF000094FF00109B9
S21402934001230134E4B22A463846CDF8009005A936
S214029350039303F001FC039B40B901339C421ED2E7
S2140293600020A8F800B009B0BDE8F08F022CF8D1B2
S214029370012BF6D10C4A0D4BA3F800A01378591C0A
S21402938011700B4A7F3B16F00C01137007D1BDF823
S2140293901A305B0603D5BDF81600FFF743FF02231B
S2140293A0D1E70020DFE700BFBE5F00204E69002045
S2140293B0736000206A5900202DE9F04FABB00F46CB
S2140293C0ADF81E000CF0C6F800F1020A064650463A
S2140293D010F008FABDF81E40054620460DF0D7FFED
S2140293E00146204604F0D0FE814600F00308301DF8
S2140293F010F0F8F9414C20800CF03DFAA8422DD02E
S2140294004FF6F7739D4229D87378DA0726D4284692
S2140294100DF077FD30B101232946BDF81E202088C5
S214029420FFF754FF0CF027FA344B1B8883420FD108
S214029430BDF81E4020460DF0AAFF0146204604F065
S214029440A3FE10F00C0103D1BDF81E0001F00EFDC4
S21402945000222B4B1A602BB0BDE8F08F2949BDF8CD
S2140294601E000EF07BF82849BDF81E000DF0D9FF4D
S2140294700028254B08BF0023214ABDF81E001360B2
S2140294800BF0F4FF214B1870BDF81E000BF0F3FF33
S2140294901F4B1870BDF81E000BF0F8FF1D4B18602E
S2140294A000238DF82230002F3AD0164BDB889B061D
S2140294B036D5194B1B689D071ED4B8F1010F14BF91
S2140294C0082318230DF12202009200220DF11E003D
S2140294D0114600F0D5FB18B3B8F1010FA2D10F4B1D
S2140294E01B78112B9ED10DF025FB00289AD140F651
S2140294F01D40FBF70FFB95E70823E3E76A590020B8
S214029500585400205E5900206B60002066600020E0
S2140295106560002044540020BC450020C05F002047
S214029520504610F05FF98246BDF81E000FF05AFD55
S214029530A0F11005EDB22A4631460AA8F1F70EFB55
S214029540FF238DF82F304FF6F7739A4540F2DF80EF
S214029550B8F1010F00F0E780B8F1020F00F0468183
S214029560B8F1000F7FF45EAFA44DBDF81E00EB8885
S214029570ADF8240004930BF0EDFFBDF82460074617
S21402958030460DF004FF0146304604F0FDFD8DF82E
S2140295902300B81C7E7810F025F907460CF06BF90C
S2140295A006F00106B4F8009003906C88002E7FF453
S2140295B039AF4FF6F77A4246494657458CBF0620E2
S2140295C0082010F0D8F8BDF824B058460DF0DFFE9B
S2140295D05946024643460420CDF8008008F07BF840
S2140295E0574583460AD8B5F90620EB88002A05DBDC
S2140295F0580603D541462046FFF714FEBBF1000F7E
S2140296003FF410AF2B88002B5AD16B79002B57D121
S2140296104FF6F7730DF126019F42BDF8240094BF62
S2140296204FF0000B4FF0010B0DF055FBDFF8D8A101
S21402963000F1FF38BAF800301FFA88F10593EB887C
S214029640BDF82600069304F09FFD069B0499019040
S214029650009322465B460598C1F340110AF04CFD82
S21402966000283FF4DFAE042306200093BDF8261040
S214029670624B5FFA88F208F02EF800283FF4D2AE6A
S21402968048F202036A889A4205D1BDF82410BAF855
S214029690000000F025FF594D09AA29460DF12300C6
S2140296A00AF028FD034600287FF4BCAE2104BAF86F
S2140296B00000BDF8242060D5234629460DF020FB85
S2140296C09DF823304D4D03F00C030C2B75D12889E1
S2140296D00DF0E1FA00283FF4A5AE039B002029898D
S2140296E04B4514BF0226032602F044FC444B187076
S2140296F04FF6F7739F42BDF8240075D8A4F13802DE
S2140297005342534132463D4904F036F88AE6B8F1F0
S214029710020F6BD0394BB3F90630002B26DAB8F1BC
S214029720010F7FF41DAF0CF0A6F8238883423FF4A6
S21402973079AE0520BDF81E10FFF736FA00283FF472
S21402974071AE2E4AD3885B0607D50023CDE90033D7
S2140297500A20FF232188FFF7C1FA3A469DF82230F5
S2140297602188BDF81E0002F01DF85BE629460AA80D
S21402977000F070F80028D2D054E60221DFF88C8080
S21402978088F800102946CDF800B003F0E5F9132C4E
S21402979096D0EB885D0493D41A4B1B78D80703D572
S2140297A098F80020022A8BD099077FF53BAE98F8EE
S2140297B00030012B7FF436AE82E700222B79124866
S2140297C000936B791146008802F0FCFB0C4B187074
S2140297D09DF8233003F00C03082B89D1039B4B45DD
S2140297E014BF0426052683E701238BE74846BDF807
S2140297F01E20024901F0AEFA14E600BF5E590020B0
S21402980082600020815F00206A5900207460002078
S21402981010B5002108480BF001FF044650B101467E
S2140298200420FFF7C1F928B12046BDE81040012107
S214029830FFF7C2BD10BD00BF4E590020034BFF21EB
S2140298401A7803489200F0F7F9BF00BF9969002022
S2140298507442002070B5451804464FF0FF31AC4202
S21402986012D1104B10481A7805460023934211DB9A
S2140298700E4C2078431CB3FBF2F602FB163345F877
S2140298802010237000200CE014F8010BE1F7A4FD71
S2140298900146E4E750F8044BA14201D00133E5E764
S2140298A0012070BD99690020744200207560002076
S2140298B0042307B501200DEB0301054AF9F76AFAFE
S2140298C0019B044A1B03136003B05DF804FB00BF50
S2140298D023E1110054540020014B1868704700BF62
S2140298E054540020014B1868704700BF545400209F
S2140298F010B5064C2368C3F30B0313B90448E2F70A
S214029900DBFB2068431C236010BD00BF54540020BC
S21402991023E111002DE9F04F93B003930023DDE914
S2140299201C79069399F8003083460DA804930E46D8
S21402993015460AF06FF899F8003013F003043ED08B
S214029940039B0DF1250A8DF82430002208213846A3
S2140299500BF01FFF002870D028880BF0FBFD99F84B
S21402996000301C074CBF043002300FF03BFF07A943
S2140299708046F9F79FFB9DF824300446980633D5B7
S214029980288806F10D010DF0D5FCA8B1002300933E
S214029990384608232988721D10F01DF899F8003001
S2140299A003F01803182B4AD1B8F1000F47D0A94B81
S2140299B0B3F86830434542D040F60A4327E0288889
S2140299C0711D0DF0B7FC0028F6D000940523324630
S2140299D0298809A80FF0FFFF9DF824300DF1240A0C
S2140299E003F018030393B0E714BB39464046F9F771
S2140299F061FD0028D2D099F800309907DCD04023C8
S214029A002246214640460DF022FA40F6094399F8CE
S214029A10002012F0030440F0F780288803930BF02E
S214029A20FCFC224601461A200FF0A5FE039BEBE043
S214029A3007AB03CB38607960B0E74FF6FF780AF0E1
S214029A403EFB044620B104213846F9F74FFB044694
S214029A501E9B002B5AD009231E990DA88DF8343070
S214029A600AF052F9209B0BB1209B0693039B002B16
S214029A7040F08E800DA8EEF731FB99F800309A0779
S214029A8000F09880FFF734FF5146024601200AF0A4
S214029A9060FB99F800309B0710D5594628880DF0D0
S214029AA023FD0BF1090350FA83F35FFA83FB594651
S214029AB028880DF0F0FC00EB0B06F6B299F80030A1
S214029AC013F0C20F0AF104030DD09DF82420624958
S214029AD042F020028DF824200A68CAF804204A6858
S214029AE05A600AF10C03012209A800921B1A324698
S214029AF029889BB20FF06FFF324659462846FEF77A
S214029B00E1FE002800F0A48000237DE01F9B5BB1ED
S214029B109E460DF1340CBEE80F00ACE80F00DEF8EE
S214029B200030CCF800309DE7049B594603F0200332
S214029B302888049304F028FB10F0030F0CBF0123BF
S214029B4000230593049B059A003B18BF012342EAB3
S214029B50430300930DAA06AB38461F9900F0FEFA9F
S214029B60049A034682B1002880D0059B0DAA009372
S214029B70384606AB1F9900F0F1FA034699F8002022
S214029B8022F0200289F80020002B3FF46FAF3EE758
S214029B90039B102B06D1BDF8363043F00103ADF817
S214029BA0363067E7039B182B4FD1BDF8363043F0AB
S214029BB00203F4E701200DF125010AF0D8FA99F81C
S214029BC00030824613F0040F288821D1069B1BB36F
S214029BD0002C35D00BF021FC0022014616200FF097
S214029BE0CAFD84B17FB14FF6FF7398450BD00023B0
S214029BF00DA91A4638460AF098F9394640469DF8A5
S214029C0035200AF072FA0123184613B0BDE8F08F29
S214029C10002CDFD1104F01E0002CDBD100233246AE
S214029C20009359463B460CF0E6FD00283FF4C4AECE
S214029C30002C3FF469AF069A0AF10103136063E74A
S214029C401B685345C6D80124E8E740F60A43DBE71B
S214029C501923D9E73C53002043600020002307B5B0
S214029C60054A0648136004220DEB02010193E2F74F
S214029C705FFA03B05DF804FB5454002023E11100A0
S214029C802DE9F04F0446B1B000888DF82F30164605
S214029C908A460DF07CFB0146814620880DF0FBFBD0
S214029CA000EB090820880DF048FC00239DF82F5091
S214029CB05FFA88F815F001070790ADF8363008D13C
S214029CC001460DF1360220880DF0EEFA08B1ADF825
S214029CD0367016B9CDE90E660EAEFEF763FC18B105
S214029CE045F020058DF82F500023CDE9033302936B
S214029CF00DF12F03CDE900632246534641464846FE
S214029D00FFF708FE0546002800F043819DF82F3035
S214029D1013F0010746D1B44A23F0200310685168B5
S214029D208DF82F3010AB03C3184600F0FBF905463A
S214029D30FEF744FDBBB2984200F2B7803A9B13B1DD
S214029D4000233A9A1370BDF83630CBB10121208831
S214029D500FF064F927880546002800F04F8101219C
S214029D6038460FF05BF9BDF83670054638460FF0F8
S214029D7039F9002300903A46194628460DF017FA9C
S214029D800023CDE9033302930DF12F03CDE90063DF
S214029D902246534641464846FFF7BCFD0546002884
S214029DA000F0F7809DF82F3003F01103102B40F0DF
S214029DB003818E4B1B78432B40F0FE808C4B1B6836
S214029DC05B0640F1F980208808F105010DF0B2FA31
S214029DD08346002800F0F0804146208804F0D4F93B
S214029DE0844B10F0200F08BF1E4612A800F09AF906
S214029DF00822314612A8F1F76DF8002800F00E810D
S214029E00314612A80AF03AF9012326AE00933246EA
S214029E10002314A912A800F0A1F9002840F0CC8073
S214029E2012AB0DF12F07CDE9036002900093224694
S214029E305346414648460197FFF76CFD002800F05E
S214029E40EF80BDF89A30102043F0080318AA14A930
S214029E50ADF89A300CF0A6FB002840F0AD8012ABAD
S214029E60CDE90360CDE90170009322465346414690
S214029E704846FFF74FFD0546002840F09D8018AB88
S214029E804FF49071002012AA00F0D4F84FF000515F
S214029E9000200CF004FEBBF1000F00F08C804FF0A7
S214029EA0805100200CF0FBFD85E018AB14AA26A911
S214029EB0F8B20AF08FF8002840F09480082210A921
S214029EC027A8F1F707F88346ADB19DF8A53013F041
S214029ED0020F08930FD0082212A927A8F0F7FAFF5C
S214029EE048B9089B590706D53A9B13B101233A9AFB
S214029EF01370089507E03A9B002B61D1BBF1000F67
S214029F0070D1002308930DF1740C14AB0FCB8CE8C0
S214029F100F00BDF83630CBB1012120880FF07EF855
S214029F20B4F800B000284FD0012158460FF076F85A
S214029F30BDF836208346104609920FF053F80023E8
S214029F401946099A009058460DF031F92A4B0DF140
S214029F50740B0493002303930DF12F03CDE90063E2
S214029F602246534641464846CDF808B0FFF7D2FC93
S214029F70002837D1002D33D012AA5B464FF48271E7
S214029F804FF4005000F056F8089B13B126A809F0CB
S214029F903CFE174B1B689A070DD4FEF703FB50B125
S214029FA0114A18AB1068516803C3002226A918A8E4
S214029FB00CF01BFB68BB0025284631B0BDE8F08FCD
S214029FC000233A9A137099E7BDF836200A90104695
S214029FD009920FF007F8DDE9092307990090B2E726
S214029FE02A46CAE70137A3E6B9BF0300C05F0020CE
S214029FF0BC450020A6530020B8450020BDF836B068
S21402A00058460EF0EFFF2B4600905A463846079900
S21402A010B4E626A918A80CF024FBC6E78346F3E6A6
S21402A02014AB2DE701461A230120014AF8F7B2BE07
S21402A03024E10100F0B5164691B0074609A80D4680
S21402A0401C46FFF7EFFF3EB1336845F04005CDF8FA
S21402A05026307368CDF82A301B4B1A6822EA0702AC
S21402A06042EA050119604B040DD5BDF824200B0AFF
S21402A07003F4E243C9B222F4E3420B4322F07F0226
S21402A0801343ADF824301A230020104A09A9F8F722
S21402A09081FEB4B104A809F0BDFC02236A468DF81D
S21402A0A010301546234604F11006144618685968FF
S21402A0B0083303C4B3422246F7D1294604A809F05E
S21402A0C023FE11B0F0BD00BFBC45002024E1010014
S21402A0D047F2FF10044B196841F48042014041F4F4
S21402A0E080411A600CF0DBBCBC45002000B589B08C
S21402A0F0FEF7CAFB01A8FFF795FF0948BDF8042042
S21402A1000168130221F0FF0103F4E2030B43D2B20B
S21402A110134343F48043036009B05DF804FB00BFB9
S21402A120BC45002010B50C4B0446186888B083075F
S21402A13006D54FF0FF3323600120636008B010BDE0
S21402A14010F04000FAD001A8FFF76CFFDDF80630E9
S21402A1502360DDF80A30EFE7BC4500202DE9F04F1A
S21402A16099B081460C461E4617469DF88880A2B1D5
S21402A1701546284609F04EFC18F0020B0FD004B91B
S21402A18011AC6B4622462946484609F001FF0EB13D
S21402A1900023336019B0BDE8F08F0CADE9E76B46DB
S21402A1A02946484604AA09F0C0FE6B7808F0010862
S21402A1B0FF2B25D000287AD154B104AB08AF1A463B
S21402A1C003CABA4220606160134604F10804F6D15D
S21402A1D026B16A78374B03EB82033360B8F1000F7F
S21402A1E001D10020D6E7BDF80030D906F9D41820F0
S21402A1F04FF6FF716A780FF0BEFA40F60E40C9E7D6
S21402A200DFF8B8A0DAF800302EB19A0756BF2A4A0D
S21402A210C6F800B0326003F03003102B01D0202BBA
S21402A2201ED111A8FFF7FEFE082248460DF1460190
S21402A230F0F750FE28B1DAF8003003F04403402B62
S21402A2400ED0B8F1000F0ED108A80CF02CFC022399
S21402A2502B70C4B9002FC4D0281DFFF763FFC0E7D8
S21402A26040F60A4096E7DAF80030DB03ECD508A899
S21402A2700CF019FC02232B70BCB9002FB7D0281D96
S21402A280FFF750FFB3E7002608AB0CAF1A4603CA27
S21402A290BA4220606160134604F10804F6D1281D14
S21402A2A0FFF740FF002E9CD0A1E70126ECE72D2009
S21402A2B070E700BFD0410020B8450020BC45002012
S21402A2C049B9084B197849B14EF66023594328B16B
S21402A2D005480EF057BF41F28831F8E70248F8F712
S21402A2E0DFBC00BF7F5F00200845002070B586B047
S21402A2F00546F8F7C3FD10B9022006B070BD01A8E6
S21402A300FFF710FF06460028F6D08DB92E4B1C68C4
S21402A31014F0020406D02D4B1B78112BECD12C4BDB
S21402A320B3F868404FF481630221ADF80C3023E0A5
S21402A3302846F9F72DF90028DED1234B1C6814F0C5
S21402A340020406D0214B1B78112BD5D1204BB3F833
S21402A35068400822294601A8F0F7BCFD0028E1D093
S21402A3604FF4027300260A21ADF80C302B68CDF8A4
S21402A3700E306B68CDF81230002203A80BF005F9F8
S21402A380024608B91920B8E70F4B196801F03003E6
S21402A390102B17D0202B14BF01230323490001F0F2
S21402A3A004010B432046002100F0F4FF0028E9D008
S21402A3B000210120FFF784FF16B10122054B1A7017
S21402A3C000209AE70323E9E7BC450020C05F00208F
S21402A3D03C5300206A60002030B500251D4C85B035
S21402A3E0CDE90055F8F75CFC23784BB31A491B48B5
S21402A3F00A780078904223D90132012B0A700ED1D6
S21402A4002A464FF4A071284602F0BEFAC0B2B8B986
S21402A41041F2883112480EF0B5FE05B030BD022B6F
S21402A42009D1284602A9F9F745F80028EED102A874
S21402A430FFF75CFFEAE7032B02D101F065F9E5E7D7
S21402A440002108462170FFF73BFF0421684609F009
S21402A4504FFAE2E77660002077600020CF6900209E
S21402A4600845002070B5194A194D0446516810680F
S21402A47086B02E7801AB03C31EB10224204606B076
S21402A48070BDF8F745FD0228F7D103A800F0E8FDF5
S21402A490082201A90DF10E00F0F71CFDA0B10D4B2C
S21402A4A032464FF4A07130461C7002F06DFA044634
S21402A4B00028E3D10123084A41F2883107482B706D
S21402A4C013700EF05FFED9E72324D7E71784040043
S21402A4D076600020CF6900207760002008450020C3
S21402A4E0F0B50C4600219BB02B4F0646492207A822
S21402A4F00691F0F7A3F93B78012B34D19EBB0DF100
S21402A5000E0120460CF0E7FB0546BDF80E000EF0E5
S21402A51069FD441BE4B2BDF80E1023462A46009697
S21402A52006A80FF058FA304604A9F8F7C3FFD0B9C8
S21402A530CCB19DF81920B2B9BDF8233003F47E439E
S21402A540B3F5285F1ED3B3F5385F0ED31349BDF8B3
S21402A5500E000B6843F400030B60294609F0A8FDC1
S21402A56018B104233B701BB0F0BD01220C4B04A8AB
S21402A5701A70FFF7BBFE41F288310A480EF002FE5F
S21402A5800223EFE711463A70FFF79AFE1E2104A84F
S21402A59009F0AEF9E7E700BF76600020BC45002070
S21402A5A07760002008450020014B1870704700BFF6
S21402A5B077600020014B1878704700BF7660002055
S21402A5C0014B1870704700BF766000202DE9F04FEF
S21402A5D00446408891B00E298846ADF81A0074D019
S21402A5E094F80890A7790AF0B5FF09A90546BDF8C0
S21402A5F01A00E6790CF0B2FFBDF81A000AF0B0FEB7
S21402A600430542BFBDF82A3043F40053ADF82A3062
S21402A610E379D80642BFBDF82A3043F48053ADF83A
S21402A6202A30BDF82A30990613D5022F52D10CA92A
S21402A630207A0CF0F1FADDF83500DDF8391007ABB8
S21402A64003C307AA0021042300910DF11A00FFF7A5
S21402A65017FB0121BDF81A000EF0E0FC022F82461D
S21402A66044D1454B33F81950B8F1000F79D0BDF8F4
S21402A6702A305A0675D54FF6FB72954271D83F4A74
S21402A680B2F86820AA426CD0DB0502D528460CF048
S21402A69009FCBDF82A30D80463D5002F33D1BDF8A3
S21402A6A01A000AF05DFEC10663D548F23403BDF80F
S21402A6B026209A4209D1324E3078FF2805D003224E
S21402A6C02946FCF72BF9FF2333700023236011B0D1
S21402A6D0BDE8F08F012F01BF237A2A4A03EB43031A
S21402A6E002EB830314BF00229A1CABE7012F05D1AD
S21402A6F00C2303FB09F3234AD55AB5E7A81C0FF02F
S21402A70071F80546B0E7284601F07CFDBDF81A0050
S21402A7100AF026FEC206C8D46389504605930EF098
S21402A72061FC834650460EF041FC059B02905FFAA0
S21402A7308BF04A46394601900093404609AB09F031
S21402A7406FF8B8F1000F14BF0B20092016F00302B1
S21402A75018BF02F1FF32294618BFD2B20FF00BF82B
S21402A760A3E7BDF81A000AF0FBFDC3069DD4002F2E
S21402A770D2D1A946D0E700BF205800203C53002083
S21402A780D36900206057002038B500240F4B104DC7
S21402A7902A78A24205D8C2B9BDE838400D48F8F773
S21402A7A07FBA598869B9013AD2B2A2422A70EFD06A
S21402A7B0121B184603F110011201F0F791F8034636
S21402A7C0E6E701341033E4B2E2E738BDD4410020B4
S21402A7D07A6000209468002070B51A4B1A4A1D78D9
S21402A7E00023DCB2A54200D870BD14466688013349
S21402A7F0864202F11002F4D1E379A588E16003F003
S21402A80040028DB9CAB123F00403E3710AF0A2FE36
S21402A810037803F07F03037021880029E4D1BDE8A2
S21402A82070400A480EF0AEBC00216580A180002A66
S21402A830E9D1BDE87040FFF7A7BF2046FFF7C6FE86
S21402A840F7E700BF7A600020D44100209468002019
S21402A8502DE9F047044686B040880F4615460AF0B2
S21402A86079FEA3798046082B52D8DFE803F0052E3E
S21402A870185151515151050002300EF0B3FF002D10
S21402A8804ED06946F8F716FE002841D1684601F018
S21402A89063FDB0FA80F0400906B0BDE8F08702A971
S21402A8A0207A0CF0B9F96B466E46DDF80D00DDF83D
S21402A8B01110334A03C3237A32F81390314AD05C1C
S21402A8C075B131460CF0CCF9E6E7237A2E4903EB54
S21402A8D0430301EB830231F82390907A961CEFE74C
S21402A8E04FF6FB7AD14515D930460CF003FB4FF6EE
S21402A8F0FF739842054615D00146304601F09EFC8D
S21402A900554508D9E379DA060ED440F62243E360C9
S21402A9100020C1E74D46294608F102000EF064FF0A
S21402A9200120B9E74D46EDE74FF6FC78454512D1D2
S21402A93003F00C030C2B1CD1DFB130464FF6FD7131
S21402A94001F07CFC40F61F412046E160FFF73EFE28
S21402A950FFF71AFFDCE74FF6FD739D4209D100238D
S21402A960304619461A4602F0DBF84146304601F0F8
S21402A97065FCE37943F00C03E37140F62343C6E734
S21402A98020580020865F00206057002073B50446DA
S21402A99040880E460AF0DEFD02300EF023FF09F074
S21402A9A09EFB18B1A11C201D09F09EFBE6B1E579BD
S21402A9B00135EDB2E57115F0400514D0ECF7D8FE7E
S21402A9C00122054600212046FFF742FF18B1394B07
S21402A9D01B882B449DB2384B1B78042B01BF354B8A
S21402A9E01B885B199DB22580002231462046FFF760
S21402A9F02FFF20B360880AF0ADFDE2792F4922F0DE
S21402AA000C03E3710B7805460133DBB20B70C3719E
S21402AA102B4BA61C1B780BB3E37998061ED5294947
S21402AA20097871B159060CD592070AD5002204237B
S21402AA30114630460092FFF723F910B1E06002B0EB
S21402AA4070BD00220123114630460092FFF718F926
S21402AA5020B1E37943F00303E371EFE7304609F0F0
S21402AA6041FB0028EAD16088FCF7C0FA0328E6D842
S21402AA70DFE800F0020D1D19E37943F00403E371E9
S21402AA801B06DCD5104B1A78104B1A70D7E740F627
S21402AA902443E360E37943F00803E3712B7803F081
S21402AAA07F032B70CBE740F62543E360C7E740F60B
S21402AAB02643FAE728690020C15F0020BE5F002017
S21402AAC0BC5F0020D0690020845F002079600020EF
S21402AAD02DE9F74F06460EF09BFD5F4B0546B3F891
S21402AAE0009018805D4BA0EB09041B78A4B2A34229
S21402AAF098BF00234FF000084FF6FF7788BF1B1B56
S21402AB00564A88BFDBB21370DFF864B1A9EB0003C4
S21402AB100093534B5FFA88F2197891420ED80EB121
S21402AB20FFF732FE4FF6FF739F4200F08E803946E3
S21402AB304C4803B0BDE8F04F0EF024BBBBF8022031
S21402AB40002A3CD0484B9BF807201878BBF800A098
S21402AB50042818D00020BAF1000F08BFA2462044ED
S21402AB60504523D2BBF80010009B1944ABF80010E6
S21402AB70002E4ED002F04802482A4AD100215846FA
S21402AB80FFF704FF45E00192F8F704FC30F01003EB
S21402AB90019ADFD1FBF746FC344B019AB3F800C0AA
S21402ABA08445D7D9ACEB000080B2D4E702F00C00A3
S21402ABB0042807D10022ABF800200BF1100B08F195
S21402ABC00108A6E7510602F0030C02F008000ED5B3
S21402ABD028B3BCF1030F25D1DEB1DBF80C105846C2
S21402ABE0002908BF4FF44261FFF7F0FC11E040B3C2
S21402ABF0BCF1010F25D11206EED44FF4C862ABF8B1
S21402AC0000209BF8072022F0030242F002028BF893
S21402AC100720BBF80020974228BF1746CDE703203F
S21402AC208445D9D213060ED50C4B1A780AEB0200CD
S21402AC30844208DA4A44521B0AEB0201ABF80010BF
S21402AC40E7E70120ECE7012199E7064803B0BDE8F3
S21402AC50F04FF8F725B800BF54590020796000205D
S21402AC607A60002094680020C15F002028690020D6
S21402AC70D4410020F8B500250A4E0B4F3378ECB2CB
S21402AC80A34204D8BDE8F8400848F7F719BD07EB19
S21402AC900414A01CF7F714FD201DF7F711FD01356B
S21402ACA0ECE700BF7A600020D44100204A59002019
S21402ACB070B500240B4D0C4E2B78A34208D81B1BF4
S21402ACC0DBB22B706BB9BDE870400848F7F7E8BFF7
S21402ACD006EB041040F621410134FFF777FCE4B29C
S21402ACE0EAE770BD7A600020D44100209468002014
S21402ACF0F8B5154EDFF858E035789EF800E0134FA9
S21402AD00AE454FEA051C07EB051419D0002503F4DF
S21402AD10835343EA1323A1712272E371608027F8FA
S21402AD200C50A58003F0A8FB40F60243E36033789C
S21402AD306081013328463370FFF7CAFE2846F8BD05
S21402AD4040F60340FBE700BF7A600020D4410020B3
S21402AD50976900202DE9F04F344B0D461C781746B4
S21402AD6085B05CB9B1F90680DFF8C890DFF8C8A0F4
S21402AD70DFF8C8B099F80030A34202D805B0BDE8A3
S21402AD80F08F0AEB0416B08800B9708801A90CF09F
S21402AD90E5FBAA7A9DF80E309A4244D1B8F1000F2C
S21402ADA00FDA297A9DF80C202B89914209D820487F
S21402ADB000780844824236DA521A1B0A1341D9072F
S21402ADC031D538460CF0B9FBBDF80A3004469A066F
S21402ADD002D5EB889B06D1D5F37903F00C03042B3E
S21402ADE008D17088F9F786FD00237288194618463E
S21402ADF00CF07AF800213046FFF7E8FBFFF7C4FCB8
S21402AE0038460EF0EFF8844208D2337A01228BF8E5
S21402AE10003029460023384602F0AEFCB8F1000F97
S21402AE20ACDA0024A6E70134E4B2A3E77860002097
S21402AE30966900207A600020D441002082600020BB
S21402AE4008B50EF0E5FB074B1B88C01A80B2B0F5BA
S21402AE50807F05D9BDE80840002103480EF092B96C
S21402AE6008BD00BF54590020946800202DE9F04721
S21402AE7088B004460D460CF08AFA0146204603F0D6
S21402AE8083F910F003035FD110F00C0F06D12946A8
S21402AE90204608B0BDE8F047FFF79EBC20460AF001
S21402AEA05FFAC30638D420460CF071FA01462046F3
S21402AEB003F06AF9064620460AF04CFB804602304A
S21402AEC00EF090FC05A9074620460CF047FB06F05C
S21402AED00C0698F801300C2E0CBF4FF003094FF009
S21402AEE00609012113F0010F204618BF4FF003098F
S21402AEF00EF094F8174B80461B88A3420FD1B5FA82
S21402AF0085F04009FBF748FC20460AF057FA002273
S21402AF10014607200EF02FFC08B0BDE8F08703F0CC
S21402AF20ABFA824640460EF05DF8064640460EF004
S21402AF303DF8F6B202903A4649462846CDE900A6C2
S21402AF4005AB08F06DFCDFE7012BE5D110F00C0F26
S21402AF50E2D19CE74A590020002210B5094B1C7822
S21402AF60094BD1B28C4201D8002010BD197A814219
S21402AF7002D19979022902D010330132F1E7012079
S21402AF80F3E700BF7A600020D44100200146002289
S21402AF9010B5084B1C78084BD0B2844201D800206A
S21402AFA010BD187A884202D198790128F8D0103359
S21402AFB00132F1E77A600020D4410020002210B46A
S21402AFC00A4B1C780A4BD1B28C4203D85DF8044B6C
S21402AFD0FFF7DABB197A814205D19979012902BFB6
S21402AFE000211980598010330132ECE77A60002084
S21402AFF0D4410020024B1878003818BF0120704751
S21402B0007A600020044B1B6813F0300F03D0202117
S21402B01030200BF044BD7047BC450020002310B51D
S21402B020044608491A4601EA00414FF07F60FFF7DE
S21402B03001F8E30703D5002130200BF030FD002095
S21402B04010BD00BF00007207044B5B8823F47843F0
S21402B05023F08D0303800020704700BFBC4500200C
S21402B06008B500220346C3F80220C3F806200B4A9E
S21402B07002301268D1B212F0200F18BF41F0100150
S21402B0801980930701D4FFF74DF8054B1B78023B56
S21402B090032B8CBF1720002008BD00BFBC45002034
S21402B0A0C05F002038B505460C46FDF7EDFB98B1AB
S21402B0B00E4B187878B10E4B1B681A040FD58CB15C
S21402B0C013F0420F00D17DB103F44073B3F5407F15
S21402B0D00CBF0020232038BD40F60840FBE740F6B0
S21402B0E00B40F8E72046F6E72320F4E7BC5F002093
S21402B0F0BC450020F0B504468DB007A80D4616469E
S21402B10008F088FC1022002103A8EFF797FB5CB139
S21402B110234603AC03F11007224618685968083321
S21402B12003C2BB421446F7D1012703A986EA0703E6
S21402B13007A88DF81C708DF81D3008F0D6FD80EA41
S21402B140070401A8E4B2EDF727F8B6B101A88DF816
S21402B1500650EDF74DF864B1002303A907A88DF851
S21402B1601D3008F0D1FD0C4B1B78432B01D1F9F7AB
S21402B170DBF80A4B1D700DB0F0BD01A88DF8075024
S21402B180EDF736F8002CF6D003A907A88DF81D7047
S21402B19008F0BAFDEFE700BFC05F0020BB5F0020EB
S21402B1A0F0B5012593B007460DA80C4608F032FC10
S21402B1B005A90DA8ADF8345008F0C1FD01A8ECF7BA
S21402B1C0EBFF09A90DA88DF835509DF8066008F02A
S21402B1D0B6FD0DA89DF8075008F047FD70BB731B1F
S21402B1E0DBB2802B28D91FB1A64225D0A54223D197
S21402B1F005A90DA808F088FD03A8ECF7CDFF03A863
S21402B2008DF80F60ECF7F4FF0122294609A8FFF734
S21402B21071FF0AF02AFD01214FF400700BF04FFE79
S21402B220FDF71AFBB0F1004F01D9FDF71BFB044BEB
S21402B230187808F05BFB012013B0F0BD0020FBE796
S21402B240BB5F002070B50E46144605460320FFF786
S21402B250B7F946F004022946204608F0AFFD002260
S21402B260014B1A6070BD00BFB8450020F0B587B02C
S21402B270078805461022002102A8EFF7DFFA3E4BA8
S21402B2801B78002B76D1BC055ED407F08403842B92
S21402B29063D00022394C11461046FFF72BFF17F4F5
S21402B2A0045F276005F102061CD0B9040AD53046B1
S21402B2B002F09CFA00284ED1236823F4005343F48C
S21402B2C08073236030460BF066FC002842D108F0FB
S21402B2D09FFB18B9236843F480332360236843F046
S21402B2E02003236022680DF1060042F40043236027
S21402B2F0FFF7AAFE12F4805FBDF8063031D043F0A5
S21402B3002003ADF806302168334611F0400218BF1C
S21402B31005F123024FF07F60FEF78CFEBDF8063083
S21402B320DA0703D5002130200BF0B9FB23689B0512
S21402B33006D5012295F8221005F11200FFF7DAFE73
S21402B34000200F4B186006E005F112000BF023FCFC
S21402B35000289AD0292007B0F0BDB80799D5232037
S21402B360F9E723F02003ADF80630FDF77BFAFEF787
S21402B37075FCC8E70220EEE7C05F0020BC4500204F
S21402B380B8450020024B1868C0F30050704700BF53
S21402B390BC4500202DE9F04F06468946104600219E
S21402B3A089B01546984602F0EFFE102807460AD8DE
S21402B3B06A4B0341DB0706D4C8F340049DB900205C
S21402B3C009B0BDE8F08F664B1C78002CF6D0FFF76C
S21402B3D0D9FF00280CBF4FF4F0744FF4D074FC4031
S21402B3E004F00104EAE74FF0000A18F0010F534692
S21402B3F0524629464FF00500CDF800A00CBF4FF08C
S21402B400080B4FF4027B06F089F90028D7D0C82330
S21402B4103246009359465346284602F0DDFEADF802
S21402B4200E000028CBD018F0080A4AD14FF6F77360
S21402B430A7F10F02D2B29E428CBF09230123012A32
S21402B44001D843F04003474A8DF810301378591C50
S21402B45011708DF81130002C4FD09DF81030052F4A
S21402B46043F020038DF8103033D03F4B1D78002D6B
S21402B4705AD04FF6F77300259E424FF00F0248D976
S21402B480012304A90DF10E00F7F75EFB002896D102
S21402B490002C4DD1BAF1000133463A4618BF0121BD
S21402B4A0BDF80E00CDF8009008F023FEADF80E00B1
S21402B4B0002884D018F0040F4DD031460AF073FDF0
S21402B4C07EE749460DF10E000BF01EFD0028ADD1B9
S21402B4D075E70121BDF80E000DF0A0FD012102F076
S21402B4E053FE0123834013F0620F1CD11E4B1B78C0
S21402B4F0E3B14FF6F7731825BEE71B4B25461B78BC
S21402B5000222002BBCD04FF6F7739E42B8D8052F06
S21402B510B6D0BAF1000FB3D19DF8103043F0400315
S21402B5208DF81030ACE710250F22A9E71825FBE7A7
S21402B530BAF1000F0AD002234A46009029460DF1BE
S21402B5400E00FEF79DFB0028A4D038E741235246A2
S21402B550CDF800A0F2E70AF00EFD31E79FFEFEFFEF
S21402B560BC5F0020BD5F0020B05F00202DE9DF43F6
S21402B5701E46144B80461B680F469B0791460A9C44
S21402B5801BD4204614B108F09EFDC0B20622CDE9B7
S21402B59002403B460020CDE900890B490BF077FEBE
S21402B5A0024650B10021002E0CBF01230323084699
S21402B5B004B0BDE8D043FFF7EDBE002004B0BDE8FE
S21402B5C0D08300BFBC450020333704002DE9F04F7E
S21402B5D08DB081468A461F4693469DF85C803AB9EE
S21402B5E003A8FEF79FFDB0BB00200DB0BDE8F08FAC
S21402B5F0154600222321104609F0C7FFADF80A00BF
S21402B6000028F1D00DF0D2FC0523044618F0100FE6
S21402B61000F8023B677020D011220021EFF70EF9E6
S21402B62004F11306032F4FF0080237D1594630466D
S21402B630EFF756F9C8F3801306F10905337208F0DE
S21402B6403EFD00283ED000232B706B70012303358D
S21402B65005F8013C36E003ADCBE701261022169929
S21402B660EFF73EF906FA07F313F0620F02D104F180
S21402B6701206D7E707A808F0CDF905A88DF81C60D2
S21402B680ECF78AFD9DF8162018F0200F9DF817306B
S21402B69008BF134604F11306A374C3E751463046A7
S21402B6A0EFF71EF9012306F10802121B2846009343
S21402B6B0BDF80A10082392B20EF08DF9042F06F197
S21402B6C01005BCD02D1BA9B20DF10A000BF047FDE8
S21402B6D0002889D118F0040F0BD048460EF070F9F6
S21402B6E0FF281FBF074A32F8103023F4804322F89F
S21402B6F01030434651464846BDF80A20FFF74AFE38
S21402B70073E700BFEC58002070B5032690B08DF8A2
S21402B7100760F7F7B3FB18B90224204610B070BDD5
S21402B72002AD2846FEF7FEFC0028F5D01B4B1C682F
S21402B73014F00204F0D140F20F43194AADF8243057
S21402B740136804A8CDF826305368CDF82A3008F0DE
S21402B75061F995E8030005AB83E80300062304A815
S21402B7608DF81D308DF81060ECF7B8FC01210DF154
S21402B7702E020DF10700ECF709FC22461A2109A851
S21402B78009F003FF024608B91924C6E70123294631
S21402B7902046FFF7FFFD0028BFD1F5E7BC45002095
S21402B7A0436000202DE9F04F04460D46002191B07B
S21402B7B01F2208A89B460791EFF740F820460BF099
S21402B7C0E6FD0146204602F0DFFC8DF81100204619
S21402B7D009F0C0FE9DF81130467899068146C6F3F8
S21402B7E04006204648BF46F002060BF0A6FE8046FC
S21402B7F020460DF0F7FB0022A0EB0803DBB2232B5A
S21402B80028BF232300922146424607A80EF0E3F8FB
S21402B81000283AD1A24B9DF81C701B789DF81DA0FB
S21402B820B3B3FFF7AFFD00280CBF4FF4F0734FF42D
S21402B830D073FB40DA072BD5B30729D4082F22D1C1
S21402B840BAF1040F21D1FBF77FFBF0B90123424680
S21402B8500093214605200DF1110305F03CFFA0B12F
S21402B860053F0D2F11D8DFE817F024001000AF01B6
S21402B870BC01C501100010001000100010001000DE
S21402B880CB01F901F901052F07D011B0BDE8F08F01
S21402B890102F05D1BBF1000FF7D0FBF755FBD5E70C
S21402B8A0FBF752FB0028D1D0052FCFD0112FCDD0D9
S21402B8B0EBE7BAF1050FE8D8204609F0AEFD029094
S21402B8C009F102000DF08EFF82460DF11200FFF71D
S21402B8D0BBFB01239DF81D8003FA08F313F06203F5
S21402B8E003932DD0BDF812309D0722D5B407CCD5D0
S21402B8F0FBF72AFB0DF11E000BF04DF9B8F1030F12
S21402B90004469DF82EB02FD10DF12F0509F0B3FF96
S21402B910824540F03181032EB7D19DF836100DF1E5
S21402B9201E02003918BF01210DF12E0008F0ECFBB3
S21402B930ABE7FBF709FB0028DCD1002EA5D0D9E740
S21402B940FBF702FB68B10DF11E000BF024F9B8F10B
S21402B950030F04464FF0000B40F082800DF12E05D7
S21402B960D4E7002E91D0EEE74E4B1B6898072AD5F7
S21402B970FF2208210DF1370009F00BFF814610BBAC
S21402B980034601460DF137020220FEF753FB09F08B
S21402B99072FF82450DF137070DF12F0523D04FF6C2
S21402B9A0F7739A4540F2ED8000220821284609F0F6
S21402B9B0F0FE002800F0E580002259460DF11E0038
S21402B9C0FFF798FB61E70DF137070DF12F053846B3
S21402B9D00BF08DF8002848D009F04DFF824540F064
S21402B9E0CC804FF000092846F7F7D2FD002800F079
S21402B9F0C480B8F1010F5BD0B8F1040F7FF445AFF5
S21402BA000BF098F810B1032E7FF43FAF002C7FF4B2
S21402BA103CAF3A4602210DF11E00FFF713FC224B03
S21402BA201B7863B1FFF770FEFEF7C4FD022806D14D
S21402BA300120FEF7B9FD01210846FEF741FC1B4B2B
S21402BA401B78022B20D10321384607F051FFFEF760
S21402BA50B1FD014600287FF418AFFEF731FC14E76B
S21402BA600DF136070DF12E05B1E7104B1B78432B6F
S21402BA707FF40BAFB8F1010F7FF407AF09F0FBFEBE
S21402BA8082457AD1C146AEE7412B7FF4FEAE054B26
S21402BA901B6859057FF5F9AEF9F73EFEF5E600BFDD
S21402BAA0BC5F0020BC4500206A600020C05F00200A
S21402BAB06C4D2B78022B22D02B78412B3FF4E5AE2F
S21402BAC03CB9FBF741FA594602460DF11E00FFF754
S21402BAD011FBFBF739FA00283FF4D7AE0BF02AF831
S21402BAE0614C98B123681B0502D42B78432B0DD1E9
S21402BAF0B0070BD440F61A40F9F70CF8C5E60BF07F
S21402BB0019F80028D8D0B207D6D4BEE6206810F0BE
S21402BB10020002D102990BF0CCF92B78112B16D128
S21402BB202368590513D50020FEF7E0FB04460028DB
S21402BB307FF4ABAE0AF00DF940F61C40F8F7EAFFC8
S21402BB4021462046FEF7BCFBF8F7F0FF9DE6B2075B
S21402BB5001D5FFF757FAB9F1000F9DD007F058FF4D
S21402BB6018B94FF480310AF09AFF00223F4B38464C
S21402BB701A600AF0B3FF8FE70027039B002B7FF4BF
S21402BB800EAF4FF6FF73284605A9ADF8143009F03C
S21402BB9065FE20B1284609F042FEADF814004FF6C5
S21402BBA0FF73BDF8140098423FF46FAE002C0CBF32
S21402BBB00423152301930DF11E0300933A464346D0
S21402BBC02946FFF703FD60E60DF11D00F7F7E0FCDE
S21402BBD000283FF45AAE022229460020FAF79EFEBB
S21402BBE053E6F3077FF551AE3246284607A90BF017
S21402BBF08AF94AE69DF81D100120FFF7D1FA44E6BD
S21402BC00184B1B78022B20D1002D7FF43EAE05A8E0
S21402BC10FEF788FA00283FF438AE154B1D709DF8E3
S21402BC201D30002B14BF64246524FEF7C3FC0328D2
S21402BC3006D128462946FEF743FB2846FEF7C0FCF7
S21402BC40214605A807F054FE1FE6043B012BDBD96C
S21402BC50284608F044FA0028D6D116E6204608F010
S21402BC6040FA12E6C05F0020BC450020B84500201E
S21402BC706A6000202DE9F34105460E4617469846AF
S21402BC800AF058FF044640B101233A463146284698
S21402BC90CDF80080FFF76AFC04460AF04BFF30B18D
S21402BCA0FFF770FB78B10A4B1B689B010BD400238D
S21402BCB03A4631462846CDF80080FFF757FC002C5E
S21402BCC00CBF0446012404F0010002B0BDE8F08176
S21402BCD0BC45002070B58AB005A807F09BFE02237B
S21402BCE001AA15468DF81430084B03F110061446C7
S21402BCF018685968083303C4B3422246F7D1294666
S21402BD0005A807F0F2FF0AB070BD00BF1F8404004A
S21402BD10014B1878704700BFD1690020014B188884
S21402BD20704700BF506900204FF6FF732DE9F043BD
S21402BD30994280460D4685B00BD000274FF6FD7916
S21402BD401C4EEBF71BFDFCB2A0420BD84FF6FF7061
S21402BD501DE0F7F71DFC0028EFD005B0BDE8F04364
S21402BD6009F089BD36F814304B4517D86946204687
S21402BD700AF016FF082241460DF10500EFF7AAF871
S21402BD804FF6FF7360B99D4204D136F8140005B031
S21402BD90BDE8F08326F814500AF0DCFE0137D0E73F
S21402BDA09D42FBD036F81430AB4208BF26F81490FA
S21402BDB0F4E700BF205800202DE9FF4706460F464D
S21402BDC000254FF6FD79DFF83C80DFF83CA0EBF764
S21402BDD0D5FCECB2A04202D804B0BDE8F08738F831
S21402BDE014304B450CD8694620460AF0D9FE082284
S21402BDF031460DF10500EFF76DF808B90AF8047040
S21402BE000135E4E720580020865F0020014B33F816
S21402BE101000704720580020F0B5064600250D4F4A
S21402BE2085B0EBF7ABFCECB2A04201D805B0F0BD92
S21402BE3037F81430B3420BD1694620460AF0ECFEBE
S21402BE409DF80030022B1CBF4FF6FD7327F8143006
S21402BE500135E6E72058002030B585B004460D4689
S21402BE60EBF78CFCA0420FD9084B33F814204FF6A0
S21402BE70FD739A4208D8694620460AF0CDFE294646
S21402BE800DF10500FFF750FF05B030BD2058002029
S21402BE9030B585B00446EBF771FCA04219D92046AE
S21402BEA0FFF75AF80546B0B9694620460AF078FE0A
S21402BEB09DF800302BB1694620468DF800500AF0F6
S21402BEC08DFE4FF6FF720020044B23F8142005B0B7
S21402BED030BD2820FBE740F60440F8E72058002053
S21402BEE02DE9F0410B7805460E461BB9BDE8F04138
S21402BEF0FFF7CEBFEBF742FCA84231D92846FFF740
S21402BF002BF878BB374617F8058B4FF6FF71384685
S21402BF10FFF70AFF0446384600F01EFAB0FA80F031
S21402BF204009B8F1000F15D0B8F1030F15D04FF63F
S21402BF30FF724FF6FD73944208BF1C460B4B314608
S21402BF4023F815400A4B585528460AF047FE0020AB
S21402BF50BDE8F0814FF6FF74F0E74FF6FE74EDE7AA
S21402BF602820F5E740F60440F2E700BF20580020FC
S21402BF70865F00202DE9FF410D4604464FF6FE7807
S21402BF800F4F0E0AEBF7FAFBA04204D8FF24204616
S21402BF9004B0BDE8F08137F8143043450CD1694649
S21402BFA020460AF0FDFD9DF80520EBB29A4203D129
S21402BFB09DF80630B342EAD00134E4B2E2E700BFAD
S21402BFC0205800202DE9F04F0C46174698460025CB
S21402BFD04FF6FD7B87B09DF840A0DFF85C9001909D
S21402BFE0EBF7CCFBEEB2B04201D8FF2616E039F8EA
S21402BFF016205A451ED8304602A90AF0D1FD3FB98E
S21402C0009DF80920424515D19DF80C20524511D1C4
S21402C01044B939F81620019B9A420BD1304607B034
S21402C020BDE8F08F082220460DF10D01EEF752FF13
S21402C0300028F3D00135D3E72058002010B5144667
S21402C0400AF0AEFD2046BDE8104008220149EEF790
S21402C05047BC00BF436000202DE9FF470746154650
S21402C0600846082224491E46EEF734FF04460028F6
S21402C0703FD14FF6FF7ADFF88490EBF77FFB5FFA4B
S21402C08084F880450BD385B3384605F0E6FB0125D8
S21402C0900C9B18700120357004B0BDE8F08739F8A3
S21402C0A0183053451FD0694640460AF079FD7A7823
S21402C0B09DF801309A4216D17A88BDF802309A422B
S21402C0C011D13A799DF804309A420CD108220DF12A
S21402C0D00501781DEEF7FEFE28B9002DD7D14046A1
S21402C0E005F0D6FBD3E70134C7E7FF2005F0D0FB07
S21402C0F0CEE70020D0E700BF436000202058002093
S21402C100F0B50025154E164F85B0EBF737FBECB2AF
S21402C110A04201D805B0F0BD694620460AF040FDAF
S21402C1209DF80030032B06D90023694620468DF879
S21402C13000300AF053FD9DF8002062B14FF6FD7301
S21402C1404FF6FE71032A08BF0B4626F8143000236A
S21402C15001353B55D9E74FF6FF73F6E72058002026
S21402C160865F0020F8B50E4604464FF6FF770C4B66
S21402C1700C4D1B7803EB430305EB8305A54202D85F
S21402C18000242046F8BD2388BB4206D0082231464A
S21402C190A01CEEF79FFE0028F3D00C34EEE700BF9B
S21402C1A09869002060570020044BFF211A78044843
S21402C1B002EB42029200EEF741BB00BF98690020F4
S21402C1C060570020F8B504460C4B0D461B78104607
S21402C1D0A3420DD90C27022117FB04117C43084EFB
S21402C1E008223144EEF77CFB335B00202B80F8BD3F
S21402C1F00023136053604FF6FF73F6E7986900203A
S21402C2006057002038B504464FF6FD75FFF704FE6A
S21402C2100022084B1878084BD1B2884200D838BDA5
S21402C22033F80C1C0132A14208BF23F80C5C0C3315
S21402C230F2E700BF986900206C57002070B50546EB
S21402C2400E460846FFF7DEFF31462846FFF76CFD2E
S21402C25029460648FFF786FF00B970BD044624F853
S21402C2600C6B0AF077FC29462046F3E7605700205D
S21402C27010B5082286B023490446EEF72BFE20B9F5
S21402C28006B0BDE8104009F0F6BA082220461E495C
S21402C290EEF720FE20B91D4BB3F8680006B010BDBD
S21402C2A00023012221464FF6FF700093FFF78AFE15
S21402C2B0FF2806D0164B33F810004FF6FB73984251
S21402C2C0ECD903A8FEF7CCFE58B9BDF80C305B06D5
S21402C2D007D5082221460DF10E00EEF7FBFD0028D9
S21402C2E0DCD021460B48FFF73DFF40B14FF6FB720C
S21402C2F04FF6FF730088904288BF1846CEE74FF687
S21402C300FF70CBE743600020A65300203C5300207A
S21402C310205800206057002070B5002204464FF6D1
S21402C320FB7608460A4B1D780A4BD1B28D4201D8DD
S21402C330002009E01988B14207D8A14205D1082297
S21402C340991CEEF7CDFA012070BD0C330132ECE7F2
S21402C350986900206057002037B5014605460E480A
S21402C360FFF700FF044640B1807A29460AF078FCBF
S21402C37080F00100C0B203B030BD03460090012237
S21402C38029464FF6FF70FFF71DFEFF2816BF034B28
S21402C3902046185CE9E700BF60570020865F002051
S21402C3A02DE9F341224B04461B780F46834215467D
S21402C3B038D9FEF7EBFDB8BB4FF6FD739D421D4E16
S21402C3C00ED004EB440326F823504FF6FF739D422B
S21402C3D01FD12046FEF7F2FD002002B0BDE8F08134
S21402C3E00DF10601384609F039FA4FF6FF72BDF82C
S21402C3F006303846934218BF1D460C236343F55257
S21402C40006EB0308FFF7A8FFB0FA80F0400988F8A9
S21402C4100A000C2303FB0460082239460230EEF7BA
S21402C4205FFAD9E72820D8E740F60540D5E700BFEF
S21402C430986900206057002038B504460D46FFF77D
S21402C440BBFC21460448FFF78DFE00B938BD857255
S21402C45021460C30F7E700BF605700200023074A4A
S21402C4601370074A1370074A118801B11380064BEE
S21402C4701A880AB100221A80704700BF7C6000202A
S21402C4807B6000205A590020585900202DE9F04FB1
S21402C4903C4C1D46238887B00746884610469DF8C2
S21402C4A040605BB952B10AF073FE20804FF4FA6125
S21402C4B0354807B0BDE8F04F0CF064BEDFF8D89000
S21402C4C0B9F80040002C49D020460CF08BFDC0F392
S21402C4D0470620460CF06AFDDFF8C0A00296BAF8BE
S21402C4E00030DFF8BCB00193BBF80030044600937E
S21402C4F000222B46012025490AF0C9FEADF8160097
S21402C500E8B1012504EB4606B4420DD1BDB9BDF82B
S21402C5101630A3B12A464146384600F06FF9ABF80A
S21402C5200050AAF800500AE0012321461A460DF1EF
S21402C5301600F6F709FB023405460028E4D000236D
S21402C540134AA9F800301378013BDBB21370002BB4
S21402C550ACD107B0BDE8F04FFFF780BF0D4C237893
S21402C56023B90CF04DFF08B9012323703246294641
S21402C5700520F7F70DFA0028EBD1207007B0BDE8CA
S21402C580F08F00BF5A590020B468002039370400E3
S21402C5907C6000207B60002058590020F458002060
S21402C5A0F658002030B5154D87B02C889CB9234626
S21402C5B04FF4A07248F2380103A80AF02DFC214677
S21402C5C02046FAF7E3FA22460D4B009403A9FFF73A
S21402C5D05DFF07B030BD204608F0BCFF04300DF00A
S21402C5E001F903A9044628880AF0B8FF002300933D
S21402C5F020462A8803A900F0AFFAEAE75A59002033
S21402C60000F8FF0737B5002001A9FAF7BFFA0D4C6C
S21402C610014623780C4D7BB10C4B019A1878FAF739
S21402C620CBFA2078F8F74CFC002323702B700848CE
S21402C630F6F736FB03B030BD2B78002BF7D0FFF7AA
S21402C640B1FFF4E77E6000207C6000207D60002061
S21402C650B468002008B50548F6F732F80448F6F73D
S21402C6602FF8BDE808400348F6F72AB85A590020C2
S21402C67058590020565900202DE9F04F89B08946B6
S21402C6800446CDE905239DF84870139E30B316F88C
S21402C69001ABBAF1000F23D00AF1FF34A400E4B2D2
S21402C6A03146012007F063FDC00E1BD1DFF838B11A
S21402C6B03146012007F05BFD9BF800503444227996
S21402C6C0BDB1002F47D180234846CDE90277CDE998
S21402C6D000773E4A059900F091F83CE08246DFE793
S21402C6E05446DDE71B28ECD93146012007F03FFD12
S21402C6F0E7E7DFF8F880FF2A00EA08080BD142468F
S21402C700E379A179607901EB032189B209B0BDE82A
S21402C710F04FFAF751BA2E4909688B070AD5FE2A56
S21402C72035D101230135EDB2202D4FEA43030AD15C
S21402C730FF250AE0294628460792FAF727FA4845CF
S21402C740BFD1079AEBE79845ECD1224B1B78FF2B1B
S21402C75004D0AB4204D009B0BDE8F08FFF2DFAD06A
S21402C76029460020F4F7B2FF0028F4D09BF80030E8
S21402C7706479002BEFD1FFF771FE17484FF4105182
S21402C7800CF000FD154B8BF800501C70E3E7052AF1
S21402C79097D8BAF1010F94D8B8F1000F91D0002FB4
S21402C7A0D9D17379002BD6D00D49098821B9082B27
S21402C7B028BF08230B490B70434648461292DDE910
S21402C7C0051209B0BDE8F04FFFF760BE3937040026
S21402C7D0BC450020D2690020B46800207D6000209D
S21402C7E05A5900207C6000207E60002000F8FF0777
S21402C7F0014B1880FFF7D6BE585900200CB42DE91D
S21402C800F04F8BB014AA0E4652F8041B0746099244
S21402C810002940F08F80BDF85400ADF822000028B1
S21402C82000F0A18033794FF6F778002B40F086802F
S21402C83047458CBF4FF009084FF008084C4B1C7850
S21402C840FF2C40F08380B6F90230002BA9BF494B7B
S21402C850347A1C780134A2BFE4B21C7044F080041F
S21402C860DFF81CB12246002101F0A2FC9BF8003042
S21402C870BDF82200002B6CD0DFF808A14FF00009AB
S21402C880BAF8003007930CF0ADFB0546BDF822005F
S21402C8900CF08CFBEBB2CDE90193FF23CDE9030943
S21402C8A000932246334639460798FCF7B5FB4FF607
S21402C8B0FF7305468BF80090AAF80030382D33D166
S21402C8C03246394640460DF1220307F010FC002896
S21402C8D04BD04FF6F7739F4226D8B6F902307088CF
S21402C8E0002B21DA48F204022349244B4FF00008B9
S21402C8F0904214BF8946994608F0BDFF4946034652
S21402C9008A220120CDF800800AF0C1FC814658B187
S21402C9102246414601F04CFCFF2332463946404649
S21402C920CDE90098FCF7DAF928460BB0BDE8F04FDF
S21402C93002B0704701200AF087FC6EE700234745E5
S21402C9408CBF4FF006089846337177E7FF221A70BD
S21402C95086E7CDE900033246FF2339464046FCF718
S21402C960BDF90546AAE71925DEE70546DCE700BF5E
S21402C970D4690020806000204A3704003F37040054
S21402C9807F6000205C59002070B54FF4003300240D
S21402C9900546164688B0ADF81A100DF10F0204A926
S21402C9A00593ADF81840ADF81C4004948DF80F407E
S21402C9B007F07CFB9DF80F3028460193049B044A3F
S21402C9C0009305A93346FFF719FF08B070BD00BFF4
S21402C9D04337040030B54FF48035002487B0039502
S21402C9E0BDF82850CDE900128DF81030074A0346EC
S21402C9F003A9BDF82C008DF81140ADF81250ADF821
S21402CA001440FFF7FBFE07B030BD00BF4F370400EF
S21402CA10B1F1006F2DE9F04314462CBF39223822BB
S21402CA208BB01D464FF00003ADF81E204FF4800277
S21402CA302CBF4FF001099946FF2C0646ADF81C3074
S21402CA400892ADF824304FEA11471FFA81F80FD149
S21402CA5009F022FAB9F1000F19D1154ACDE90205FB
S21402CA6043463046CDE9007407A9FFF7C7FE1AE031
S21402CA70FE2C0AD109F010FA0130C0B209F017FAFA
S21402CA80B9F1000F12D00B4A02E0E8B2F8E70A4A00
S21402CA90CDE9030501233046CDE90174CDF80080C7
S21402CAA007A9FFF7ABFE0BB0BDE8F083034AD5E754
S21402CAB0473704004D370400463704004E3704005B
S21402CAC04FF498124FF0806310B586B0CDE9032379
S21402CAD00023ADF8143008F0CEFE0446F8F796FAB6
S21402CAE0054B01900093054A234603A94FF6FD70B5
S21402CAF0FFF784FE06B010BD4360002053370400E3
S21402CB0008B5064B1B78022B02D0043B012B03D838
S21402CB10FFF7D6FF002008BD0220FCE7C05F00201A
S21402CB2030B500244FF4806587B0CDE900128DF849
S21402CB301030084A034603A94FF6FD708DF81140DF
S21402CB400394ADF81250ADF81440FFF757FE07B045
S21402CB5030BD00BF573704002DE9F04F99B00E469E
S21402CB6005460CA91046CDE90A329DF888700AF0EF
S21402CB70B2F8BDF83090804648460CF033FAB6F963
S21402CB8002300446002BB6F806A0B6F802B004DA65
S21402CB9000228D4B1A70002049E048460CF022FA1B
S21402CBA04045F5D3A4EB0804E3B2002F18BF4FF4B8
S21402CBB0A07A152B099328BF15230024013308F108
S21402CBC0FF324946DBB292B2009412A80CF003FF81
S21402CBD06FEA4B436FEA53437C499DF84820086846
S21402CBE04968ADF83E300DAB03C3ADF84040ADF832
S21402CBF03C40ADF842A0ADF84420BBF1000F24D172
S21402CC000DF14900F6F7C4FCA0B108F034FE5C460C
S21402CC1080460DF151060DF149030A9A96F80090E6
S21402CC20012A2CD14FB384F0010404F0010019B09C
S21402CC30BDE8F08F0DF149000AF05CF94FF6FF747B
S21402CC40011B4C4280464C41E3E7BBF1010F57D132
S21402CC50BDF8498008F00FFE80450AD040460DA96F
S21402CC600AF04BF980F00104E4B20DF14B060DAB6D
S21402CC70D3E7574B0DF14B06CFE70A9CD5E75FB3D8
S21402CC8044BBB9F1010F25D830D108F0F4FD08F005
S21402CC90F2FD2246804671784D4B0291002101201A
S21402CCA0CDE900814B490AF0F2FAADF8320088B1BC
S21402CCB024BBB9F1010F0CBF0D210C210DF132007E
S21402CCC00AF04DFA024628B92846BDF832300FA9B6
S21402CCD0FFF794FD0120AAE7B9F1010F04D1002C59
S21402CCE0D3D081227178D8E7002CFAD1B9F1010F9E
S21402CCF094BF002201227178D201CEE70C21DDE733
S21402CD000A9B002B7FF447AF7388342B4BD1099BC9
S21402CD10092B7FF440AF002F7FF43DAF9DF95160A1
S21402CD203A46B41008210DF1490004F0200408F038
S21402CD3030FDA0B1284B1B78012B3FF42CAF274ABD
S21402CD40274BB2F868201B68AA421DD0DA001BD512
S21402CD50C8232846234A0FA9FFF750FD1BE70DF10B
S21402CD604900F6F715FC0028E4D10DF149000AF057
S21402CD70C1F84FF6FF739842EAD02146F9F778FEDB
S21402CD8003460028E4D1E4E75B0201D5002E08DA68
S21402CD9000232846134A0FA9FFF730FD124B1C70DA
S21402CDA0F9E68D23D5E7099BCDE905A204930DF19B
S21402CDB04903CDE9028331462846CDE900790B9B2B
S21402CDC00FAA00F03DF8E6E674600020B9BF030043
S21402CDD0436000205B370400C15F00203C53002004
S21402CDE0BC450020A3EC0300D3690020024B187850
S21402CDF040F08000704700BF80600020014B188022
S21402CE0000207047586900204FF6FF7103460288DB
S21402CE101B798A4217BF074901200A8041881EBF34
S21402CE20054A00201180FF2B1EBF044A0020137003
S21402CE30704700BF546900205269002081600020BC
S21402CE402DE9F04FA1B09946BDF8AC302D9F0D9359
S21402CE509DF8B03004460E93BDF8BC3038460F93AA
S21402CE609DF8C0304E88884615469DF8A8B01093A7
S21402CE700CF0B8FC112E824671D808F0FCFC504526
S21402CE8076D0062E10D14FF6FD72924526D0BBF113
S21402CE90000F10D100228023CDE900A229462046A9
S21402CEA0BC4AFFF7ABFC06E0BBF1000F03D1032E32
S21402CEB007D8012E09D80022B74B1A7021B0BDE858
S21402CEC0F08F043E022EF6D8E4E780232946204659
S21402CED0B24ACDF800A0FFF791FCECE7B04B1B7806
S21402CEE05E074CD408F0C7FC0026034632460120F3
S21402CEF0A84900960AF0CBF93B79ADF866000F9385
S21402CF000028DBD0DDE90E320D9803EB42090CF067
S21402CF1069F85FFA89F909F105085FFA88F8804529
S21402CF20CCD241460D9801F02FF9109008EB40083C
S21402CF300D980CF057F88045C0DADDE90F3213433E
S21402CF40DBB2002B40F03482BBF1000FB6D1D846DC
S21402CF5042460421BDF8660001F02AF974E1904ABF
S21402CF603A2E127812D948F23B039E4207D013E0BB
S21402CF708B4A127850070BD5321F022A08D8B8F807
S21402CF80063043F48043A8F8063097E71B2E1DD8D8
S21402CF90B21E91B213295FD9109B494602930F9B8A
S21402CFA03046CDE900B30E9A234607F086F80F28DE
S21402CFB084D10122784B1A70794B1B789B0740F17B
S21402CFC02783BBF1000F7FF479AFD8E7A6F11C01E7
S21402CFD01E29E1D801A050F821F000BF27D6020092
S21402CFE099CF020099CF0200BDCE020099CF02006F
S21402CFF015D4020015D4020099CF020099CF020080
S21402D00099CF020099CF020099CF020099CF020071
S21402D01099CF020099CF020099CF020099CF020061
S21402D02099CF020099CF020099CF020099CF020051
S21402D03047D4020047D40200F9D5020099CF020075
S21402D04099CF02001BD6020099CF020077D60200C3
S21402D0508DD602009BD60200132A9DD801A151F854
S21402D06022F000BFB5D0020045D1020063D1020013
S21402D0707BD20200E5CE020099CF020099CF0200D1
S21402D08099CF020099CF020099CF020099CF0200F1
S21402D09099CF020099CF020099CF020099CF0200E1
S21402D0A099CF020099CF0200BFD3020099CF0200A7
S21402D0B053D6020000231A938DF866300DF16603EC
S21402D0C022460E99484600931AAB06F0F0FF08F087
S21402D0D0D2FB0646EAF75EFB162894BF4FF002091B
S21402D0E04FF02209F7F792FF2E4B0746B3F800A03F
S21402D0F0FBF7EAFD2C4B80464FF6FF70B3F800B004
S21402D10009F0B0FE294B9DF866201988244B1B783F
S21402D11013F002031CBF264B1B780B921A9ACDE91A
S21402D1200701CDE9093240232946CDE9019320467D
S21402D1300023CDE9058BCDE9037A1E4A0096FFF758
S21402D1405DFBBBE608F097FB1B4B1C4A1B88CDE930
S21402D1502A0300232946204621B0BDE8F04FFFF7F8
S21402D1604DBBBE781AA9731EDBB2EF2B304627D909
S21402D170F22E25D005F0CBFA822608F07CFB00239F
S21402D1802946CDE90003034A33462046FFF736FB1D
S21402D19094E600BF3F370400746000204A3704005C
S21402D1A0815F0020586900205469002052690020DF
S21402D1B08160002061370400566900206E37040043
S21402D1C005F0A5FA002856D008F055FB9DF86C200D
S21402D1D09DF86E100492BDF86A2049000392BDF8CD
S21402D1E06820C9B2CDE901629DF86D20034652005F
S21402D1F0D2B208320A44009201200022C6490AF03E
S21402D20046F89DF86D30ADF866008DF8633000285C
S21402D2103FF454AE4FF0000801230DF163011A46A5
S21402D2200DF16600F5F790FC074600287FF446AE3F
S21402D2309DF86330FAB293420CD89DF86E308DF8A2
S21402D2406330B8F1000F02D0BDF8663036E04FF01A
S21402D2500108E1E74146304605F05BFA0123ADF8E6
S21402D2606400022219A90DF16600F5F76DFC01377C
S21402D2700028DDD022E683267FE708F0FCFA064681
S21402D28005F066FA3346009000220120A34909F011
S21402D290FEFF00283FF412AE00273E46ADF86800B7
S21402D2A005F056FA5FFA87F840450DD83246042153
S21402D2B0BDF8680000F07CFFBDF868300022294601
S21402D2C02046FFF79BFAF9E5404605F01EFAFF28CE
S21402D2D08DF866000BD0012301361A460DF1660161
S21402D2E01AA8F6B2F5F730FC00287FF4E7AD01374E
S21402D2F0D6E75046B7F8029005F007FAFF288DF8F1
S21402D300640000F0E2811AA905F001FABDF868305F
S21402D3104B4507D04FF6FF72914540F0D68119046F
S21402D32000F1D3819DF86D3012930E9B0533DBB26C
S21402D33013930F9B149300234FF0000911934B464F
S21402D34013E017934900139BC9B219440D9889B28A
S21402D35009F040FF4FF0000A179B159012995FFAEA
S21402D3608AF28A4216D309F10109149A5FFA89F100
S21402D3709142E6D39DF86E201292169A1392002BD3
S21402D38040F09581119B002B40F09F81109B1493D7
S21402D3900123D1E711999DF86400179305F0B9F9B6
S21402D3A0159A179B0AF1010A824208BF0123D5E7A4
S21402D3B009F106095FFA89F3B046169386E1BD1CA9
S21402D3C029465046BC7A06F0FBF901222946504609
S21402D3D008F0F7FE504609F059FD284609F08AFD86
S21402D3E03A88824207D04FF6FF72904203D00CF082
S21402D3F0E7FA09F06BFD84F00804C4F3C004214682
S21402D4002846FFF719F82146284621B0BDE8F04F16
S21402D41006F07CBEBBF1000F7FF450AD12073FF55D
S21402D420AEAD33463A462946204601F08FF900282B
S21402D4307FF444AD842329462046394A21B0BDE80C
S21402D440F04FFFF7DBB90F9897F8008009F0C6FA9D
S21402D45000210746204601F0E3FC312EA7EB000729
S21402D460FFB240F0D5804FF0000A012053465246E4
S21402D470CDE9008A2B4909F00AFFADF866000028BC
S21402D4803FF41CAD162251461AA8EDF7D7F91AA892
S21402D49008F07AFC4FF0FF33DFF894B0CDE91C3386
S21402D4A09BF80090B9F1000F02D14FF0010A55E047
S21402D4B01D4E33796F2B02D90026324625E05046A0
S21402D4C01CA9F6F73DFF0028F6D0184BB6F80090D8
S21402D4D0B3F86830B9F1000F2CD1003B18BF012316
S21402D4E05B0143F004038DF87A3002238DF87B301B
S21402D4F073881B0A49461EA88DF87D300CF074F915
S21402D500B8F1000F65D0002601220221BDF86600A0
S21402D51000F04EFE32461CE5723704003F37040028
S21402D520A3EC03007A370400B85800203C530020CE
S21402D530BA5F0020B3EB090318BF01235B0143F077
S21402D54005038DF87A3002238DF87B300F238DF891
S21402D5507C30CDE70AF1010A5FFA8AFA0AF1FF3651
S21402D560F6B230460CF032FAC307F3D59BF8003019
S21402D57019EB030F04D009F101095FFA89F9E9E70B
S21402D580584B1CA918783044C0B2F6F7D9FE0028CA
S21402D59092D0304609F0ABFC814630460CF016FAC3
S21402D5A0C0070FD416238DF87A304F4B1B78013301
S21402D5B0DBB20F2B28BF0F238DF87C304B4B33F892
S21402D5C0163096E730460CF001FA8107EAD41223A9
S21402D5D0E9E7BDF866000BF005FD1630B84292DCAE
S21402D5E0012316221AA90DF16600F5F7ADFA0028F6
S21402D5F07FF464AC012660E712073FF5C0AC3B46F9
S21402D600224629460F9801F0F9F800287FF456AC16
S21402D610BBF1000F7FF452AC0CE7BBF1000F7FF4B6
S21402D6204DAC802307E708F026F950457FF446AC58
S21402D630B81CF5F7ADFF00283FF440AC08F01BF924
S21402D640064608F018F92A4B2A4ACDE92A03334639
S21402D65080E538460CF0C6F809F004FC00283FF4D2
S21402D6602DAC2A90002329462046234A21B0BDE845
S21402D670F04FFFF7C3B84B462A4621460020CDE9B5
S21402D6802AB721B0BDE8F04FFEF7F6BF4B462A4652
S21402D69021460120CDE92AB7F3E75B464A462946EA
S21402D6A020462A9721B0BDE8F04F06F034BD01238C
S21402D6B019A91A460DF16600F5F746FA00287FF416
S21402D6C0FDAB08F101085FFA88F8013605F040F86C
S21402D6D05FFA86FA50453FF60CAEB8F1000F3FF4FB
S21402D6E033AC35E49E69002069600020EA580020C9
S21402D6F0436000207F3704004A370400F8B5164B13
S21402D70004461D88154B20F8025B196879B1082279
S21402D710EDF7E6F8124B0C201B78124EA372124B52
S21402D72019780023DAB2914205D8FF2209E0C4F83C
S21402D73002104160EEE7013300FB03F7F75BAF42EE
S21402D740F0D10A4BE2721B782373094B1B78637382
S21402D750084B1B682361F8BD6A5900205854002004
S21402D76082600020545700209869002066600020DE
S21402D7706560002044540020F0B589B006460C4689
S21402D780154609F0DAFE0DF10A020146304609F0A6
S21402D7908BFD144F0346F0B901223A702288BDF879
S21402D7A00A102AB102460090072003F094FF90B1B7
S21402D7B003A8FFF7A3FFBDF80A000BF013FC06460A
S21402D7C0BDF80A000BF0F2FB21460090F3B22846A1
S21402D7D003AA06F01FF80023034A3B70136009B041
S21402D7E0F0BD00BF8360002058540020142230B5DC
S21402D7F08BB005460DEB02011548DEF76DFC10BB3B
S21402D800BDF81430DA0720D413F0060FC3F3410232
S21402D81008BFC3F341220F4B0DF116019C5C68460C
S21402D8202246EDF79BF9BDF8263004F128026A4439
S21402D83002F8283C02341B0A02F8273C69462A46AC
S21402D840E0B208F0AFFE0BB030BD2320FBE700BF0E
S21402D850703214E03784040010B58AB0ADF8262082
S21402D8600022CDE9052204920CAA02924FF6FF721C
S21402D8700446AC2101200192064A039004FB0122D1
S21402D880603200924CF620010DF1260209F03EFBB2
S21402D8900AB010BD3C53002010B54FF6FF741E4A66
S21402D8A08AB0B2F86800B2F85E10A042ADF8260060
S21402D8B0B2F85C304FF6FD70ADF8241018D08142F5
S21402D8C04FF0000094BF48F660014CF66001CDE9C7
S21402D8D00500CDE90300CDE9010094BF09AA603234
S21402D8E000920DF12602042009F010FB0AB010BDCA
S21402D8F081424FF000008CBF603209AA00928CBFB2
S21402D9004CF6604148F66041CDE90500CDE90300DA
S21402D910CDE90100014AE6E73C530020A653002069
S21402D92000B50E4B0022B3F85E308BB0ADF8243053
S21402D9304FF6FF73CDE90522CDE90322CDE9012298
S21402D94009AA00924FF400610DF126020720ADF8F5
S21402D950263009F0DBFA0BB05DF804FB3C530020DE
S21402D960202A10B5144614D8012A04D10C88B4F51E
S21402D970004418BF0124620030B10748ECF7B0FF3C
S21402D980064B00201C7010BD0548ECF7A9FF054B9E
S21402D990F7E72120F7E700BF6C59002084600020DB
S21402D9A0AC590020856000202DE9F0471046174646
S21402D9B00BF018FFDFF814A1DFF814919AF8003084
S21402D9C099F800200546134302D10020BDE8F087EF
S21402D9D010F4406800F0400619D186BBB0F5804FBF
S21402D9E05CD24FF4807400239AF80000344AD9B20D
S21402D9F088425DD8002399F80000324AD9B288429C
S21402DA00E3D932F8021B0133A142F7D155E0F81CE4
S21402DA100BF0E8FE4FF6FF73984214BF012402246F
S21402DA2086B1052605F44043B3F5004F44F00804DA
S21402DA3024D0B5F5804F23D244F4807420E04446C7
S21402DA400326EFE7B5F5804F4FF00506F4D3B8F599
S21402DA50406F14BF02200820304438440BF0C2FE48
S21402DA60194B05F44045B3F85C3083420CBF44F0D2
S21402DA70080444F00404B5F5004F01D144F08004D4
S21402DA80B8F5006F0ED1B8190BF0ACFE0E4BB3F81A
S21402DA905E308342A7D144F01004A4E7444603262E
S21402DAA00220D9E7B8F5406F08BF44F020049AE791
S21402DAB032F8021B0133A14299D1012086E700BF4A
S21402DAC0AC5900206C5900203C5300208560002091
S21402DAD0846000202DE9F04F104685B01646984621
S21402DAE00BF080FE5D4F00F00803B7F85C100446AA
S21402DAF000F00709F01C02930391B7F85EB00BF032
S21402DB0071FE06F1050A054650460BF06BFE03460B
S21402DB104FF6FF70854218D00399A1EB050CDCF195
S21402DB20000545EB0C056D004FF6FF718B420ED1DA
S21402DB3045F004050BF064FC029B6BB1B9F1000FD3
S21402DB4011D0422005B0BDE8F08F0125ECE79B45D9
S21402DB5008BF45F00805EDE7B9F1030FF1D8DFE895
S21402DB6009F0021B795D0BF04BFC08B9A807E8D553
S21402DB7024F00804A4B2B4F5004F05D0B4F5624F01
S21402DB8002D0B4F5404FDCD10025294697F8A820EC
S21402DB90002007F0BDFC3CE0D7F88030E3B9002156
S21402DBA032460846FFF700FFD8B948F6410224F08D
S21402DBB038039BB29342C4D10A2D49D0062DC0D158
S21402DBC097F87730023B012BBBD8F3F745FD0028C8
S21402DBD0B7D140F6040505E041463046984700288E
S21402DBE0DDD00825E20648BF45F08005A30648BFFB
S21402DBF045F4805505F00C03042BC6D1F01D0BF03E
S21402DC00F1FD97F8A8303246009341462B4607F0BE
S21402DC1054FC08B30E9B1880002093E7A90705D191
S21402DC204FF6FF73B7F85C209A428AD104F4406339
S21402DC30B3F5006F0AD0B3F5406F82D10822504682
S21402DC400749EDF747F900287FF47BAF0C25C9E7B3
S21402DC500425C7E7432075E7192073E73C530020E5
S21402DC609C530020034B1A781AB1FF2A04BF0022E5
S21402DC701A7070478760002070B5084C084E2378EB
S21402DC80F55C1DB13E2107480BF0CEFCFF2223783F
S21402DC902846F2540023237070BD00BF8660002021
S21402DCA08760002083370400034B044A1B78D05C4D
S21402DCB0FF3818BF0120704786600020876000206A
S21402DCC00023074A07491360074A1360074A13608E
S21402DCD0074A11600121074A1170074A136070470C
S21402DCE0685400209770030064540020605400209B
S21402DCF0D4680020D5690020705400200E2A70B522
S21402DD000C4606461546194603D9FFF7D9FF50209A
S21402DD1070BD012807D10020F3F7B8FCB0B1FFF7B9
S21402DD20CFFF2120F4E780220021224B1A70224BDB
S21402DD301960224B1B684BB134200BF0ABF9204B19
S21402DD40188018B9FFF7BCFF0120E1E724F0FF6353
S21402DD5023F4FF231BB1FFF7B3FF4F20D8E774B9B4
S21402DD602046F3F7ADFC0124032510F0800F43B2E2
S21402DD701BBF00F01F039C409C4044F078440020E8
S21402DD80104B24F078441E700F4B10491D70104B38
S21402DD901C60104B1870104B1A68F4F71FF818B175
S21402DDA0FFF78EFF0420B3E79DF810200B4B1A7086
S21402DDB0AEE700BF886000206C540020605400204C
S21402DDC0EC5900208D6000208B600020C1E002002C
S21402DDD0705400208C600020685400208960002067
S21402DDE07FB5244B00251A7801232348234903FADA
S21402DDF002F200781A440A60ADF80E5020B3984238
S21402DE0036D11F4C1F4B20781B680DF10E01984728
S21402DE101D4EBDF80E20307092B11C4B2946009361
S21402DE20284602230195F4F713F83278237822B1B4
S21402DE30012A12BF1B230133DBB2237004B070BD6C
S21402DE40013818BF0120F0E778235A43013A0A60E6
S21402DE5008220F490BF064F80B49094A097813782F
S21402DE6021B1012912BF1B230133DBB21370E5E790
S21402DE701846E3E78B6000208D6000207454002073
S21402DE808C600020D4680020D5690020FDE00200E6
S21402DE908D930300024B1868003818BF01207047A4
S21402DEA06054002037B505461C460BF0A9FA68B93F
S21402DEB074B1084B1A60084B0A461C6001232946B7
S21402DEC000930323FFF71AFF03B030BD4D20FBE794
S21402DED02520F9E75C5400206454002013B504465C
S21402DEE00BF08EFA58B962B1074B1A6001230A4644
S21402DEF0009321460323FFF701FF02B010BD4D2019
S21402DF00FBE72520F9E700BF605400202DE9F04129
S21402DF100446DDE906861D469DF820700BF070FA71
S21402DF2088B99EB1A2B10B4B01201A600A4B0A4671
S21402DF30C3F80080094B21461E602B460697BDE8B3
S21402DF40F041FFF7DBBE4D20BDE8F0812520FBE760
S21402DF502120F9E7D4680020685400206454002089
S21402DF600148F4F7ADBB00BFEC5900202DE9F041A3
S21402DF700020F3F7A1FE114B114C1E68114B2088AE
S21402DF801D68114B114FD3F8008010B13978F4F7A1
S21402DF9071FD00203870FFF793FEF4F7ABF90EB16F
S21402DFA04046B0473DB12088A84700232380BDE8FD
S21402DFB0F0410BF0B4BBBDE8F08100BF6454002012
S21402DFC0EC59002060540020705400208E6000201F
S21402DFD0F8B52F48F4F764FE2E4B187830BBF3F7EB
S21402DFE06FFB2D4F06463B6803B32C4B2C4D1C682B
S21402DFF024B195F900301A461946A047294B1B68EA
S21402E00083B1294C2378312B0CD8284B18880AF078
S21402E010CDFF23785A1C22702A78C25423785A1CC1
S21402E0202270C65480232B7000233B60204C23783A
S21402E0301A2B22D81F4A1278012A09D100211E4A19
S21402E040156825FA03F0C007DAB20ED501B12270C0
S21402E0500020F3F735FB2178884212D10022174BB5
S21402E0601A70FFF7BDFE40B9F8BD0133D8B21A28C0
S21402E0704FF00101E5D90A442270BDE8F840FFF7E7
S21402E08075BF0020F3F72EFB0028E7D0F5E700BFA8
S21402E090D86800208D6000206C5400205C5400205C
S21402E0A088600020605400208E600020EC5900201A
S21402E0B08C600020D5690020705400208A60002001
S21402E0C008B50B4B187880B90221F3F7CDFA094B45
S21402E0D01B782BB100214FF6FF720846F3F7A6FA1B
S21402E0E0BDE808400448FFF773BF00210846ECE786
S21402E0F08D60002089600020D868002038B5144B57
S21402E1000C461D78012D21D181B90846F3F7D8FABD
S21402E110104A05FA00F013680F4923EA0003136059
S21402E12020462A46BDE838400AF0FABE0B4A137863
S21402E1300133DBB2022B137004D9BDE8384008481D
S21402E140FFF746BFFFF74CFE0028F6D138BD00BFEA
S21402E1508D600020705400208D9303008A6000209A
S21402E160D868002038B50C4605460AF03BFFA042A8
S21402E17003D82D2103480BF057FA28460AF016FF5B
S21402E180204438BD9737040070B506460D460AF09F
S21402E1900DFF044648B130460AF024FFA84203D8D1
S21402E1A0352102480BF040FA605D70BD97370400D7
S21402E1B070B50C46064615460AF014FFA04203D870
S21402E1C03E2104480BF030FA30460AF0EFFE00B16A
S21402E1D0055570BD973704002DE9F0438FB007460A
S21402E1E00C4615461E469DF85880F8F755F920B19C
S21402E1F0F4F796FE08B144F400544D4B1B7813B95D
S21402E20024F40074A4B2200509D546B9284604A908
S21402E210F5F750F9002846D024F40064A4B2ADF80D
S21402E2201840ADF81A5007F026FB424BADF81C001A
S21402E230B8F1000F02D01A78424501D293F8008056
S21402E2403D4AE105137848BF0DF1210103F10103B0
S21402E250DBB2137058BF08A922058DF81E808DF810
S21402E2601F3006D53368083141F8083C736841F818
S21402E270043CE30407D5314A0831136841F8083CE8
S21402E280536841F8043C0DF11808A1EB08005FFA48
S21402E29080F9002148460AF0FDFE064628B900200D
S21402E2A00FB0BDE8F08304AEB9E70AF07FFE414640
S21402E2B04A46ECF753FC30460AF094FE8046304657
S21402E2C00AF074FE0023024600934FF6FF70042302
S21402E2D05FFA88F107F0F1F8ADF80E000028DED0FC
S21402E2E040F201131C421AD14FF6F7739D4216D81C
S21402E2F00AF078FE0DF10E010446284600F090FD65
S21402E300BDF80E000AF06EFEE4B2A04207D9BDF8D0
S21402E3100E0007F01FF9437843F004034370BDF87C
S21402E3200E003A4601210AF08DFEBDF80E00B7E750
S21402E330BC5F002092690020BE5F00204360002080
S21402E340F0B50829D58889B028D00C2926D0AE0485
S21402E35024D405F040030B43424C267816B105F050
S21402E360200423432FB2002FB8BF43F080030329B3
S21402E37020D11223AC068DF80430937A10D48DF88F
S21402E38005300DF1060401A9621A012392B2F4F7D0
S21402E390DBFBB0FA80F0400909B0F0BD0B46DBE7C4
S21402E3A032228DF805308DF80420002EE9D00DF1CA
S21402E3B01304E8E70C298DF804300ABF1389537951
S21402E3C08DF80530548805BF1B0A8DF806308DF887
S21402E3D005300DF1070318BF0DF106031C70240A61
S21402E3E05C70148802399C70240ADC701479012946
S21402E3F01C7111D8917A002F597131DA02211289D3
S21402E4009971DA71120A03F109041A72002EBAD04F
S21402E410AB06B8D50534B6E7A9071AD4002F0CDA2E
S21402E420117A51B1917A59711189127A03F108045D
S21402E43092B102229A71D971E8E70B4C217801F168
S21402E440010C84F800C091729C1D002F5971DDDA10
S21402E450EAE7917A9C1DF8E70122090A9A71EAE72F
S21402E4609C1DD3E7BC5F0020BD5F0020014B1880D7
S21402E470704700BFEE590020014B1888704700BF56
S21402E480EE5900202DE9F84307460BF0C6F805467C
S21402E4901B480BF039FA1B4B60B31C683C1B2C4420
S21402E4A0A4B20022184BDFF868901B78174D03EBD6
S21402E4B0830399F8006005EB43055FFA82F8464548
S21402E4C00AD9AB8805F10A00A34216D90A23B21A62
S21402E4D029465A43ECF704FA013689F80060AC8004
S21402E4E0B8F1000F03D1394605480AF04BFE28461C
S21402E4F0BDE8F8833C461D60D3E705460132DCE7FB
S21402E500F8680020785400208F600020865800208B
S21402E510906000201FB5154A154C1378013BDBB2FC
S21402E52013706168206801AA03C221891180114A0A
S21402E5301278D21805D00A2320465A43E118ECF77F
S21402E540CFF99DF806301B070DD0BDF80C00FFF77B
S21402E55099FF03468288ADF8082001AA03CA1288EA
S21402E560186059601A8104B010BD00BF8F60002089
S21402E5708658002090600020002108B5084B094804
S21402E5801970094B1970094B1A7802EB8202520075
S21402E590ECF754F9BDE808400548F4F781BB00BF24
S21402E5A090600020865800208F6000209C69002022
S21402E5B0F8680020F8B50024084D094F094E3B784C
S21402E5C03178E2B20B449A4204F1010400DBF8BD52
S21402E5D02846F4F775F80A35F1E700BF865800209A
S21402E5E0906000208F60002010B5064C207828B17D
S21402E5F0054807F0DBFC10B1034B188810BDFFF787
S21402E60089FFF3E78F6000208658002008B50A4A83
S21402E6100346107860B1094A1088984209D121B998
S21402E6209378103323F00F039370FFF773FF0120E4
S21402E63008BD0020FCE700BF8F600020865800203F
S21402E6402DE9F74F00260AF0E8FFDFF8F890B24609
S21402E65099F80070B3463A46DFF8EC801FFA80FE5F
S21402E660B8F800C0344CAEEB0C039BB2019323788F
S21402E670324D009303EB830305EB4303ACEB0E0C26
S21402E6805FFA86FEBE4515D3BAF1000F01D0009B95
S21402E6902370BA422AD3002F37D00A222378C8F82A
S21402E6A0000002FB03532648998803B0BDE8F04FEA
S21402E6B00AF068BDB3F804E001998E4512D84FF00F
S21402E6C0010A009993F802E001310EF1FF3EC9B249
S21402E6D0013AA3F804B083F802E00091D2B20A33FA
S21402E6E00136CDE7E644A3F804E0F8E789F800200F
S21402E6F04AB10A222378C8F8000002FB03531048E6
S21402E70099880AF03FFD237813B903B0BDE8F08F6D
S21402E710FFF76AFF06460028F5D006F04FFE0146D0
S21402E720304607F040FC20B100212888FFF76EFF34
S21402E730E9E740F60241F8E78F600020865800209D
S21402E740F868002090600020785400202DE9F041FF
S21402E75092F808801F4608F1FF33DBB2EF2B05461E
S21402E7600E46144688B00BD982238DF80E303146F9
S21402E77028469DF80E30204AFEF740F8012037E082
S21402E7800E22002104A8ECF759F8B4F809308DF8E7
S21402E7901180ADF81230E37A03F07F02032A08D024
S21402E7A0012B24D103238DF81030A389ADF8153040
S21402E7B00EE0032B14BF022301238DF81030E3680A
S21402E7C0CDF815302369CDF81930237D8DF8143035
S21402E7D0A7F121014A420DF10E034A410093214658
S21402E7E00DF10F0304A8FDF737FC0028BFD1002067
S21402E7F008B0BDE8F08100BFA3EC03002DE9F04F9E
S21402E80000241D7895B0CDE90201049223462246E3
S21402E8100120CDE90054404908F039FDADF81E004C
S21402E820F8B1A346264627460DF120090DF1380A0F
S21402E830E8F7A4FF5FFA84F8404516D83A46022164
S21402E840BDF81E00FFF7B4FC32460421BDF81E00D8
S21402E850FFF7AEFCDDE903100022BDF81E30FDF71F
S21402E860CDFF012015B0BDE8F08F4A4640460AA902
S21402E870FDF7E4FB9DF8282022B12DB1013DEDB253
S21402E8800137FFB20134D3E7BBF1000FF8D199E8A4
S21402E89003009DF829308AE803008DF84030BDF861
S21402E8A02A30032A8DF841304FEA13238DF842307E
S21402E8B017BF032301238DF843309DF82C30DDF873
S21402E8C03110DDF82D0014BF8DF84C308DF8433032
S21402E8D011AB03C302980CBF4FF00E084FF0150899
S21402E8E008F07CF80590BDF81E000AF07BFB05993F
S21402E8F000EB080399420BDB0123424651460DF119
S21402E9001E00F4F721F90028ABD10136F6B2B7E7BC
S21402E9104FF0010BB4E700BF7A37040038B505465E
S21402E9200D4B0E481C88F4F7A7F9012D0CD10C4BA1
S21402E9301C88FA21614358B1884209D28408012C06
S21402E940204638BF012038BD022D08BF0224F0E75A
S21402E95002480AF017FCF2E782580020A84400207A
S21402E96080580020012208B5054B06481A7000217F
S21402E9700AF008FCBDE808400020FFF7CFBF00BF42
S21402E980A75F0020A84400201E4B73B51A8802F128
S21402E99008039BB2012B02D81B4B1B7823B902B08B
S21402E9A0BDE87040F4F77CB90024184B184D1C7073
S21402E9B0184B1C702B787BB14FF6FC73164E0093E7
S21402E9C0224623462146308808F02EFA4FF6FD737B
S21402E9D02C70338001200FE0104B1046197807F098
S21402E9E0E0FA0028F6D10C4B1A884FF6FD739A42CD
S21402E9F0F0D0012302202B7002B0BDE87040FFF772
S21402EA008DBF00BF84580020A75F0020AA5F0020A9
S21402EA10A85F0020A95F00207E580020AB5F002080
S21402EA20012808B50AD002280CD020B9084B187065
S21402EA300848F4F735F94FF0FF3008BDBDE8084046
S21402EA40FFF790BF0020BDE80840FFF767BF00BF92
S21402EA50A75F0020A844002002280CD859B1064A15
S21402EA6013780133DBB21370044A12789A4202D842
S21402EA700220FFF7D5BF7047A95F0020AC5F0020D9
S21402EA8038B5A0F61343012B04460D4615D80E4A98
S21402EA9013780133DBB213700C4A12789A420CD800
S21402EAA04FF6FD720A4B00201988914201BF0022E0
S21402EAB01D80084B1A70FFF731FF29462046BDE835
S21402EAC0384004F0ABBE00BFAA5F0020AD5F002056
S21402EAD07E580020A85F002000234FF6FD71054AED
S21402EAE01370054A1370054A1180054A1370054AC9
S21402EAF013707047AA5F0020A95F00207E5800208E
S21402EB00A85F0020A75F002030B5094B02461B789D
S21402EB1033B1084B084C19780023D8B2884201D387
S21402EB20FF2004E0013334F823509542F5D130BD7E
S21402EB309B690020AF5F00205E5800200022FF2164
S21402EB40044B05481A70054B1970054B1A7892004B
S21402EB50EBF774BEAF5F002062580020AE5F002065
S21402EB609B690020F7B58DF807100DF107010446E2
S21402EB7002F01DFE234B1D78002D41D02046FFF7E4
S21402EB80C3FF214EFF283178204B05D1204A10784A
S21402EB9085422DD9451C1570884219D01C4A1B4D3A
S21402EBA092F800C00022D7B2BC450CD92F4697F87F
S21402EBB003E00132864505F10405F4D102B203EB07
S21402EBC08202D278FA7002B203EB8202D1703070FF
S21402EBD002B203EB820123F82240FF228A709DF8DC
S21402EBE00720FF2A02D003EB8203987003B0F0BD21
S21402EBF00A46104603EB8202D278FF2AF9D1CBE707
S21402EC00FF20F3E79B690020AE5F002062580020D9
S21402EC10AF5F00202DE9F843FFF776FFFF28044692
S21402EC2069D04FF6FF72354F03B2DFF8DC80344E00
S21402EC3027F8232098F80050A54202D10020BDE80C
S21402EC40F883337820B28100A34207EB800090F865
S21402EC5003E010D00023294A5FFA83F94D45944613
S21402EC6006D99CF803900133A14502F10402F3D1C0
S21402EC708CF803E001E086F800E0013DEDB22A1BC5
S21402EC80D2B2043192003944EBF72AFE88F80050DB
S21402EC903378FF2B04D0A34224BF03F1FF33337033
S21402ECA000214FF6FF70154BCAB2AA420CD30023BE
S21402ECB04FF6FF71134ADCB2AC42BBD2013332F8D4
S21402ECC023008842F7D1B5E79A78A2420BD1188082
S21402ECD0DA78FF2A04D0A24224BF02F1FF32DA70A9
S21402ECE001310433E0E7FF2AF2D0A24224BF02F148
S21402ECF0FF329A70ECE72D20A1E700BF6258002091
S21402ED00AE5F00205E580020AF5F0020F8B51C4BB7
S21402ED1005461B78084673B3FFF7F6FEFF2804463F
S21402ED2029D02846FFF7F0FEFF2806D0154B164ED0
S21402ED301A780023D9B2914218D3FF212846FFF74A
S21402ED4011FFFF28014616D00546104F23B207EBE7
S21402ED50830237F823009678FFF704FFA84208BF1D
S21402ED60FF25FF2E214608D12846F8BD013316F8A6
S21402ED7023108142DED1FF25F6E73446E6E700BFE0
S21402ED809B690020AF5F0020605800206258002078
S21402ED902DE9F04180460E461F46002386B001A8A4
S21402EDA014469DF830508DF80330FEF7A7FCADF8F8
S21402EDB004802EB13368CDF806307368CDF80A3079
S21402EDC038460AF0F3F80DF103034219214601A86A
S21402EDD004F030FD9DF8033093B931464046E8F71B
S21402EDE0C1FE0E4B1B785BB10B2C09D8FF214046A7
S21402EDF0FFF7B8FE064605EB4404E4B2A54202D18C
S21402EE0006B0BDE8F0812946384608F0E3F93146F7
S21402EE10FFF7A8FE02350646EDB2EFE79B69002033
S21402EE2000232DE9F3470DF107028DF8073004465B
S21402EE300E4602F0A7FC9DF80730054663B9204649
S21402EE40FFF762FE04465EB130880AF0CBF85FFA3E
S21402EE5080F8FF2C45D10025284602B0BDE8F08791
S21402EE60B046F6E701320C2AF5D02DB207EB85053F
S21402EE70AD78FF2DF6D112F0FF0AECD04FEA4A0524
S21402EE800235EDB2002EE7D0304605EB080108F059
S21402EE9066F90028DFD1524641463088FFF788F9E6
S21402EEA00AF1FF3208F1010108F102093088D2B2F4
S21402EEB0C9B25FFA89F9FFF77BF924B207EB84043B
S21402EEC0A478FF2CC8D023B2494637F823203088CE
S21402EED008F090F90028BED109F102095FFA89F913
S21402EEE0EBE725460022014FBFE700BF625800202D
S21402EEF008B5D6F7F7FCD6F77FF900F091F9D7F701
S21402EF006BFBBDE80840D5F721BF38B5044690F83C
S21402EF1044108378826CCB1A59425941D5F7A0FF28
S21402EF20E37893B1257985B900F012F90346A26811
S21402EF30218A04F11C009C1A8C4236BF52182946BC
S21402EF40D11ABDE8384000F0FAB838BD09B1D6F794
S21402EF5039BDD6F747BD38B58388044603B3E37890
S21402EF600088A17804F10C05A3B10023B1FA81F15F
S21402EF70E3704909FFF7EAFF4FF6FF72A38821897B
S21402EF8093421CBF03F1FF33A3802846BDE83840F6
S21402EF9000F0D5B80123E370FFF7D8FFE188F4E765
S21402EFA038BD10B5044681780088FFF7CFFF0123ED
S21402EFB0E3700023A38010BD10B581780446B1FA31
S21402EFC081F100884909FFF7C1FF0023E370A3809F
S21402EFD010BDFFF7F1BF70B50446054600262B4666
S21402EFE055F8040B10B11B1B0C2B00DD70BD237CE7
S21402EFF08680002BF3D0637C13B1FFF7D2FFEEE7D7
S21402F000FFF7DAFFEBE7FFF7E6BF70B50446054603
S21402F0104FF6FF762B4655F8040B10B11B1B0C2B34
S21402F02000DD70BD8388B342F4D04FF4FA724FF617
S21402F030FF731146D5F768FFECE709B1D6F7C2BCF5
S21402F040D6F7D0BC10B50446C0600830D6F7B4FD7B
S21402F05021792088B1FA81F14909FFF7EEFFA379F9
S21402F06043B121796088B1FA81F1BDE810404909BF
S21402F070FFF7E3BF10BD00F058B8092901D900F028
S21402F08054B870470346184613F8012B8A4201D03B
S21402F090002AF8D1704710B53B2104460068FFF7F6
S21402F0A0F1FF0022034603F8012B2068236010BDFF
S21402F0B010B540B1421E0A24002012F8013F303B30
S21402F0C0D9B2092900D910BD04FB0030F5E708B50E
S21402F0D000F028F850F80C3C23B150F8041C30F825
S21402F0E00E0C18477047084619B1FF21103002F07F
S21402F0F070BA7047007800F0DF03552B07D06428FB
S21402F10007D0663818BF4FF0FF30C0B270470120F4
S21402F11070470320704718B12D280CBF012002202B
S21402F1207047704708B501F046FE08B500F06DF866
S21402F130BDE8084004F04CBB50E9023018470A46C6
S21402F1400830FF2102F03CBAFF21083002F049BA2B
S21402F15008B50AF0C1FABDE8084008F0DBBF2DE9A1
S21402F160F041044600274FF00C0E8F4202DB0020CF
S21402F170BDE8F0812078904204D1002594F80780FB
S21402F180454502DB01370C34EFE70EFB05F6D4F8F3
S21402F19008C00CEB06003CF806609E42E8D001353B
S21402F1A0EEE7F0B585B005460E461746D6F744FD9F
S21402F1B00446A0B131462846D6F70CFD83783A4677
S21402F1C0002BA36831460293A378284601934FF09A
S21402F1D0000300930CBF80234023E4F75FFF05B0D3
S21402F1E0F0BD08B51288D6F727FD50B10279BDF8F2
S21402F1F00C309A4207D881680298EBF771FB002020
S21402F20008BD8620FCE78920FAE7002004F05CBBF4
S21402F21008B504F0C1FB002814BF0320002008BD77
S21402F220704708B502F0B1F8FFF762FED6F75AFE4D
S21402F2306420DFF789FE6420DFF776FE02F0A7F887
S21402F240D5F7B2FD08F0C0FBF8E7F8B5D0E90176CD
S21402F250437B04460D4613B133463E461F46FFF730
S21402F26077FF012D206438460ED1D5F7B5FE30461D
S21402F270D5F7D6FE257360784FF47F42BDE8F84096
S21402F2804FF48171FFF78DBF022D05D1D5F7C8FE69
S21402F2903046D5F7A1FEEDE7D5F7C2FE3046D5F7E4
S21402F2A0BFFE0025E6E738B5037B04468B420D46D3
S21402F2B007D190F844305BB3BDE838404830FFF7DA
S21402F2C043BFFFF745FF216C431AC72B0CD8012317
S21402F2D0C83184F8455084F84430091A04F14800CD
S21402F2E0BDE83840FFF72BBF0DB1237B2BB929466B
S21402F2F02046BDE83840FFF7A8BF00212046FFF7AA
S21402F300A4FF0123C82184F8455084F84430E5E779
S21402F31038BD90F84510FFF7C6BF0121FFF7C3BFFF
S21402F3200221FFF7C0BF0021FFF7BDBF4FF60173F2
S21402F330994210B5044602D10021FFF7B4FF2046D9
S21402F340BDE81040D6F7E6BE032910B504462BD01A
S21402F350007B30B9012903D002290CBF0120FF200F
S21402F36010BD032A07D8DFE802F0020810140129AC
S21402F3701CD002291FD0FF20F2E70029FBD1B4F8E7
S21402F3805C20012A12D0022AF4E704290ED00529AD
S21402F390F0E7042914D0052914D00029EBD1B4F8DB
S21402F3A05C20111F0129ECD80220D9E75A1E5342CD
S21402F3B053415800D4E7022B0CBF02200120CFE7AE
S21402F3C00020CDE70120CBE730B587B005460C46D6
S21402F3D0D6F714FD012820D11CB1611E4B424B41C9
S21402F3E058006B784FF480728DF804304FF48273B5
S21402F3F0ADF806304FF48173ADF8083001238DF86E
S21402F4000B30002385F8900001A8CDE903238DF880
S21402F4100A408DF81430D6F725FD07B030BD416896
S21402F4200346C978027B99B98168C97899B9002AD6
S21402F43008BF0321D6F72EBF9B7B002B0CBF0121F2
S21402F4400221F7E79B7B002B0CBF02210121F1E78B
S21402F450012AF1D17047012AF4D17047042910B568
S21402F460044604D831B1BDE81040D6F797BF052947
S21402F4700DD010BD037B5522002B08BF0321A0F838
S21402F4805C1040781221FFF78CFE2046EBE74368BB
S21402F4901A8A83681A82E6E7012303730378013324
S21402F4A043734FF44073C381032303740023A0F80D
S21402F4B05C3080F89030704710B50446806BD8B147
S21402F4C0E278022A04D0636B5B7972B984F83C3026
S21402F4D094F83C306BB1FFF764FD60784FF6027229
S21402F4E0BDE810400621FFF75CBEB3FA83F35B0962
S21402F4F0ECE7FFF761FDF0E710BD10B50446406B80
S21402F500D5F76AFD2046BDE81040FFF7D5BF10B517
S21402F5100446406BD5F784FD2046BDE81040FFF751
S21402F520CBBF10B50446406BD5F7A0FD2046BDE81C
S21402F5301040FFF7C1BF10B50446002206214078EE
S21402F540FFF72FFEA378022B01D0FF2B04D1204613
S21402F550BDE81040D7F7B4B810BD4FF60273994213
S21402F56010B5044601D1FFF7A7FFE378022B02D0BD
S21402F5702046FFF7A1FF2046BDE81040D7F7A0B807
S21402F58010B58278044603797AB90BB1D7F758F9E1
S21402F5902046D7F781F903236078A4F86C30552209
S21402F5A0BDE810401221FFF7FCBD012B01D1D7F7B1
S21402F5B047F9A379012B02D12046D7F76DF901232B
S21402F5C0EAE710B58378044683B903790BB1D7F717
S21402F5D04DF92046D7F7A4F904236078A4F86C30D6
S21402F5E05522BDE810401221FFF7DBBDB0F86C30A3
S21402F5F0022B0CD00379032B01D1D7F721F9A3797B
S21402F600032B02D12046D7F747F90023E5E7D7F7C1
S21402F610C7F9FAE7827883685AB9DB78002B14BFF9
S21402F62003230423A0F86C30552212214078FFF7FA
S21402F630B8BD1A7922B9DB78003B18BF0123F1E77F
S21402F6400223EFE77FB500239E6A0446B6F5804F95
S21402F6500D460CD201A8D7F747FB039B5B0506D5E0
S21402F66029462046336C04B0BDE87040184704B003
S21402F67070BD00239B6AB3F5804F05D21B6BB3F5B2
S21402F680804F01D29B6818474FF4817070471FB5B0
S21402F69000239A6AB2F5804F04D340F2011005B0F7
S21402F6A05DF804FB126BB2F5804FF6D2012201A878
S21402F6B0CDE902338DF80420D7F716FB039BDB0354
S21402F6C0EBD5029B1A0EE8D0012A03D1C3F30743F7
S21402F6D00A2BE2D900239B6A1B6B1B6C9847DEE75A
S21402F6E008B50AF0BDF9B0FA80F0400908BD134625
S21402F6F010B542B103439B0707D10AF0ADF9B0FA41
S21402F70080F0400910BD0120FCE70020FAE7002344
S21402F7100360704703680B600160704710B538B12C
S21402F72032B129B100230139D45C14B90023037025
S21402F73010BD8B42FAD200F8014B0133F4E70346C0
S21402F74038B10020814204D01A5C02B970470130F9
S21402F750F8E770474FF0FF31FFF7F1BF70B50C4680
S21402F7601646054660B15AB151B1FFF7F3FF84421F
S21402F77006D9211A32462844BDE87040FFF7CEBFAC
S21402F78070BDFEE7FEE700239A4200D1704710B52F
S21402F79050F8234041F8234001339A42F8D110BD75
S21402F7A0D7F702BF4369426CD91C143AB1FBF2F197
S21402F7B003EBC1000330B0FBF2F00230704738B5FD
S21402F7C005460C46FFF7EEFF6A6CE31D143AB3FBE0
S21402F7D0F2F3013304EBC30402FB004038BD38B534
S21402F7E0054644692146FFF7EAFF6A6CE31D143AB0
S21402F7F0B3FBF2F3013304EBC304204438BDF7B580
S21402F80007460E4600257C6CA819644280EA060369
S21402F8101C4003D02C46204603B0F0BDFB6B0122F1
S21402F8205B6901A99847019B0133F4D10435EAE7E5
S21402F83070B505460C46D9F78DFCEB6B2046BDE845
S21402F8407040DB68184770B50025044686B005622E
S21402F850E369AB4202D8206A06B070BD666C2068C7
S21402F860E36B05225B6901A906FB0500984701A820
S21402F87000F023FC00F046FC10B1236A0133236239
S21402F8800135E5E738B50446456C006804F14003E7
S21402F89005FB0101E06B00F042FC05462046FFF73F
S21402F8A0D2FF284638BDF0B50546002687B0EC697B
S21402F8B0013CB44203D80C46204607B0F0BD01B165
S21402F8C04C1E6F6C2868EB6B05225B6901A907FB6F
S21402F8D00400984701A800F0F0FB00F013FC002893
S21402F8E0EAD121460136E2E7F0B504460D46466CFB
S21402F8F0E36B006887B005225B6901A906FB050079
S21402F900984701A800F0D9FB00F0FCFB20B101A843
S21402F91000F0AAFB07B0F0BD29462046FFF7C3FF5A
S21402F9200646676C2068E36B05225B6901A907FB44
S21402F9300600984701A800F097FB431CEAD0B542A0
S21402F94038BF0130E6E72DE9F0434FF6FF79D0F8ED
S21402F950248004460E46C84514BF454600250027A7
S21402F96087B0E369BB4202D807B0BDE8F083E26B1A
S21402F9702368606CD2F814C000FB0530052201A98A
S21402F980E04701A800F099FB022806D0C8450CD132
S21402F990721C29462046FFF775FFE3690135B5FB61
S21402F9A0F3F2013703FB1255DBE729462046FFF741
S21402F9B09BFFB0F1FF3F14BF024632460132E8E732
S21402F9C00368F0B5CC1A436C0646B4FBF3F4002584
S21402F9D087B0F36937685A1E9542706C08D3706C0C
S21402F9E0336800FB043007B0BDE8F04000F095BB7A
S21402F9F00134B4FBF3F203FB1244F36B05225B699A
S21402FA0001A900FB0470984701A800F056FB00F01D
S21402FA1079FB0028E3D10135DBE710B423F00304B9
S21402FA2022449B070A44436C18BF04325B4281EAB5
S21402FA300204234203D05DF8044BFFF7C1BF104611
S21402FA405DF8044B70472DE9F041D0E90A369E4234
S21402FA50044686B028D11422C369456802FB1355B2
S21402FA60284606B0BDE8F0812068676C331AB3FBFF
S21402FA70F7F3E26B07FB0300D2F8148001A9052214
S21402FA80C04701A800F019FB012804D0636C1D448E
S21402FA90013B3340ED1A31462046FFF791FF0646FA
S21402FAA0A36AB342E0D1DBE70025F9E708B50830E0
S21402FAB01346D1E90012D9F7D3FA012008BD13B5CF
S21402FAC00C46002121760093616813462246D7F73A
S21402FAD0C1FE18B1E37D03B1A07EA075A07D02B081
S21402FAE010BD73B5164600F108050C46284609688F
S21402FAF00DF1070200F098F9032E06D163688342DF
S21402FB0003D12846216800F076F9012002B070BDC4
S21402FB10D01E009B42424241187E824211D11A6890
S21402FB208A420ED85A688A420BD35A6901325A61FF
S21402FB30D3E9030282423FBF986840F8221001329E
S21402FB401A610120704710B5032A029C07D1A26AE7
S21402FB505340626C5242134201D100F04CF901202C
S21402FB6010BD08B5C36800209847BDE80840D9F71D
S21402FB70F9BA012814BF0420022070B500244243BB
S21402FB801C70CC7D101D02F002024CB91AB1012283
S21402FB9020F003001A7000F108034868184470BD8C
S21402FBA01AB1012220F003001A7000230C7E01F124
S21402FBB02005DAB2A24201D30020F0E735F833205E
S21402FBC05E1C824206D901EBC30300F10802D86923
S21402FBD01044E4E73346801AEBE773B5054690F81F
S21402FBE042601C4630460DF10303FFF7C2FFEB6B83
S21402FBF0012E5B690DD1324601A998479DF8033064
S21402FC0013B1BDF806300193BDF80430236002B08C
S21402FC1070BD0122214602B0BDE870401847F0B51B
S21402FC20054600244868EB6B87B00E4601225B69E6
S21402FC30029402A908309847274695F84230012BCD
S21402FC4040F0AC80632C00F2AB80612C08D805AB88
S21402FC50224631462846FFF7C0FF9DF814305BB3B4
S21402FC6005AB2246314628468DF81070FFF7B5FFE1
S21402FC7095F84230012B059B7FD14FF6FF729342D7
S21402FC8056D0082205A904A800F063FA059B9DF841
S21402FC901010C3F3072291424AD1DBB2029A1A44E9
S21402FCA0029245E0DCD005AB224631462846FFF7F5
S21402FCB094FFBDF81430D2E795F84230012B39D1C3
S21402FCC0612C2ED822463146284603ABFFF785FF25
S21402FCD03146284604AB621CFFF77FFF31462846B2
S21402FCE005ABA21CFFF779FF102208230DEB0201D9
S21402FCF00DF107008DF8073000F02BFA102205A947
S21402FD000DF1070000F025FA039BDAB24AB99DF816
S21402FD100720B2EB132F04D1DDE9043203EB0243D2
S21402FD20029395F84230012B14BF012302231C4490
S21402FD30013482E7302CF4D822463146284603ABFB
S21402FD40FFF74BFF3146284604AB621CFFF745FF20
S21402FD50102320220DEB03010DF107008DF807306A
S21402FD6000F0F7F9039B9AB2002ADAD19DF8072031
S21402FD70B2EB134FD5D1049BD2E70133D8D0102271
S21402FD8005A90DEB020000F0E4F9059B9DF81010A2
S21402FD90C3F307429142CBD19BB27FE7312C81D984
S21402FDA0029807B0F0BD13B500240194049C009499
S21402FDB0D8F72CFA02B010BD13B501240194049CA6
S21402FDC00094D8F723FA02B010BD00234FF0FF329A
S21402FDD030B544689C4202D10023037230BD0168EC
S21402FDE001EBC30541F833206A600133F2E7C0E94C
S21402FDF00012FFF7EABF0023F0B545689D4210D017
S21402FE000468DF0054F8332004EBC306B2F1FF3F68
S21402FE1008D0C2F31302914204D14FF0FF33E351EC
S21402FE207360F0BD0133E9E70023F0B545689D42F3
S21402FE3002D14FF0FF300EE00468DE0054F8334083
S21402FE40671C09D0C4F31307B94205D1240D1470F8
S21402FE50036833445868F0BD0133E8E7704770B56D
S21402FE609400224605460E4609F0F6FD431C0AD0CB
S21402FE7058B9224631462846EBF72CF8002814BF1C
S21402FE803D20002070BD6E20FCE77120FAE713B516
S21402FE90044601A8D9F760FF9DF8063023804FF488
S21402FEA080736380D9F766FF6060002002B010BDE1
S21402FEB0D9F7D6BE08B5D9F7C7FE002008BD10B5DB
S21402FEC0044644EA010313F00303084609D19342A9
S21402FED001D1002010BD54F8231040F8231001333E
S21402FEE0F5E721469200EAF739FEF2E710B5044636
S21402FEF009F0B6FD431C10D088B9D9F73BFF23465C
S21402FF0020F003002044984201D1002010BD53F88F
S21402FF10042B0132F7D03E20F8E76E20F6E7712078
S21402FF20F4E7704713B50023044601461B220DF181
S21402FF3007008DF8073000F00CF922689DF80730AC
S21402FF40B3EBD26F0CBF0120002002B010BD13B578
S21402FF5000230446014620220DF107008DF80730E3
S21402FF6000F0F7F80DF107001A22211D00F0F1F853
S21402FF7062689DF80730B3EB926F0CBF0120002039
S21402FF8002B010BD0068431C5842584170470068D2
S21402FF9010F07E0F0CBFC0F3C160002070470068EF
S21402FFA0C0F3D3107047006800F07F0001288CBFB2
S21402FFB0002001207047036813F07E0F14BF042050
S21402FFC008207047036813F07E0F03D1406820F0C4
S21402FFD07C40704713F078001CBF03F07F03D81FE5
S21402FFE07047006800F07F007047032809D0022897
S21402FFF003D1C1F10201C8B2704700290CBF072025
S2140300000020704737B5054601F10C04436969467D
S214030010012220469847BDF800300122019320466E
S214030020AB6901A9984703B030BD37B501F10C049D
S2140300304369012269460546204698474FF6FF72F4
S214030040009B99B291420DD16FF30F0343F42543FE
S21403005043F0A503019301222046AB6901A9984703
S21403006003B030BD0020FBE737B5044600251B224E
S214030070011D0DF107008DF8075000F06AF860685F
S2140300809DF80720B2EBD06F03D120F0784003B081
S21403009030BD0DF107001B2204F108018DF807504F
S2140300A000F057F8A0689DF80730B3EBD06F01D186
S2140300B0C043EAE74FF0FF30E9E74BF29A220368C2
S2140300C010B5B2EB134F044613D19BB2012B13D1D9
S2140300D0FFF7CAFF01300CD04FF6FF72E068B2EBB1
S2140300E0104F4FEA104309D180B2C01A18BF01203F
S2140300F010BD2368013303D00420F9E70220F7E795
S2140301000320F5E701288CBF002001207047033841
S21403011001288CBF002001207047143070472DE95A
S214030120F04105469846036908460E461746984723
S214030130044638B943463A4631462846D9F782F844
S214030140044618B131462846FFF75CFF2046BDE853
S214030150F0811F2A0B689EBF4FF0FF3191408B43FF
S214030160590801F055315B1A03F033319B0803F04D
S21403017033330B44017803EB13130A444FF0013176
S21403018003F00F334B43A2EB13620270704708B5BC
S21403019007F0C2FABDE808400021D9F75DB902218D
S2140301A00320D9F757BB70477047704770474FF027
S2140301B050234FF400321A6770474FF0B0435A6823
S2140301C012B19A6A002AFAD1704770B505461446EA
S2140301D00E4609F02AF92B685C4034405C402C60DC
S2140301E0BDE8704009F01CB90122417803788A40C3
S2140301F030214B4342F2100103F1A04303F5703361
S2140302005A50704721FA00F2D20730B5034600F081
S214030210FC040FD500220132D2B2042A02D14FF0D9
S214030220FF3008E0831803F00303234421FA03F5A1
S214030230ED07F0D4184630BD002070470020704705
S2140302400020704700207047012070470120704748
S2140302500F207047EBF758BB002307B5CDE90033F3
S214030260012369464FF0FF308DF8023004F05BFB44
S21403027003B05DF804FB0020704710B508B92120D1
S21403028010BD0029FBD0036813F0704205D1C3F3F9
S2140302900E030B607BB10020F2E703F05044B4F189
S2140302A0004F05D0B2F1304F02D0B2F1404FE6D145
S2140302B003F07F03EDE74368002BE0D00B60EAE72B
S2140302C037B50C46054610B9212003B030BD0029CA
S2140302D0FAD0002301A90193FFF7CFFF0028F4D13A
S2140302E02968019A11F0704102F1030222F0030219
S2140302F001D12260E9E7AD68B1F1004FC5F3803361
S214030300C5F3403504D103EB450353432360DCE7D1
S214030310B1F1204F01D12B44F7E7B1F1304FFAD0BA
S214030320B1F1404FF7D0CFE737B50C460546002866
S21403033000F08780002900F0848000230B600368A8
S21403034003F070430B60C26822B1032A79D143F0ED
S21403035080630B60AB689A0149D403F08073EA6844
S2140303600AB9002B6DD1226822F040721343236032
S214030370EA68032A05D12A69F62A62D962F3174383
S2140303802360AB681B0442BF236843F40043236027
S214030390EB68032B1FBF23682A6862F30E032360F0
S2140303A02B68AA68002B2ADB12F4C84F49D12B68A6
S2140303B003F0704303F10043B3F1804F05D25305B6
S2140303C042BF236843F4806323600023284601A9C1
S2140303D00193FFF752FF40B92B6813F070421FD109
S2140303E02368019A62F30E03236003B030BD03F063
S2140303F04073B3F1407F18BF4FF00073AFE750046C
S21403040002F4005105D4E1B1236843F4005323609A
S214030410CDE7236843F4804323600029C7D0F3E77E
S21403042003F05043B3F1004F05D0B2F1304F02D082
S214030430B2F1404F05D1019B5A1E236862F30603AF
S214030440D2E72120D1E738B131B101234B604FF019
S214030450005300208B6070472120704737B50C4649
S214030460054608B9212016E00029FBD001234B607E
S214030470C368A3B901A90193FFF722FF58B9019BEB
S2140304806A699A4209D32A69002AEBD0226043F0AC
S21403049000530020A36003B030BD1D20FBE7032BF1
S2140304A0E0D10023F5E7436813B9416070475B6802
S2140304B05A68012AFBD159607047FFF7DCBE08B5BE
S2140304C0FFF7D9FE002814BF6FF09200002008BD86
S2140304D01346428870B50732072A0C464FEAD20104
S2140304E001D0A14222D14668058820221846002161
S2140304F0EAF7A4F9360A0346DEB9BCB141F20102B3
S214030500954205D0B5F5885F02D0B5F5905F02D168
S21403051000205C6070BDB5F5105F0DD1182C03D0BC
S214030520202C01D0102C01D11C60F1E76FF086005F
S214030530F0E76FF08B00EDE76FF08500EAE7F0B5C4
S2140305401C46436806461B0A0F46154689B035D136
S21403055022462946FFF7BCFF68B9EB1C23F00303CA
S214030560C4E90307636145B9202200212046EAF760
S21403057065F96FF0860009B0F0BD01462022684693
S214030580EAF75CF96A4629463046FFF7A1FF0028DA
S214030590EAD12368009A9A42E6D16368019A9A429E
S2140305A0E2D1A368029A9A42DED1A369069A9A42D6
S2140305B0DAD1E369079A9A42DDD0D5E76FF08B006C
S2140305C0D9E7D9F711BFDAF72BB870470020704781
S2140305D000207047C3681944836853F8210030F835
S2140305E0023B13607047012310B580F88830037808
S2140305F0044653B100F061FA21462046DAF702F9C1
S2140306002046BDE8104000F04DBA10BD38B50D4683
S2140306100446DAF7DFF86B682046C4F8B032A968F8
S21403062000F096F94FF0FF332046C4F8B432FFF7D4
S214030630CDFF38BDD0F8B43210B50133044601D02F
S214030640002010BD00F0BCFAC4F8B4020130F7D1A4
S21403065094F8B80280F00100F3E708B5DAF7F6F885
S21403066008BD0A7801382D2A0ABF012200228918FC
S214030670DAF748B907281BD8DFE800F0060A0D109A
S214030680131504170120704700220820DAF73AB939
S21403069000221020FAE700222020F7E70820FFF7C1
S2140306A0E0BF1020FBE72020F9E70846DAF78CB90D
S2140306B0002070472DE9F74307280C46DDE90A7644
S2140306C090461D4608D8013806280AD8DFE800F009
S2140306D01D27303A44574A00212850D003B0BDE8BE
S2140306E0F083002220461146EAF774F83368C0B256
S2140306F005EB83013A6845F82300013348F82210D6
S21403070033603B6801333B60E8E70022204611462E
S214030710EAF760F8336880B205EB8301EAE7002264
S21403072020461146EAF756F8336805EB8301E1E7FE
S214030730002220461146EAF7FBF9336840B205EB80
S2140307408301D7E7002220461146EAF7F1F933681A
S21403075000B205EB8301CDE7002220461146EAF7F7
S214030760E7F9E1E7002389461E461D468DF8063065
S21403077019F8013F7D2B06D125702D0A65703B685D
S21403078048F82340BDE7202BF2D006F001020136DD
S21403079012B98DF80430EBE71022002101A88DF87A
S2140307A00530EAF7C5F9631901359870ADB2DFE78E
S2140307B02DE9F04F9B46002385B08B45814688463E
S2140307C09246CDE902336BDC1A461E4619F80340FF
S2140307D0212C09D81F2C04D8103C072C98BF0122C3
S2140307E000E001260133F1E7FF2CFBD15B4436B171
S2140307F0013B43450ADD2B2005B0BDE8F08F62B10F
S214030800013B4345F7DC3546374602E000252F46D5
S2140308102E46454504DB0020EEE79845F3D0EAE78D
S2140308205D453BDB19F80730202B18D109EB07038E
S2140308305B78FF2BDFD1CEB920465AF82510FFF799
S21403084019FF78B303AB019302AB00932046DDE9AF
S2140308500E235AF82510FFF72DFF0135D9E7212B74
S2140308600ED109EB07035B78FF2BC4D1029B5AF822
S21403087025200E99012641F8232001330293ECE745
S214030880A3F11004072C02D91C460137D3E709EB62
S21403089007035B78FF2BAED1E4B2CCE70624CAE7A6
S2140308A02120A9E72620A7E72DE9F04F07460E46A5
S2140308B015469846044685B0DDF84490DDE90FAB4F
S2140308C0206808B3DAF80020D8F800108A421BDA4A
S2140308D00E9B53F82210D6F79BFD48BBDAF8002090
S2140308E00132CAF800206268117BFE291BD10E9BD9
S2140308F01068012100932A464346CDE902B9CDF894
S21403090004A0FFF7D1FF04462B7843B999F80030CB
S2140309102BB97EB101233C4689F800302B70204664
S21403092005B0BDE8F08F01238BF800302B70EBE7A2
S2140309300C34C5E73446F2E710B50446236803B91A
S21403094010BD237A13B92046DAF774F80C34F5E7AA
S21403095010B541B10A7932B901249C300C71FEF707
S214030960D9FE204610BD0020FCE72DE9F041BAB0C1
S21403097005460AAA084603A900F05FF90446B0B97B
S2140309800DF10A0301930DF10B038DF80A00009392
S2140309900AAA284604AB03A9DAF7FCF99DF80A204D
S2140309A0B2B19DF80B2048B12AB1DAF743F82046D6
S2140309B03AB0BDE8F081FFF7BFFFF8E7D5F89C50E3
S2140309C0002DF4D0A86808B1FFF7B6FF2D68F7E747
S2140309D000B346681AAB06F10C082AAF01934046EB
S2140309E0049B039900970AAAFFF7E2FE0446002831
S2140309F0DDD1039B05A8CDE90637049B0595CDE914
S214030A000838DBF78FFC05A83368984705A800F07D
S214030A103FFDCCE72D24CAE710B50446AC30E9F712
S214030A2009FE04F1AB031A180020934200D110BD4F
S214030A3013F8011F0029FAD00A2908BF0130F4E78A
S214030A400023F0B50B6013600646D0F8AC0278B10D
S214030A5096F8AC0060B1012406F1AC07D6F8AC02F8
S214030A60844210D306F1AC00B3F5007F10D3012007
S214030A70F0BD0D6801350D60156801351560F85C2D
S214030A8001330A2802D0B3F5007FF2D30134E5E739
S214030A90C15C0A29EBD00029E9D011680133013182
S214030AA01160E1E710B50021D0F88C200446E9F781
S214030AB0C5FE0023C4E9243310BD73B5044600F114
S214030AC0AC0580212046FEF73AFE4FF40071064639
S214030AD02846FEF734FE0136C0F5007086422046EF
S214030AE01FD8E9F7A7FD06462846E9F7A3FD013612
S214030AF02946421CA819E9F7F3FE2046E9F79AFDB2
S214030B00214602462846EAF729F82046E9F792FDE9
S214030B100A23204480F8AC300023C4F8AC3202B079
S214030B2070BDFFF779FF01AAC4F8AC0269462046F8
S214030B30FFF786FF0022009B234483F8AC20C0E720
S214030B4073B50D460446FFF767FF6B1C19D1D4F83F
S214030B50AC3213B1013BC4F8AC3200252046E9F7AA
S214030B6069FDA84215D82046FFF79CFFD4F8AC329F
S214030B702BB16946204601AAFFF762FFA0B902B06F
S214030B8070BD012DFBD1D4F8AC328342F7D20133CA
S214030B90E1E7082000F023F8202000F020F80820E2
S214030BA000F01DF80135D9E7009D04F1AC06019B62
S214030BB0AB42E4D9715D2046DAF71AFA0135F6E757
S214030BC007B500200DF1070100F0E7F820B99DF8FE
S214030BD0070003B05DF804FB4FF0FF30F9E710B5EC
S214030BE0C1B20446002000F0C8F800280CBF204617
S214030BF04FF0FF3010BD0FB407B504AA52F8041B1C
S214030C0000200192DAF790FB002003B05DF804EBB6
S214030C1004B0704710B54C1C0B460119045D222C1A
S214030C2003D07B2C01D05C2C05D1D21A1844E9F7EB
S214030C3057FE012010BD0020FCE72DE9F0470546CE
S214030C4091468846E9F7F6FC2A460646134619787F
S214030C5001322029FAD0C9F800305C1B01236FF05B
S214030C60404AC8F80030A64201D8002014E02F5DA1
S214030C7029197B2F12D0222F2ED1D8F80030621CD0
S214030C8053442A4449F82320012C09D911F8013C7E
S214030C9013F0DF0F04D02120BDE8F0877D27F3E7AC
S214030CA001342B5DBB4209D12B195B7813F0DF03AC
S214030CB0F1D1222F00D12B550134D4E75C2B07D179
S214030CC0324621462846FFF7A5FF0028E3D0013E1B
S214030CD00134A642E5D8DEE75C2F08D1324621462A
S214030CE02846FFF797FF0028D5D0013EE4E7202FDC
S214030CF0E2D10022631CB3420A70DDD2EA18EB5C31
S214030D00202BD9D0D8F800300F2B05DC49F8232048
S214030D100133C8F80030CFE71E20BDE700F000B867
S214030D2000207047D6F762BB70B50C46154610B95F
S214030D30DAF7EEFA38B143682BB12A462146BDE806
S214030D40704000681847232070BDF7B50D46164659
S214030D501C4638B9DAF7DCFA04B901AC20B923200B
S214030D6003B0F0BD03B901ACC768002FF7D0234624
S214030D70324629460068B847F2E707B501228DF8E0
S214030D8007100DF10701FFF7CFFF03B05DF804FB73
S214030D900B4601461846FFF7F0BF00230122FFF774
S214030DA0D4BF08B508F039FCFA23B0FBF3F080B2E1
S214030DB008BD0420704740F20160DAF79FBB704716
S214030DC0012070470020704749BA89B280EA0103C0
S214030DD0C3F303125340180380B258405B0103F475
S214030DE0FF535840704708B5DAF754FF58B1A0F1DF
S214030DF05903042B06D8042B04D8DFE803F00404B5
S214030E00040304005C2008BDDBF79CB87047F8B504
S214030E100C468D18073552421540A5F108070646BD
S214030E20384600F0DFF9A188381B628801EBE00141
S214030E3089B2A2EBE00225F8041C25F8062CA2884A
S214030E40C310AAB1A4EBC202B2F802C0D18003EB6E
S214030E500C015180E28892B1D31A9BB204EBC20410
S214030E6025F8023CA380B3680344B3603846F8BD54
S214030E7015F8082C42F0020205F8082CEAE725F8D4
S214030E80022CF0E72DE9F04F4FF0000887B09946A3
S214030E90531C109B0546174614BF14460824CDF86A
S214030EA01480002B00F0C580C3F80080002900F0F2
S214030EB0C28042688A4240F2BE80073121F00706AC
S214030EC008F0C0FA05AACDE9008282463A464B46A8
S214030ED03146284600F08AF9059F834607B130B9A4
S214030EE0504608F0AAFA192007B0BDE8F08FB7F805
S214030EF0028029694FEAC802C0EBC8080139B8F175
S214030F00270F29617AD9B9F1000F51D1864206F12C
S214030F10080848D0224639462846FFF778FF044695
S214030F200590059B9844404600F05CF9059906F148
S214030F300F004A88C308A2EBD002A8F80220CA888A
S214030F40A8F80430002A30D0D31A9BB201EBC202B1
S214030F50A8F8063093808B88F608A380B8F8043088
S214030F603A46E380414600232846668000F0A6F909
S214030F70AB680833AB60237843F0010323702B6917
S214030F8001332B616288AB68504603EBC203EA6801
S214030F90AB60934288BFEB6008F04FFA109B0834AF
S214030FA000201C60A0E73C46BBE7A8F80620D2E773
S214030FB007EB08042046039200F014F90BF107032D
S214030FC0DB080599638008F10703DB08A380CB8859
S214030FD093B1DB00039AD81D821A5A44C2F3CF0298
S214030FE00B44E2809A80A38808F1FF384FEAD808BA
S214030FF0A1F80280CB80BBE7E380F4E7B9F1010FE9
S2140310001BD107F10803B3FBF4F204FB1233B3B1AD
S214031010224639462846FFF7FAFE044623783A4620
S21403102043F00103237021460123284600F046F9C6
S214031030A8E7222058E7212056E78642E8D13C4617
S214031040ECE707B500224FF0FF3101AB0192DAF768
S214031050D9FB019803B05DF804FB2DE9F74F04466E
S2140310600D46002900F0AB80D0E9056808F0EAF9E0
S21403107015F8087C35F8061CFB07009000D531B937
S214031080009808F0DAF9012003B0BDE8F08FA368F2
S214031090D4F8109035F804ECA3EBC10B09F1010367
S2140310A0A5F1080C4A1CC4F808B02361BEF1000F72
S2140310B07BD0ACEBCE03D888B3F802A001901878A7
S2140310C007F00207C00765D4002F64D10198A0EB90
S2140310D00A07012F69D18A1CABF108075244C4F8EA
S2140310E01090A76035F802ECBEF1000F61D0D4E98A
S2140310F000700CEBCE0A07EB0009CA4559D21CF860
S2140311003EC057461CF0010C15D1AEEB0101012978
S21403111011D1BAF80210AAF802C001310A44BAF88B
S2140311200610002943D00AEBC10721690139216162
S214031130A1680839A16015F8081C013A21F00101DD
S21403114005F8081C002125F8061C5A801A7861F356
S21403115000021A707FB3C3F107023A44C2F3CF0208
S214031160DA80BA804EB3B34227D37288002A08BF08
S2140311701E46B8F1000F06D0434504D8B8F802203F
S214031180002A18BF43460098C4E9056308F055F9DA
S214031190002079E74FB115F8087C724427F0020760
S2140311A005F8087C00279F809CE763469AE70F466E
S2140311B0BBE70027BFE7DF80D4E71E46D9E7222038
S2140311C062E710B50446DAF735FB2146BDE8104062
S2140311D0FFF743BFFFF7F5BF0846FFF732BF0846E2
S2140311E0FFF7F8BF0023036043607047F0B5D0E90C
S2140311F00554561C08BF0822002B4FF0000008BFFA
S2140312002C46DDF818C0CCF80000002C37D09DF82B
S21403121014706588FF0007EBC505C2F1000E207841
S214031220C00708D51BBBE088A0B104EBC0046588E3
S21403123007EBC505F3E78D42F4D363B904F108065B
S214031240B6FBF2F002FB106670180EB1A842EAD89D
S214031250CCF80040F0BD082A0FD06088013004EBBC
S214031260C000461A06EA0E06801B8542F0D2A08806
S2140312700028EFD0A4EBC004D9E70846E8E72046E9
S214031280E8E703460069C0B10AB951B91A681046BF
S2140312900378DB0711D531B9C3885BB100EBC30014
S2140312A0F6E79A69F3E7012904D1838823B1A0EB13
S2140312B0C300EDE700207047184670472DE9F0415C
S2140312C0D0E90554074688461646ABB1954200D08A
S2140312D00ABB424600213846FFF7D3FFB442054611
S2140312E000D02EB9424601213846FFF7CAFF04460E
S2140312F0C7E90554BDE8F081954208D08D4228BF62
S2140313000D46B44205D0444538BF4446F0E70D4683
S214031310F7E74446ECE79442EAD1E3E770B50026E4
S2140313201C46C3E90001C3E90266C3E905001E6162
S2140313301A775E62FFF756FF23690139C90801333E
S21403134041802361A36830460833A360E36808330B
S214031350E36070BD002307B5684600938DF804303C
S214031360D8F768FC03B05DF804FB10B508F05DF829
S214031370044606F063FA2046BDE8104008F050B86D
S21403138070474FF4C870DAF7B5BADAF767BB00F000
S2140313901CB87047704708B503F004F903F00CF95E
S2140313A003F013F903F022F9BDE8084003F031B95E
S2140313B0704708B503F0F1F803F0F0F803F0EFF820
S2140313C003F0EFF8FFF7F4FF08BD08B503F022F9C2
S2140313D003F021F903F021F9BDE8084003F024B92E
S2140313E07047012070472DE9F34112F001050446CA
S2140313F0884622D110F0030525D12F465208BA425B
S21403140009D1D8F721FC0026B74204EB860008D1A1
S214031410D8F726FC11E054F8273001330CD10137F6
S214031420EDE7042258F826300DEB0201019308F08D
S21403143013FB30B1D8F714FC3D25284602B0BDE8AF
S214031440F0810136E0E70125F7E77047B0F1006F5A
S2140314500FD300F07843B3F1006F0CD000F0604078
S214031460B0F1404F09D0B0F1604F14BF0420032001
S2140314707047002070470120704702207047002005
S21403148070471AB111B180B2DAF75CBD21207047FC
S21403149001F059BEE3F780BEFFF78DBCD0E90232F8
S2140314A053F8223000211878E3F7C8BA704702F0E1
S2140314B08FB901F0DDBDC3688268013BDBB252F829
S2140314C023305B78652B02D10020E5F707BE6E2B31
S2140314D001D10120F9E7662B01D10220F5E7704719
S2140314E010B5D0E90232044653F82230187802F0D9
S2140314F049FAE368A268013352F82330BDE8104086
S214031500187802F03DBA10B50446C0B2DBF7E8FE21
S214031510200ABDE81040DBF7E3BED0E9023253F8F9
S21403152022301878DBF7E4BF02F0E4B9E4F7D4BA64
S21403153008B501F0BBFEBDE80840E5F7BDBCD0E941
S214031540023253F82230186801F0AEBE0020E5F7E9
S214031550B9BD0120E5F7B6BD0221DBF75FBF032166
S214031560DBF75CBF0521DBF759BF08B501460C2046
S214031570DBF730FFBDE80840DBF7BEBE08B5014623
S2140315800020DBF727FFBDE80840DBF7B5BE07B54D
S214031590C2688368043253F8223001211B880DF198
S2140315A00602ADF806300023DCF7BCFC03B05DF89A
S2140315B004FB08B508F045F8BDE80840F1F73ABF64
S2140315C010B51446DCF7CAFF2146BDE8104007F005
S2140315D0D9BD08B5DCF7C2FFBDE80840002107F017
S2140315E0D1BD08B5DCF7BAFFBDE80840F1F758BB34
S2140315F008B5DCF7B3FFBDE8084008F085B908B5C1
S214031600DCF7ACFFBDE80840F1F736BB7047704720
S21403161008B508F016F8FFF7FAFF03F068F8BDE818
S2140316200840DCF7E7BF704701207047012070478A
S21403163008B5DDF77BF800280CBF0420012008BDA1
S21403164070472DE9F34104460D4616461F46DDF85E
S214031650208008F08EF83B46324629462046CDF8D1
S214031660008003F046F83B46324629462046CDF82E
S2140316700080FFF7E5FF02B0BDE8F04101F063BD6F
S2140316802DE9FF4704460D4616461F46BDF8308033
S2140316909DF83490DDF838A008F06BF83B463246E8
S2140316A029462046CDE9019ACDF8008000F0FEFFDA
S2140316B004B0BDE8F04701F046BD704708B508F032
S2140316C058F803F019F8FFF7F8FFBDE8084001F0F3
S2140316D03ABD012070472DE9F74304460D461646EA
S2140316E01F469DF8289008F044F83B4632462946A4
S2140316F02046CDF80090FFF7ECFF80463B46324687
S21403170029462046CDF8009002F0F7FF01F01BFDB6
S214031710404603B0BDE8F083012070472DE9F74348
S21403172004460D4616461F469DF8289008F021F8F5
S2140317303B46324629462046CDF80090FFF7ECFF9D
S21403174080463B46324629462046CDF8009002F0B6
S214031750D5FF01F0F8FC404603B0BDE8F083F8B5CA
S21403176004460D4616461F4608F003F83B46324627
S2140317702946204602F0C3FFBDE8F84001F0E3BC6B
S21403178000207047F8B504460D46164607F0F1FFED
S214031790324629462046FFF7F3FF074632462946D8
S2140317A0204602F0ADFF01F0CEFC3846F8BD38B552
S2140317B004460D4607F0DDFF2946204602F0A1FF4A
S2140317C0BDE8384001F0BFBC704710B5044607F0CB
S2140317D0D0FF204602F096FF2046FFF7F5FFBDE850
S2140317E0104001F0B0BC704738B504460D4607F00C
S2140317F0C0FF2946204602F097FF29462046FFF7FA
S214031800F2FFBDE8384001F09EBC704770B5044651
S2140318100D46164607F0ADFF32462946204602F02F
S21403182085FF324629462046FFF7EFFFBDE87040A6
S21403183001F089BC704738B504460D4607F099FF9A
S2140318402946204602F074FF29462046FFF7F2FF9A
S214031850BDE8384001F077BC704738B5054607F059
S21403186088FF284600F0EFFE04460146284601F0AE
S214031870ADFF01F068FC204638BD38B504460D467A
S21403188002F058FF29462046FFF7E6FF38BD7047AB
S21403189038B5054607F06DFF2846E3F729FC0446EE
S2140318A00146284601F090FF01F04DFC204638BD66
S2140318B038B504460D4602F03EFF29462046FFF79C
S2140318C0E6FF38BD704710B5044607F052FF2046C2
S2140318D002F032FF2046FFF7F5FFBDE8104001F0A7
S2140318E032BC704738B504460D4607F042FF29461A
S2140318F0204602F023FF29462046FFF7F2FFBDE805
S214031900384001F020BC704770B504460D461646B5
S21403191007F02FFF32462946204602F010FF3246D4
S21403192029462046FFF7EFFFBDE8704001F00BBCE9
S214031930704738B504460D4607F01BFF2946204678
S21403194002F0FEFE29462046FFF7F2FFBDE83840C8
S21403195001F0F9BB704738B504460D4607F009FF9A
S2140319602946204602F0EDFE29462046FFF7F2FF01
S214031970BDE8384001F0E7BB704710B5044607F0F2
S214031980F8FE204602F0DEFE2046FFF7F5FFBDE830
S214031990104001F0D8BB704710B5044607F0E9FEC7
S2140319A0204602F0D0FE2046FFF7F5FFBDE81040C4
S2140319B001F0C9BB7047704770B504460D4616461E
S2140319C007F0D7FE32462946204602F0BFFE3246CF
S2140319D029462046FFF7EFFFBDE8704001F0B3BB92
S2140319E0704710B5044607F0C4FE204602F0AFFE6B
S2140319F02046FFF7F5FFBDE8104001F0A4BB704793
S214031A0038B504460D4607F0B4FE2946204602F0D4
S214031A109FFE29462046FFF7F2FFBDE8384001F057
S214031A2092BB704770B504460D46164607F0A1FEF6
S214031A3032462946204602F08DFE32462946204687
S214031A40FFF7EFFFBDE8704001F07DBB70472DE95F
S214031A50F34104460D4616461F46DDF8208007F080
S214031A6088FE3B46324629462046CDF8008002F0E3
S214031A7072FE3B46324629462046CDF80080FFF7E5
S214031A80E5FF02B0BDE8F04101F05DBB0E207047F4
S214031A900E20704738B5044607F06BFE2046FFF766
S214031AA0F7FF0546204602F057FE2046FFF7EEFFF7
S214031AB001F049FB284638BD0020704700207047D8
S214031AC038B5044607F055FE2046FFF7F7FF0546F0
S214031AD0204602F042FE2046FFF7EEFF01F033FBFE
S214031AE0284638BD704708B507F043FE02F036FEB9
S214031AF0FFF7F8FFBDE8084001F025BB002070475C
S214031B007047704708B5DCF7E3FE00280CBF0420D7
S214031B10012008BD70470B68DA7B1AB9DB7C0BB96A
S214031B20DCF7FABE8120704708B5DCF70DFFBDE889
S214031B300840DCF717BF7047DCF706BFDCF712BFB9
S214031B40082808D84FF48B73C34013F0010F0CBF5B
S214031B50212000207047212070470121DCF7F4BFC5
S214031B600221DCF7F1BF0421DCF7EEBF0821DCF726
S214031B70EBBF1021DCF7E8BF08B500F026F808B184
S214031B80002008BDDDF730F80028F9D1DDF73EF870
S214031B900120F6E7152808B503D1BDE80840DDF7B0
S214031BA029B801F08BFE60B9E2F7F6FD032806D1EB
S214031BB000F009F828B9BDE80840FFF7DDBF0028A4
S214031BC0EBD008BD7047002070470020704708B56B
S214031BD0DDF7FCF9FA23B0FBF3F008BD0321DDF7CC
S214031BE025BA01207047D0E9023253F8223018781C
S214031BF0DDF724BC0868C37B1BB9C37C0BB9DDF7D0
S214031C004DBC81207047D0E9023253F82230187851
S214031C10DDF786BC704730B50546044615F8100B4D
S214031C2085B0029565691D44CDE900250B46A21DC6
S214031C30618801F025FE05B030BD704710B492F8F8
S214031C400A4192F8053103EB04230B8100235DF868
S214031C50044B1A4601F012BE1FB50446084671B17E
S214031C602178FF290BD0238B029363690193237C8E
S214031C7000936288A31DE3F757FAFF23237004B08B
S214031C8010BD0868C37B73B9C37C032B0BD8DFE88E
S214031C9003F002080406DDF743BFDDF773BFDDF785
S214031CA0A3BFDDF751BF8120704770477047002000
S214031CB07047137810B5032B0CD15479CBB29C42E2
S214031CC008D19379B3EB112F04D153781B1A5842DA
S214031CD0584110BD0020FCE77FB505460E4600249C
S214031CE06946E0B201F078FD28B96A4631462846CF
S214031CF0FFF7DFFF18B90134202CF1D1002004B020
S214031D0070BDFFF7E9BF0868C37B9BB9C37C052B8F
S214031D1010D8DFE803F0030D070B0905DEF708B854
S214031D20DEF744BADEF79EB8DEF7F0B9DEF76EB933
S214031D30DEF740B8812070470020704730B5102585
S214031D4087B001AA00210195FEF744FC04462A4603
S214031D50002102A8E8F772FD2A46214602A8E8F702
S214031D60BFFD012102A8DEF7FFFB07B030BDDEF79B
S214031D708DBB7047FFF7FDBF0B68DA7B5AB9DB7C78
S214031D80012B04D0022B04D02BB9DFF711B8DFF7F1
S214031D901BB8DFF725B881207047002307B501215C
S214031DA001A80193D5F77AF908B9D4F7B3FF012050
S214031DB003B05DF804FB08B502F032FA052803D039
S214031DC0003818BF012008BD0220FCE77047D0E9A1
S214031DD0023253F822301878003818BF0120E0F793
S214031DE07FBBE0F783BB0020704700207047704737
S214031DF0FF207047FF207047002070470020704781
S214031E0000207047704706207047DFF727BE086834
S214031E10E0F700BB70B50D4604460021284616467B
S214031E2001F076F9324620800221284601F070F947
S214031E30324660800421284601F067F90023A36038
S214031E40E3606060082070BD034641B181424FF0F5
S214031E50640005D94343B3FBF1F0C0B270470846AC
S214031E607047E0F751BBE1F747B9E1F74FBAB0F572
S214031E70807F05D0A0F50073584258414001704753
S214031E800820704730B599B00D4669461446E1F709
S214031E90A1F930B915B1BDF802302B600CB10D9B1A
S214031EA0236019B030BD2DE9F04788B00E46904642
S214031EB004A905AA07461D46FFF7E4FF044638BBF8
S214031EC028800DF10C09DDE904A39A4520D20622E9
S214031ED051463846CDF8009006ABE1F797F9D8B9E6
S214031EE0039B062B18D12A88DDF81A3042450ED2FA
S214031EF0BDF8181026F832102A8806EBC202536083
S214031F002A885344013206332A800493DBE7F7D941
S214031F10204608B0BDE8F0870124F9E72DE9F04331
S214031F208FB00F46904601A9002204469946FFF754
S214031F30A9FF18B101200FB0BDE8F08306222046A2
S214031F400DF1020302A9FFF7AEFF0028F2D1054602
S214031F500246BDF80210019CEEB28E42EAD20EABE8
S214031F6003EBC60656F82C3C36F8306C0634BE42F5
S214031F7017BFE418012213460022013522B1C8F820
S214031F800040C9F80030D6E71A46E5E770B50024E6
S214031F90012602F01FF9E5B2C26806FA05F5954276
S214031FA0234604F10104F4D3D8B270BD70B586B0ED
S214031FB0E0F75EFF00F11006E6F7CAFA00240546CE
S214031FC0142201A9301902F00CF91CB99DF804304B
S214031FD0FF2B16D0002303F118026A4412F8142CC0
S214031FE0FF2A06D11C44601E90FBF5F080B206B0B3
S214031FF070BD2B44DBB2132BEDD91434B4F5826FCA
S214032000DED14FF0FF30F2E7E0F768BD07B50422F4
S2140320100DEB020102F0E5F8019803B05DF804FB4E
S21403202037B5054608460C46FFF7F0FFA84206D02C
S214032030042220460DEB02010195E6F7DBFA03B016
S21403204030BD07B50B460092002102460120E0F79B
S214032050D7FD03B05DF804FB08B50121E0F708FDE2
S214032060BDE80840E6F772BCE1F746B808B5FFF7E7
S214032070F3FF002008BD08B513460A460146184676
S214032080E0F752FE80F00100C0B208BD00207047A2
S214032090704708B1E1F750B9704730B4DDE902453F
S2140320A01DB1029430BC00F0C6B930BC70471F287F
S2140320B004D8142200F5A030DAF70EB870471F28AC
S2140320C004D8142200F5A030DAF732B87047152882
S2140320D008B505D1FFF7DCFFBDE80840E1F772BAA3
S2140320E008BD10B5142486B02246002101A8E8F7DF
S2140320F0A5FB2023224601A94FF4A03001F07AFC69
S21403210006B010BD0020704713B500230C461A46D0
S2140321100146CDE90033E0B2E2F718F802B010BD8D
S21403212013B500231446019001220093E0B2E2F7B0
S2140321300DF802B010BDD0E9023253F82230186809
S214032140E2F77CB9194491420ADC4218002003B92D
S214032150704712F8011D013B01EB0020DBB2F6E7E6
S214032160002070472DE9F04F4FF0000A85B0019329
S21403217081460F4615465346019A11785FFA8AF24E
S214032180914203D8002005B0BDE8F08F019909EB12
S214032190050801EB4202517892F802B011F04004B0
S2140321A0009101F03F061BD0AC19BC42D4BF0024FB
S2140321B0012433466400A20740F18880009B1B0677
S2140321C040F192800E9B324603EB0B000021E8F7AA
S2140321D035FB3D4600231D44ADB20AF1010ACBE7A9
S2140321E0042E07D866B1B31E022B0BD8DFE803F024
S2140321F0122130003E2E37D03F2E5BD03D2E4BD0E3
S2140322000320C0E7BD4234BF002401240126640036
S2140322103346D0E7AB1CBB4250DC02233A46294682
S2140322204846FFF78FFFADF80A0002230DF10A08B0
S214032230C1E7EB1CBB4243DC03233A462946484628
S214032240FFF780FF0390042603230DF10C08B2E783
S2140322502B1DBB4236DC04233A4629464846FFF785
S21403226071FF03900423F0E77A1E95422CDA0223CB
S2140322703A4629464846FFF765FF4FF6FF7380B296
S21403228098420EBF0223023083B25C19A742B4BF42
S2140322900324012404268EE7BD4215D298F80030A5
S2140322A0FF2B0CBF01230133EC18BC42CCBF032425
S2140322B00124EFE70124042600237CE73446B4E731
S2140322C00224C0E70224CDE70324E3E70E9A02EBD9
S2140322D00B0014B142F80B807DE73246414600936B
S2140322E0E8F73CFC009B76E702204CE710B5144663
S2140322F086B018811A460A9B0291CDE9034301234F
S2140323000193099B014600930320BDF82030E2F7B2
S21403231059F906B010BD1FB500240294079C01941A
S214032320BDF818400094FFF7E1FF04B010BD2DE997
S214032330F0410E461746054686B098B391B38AB366
S2140323404FF0000802A95FFA88F001F045FA044648
S21403235040B99DF80830032B08D008F10108B8F1FE
S214032360200FEFD1204606B0BDE8F0819DF8092086
S2140323702B799A42F1D1BDF80A206B889A42ECD1A8
S2140323809DF80C30BDF80D006B7128812B46224654
S2140323904FF6FF71CDE90067FFF7BDFF0028DCD0DD
S2140323A00446DFE72124DDE710B586B00A9C0494D3
S2140323B09DF824400394BDF8204002940124CDE9FF
S2140323C0003413460A4601460620E2F7FBF806B039
S2140323D010BD1FB504460846194600230094CDE9F0
S2140323E00123079BBDF81820FFF7DEFF04B010BDDE
S2140323F0F0B5022805460E4614461F468BB00AD192
S21403240006A9F0B201F0E8F998B99DF819302371DE
S2140324109DF81C306371119B224604930023CDE97B
S21403242002330193109B3146009328463B46E2F75E
S214032430C9F80BB0F0BD13B500240194049C0094B6
S214032440FFF7D6FF02B010BD2DE9F04506468846D5
S21403245014469A46002701258BB006A9F8B201F068
S214032460BBF920BB9DF81830012B19D19DF8192014
S21403247033799A4214D1BDF81A2073889A420FD141
S2140324809DF81C3032467371B9B2CDE9030ACDE923
S2140324900100434602200094E2F794F8054610B97B
S2140324A00137202FD9D128460BB0BDE8F085054665
S2140324B0F9E70023FFF7C8BF10B50446E2F760FE4E
S2140324C00021631E04F10F0213F8010FFF2808BF53
S2140324D019709342F8D10023237410BD002070476F
S2140324E070B506461D46E2F7BFFC044608B9212030
S2140324F070BD3046E2F786FF0028F8D0A0682A466B
S214032500FF21FFF75DF89DF81030002063719DF8FA
S2140325101430A371ECE713B59DF81040CDE90034F1
S21403252013460122FFF7DCFF02B010BD08B5E2F741
S2140325309BFC28B18068FF21FFF753F8002008BDF5
S2140325402120FCE70122FFF7F1BF1FB50B466A46C1
S2140325500146184601F036F96A460823002032F889
S214032560021B013B13F0FF0380EA0100F7D10128A9
S21403257038BF012080B205B05DF804FB2DE9F04FAB
S21403258087B0DDE9109B05468846484619461F4630
S2140325901446BDF848609DF84CA0FFF7D6FF042DFF
S2140325A00346ABF800001AD8022D1DD9042D07D018
S2140325B04FF2F222A188914222D1E28891071FD5D9
S2140325C0E17A0022CDE9013720463346CDE903926E
S2140325D0CDF800A001F045F907B0BDE8F08F6A1FFB
S2140325E0012A11D92120F7E700224146CDE91192AD
S2140325F028462246109707B0BDE8F04F01F040B9D1
S2140326004FF6FF760C21DCE7052D0ED10023E17A89
S2140326100022CDE90137CDE90392009123465246C5
S2140326204146304601F010F9D6E74FF2F222A18870
S214032630914204D1E288920701D5E17AE8E74FF6A2
S214032640FF760C21E4E7F0B585B00546E2F7CCF853
S21403265048B16B88B3F5006F05D1681D05B0BDE8BA
S214032660F04000F0EEBC284600F006FD0446C8B96C
S214032670E7B26946384601F0AFF878B99DF80060CE
S21403268066B92946384601F0ABF820B140F6044354
S214032690984207D08C26304605B0F0BD0134202C76
S2140326A0E6D1F7E78D26F6E7E2F784BA2DE9FF478A
S2140326B004460D460146184617461E46BDF83080AA
S2140326C09DF83490DDF838A0DDF76AF8D0B92146D6
S2140326D0284601F023F933463A4629462046CDE9F3
S2140326E0019ACDF80080E2F709FB33463A462946BD
S2140326F02046CDE90D9ACDF8308004B0BDE8F0470A
S21403270001F0F9BF04B0BDE8F087E2F7A1BCE2F739
S21403271059BCE2F77DBC10B5044601F00BF908225C
S21403272001462046BDE81040E8F7DAB801F004B9E0
S214032730002101F001B901F013B9002070472020F1
S2140327407047EFF757BFEFF7A1BFF2F74BBA7047E3
S214032750E2F7CABD70B506460C46154600F04CF8BF
S21403276050B13CB135B1204600F0D8FC013080B200
S214032770A84200D9002070BD304600F043F840B1AF
S214032780002CF7D0012DF5D9204600F0CCFC023002
S214032790EDE73046E2F708FDEAE7F8B5BDF818506E
S2140327A010B3967855B9D478A6F14107012F07D808
S2140327B0621ED2B200F0D1FD0020F8BD2C46F3E72E
S2140327C0433E012E04D8A21E92B200F0DEFDF3E7CC
S2140327D0D27813B90DB1AA4206D811B9E8F72EF884
S2140327E0EAE7E8F77DF8E7E78920E6E741380328D4
S2140327F08CBF002001207047413801288CBF002081
S21403280001207047433801288CBF00200120704701
S21403281000207047002070470388B3F57C4F01D330
S214032820FFF7F8BF0846FFF7F3BF10B54A880488DA
S214032830A2420DD1037B0C79234009D0B2F57C4F1D
S21403284008D3FFF7E7FF0B891B1A5842584110BD00
S2140328500020FCE70120FAE738B50D88D488A542A6
S2140328600AD10388B3F57C4F08D2FFF7D5FF138947
S2140328701B1A5842584138BD0020FCE70120FAE7EE
S2140328802DE9F04715460446B8B149B1EAB100262A
S2140328904FF0140AB04690F80490F3B2994501D865
S2140328A000240AE027680AFB06773846FFF7BDFFD1
S2140328B0013628B13C46A5F800802046BDE8F087DF
S2140328C07B8943441FFA83F8E7E71446F5E72DE9C7
S2140328D0F0470E4615460446B8B149B112B3002771
S2140328E04FF00C0AB846B0F80890BBB2994501D829
S2140328F000240AE06368324620460AFB0731FFF7E6
S214032900ABFF28B10C46A5F800802046BDE8F0874B
S2140329100B79013713F0300F02BFCB7843441FFA0D
S21403292083F8E2E71446F0E72DE9F04186B00D465A
S2140329301446984604AA05AB03A90646E2F70AFD21
S21403294040B30DB1049B2B6034B3049D0398294612
S214032950FFF762FF2B88074602467188307800F03F
S2140329604FFBD8B1297911F010030BD0EB782A4628
S214032970CDE900433B4671883078FCF732FC06B05D
S214032980BDE8F0812A4620460599CDF80080FFF77A
S21403299004FFF4E78620F2E72046F0E77E20EEE722
S2140329A01FB51C460023ADF80A20BDF818208DF885
S2140329B00400ADF80610ADF80C2069461A4601A8C7
S2140329C000938DF80840FFF7AFFF009804B010BDE2
S2140329D0F0B587B00E4605AB04AA03A90446E2F792
S2140329E0B9FC08B3049D03982946FFF715FF2B8807
S2140329F0074602466188207800F004FBB0B12979C7
S214032A0011F0100108D000963B462A4661882078CC
S214032A10D3F7D8F907B0F0BD009101232A46314613
S214032A200598FFF7BAFEF5E78620F3E77E20F1E781
S214032A302DE9F041064600254FF014080779E8B261
S214032A40874201D800241AE008FB05F0D6F800C038
S214032A500CEB00043CF8000081421AD132B1802A04
S214032A6010D194F90CC0BCF1000F12DAB0F57C4F0C
S214032A7005D32046FFF7CEFE834200D04BB920464F
S214032A80BDE8F081402A04D194F80CC01CF0400F36
S214032A90ECD10135D3E70121E2F798BB08B513461D
S214032AA00022E2F7C1FC003818BF012008BD08B5B4
S214032AB013464022E2F7B8FC003818BF012008BDD1
S214032AC008B513468022E2F7AFFC003818BF012092
S214032AD008BD08B540220023E2F7A6FC003818BF5D
S214032AE0012008BD08B580220023E2F79DFC0038CC
S214032AF018BF012008BD0023E2F796BC0021E2F7C9
S214032B0003BD10B504460121E2F7FEFC2046BDE8EE
S214032B10104001F024BE7047F8B516461F469DF8D0
S214032B201820BDF81C300546E2F77EFC78B1042178
S214032B30E2F768FD044650B1284600F010FB3A461B
S214032B4031462846A047BDE8F84000F0FCBAF8BD79
S214032B502DE9F74F1E46DDE90C9B074688461446CB
S214032B60BDF838302AB3B9F1000F22D00EB392F86D
S214032B7004A099F80020504612F0080F0CBF8022DC
S214032B8040226188E2F750FC98B10821E2F73AFD4B
S214032B90054670B1504600F0E2FA334622464146F7
S214032BA03846CDE9009BA84703B0BDE8F04F00F0D8
S214032BB0CABA03B0BDE8F08FF8B5BDF8187016466C
S214032BC01A463B460446E2F72FFCE0B177B90221EA
S214032BD0E2F718FD0546B0B1204600F0C0FA3146CC
S214032BE02046A847BDE8F84000F0ADBA1021E2F74A
S214032BF009FD054638B1204600F0B1FA3A4631469B
S214032C002046A847EEE7F8BD73B5BDF8184016464C
S214032C101A4623460546E2F707FCB8B1C4B9202195
S214032C20E2F7F0FC044670B1284600F098FA099BD8
S214032C303146009328469DF820309DF81C20A04777
S214032C40044600F080FA204602B070BD8624FAE7F8
S214032C500024F8E72DE9F04186680446007800F082
S214032C607EFA002514273279EBB29A4203D8BDE8E0
S214032C70F04100F068BA7B4332682078D15A02EB01
S214032C80030800F0C1F901214046E2F7BBFC034606
S214032C9008B1207898470135E5E72DE9F04F1C4643
S214032CA089B09DF84C30BDF8488001939DF85030AC
S214032CB0924602932246434607460D46E2F7B4FB86
S214032CC08DF814700646ADF816508DF81840ADF81A
S214032CD01AA0ADF81C8018B9012009B0BDE8F08F22
S214032CE005A9FFF7A2FD0028F6D000252F46A84623
S214032CF02C4634E00C231FFA85F903FB09F93188C7
S214032D007368B1F57C4F33F8092003EB090B1AD32C
S214032D1033F8090050452CD3019BA3422DD900F06C
S214032D20BAF99BF80200E3F719F9029B43B19BF843
S214032D30043013F0010F0CBF05200720E3F70EF94C
S214032D400134A4B219E0ADF81A205946304605AA54
S214032D500393FFF781FD039B0028D9D10135328900
S214032D60ABB29A42C6D804EB0800C31B584258417C
S214032D70B3E708F101081FFA88F80137BFB2EDE799
S214032D8010B5012488B006949DF83C4005949DF840
S214032D90384004949DF8344003949DF830400294E0
S214032DA00B9C0194BDF828400094E2F76FFD08B031
S214032DB010BD2DE9F04786B0BDF83880DDF83C90AD
S214032DC09DF840A0CDF80080CDE9019A04460D4653
S214032DD016461F4600F012F9B8B1431EDBB2012BAC
S214032DE010D800230122811E48424841CDE904320F
S214032DF0CDE902A03B46324629462046CDE9008966
S214032E00FFF7BEFF06B0BDE8F0870120FAE730B54E
S214032E100024012587B0CDE9044503959DF82C5081
S214032E2002950A9DCDE90045FFF7AAFF07B030BD1E
S214032E3030B50024012587B0CDE9044503959DF8F8
S214032E4028500094CDE901354023FFF799FF07B0DA
S214032E5030BD10B5012486B0CDE9044400240394A4
S214032E609DF828400294099C0194BDF820400094E4
S214032E70FFF786FF06B010BD1FB5089C03949DF8A8
S214032E801C400294069C019400240094E2F7FAFD89
S214032E9004B010BD70472DE9F84F0229074688464F
S214032EA00C9D04D84FF0000A5046BDE8F88F1BB1BE
S214032EB00429F7D942F004023A702BB303247B703B
S214032EC01B0ABB70E4F7F4F84FF000099DF82830AE
S214032ED0385504F1020A01343B550B9A5FFA89F31D
S214032EE0D45C002CE0D0732C10D82E464C2C56F80D
S214032EF004BB3DD0532C15D0622C45D1AC8805F1CC
S214032F00080600231A4616E00124DBE7A4F175033E
S214032F10032BC7D8763C2E1D022C52D8DFE804F0CC
S214032F20565A58006A6805F1080694B2D2B2B2F14E
S214032F30FF0318BF01230AEB040119448845B1DBDC
S214032F4050461946002947D153441FFA83FA5CB109
S214032F50BBF1000FA6D0224607EB0A005946E7F757
S214032F60FDFD54441FFA84FA354609F10109B4E716
S214032F704FF6FF736A6805F1080694B222469C4230
S214032F8014BF02230023D6E76C2C05D1584600F065
S214032F90CAF8841CA4B2B4E7732C04D1584600F0D4
S214032FA0BDF8441CF6E7A4F13003DAB2092A01D8C7
S214032FB09CB2A6E7A4F14103062B3FF673AF373C5A
S214032FC0E8E7012300242A68A346B4E70223F9E7C7
S214032FD00323F7E70423F5E700F1010C01393A541C
S214032FE0C9B2120A1FFA8CF0ACE70020E2F73EBF24
S214032FF00022E2F75BBF0023E2F76EBF01207047B3
S214033000012070470120704770470020704700205A
S214033010704700207047002070470020704700204C
S214033020704770470E207047002070470020704797
S21403303000207047002070477047FF2070470E201F
S2140330407047842070477047002070477047002001
S214033050704700207047002070470020704700200C
S2140330607047002070470020704700207047704765
S2140330700E207047002070470020704700207047DE
S214033080704770470E2070477047002070478120B6
S21403309070477047704738B50546C0B2E2F75EFF23
S2140330A00446280AE2F75AFF14B1002808BF002492
S2140330B0204638BDF8B50546C0B2E2F74FFF0446D2
S2140330C0C5F30720E2F74AFF0746C5F30740E2F7D2
S2140330D045FF0646280EE2F741FF24B12FB136B16D
S2140330E0002808BF00242046F8BD3C46FBE73446CC
S2140330F0F9E710B4CC18944203DC5DF8044BFFF7F1
S21403310021B800205DF8044B70470423FFF7F1BF96
S21403311008B50223FFF7EDFF80B208BD0078FF284D
S21403312008BF0020704708B502220021FFF7F0FF12
S2140331304FF6FF73984208BF002008BD003818BF3B
S2140331400120400070470020704708B5FFF7A3FC36
S214033150FF284FF0FF3018BF0020C0B208BD08B5E7
S214033160FFF7F3FFFF280CBF2120002008BDF8B5AA
S21403317006460C4615461F4600F011F810B12544C6
S214033180AC4200D1F8BD3946304614F8012BE2F7BD
S214033190D7FFF5E7014600220220E2F761BF0120D0
S2140331A0704737B50546E1F7EBF9044601950CB9C8
S2140331B081201CE0237823B12046E1F7E9F9044691
S2140331C0F5E72B6862685B889A42F5D1A368EA7BC9
S2140331D099B272B12A8A9142EED16A7DB2EB134F4D
S2140331E0EAD10020E36801A998478128E4D003B018
S2140331F030BD4FF6FF72EEE72DE9F84304460F465F
S214033200904699460BB3012A1FD80C20E7F71CFDFE
S214033210064610B91920BDE8F8831020E7F714FD19
S21403322018B93046E7F718FDF4E70123002547EA07
S214033230084770600570C0F80C9044608760338060
S2140332403046E1F795F92846E5E72120E3E738B568
S2140332500446436808460D469847B4F90830002BE1
S21403326002DB2B78042B06D1002320466360BDE8DF
S2140332703840E3F7F7BA38BD30B54FF48A5587B010
S214033280ADF816200DF116041A46029543B1002335
S2140332900122CDE90033234600F01EFA07B030BD05
S2140332A0019401240094F7E7FFF7EBBEFFF7BCBEDB
S2140332B00020704708B500F001FB20B900F048FB7A
S2140332C008B9E0F74DFBFFF7D2FEBDE80840FFF76D
S2140332D0DBBE0020E3F72EBF0021E3F7CBBF0022BF
S2140332E0E3F78ABF1FB5D2880B4612F0200F4FF6BE
S2140332F0FD7114BF49245224ADF80610510544BF8E
S214033300083CE4B2110544BF083CE4B2120444BFCF
S214033310023CE4B2032805D8DFE800F0020F161CCF
S214033320ADF80630BDF80600FFF787FEFF281CBF82
S214033330241AE4B2204604B010BD02AA0DF1060119
S214033340D8B200F079FAEDE7D8B200F047FAADF854
S2140333500600E7E7013CE4B2E4E7F8B5064617469D
S2140333600D4681B10C78FF2C0BD00846FFF7D6FE2E
S214033370B84228BF3846C4B22246691C701CE7F719
S214033380AFFA3470F8BD0C46FBE770B50446154635
S2140333900E4611B94170017070BD0B78FF2B05D135
S2140333A04B78FF2B02D103704370F5E73046FFF7E7
S2140333B0BAFEA84228BF284685B22A46B11CA01CDE
S2140333C0E7F78EFA25702D0A6570E5E7F0B523B9A1
S2140333D0013A531C2FD1002020E0042AFBD80023F7
S2140333E01C46551E6E1C1AD1042A10D00121D20089
S2140333F0501E01FA00F020421EBF914049420C4382
S21403340018421EBF4FF0FF3101FA02F213439C42EB
S2140334101EDCB4BF4FF0FF30002040B2F0BD40B119
S214033420465DEF00BE4034434E5D013DBE40334330
S214033430D8E70646F5E78C5C38B90346A34202F1A3
S214033440FF32C6D24FF0FF30E8E7835CA342F5D9DC
S2140334500120E3E7283807288CBF002001207047A7
S2140334601D2810D004D840B11C2804D0552070471E
S2140334701E380128FAD81A2901E00B390F298CBF08
S2140334805520002070470829F9E7002000217047DF
S214033490F7B59DF820400546082C104619469DF8BA
S2140334A0246036D8002213462C44AC4208D106F0DA
S2140334B0FD04382C0ED10096FFF7E7FF03B0F0BDEE
S2140334C014F8017D1B0243EA12631202BA1843F191
S2140334D00003EAE7392E10D107EE100A07EE902A0A
S2140334E0B4EEE77AF1EE10FACCBF77EE677A77EEB2
S2140334F0C77A002117EE900AE0E7824273EB0104D5
S21403350003D2801A61EB0301D8E7101A63EB0101BB
S214033510D4E700200146D1E738B5C36814461944FA
S214033520836853F821501AB12846E7F783F82070CA
S214033530284638BD2DE9F3411C4616460DF1070211
S2140335409DF82050FFF7E8FF9DF807308046A3421A
S21403355088BF8DF807409DF807700DB1E41BE5B2F0
S2140335602A4600213046E7F769F93A46414670197C
S214033570E7F7B6F9384602B0BDE8F0812DE9F34126
S2140335801D46164601AA9DF82040FDF723F8019B29
S21403359080469D4238BF0195019F04B1EC1B22462D
S2140335A000213046E7F74AF93A4641463019E7F72D
S2140335B097F9F8B202B0BDE8F08173B5002415465A
S2140335C001AA1E460194FDF705F8019B072B0AD9AD
S2140335D02146CCB216B1C4F10704E4B2425C013111
S2140335E008292A55F5D1D8B202B070BD1FB5030A13
S2140335F08DF80E300323009303AB8DF80D0000F017
S214033600BBF805B05DF804FB1FB58DF80F10042159
S214033610030A8DF80E30009103AB8DF80D0000F011
S214033620ABF805B05DF804FBF0B589B016689DF8F5
S2140336303C50CDF809608DF811305668BDF8383027
S214033640012D109FBDF84440CDF80D60ADF8123043
S2140336508DF8145014D0032D19D13B68CDF81530CE
S2140336607B68CDF819309DF848308DF81D30162349
S2140336700093BDF84C2002AB00F07EF809B0F0BD15
S2140336808DF81540240A0F238DF81640F0E7012025
S214033690F4E71FB50446084611461A4602238DF87A
S2140336A00D100093214603AB00F066F804B010BD7E
S2140336B010B514461A460B6886B0CDF80D304B6825
S2140336C03421CDF811300A23009303AB8DF815404F
S2140336D000F052F806B010BD2DE9F041B6B014461E
S2140336E01D4606460F469DF8F080E3F7E7FF03AA5C
S2140336F08DF80C001046330A8DF80F703F0A8DF8CC
S2140337000E308DF80D602B468DF810708DF8114035
S21403371005EB4405AB4202F102021FD16200D2B2AE
S214033720931DDBB23D99D8336B44073203F8CC8C38
S21403373001EB4805D3B250FA82F2A94202F1020223
S21403374012D103EB4803009006213046BDF8F8205B
S214033750DBB2E3F7BDFF36B0BDE8F08133F8021BFA
S2140337601171090A5171D5E731F8024B02F8024C80
S214033770240A02F8014CE0E72DE9F0411C46054611
S2140337800E4617469DF81880E3F798FF20704346C9
S2140337903A46314628460694BDE8F041E3F798BF1B
S2140337A0002070477047D8F701B8704770477047D6
S2140337B07047704700207047704770470020704777
S2140337C07047704702F0EEBEFEF772B8FEF755B8C4
S2140337D003F031BAF8F75CBB03F01EBAF8F716BB72
S2140337E0F8F77EBBF8F738BBFEF71CB9FEF76BB8E5
S2140337F0FEF778B8F4F7B0BDF4F7B4BDF3F714BD2D
S214033800F2F736BEF2F73ABEEFF70EBBFEF7B5B8E1
S214033810FEF77AB8FDF715BFFEF79DB8FEF789B831
S21403382030B4BDF808409DF80C50CDE9024530BCD5
S214033830FDF726BFFDF793BFF8F7C4BCE3F798BFC1
S214033840F8F78ABDF7F7D6BB70B49DF80C40BDF801
S21403385010509DF814600394CDE9045670BCF5F738
S214033860DBBB70B49DF80C40BDF810509DF8146097
S2140338700394CDE9045670BCF5F70EBCF5F7F8BC17
S21403388010B49DF8044001945DF8044BF5F748BC6A
S21403389010B49DF8044001945DF8044B01F073BF27
S2140338A001F073BFFDF7A0BFFDF7B0BFFDF7C3BFC1
S2140338B0F1F746BBF2F788B9F2F75AB9F1F76CB9E4
S2140338C002F09FBAF1F710BD02F0E1BAF1F770BE4D
S2140338D0F1F742BAF2F77EB9F2F700B9F2F716B982
S2140338E0F0F756B8FEF7B3B8FEF766B8FEF779B842
S2140338F0FEF786B800F00BBC00F004BCF7F7B0BBCD
S214033900F5F7BAB9F7F78ABBF7F7B0BCF5F784B99A
S214033910EFF776BAF6F7A6BDFFF745BFFBF79CB8F9
S214033920FEF7E1B8FDF751BFFEF736B801F001BD6B
S214033930E3F77CBEEFF728BEEFF722BB01F09BBF91
S21403394001F06BBFEFF770BBEFF7AEBDEFF7B2BD9D
S214033950EFF7DEBAE3F786BEE3F798BEE3F770BE8B
S214033960EFF78CBAE3F776BEF9F74EBA01F053BF1A
S21403397001F01ABFEFF788BAEFF7F0BDEFF7D0BA4A
S214033980E3F714BFE3F70CBFF9F742B8F9F72EBA1B
S21403399003F05DBA03F063BAF9F7B2B8F9F72EBAD3
S2140339A000F063B900F0A1B900F0C9B900F0A0BAFD
S2140339B000F010BB00F079BAE4F7EEBB00F0E6B90E
S2140339C000F013BA00F026B810B51C4601F0C2FD8D
S2140339D005F008FF0023C0F340202370400010BD0D
S2140339E0002208B50B461146FFF7EEFF023818BF54
S2140339F0012008BD002070477047002070477047BD
S214033A000020704770470E207047012070477047AC
S214033A100120704714220021E6F710BF704770B5E7
S214033A2005460C468AB0252200210DF10300E6F771
S214033A3005FF6B68CDF81D30AB68CDF82130234603
S214033A4001AC03F11006224618685968083303C20E
S214033A50B3421446F7D101236A7B8DF8023012F085
S214033A60040F0CBF4FF480734FF4A073110748BFC5
S214033A7043F48063ADF80030930748BFBDF80030C9
S214033A80684644BF43F00803ADF80030F4F7FEFD84
S214033A900AB070BD30B5427B0D46D10704468BB0E5
S214033AA007D5407801A9F4F757FED8B12D200BB0FF
S214033AB030BD9307FAD5C2F3800310074FEA83138A
S214033AC0ADF8023044BF43F48063ADF80230BDF86E
S214033AD00220201D0AB10DF1020201A902F07FFDAA
S214033AE00028E3D001AB03CB9DF81430A160237309
S214033AF0BDF810306060590642BF627B42F0040294
S214033B0062735A0542BF627B42F0080262731B0768
S214033B1042BF637B43F0020363732B4606AC0AADD6
S214033B20224603CAAA4218605960144603F10803E2
S214033B30F6D10020BBE7F0B504460D4693B0252228
S214033B4000210DF12300E6F779FE636804F1040C07
S214033B50CDF83D30A36809AECDF841302B4605F1CC
S214033B601007324618685968083303C2BB42164624
S214033B70F7D105238DF82230637B5B0103F40073D2
S214033B80ADF820306378FF2B1AD1002360461A461F
S214033B9001A900F0CAF99DF80530FF2B0DD10023CB
S214033BA001A91A46184600F0C0F99DF80530FF2B08
S214033BB003D11C26304613B0F0BD9DF80530637064
S214033BC00020617808AA00F09BFA06460028F1D187
S214033BD0607801A900F02FFA2B4603AD2A46186831
S214033BE05968083303C2BB421546F7D1637B607836
S214033BF0DB0648BF9DF81C3001A944BF63F07F0372
S214033C008DF81C3000F02EFAD4E710B504468AB0BF
S214033C102422002101A8E6F711FE637B590744BF5F
S214033C204022ADF810201A0742BFBDF8102042F418
S214033C308062ADF81020DB070FD5607801A9F4F792
S214033C408BFD10B12D200AB010BD01AB03CB637BF7
S214033C50606043F00203A160637304A9201D02F0B1
S214033C60C0FC0028EED00020EDE71FB5694600F043
S214033C7066F8002818BF2D2005B05DF804FB73B561
S214033C800D4614460646E3F7B5FE6B881A071AD5A3
S214033C9022463146102002F085FC2046E3F7AAFEB2
S214033CA06B88D90717D50023224601210DF107009B
S214033CB08DF80730E4F76AF96B88002B0CBF2120D8
S214033CC0002002B070BDDE06EAD522460821281D74
S214033CD0E4F75CF9E1E79A0701D50223E4E75B071B
S214033CE0EAD50323E0E70F2070471FB50C46694665
S214033CF000F025F8102221466846E7F7EBF8B0FAFD
S214033D0080F0400904B010BDB8B1B1B14388A3B97F
S214033D100378013B082B10D8DFE803F00507090BEF
S214033D200F0F0F0F0D00E4F733B8E4F78DB8FFF766
S214033D3076BEFFF700BFE4F71BBA2120704738B5FD
S214033D400D4609B300B30378013B082B1AD8DFE806
S214033D5003F0050D1013191919191600E4F750F896
S214033D600446284602F01EFE204638BDE4F78CF8CB
S214033D70F6E7FFF78FFEF3E7E4F7BCF8F0E7E4F7C0
S214033D8001FAEDE72124ECE72124EDE770B586B0D0
S214033D90064601A80C461546FFF73CFE04238DF89D
S214033DA004301CB12068616802AB03C3294601A82E
S214033DB08DF80560FFF7A8FF06B070BD70B586B036
S214033DC0044601A80D461646FFF724FE0323206883
S214033DD061688DF8043002AB8DF8116003C3294681
S214033DE001A8FFF791FF06B070BD0022FFF7E6BFFC
S214033DF030B5437B044613F001020D468BB007D063
S214033E00407801A9F4F7A8FC70B12D200BB030BDA3
S214033E109B07FAD5ADF8022001A90DF10202043082
S214033E2002F0DDFB0028F0D000210E22A81CE6F7E6
S214033E3005FDBDF810302B80039BAB60BDF8123038
S214033E40AB819DF81430237301AB03CB6060A16094
S214033E500020DBE770B5437B0446DB070E468AB0DB
S214033E6003D42D2528460AB070BD6946407800F075
S214033E7045F905460028F4D1DDF81D300E226360AF
S214033E80DDF821300146A360637BB01C43F00203D8
S214033E906373E6F7D3FCBDF80030069A43F00403D9
S214033EA03380059BB2607360DCE70B4610B50446AF
S214033EB0102200211846E6F7C1FC2278032A09D00F
S214033EC0042A0DD0022A11D101462046BDE810402F
S214033ED0E4F7BEB901462046BDE81040FFF788BFA9
S214033EE001462046BDE81040FFF7B4BF262010BDAC
S214033EF0F8B5074608460C4616461D46FFF78AFDE4
S214033F0004232370637B314643F001032046677026
S214033F106373FFF714FF08B12D20F8BD294620462A
S214033F20FFF7C3FF0028F8D0F6E7F8B505460846BE
S214033F300C461F461646FFF76DFD0423237025B176
S214033F4008222946E018E6F7CBFC637B43F002031E
S214033F5063734EB932460121284600F0DAF8FF288B
S214033F60607007D12D20F8BD31462046FFF7E7FEE7
S214033F700028F7D1637B43F0010363730DB9002078
S214033F80F1E7002FFBD039462046FFF78EFFF6E712
S214033F90F8B50C460746084616461D46FFF73AFD93
S214033FA003232046394600F8043B0822E6F798FC2C
S214033FB0637B314643F0020320466373FFF7BFFE7D
S214033FC008B12D20F8BD29462046FFF76EFF0028CE
S214033FD0F8D0F6E7F8B5074608460C4616461D46DB
S214033FE0FFF718FD03232370637B314643F0010379
S214033FF0204667706373FFF7A2FE08B12D20F8BD55
S21403400029462046FFF751FF0028F8D0F6E718B1F7
S2140340108022012100F07DB8FF207047002307B5FA
S2140340201A4619460093F6F799F8B0FA80F0400955
S21403403003B05DF804FB0B4610B519220446FF21B6
S2140340401846E6F7FBFB7E2C01468CBF04F5C4300E
S21403405004F583304FF01902BDE8104088BFAD3039
S214034060D8F73AB87E2888BF00F5C4304FF0190257
S21403407094BF00F58330AD30D8F75AB830B589B061
S2140340800D46FFF7C4FFFF2804460DD001A9FFF72E
S214034090D2FF2868696801AB03C3204601A9FFF76E
S2140340A0E1FF002009B030BD2D20FBE770477047C5
S2140340B00020704770470F2070470F20704700207E
S2140340C070470F207047002070470020704784B069
S2140340D08DE80F00002004B070477047704700203B
S2140340E070477047002070477047002070470120D4
S2140340F07047704700207047012070470E207047B6
S2140341000E2070470E2070470020704770470E2021
S2140341107047FF207047704770470020704770470E
S2140341207047704700207047704700207047002094
S2140341307047002070477047704700207047002084
S2140341407047704700207047002070477047002074
S214034150704710B50024E3B210B9C3F10303DBB212
S2140341600134042CCA544FEA1222F4D110BD10B500
S2140341700B784C788A78C97828B9104622460446C4
S21403418008461946034642EA012043EA042343EA63
S214034190004010BD7047E4F70FB908B5D2F7BCFE70
S2140341A0002814BF8620002008BD08B5D3F784F87E
S2140341B0003818BF012008BD08B5D3F73DF800380E
S2140341C018BF012008BD08B5D3F7C2F8003818BFDA
S2140341D0012008BD08B5E4F7CFF9BDE80840E4F7C9
S2140341E07DB970B504460D461646E4F7C5F90420B6
S2140341F0E4F766F9324629462046FFF7DDFF044614
S2140342000220E4F75DF9204670BD08B5E4F7B4F97B
S214034210BDE80840D2F7F4BFE4F7E6BCE4F7C6BC53
S21403422008B5E4F7C3FC20B1BDE808400020E4F776
S214034230FBBD112008BD10B5044608B1E4F7D6FE51
S2140342402046BDE81040FCF7C5BF10B50446006A1B
S21403425010B1616AFFF7EFFF0020C4E9080010BD44
S21403426038B50546FFF7F1FF2B7E0446012B0ED02B
S214034270023B012B0ED8EB69012B18BF6FF0960497
S214034280282200212846E6F7D9FA204638BDEB69EE
S214034290002BF2E76FF09604F2E718220021E6F708
S2140342A0CDBA70472DE9F84F9846DDE90B490D9BCB
S2140342B015469A0706460F4623D02A460A9B03EB63
S2140342C0040A1444A24220D10D9B9B0705D5A2EBFA
S2140342D0050AD14505EB0A0420D82046BDE8F88F29
S2140342E0434639462020B0470AF1010ACA450AEB7D
S2140342F00B02F5D3A9EB04024C4588BF00222A44DF
S214034300DCE7A246A5EB040BF0E702F1010B4346FC
S21403431039461AF8010DB0475A46D3E743462246B4
S21403432039462020B0470AF1010AD2E72DE9F047C3
S214034330DDE90D7616F0020F9DF82880DDE90854B6
S214034340DDE90BCE1FD106F001094FB1B9F1000F1D
S21403435006D0B8F1000F02D116F00C0F00D0013FC3
S2140343604FF0300A04E0202C04D005F804A00134F2
S2140343707445F8D3B9F1000F05D04FF03009A742C2
S21403438001D9202C2DD116F0100F1FD016F4806FF4
S2140343902CD15CB3744501D0BC4227D1B4F1010ED5
S2140343A023D0BCF1100F46D1023C16F0200F28D1C3
S2140343B0202C28D04FF0780C05F804C00134202CAC
S2140343C021D04FF0300C05F804C00134202C1AD04D
S2140343D0B8F1000F23D04FF02D0C05F804C00134BC
S2140343E012E005F804900134C9E77446BCF1100FD7
S2140343F0DBD0BCF1020FE2D1202C04D04FF0620CCC
S214034400DAE7202C08D12024CDE90A76CDE9085432
S214034410BDE8F047FFF746BF4FF0580CCCE716F061
S214034420040F02D04FF02B0CD7E716F0080FEBD093
S2140344304FF0200CD1E7BCF1020F7446C1D1DDE783
S2140344402DE9F04391B0189D1A9E1D9F0DB927F0D4
S21403445010077C0500D515B317F0200F14BF4FF0D7
S214034460410E4FF0610EAC4600250DF12008AEF16B
S2140344700A0EBCFBF6F906FB19C95FFA89F4B9F113
S214034480090F94BF30347444E4B2B44508F8014BC2
S21403449005F10105BCFBF6F401D3202D10D11C9CBD
S2140344A0069705941B9CCDE903649DF86440CDE90B
S2140344B0015408AC0094FFF739FF11B0BDE8F08350
S2140344C0A446D6E72DE9F04F95B0269ECDE90A23FC
S2140344D0DDE91E74DDE9229B57EA040308BF26F0D4
S2140344E010067205CDE9080102D557EA040337D052
S2140344F016F0200F14BF4123612300250DF1300A67
S214034500A3F10A0821464A465B463846E5F72AFEE3
S214034510D2B2092A94BF303242444F45D2B274EB2A
S2140345200B0405F101050AF8012B01D3202D14D144
S214034530259B06960593249BDDE90801CDE90393A5
S2140345409DF88030CDE901530CAB0093DDE90A23D7
S214034550FFF7ECFE15B0BDE8F08F07460C46D1E733
S2140345600025E5E708B100F014B8704710B1D1E9AB
S21403457000311847704738B5441E14F8015F25B953
S2140345800A2000F006F8284638BD284600F001F851
S214034590F3E701460020FCF7F0BB70477047EEF7E1
S2140345A043B8704708B5FCF7B9FBD2F7B5FCBDE8CE
S2140345B00840D4F7C5BD704708B5D2F7F5FFFBF73B
S2140345C0EFF8BDE80840E3F7D7BF08B5FBF775FF7C
S2140345D0E4F740FDFBF74FFEE5F7DEF8E5F7CAF82C
S2140345E0E5F74CF8BDE80840D7F750BD08B5D5F752
S2140345F067FDFBF72FFED5F76FFDFBF72DFED9F70B
S21403460057FFD9F7FDFFDAF705F9BDE80840DAF7F3
S21403461023B870477047E5F757B808B5FCF7C9FFE6
S214034620BDE80840FCF7F4BF704707B50022034611
S214034630114601200092D9F7B5F803B05DF804FBE4
S21403464007B500920B46027D81898068FDF78AFDD7
S214034650003818BF0120C00103B05DF804FB08B59D
S2140346600020E0F721FC0020E2F7B2F90020DAF799
S214034670B1FA0020DAF742FD0020DAF741FF002006
S214034680DBF72EFA0020DBF757FF0020DEF786FA6B
S2140346900020DEF7F1FF0020DFF7E6FDBDE8084067
S2140346A00020DFF7D1BE08B50120FDF73DFA012053
S2140346B0DAF7F0FBBDE808400120DBF711BA08B5CE
S2140346C00220E0F7E5FC0220DFF7D8FE0220E2F73F
S2140346D08DFC0220FFF7A2FD0220FDF7C5FC022099
S2140346E0DEF7CAFFBDE808400220E0F771B9DAF743
S2140346F00FBDFDF7D9BF70477047704770477047C7
S2140347007047704710B50446E0F77CF82046FDF77F
S21403471041FA2046DCF722FA2046DDF775F92046F3
S214034720BDE81040FDF7D3BCFDF7EEBCFDF7F8BCC3
S214034730DFF7A4BD70477047FDF750BA7047704760
S214034740704770477047704705F012B87047704758
S214034750DFF72EBE70477047704770477047704745
S214034760FEF779BCFEF77DBC704700207047FEF766
S2140347707ABCFEF783BC7047431E012B03D9031F85
S2140347805842584170470120704700F021BC4FF44F
S214034790D0720021E6F752B870B50446E8F726F95A
S2140347A00546A8B9A169F1B1238AD3B1204604F11D
S2140347B01002E7F7C9FF38BBE16919B3638AA3B1EF
S2140347C0204604F1120200F0CAFA78B1054603E067
S2140347D00023A3612361E361002328466361236208
S2140347E070BDA061E8E72082E6E7E361216A00295D
S2140347F0F2D0A28A002AEFD02046E38ABDE87040B2
S21403480000F06FBA6182F1E76582E561DEE711B910
S214034810D0F8DC1021B1CB6813B18B68D889704708
S2140348204FF6FF707047E7F7C5B910B50C4611464B
S214034830E7F7E6F9E8F714FC012801D1002010BDDC
S214034840002CF7D10520FAE700F0CFB900F0E3B962
S21403485070B500232425D0F8DC00C4689C4201D13F
S214034860212070BD826805FB0322D6898E4202D8BA
S214034870128A8A4201D20133F0E70020F1E7F8B545
S21403488006460D46E6F732FCD8B94FF6FF734FF0EF
S214034890240CEF68C1B28F4208D81C462146304626
S2140348A0E6F7DAFD00F09AFB2046F8BDAA680CFB93
S2140348B00122D4899C4202D2002CEFD02346013039
S2140348C0E8E70024F0E7C08D70470A7838B5054658
S2140348D01046FFF751FF60B14C782046FFF74CFFB8
S2140348E038B12243530704D42846BDE83840E7F7D7
S2140348F0D3BB212038BD10B504460878FFF73CFF2C
S21403490058B14A781046FFF737FF30B1042A04D06F
S2140349102046BDE81040E7F7DDBB212010BD00F0C0
S214034920E8B8E7F73FBF084600F008BBE7F77EBAEC
S21403493038B504460D4600F08EF850B12946204699
S214034940E6F78AFD30B929462046BDE83840E7F742
S21403495035BA0E2038BD70B516460C4604F065FD14
S214034960314605462046EAF717FC0446284604F077
S21403497057FD204670BD00F032B970B504460020DE
S2140349800E4600F027FBD4F8F0503DB10023314625
S2140349902046AC46BDE870401A4660472B460122C7
S2140349A031462046E7F7A2FC284670BD38B50446D4
S2140349B048880D4600F00EFBD4F8F0302BB9294694
S2140349C02046BDE83840E7F79FBB022038BD00F01D
S2140349D003BB00F03CB9E7F7BFB8E9F7B7BB70B560
S2140349E0BDF81060054606B16BB1334428469BB24A
S2140349F000F077F9044620B91EB13146284600F088
S214034A00ABF9204670BD2124FBE7E8F725BFC0F8C5
S214034A10EC1000207047E7F7B1BD00F05EB910B4A4
S214034A20BDF8044001945DF8044B00F09FB80B46B4
S214034A3010B514461846A1689288E6F78FF8E16821
S214034A40034631B1A0886288121A92B21844E6F778
S214034A5085F8002010BD0346408A18B1188A00382E
S214034A6018BF012070470846E9F77CBC00F0ECBA93
S214034A7000F0EABAE9F788BE084708B5E7F7B4F8DE
S214034A80C0B208BD022A01D800F0E2B9212070475F
S214034A90022A01D800F0EDB921207047022A01D876
S214034AA000F0F9B921207047E8F7C8BB0846E8F7D5
S214034AB0E3BB00F018BA0020704700207047704729
S214034AC0D0F8943003F06003402B0DD0602B03D056
S214034AD0203B58425841704749B10B68012B06D911
S214034AE0486940F00100704740F20110704700200B
S214034AF07047F7B504461046D4E954C7DDE90826DF
S214034B008CEA020587EA06010540194085EA0C058A
S214034B107940C4E95451002523F4004106EA010311
S214034B2020F0010043F40073024043F00203CDE992
S214034B300055EBF7FBF994F824309A0713D5D4F80D
S214034B4054319B050FD54FF48811204600F058FBCF
S214034B5094F82430024665F3410384F82430204653
S214034B600B46E7F715F8002003B0F0BDF0B587B0A5
S214034B701C461746BDF830601AB90024204607B015
S214034B80F0BD002BF9D00029F7D001AAE8F764FEA0
S214034B900028F2D0BDF80630A2199A42BDF8085094
S214034BA0C4BF9B1B9CB2B54212D90399AD1BADB2D1
S214034BB03144A5420391ADF808500DD22A46384633
S214034BC0E5F7CCFF0499621B7819E5F7C7FFD5E72D
S214034BD00499761B3144049122463846F5E7084685
S214034BE0EAF77ABA0220E9F7C5BD08B5D0F8E4308B
S214034BF04BB11A68022A06D993F825204AB1186AD7
S214034C00B0FBF2F008BD4FF446624C210020E6F7F5
S214034C1085FC0020F6E7D0F8E42008B57AB11368DF
S214034C20022B0CD9536A13F47F4FC3F3072106D024
S214034C30126ADBB253438B42B3FBF1F006D2002079
S214034C4040F67F424C21E6F769FC002008BD034688
S214034C50D0F830010860B3F8343100208B807047F9
S214034C6090F830310C2B14BF90F82B00FF207047C0
S214034C7038B50C464FF400610546ECF7FBF970B106
S214034C807CB195F81E3173B94FF480724FF480717E
S214034C902846ECF7DBF9003818BF012038BD22029E
S214034CA0F4E72246F2E70020F8E74FF48071ECF7CA
S214034CB0E1B908B54A024FF40071ECF7C7F90020D2
S214034CC008BD08B58A024FF48061ECF7BFF90020EF
S214034CD008BD4FF40071ECF7CDB9062300208B71A5
S214034CE07047B2F5805FF8B50F4606461546194677
S214034CF02ED89A422CD33F2A26D9B2FA82F401221E
S214034D00C4F11F03DBB29A4092B2AA422CBFC4F18D
S214034D101904C4F11A04E2B20124931DDBB29C40C9
S214034D20A4B2AC4212D096F8F5309BB9012096F89F
S214034D30243060F3C71386F824303846E8F7A0FB20
S214034D4000203762B582F8BD0022ECE70020EEE7CC
S214034D502120F8E70E20F6E70846E8F7B1BB70B562
S214034D6005460E46144602B313883F2B1DD9B3FAE5
S214034D7083F3C3F11901C9B2062901D8192B12D03E
S214034D80062928BF062101238A1DD2B29340304646
S214034D902380E8F79DFB23882846EE616B82E8F7BD
S214034DA021FC002070BD0021EDE72120FAE710B5B5
S214034DB0144608460121EAF765F82046BDE8104088
S214034DC00121EAF75FB8F8B504460E46174604F025
S214034DD02CFB3A46054631462046EAF711FB0446C5
S214034DE0284604F01DFB2046F8BD0220704703202A
S214034DF07047E9F7B7BC10B50023E7F737FF04465B
S214034E0008B9EBF7B1FA204610BD704770B50546F2
S214034E100E46144600F0E3F831462846FFF72FFD0A
S214034E2000F0DDF8230704D50B2C9CBF24F0080400
S214034E30A4B221462846E6F7DDFE00224FF40031F1
S214034E402846ECF703F9002070BD8021ECF712B971
S214034E507FB5531C05AAADF8141002920221002256
S214034E60DBB2CDE900211146ECF70EF907B05DF889
S214034E7004FB7FB5531C05AAADF814100292042157
S214034E800222DBB2CDE9002100220121ECF7FCF877
S214034E9007B05DF804FB1FB5531C029100220821DE
S214034EA0CDE900210122DBB21146ECF7EDF805B09F
S214034EB05DF804FB07B591F82830009391F82B3082
S214034EC091F8292091F82A10E8F77EF903B05DF8E7
S214034ED004FB10B50446E6F787FE01462046BDE808
S214034EE01040E6F787BE002914BF21200020704734
S214034EF038B5054610460C46E8F7ECF9D5B1D5F8B3
S214034F00E030BBB15B69ABB1421ED2B2FD2A13D906
S214034F100A68013204BF6FF001020A600A68FF28BC
S214034F201A6007D16268013202D16FF00102626033
S214034F3062685A60002038BD0128F2E738B5054696
S214034F40EAF786FA04460021A878E8F72BFA204603
S214034F5038BD2DE9F74F01251C469DF8303006462F
S214034F6001930368174603F0070306339D4005F1D4
S214034F70FF380B46A1B1416804EA080BA5EB0B0A00
S214034F8041F00059524509EB0B0114D95246184615
S214034F90E5F7E4FD49467A1B5A445044E5F7DEFD3F
S214034FA0019B2BB13C4448EA050804EA0804F46074
S214034FB003B0BDE8F08F1846F0E737B50025144672
S214034FC00095FFF7C6FF204603B030BDE7F7FEBFE8
S214034FD000207047002070470020704770477047D6
S214034FE030B549000446056812B102291FD90339B2
S214034FF0C90395B9E1B1B1FA81F3C3F12003C3F153
S2140350000F00012838BF012003F01F03D940A9422F
S21403501001D901384908216030BDB5FA85F339B1A5
S214035020B1FA81F29B1A002BE9DC0F20EFE700218F
S2140350300F20F0E7012805D9023818BF4FF0FF30DC
S214035040C0B270470120704708B5E9F7E5FCBDE834
S2140350500840E9F709BD38B50446FFF7F5FF0546EE
S214035060FFF7F2FF431BA342FAD338BD38B50D460C
S2140350700446E9F7D1FC35B1844200D9013920460C
S21403508001F0030138BD844238BF0131F7E708B5A4
S2140350900121FFF7EBFFBDE80840E9F7E5BC0B0C81
S2140350A023F48053B3F5284FF7B50D468FB2064663
S2140350B099B216D04AF60103994214D04AF602036F
S2140350C0994212D0B1F5204F14BF04240324D6F816
S2140350D0E0300BB1196851B9D6F8DC3093B92868BB
S2140350E00EE00024F3E70124F1E70224EFE723466A
S2140350F068463A46E9F714FDDDE90003002BEBD1D9
S21403510003B0F0BD19680029E9D0234668463A463D
S214035110E9F706FDDDE90003002BE0D1F0E702F036
S21403512003BB0204C0F3891307D56FEA83536FEA00
S214035130935313F5007F18B206D0A3F1C8006FF49B
S214035140FF739842B8BF184670474FF03843596903
S2140351509A6903F500530A405A6170470E20704758
S214035160EBF7F6BAEBF7F4BAEBF7F2BAEBF7F0BAFB
S21403517008B50846EBF712FF08BDEBF7E9BA0220BD
S21403518070470220704700207047012070470020B8
S21403519070470E20704700207047E7F761BF084648
S2140351A011460122FFF741BB70B505460C46114672
S2140351B01A46EBF7A5FF06682B462046B446BDE81D
S2140351C07040604710B5EBF79BFFBDE8104083685F
S2140351D01847FFF710BEE7F76BBEFFF7A9BBE7F765
S2140351E075BB70B504460D4616464FF4881100F09D
S2140351F01CF8324629462046BDE87040E8F78AB8D0
S21403520038B505460C4604F010F9D5F890301C4026
S214035210D5F88C302343C5F88C3004F001F9211EF1
S21403522018BF01210020490238BD38B504460D4693
S21403523004F0FBF8D4F890301D40D4F88C3023EA01
S2140352400505C4F88C5004F0EBF8284638BD38B58D
S21403525004460D464FF48811FFF7E7FF294620461C
S214035260BDE83840E8F77EB873B50D7806460C46B9
S21403527035B304238DF804302379304601A98DF81D
S2140352800530FFF738FB0546B8B92278A37952BB39
S2140352908DF80430E379304601A98DF80530FFF721
S2140352A014FB054648B923783BB161883046E7F7D7
S2140352B02BF901213046FFF7DBFC284602B070BD10
S2140352C02946FFF7D5FC29463046FFF7F2FC294668
S2140352D03046FFF7F6FC2378002BCAD123798DF8E6
S2140352E004306379C9E702228DF80420D3E7FFF779
S2140352F0E0BCFFF7EEBC0020704710B50446EBF7A2
S21403530099FF21460020ECF7E9FDBDE81040002098
S21403531000F02BB970470120704708B5EDF70CFC79
S21403532080F00100C0B208BD4FF0FF30FFF79EBB10
S21403533070470020704710B50C4603F037FE048014
S21403534010BD38B50C46154603F030FE03881DB174
S2140353501C43A1B2018038BD23EA040189B2F9E7F0
S21403536008B503F023FE008808BD08B503F01EFE4B
S214035370C07808BD08B503F019FE008800F00C00DD
S21403538008BD08B503F012FE008800F00C00031FEA
S2140353905842584108BD38B5054603F007FE044693
S2140353A02846FFF7EEFF30B904F1100004F01AFAAE
S2140353B000F4406038BD4FF40060FBE738B505469F
S2140353C003F0F4FD04462846FFF7DBFF014648B921
S2140353D010342046042203F029FD2044BDE838405B
S2140353E004F000BAA08838BD10B50C4603F0DEFD05
S2140353F0848010BD38B5054603F0D8FD044628461C
S214035400FFF7BFFF30B904F1100004F0EBF900F426
S214035410404038BD4FF40060FBE738B5054603F05F
S214035420C5FD04462846FFF7ACFF014648B91034CD
S2140354302046062203F0FAFC2044BDE8384004F078
S214035440D1B9A08838BD38B5054603F0AFFD04468C
S2140354502846FFF796FF014608B1201D38BD1034D5
S2140354600622204603F0E2FC2044F7E708B503F0E3
S2140354709DFD007A08BD08B503F098FD90F9090074
S21403548008BD08B503F092FD807A08BD08B503F0A1
S2140354908DFDC06808BD10B50C4603F087FD047289
S2140354A010BD10B50C4603F081FD447210BD10B557
S2140354B00C4603F07BFDC46010BD2DE9F8430F4690
S2140354C08046002107F110001646994603F0E2FDD8
S2140354D00446D0B103F06AFD0546204603F082FD7C
S2140354E0002102462846E5F7A9F900232046AB70BB
S2140354F049F00401FFF71FFFA5F804802EB13A46D2
S214035500314605F11000E5F729FB2046BDE8F88390
S214035510F8B505460F461020002103F0BBFD0446F0
S214035520B0B103F043FD0646204603F05BFD0021C1
S21403553002463046E5F782F9002339462046B37023
S214035540FFF7F9FE25B12A460121204603F07AFD2E
S2140355502046F8BD08B503F029FD103008BD08B590
S21403556003F040FD1038C0B208BD0020ECF7DEBBE8
S21403557008B5ECF739FE002008BD4088C0F30C00E0
S2140355800330800840000430704770B50E46054669
S2140355901146304603F07EFD044635B128B103F0CC
S2140355A005FD32462946E5F79BF9204670BD00887F
S2140355B0B0FA80F04009704738B5058800220446E3
S2140355C004F07AF905B1258038BDF8B507460D46CF
S2140355D000880021164603F021FDB042044605D19B
S2140355E029463846BDE8F840FFF7E6BF00212046C7
S2140355F003F014FDB04205D02046002103F00EFD53
S2140356000446F3E72A462046002103F01BFD3246F4
S2140356102846BDE8F840002103F014BDF8B5058818
S21403562007467DB1CCB22146284603F0F7FC8542F7
S214035630064609D100233B8000222146304603F06C
S21403564001FD35462846F8BD214603F0E7FC214612
S2140356500246284603F0F6FCEEE72DE9F0470788F6
S2140356608246884614465FB3384603F0BBFC3D4685
S2140356700646E4B22146284603F0D0FC4045814660
S21403568016D1214603F0CAFC21460246284603F0FB
S214035690D9FC474504D1454508BF0025AAF8005064
S2140356A000222146404603F0CDFC3046BDE8F08795
S2140356B08742FAD003F096FC30444D4686B2D9E7CB
S2140356C03E46F2E700220123C0E900237047F8B5FF
S2140356D004460127002603F0B5FE23683BB903F012
S2140356E0ACFE00226368012B0ED16360F8BD1D6912
S2140356F01F61266003F0A1FE012DF2D02B462D6913
S2140357001E61012DFAD1E6E719691A610B46EAE72D
S214035710036823B94068012803D0EDF7ADBA00202B
S21403572070474FF0FF307047F8B5054603F075FF36
S214035730012306460027A8602B7303F083FE2B681D
S21403574002467BB11C692169A1420CBF2F60196117
S2140357502761104603F071FE012C08D020466368CB
S2140357609847EAE76C68012C04D103F066FE002331
S2140357702B73F8BD6169711AB1F1004FF5D8216931
S21403578069602361E5E70220704702207047002026
S21403579070470144884201D10120704710F8013B4D
S2140357A09342F7D00020704770B50146064692B084
S2140357B00020EBF76BFF044670B9FDF7F1FF0546D3
S2140357C001466A462046ECF7A7FA6A46294620466B
S2140357D08DF80260ECF756FD204612B070BD00B59A
S2140357E093B0FDF7DDFF6A4601460020ECF794FA16
S2140357F09DF9020013B05DF804FB00B593B0FDF706
S214035800CFFF6A4601460020ECF786FA9DF80000B3
S21403581013B05DF804FBECF743BA012070477FB57D
S2140358204FF6FF7101AAEDF799FC20B1BDF80C0005
S21403583007B05DF804FB4FF6FF70F9E708B51046AE
S214035840EEF752FCBDE80840EEF70CBD7047704714
S21403585070477047704770477047704738B54FF6C4
S214035860FF750D800C46F6F703FD2080A8420CBF9B
S2140358702D20002038BD002100B593B06A460846A7
S214035880ECF74AFABDF8060013B05DF804FB0021F6
S21403589010B592B004466A460846ECF73DFA002176
S2140358A06A460846ADF80640ECF7ECFC12B010BDAD
S2140358B0002100B593B06A460846ECF72DFABDF80A
S2140358C0040013B05DF804FB002110B592B0044643
S2140358D06A460846ECF720FA00216A460846ADF801
S2140358E00440ECF7CFFC12B010BD70472DE9F04F23
S2140358F087B00C4691460746FFF73CFD0546661CF7
S214035900304603F06FFF042D40F090803846FFF7D3
S21403591021FE0378092203F00303012B14BF02239D
S214035920032301212046039303F080FA0922002172
S2140359300546204603F07AFA21788DF817000139D8
S2140359400022204689B2FFF720FE04EB09088346AF
S214035950F0B14FF0010A2A460146CDF800A003989D
S2140359600DF11703FBF7DAFE0228054626D1584643
S21403597003F038FB00222070C0B2431E00929BB295
S21403598052465946304604F026F82378534423708B
S2140359903846FFF7E5FC020424D498F80130217852
S2140359A09B071FD50139A1EB09013A464046C9B208
S2140359B0F1F758FB23781844207013E020B92070C1
S2140359C0284607B0BDE8F08F032809D1404603F008
S2140359D009FF20F4007189B2404603F005FFD7E7BC
S2140359E00428D5D10125002220462178FFF7CDFDD6
S2140359F007460028E4D04FF000080146434601223C
S214035A004046CDF80080FBF789FE022819D13846B8
S214035A1003F0E8FAC2B2013A207093B23946012283
S214035A203046CDF8008003F0D6FFC9E780F0800546
S214035A3020F0800081B23046C5F3C01503F0D4FED3
S214035A40D1E70028BCD12070BAE708B50020FFF7DD
S214035A5064FC80F00100C0B208BD0A4608B50146E2
S214035A600020EDF7C9FDB0FA80F0400908BD00201C
S214035A70ECF73CBD00210846ECF7E0B90020FFF741
S214035A804ABC70B5044603F0ADFE04220021064668
S214035A90204603F0CBF9204403F0A4FE0322054678
S214035AA00021204603F0C2F9204403F09BFE4FF684
S214035AB0FF730540ADB29D4214D1F30712D50622FB
S214035AC00021204603F0B2F9204403F08BFE04467F
S214035AD0EDF704FE844214BF02240624EDF7F8FD16
S214035AE0204070BD2046FBF7EBFFC400E4B2F5E7A9
S214035AF008B5FFF7C6FF003818BF012008BD012010
S214035B00704710B50446FEF71DFB08B9FEF71CFBED
S214035B1003050FD40C231B2B01D1002009E020FA28
S214035B2003F1C90703F1010206D5DBB2E31A5842B3
S214035B30584110BD0B23F9E71346ECE710B50C46A6
S214035B40098819B90846F7F7EBFE2080012010BD37
S214035B5008B510461A4600F08CFABDE8084003F074
S214035B60DFBD70B504460D46164692B06A46ECF79E
S214035B70D3F86A46294620468DF81F60ECF782FB69
S214035B8012B070BD10B50C46EEF784F92046BDE89A
S214035B901040EEF795B80129F8B505460C461DD01A
S214035BA003291ED0052920D0072922D00026002449
S214035BB000270120ECF702F8304485421DDA032063
S214035BC0EBF7FCFF2044854219DA0520EBF7F6FFD6
S214035BD038448542B4BF07200520F8BD6FF004069D
S214035BE0E5E76FF004040526E2E700266FF00407F6
S214035BF0DFE7002405272646DBE70120EDE7032041
S214035C00EBE738B14379490023F00C0301F00C01AC
S214035C100B434371704710B5044678B14179408809
S214035C20490801F006010131000AFFF7B4FF0246F6
S214035C3001462046FFF7E5FF104610BD0722FBE7A7
S214035C4038B50D46EEF714F9044608B9002038BDFA
S214035C50FFF7E1FF002DFAD1237913F00703F5D000
S214035C60984238BF1846C0B2F1E7EEF70FBB0022E2
S214035C70EEF732BC0021012208B5EEF72DFC401AE0
S214035C8018BF012008BD38B51546FFF7F0FF0446D8
S214035C90284603F084FE84B1FF2804D0626822FA03
S214035CA000F3DB0701D5012038BD012383401343EE
S214035CB06360E3780133E370F5E72046F4E7EEF735
S214035CC065BE10B503F072F900F11004204603F028
S214035CD089FD20F4007189B22046BDE8104003F028
S214035CE083BD2DE9FF411546019101218DF80D3045
S214035CF01B0A8DF80E309DF82C308DF80C008DF8AD
S214035D000F3028460423009103AA9DF828809DF8A7
S214035D1030709DF8346001F016FB044670B12946D6
S214035D20FFF762FBB8F1000F02D12046FFF7C9FF69
S214035D302FB146B93146204601F0D0F8002420465C
S214035D4004B0BDE8F081002220461146EEF7A4FD1C
S214035D50F4E74FF47A70EEF7F9BE08B5ECF7A0FF58
S214035D60BDE808400020EEF7F7BF00B58BB06846E5
S214035D70EEF7C8FE009BBDF8060004A90693EEF7EF
S214035D8067FE0BB05DF804FB1FB504466846EEF7E6
S214035D90B9FE02AB03CB2060616004B010BD1FB533
S214035DA0062304468DF80C30EFF730F900238DF800
S214035DB00D00CDE9003301210223204603AA01F09A
S214035DC0C2FA04B010BD38B5002208210546FFF715
S214035DD0E0FC044698B9FFF74EFD22464FF6FF71E6
S214035DE0EFF76CFB2846297CEEF7E6FF287C6A690A
S214035DF0E989F0F7E1FEEEF757FF204638BD0120AC
S214035E00FCE770B50C4605460120EFF7E3FE237B5F
S214035E104BB1FFF730FD014623462A46BDE87040E6
S214035E200120EFF769BB4FF6FE71F5E7F8B50E46AE
S214035E300746FFF78FFB054603F0D4FC00F440400B
S214035E40B0F5404F14BF0022062202F10A03EB5CB2
S214035E500B325C0004F00E045B08144403F03803B2
S214035E6038461C44FFF77BFB844208D2001BC2B2B1
S214035E700F2A28BF0F2230462919E4F76FFE204663
S214035E80F8BDECF70DBF40F62740F0F713BCFF2232
S214035E904FF6FF71F0F742BD07B500210DF107007D
S214035EA0F0F774FE9DF8070003B05DF804FB13B526
S214035EB0044601A90020F0F769FE019A0146204630
S214035EC0F0F77AFE204602B010BDF0B50F4600216B
S214035ED087B0044608461646F0F758FE01230546E3
S214035EE00DF10A008DF808408DF80930FFF74CFFD6
S214035EF0092C1DD131460DF1120003F075FC05ABDC
S214035F00002102AA9B1A2846CDE90011DBB26421C0
S214035F1001F019FA0546E0B1092C15D1F0F796FE03
S214035F20044688B12846F0F7A5FE204607B0F0BD24
S214035F3031460DF113008DF812704FF6FF7503F01E
S214035F4053FC0DF11503DBE7284600F014F804466E
S214035F50EBE70446E9E738B504460D4603F039FD9A
S214035F6040B1AC4206D0204603F02AFDBDE83840D7
S214035F7000F0ACBF38BD10B50446FFF7EBFA0230AD
S214035F8003F030FC4FF6F7739842204603D9BDE87A
S214035F901040F0F7E9BFF1F729F8B0FA80F04009AE
S214035FA010BD012070470022F0F716BF70B50446F7
S214035FB00088FFF7CFFA0546043003F013FC0646C5
S214035FC0A81C03F00FFC054603F022FB3046F2F74D
S214035FD0F3F930B92846F2F7EFF910B1284603F083
S214035FE0F8FCA378002023F00F03A37070BD70B5F0
S214035FF00546FFF7AFFA0646284601F0C8F90146FC
S2140360002846F8F7C1F804462846FFF7D7F94FF6AF
S214036010F773984208D8337803F00303012B05D1AE
S214036020A31E5842584170BD0120FCE70020FAE742
S21403603041F2033330B585B00D46ADF8083004465B
S214036040FFF719FC8DF80A00FFF715FC0021000A7C
S2140360508DF80B0005232046CDE9001102AA8DF822
S2140360600C5001F070F910B12146FFF79CFF05B004
S21403607030BD2DE9F041044617460D46E1B13F29F0
S2140360804FF0000600D135462046FFF773F908287F
S21403609014D10121204602F0C1FF064602F0A2FFFA
S2140360A00446304602F082FF3B4601462A46E0B2EB
S2140360B0BDE8F041FDF718BC0126E5E72046FFF7EB
S2140360C059F9024630B9BDE8F0414FF6FF71012099
S2140360D003F051BB2046FFF75EF9B0F5006F0ED113
S2140360E02046FFF76BF94FF6FF739842014617D029
S2140360F0002D0CBF03200520002203F03CFB29469D
S2140361002046EEF781FC68B929462046F2F7F2F8F6
S21403611040B9324629462046BDE8F041F1F7AAB811
S2140361200120E9E7BDE8F0817047704737B54FF6C1
S214036130F675FDF738FB431E9BB2AB420446F8D810
S214036140EDF796FE0028F4D169462046EDF7B2F93E
S2140361500028EED0204600F09AFE0028E9D120461B
S214036160FFF788FD0028E4D12046F2F725F900283A
S214036170DFD1204603F02DFC0028DAD12046FDF7B8
S2140361801DFB0028D5D1204603B030BD73B50446A9
S2140361900E46F2F711F9054688B92046F2F766F976
S2140361A021462B460D224FF6FD70009500F0A1F810
S2140361B03146204602B0BDE87040F2F719B902B086
S2140361C070BDF7B504460D461746FFF754FB064663
S2140361D0002D3FD04FF6FB739C423BD82046F2F788
S2140361E0EBF808B1A64235D02046F2F7E5F810B131
S2140361F0012003B0F0BD2046FDF7E0FAC0B1A64289
S214036200F6D0F4B169462046EDF754F90246C0B914
S21403621008216846FFF7BDFA98B90822694628465A
S214036220E4F758FE68B129462046FFF7AFFFDFE7DD
S214036230A642E6D12846EDF7ABF910B900F03DFECD
S214036240D6E73FB121462846EDF7B8FF2146284654
S214036250F5F7F4FF0020CCE737B5054614460C29BE
S21403626014D8DFE801F02C132C131313071313139E
S214036270132424006946EDF71DF918B90121684671
S214036280F6F7DAF841202946F8F7FAFBD4B12046A8
S214036290FFF760F9023003F0A5FA4FF6F77398425A
S2140362A010D9204603B0BDE83040F0F713BF40F6E0
S2140362B0144040F613430B2908BF1846E3E700F0E3
S2140362C0EDFDE3E703B030BD1FB5034608460321E3
S2140362D08DF80D308DF80C1001230021ADF80E203B
S2140362E0CDE9003103AA042301F02DF805B05DF8CB
S2140362F004FB2DE9F34106460F4614461D469DF85A
S2140363002080FFF7B8FAB04207D10022214638466C
S21403631002B0BDE8F041FFF79FBF3A46314620463C
S214036320FFF7D2FFADF8060060B10D2C05D10022B1
S2140363304FF6FF71282003F01EFA35B9BDF80600A4
S214036340FFF719FE02B0BDE8F08101234246294655
S2140363500DF10600ECF7F8FBBDF80630002BEDD187
S214036360F0E7F7B50C460546FFF7F4F8611C06465A
S2140363702846F7F709FFA11C0746284600F02AFF20
S214036380014604463846FDF747FA0D2F34D120461A
S214036390F2F712F878B1301D03F024FA04462846C3
S2140363A0F679FFF73AF831460246204603B0BDE8D1
S2140363B0F040FFF768BCB01C03F014FA4FF6F7730F
S2140363C0984202D92846F0F785FE2046F2F74EF8A3
S2140363D0FFF751FAA04205D1002003B0BDE8F04014
S2140363E0FFF7A2BE6B46B068F16803C36946204652
S2140363F0F1F7FEFF03B0F0BD2A463946204603B048
S214036400BDE8F040FFF728BF14220021E4F716BAD0
S2140364102DE9F04F11F00F0704460E4615468FB0D0
S2140364205CD10120E1F788FE09A8FDF7F3FA0923FA
S21403643009A88DF82430FDF7F1FA09A8E1F74EFE16
S21403644001A909A8FDF77BFC26F00F08A84404F170
S214036450100904F10F0A454511D1236901A93344F4
S214036460236109A8FDF750FC0020E1F765FEB6F1AD
S214036470005F28BF272738460FB0BDE8F08F05AA70
S214036480234696469446186859680833ACE80300D2
S2140364904B456246F6D12B46224605F1100B53F8C0
S2140364A0041B5B4542F8041BF9D1714609A8FDF7A6
S2140364B02BFC09A8E1F712FE224621460120E1F74C
S2140364C0F7FD013D631E13F8012F15F8011F534511
S2140364D082EA01021A70F6D15D46BCE70227CAE7D4
S2140364E0F0B5174685B005460C46102200216846CF
S2140364F0E4F7A4F9BFB3C4B30F2C04F00F0608D90E
S21403650024F00F043A4621462846FFF781FF40BB96
S2140365102744324639466846E4F720FB80222F6933
S21403652006F1100337446B44B7F5005F03F8102CED
S2140365302F61C6F110061AD3062E1FDDFB001A0EB6
S2140365408DF80A201A0C5BBA8DF80B20ADF80C30C8
S2140365506A4610212846FFF75BFF00202B69103B95
S2140365602B6105B0F0BD3E46D8E72646D6E7022E99
S21403657004DDFB005BBAADF80E30E9E76A4610218E
S2140365802846FFF745FF2B691022A3F110040021CC
S21403659068462C61E4F752F9B7F5005F4FEAC40387
S2140365A0CDD2E7E770B50E46054686B001A8144679
S2140365B0FFF72AFF3246294601A8FFF791FF224636
S2140365C0054601AB05AE1C4603CCB44210605160D1
S2140365D0234602F10802F6D1284606B070BDF1F74D
S2140365E09DBF0A460021F1F799BFF0B58BB00C4664
S2140365F001A9F1F793FF054680B325220021E01C8D
S214036600E4F71CF90123A3700E23BDF81070238052
S214036610FA0510D523464FF4877206AE23F8042BEB
S2140366200DF1280C324603CA6245186059601646B7
S21403663003F10803F6D13B0605D5238843F0800310
S2140366402380069B636001AB03CB039BC4F81D004A
S214036650C4F82110A361F3F745F9606128460BB02F
S214036660F0BD30B505460C4687B001A8FDF7D2F954
S2140366702868696802AB03C39DF8113043F0020231
S2140366808DF8112074B12288510644BF43F00603E7
S2140366908DF81130530542BF9DF8113043F00803BF
S2140366A08DF8113001A8FDF7B0FAB0FA80F0400972
S2140366B007B030BD2DE9F3410F460546164602F0F6
S2140366C091FC4FF00008C41BE4B2294623463A4621
S2140366D03046CDF8008003F07EF90121284602F00B
S2140366E09DFC88B10121284602F098FC074602F07B
S2140366F079FC0546C3B2424630193946CDF80080C8
S21403670003F069F92544ECB2204602B0BDE8F081F7
S2140367102DE9F04F85B00C46054691461F464FF0CF
S214036720010ADDF838809DF83CB002F05BFC224697
S2140367303B4629460646CDF800A0484603F04BF9EB
S2140367405146284602F06AFC3C4418B35146284694
S21403675002F064FCF6B2B442814610DAE7B2F31BE9
S214036760DBB2404622462946CDF800A003935F4499
S21403677003F031F9039BBF1B984407F0FF0B01237B
S21403678000220E9349465B46404605B0BDE8F04FEF
S21403679003F021B95B4622462946CDF838A0F3E735
S2140367A02DE9F041002686B0074608460C461546F6
S2140367B09846CDE9026604968DF8146002F012FC42
S2140367C0411BCBB20D2B28BF0D232A46214600962C
S2140367D002A803F000F9424602A93846F1F7F4FF8F
S2140367E00646294620469DF80820F7F7E1FC304682
S2140367F006B0BDE8F0812DE9F04F0E46CBB001217F
S214036800054617461C4602F009FC23463A46294627
S214036810814606A8FFF7C4FF0DF1280A00EB070B15
S2140368205246314628465FFA8BFBFFF743FFB345D4
S21403683003D200204BB0BDE8F08FABEB06085FFA3F
S21403684088F808F104039842F3DB331F1844042343
S214036850C4B20193A31BDBB2009352464346002106
S214036860CDF808A006A8E1F7D7FB0028E1D1A4EBF2
S2140368700B040AEB0803E4B252462846314600935B
S21403688001944346FFF744FF39462846F7F77CFC56
S214036890394600F0F8022846F7F78AFC0121284615
S2140368A002F0BCFB002818BF4D462846ADF816502C
S2140368B002F098FB011FC9B20DF1160000F04FFC61
S2140368C00120B7E72DE9D841064600F060FD411CDC
S2140368D0044689B2304600F02DFD98B394B32146A2
S2140368E03046F7F751FC00F00C03042B074629D07B
S2140368F000F00308B8F1020F00D11BBB384600F0C6
S214036900B0FD3B060444A4B216D5611C304689B2DA
S21403691000F010FDB0B121463046F7F735FCB8F16C
S214036920010F014600F003030CD0032B0AD03846B0
S21403693000F0A6FD03199CB221463046BDE8D841B7
S21403694000F0F8BC0020BDE8D881F8B5064600F094
S214036950E0FC054604463046FEF7FCFD43785B073D
S21403696018D5AC1CA4B22146304600F0E3FCB8B1FF
S21403697029463046F7F708FC0746691C304689B2B5
S214036980F7F702FC1FB1874201D8FF2808D104EBB2
S2140369904704A4B221463046BDE8F84000F0CABC1E
S2140369A00020F8BD13B5044601A8F2F765F9BDF853
S2140369B00430DA0710D49B0707D4102200212046A0
S2140369C002B0BDE81040E3F739BF22462146102047
S2140369D0FFF7E8FD0028F0D102B010BD024608B567
S2140369E0F2F772F9510544BF0838C0B2130544BF25
S2140369F00838C0B208BDF0B5D30705460C468BB0C1
S214036A004AD5008800F0C3FC00230646029314B957
S214036A10CDE9034403AC002208212046FEF7B9FE65
S214036A20A8B12888FEF796FD023002F0DBFE214669
S214036A300746ECF73FFD50B1002240231146384687
S214036A4000F005FA40F6094528460BB0F0BD31467E
S214036A502888F7F799FB10F0030F0CBF01260026D2
S214036A60F1F7A0FD46EA4000C0B2009000212046A0
S214036A7002AB05AAF3F772FB0546F1F793FD002870
S214036A80E2D0002DE0D000212046009602AB05AAF6
S214036A90F3F764FB0546D7E740F60A45D4E7002339
S214036AA01A46F3F7C7BA30B58BB005AD0446284689
S214036AB0FCF7B0FF0223284601A98DF81430FDF732
S214036AC03EF9234601AA144603CCAC42186059602B
S214036AD0224603F10803F6D10BB030BD08B50023F8
S214036AE0024619461846F3F7A5FA012008BD37B53E
S214036AF004466846F3F716FB054648B108222146C6
S214036B006846E4F7E7F9B0FA80F0400903B030BD11
S214036B10FF2208212046FEF73CFE034628B1062145
S214036B202846FFF7BCFF0120F0E722460146F3F7AD
S214036B3081FAF8E707B56846F3F7F4FA10B1684642
S214036B40FDF76CFA00F0010003B05DF804FB0120CA
S214036B50F3F7BEBF704730B50124054689B003A8D6
S214036B60FCF758FF01A88DF80C40E1F715FB9DF8DC
S214036B7006209DF80730AA4209D0AB4209D103A8E4
S214036B808DF80D40E1F7AAFA012009B030BD0024C4
S214036B90F5E70020F9E700221021FEF7FABD70475B
S214036BA07FB50D4600F582300D22694600F58070EC
S214036BB0D5F792FA6B462A4602AE1C4603CCB4427D
S214036BC010605160234602F10802F6D12068106077
S214036BD02379137100236B7304B070BDF0B585B0D1
S214036BE06A4605460B46164601F10807144618681A
S214036BF05968083303C4BB422246F7D118680D22EE
S214036C0020601B7905F582303146237100F58070CC
S214036C10D5F78EFA05B0F0BD38B504460D46E0F755
S214036C20ADFDA04205D920462946FFF7B9FF00204F
S214036C3038BD2820FCE730B5002485B08DF8004029
S214036C40E0F79CFDE5B2A84204D8F5F759FA002010
S214036C5005B030BD69462846FFF7C0FF0134EFE7AD
S214036C6038B50446002002F0A9FEFF2805460FD0DB
S214036C7002F0ACFE10F0010009D0284602F0A6FE92
S214036C80400840EAC17080F0010000F0010038BD02
S214036C9004F00100FBE70146F8B506460020F5F7C9
S214036CA069F9FF2801D00120F8BDE0F757FD00245D
S214036CB00546871CE0F756FDE3B2984201D800204C
S214036CC0F2E735F82430B34203D117F82430002B0B
S214036CD0E9D10134EEE738B50D460121044602F04A
S214036CE09DF930B10121204602F098F92880012051
S214036CF038BD20462C8000F020FC0130C0B2F7E7F8
S214036D002DE9F04788B00746894610460DF10A017B
S214036D101D469046FFF7DFFF4FF0000ABDF80A60F6
S214036D2004463046CDE905AACDF81BA002F05AF971
S214036D30031BDBB20B2B28BF0B2322463146CDF8B1
S214036D4000A005A802F047FE48F21F039D4243D069
S214036D500BD885F40043012B15D9234642464946F2
S214036D6028460097FDF7A7F933E048F23A039D4219
S214036D70F3D1FEF780FDB8422BD02246414605A844
S214036D80FDF7CAF925E09DF8143013BBBDF81D4086
S214036D90DDF81500DDF8191003AB03C3204603A97D
S214036DA0E0F7E0FE0122204603A9FFF70AFAA7420E
S214036DB006460ED0012103A8F5F73EFB48F2010371
S214036DC09D4206D12EB9334632463946204600F058
S214036DD058FC08B0BDE8F0879DF81450002DF8D194
S214036DE02F469DF815800234EAB24245F1D2D2000E
S214036DF0D2B222440823314692B2009703A8CDE9C3
S214036E00037702F0E8FD03A800F074F802F0D8FD5B
S214036E1000F05CF80135E7E710B500244180848074
S214036E200480C280038110BD13B5BDF81040CDE9C0
S214036E3000340023F5F7CEFD02B010BD13B5BDF840
S214036E40104001900094F5F7C5FD02B010BD07B5DC
S214036E5000930123FFF7F2FF03B05DF804FB012361
S214036E60F5F75EBE38B50546EFF7F0FE0446E0F7E5
S214036E7091FCA40144EA4020284038BD704770477F
S214036E8000207047FF20704700207047704700209F
S214036E9070474FF6FF70704700207047704700201A
S214036EA070477047002070477047002070470020E7
S214036EB07047704770470020704770477047002040
S214036EC070474FF6FF70704717207047704770473C
S214036ED0704770477047704701207047012070471E
S214036EE000207047002070477047704770474FF682
S214036EF0FF7070474FF6FF70704700207047002002
S214036F007047002070477047002070472DE9F04F08
S214036F10002785B081460C467E2039469846BDF844
S214036F203CB09DF844A0BDF84C500192ADF80E70ED
S214036F3002F0B0F80646002800F0AA8002F036F801
S214036F4039467E22E3F77AFC304602F02FF80090AB
S214036F50304602F02BF8B9F1FF0F0CBF274644F07A
S214036F6003073B0A14F44062077043705FD14FF087
S214036F700808C31C184642460199E3F7B1FC0346CA
S214036F8004F44044434484B1790606D419464FEAD0
S214036F901B2201F802BB5A700B46B4F5004F56D0BD
S214036FA0A4F5404254425441E400224618460E9942
S214036FB0E3F796FC009A03462044A0EB02085FFA28
S214036FC088F89DB14FF47C521A53841C284601F06E
S214036FD0EDFF8346284602F005F8C5B22A46594611
S214036FE02046E3F7BBFD60190235EDB2B9F1FF0F9A
S214036FF02FD05246109900F8019BE3F7AFFD08F136
S21403700001015AFA81F129443046EBF733FD0C218E
S2140370100022FF0007F0800710463943FEF778FA90
S214037020ADF80E00E8B9002005B0BDE8F08FB2F564
S214037030006F80F803804FEA182880F8048000F178
S214037040050314BF4FF008084FF0020892E7022426
S214037050ABE708EB0A0129443046EBF70BFD0821A2
S214037060D6E7304601F0A2FF0446304601F0BAFFE9
S2140370700123024621460DF10E00EBF765FD0028BD
S214037080D1D10121BDF84820BDF80E0001F0DAFF8A
S214037090BDF80E00C8E710B50C46098821B90846A6
S2140370A0F6F73EFC208008B1012010BD0220FCE765
S2140370B02DE9F04780460F460646002402F1FF39C5
S2140370C0BC4202D219F8015F25B9A6EB080080B2CC
S2140370D0BDE8F0879A46A5F13102012A5AF8041B47
S2140370E010D83246322D02F8011B06D10134A4B261
S2140370F0A74232D30912B21C7170013453461646A6
S214037100A4B2DDE7342D0CD10334BC42DDDA0B0A1E
S214037110317073700B0C090EB370321DF170A4B28C
S214037120EBE7A5F13302062A0DD8303DADB22B1995
S214037130BB42CADA2A463046013CE3F7D1FB15FACE
S21403714084F47219EBE7A5F14102062A01D8373D0C
S214037150ECE79D8803F1080AE9E71646B5E770B53C
S214037160054600880C4601F03DFFA04228880AD257
S21403717001F038FF0023221A19462846BDE870405E
S21403718092B2EBF7E1BC2146EBF774FC002070BD2E
S21403719038B5054601F00AFF0446284601F022FFEB
S2140371A0002201462046BDE83840FEF7EEB9F8B5A2
S2140371B016460C461D46BDF8187001F0F7FE04444B
S2140371C0304601F0F3FE3A4641192046BDE8F84042
S2140371D0E3F786BB70B50C46013189B20646F6F76F
S2140371E0D3FF214605463046F6F7CEFF00EB0520D3
S2140371F080B270BD1FB50123ADF80C2000930A467C
S2140372000223014603A802F0E6FB05B05DF804FB83
S2140372100FB437B5069D0021A8B201F03BFF044624
S21403722001F0C4FE2CB1002207AB0193D1B28D420C
S21403723005D8204603B0BDE8304004B0704753F885
S214037240041B81540132F1E773B504460D46402012
S2140372500021164601F01EFFADF8060001F0A6FE5B
S214037260BDF8063013B9002002B070BD4021334686
S2140372702A462044FFF71CFF211889B20DF10600A9
S214037280FFF76DFF0028EED1BDF80600ECE70EB45D
S21403729003B503AA52F8041B0192FFF7D5FF02B009
S2140372A05DF804EB03B070472DE9F7430F46012161
S2140372B08146164601F0B2FE054658B1FFF768FF51
S2140372C0308088B9284601F08DFE68B1192003B0D6
S2140372D0BDE8F083484601F085FEFF2FA0EB0704C8
S2140372E0E4B214D014B934800020F0E72A462146CD
S2140372F02846FEF74AF980460028E7D03B464A462A
S21403730029460094FFF753FFA6F80080ECE7012018
S214037310DDE708B5FEF71EF9437803F001001A0708
S2140373204CBF10300830DB0644BF0830C0B2103004
S214037330C0B208BD10B50C4601F054FEA04234BFDF
S2140373400020012010BD7FB514460091024641F28D
S214037350092141F609209DF820601D46002E18BF1E
S2140373600146099B0020F6F737FFADF80E0010B96B
S214037370002004B070BD01232A4621460DF10E00FD
S214037380EBF7E2FB0028F3D1BDF80E00F1E738B5C2
S2140373900546FFF7BEFF0446284601F023FE631C9E
S2140373A09BB283420FD82846FEF7D4F843785B0790
S2140373B007D521462846F6F7E7FE013004EB4004DE
S2140373C0E4B2204638BD0024FBE71FB5ADF80E0037
S2140373D001F008FE0446BDF80E00FFF7D8FF00F1E3
S2140373E00E03DBB2BDF80E200146E01A80B2009011
S2140373F01046FFF7DCFEA4F10E0189B20DF10E0074
S214037400FFF7ADFE04B010BD4278034612F0080045
S21403741006D0D20702D403F10800704703F109002F
S214037420704737B505460C46FEF794F8437813F0D5
S214037430100212D09CB103F001021B074FF00003A9
S2140374402946009320464FF0080354BF18322032D3
S21403745002F0C1FA012003B030BD1046FBE7204618
S214037460F9E700F00303012B08D0C30606D400F0A7
S2140374700C000C2814BF0820092070470220704710
S214037480034611F0030005D003F00303022B14BFD9
S214037490022003207047F8B50C46064601F0A2FD0D
S2140374A0631C834202D900252846F8BD2146304690
S2140374B0F6F76AFE0746FFF7D4FF3B060546F3D505
S2140374C00444304601F08EFDA4B2631C9BB2834293
S2140374D0E9D821463046F6F757FE01463846FFF709
S2140374E0CFFF2844C5B2DFE770B506460D46FFF763
S2140374F0D2FF044610B90024204670BD2946304604
S214037500F6F742FE8206F7D5304601F06BFD2544BA
S214037510ADB26B1C9BB28342EDD829463046F6F7D4
S21403752033FE00F01803082B14BF05340634E4B208
S214037530830644BF0834E4B2DEE738B50546FFF7F2
S21403754026FF044608B9002038BD01462846FFF743
S214037550CBFF0028F7D02044C0B2F5E72DE9F0436F
S21403756087B005460C46FDF7F5FF804602F03AF96C
S21403757007462846FFF70BFF064601462846FFF751
S2140375808AFF0022034600922946324602A802F0EA
S21403759022FA9DF8086006F00C030C2B06F003098C
S2140375A00BD0B9F1010F59D0F10657D49DF8093025
S2140375B00DF10A050020637107E0FF230DF10900B2
S2140375C0637102F00FF90DF10B05208198F8013075
S2140375D0DA0704D508F1020002F004F92081B9F1B4
S2140375E0010F5FFA89F83DD0F3063BD4284602F034
S2140375F0F9F86080A81C02F0F5F8053515F8013C8B
S214037600208023712B78B006A37206F0400348BF90
S21403761043F02003390627D543F40073F80448BF24
S21403762043F48063390548BF43F400633206E380BE
S21403763011D56A7812F003020DD06FEA43436FEA5E
S2140376405343A978B8F1020FE3800B4611D1EB78C8
S21403765041EA0321218107B0BDE8F083FF230DF142
S2140376600905A7E7FF23CCE77A0648BF43F48073F0
S214037670D4E7012A04BF0B029BB22381EBE7F7F79B
S2140376805DBA0BB1F7F7C6BA0AB9F7F73FBBFF21E6
S214037690F7F768BA431C08BF0020E4F785BB000071
S2140376A0034B5868C0F30800003818BF0120704722
S2140376B000ED00E0014B1868704700BFFC63002034
S2140376C0084B1B6F03F00703022B04D0032B05D0D4
S2140376D0012B05D0FEE7044B18687047034BFBE706
S2140376E00348704700800050FC63002004640020B9
S2140376F0002D310108B5FFF7E3FF054B1B6FC3F3FE
S21403770001330133B0FBF3F0024B186008BD00BF32
S21403771000800050F86300200048704700B4C4049B
S21403772000487047002D3101014B1868704700BFB1
S21403773004640020174A9368C3F304430C2B0AD847
S214037740DFE803F00B0909090909072119091B1DBD
S2140377501F001148704700207047936803F040737A
S214037760B3F1807F11D0B3F1007F10D0002B0B480C
S21403777018BF002070470A4870470A4870470A48EF
S21403778070470A4870470A4870470A4870470A48CD
S214037790704700BF0040015A405DC60000093D0027
S2140377A0C0EA210180BA8C010048E801005A62024F
S2140377B00024F40080841E0040420F00014B18682A
S2140377C0704700BF0064002007B500F065FC6A46FA
S2140377D000F0C2FC18B14721034801F025FFDDE99C
S2140377E0000103B05DF804FB94A103000229F8B579
S2140377F096BF104B00245C5C012805460E4608D055
S214037800022809D008B944F002040B4B1F6837B9A5
S214037810F8BD44F00804F8E744F02004F5E77B6875
S2140378201A68144203D0314628465B6898473F6877
S214037830EDE700BFDE3B0400643B002038B5104D87
S2140378402B78ABB10F4C23781BB100F031FA002331
S2140378502370002001F0FBFE0B4C50B100F07AFAC7
S2140378600023012120782B70FFF7C0FF012323702C
S21403787038BD0122054B1A702278054B1A70F7E7BC
S2140378801F5A00201D5A0020245A0020205A002088
S214037890215A00200E490B78FF2B01D198B170476F
S2140378A00BB990B97047002814BF0122FF22134476
S2140378B00B7060B1074B1B78012B08D9064B1B785E
S2140378C02BB9FFF7BBBF1A46F1E70122EFE7704774
S2140378D0235A0020245A0020205A002010B501F015
S2140378E0A4FD064B04461B781BB1BDE8104001F00F
S2140378F097BDFFF7A3FF2046F7E700BF1C5A0020FB
S21403790002282DE9F04147D029480378FF2B41D1BF
S214037910002941D11A461344DBB2037000293BD039
S214037920244E3278012A37D9002B3ED001F07DFD54
S214037930214F04463B780BB3204D2B781BB901220D
S2140379402A701F4A1370DFF87C8098F8003023B142
S21403795000F0AEF9002388F80030204601F060FD01
S214037960012001F074FE01F060FD2B7804461BB184
S21403797000F0F0F900232B7000233B70204601F043
S2140379804FFD01243078A04206D02146FFF72EFF94
S214037990347001E013B931B9BDE8F081002914BF92
S2140379A00122FF22B7E70122B5E70224EAE700BF78
S2140379B0235A0020245A00201F5A00201C5A002055
S2140379C0205A00201D5A00202DE9F04385B0EFF31E
S2140379D0108572B6AFF3008001F00EFF002800F0AA
S2140379E09280624E624F337823B10020FFF752FF36
S2140379F000233370387878B903A900F01DFB0446DA
S214037A0050B95C4B039A1B689A4200F284800120AB
S214037A10FFF740FF012333703B78002B40F099803B
S214037A20554B1B78002B00F091804FF00208534C07
S214037A30DFF868912078404507D099F8003013B9ED
S214037A404146FFF7D3FE84F80080B8F1020F0FD14A
S214037A50DFF8248198F8003053B9494B1B7823B9D3
S214037A6000F020F90122474B1A70012388F80030F2
S214037A70207800F0F7F899F8003013B1424B1B78E2
S214037A802370AFF30080284601F0DCFDEFF310858A
S214037A9072B63E4B1A7852B100221A703A4B2078CF
S214037AA01B78984203D101212170FFF79FFE3848C7
S214037AB000F082FA01F0B4FE8046002893D12E4FE0
S214037AC03B789BB189F80000DFF8B89099F800304E
S214037AD01BB100F0EDF889F80080002001F0B7FD37
S214037AE0002839D000F036F900233B70337823B1F1
S214037AF00020FFF7CFFE0023337000212078FFF726
S214037B0075FE00232370AFF30080284605B0BDE85A
S214037B10F04301F097BD1F4BD3F8008000F048F9FF
S214037B20039B80449845BFF472AF00F03BF9820094
S214037B30039942F0020292B2CDE900422346164A66
S214037B40A1EB0801124801F084FD65E700F09CF8FC
S214037B506BE74FF001086AE7012000F083F8284638
S214037B6001F070FDEFF3108572B6B6E71E5A0020DB
S214037B70235A00206C3B00201F5A0020245A002062
S214037B80225A00201D5A0020215A00201A5A00208B
S214037B90703B0020683B0020DD780300205A00205D
S214037BA010B501F042FC0022054B1C781A7001F058
S214037BB037FC00F005FBE4B22043C0B210BD00BFA3
S214037BC01B5A002038B501F030FC094B05461B78DC
S214037BD0012B04D801F024FC0024204638BD054BB5
S214037BE01C6800F0E5F80444284601F019FCF4E7A5
S214037BF0245A0020683B00201549164A0B6F10B51F
S214037C0003F007031360144A144C9269032B02F023
S214037C100200C2F34002227017D0D1F8203103F0DD
S214037C200703022B11D0D1F8803203F001030C4A6C
S214037C30137048B143B9064BD3F8003103F003037E
S214037C40591E4B424B41137010BD0123EFE700BF93
S214037C5000800050CC3B002000C00150295A002071
S214037C602A5A0020012805D00238012808D8002007
S214037C70D1F7C0BF034A136923F00403136130BF6F
S214037C80704700BF00ED00E0044B054AD3F82031EF
S214037C9003F007031360F8F788BA00BF00800050AC
S214037CA0D43B00200122014B1A707047285A00204B
S214037CB0F8B51F4B1B78002B39D01E4C2378B3B96D
S214037CC01D4B9A6DD10302D5DA6D92072FD49B6DA7
S214037CD0DB072CD401F000FD184B194A1860136F0C
S214037CE023F0070343F003031367FFF703FD01F0D5
S214037CF0F3FC124B134D1B68134EC01A2B78134F0D
S214037D0056F8232046F82300111A3A681048521AE8
S214037D100A213A600932B2FBF1F20133DBB20260A8
S214037D20B3FBF1F201FB12332B7000232370F8BD73
S214037D302A5A0020275A002000C00050C43B0020C7
S214037D4000800050265A00209C3B0020983B0020D1
S214037D50943B002008B5F8F729FA0D4A0D49136F2E
S214037D60096823F007030B4313670B49D2F8203146
S214037D70096823F007030B43C2F82031074B1B782F
S214037D8013B10122064B9A62BDE80840FFF7B2BC66
S214037D9000800050CC3B0020D43B00202A5A002011
S214037DA000E00050014B1878704700BF2A5A0020A5
S214037DB0054B187818B1054B186800EBD000044B38
S214037DC01B681844704700BF2A5A0020943B0020C3
S214037DD0C83B002008B50D4B1A7892B100221A70E2
S214037DE00B4A136F23F0070343F001031367D2F81C
S214037DF0203123F0070343F00403C2F82031FFF7D2
S214037E0079FC0122034B5A6708BD00BF285A00209D
S214037E100080005000E000500D490B68A0B100221E
S214037E20A3B1834203D1836822B90B6003E01A46E9
S214037E309B68F5E7936083680BB9002070475A691F
S214037E4041690A445A61F8E72220704702207047C6
S214037E50E03B002010B501F05BFC0A4C0A4B1968A6
S214037E602368C31A09B9206010BD002BFBD04A69EA
S214037E709A423ABF9B1A0022D21A4A6128BF0023AD
S214037E808968EFE7DC3B0020E03B002038B5154D62
S214037E902B682BB35B69B3B1134A022014681C44E6
S214037EA000F088FA204600F047FA00220F492B68B4
S214037EB00A70012A05D823B1D88880070AD501237A
S214037EC00B70002038BD022000F074FA022000F088
S214037ED093FAEAE79B68002BF3D058690244E8E775
S214037EE02220EFE7E03B0020DC3B00202C5A00205A
S214037EF0C38870B504460D463BB9FFF763FE85425B
S214037F00064602D2F9F731FA35460E4A656113681A
S214037F109BB91460A3600FE02D1A98681946656133
S214037F20034618B15869A842F6D941B18C60A360DC
S214037F3013B15A69521B5A6170BD0021F2E71460EF
S214037F40F5E700BFE03B002070B516469DF8142009
S214037F50C0E903360271049ABDF8183002600022A5
S214037F6004460D468260C38006BB01F0D1FB28445D
S214037F70A0613DB9E368656113B12046216898475F
S214037F8096B1354601F051FA0646FFF763FF2946D8
S214037F902046FFF7ADFF074B1B68A34201D1FFF74F
S214037FA075FF304601F03CFA002070BD01F0B0FBCF
S214037FB03044DDE7E03B0020F8B50546D0B101F0DC
S214037FC034FA0646FFF746FF0B4B28461F68FFF7B3
S214037FD023FF044620B1304601F022FA2046F8BDBE
S214037FE0AF42F8D1FFF752FF2228F4D1022000F067
S214037FF0EDF9F0E72224F1E7E03B002038B50C4624
S2140380000546A8B1A1B100230B7001F01BFA0121AC
S214038010084B1B6833B901F010FA002038BD9D42A7
S21403802004D121702278002AF9D0F4E79B68F1E79F
S2140380302220F3E7E03B0020F8B506460F4601F0A2
S21403804001FA00250446124B1B6823B9204601F0AB
S214038050F4F91B2011E05A691544DA88B2420DD1AF
S21403806001F056FB0B4E3368C01AA8420AD300230E
S21403807020463B6001F0E1F90020F8BDFF2EEFD06B
S2140380809B68E2E701F044FB33682B441B1AEFE7D7
S214038090E03B0020DC3B002070B501F0D3F9064638
S2140380A001F036FB084B044601201D6801F020FB57
S2140380B018B101F02DFB04460135304601F0BDF939
S2140380C02046294670BD00BFE83B0020014B1868D8
S2140380D0704700BFE43B0020F8B50C4B05461B6811
S2140380E00E4683420FD3002440F2E7302146084B66
S2140380F04FF47A721F680023E5FB0701E2F732F8B4
S21403810030602046F8BD2120FCE700BFD83B0020A6
S214038110E43B00200F4B10B51A689AB14FF47A71FE
S214038120531E1342A0FB01010ED1B2FA82F2C2F132
S2140381301F04531CD243E04001FA03F3184321FA09
S21403814002F20243104610BD0023E2F70BF8024684
S214038150F8E700BFE43B002038B5164B14468342CD
S214038160154B8B4123D3154B1A6802B34FF47A751C
S214038170A0FB050305FB0131531E134211D1B2FACE
S21403818082F3C3F11F055A1CDB4301FA02F2E840EF
S21403819021FA03F310431843E940C4E90001002021
S2140381A038BD0023E1F7DEFFC4E90001F7E721202D
S2140381B0F6E700BFEFA7C64B37894100E43B002034
S2140381C010B501F03FF9034B1C7801F036F9E4B221
S2140381D0204610BD2B5A002008B5084B1B7803F029
S2140381E0FF004BB101F078FA054B1B689B69C01A78
S2140381F002288CBF0020012008BD00BF2C5A002097
S214038200E03B0020C2072DE9F843044607D5474A5A
S214038210136801331360FFF71DFEFFF737FEA3074E
S21403822040F1818001F00EF94FF0000805464646FE
S214038230FFF710FE3E4F3C680CB16369A3B1002202
S2140382403C4B012E1A7003D118F0020F18BF1E7094
S214038250FFF71CFE222802D1022000F0B7F82846BA
S214038260BDE8F84301F0E9B823465A693AB91A79E2
S2140382702179914288BF1C469B68002BF5D128467E
S21403828001F0DBF8D4F81080B8F1000F3FD001F00E
S2140382903FFAA269851AEB17454573F1000337DBEE
S2140382A023691344A36101232269CAB1C3B9A38B0B
S2140382B0B8EB050833B1E28B13449BB2B3F57A7F70
S2140382C01CD2E38301F0BEF8054641462046FFF77D
S2140382D00FFEA369226928461344A36101F0ADF893
S2140382E0E36813B1204621689847B4F8068001F086
S2140382F0A9F801360546FFF7ADFD9CE7A3F57A73AB
S214038300E383A36918F1FF38013BA361DAE7454627
S21403831001F098F881462046FFF77EFD484601F0B7
S2140383208CF80023C0E7BDE8F88300BFE83B0020D5
S214038330E03B00202B5A002010B5044601F075F8E8
S2140383404FF0B042936A1907FCD4136A116C526952
S214038350120704D4CA1A032A01D899420ED1E21A84
S214038360022A98BFDC1CB4F1FF3F38BF013C4FF034
S214038370B04308221C6403F580539A6101F050F859
S214038380054A13783BB14FF0B041CB6B43F0020381
S214038390CB630023137010BD5B69002007B5044B45
S2140383A001A9187901F0E7F8019803B05DF804FB1A
S2140383B0203A040000F001038207034A48BF43F053
S2140383C008039361704700BF00100058820700F04F
S2140383D001030AD50121064A43F0080311704FF042
S2140383E0B041CA6B22F00302CA63024A9361704724
S2140383F05B69002000200058830742BF0822014B18
S2140384005A6170470010005873B502AB164603E96D
S2140384100600044600F052FF0546204600F05EFFC5
S2140384209DF800208DB1202C33780ED8012B2ED842
S2140384304FF6FF752D4803EB4313234430F8131010
S214038440A94202D0013120F81310294B294E33F8E4
S214038450141036F81400814232D34FF6FF75A94242
S2140384604FF0010502D0013123F8141004F0FD018A
S214038470092927D1998AB68A0A44B242B4BF9A8296
S2140384809E8233F81430834227D202B070BD022B8B
S214038490DBD14FF6FF704FF6FF75144B33F814100D
S2140384A0814218BF013104F1210018BF23F81410CC
S2140384B033F81010A9421CBF013123F81010C4E78B
S2140384C00025D0E71D2CDCD1598F8E18864203DA9F
S2140384D001390A445A87D4E75887002DD5D1204658
S2140384E002B0BDE8704001F02EB900BF345600203C
S2140384F00C570020B856002038B50D46044600F049
S214038500A1FF064A13889BB22DB123431380BDE80F
S214038510384000F092BF23EA0403F7E7125900201D
S2140385200022034B01214FF480701A70FFF7E4BF5B
S2140385303D60002008B5054B1868FCF72EFE00F0DA
S2140385400300C31E5842584108BD00BF38530020DD
S21403855038B5044601F095F90C4B05461978187999
S21403856081420FD0631E082B0CD8DFE803F0050DFD
S2140385700B0D0B0D0D0D0D0000220146044B186864
S214038580FCF709FE284638BD0022F7E78969002074
S2140385903853002038B54FF0FF300C46FFF77AF813
S2140385A00A4B05461868FFF775F8641B241A20B2B1
S2140385B010F1630F06DB10F1240F05DA6430800038
S2140385C0C0B238BD0020FCE7FF20FAE7385300208E
S2140385D008B5134B1B78062B04D040F6210111482F
S2140385E001F022F8104B1B881B0704D440F6220127
S2140385F00C4801F019F80D4B2A201978FFF7A8FF4D
S21403860000210820FFF778FF0222094B1A70094B56
S2140386101868E8F7BFFDBDE8084001F081B800BF61
S2140386203D600020B7360400125900203A6000204F
S214038630B86900203853002010B50E4C236823B9C0
S21403864040F6A3410C4800F0EFFF2068013001F02C
S214038650C9F800F0070003280AD12468092201217B
S214038660204600F0E3FB205C031F5842584110BD30
S2140386700020FCE728530020B736040038B50C4624
S21403868040B100210420FFF737FF01F049F8012C21
S2140386901DD038BD244B1B889B07F6D50129234ADA
S2140386A02FD1117869B30139C9B2117011B92020DD
S2140386B0FFF722FF00210220FFF71EFF04221C4BB8
S2140386C000211C481A7000F05DFD01F029F81A4CD1
S2140386D02068013001F086F800F44060B0F5006FC2
S2140386E01FD1246801210422204600F09FFB20446A
S2140386F001F078F80146BDE838400022202001F05A
S2140387003AB800210D4D02201170FFF7F5FE2B78C5
S214038710FF2B04D040F29961094800F085FF2C70C6
S214038720B3E74FF6FF71E6E7125900203C600020DE
S2140387303D6000200C67002028530020B969002004
S214038740B736040038B5134C05462388580709D5B1
S214038750FFF7F0FE01460720FFF7FAFEFF21012090
S214038760FFF78CFF238899070BD50B4B2846197800
S2140387708A1F51425141FFF7EBFE01210020FFF70C
S2140387807DFF23881B0703D5BDE83840FFF720BFCE
S21403879038BD00BF125900203D600020F7B5124CCB
S2140387A0D4E9006586EA020C85EA03070CEA000CA6
S2140387B00F405CEA070E15D086EA0C067D40C4E936
S2140387C00065CDE900230B46084902460868FCF716
S2140387D0A6F838B14FF4FD71054803B0BDE8F04084
S2140387E000F022BF03B0F0BDA815002038530020C8
S2140387F0B736040008B50A4B1B88DB0604D440F6DC
S2140388004701084800F010FF00211020FFF774FE10
S214038810002000F06BFBBDE8084000F081BF00BFFE
S21403882012590020B73604002DE9F04F570680464C
S21403883014461D4691B005D5FFF77CFE0146012080
S214038840FFF786FEEE0403D500212D20FFF780FEFA
S214038850A00224D54046FCF74CFD0146F8B940205B
S214038860FFF74AFE40460AA9FCF720F9B8B99DF877
S2140388703030022B40F0D980BDF8280001F0A0F874
S214038880FF2808D14046FCF70FF940B901214020E4
S214038890FFF732FE03E001F097F80028F2D1A103B8
S2140388A005D5FFF747FE01460320FFF751FEE20119
S2140388B004F0807640F1C080854B1B889B072DD53E
S2140388C0844E3068FCF787F840BB834B834F1870A1
S2140388D03B78FF2B04D040F25761814800F0A4FE9A
S2140388E04FF0000900210220FFF706FE87F80090EC
S2140388F07C4F3B78062B07D101210820FFF7FCFDB0
S21403890049462820FFF724FE3B78052B06D1002195
S2140389102B20FFF71DFE3068E8F73CFC00F000FF55
S214038920220717D56B4F0321386805AAFCF76DF8A5
S214038930064620B940F2C961694800F075FE9DF805
S2140389401430072B00F0D080FFF7F4FD0146042017
S214038950FFF7FEFDE10505D5FFF7ECFD0146042014
S214038960FFF7F6FD14F4863F05D0FFF7E3FD014657
S2140389700220FFF7EDFDA20113D5FFF7DBFD01464D
S2140389800820FFF7E5FD00210420FFF7B5FD554B52
S2140389901B78012B03D14F4B1868E8F7FBFB00F05D
S2140389A0BFFE14F0084F09D0FFF7C4FD01460720A9
S2140389B0FFF7CEFDFF210120FFF760FEA30009D5D8
S2140389C0FFF7B8FD01460620FFF7C2FDFF21012091
S2140389D0FFF754FEA70705D53D4B1B881E0701D599
S2140389E0FFF7F6FD6C0603D500210A20FFF7B0FD5E
S2140389F0280602D50120FCF78DFCE90540F18581A8
S214038A0040460AAA05A9FCF7C4FB9DF81430222B9E
S214038A1000F06D8100F28281152B40F26A8140F6E8
S214038A200A112F4800F000FE6FE1032B7FF437AFE7
S214038A300AA800F0C1FF30E705F0020756EA07036D
S214038A400DD0284B26201978A1F1060EDEF1000181
S214038A5041EB0E01FFF77CFD0121304611E004F0E7
S214038A60805656EA07030FD01E4B26201978A1F12D
S214038A70060CDCF1000141EB0C01FFF769FD022156
S214038A803846FFF7FBFD4BE704F0884151EA06033F
S214038A9009D0144B272019788F1F79427941FFF7A5
S214038AA057FD0221D9E705F008030B4302D0232024
S214038AB0FFF74EFD680703D500212420FFF748FD86
S214038AC0E9077FF52DAF00212520FFF741FD27E7B6
S214038AD012590020385300203C600020B96900205A
S214038AE0B73604003D600020314638680AAAFBF713
S214038AF092FF20B14FF4DA619E4800F095FDBDF871
S214038B001630386802330AA9ADF82C30FBF785FF18
S214038B1020B140F2DF61974800F086FD0023009302
S214038B2031460423386804AAFBF779FF042804D0E7
S214038B3040F2E4618F4800F077FDDFF8589299F829
S214038B400030C3BB0DF1110000F04CFE00F007002F
S214038B50022830D1FFF7EEFC01460920FFF7F8FCA8
S214038B60854B1B78062B23D1844B9DF813201B784B
S214038B709A421DD19DF8353023B940F2FA617D48FB
S214038B8000F052FD0DF1110000F02CFEC0F30016AC
S214038B9031462920FFF7DCFC00210820FFF7ACFC58
S214038BA0774B1E70FFF748FD10B93868E8F7F2FAFE
S214038BB000F0B6FDCEE6BDF816000121083080B2FF
S214038BC000F068FA039030B9FFF7B4FC01460420BE
S214038BD0FFF7BEFCECE700F0E9F905AA01460646F6
S214038BE03868FBF724FF99F800A0BAF1000F22D1EA
S214038BF006F1010B584600F0F5FD83065AD5386892
S214038C00FCF777FB0746FFF795FC05370146F8B2F6
S214038C10FFF79EFC584600F0E5FD00F0070003282A
S214038C20584F2DD001210420FFF766FC4FF0FF308C
S214038C30FBF71CFF386000225349BDF8163009784D
S214038C40F718F1549DF83630BB709DF83730FB703B
S214038C500A9B190E3971190C7971FB71190A99F867
S214038C600030B97123B9737892B343F0200373705D
S214038C70002000F069F97870039800F071FA97E71E
S214038C8001210922304600F0D1F8305C0121042886
S214038C90C9D1FFF731FC4FF0FF30FBF7E7FE3B4B44
S214038CA038601B885806C6D551464020FFF724FC7B
S214038CB00122C1E7FFF73EFC01460920FFF748FC07
S214038CC02D4B1B78012BB6D13868E8F763FAB2E769
S214038CD023F02003CBE701227E33DBB202FA03F351
S214038CE013F00A1F31D113F0011F3FF498AE27206B
S214038CF02CE0012202FA03F3254A1A402ABB13F09A
S214038D00041FF4D1DA077FF58AAEAB052FD5012110
S214038D10802011B0BDE8F04FFFF7EEBB652B1AD8E5
S214038D20622B12D8452B0CD8422B0ED8352B06D8DF
S214038D30322B0AD8252B08D9322BD8D06FE6422BF4
S214038D40FBE7552B05D8522BF7D92620FFF7FAFC5D
S214038D50DBE7622BF1E7952B3FF661AE812BBAD8A2
S214038D60722BC4D0733B022B3FF659AEEDE711B01E
S214038D70BDE8F08FB73604003D6000203960002060
S214038D80B869002024530020BA6900201259002035
S214038D903A00380040600020024B1878B0FA80F0A2
S214038DA0400970473D60002008B5064B4FF0FF3181
S214038DB01868FCF714FA0028B8BF033040F387009E
S214038DC008BD00BF3853002008B5074B1868FBF7EB
S214038DD03BFD30B1054BB3FBF0F083B20BB1184645
S214038DE008BD0120FCE700BF3853002040420F00B7
S214038DF038B510200C460121FFF77EFB064B1D6895
S214038E00FFF7E2FF012200FB04F1044B2846FCF7C0
S214038E10CBF9002038BD00BF38530020F587030088
S214038E20014800F001BC00BFD1360400032A70B528
S214038E30144602D82C4B985C70BD81F0010519B915
S214038E400D2A07D1FF20F7E70D2A03D1007805384E
S214038E50C0B2F1E7084400F0C5FCC5F1040110F404
S214038E6040660246C9B209D1042C0846E4D0052C54
S214038E7016D112F0400F18BF0846DDE7C5F106030A
S214038E80042CD8B2D8D0B6F5006F03D1C5F10805C7
S214038E90E8B2ECE7B6F5406FE9D1C5F10E05F7E7A2
S214038EA012F4404107D1062CC6D0072CC4D0082C98
S214038EB013D10130CCE755065CBF831CD8B2062C11
S214038EC0BAD0B1F5004F02D1831CD8B2EDE7B1F5A5
S214038ED0404FEAD100F10803F7E7130744BF053014
S214038EE0C0B20C2CA8D9ADE780820400AC2370B5C1
S214038EF0094C054603FB00435E6D26B940F2FD317F
S214038F00064800F091FBAC2303FB0544002363658E
S214038F103346BDE8704018473C5300200E37040024
S214038F2010B40C461146AC22064B02FB0033586DB8
S214038F3020B95C655DF8044BFFF75ABF02205DF865
S214038F40044B70473C530020AC22034B02FB003318
S214038F5093F8A800704700BF3C53002028B1034B8A
S214038F601B68C01A4010013080B27047FC530020C3
S214038F7030B1044B00F100401B68013803EB40009E
S214038F80704700BFFC530020064B1B68834206D87D
S214038F90054B1B68834294BF0020012070470020C6
S214038FA0704700BFFC530020F853002010B504465A
S214038FB008B9002010BD00F072FC20B940F2CD4184
S214038FC0074800F031FB2046FFF7D2FF0028F0D019
S214038FD00388DB0B14BFD0F80A000830EAE700BFAB
S214038FE0E536040010B508B9002010BDFFF7C0FF32
S214038FF0044600F04BFC20B94FF49D61064800F090
S21403900013FB002CF0D02388DB0B0ABF6088208973
S214039010C0F30C00E9E700BFE536040038B5FFF7F8
S214039020A7FF0D46044650B100F030FC20B940F2CD
S2140390304151034800F0F8FA023534F8150038BDFC
S214039040E536040070B5FFF793FF0C461646054653
S214039050B0B100F01BFC20B940F24D510C4800F0B3
S214039060E3FA3046FFF784FF00F010FC20B940F225
S2140390704E51074800F0D8FA023425F8146070BD44
S21403908040F25251BDE87040014800F0CDBA00BF2F
S214039090E53604002DE9F8430746884600F066FBEC
S2140390A020B940F28E512A4800F0BEFAFC1CA408F0
S2140390B0284B64000434B7F5005F1E68A4B204D3DB
S2140390C040F29551224800F0AFFA00F0BBF922496E
S2140390D081460B687BB9214B1D68761BC6F34F068A
S2140390E0B44227D90025484600F0A7F92846BDE82C
S2140390F0F843FFF733BFB8F1000F11D0174A1568CE
S2140391005A1BC2F34F029442ECD81448620005EB94
S21403911044040460B8F1000F0FD113440B600CE055
S214039120F61AC6F34F0676B940F2A651084800F081
S2140391307BFAD7E705EB44041C6000236F80AB8003
S214039140EB802B80CFE7B442CCD8044A1568DCE723
S214039150E536040000540020E8530020F8530020AE
S21403916038B5054600F06EF9044629460448002241
S21403917000F0A2FB2046BDE8384000F05EB900BF11
S2140391801859002082684B4B2DE9F0419A42044659
S2140391900E46056815D121B140F21311464800F07A
S2140391A043FA00F04FF923691BB92B682BB92461E6
S2140391B02C60BDE8F04100F040B91A6922611C61D9
S2140391C0F6E700F02AFA8046FEF76AFA20B14FF473
S2140391D09571394800F028FA6FF000439E422169E2
S2140391E04BD22B7B08EB0602002B4DD0AB68934289
S2140391F04AD1531C002949D06169994242D01EB90D
S214039200521AB2F1004F3DD9636123696E689C42DE
S21403921003D19D21284800F007FA2F460023B442C5
S2140392200BD0002B41D172696169891AB1F1004FE5
S21403923032D83269374694422CD12269BD420CBFDC
S2140392406A603A617BB92669B44203D1B8211A48E9
S21403925000F0EAF93B46012E05D062697169521A9D
S214039260B2F1004F23D99D420BBF6B681A69236185
S21403927022610CBF6C601C6104E0434431B1626937
S2140392809342C1D1BDE8F0811346B3E76A68226111
S2140392906C60B9E71646C6E7A8EB0202B2F1004FC8
S2140392A0C7D93B4637463669B9E71F46F9E733461B
S2140392B03669D0E76D2C0200F93604000823064A07
S2140392C012F8011B814205D0013B13F0FF03F7D1CF
S2140392D01846704701207047318304000823064A66
S2140392E012F8011B814205D0013B13F0FF03F7D1AF
S2140392F018467047012070472983040010B50822DA
S21403930007490446E1F7E6FDB0FA80F04FF6FF732F
S2140393102289400940009A4208BF40F0010010BD70
S2140393204283040030B504460D4685B002B9084AA8
S2140393301068516801AB03C301AB03CB2060204622
S214039340ADF80C501B886160238105B030BD00BFAB
S214039350B9BF0300002270B50A4B1C780A4BD5B27E
S214039360AC4202D800200C7008E01E880132864208
S21403937005D30D701B881B1A5842584170BD123313
S214039380EDE700BFBA5F0020B858002010B5164BB3
S214039390187860B1154C2368CBB14FF47072002077
S2140393A01349FFF7BDFD2368013B236010BDFFF79C
S2140393B0FBFC1049104A91F90040136884420B4C99
S2140393C003F1010313602368B8BF087053B90B4851
S2140393D000F09AFA0028E9D1BDE810400146074894
S2140393E0FFF7D0BE0822DAE78D6000207454002011
S2140393F08D930300886000206C540020D8680020FA
S214039400054B1B682BB9054B1868003818BF01209D
S21403941070470120704700BF64540020605400204A
S21403942010B962B6BFF36F8F7047EFF3108072B652
S2140394307047302383F31188704780F31188BFF396
S2140394406F8F7047EFF31180302383F311887047D3
S214039450002070474FF4004070474FF47A7070470F
S2140394600122417803788A4030214B4341F21001B0
S21403947003F1A04303F570335A507047B0F5802FBD
S21403948024D010D8B0F5003F22D006D828B3B0F5C4
S214039490803F14BF012048207047B0F5403F14BFFB
S2140394A001202C207047B0F5302F13D008D8B0F524
S2140394B0E02F11D0B0F5202F14BF012010207047E5
S2140394C0B0F57F0F14BF0120062070474B2070476E
S2140394D02A207047112070472120704708B570B1C5
S2140394E000F022F84FF098435A6CD202FCD5586D20
S2140394F010F4702004D0BDE80840FFF7BFBF21205A
S21403950008BD08B528B128220021E1F797F9002005
S21403951008BD2120FCE7036A042B9FBF00EB8302F0
S2140395200133D16003627047036A052B14D84FF0EA
S2140395309842116CC902FCD504339B00136501687D
S214039540103B11604168116050F8081F11604FF01E
S21403955098420344984200D1704750F8041F1160A4
S214039560F8E7836813B9816070475B685A68012A15
S214039570FBD15960704709B100F005B82220704747
S214039580012100F043B870B506460D46FFF75AFFB3
S21403959004461D2E37D8DFE806F00F18361C1E20AB
S2140395A03622243636362628362A2C2E30363636BB
S2140395B03634363636363632FEF782F800262860DC
S2140395C02046FFF73AFF304670BD0120D0F7ACF8CF
S2140395D0F4E70320FAE70420F8E70C20F6E7022076
S2140395E0F4E70620F2E70720F0E70820EEE7052079
S2140395F0ECE70920EAE70A20E8E70D20E6E7102073
S214039600E4E70B20E2E700202126D8E70020704796
S21403961008B5FEF7D9F880B208BD08B5FEF7D4F84A
S21403962008BD704742DE704738B504460D4600F065
S21403963008F8FFF7FEFE29462046BDE83840FFF748
S214039640F1BF704710B962B6BFF36F8F7047012042
S21403965070472DE9FF410D4616461F460446A8B13E
S2140396604FF00008C0F81C80FEF7A6FCBDF82C30AF
S214039670424602939DF828302946CDE900732046DA
S2140396803346FEF761FC04B0BDE8F0812220FAE71A
S214039690F0B51F46002387B00D46164604468DF8E0
S2140396A01730A8B1C3610DF11701FEF7A7FC9DF8AB
S2140396B017207AB9BDF83430294602939DF8303026
S2140396C02046CDE900733346FEF73EFC07B0F0BDF7
S2140396D02220FBE70320F9E738B5FFF7B3FE05467C
S2140396E000F016F804462846FFF7A7FE204638BDC6
S2140396F04FF0B04301285B6904D0022805D1C3F3B9
S214039700C000704703F001007047002070477047A1
S2140397104FF0B0439A6A1207FCD4186A7047704732
S21403972008B5FFF7FCFF00F01DF808BD10B5FFF7FE
S2140397307CFE012104460846FEF7E2F82046BDE813
S2140397401040FFF76DBE10B5044600F012F8204631
S214039750FAF7FAFF2046F8F72DF9BDE81040F9F7B7
S214039760F2BC704708B5FFF7FCFF08BD0120704741
S21403977070470020704730B589B00446ADF8061030
S2140397808DF81020FFF79AFD05462046FFF7A6FD45
S21403979003469DB1BDF80600ABB900F0BAF8FF2842
S2140397A008BF00200DF10F038DF80F001A46204660
S2140397B004990593FEF728FE09B030BD0028F5D0BE
S2140397C00DF10603F2E700F0A4F8FF2808BF002017
S2140397D0BDF806308DF80F00ADF81A308DF8180076
S2140397E006ABE3E7008870470170090A41707047CB
S2140397F0012070470120704738B5DFF75FFF044646
S214039800D4F794FF051E18BF2546D5F761F8041E46
S21403981018BF2C46FFF7ECFF002818BF204638BDBC
S21403982038B5FEF7BDF90446F7F7C3FA04281ED089
S21403983002284FF0000508BF0124F8F763F904284F
S21403984017D0022808BF0124F7F7F2FE042812D027
S214039850022808BF0124FFF7CDFF04280DD00228F5
S21403986008BF0124002D18BF0024204638BD01255B
S214039870E3E70125E8E70125EDE70024F5E7FF2008
S214039880704708B5FFF7FBFF002008BD08B520B1F9
S214039890FFF77AFB00F0010008BD0120FAE708B5E0
S2140398A0FFF766FBBDE80840FFF7F0BF008810B17E
S2140398B0C9B2FFF7B3BB70472DE9F041B0F800809B
S2140398C006460C46D5B2B8F1000F11D029464046DD
S2140398D0FFF7A4FB2246074629464046FFF7B2FB9E
S2140398E03A4629462046FFF7ADFB3480BDE8F081B3
S2140398F00F46F5E703461B8808468B4202D0002135
S214039900FFF78CBB002070470069003818BF0120A2
S214039910704700207047F8B506460D46FFF7EEFC85
S2140399200328044621D02846FFF7E8FC0328074609
S2140399301BD010F0020318D1A0070DD5F90716D4D3
S21403994001233C43E20704D431892A89914218BF94
S214039950002303F00100F8BD082229463046E1F74C
S214039960B9FAB0FA80F35B09EBE70020F3E7184691
S214039970F1E770B50D4600210646FFF797FF04464C
S21403998030B1FFF713FB01462846FFF7C4FF08B1C3
S214039990204670BD21463046FFF7ACFFEFE707B51C
S2140399A00DF10701FFF7D6FC20B19DF8070003B0C1
S2140399B05DF804FBFF20FAE700207047FF2070479E
S2140399C0FF207047FF2070470020704700200021CB
S2140399D07047002070472DE9F843074608461546AA
S2140399E088461C469DF82090FFF7E0FA4619A4B176
S2140399F09EB14046FFF7F6FA254485420FDC224621
S214039A00B9F1000F06D131463846E0F769FF00206A
S214039A10BDE8F88339463046F7E72120F8E71D20EE
S214039A20F6E7000000000000000000000000000051
S214039A30000000000000000000000000000000001E
S214039A40F8B500BFF8BC08BC9E467047F8B500BF23
S214039A50F8BC08BC9E4670475FF800F05D620020C5
S214039A605FF800F0C1610020446576696365207481
S214039A70797065206368616E6765206465746563E5
S214039A807465643A202564202D3E2025640D0A0063
S214039A90427574746F6E2076616C756520636861B9
S214039AA06E67656420746F2025640D0A0050726526
S214039AB073732064657465637465640D0A004D757D
S214039AC06C7469207072657373206465746563745F
S214039AD065643A2025640D0A0052656C65617365FA
S214039AE02064657465637465640D0A004C6F6E6765
S214039AF02070726573732064657465637465640DA2
S214039B000A0072656C61795F73746172745F6C616D
S214039B10746368696E675F70756C73653A20616E0F
S214039B206F746865722070756C7365206973206145
S214039B3063746976650D0A0072656C61795F6F6E92
S214039B400D0A0072656C61795F6F66660D0A0072B6
S214039B50656C61795F746F67676C650D0A00577291
S214039B606974696E6720636F6E66696720746F2019
S214039B706E763A2025730D0A0053697A653A2025D6
S214039B80640D0A004661696C656420746F20777201
S214039B90697465204445564943455F434F4E4649DD
S214039BA0475F4441544120746F204E562C207374F3
S214039BB0617475733A2025642E2028627974657360
S214039BC03A202564290D0A00737563636573732150
S214039BD00D0A004661696C656420746F20726561C6
S214039BE064204E565F4954454D5F444556494345A8
S214039BF05F434F4E4649472C207573696E67206452
S214039C00656661756C7420636F6E66696720696E3E
S214039C1073746561642C207374617475733A2025BC
S214039C20642E202862797465733A202564290D0A08
S214039C30005573696E6720636F6E6669673A202501
S214039C40642063686172732066726F6D0D0A2573F4
S214039C500D0A00696C61757A796A6D3B545330302E
S214039C6031312D5A533B534230753B5244314134C4
S214039C703B4941363B4D3B004E6574776F726B2014
S214039C80737461747573206368616E6765642074AA
S214039C906F2025640D0A004D616E756661637475E9
S214039CA072657220746F6F206269670D0A004D6FCC
S214039CB064656C20746F6F206269670D0A00496ED5
S214039CC0697469616C697A696E67205A6967626547
S214039CD065207769746820256420737769746368E0
S214039CE065732C2025642072656C6179732C20259E
S214039CF06420636F7665722073776974636865732F
S214039D002C20256420636F766572730D0A00436FFB
S214039D106E6669672070617273656420737563632A
S214039D2065737366756C6C790D0A007265616420E1
S214039D3076657273696F6E20666F726D206E6577D7
S214039D40206C6F636174696F6E0D0A004661696CFF
S214039D50656420746F207772697465206C61737410
S214039D605365656E56657273696F6E20746F204E09
S214039D70562C2073743A2025640D0A004F6C642019
S214039D8076657273696F6E3A2025640D0A00437513
S214039D907272656E742076657273696F6E3A2025EB
S214039DA0640D0A00524553455420414C4C210D0A7C
S214039DB00068616C5F6770696F5F63616C6C62619A
S214039DC0636B3A2065787469206C696E6520256C30
S214039DD0642073746174757320256C750D0A0068AE
S214039DE0616C5F6770696F5F63616C6C6261636B04
S214039DF03A206E6F20667265652045585449206C7C
S214039E00696E65730D0A002F686F6D652F72756E28
S214039E106E65722F776F726B2F747579612D7A6901
S214039E20676265652D7377697463682F74757961E6
S214039E302D7A69676265652D7377697463682F7316
S214039E40696C6162735F746F6F6C732F73696D7087
S214039E506C69636974795F73646B2F2E2E2F2E2EB5
S214039E602F7372632F73696C6162732F68616C2F33
S214039E707A69676265652E630044726F7070696EF7
S214039E8067206F6C64204F544120696D6167652CB1
S214039E902063757272656E74206F66667365743AB6
S214039EA020256C750A00556E6B6E6F776E20636F98
S214039EB076657220636F6D6D616E643A2025640D5E
S214039EC00A00556E6B6E6F776E20636D6420256493
S214039ED00D0A00427574746F6E207072657373207A
S214039EE064657465637465642C20627574206E6F94
S214039EF020627574746F6E20697320707265737355
S214039F0065640D0A00427574746F6E206C6F6E671D
S214039F102070726573732064657465637465642C5E
S214039F2020627574206E6F20627574746F6E20697C
S214039F3073206C6F6E6720707265737365640D0AA9
S214039F40004E6F20636F766572207377697463685B
S214039F5020636F6E66696720696E204E562C2075E7
S214039F6073696E672064656661756C74730D0A00A9
S214039F70417474726962757465206368616E67659F
S214039F80642C2065703A2025642C20636C757374EA
S214039F9065723A2025642C20617474723A20256415
S214039FA00D0A00556E6B6E6F776E204C6576656C8A
S214039FB04374726C20636F6D6D616E643A20256422
S214039FC00D0A00556E6B6E6F776E204F6E4F66668A
S214039FD020636F6D6D616E643A2025640D0A004937
S214039FE06E64657820617420777269746520617485
S214039FF074723A2025640D0A004E6F2073776974D5
S21403A000636820636F6E66696720696E204E562C00
S21403A010207573696E672064656661756C74730D6D
S21403A0200A00496E76616C69642072656C61795FBB
S21403A030696E64657820256420696E204E562C2050
S21403A040726573657474696E6720746F20646566E1
S21403A05061756C740D0A003E2000556E6B6E6F774B
S21403A0606E206572726F7200496E70757420627529
S21403A070666665722069732046554C4C004D6178C0
S21403A080696D756D206E756D626572206F662061F1
S21403A0907267756D656E7473206578636565646550
S21403A0A0640054686520617267756D656E74206917
S21403A0B073206E6F7420666F726D617474656420AE
S21403A0C0636F72726563746C7900496E636F727244
S21403A0D065637420617267756D656E74207479703C
S21403A0E06500496E636F7272656374206E756D6288
S21403A0F06572206F6620617267756D656E74730096
S21403A1004E6F20636F6D6D616E6420666F756E644F
S21403A1100075696E7438006164646974696F6E6192
S21403A1206C002A00756E6B6E6F776E0077696C64D1
S21403A13063617264006865786F7074007374726923
S21403A1406E676F70740075696E7433326F70740067
S21403A15075696E7431366F70740075696E74386F16
S21403A16070740068657800737472696E6700756949
S21403A1706E7431360075696E743332002E2E2E20BF
S21403A1800068656C70000A25730A2573257300251D
S21403A190732008002F686F6D652F72756E6E65727B
S21403A1A02F776F726B2F747579612D7A6967626585
S21403A1B0652D7377697463682F747579612D7A6971
S21403A1C0676265652D7377697463682F73696C615D
S21403A1D062735F746F6F6C732F73696D706C6963F2
S21403A1E06974795F73646B2F706C6174666F726DDC
S21403A1F02F736572766963652F6C65676163795F34
S21403A20068616C2F7372632F626173652D7265705C
S21403A2106C6163656D656E742E63002F686F6D6584
S21403A2202F72756E6E65722F776F726B2F747579DA
S21403A230612D7A69676265652D7377697463682F24
S21403A240747579612D7A69676265652D73776974AC
S21403A25063682F73696C6162735F746F6F6C732FBF
S21403A26073696D706C69636974795F73646B2F705F
S21403A2706C6174666F726D2F736572766963652F92
S21403A280746F6B656E5F6D616E616765722F6C656B
S21403A290676163792F7372632F736C5F746F6B657B
S21403A2A06E5F6D616E616765722E63002F686F6DFA
S21403A2B0652F72756E6E65722F776F726B2F74755E
S21403A2C079612D7A69676265652D7377697463684A
S21403A2D02F747579612D7A69676265652D73776961
S21403A2E07463682F73696C6162735F746F6F6C73EA
S21403A2F02F73696D706C69636974795F73646B2F10
S21403A300706C6174666F726D2F73657276696365C0
S21403A3102F746F6B656E5F6D616E616765722F6C10
S21403A32065676163792F7372632F736C5F746F6BEA
S21403A330656E5F6D616E75666163747572696E676F
S21403A3402E630043757272656E7420436F6E666982
S21403A350673A202530780053657420434341206DC7
S21403A3606F646520746F2025643A20253078006575
S21403A3706E61626C65640064697361626C65640037
S21403A3806F757428636C69656E742900696E20287E
S21403A39073657276657229004D4647205374726959
S21403A3A06E673A202573004170704275696C646568
S21403A3B072204D464720436F64653A203078253037
S21403A3C03458006E6F6465205B0041646469746989
S21403A3D06F6E616C20696E74657266616365730087
S21403A3E0202025643A200070616765205B25645D44
S21403A3F0206368616E205B25645D20707772205B46
S21403A40025645D006E6F742061637469766500650C
S21403A41072726F72203078253038580070616E493A
S21403A42044205B3078253034585D206E6F64654970
S21403A43044205B3078253034585D20007870616E98
S21403A440205B307800706172656E744944205B301F
S21403A45078253034585D20706172656E745273735C
S21403A46069205B25645D006E6F64655479706520B2
S21403A4705B005365637572697479206C6576656CE9
S21403A480205B253032585D006E6574776F726B20E3
S21403A4907374617465205B253032585D2000427505
S21403A4A0666665722062797465733A202564202F88
S21403A4B020256400457020636E743A202564006589
S21403A4C070202564205B656E64706F696E7420254A
S21403A4D0732C206465766963652025735D20006EA2
S21403A4E0776B205B25645D2070726F66696C6520F0
S21403A4F05B3078253034585D206465764964205B8C
S21403A5003078253034585D20766572205B307825A8
S21403A5103032585D0020202020257320636C75732D
S21403A5207465723A2030782530345820004E776BA5
S21403A53020636E743A202564006E776B20256420B2
S21403A5405B25735D005072696D61727920287072A5
S21403A5506F290020206E6F646554797065205B3028
S21403A56078253032585D00202073656375726974F0
S21403A5707950726F66696C65205B30782530325887
S21403A5805D0045502025643A2025732000457272ED
S21403A5906F723A2020556E6B6E6F776E20656E6411
S21403A5A0706F696E742E00456E61626C6520657609
S21403A5B0656E7420646562756720696E666F2069D0
S21403A5C06E20436F726520434C4920636F6D706F36
S21403A5D06E656E74006F6E6C7920636F6F7264695C
S21403A5E06E61746F72732063616E20666F726D0A9C
S21403A5F0006A6F696E203078253038580A006C651B
S21403A600617665002573203078253032580A00724B
S21403A610656A6F696E0072656A6F696E446966661D
S21403A62044657669636554797065006578742E2091
S21403A63050414E2049443A20004E574B206F7065D8
S21403A6406E3A20257520736563004E574B20636C66
S21403A6506F7365640066696E64206A6F696E616213
S21403A6606C653A203078253032580066696E64206F
S21403A670756E757365643A2030782530325800431A
S21403A68068616E67696E6720746F206368616E6EBB
S21403A690656C2025643A2030782530325800696E80
S21403A6A076616C6964206E6574776F726B20696E71
S21403A6B06465780053686F72742049443A20307892
S21403A6C0253034582C2045554936343A20002C2062
S21403A6D050616E2049443A20307825303458005370
S21403A6E0746172746564206D756C74692D70687915
S21403A6F020696E74657266616365004661696C65A0
S21403A7006420746F2025732025732030782530321B
S21403A71058005465726D696E6174656420257320F4
S21403A720307825303258004B65657020616C697649
S21403A7306520737570706F727420656E61626C65E8
S21403A740642E006661696C656420746F207365749B
S21403A750206B65657020616C697665206D6F646536
S21403A7602E007375636365737366756C6C792073FB
S21403A770657420746865206368696C642074696D09
S21403A780656F7574206F7074696F6E206D61736B7F
S21403A7902E006661696C656420746F20736574208F
S21403A7A0746865206368696C642074696D656F7589
S21403A7B074206F7074696F6E206D61736B2E006406
S21403A7C06973636F766572004D61746368202573E1
S21403A7D0792066726F6D203078253034582C2065CA
S21403A7E070202564004E574B204164647265737372
S21403A7F020726573706F6E73653A20307825303437
S21403A8005800494545452041646472657373207258
S21403A8106573706F6E73653A20005365727669636D
S21403A820652025737920646F6E652E0023202074BF
S21403A8307970652020206E776B20206C6F63202054
S21403A8402072656D202020636C75732020206E6F48
S21403A850646520202065756900202025642020205B
S21403A860203078253034582020307825303458204E
S21403A870203078253034582030782530345820005E
S21403A880736C5F7A69676265655F6765745F626943
S21403A8906E64696E67204572726F723A203078254F
S21403A8A03038580A002564206F66202564206269C4
S21403A8B06E64696E6773207573656400656E6162A6
S21403A8C06C6564207072696E740064697361626C8F
S21403A8D06564207072696E7400616464206C696ECE
S21403A8E06B206B6579004552523A2043616C637561
S21403A8F06C617465642043524320646F6573206EF5
S21403A9006F74206D61746368004552523A20496E35
S21403A9107374616C6C20436F6465206D757374206B
S21403A920626520382C2031302C2031342C206F7275
S21403A93020313820627974657320696E206C656EE9
S21403A940677468004552523A204145532D4D4D4F8A
S21403A9502068617368206661696C65643A203078A4
S21403A9602530325800536574206A6F696E696E67C6
S21403A970206C696E6B206B65790073657420626961
S21403A9806E642025643A2030782530327800454DB1
S21403A99050545900554E494341004D324F4E4500E1
S21403A9A04D554C5449003F2020202000496E6465D5
S21403A9B078204945454520416464726573732020B9
S21403A9C0202020202020204E574B496E6465782097
S21403A9D020496E204643202020202054544C2873C0
S21403A9E02920466C6167202020204B657920202093
S21403A9F020002564202020202000202025642020FD
S21403AA002020202020002020253038582020002019
S21403AA10307825303458202000496E646578204904
S21403AA2045454520416464726573732020202020C9
S21403AA3020202020496E20464320202020205479C1
S21403AA40706520204175746820204B6579002D20A1
S21403AA50202020200025632020202020256320207E
S21403AA6020202000696573005741524E494E473AED
S21403AA70202052454144494E47204F46204B4559D6
S21403AA802056414C5545532044495341424C454476
S21403AA90204259204D464720544F4B454E004E57B3
S21403AAA04B204B6579002573206F75742046433A17
S21403AAB0202530385800257320736571206E756D18
S21403AAC03A20307825303258002573206F7574206D
S21403AAD046433A2025303878005443202573200017
S21403AAE02573205461626C650025642F25642065F8
S21403AAF06E747269657320757365642E0054726193
S21403AB006E7369656E74204B657900256420656EE7
S21403AB107472257320636F6E73756D696E67202577
S21403AB2064207061636B6574206275666665722562
S21403AB30732E0057494C4C0057494C4C204E4F54EB
S21403AB400054727573742043656E746572202573A2
S21403AB5020616C6C6F772074727573742063656EF6
S21403AB607465722072656A6F696E73207573696E99
S21403AB70672077656C6C2D6B6E6F776E206B6579CF
S21403AB802E005365742074696D656F757420666F47
S21403AB90722054727573742043656E7465722072E6
S21403ABA0656A6F696E73207573696E672077656C67
S21403ABB06C2D6B6E6F776E206C696E6B206B657990
S21403ABC020746F202564207365636F6E64732E0094
S21403ABD04552524F523A20002573737461636B20BB
S21403ABE06D75737420626520646F776E2E005265F0
S21403ABF06164696E6720416C6C6F776564004861B9
S21403AC007368696E67206F6E6C7900736C5F7A6920
S21403AC10676265655F6B65795F73657474696E6794
S21403AC20735F743A203078253034580020205065FE
S21403AC30726D697373696F6E733A2025730045727C
S21403AC40726F723A204661696C656420746F206780
S21403AC50657420636F6E6669672C20737461747500
S21403AC60733A20307825303858004661696C65643D
S21403AC703A20307825303858004D73673A20636C95
S21403AC807573203078253034582C20636D6420305B
S21403AC9078253032582C206C656E2025640062754A
S21403ACA0666665723A2000454D4245525F0025733D
S21403ACB053454355524954595F4C4556454C3A20E3
S21403ACC0253032580025736572617365206B65798C
S21403ACD02025643A2030782530385800636D642088
S21403ACE06E6F74206275696C74007372632065708E
S21403ACF020253032782C20636C7573202530347809
S21403AD000073656E64696E6720746F206D756C746E
S21403AD1069636173742062696E640025733A206503
S21403AD20703A2025642C20636C3A20307825303422
S21403AD30582C20617474723A2030782530345800C9
S21403AD402C207376723A2025630025733A207265A9
S21403AD5061643A20307825303278002C207376727E
S21403AD603A2025632C2064747970653A2030782560
S21403AD7030325800417267756D656E7420617420B9
S21403AD80696E6465783A202564206973206F75744C
S21403AD90206F662072616E676500436F6D6D616E2E
S21403ADA06420616C7265616479206275696C742EC7
S21403ADB0202043616E6E6F7420736574204D464782
S21403ADC020737065636966696320636F64652066D4
S21403ADD06F7220636F6D6D616E642E004D46472063
S21403ADE0436F64652053657420666F72206E6578C2
S21403ADF07420636F6D6D616E643A2030782530344D
S21403AE005800557365204E657874205365717565D3
S21403AE106E63652053657420666F72206E65787462
S21403AE2020636F6D6D616E643A203078253032583A
S21403AE300044697361626C652044656661756C7471
S21403AE4020526573706F6E73652053657420666F4A
S21403AE5072206E65787420636F6D6D616E643A2040
S21403AE60307825303258004552523A207265616474
S21403AE70696E672061747472696275746520253023
S21403AE803278004552523A2061747472696275745E
S21403AE90652073697A6520256420746F6F206C6162
S21403AEA072676520666F7220627566666572004516
S21403AEB072726F723A206174747269627574652077
S21403AEC0494420307825303458207265706F727488
S21403AED061626C65206368616E67652069732073C1
S21403AEE0697A65202564422C2062757420256442A5
S21403AEF020656E74657265640A006E6F20636D6408
S21403AF00004572726F723A20434C492053656E6453
S21403AF10206661696C65642C207374617475733A7A
S21403AF2020307825303858004572726F723A2020E8
S21403AF30455549363420617267756D656E742069B0
S21403AF407320656D70747920616E64206C6F6F6B0F
S21403AF507570206279206E6F6465204944206661AF
S21403AF60696C65642E0047726F757000556E696371
S21403AF7061737400556E62696E64202573202573B1
S21403AF8030782530325800526571756573743A20EF
S21403AF90005A444F2073696D706C65206465736353
S21403AFA0207265712025303278005A444F206E6F28
S21403AFB0646520646573632072657120253032787A
S21403AFC0005A444F206D6174636820646573632080
S21403AFD07265712025303258005573696E67206D8F
S21403AFE079206C6F63616C20455549363420666F53
S21403AFF072206465737420455549363420696E2083
S21403B00062696E64696E67005A444F2062696E64B3
S21403B01020726571202530327800636C7573746511
S21403B02072206C696D69742072656163686564007B
S21403B030696E76616C696420706167653A20256481
S21403B040206F72206368616E6E656C3A202564001B
S21403B0504368616E6765206368616E6E656C207316
S21403B06074617475733A20307825303278006475CD
S21403B070726174696F6E206D7573742062652069E2
S21403B0806E2072616E67652030202D203500636F59
S21403B090756E74206D75737420626520696E2072F8
S21403B0A0616E67652031202D2038007363616E2042
S21403B0B073746174757320307825303258006E656A
S21403B0C074776F726B207570646174652073657432
S21403B0D020737461747573203078253032580041BC
S21403B0E0637469766520455020726571756573745F
S21403B0F0207374617475733A2030782530325800A3
S21403B1004C5149205461626C652072657175657394
S21403B110743A203078253032580042696E64696E7E
S21403B12067205461626C6520726571756573743A45
S21403B13020307825303258004C65617665202573BB
S21403B14030782530325800506F7765722044657327
S21403B15063726970746F72202573307825303258A5
S21403B160005573696E67206D79206C6F63616C2080
S21403B170455549363420666F7220646573742045DE
S21403B1805549363420696E20756E62696E64696E41
S21403B1906700526F757465205461626C6520257371
S21403B1A0307825303258002F686F6D652F72756EB4
S21403B1B06E65722F776F726B2F747579612D7A694E
S21403B1C0676265652D7377697463682F7475796133
S21403B1D02D7A69676265652D7377697463682F7363
S21403B1E0696C6162735F746F6F6C732F73696D70D4
S21403B1F06C69636974795F73646B2F70726F746FB5
S21403B200636F6C2F7A69676265652F6170702F664E
S21403B21072616D65776F726B2F636F6D6D6F6E2FD7
S21403B220736C5F7A69676265655F73797374656D5E
S21403B2305F636F6D6D6F6E2E6300457874656E6425
S21403B240656420526573657420696E666F3A2030B4
S21403B25078253034582028257329002F686F6D65AC
S21403B2602F72756E6E65722F776F726B2F7475798A
S21403B270612D7A69676265652D7377697463682FD4
S21403B280747579612D7A69676265652D737769745C
S21403B29063682F73696C6162735F746F6F6C732F6F
S21403B2A073696D706C69636974795F73646B2F700F
S21403B2B0726F746F636F6C2F7A69676265652F614F
S21403B2C070702F6672616D65776F726B2F636F6D2B
S21403B2D06D6F6E2F7A69676265655F6170705F6612
S21403B2E072616D65776F726B5F736C6565702E63E5
S21403B2F00053746179206177616B65207768656EAA
S21403B300206E6F74206A6F696E65643A2025730039
S21403B310466F726365642073746179206177616B2D
S21403B320653A202020202020202020202573004658
S21403B3306F7263696E672064657669636520746FF0
S21403B3402073746179206177616B6500416C6C6F63
S21403B35077696E672064657669636520746F206716
S21403B3606F20746F20736C656570002F686F6D6552
S21403B3702F72756E6E65722F776F726B2F74757979
S21403B380612D7A69676265652D7377697463682FC3
S21403B390747579612D7A69676265652D737769744B
S21403B3A063682F73696C6162735F746F6F6C732F5E
S21403B3B073696D706C69636974795F73646B2F70FE
S21403B3C0726F746F636F6C2F7A69676265652F613E
S21403B3D070702F6672616D65776F726B2F636F6D1A
S21403B3E06D6F6E2F7A69676265655F737461636BF1
S21403B3F05F736C6565702E630052583A205265730E
S21403B4006574546F466163746F72794465666175DB
S21403B4106C747343616C6C6261636B00657A737002
S21403B42020636F756E74657273206661696C6564FC
S21403B43020257500657A73702052657365742054F1
S21403B44068726573686F6C64206572726F7220250C
S21403B4507500657A7370205365742054687265733B
S21403B460686F6C64206572726F722025750025758F
S21403B470292025733A2025750053657474696E6711
S21403B480205468726573686F6C6420636F6D6D61BA
S21403B4906E64003F3F3F004D616320527820426355
S21403B4A0617374004D616320547820426361737442
S21403B4B0004D6163205278205563617374004D61BB
S21403B4C063205478205563617374004D6163205480
S21403B4D078205563617374205265747279004D61E8
S21403B4E063205478205563617374204661696C0049
S21403B4F04150532052782042636173740041505385
S21403B500205478204263617374004150532052786C
S21403B510205563617374004150532054782055635B
S21403B52061737420537563636573730041505320CE
S21403B53054782055636173742052657472790041A0
S21403B5405053205478205563617374204661696CA8
S21403B55000526F757465204469736320496E69747D
S21403B5606961746564004E65696768626F7220413D
S21403B57064646564004E65696768626F722052652D
S21403B5806D6F766564004E65696768626F722053F7
S21403B59074616C65004A6F696E20496E6469636105
S21403B5A074696F6E004368696C64204D6F766564DA
S21403B5B000415348204F766572666C6F770041539F
S21403B5C048204672616D65204572726F7200415362
S21403B5D048204F76657272756E204572726F7200E0
S21403B5E04E574B204643204661696C757265004191
S21403B5F05053204643204661696C7572650041537B
S21403B6004820584F66660041505320556E61757446
S21403B610686F72697A6564204B6579004E574B20D4
S21403B62044656372797074204661696C75726573DC
S21403B63000415053204465637279707420466169F3
S21403B6406C75726573005061636B65742042756632
S21403B65066657220416C6C6F636174652046616930
S21403B6606C757265730052656C6179656420556309
S21403B6706173740050687920746F204D41432071C4
S21403B68075657565206C696D69742072656163689C
S21403B6906564005061636B65742056616C69646110
S21403B6A074652064726F7020636F756E74004E57F6
S21403B6B04B207265747279206F766572666C6F774D
S21403B6C000434341204661696C757265730042729C
S21403B6D06F616463617374207461626C6520667560
S21403B6E06C6C00505441204C6F2050726920526598
S21403B6F07100505441204869205072692052657188
S21403B70000505441204C6F205072692044656E6986
S21403B710656400505441204869205072692044658E
S21403B7206E69656400505441204C6F205072692046
S21403B7305478204162727400505441204869205066
S21403B74072692054782041627274004164647265A1
S21403B750737320436F6E666C6963742053656E74EF
S21403B7600043534C205278207363686564756C6598
S21403B770206661696C6564000D0044656275672028
S21403B7807072696E742067726F75702025730A0075
S21403B79057726F6E6720706172616D657465720AA9
S21403B7A0005363686564756C65206D6F7665206EFF
S21403B7B0776B0025732025643A202564004D617855
S21403B7C0206D6F7665206C696D69742072656163A0
S21403B7D0686564206E776B2025643A2025640045EF
S21403B7E06E642044657669636520506F6C6C2049EF
S21403B7F06E666F726D6174696F6E00454D42455299
S21403B8005F454E445F4445564943455F54494D455D
S21403B8104F55543A20202020202020256400506FC6
S21403B8206C6C20636F6D706C657465642063616C0B
S21403B8306C6261636B3A2025730020204375727235
S21403B840656E7420506F6C6C20496E7465727661F9
S21403B8506C20287173293A202020256C6400202050
S21403B8604C6F6E6720506F6C6C20496E74657276F1
S21403B870616C20287173293A202020202020256C13
S21403B8806400202053686F727420506F6C6C2049DC
S21403B8906E74657276616C20287173293A202020B5
S21403B8A02020256C6400202057616B652054696D49
S21403B8B0656F757420287173293A20202020202074
S21403B8C0202020202020256C6400202057616B65F3
S21403B8D02054696D656F7574204269746D61736B6E
S21403B8E03A20202020202020202030782530385869
S21403B8F000202043757272656E7420417070205468
S21403B90061736B733A2020202020202020202020E3
S21403B9102030782530385800202043757272656EC3
S21403B9207420506F6C6C20436F6E74726F6C2020A3
S21403B9302020202020202020257300202044656618
S21403B94061756C7420506F6C6C20436F6E74726FED
S21403B9506C20202020202020202020257300466FE6
S21403B9607263696E672064657669636520746F2009
S21403B97073686F727420706F6C6C00416C6C6F77B9
S21403B980696E672064657669636520746F206C6FE3
S21403B9906E6720706F6C6C00534C5F5A4947424584
S21403B9A0455F41465F4C4F4E475F504F4C4C0053EC
S21403B9B04C5F5A49474245455F41465F53484F529D
S21403B9C0545F504F4C4C00706F6C6C206E776B203E
S21403B9D025643A203078253032580046696E642054
S21403B9E0616E642042696E6420496E69746961748D
S21403B9F06F723A20436F6D706C6574653A203078C9
S21403BA00253032580053746172742074617267650E
S21403BA10740046696E6420616E642042696E642019
S21403BA205461726765740025733A2025733A203093
S21403BA30782530325800467261676D656E7461749E
S21403BA40696F6E2052582077696E646F772073692A
S21403BA507A652073657420746F202564002F686FE1
S21403BA606D652F72756E6E65722F776F726B2F749E
S21403BA707579612D7A69676265652D737769746375
S21403BA80682F747579612D7A69676265652D73779A
S21403BA90697463682F73696C6162735F746F6F6C2C
S21403BAA0732F73696D706C69636974795F73646B04
S21403BAB02F70726F746F636F6C2F7A696762656538
S21403BAC02F6170702F6672616D65776F726B2F7062
S21403BAD06C7567696E2F667261676D656E746174E7
S21403BAE0696F6E2F667261676D656E746174696FD8
S21403BAF06E2E630052583A2041646447726F757025
S21403BB00526573706F6E7365203078253032582C0B
S21403BB10203078253034580052583A2056696577D5
S21403BB2047726F7570526573706F6E7365203078E9
S21403BB30253032582C203078253034582C202200DB
S21403BB4052583A2047657447726F75704D656D623B
S21403BB50657273686970526573706F6E73652030B3
S21403BB6078253032582C203078253032582C002057
S21403BB705B3078253034585D0052583A2052656D54
S21403BB806F766547726F7570526573706F6E736507
S21403BB90203078253032582C203078253034580021
S21403BBA065705B253032585D2069645B25303458F8
S21403BBB05D00436C656172696E6720616C6C20671B
S21403BBC0726F7570732E004552523A204661696C47
S21403BBD0656420746F206372656174652062696EA4
S21403BBE064696E672028307825303258290045521C
S21403BBF0523A2042696E64696E67207461626C65AE
S21403BC002069732066756C6C004552523A20777231
S21403BC106974696E67206E616D6520737570706FE9
S21403BC20727420253032580052583A2041646447D3
S21403BC30726F7570203078253034582C20220075AA
S21403BC40760052583A205669657747726F757020AA
S21403BC503078253034580075767300766965775FDB
S21403BC6067726F75700047726F7570733A206661FE
S21403BC70696C656420746F2073656E642025732079
S21403BC80726573706F6E73653A203078253032585C
S21403BC90006765745F67726F75705F6D656D62656B
S21403BCA0727368697020726573706F6E7365006473
S21403BCB0656661756C745F726573706F6E7365002D
S21403BCC052583A2047657447726F75704D656D62BA
S21403BCD0657273686970203078253032582C007589
S21403BCE075620047726F7570733A206661696C659A
S21403BCF06420746F2073656E642025733A20307851
S21403BD00253032580052583A2052656D6F76654793
S21403BD10726F757020307825303458004552523A89
S21403BD20204661696C656420746F2064656C657475
S21403BD30652062696E64696E672028307825303224
S21403BD4058290072656D6F76655F67726F75700050
S21403BD5052583A2052656D6F7665416C6C47726F28
S21403BD607570730052583A2041646447726F757059
S21403BD7049664964656E74696679696E67203078CA
S21403BD80253034582C202200616464004368616EB9
S21403BD906E656C206E6F742076616C69643A20253C
S21403BDA064005072696D617279002573206D61734A
S21403BDB06B206E6F772030782530385800536563D4
S21403BDC06F6E64617279004D61736B206E6F7420C1
S21403BDD076616C69643A202564007072696D6172DD
S21403BDE079007365636F6E646172790025733A2018
S21403BDF0536574202573206D61736B20746F203038
S21403BE007825303858005374617475730025733A77
S21403BE102025733A004368616E6E656C206D61730E
S21403BE206B3A00202020202831292030782530380E
S21403BE3058205B0020202020283229203078253007
S21403BE403858205B0053746174653A203078253087
S21403BE50325820282573290043757272656E742044
S21403BE606368616E6E656C3A20256400546F746176
S21403BE706C20626561636F6E733A202564004A6FB7
S21403BE80696E20617474656D7074733A202564005E
S21403BE904E6574776F726B2073746174653A2030E5
S21403BEA078253032580053746F700025732053740E
S21403BEB06F702E2020436C65616E696E6720757007
S21403BEC02E0042726F616463617374696E672070DB
S21403BED065726D6974206A6F696E00547275737447
S21403BEE02063656E746572206C696E6B206B657972
S21403BEF020757064617465207374617475730025AE
S21403BF00733A205741524E494E473A20736C5F7A34
S21403BF1069676265655F7365745F696E6974696195
S21403BF206C5F73656375726974795F737461746546
S21403BF30206661696C65642E20436F6E74696E7546
S21403BF40696E6720776974686F757420696E737499
S21403BF50616C6C20636F64652E004572726F723A73
S21403BF6020696E7374616C6C20636F6465207365FF
S21403BF70747570206661696C65642E204973206150
S21403BF806E20696E7374616C6C20636F64652066E3
S21403BF906C6173686564206F6E746F2074686520C7
S21403BFA06465766963653F00D0D1D2D3D4D5D6D73E
S21403BFB0D8D9DADBDCDDDEDF00FFFFFFFFFFFFFFA4
S21403BFC0FF005A6967426565416C6C69616E63651B
S21403BFD030390025733A2069737375696E67207369
S21403BFE063616E206F6E202573206368616E6E65D5
S21403BFF06C7320286D61736B203078253038582990
S21403C00000257320697320616C7265616479206909
S21403C0106E2070726F677265737300537461727407
S21403C020004578616D696E696E6720626561636F4E
S21403C0306E206F6E206368616E6E656C20256420CB
S21403C040776974682070616E4964203078253034CF
S21403C05058005468697320626561636F6E20697364
S21403C060206E6F742070617274206F66207468652A
S21403C0702063757272656E74206368616E6E656C9C
S21403C080206D61736B2028307825303858292E2090
S21403C09047657474696E67206E657874206265619F
S21403C0A0636F6E2077686F7365206368616E6E6575
S21403C0B06C206269746D61736B2069732073657499
S21403C0C02E004572726F723A20257320636F756C6B
S21403C0D064206E6F7420617474656D7074206A6F6B
S21403C0E0696E3A20307825303258004E6F206265EC
S21403C0F061636F6E73206C656674206F6E20637564
S21403C1007272656E74206D61736B2E204D6F766947
S21403C1106E6720746F206E6578742073746174651F
S21403C120002573206A6F696E696E67203078253044
S21403C1303458206F6E206368616E6E656C202564CC
S21403C1400025732053746174653A20257300457285
S21403C150726F723A20257320636F756C64206E6F5E
S21403C160742073657475702073656375726974796A
S21403C1703A20307825303258004572726F723A2072
S21403C1805363616E20636F6D706C657465206861C0
S21403C1906E646C65722072657475726E65642030A9
S21403C1A07825303258002573207363616E20636FE1
S21403C1B06D706C6574652E20426561636F6E7320C7
S21403C1C068656172643A2025640025732073746180
S21403C1D0636B20737461747573203078253032581E
S21403C1E0002573206E6574776F726B206A6F696EB5
S21403C1F065642E00257320747279696E67206E65F8
S21403C2007874206E6574776F726B2E004E6F6E6552
S21403C210005363616E205072696D617279204368C2
S21403C220616E6E656C7320616E6420757365204362
S21403C2306F6E66696775726564204B657900536334
S21403C240616E205072696D617279204368616E6E0B
S21403C250656C7320616E642075736520496E737414
S21403C260616C6C20436F6465005363616E2050728B
S21403C270696D617279204368616E6E656C732061C7
S21403C2806E64205573652043656E7472616C697ABB
S21403C2906564204B6579005363616E205072696D47
S21403C2A0617279204368616E6E656C7320616E649B
S21403C2B02055736520446973747269627574656486
S21403C2C0204B6579005363616E205365636F6E641C
S21403C2D0617279204368616E6E656C7320616E646B
S21403C2E02075736520436F6E666967757265642093
S21403C2F04B6579005363616E205365636F6E6461AB
S21403C3007279204368616E6E656C7320616E64207B
S21403C31075736520496E7374616C6C20436F646536
S21403C320005363616E205365636F6E646172792098
S21403C3304368616E6E656C7320616E642055736529
S21403C3402043656E7472616C697A6564204B657907
S21403C350005363616E205365636F6E646172792068
S21403C3604368616E6E656C7320616E6420557365F9
S21403C370204469737472696275746564204B6579C9
S21403C380005363616E205072696D61727920436851
S21403C390616E6E656C7320616E6420557365204113
S21403C3A06C6C204B6579732028696E7374616C6CB2
S21403C3B020636F64652C2063656E7472616C697AA2
S21403C3C065642C2064697374726962757465642984
S21403C3D0005363616E205365636F6E6461727920E8
S21403C3E04368616E6E656C7320616E642055736579
S21403C3F020416C6C204B6579732028696E737461D9
S21403C4006C6C20636F64652C2063656E7472616C5C
S21403C410697A65642C2064697374726962757465DD
S21403C4206429004F6E2F4F6666207365742076610D
S21403C4306C75653A20253032582025303258004531
S21403C44052523A2072656164696E67206F6E2F6F71
S21403C45066662025303258004F6E2F6F6666206161
S21403C4606C72656164792073657420746F206E65E1
S21403C470772076616C756500546F67676C65206F0F
S21403C4806E2F6F66662066726F6D202530325820D9
S21403C490746F2025303258004552523A207772691D
S21403C4A074696E67206F6E2F6F666620253032586C
S21403C4B000496E7374616C6C6564205479706520F2
S21403C4C02842617365293A20203078253032580097
S21403C4D04361706162696C69746965733A202020F0
S21403C4E02020202020202020307825303458004279
S21403C4F06F6F746C6F616465722056657273696FD3
S21403C5006E3A20202020203078253034580053659A
S21403C5106375726520426F6F746C6F616465722019
S21403C5204B65793A20202020202000426F6F746CE0
S21403C5306F6164696E67206661696C656421004497
S21403C5406F776E6C6F6164206661696C65642E003C
S21403C55044656C6574696E67206661696C65642002
S21403C560646F776E6C6F61642C207374617475737B
S21403C5703A2030782530325800496D61676520646B
S21403C5806F6573206E6F7420636F6E7461696E20BF
S21403C590616E205570677261646520496D616765D9
S21403C5A0205461672028307825303458292E2053AC
S21403C5B06B697070696E6720757067726164652E4B
S21403C5C000457865637574696E6720626F6F746C77
S21403C5D06F61642063616C6C6261636B2E005374DD
S21403C5E0617274696E672045424C2076657269668F
S21403C5F069636174696F6E0045424C206661696CBD
S21403C600656420766572696669636174696F6E2E08
S21403C6100045424C207061737365642076657269C9
S21403C6206669636174696F6E2E002573696E672091
S21403C6304F544120636C69656E742073746174652E
S21403C640206D616368696E650073746F7070004572
S21403C65072726F723A204E6F20696D616765206152
S21403C6607420696E646578202564004E6F742073A9
S21403C6707570706F727465642E00436C69656E74B2
S21403C68020696D61676520717565727920696E66CC
S21403C6906F004D616E75662049443A2020202020A5
S21403C6A02020202030782530345800496D61676596
S21403C6B020547970652049443A202020203078257C
S21403C6C03034580043757272656E74205665727303
S21403C6D0696F6E3A202030782530385800486172EA
S21403C6E064776172652056657273696F6E3A2000CF
S21403C6F04E410051756572792044656C6179206DF1
S21403C700733A202020202020202020202020256C63
S21403C710640053657276657220446973636F766549
S21403C72072792044656C6179206D733A20256C64B8
S21403C73000446F776E6C6F61642044656C6179208A
S21403C7406D733A202020202020202020256C6400B2
S21403C75052756E20557067726164652044656C611E
S21403C76079206D733A202020202020256C64005603
S21403C77065726966792044656C6179206D733A2029
S21403C78020202020202020202020256C6400446FB9
S21403C790776E6C6F6164204572726F722054687294
S21403C7A06573686F6C643A20202564005570677261
S21403C7B06164652057616974205468726573686F95
S21403C7C06C643A202020202564004F544120446F97
S21403C7D0776E6772616465733A2044697361626C4D
S21403C7E06564004F544120446F776E6772616465D9
S21403C7F0733A20456E61626C656400426F6F746CB9
S21403C8006F61642073746174653A20257300496E02
S21403C81076616C6964204550202564207768656ED0
S21403C82020747279696E6720746F2073656E642056
S21403C8304F5441206D6573736167652E0053656EB3
S21403C84064696E67205570677261646520456E641F
S21403C85020726571756573742E0025733A20696EB0
S21403C86076616C696420636D644964203078253092
S21403C8703258004572726F723A20204661696C65C1
S21403C8806420746F2073656E64204F544120636F79
S21403C8906D6D616E64203078253032582C207374A9
S21403C8A0617475733A2030782530325800536572B8
S21403C8B076657220756E6B6E6F776E2C2066616C74
S21403C8C06C696E67206261636B20746F20646973A2
S21403C8D0636F766572792E004D6178696D756D208C
S21403C8E07175657279206572726F727320686974E8
S21403C8F020282564292C207374617274696E67205E
S21403C90073656172636820666F72206E6577204F69
S21403C9105441207365727665722E0A004170706CFE
S21403C92079696E6720757067726164650025733A6E
S21403C93020696E76616C6964206F66667365742021
S21403C94063757272656E7454696D65283078253028
S21403C950385829203E207570677261646554696D86
S21403C960652830782530385829004F544120436CC9
S21403C97075737465723A207761697420666F7220E6
S21403C9802564207300525865642074696D654F757D
S21403C990742030782530385820732C204D41582089
S21403C9A074696D654F757420307825303858207358
S21403C9B0004D6178696D756D207570677261646589
S21403C9C0207265717565737473206D6164652028C4
S21403C9D025642920776974686F757420726573708F
S21403C9E06F6E73652066726F6D20736572766572FF
S21403C9F02E00557067726164696E6720616E797781
S21403CA006179004F544120536572766963652064EB
S21403CA106973636F766572792070726576656E7476
S21403CA206564202D20616E6F7468657220697320BB
S21403CA30616C726561647920696E2070726F6772CB
S21403CA40657373004661696C656420746F20696E54
S21403CA5069746961746520736572766963652064B9
S21403CA606973636F766572792E004F544120536560
S21403CA70727669636520446973636F76657279209D
S21403CA80696E2070726F677265737300436C6965B5
S21403CA906E7420766572696669636174696F6E2069
S21403CAA06661696C65642E005369676E617475729E
S21403CAB06500437573746F6D00706173736564000E
S21403CAC04641494C4544004E6F207369676E617456
S21403CAD075726520766572696669636174696F6EDF
S21403CAE020737570706F72742C20617373756D6923
S21403CAF06E6720696D616765206973206F6B617966
S21403CB002E00257320766572696669636174696FA2
S21403CB106E2025733A20307825303258004D6178E0
S21403CB20696D756D206E756D626572206F66206423
S21403CB306F776E6C6F6164206572726F72732072AA
S21403CB406561636820282564292C2061626F7274EE
S21403CB50696E672E004F544120436C75737465727B
S21403CB603A2073657474696E6720494545452061AC
S21403CB70646472657373206F66204F544120636C40
S21403CB807573746572005061727469616C206669AE
S21403CB906C6520646F776E6C6F616420666F756E6C
S21403CBA0642C20636F6E74696E75696E6720667297
S21403CBB06F6D206F6666736574203078253038583D
S21403CBC000466F756E642066756C6C7920646F77AB
S21403CBD06E6C6F616465642066696C6520696E209F
S21403CBE073746F72616765202876657273696F6EFA
S21403CBF020307825303858292E00466F756E64200D
S21403CC0066696C6520696E2073746F726167652050
S21403CC107769746820646966666572656E742076E3
S21403CC20657273696F6E202830782530385829204E
S21403CC307468616E2063757272656E7420766572B1
S21403CC4073696F6E20283078253038582900466976
S21403CC506C6520696E2073746F72616765206973F3
S21403CC602073616D652061732063757272656E74DF
S21403CC702072756E6E696E672076657273696F6E65
S21403CC80202830782530385829004E6F20696D618A
S21403CC90676520666F756E6420696E2073746F72A5
S21403CCA06167652E004F544120536572766963654C
S21403CCB020446973636F7665727920756E626C6F54
S21403CCC0636B65640049676E6F72696E6720736590
S21403CCD0727665722066726F6D206C6F6F7062611C
S21403CCE0636B20616464726573730049676E6F7269
S21403CCF0696E6720307825303458204F54412073AE
S21403CD00657276657220696E20736561726368204A
S21403CD106F662054430053657474696E67204F54DE
S21403CD20412053657276657220746F203078253003
S21403CD3034580044656C6179696E672025642073F6
S21403CD4065636F6E6473206265666F7265207374C5
S21403CD50617274696E67204F544120636C69656E17
S21403CD60740054696D656F75742077616974696EB4
S21403CD706720666F72206D6573736167652E004268
S21403CD806164204F544120636F6D6D616E643A2079
S21403CD90307825303258004F544120636F6D6D61F3
S21403CDA06E642030782530325820746F6F20736895
S21403CDB06F727420286C656E202564203C206D6994
S21403CDC06E20256429004F544120636F6D6D616E9C
S21403CDD0642066726F6D20756E7265636F676E6929
S21403CDE07A656420736572766572203078253034F0
S21403CDF0582E20204D79204F544120736572766556
S21403CE00723A2030782530345800496D61676520C2
S21403CE104E6F7469667900476F7420756E65787017
S21403CE2065637465642025732E20205374617274C1
S21403CE3020646973636F766572792E006465666134
S21403CE40756C74004F54413A206661696C656420C2
S21403CE50746F2073656E6420257320726573706F1C
S21403CE606E73653A2030782530325800496D616715
S21403CE7065206E6F7469667900476F7420756E65FA
S21403CE80787065637465642025732E202049676E69
S21403CE906F7265642E004F54413A2044656661758F
S21403CEA06C7420726573706F6E736520666F722084
S21403CEB0496D616765206E6F746966792C2073749B
S21403CEC0617475732030782530325800496D616778
S21403CED065206E6F7469667920636F6D6D616E642D
S21403CEE000257320756E69636173742C20717565F4
S21403CEF07279696E6700496E76616C6964002573A2
S21403CF00202573207061796C6F6164207479706575
S21403CF10203078253032580025732025733A206F49
S21403CF207574206F662072616E6765206A69747413
S21403CF3065722025640025732025733A2070617975
S21403CF406C6F6164206C656E67746820646F6573CC
S21403CF506E2774206D617463682074797065203061
S21403CF60782530325820282564203C202564290063
S21403CF7025732025732064756520746F206E6F6E8D
S21403CF802D6D61746368696E67206D616E75666189
S21403CF9063747572657220494400257320257320D7
S21403CFA064756520746F206E6F6E2D6D6174636893
S21403CFB0696E6720696D61676520747970652049BD
S21403CFC0440025732025732064756520746F206DD7
S21403CFD061746368696E67206669726D77617265EE
S21403CFE02076657273696F6E0025732025732C2077
S21403CFF052782764204A697474657220283078252D
S21403D000303258292C205069636B6564204A697452
S21403D010746572202830782530325829005175659A
S21403D0207279206E65787420696D61676520726514
S21403D03073706F6E73650025732072657475726EF8
S21403D0406564203078253032582E20204E6F206EAF
S21403D050657720696D61676520746F20646F776EEE
S21403D0606C6F61642E00257320746F6F2073686F76
S21403D070727420282564203C202564290025733AF1
S21403D080204E657720696D61676520697320617638
S21403D09061696C61626C6520666F7220646F776E7F
S21403D0A06C6F61642E002573206973206E6F742085
S21403D0B07573696E67206D7920696D616765206990
S21403D0C06E666F2E004552524F523A204E65787464
S21403D0D020496D61676520697320746F6F206269EC
S21403D0E06720746F2073746F72652028307825303C
S21403D0F03858203E203078253038582900257320AC
S21403D10072657475726E65642073616D6520466919
S21403D1106C6556657273696F6E20617320637572F2
S21403D12072656E746C7920696E7374616C6C656479
S21403D1302E004F544120446F776E677261646573A7
S21403D1402044697361626C65643A2046696C65566F
S21403D150657273696F6E20626568696E64206375B5
S21403D1607272656E7420696E7374616C6C61746937
S21403D1706F6E005374617274696E6720646F776EA6
S21403D1806C6F61642C2056657273696F6E203078FD
S21403D19025303858004572726F723A204661696CC2
S21403D1A0656420746F2064656C65746520696D61C1
S21403D1B067652E004572726F723A204661696C6528
S21403D1C06420746F206572617365206F6C642074CD
S21403D1D0656D7020646174612E00496D616765201A
S21403D1E0626C6F636B20726573706F6E7365004F4E
S21403D1F054413A20496D616765426C6F636B5265B3
S21403D200706F6E736520636F6E7461696E732069E9
S21403D2106E76616C6964206F7220696E636F6D70E1
S21403D2206C6574652064617461005570646174692B
S21403D2306E67204D696E20426C6F636B205265717A
S21403D2407565737420506572696F6420746F20254A
S21403D25064206D7300446F776E6C6F616420646541
S21403D2606C61792062792073657276657220256415
S21403D270206D7300446F776E6C6F61642061626F1C
S21403D28072746564206279207365727665722E0007
S21403D29053657276657220646F65736E27742073A8
S21403D2A07570706F72742070616765207265717532
S21403D2B06573742C206F6E6C79207573696E6720A6
S21403D2C0626C6F636B20726571756573742E0053A1
S21403D2D065727665722072657475726E6564202752
S21403D2E0756E737570706F7274656420636C757396
S21403D2F074657220636F6D6D616E64272E00556EC4
S21403D3006B6E6F776E20257320737461747573204C
S21403D310636F6465203078253032580025732068A3
S21403D320617320646174612073697A6520282564BB
S21403D3302920736D616C6C6572207468616E206160
S21403D340637475616C207061636B65742073697AAE
S21403D3506520282564292E002573206572726F7256
S21403D3603A204578706563746564206F66667365F6
S21403D37074203078253038582C2062757420676FF7
S21403D38074203078253038582E202049676E6F7207
S21403D390696E6700257320696E666F206469642072
S21403D3A06E6F74206D61746368206D792065787084
S21403D3B0656374656420696E666F2E202044726F01
S21403D3C07070696E672E004661696C656420746FC1
S21403D3D020777269746520746F2073746F72616747
S21403D3E065206465766963652100446F776E6C6FAC
S21403D3F06164005570677261646520656E642072AF
S21403D4006573706F6E73650053657276657220611F
S21403D410626F7274656420757067726164652C2030
S21403D4207374617475733A2030782530325800452A
S21403D43072726F723A2025732068616420696E7673
S21403D440616C69642025733A200066696C652076F2
S21403D450657273696F6E00416464696E6720256444
S21403D460206D732E2064656C617920666F72206967
S21403D4706D6D656469617465207570677261646556
S21403D4802E00436F756E74646F776E20746F20750D
S21403D4907067726164653A202564206D73002053BB
S21403D4A0746174653A2020202573002057616974DF
S21403D4B0696E6720666F7220726573706F6E736530
S21403D4C03A20257300204E657874204576656E7481
S21403D4D02054696D65723A202564206D73002043DD
S21403D4E0757272656E7420446F776E6C6F6164201C
S21403D4F04F66667365743A2030782530385820288E
S21403D50025642525290025733A206661696C6564C0
S21403D5102070617273696E67204F544120636D6497
S21403D52020307825303258004F54412044656661D8
S21403D530756C7420726573706F6E736520746F20DC
S21403D540636F6D6D616E64204944203078253032F8
S21403D550582C2073746174757320307825303258D4
S21403D56000496D61676520626C6F636B207265713D
S21403D570756573742074657374206F6E6C79207789
S21403D5806F726B73207768656E20737461746520A1
S21403D590697320424F4F544C4F41445F5354415498
S21403D5A0455F4E4F4E450052616E646F6D20446575
S21403D5B06C6179206265666F72652073746172743C
S21403D5C000446973636F766572696E67204F5441D2
S21403D5D02053657276657200476574204F54412068
S21403D5E053657276657220455549004F62746169CA
S21403D5F06E206C696E6B206B657900517565727968
S21403D600696E67204E65787420496D6167650044CE
S21403D6106F776E6C6F6164696E6720496D616765CD
S21403D62000566572696679696E6720496D6167653C
S21403D6300057616974696E6720666F72205570675C
S21403D64072616465206D65737361676500436F750A
S21403D6506E74646F776E20746F20557067726164A2
S21403D660650057616974696E6720746F207570670B
S21403D6707261646520766961206F75742D6F662DFF
S21403D68062616E64206D656368616E69736D002503
S21403D690733A202564252520636F6D706C65746569
S21403D6A000496D6167652025640020204552524F6E
S21403D6B0523A20436F756C64206E6F7420676574EE
S21403D6C02066756C6C206865616465722100202095
S21403D6D04865616465722056657273696F6E3A2099
S21403D6E03078253034580020204865616465722000
S21403D6F04C656E6774683A202025642062797465E9
S21403D700730020204669656C6420436F6E74726FE5
S21403D7106C3A20203078253034580020204D616E36
S21403D72075662049443A2020202020202030782582
S21403D730303458002020496D616765205479706540
S21403D7403A202020202030782530345800202056D8
S21403D750657273696F6E3A202020202020202030C7
S21403D76078253038580020205A6967626565205648
S21403D770657273696F6E3A2030782530345800200E
S21403D7802048656164657220537472696E673A2037
S21403D790202573002020496D6167652053697A65EB
S21403D7A03A2020202020256C64206279746573005B
S21403D7B02020536563757269747920437265643AF1
S21403D7C0202030782530325800202055706772614B
S21403D7D0646520446573743A2020200020204D6938
S21403D7E06E2E204857205665723A20202020307827
S21403D7F0253034580020204D61782E204857205677
S21403D80065723A20202020307825303458002020B6
S21403D810546F74616C20546167733A20256400204A
S21403D8202020205461673A20307825303458002071
S21403D83020202020204C656E6774683A20256C648F
S21403D840004572726F723A20436F756C64206E6F78
S21403D85074206F627461696E2074616720696E66F6
S21403D8606F2066726F6D20696D6167652E000A25ED
S21403D8706420696D6167657320696E204F5441208B
S21403D88073746F726167652E00496D616765206406
S21403D890656C65746525732E004572726F723A2047
S21403D8A020436F756C64206E6F742072656164200C
S21403D8B0626C6F636B3A203078253032582E0A003C
S21403D8C05374617274696E6720657261736520664E
S21403D8D0726F6D206F6666736574203078253038F6
S21403D8E05820746F2030782530385800436F756C95
S21403D8F064206E6F742073746172742045524153B2
S21403D9004521202830782530325829004545505285
S21403D9104F4D20457261736520636F6D706C65743F
S21403D92065002F686F6D652F72756E6E65722F7743
S21403D9306F726B2F747579612D7A69676265652DD1
S21403D9407377697463682F747579612D7A69676272
S21403D95065652D7377697463682F73696C61627389
S21403D9605F746F6F6C732F73696D706C6963697422
S21403D970795F73646B2F70726F746F636F6C2F7A3B
S21403D98069676265652F6170702F6672616D657772
S21403D9906F726B2F706C7567696E2F6F74612D7362
S21403D9A0746F726167652D73696D706C652D65653F
S21403D9B070726F6D2F6F74612D73746F726167650C
S21403D9C02D656570726F6D2D706167652D6572616B
S21403D9D073652E63002F686F6D652F72756E6E65A7
S21403D9E0722F776F726B2F747579612D7A69676200
S21403D9F065652D7377697463682F747579612D7AFD
S21403DA0069676265652D7377697463682F73696CDC
S21403DA106162735F746F6F6C732F73696D706C697B
S21403DA20636974795F73646B2F70726F746F636F5F
S21403DA306C2F7A69676265652F6170702F667261F5
S21403DA406D65776F726B2F706C7567696E2F6F7469
S21403DA50612D73746F726167652D73696D706C6584
S21403DA602D656570726F6D2F6F74612D73746F7291
S21403DA706167652D656570726F6D2E63004F544147
S21403DA802053696D706C652053746F7261676520EF
S21403DA90454550524F4D207761726E696E673A2046
S21403DAA0636F756C64206E6F742067657420736C87
S21403DAB06F7420696E666F20666F7220736C6F7466
S21403DAC020256420286572726F72203078253032E4
S21403DAD058292E2044656661756C74696E672074D8
S21403DAE06F20737065636966696564206164647238
S21403DAF0657373206F6666736574730053746F7211
S21403DB00616765204472697665723A20202020207A
S21403DB1020202020202020204F54412053696D7060
S21403DB206C652053746F7261676520454550524F8C
S21403DB304D20506C7567696E0052656164204D6FA9
S21403DB406469667920577269746520537570706FBF
S21403DB5072743A20206E6F00534F4320426F6F74E7
S21403DB606C6F6164696E6720537570706F72743A78
S21403DB702020202079657300426F6F746C6F616498
S21403DB8065722053746F7261676520537570706F8A
S21403DB9072743A2055736520666972737420736CC9
S21403DBA06F7400536C6F7420746F207573653A201E
S21403DBB02020202020202020202020202020202558
S21403DBC0640043757272656E7420446F776E6C6F73
S21403DBD06164204F66667365743A2020202030788F
S21403DBE0253038580045424C205374617274204FD8
S21403DBF066667365743A202020202020202020208B
S21403DC002030782530385800454550524F4D205324
S21403DC10746172743A2020202020202020202020A7
S21403DC202020202030782530385800454550524F64
S21403DC304D20456E643A20202020202020202020DE
S21403DC402020202020202030782530385800496DA9
S21403DC5061676520496E666F2053746172743A205B
S21403DC6020202020202020202020307825303858DF
S21403DC700053617665205261746520286279746565
S21403DC8073292020202020202020202020307825C3
S21403DC90303858004F6666736574206F6620646F6D
S21403DCA0776E6C6F6164206F6666736574202020E0
S21403DCB0307825303858004F6666736574206F6673
S21403DCC02045424C206F66667365743A20202020F8
S21403DCD0202020307825303858004F6666736574E8
S21403DCE0206F6620696D6167652073746172743A8C
S21403DCF020202020202030782530385800736C5F91
S21403DD007A69676265655F61665F6F74615F737486
S21403DD106F726167655F6472697665725F7265616B
S21403DD20645F63622829206661696C65642100422A
S21403DD306164206D61676963206E756D626572202C
S21403DD40696E2066696C653A203078253032582033
S21403DD5030782530325820307825303258203078C5
S21403DD6025303258004261642076657273696F6E9F
S21403DD7020696E2066696C6520307825303458003B
S21403DD804572726F723A2072656164416E645661C1
S21403DD906C696461746553746F726564496D616719
S21403DDA065282920747269656420746F2072656122
S21403DDB064206D6F72652064617461207468616E9F
S21403DDC020697420636F756C6420686F6C642E0022
S21403DDD0736C5F7A69676265655F61665F6F7461BE
S21403DDE05F73746F726167655F6472697665725F8D
S21403DDF0726561645F63622829204641494C454445
S21403DE0021004C617374206F666673657420646FBB
S21403DE10776E6C6F616465643A20307825303858C5
S21403DE200053746F72616765204D6F64756C653A55
S21403DE30204F54412053696D706C652053746F7284
S21403DE4061676520506C7567696E00496D6167652B
S21403DE50732053746F7265643A20202564206F66BE
S21403DE6020310A00253032583A00657020253032BA
S21403DE705820636C7573202530345820617474728F
S21403DE8020253034582073767220256300206D6673
S21403DE9067202530325800207265706F7274206DCB
S21403DEA0696E2025303458206D617820253034582B
S21403DEB0207270742D6368672025303858002072EE
S21403DEC06563656976652066726F6D202530345804
S21403DED020657020253032582074696D656F75741F
S21403DEE0202530345800636C6561720072656D6F6F
S21403DEF0766500636C656172696E67206C61737426
S21403DF00207265706F72742074696D65206F662069
S21403DF10616C6C20617474726962757465730074E5
S21403DF20657374696E672074696D696E67206F66C2
S21403DF3020766172696F7573207265706F7274698B
S21403DF406E67206F7065726174696F6E73002D2D36
S21403DF502D2D2D2D2D2D2D2D2D2D2D2D2D2D2D2DE9
S21403DF602D2D2D2D2D2D2D2D2D2D2D2D2D2D2D2DD9
S21403DF702D2D2D2D2D2D2D2D2D2D2D2D2D002D2DF6
S21403DF807461626C65207265616473202D2066750A
S21403DF906C6C207461626C652D2D00726573756CF4
S21403DFA074203D202564206D73002D2D696E6974E1
S21403DFB0202F207363686564756C65207469636BD2
S21403DFC02D2D2D002D2D6C6F616420636F6E666999
S21403DFD06775726174696F6E2064656661756C74CB
S21403DFE0732D2D002F686F6D652F72756E6E6572BB
S21403DFF02F776F726B2F747579612D7A69676265F7
S21403E000652D7377697463682F747579612D7A69E2
S21403E010676265652D7377697463682F73696C61CE
S21403E02062735F746F6F6C732F73696D706C696363
S21403E0306974795F73646B2F70726F746F636F6C40
S21403E0402F7A69676265652F6170702F6672616DDE
S21403E05065776F726B2F706C7567696E2F7265705C
S21403E0606F7274696E672F7265706F7274696E670C
S21403E0702E6300524541445F5250545F4346470067
S21403E080726561645F7265706F7274696E675F63F1
S21403E0906F6E66696775726174696F6E005265703C
S21403E0A06F7274696E673A206661696C6564207482
S21403E0B06F2073656E6420257320726573706F6EB0
S21403E0C073653A20307825303258004552523A204C
S21403E0D072656164696E6720636C7573746572201C
S21403E0E030782530345820617474726962757465AB
S21403E0F0203078253034583A20307825303258008E
S21403E1004552523A207265706F7274696E67206F5B
S21403E11066204C4F4E4720737472696E6720617495
S21403E120747269627574652074797065206E6F7495
S21403E13020737570706F727465643A20636C7573C0
S21403E140746572203078253034582061747472698F
S21403E1506275746520307825303458005265706FC8
S21403E1607274696E6720456E7472792046756C6C9E
S21403E170202D206372656174696E67206E65772053
S21403E1807265706F7274004346475F5250540020A6
S21403E1902D20646972656374696F6E3A2530325850
S21403E1A02C20617474723A25303458002020207471
S21403E1B07970653A253032582C206D696E3A2530D1
S21403E1C034582C206D61783A2530345800202020AE
S21403E1D06368616E67653A0020202074696D656F19
S21403E1E075743A2530345800636F6E6669677572C6
S21403E1F0655F7265706F7274696E67002054434C76
S21403E2004B2075706461746520616C726561647916
S21403E21020696E2070726F6772657373004D616E4E
S21403E22075616C2054434C4B207570646174652093
S21403E2306661696C65642E25730053746172746934
S21403E2406E672075706461746520747275737420CC
S21403E25063656E746572206C696E6B206B657920DE
S21403E26070726F63657373005570646174652054D0
S21403E27043204C696E6B204B657900204E657720F2
S21403E2806B65792065737461626C69736865643A5B
S21403E29000204572726F723A00506172746E657236
S21403E2A03A20005A434C20676C6F62616C20636CA3
S21403E2B0757374657220636F6D6D616E647300644D
S21403E2C06972656374696F6E00646973632D636F47
S21403E2D06D2D67656E00646973632D636F6D2D72B4
S21403E2E06563006578706563742D7265706F72740C
S21403E2F02D66726F6D2D6D65007577726974650096
S21403E3006E7772697465007265706F72742D7265CC
S21403E31061640073656E642D6D652D612D72657085
S21403E3206F72740043726561746573206120676C55
S21403E3306F62616C20646973636F76657220636FC6
S21403E3406D6D616E6420666F7220746865206173FC
S21403E350736F6369617465642076616C7565732E8B
S21403E36000636C757374657249641F6174747269B3
S21403E3706275746549641F6D61784E756D6265726A
S21403E380546F5265706F72741F00437265617465D3
S21403E39073206120676C6F62616C2073656E642006
S21403E3A06D652061207265706F727420636F6D6D8A
S21403E3B0616E6420666F7220746865206173736F84
S21403E3C06369617465642076616C7565732E00639A
S21403E3D06C757374657249641F61747472696275CF
S21403E3E0746549641F64617461547970651F6D694F
S21403E3F06E5265706F727454696D651F6D617852E5
S21403E40065706F727454696D651F7265706F727490
S21403E41061626C654368616E67651F004372656180
S21403E420746573206120676C6F62616C207265612E
S21403E43064207265706F7274696E6720636F6D6DAA
S21403E440616E6420666F7220746865206173736FF3
S21403E45063696174656420636C75737465722C20DC
S21403E46061747472696275746520616E6420736585
S21403E470727665722F636C69656E74206469726563
S21403E4806374696F6E2E00636C757374657249648A
S21403E4901F61747472696275746549641F64697276
S21403E4A0656374696F6E1F00476C6F62616C2072E0
S21403E4B065706F7274696E6720636F6D6D616E64ED
S21403E4C000656E64706F696E741F636C7573746534
S21403E4D07249641F61747472696275746549641F56
S21403E4E06D61736B1F0043726561746573206120F1
S21403E4F0676C6F62616C207265616420636F6D6D1B
S21403E500616E64206D65737361676520746F207236
S21403E5106561642066726F6D2074686520636C7530
S21403E5207374657220616E642061747472696275B7
S21403E5307465207370656369666965642E00636C31
S21403E540757374657249641F617474726962757455
S21403E5506549641F004372656174657320612067B3
S21403E5606C6F62616C20777269746520636F6D6D82
S21403E570616E64206D65737361676520746F2077C1
S21403E5807269746520746F2074686520636C757394
S21403E59074657220616E6420617474726962757446
S21403E5A0652073706563696669656400636C75737B
S21403E5B074657249641F617474726962757465491F
S21403E5C0641F747970651F646174611F004372650C
S21403E5D06174652061206578706563742D7265705B
S21403E5E06F72742D66726F6D2D6D65206D65737316
S21403E5F06167652077697468206173736F63696107
S21403E6007465642076616C7565732E00636C757330
S21403E61074657249641F61747472696275746549BE
S21403E620641F74696D656F75741F0043726561744A
S21403E63065206120446973636F76657220436F6D4E
S21403E6406D616E64732047656E65726174656420E0
S21403E650636F6D6D616E6420776974682061737390
S21403E6606F6369617465642076616C7565732E00EB
S21403E670636C757374657249641F73746172744353
S21403E6806F6D6D616E6449641F6D6178436F6D6D68
S21403E690616E6449641F0053657473207468652053
S21403E6A0646972656374696F6E20666F7220676C47
S21403E6B06F62616C20636F6D6D616E64732C206591
S21403E6C0697468657220636C69656E7420746F2064
S21403E6D0736572766572206F7220736572766572E3
S21403E6E020746F20636C69656E742E0053657473B3
S21403E6F0206120666C616720736F207468617420E4
S21403E700746865206170706C69636174696F6E20EC
S21403E7106672616D65776F726B2057494C4C204E5D
S21403E7204F5420726573706F6E6420746F20746824
S21403E73065206E657874205A434C206D657373614B
S21403E7406765207468617420636F6D657320696EF6
S21403E750206F76657220746865206169722E005397
S21403E760657473206120666C616720736F2074681C
S21403E770617420746865206170706C696361746984
S21403E7806F6E206672616D65776F726B2057494CAA
S21403E7904C20726573706F6E6420746F20746865A6
S21403E7A0206E657874205A434C206D6573736167D9
S21403E7B065207468617420636F6D657320696E20CD
S21403E7C06F76657220746865206169722E005365E2
S21403E7D07473207468652044697361626C652044B1
S21403E7E0656661756C7420526573706F6E73652011
S21403E7F04672616D6520436F6E74726F6C2062693A
S21403E8007420746F2075736520666F722074686554
S21403E810206E65787420636F6D6D616E6420696623
S21403E8202074686520636F6D6D616E642069732064
S21403E8306E6F7420616C7265616479206275696CB1
S21403E840742E0064697361626C6544656661756CF9
S21403E85074526573706F6E73651F0053657473200F
S21403E86074686520666C616720746F207573652015
S21403E87074686520696E6372656D656E7465642081
S21403E88073657175656E6365206E756D626572205E
S21403E89066726F6D20746865206672616D65776F4A
S21403E8A0726B20666F7220746865206E65787420BC
S21403E8B072617720636F6D6D616E642E007573658C
S21403E8C04E65787453657175656E63651F00436C9A
S21403E8D06920636F6D6D616E6420746F2063616C75
S21403E8E06C20736C5F7A69676265655F61665F73E8
S21403E8F065745F74696D652066756E6374696F6EA3
S21403E90020646F63756D656E74656420696E20613F
S21403E910662E680075746354696D651F00536574CD
S21403E92073207468652074776F2062797465206D30
S21403E930616E756661637475726572207370656364
S21403E94069666963206964656E74696669657220C1
S21403E950746F2075736520666F7220746865206E09
S21403E96065787420636F6D6D616E642069662074CC
S21403E970686520636F6D6D616E64206973206E6FCA
S21403E9807420616C7265616479206275696C742E9B
S21403E990006D6667537065636966696349641F0043
S21403E9A06E6F742000534C5F5354415455535F4E5F
S21403E9B04554574F524B5F555020307825303458C6
S21403E9C00054727573742043656E746572204555E2
S21403E9D049206861732025736368616E6765642EDA
S21403E9E000534C5F5354415455535F4E4554574F51
S21403E9F0524B5F444F574E00534C5F53544154554C
S21403EA00535F4E4F545F4A4F494E454400534C5F45
S21403EA105354415455535F5A49474245455F4E4503
S21403EA2054574F524B5F4F50454E45443A2025644A
S21403EA302073656300534C5F5354415455535F5AD8
S21403EA4049474245455F4E4554574F524B5F434CEB
S21403EA504F5345440025733A202573006469737445
S21403EA60726962757465640063656E7472616C695D
S21403EA707A656400466F726D002573696E67206F52
S21403EA806E2063682025642C2070616E49642030F4
S21403EA907825303458004572726F723A2044657692
S21403EAA069636520646F6573206E6F742073757079
S21403EAB0706F7274202573206E6574776F726B2087
S21403EAC0666F726D6174696F6E004A6F696E004996
S21403EAD06E76616C69642053656375726974792018
S21403EAE050726F66696C653A20307825303258006C
S21403EAF0704A6F696E20666F7220256420736563A3
S21403EB003A20307825303258004C696D6974696E46
S21403EB1067206475726174696F6E206F6620706516
S21403EB20726D6974206A6F696E2066726F6D2066F7
S21403EB306F726576657220283235352920746F200A
S21403EB403235340052583A205A444F2C20636F6DA6
S21403EB506D616E64203078253034582C20737461D0
S21403EB607475733A203078253032580053696D70C7
S21403EB706C650052583A202573204465736320520F
S21403EB80657370004D61746368002C204D61746377
S21403EB906865733A20256400446576696365204199
S21403EBA06E6E6F756E63653A203078253034580084
S21403EBB052583A204945454520416464726573734B
S21403EBC020526573706F6E73650052583A20416326
S21403EBD07469766520455020526573706F6E736551
S21403EBE02C20436F756E743A202564004E6F64655F
S21403EBF0002C204D6174636865733A2030782530A5
S21403EC00345800737461636B207665722E205B251F
S21403EC10642E25642E256400202573206275696C96
S21403EC20642025645D005A444F0053450048410064
S21403EC30436C757374657200476C6F62616C002574
S21403EC40737478203078253038582C200050726F33
S21403EC5066696C653A202573202830782530345849
S21403EC60292C20436C75737465723A2030782530EE
S21403EC7034582C2025642062797465732C00205A3E
S21403EC80434C20257320436D642049443A20256471
S21403EC90005072652D52656C6561736500416C703A
S21403ECA06861203100416C706861203200416C70ED
S21403ECB068612033004265746120310042657461E7
S21403ECC02032004265746120330047410052657369
S21403ECD0657420696E666F3A203078253032582086
S21403ECE0282573290064656C6574652062696E6403
S21403ECF0696E673A20253032582025303258000195
S21403ED0002030405060708090A0B0C0001010101AA
S21403ED1001010101010101010057524954452045F3
S21403ED2052523A20002573657020253032582063EE
S21403ED306C75732025303458206174747220253026
S21403ED403458206E6F7420737570706F72746564B8
S21403ED50002573696E76616C696420646174612052
S21403ED607479706500257361747472206E6F7420F5
S21403ED707772697461626C650057524954453A204C
S21403ED806E6F2077726974652C206A7573742061C0
S21403ED90207465737400524541443A20617474725A
S21403EDA069627574652073697A6520746F6F206C69
S21403EDB06172676520666F722063616C6C657200B2
S21403EDC0636C6E74007372767200525700524F0073
S21403EDD0202052414D20200020746F6B656E20006A
S21403EDE065787465726E2000454E44504F494E5404
S21403EDF0202530325800636C7573202F20736964A6
S21403EE0065202F2061747472202F206D6667202082
S21403EE102F74797065286C656E292F207277202FE2
S21403EE202073746F72616765202F2064617461209C
S21403EE3028726177290025303458202F2025732027
S21403EE402F2025303458202F2000202F2025303225
S21403EE505820282530325829202F202573202F208C
S21403EE602573202F2000556E737570706F7274654E
S21403EE7064004F544120524541443A2065703A2578
S21403EE80303258206369643A2530345820617474EC
S21403EE9069643A25303458206D736B3A25303258FE
S21403EEA0206D66636F64653A2530345800524541D9
S21403EEB0443A20636C757320253034582C206174D3
S21403EEC074722025303458206661696C6564202589
S21403EED030325800524541443A20636C75732025FE
S21403EEE03034582C206174747220253034582C200A
S21403EEF0646174614C656E3A20253032582C204F7D
S21403EF004B002825632925303258253032582530C2
S21403EF10325825303258253032582530325825306D
S21403EF203258253032580064697361626C65002577
S21403EF3073642C2064726F7070696E67206570202E
S21403EF4030782530325820636C757320307825303E
S21403EF50345820636D642030782530325800476576
S21403EF606E6572617465640052656365697665648F
S21403EF7000446973636F76657220436F6D6D616ECF
S21403EF80647320726573706F6E73652028636F6D8C
S21403EF90706C6574653A202563292C2025732049F7
S21403EFA044733A200030782530325820005F4558A5
S21403EFB05400524541445F415454520057524954F9
S21403EFC0453A20636C757320253034582061747479
S21403EFD072202530345820004641494C20253032D3
S21403EFE0580057524954453A20746F6F2073686F20
S21403EFF0727400444953435F4154545200257325A9
S21403F000733A20636C757320253034580053766347
S21403F01020446973633A2000257357616974696EE7
S21403F020672025642073656320666F7220646973A6
S21403F030636F7665727920746F20636F6D706C658D
S21403F040746500537461746520636F7272657370C0
S21403F0506F6E64696E6720746F20746865207468C9
S21403F060652072657175657374206E6F7420666FA4
S21403F070756E640A002573636F6D706C6574652E18
S21403F0800A00257353657276696365204469736362
S21403F0906F76657279205374617465206C696D6947
S21403F0A0747320726561636865640A002573496C2E
S21403F0B06C6567616C2062726F6164636173742050
S21403F0C0616464726573732C2072656D6170706918
S21403F0D06E6720746F2076616C6964206F6E652E90
S21403F0E00025734661696C656420746F2073656ED2
S21403F0F064206D6174636820646973636F766572F8
S21403F100793A20307825303258002573537461726B
S21403F11074696E6720646973636F766572792066B7
S21403F1206F7220636C757374657220307825303483
S21403F130580025734661696C656420746F20736597
S21403F1406E642073696D706C6520646573637269A1
S21403F15070746F7220726571756573743A203078B7
S21403F160253032580025734661696C656420746FD8
S21403F1702073656E64204945454520616464726565
S21403F180737320726571756573743A203078253011
S21403F19032580025734661696C656420746F20736A
S21403F1A0656E64204E574B206164647265737320EA
S21403F1B0726571756573743A20307825303258005D
S21403F1C04572726F723A20257320626164207369F8
S21403F1D06D706C652064657363726970746F7220FA
S21403F1E06C656E6774682E0025734D65737361676F
S21403F1F06520746F6F2073686F72740025734D6596
S21403F200737361676520746F6F2073686F72742001
S21403F210666F72206E756D2E20656E64706F696EF4
S21403F22074730025734D61746368257320666F7568
S21403F2306E642066726F6D203078253034582E0049
S21403F2404572726F723A20257320696E76616C6917
S21403F25064206C656E6774682028256420213D2031
S21403F26025642920666F722041637469766520459C
S21403F2706E64706F696E7420726573706F6E7365FB
S21403F280002573676F742061637469766520455043
S21403F29020726573706F6E736500555443207469EE
S21403F2A06D653A2025642F25642F25642025643A4E
S21403F2B025643A2564202825303858290028556EB9
S21403F2C06B6E6F776E20636C75732E205B307825BC
S21403F2D03034585D29000D0A54253038583A005208
S21403F2E058206C656E2025642C20657020253032EE
S21403F2F0582C20636C7573203078253034582000E2
S21403F300206D666749642025303458002046432024
S21403F3102530325820736571202530325820636DAE
S21403F320642025303258207061796C6F61645B000D
S21403F3304261736963004F76657220746865204185
S21403F340697220426F6F746C6F6164696E67002523
S21403F35073525820706B7420746F6F2073686F72CB
S21403F360743A202564203C202564002573525820D7
S21403F370706B74206D616C666F726D65643A2025E0
S21403F38064203C2025640020204861766520526F67
S21403F3907574657220537570706F72740020204503
S21403F3A06E6420446576696365204F6E6C79002031
S21403F3B020456E61626C6564002020446973616257
S21403F3C06C6564004572726F72207265747269654B
S21403F3D076696E6720696E666F20666F72206C6949
S21403F3E06272617279204944202564002573206C7B
S21403F3F069627261727925732070726573656E74C3
S21403F400005A69676265652050726F0042696E64D0
S21403F410696E6700536563757269747920436F720A
S21403F42065005365637572697479204C696E6B2049
S21403F4304B6579730043424B45203136334B3100DD
S21403F44043424B4520445341205369676E0045436E
S21403F450430043424B452044534120566572696638
S21403F46079005061636B65742056616C69646174DE
S21403F47065005A4C4C0043424B45203238334B31DF
S21403F48000454343203238334B310043424B45203B
S21403F490636F7265004E4350004D756C7469206E41
S21403F4A06574776F726B00456E68616E6365642082
S21403F4B0426561636F6E205265710043424B45207F
S21403F4C03238334B3120445341205665726966798E
S21403F4D0004D756C74692D50414E002F686F6D6535
S21403F4E02F72756E6E65722F776F726B2F747579C8
S21403F4F0612D7A69676265652D7377697463682F12
S21403F500747579612D7A69676265652D7377697499
S21403F51063682F73696C6162735F746F6F6C732FAC
S21403F52073696D706C69636974795F73646B2F704C
S21403F530726F746F636F6C2F7A69676265652F737A
S21403F5407461636B2F636F6E6669672F736C5F7A84
S21403F55069676265655F636F6E6669677572617416
S21403F560696F6E2E63002F686F6D652F72756E6EF2
S21403F57065722F776F726B2F747579612D7A696751
S21403F5806265652D7377697463682F747579612D69
S21403F5907A69676265652D7377697463682F736923
S21403F5A06C6162735F746F6F6C732F73696D706CCD
S21403F5B069636974795F73646B2F70726F746F63BA
S21403F5C06F6C2F7A69676265652F737461636B2F3F
S21403F5D06672616D65776F726B2F6165732D6563F8
S21403F5E0622E63002F686F6D652F72756E6E65727F
S21403F5F02F776F726B2F747579612D7A69676265E1
S21403F600652D7377697463682F747579612D7A69CC
S21403F610676265652D7377697463682F73696C61B8
S21403F62062735F746F6F6C732F73696D706C69634D
S21403F6306974795F73646B2F70726F746F636F6C2A
S21403F6402F7A69676265652F737461636B2F7365C1
S21403F6506375726974792F7A69676265652D736558
S21403F6606375726974792D6D616E616765722D6E4F
S21403F6706F2D7661756C742E63004572726F723AE5
S21403F68020204661696C656420746F20726561642E
S21403F6902066726F6D20454550524F4D2061742091
S21403F6A030782534582C207374617475733A20258A
S21403F6B06400454550524F4D20496E697469616C2C
S21403F6C0697A65643A20256300454550524F4D20BC
S21403F6D0427573793A202563005061727469616CD0
S21403F6E020576F72642053746F7261676520436F8F
S21403F6F0756E743A20256400416464726573733AC8
S21403F7002030782534582C205061727469616C203F
S21403F710576F72643A203078255800636F6E6669B7
S21403F720726D656400617373756D6564000A4545A3
S21403F73050524F4D20496E666F004E6F74206176AF
S21403F74061696C61626C6520286F6C646572206207
S21403F7506F6F746C6F6164657229005061727420F8
S21403F7604465736372697074696F6E3A2020202053
S21403F7702020202020202573004361706162696C7D
S21403F78069746965733A20202020202020202020D9
S21403F79020202020307825325800506167652045A8
S21403F7A0726173652074696D65202873293A202079
S21403F7B020202020256400506172742045726173F6
S21403F7C0652074696D65202873293A20202020203F
S21403F7D0202564005061727420457261736520743D
S21403F7E0696D6520286D73293A2020202020202566
S21403F7F06400506167652073697A652028627974AE
S21403F8006573293A202020202020202020256C0004
S21403F810506172742073697A6520286279746573FF
S21403F820293A202020202020202020256C00576FF6
S21403F83072642073697A6520286279746573293A3D
S21403F8402020202020202020202564202825702901
S21403F85000454550524F4D20696E69743A20307802
S21403F8602558002F686F6D652F72756E6E65722F43
S21403F870776F726B2F747579612D7A696762656528
S21403F8802D7377697463682F747579612D7A696748
S21403F8906265652D7377697463682F73696C61623B
S21403F8A0735F746F6F6C732F73696D706C696369C4
S21403F8B074795F73646B2F7574696C2F706C7567DE
S21403F8C0696E2F706C7567696E2D636F6D6D6F6EE5
S21403F8D02F656570726F6D2F656570726F6D2E6321
S21403F8E000556E61626C6520746F20626F6F7420C2
S21403F8F0696D61676520617420736C6F7420256C75
S21403F900640A00536C6F74204D616E6167657220E4
S21403F9106661696C656420746F2065726173652027
S21403F920736C6F740A004D61782072656164206C95
S21403F930696D69742073657420746F202564206272
S21403F940797465730A0041646472657373202020BA
S21403F95020202020202020446174610A003078256E
S21403F960346C7820202020202020307825780A0048
S21403F9704661696C656420746F20726561642066F5
S21403F980726F6D20666C6173680A00536C6F742027
S21403F990256C640A202041646472657373202020FA
S21403F9A020203A20307825346C580A20204C656E87
S21403F9B06774682020202020203A20307825346C75
S21403F9C0582028256C64206279746573290A002000
S21403F9D0205479706520202020202020203A200003
S21403F9E04E6F2047424C2070726573656E740A0032
S21403F9F05A69674265650A005468726561640A005D
S21403FA00436F6E6E6563740A00426C7565746F6F40
S21403FA1074680A00426C7565746F6F746820617051
S21403FA20706C69636174696F6E0A004D43550A0012
S21403FA304F7468657220283078256C58290A002090
S21403FA402056657273696F6E20202020203A20307E
S21403FA5078256C580A0020204361706162696C69DE
S21403FA60746965733A20307825346C580A00202070
S21403FA7050726F6475637420494420203A20003026
S21403FA807825582000536C6F74204D616E6167654E
S21403FA90723A206661696C656420746F20696E69CA
S21403FAA07469616C697A6520626F6F746C6F6164E8
S21403FAB0657220286572726F722030782534782933
S21403FAC00A0056657273696F6E20202020203A2044
S21403FAD025640A00506172742020202020202020F4
S21403FAE03A2025730A004361706162696C69746920
S21403FAF065733A20307825780A0050617274207353
S21403FB00697A652020203A20256420420A00506145
S21403FB1067652073697A652020203A202564204291
S21403FB200A00576F72642073697A652020203A2092
S21403FB30256420420A00536C6F7473202020202013
S21403FB4020203A2025640A004661696C65642074A7
S21403FB506F20726561642066726F6D2073746F72B6
S21403FB6061676520666C61736820286572726F72C0
S21403FB70202564290A00496E76616C696420736CDB
S21403FB806F7420256420286D617820736C6F742051
S21403FB902564290A004661696C656420746F2067D2
S21403FBA0657420696E666F20666F7220736C6F745F
S21403FBB02025640A00536C6F74204D616E6167657F
S21403FBC0723A20736C6F742077726974652066616D
S21403FBD0696C7572652E2041646472657373206F59
S21403FBE066667365742028256429202B207772693E
S21403FBF07465206C656E6774682028256429206701
S21403FC00726561746572207468616E20746F7461C6
S21403FC106C20736C6F74206C656E6774682028257F
S21403FC2064290A00536C6F74204D616E61676572B8
S21403FC30207761726E696E673A20736C6F74202545
S21403FC4064206C656E6774682028256429206E6FAF
S21403FC507420616C69676E656420746F20706167D9
S21403FC60652073697A6520282564292E20546865E3
S21403FC7020656E7469726520736C6F742077696C87
S21403FC806C206E6F74206265206572617365642EE6
S21403FC900A00536C6F74204D616E616765723A207B
S21403FCA06661696C656420746F2065726173652094
S21403FCB0256420627974657320696E20736C6F7493
S21403FCC02025642061742061646472657373203038
S21403FCD07825347820286572726F722030782578FC
S21403FCE0290A00457261736564202564206279746D
S21403FCF0657320696E20736C6F742025640A004652
S21403FD0061696C656420746F2073657420736C6F0F
S21403FD107420746F20626F6F7420286572726F721E
S21403FD20203078253478290A004661696C6564209A
S21403FD30746F20736574206C697374206F66207308
S21403FD406C6F747320746F20626F6F7420286572F3
S21403FD50726F72203078253478290A004661696C00
S21403FD60656420746F20676574206E6577206C6900
S21403FD707374206F6620736C6F747320746F2062C5
S21403FD806F6F7420286572726F722030782534780E
S21403FD90290A00426567696E6E696E6720696D6140
S21403FDA0676520766572696669636174696F6E2E2E
S21403FDB02E2E002E6661696C6564212028457272BA
S21403FDC06F72203078253478290A002E7061737399
S21403FDD065642120426F6F74696E6720736C6F745D
S21403FDE02025640A00666E692B00666E69006E61E4
S21403FDF06E00666E692D006C696273006273656ED1
S21403FE0064007265736574007261770073656E646F
S21403FE105F6D756C7469636173740073656E642DCE
S21403FE207573696E672D6D756C7469636173742D74
S21403FE3062696E64696E670074696D6573796E6373
S21403FE40006765742D7074692D726164696F2D6324
S21403FE506F6E66696700636F6E6669672D636361BD
S21403FE602D6D6F6465006576656E747300736563E8
S21403FE707572697479007A69676265655F7072691D
S21403FE806E7400706C7567696E006E6574006B65E2
S21403FE907973006F7074696F6E00706C75670063BA
S21403FEA068616E67656B6579006368616E67656B2D
S21403FEB0007A646F007072696E742072656C617488
S21403FEC0656420636F6D6D616E64732E0061747478
S21403FED072005A646F2072656C6174656420636F88
S21403FEE06D6D616E64732E00726F75746500706F4E
S21403FEF0776572006D676D742D6C7169006D676D43
S21403FF00742D62696E64006E6F64650073696D704C
S21403FF106C65006965656500756E62696E64006E82
S21403FF20776B2D757064006F75742D636C2D6C691B
S21403FF30737400696E2D636C2D6C697374005A6458
S21403FF406F20696E2D636C2D6C6973742072656CFB
S21403FF506174656420636F6D6D616E64732E005A01
S21403FF60646F206F75742D636C2D6C6973742072C7
S21403FF70656C6174656420636F6D6D616E64732E6A
S21403FF80005A646F206E776B2D7570642072656CF3
S21403FF906174656420636F6D6D616E64732E0073A8
S21403FFA063616E2D6368616E2D6D61736B007363A1
S21403FFB0616E006368616E5067006368616E005A25
S21403FFC0646F20756E62696E642072656C61746519
S21403FFD06420636F6D6D616E64732E00756E696366
S21403FFE0617374006368616E67656B65792072651B
S21403FFF06C6174656420636F6D6D616E64732E004F
S2140400006C696E6B004F7074696F6E2072656C61FC
S21404001074656420636F6D6D616E64732E00726523
S214040020676973746572006469736300696E7374D8
S214040030616C6C2D636F64650062696E64696E67DB
S2140400402D7461626C65007072696E742D72782D01
S2140400506D736773006170737265747279004150D2
S2140400605320726574727920666C616720666F72BD
S214040070636520636F6D6D616E647300456E6162C7
S2140400806C65732F44697361626C65732070726962
S2140400906E74696E67206F66205278206D65737380
S2140400A0616765732E00656E61626C650042696EF9
S2140400B064696E67207461626C652072656C617435
S2140400C0656420636F6D6D616E64732E00536563A3
S2140400D07572697479206B6579732072656C6174C6
S2140400E0656420636F6D6D616E64732E0064656C69
S2140400F0657465004E6574776F726B2072656C610B
S21404010074656420636F6D6D616E64732E00666F34
S214040110726D0072656A6F696E2D646966662D6419
S21404012065766963652D74797065006578747061A9
S2140401306E69640069736F70656E0062726F6164E5
S2140401402D706A6F696E006368616E67652D6368FB
S214040150616E6E656C00696E6974006368616E67D3
S214040160652D6B6565702D616C6976652D6D6F64A4
S214040170650074696D656F75742D6F7074696F6E44
S2140401802D6D61736B006D756C74692D7068792DB7
S2140401907374617274006D756C74692D7068792D52
S2140401A073746F700066696E64006E6574776F7240
S2140401B06B2066696E6420636F6D6D616E64732E6A
S2140401C0006A6F696E61626C6500756E757365644E
S2140401D000736C6F742D6D616E6167657200636F7A
S2140401E0756E7465727300656E642D6465766963F6
S2140401F0652D737570706F72740066696E642D6118
S2140402006E642D62696E6400667261676D656E74F5
S2140402106174696F6E0067726F7570732D736572A3
S214040220766572006E6574776F726B2D7374656590
S21404023072696E67006F74612D626F6F746C6F61A4
S21404024064006F74612D636C69656E74006F74610D
S2140402502D73746F726167652D636F6D6D6F6E00BD
S2140402606F74612D73746F726167652D6565707246
S2140402706F6D0069646C652D736C656570007570D0
S214040280646174652D74632D6C696E6B2D6B657972
S214040290007570646174652D74632D6C696E6B2DC6
S2140402A06B65792072656C6174656420636F6D6D2F
S2140402B0616E64730074696D6572006E6F770043D7
S2140402C06F6D6D616E647320746F20636F6E7472ED
S2140402D06F6C2069646C696E672F736C65657069F2
S2140402E06E67206F6620746865206465766963654A
S2140402F000666F7263652D6177616B650061776177
S2140403006B652D7768656E2D6E6F742D6A6F696EDA
S2140403106564007265706F7274696E672072656CCE
S2140403206174656420636F6D6D616E64732E006323
S2140403306C6561722D6C6173742D7265706F727466
S2140403402D74696D6500746573742D74696D696EBA
S21404035067006F74612D73746F726167652D6565D0
S21404036070726F6D2072656C6174656420636F6D66
S2140403706D616E64732E0077697065006F74612D0D
S21404038073746F726167652D636F6D6D6F6E207227
S214040390656C6174656420636F6D6D616E64730073
S2140403A07072696E74496D616765730072656C6F0F
S2140403B061640073746F726167652D696E666F00A1
S2140403C0646174612D7072696E74006F74612D635C
S2140403D06C69656E742072656C6174656420636F05
S2140403E06D6D616E64732E0076657269667900625F
S2140403F06C6F636B2D7465737400706167652D7222
S21404040065717565737400757067726164652D72C5
S2140404106571756573740064697361626C652D64D7
S2140404206F776E67726164657300656E61626C6592
S2140404302D646F776E677261646573006F74612DE7
S214040440626F6F746C6F61642072656C617465644E
S21404045020636F6D6D616E6473006E6574776F7282
S2140404606B2D7374656572696E672072656C617452
S214040470656420636F6D6D616E64732E00707265C3
S2140404802D636F6E666967757265642D6B65792D6D
S214040490736574006D61736B2072656C617465645A
S2140404A020636F6D6D616E642E0073756274726185
S2140404B063740067726F7570732D736572766572F8
S2140404C02072656C6174656420636F6D6D616E6423
S2140404D0732E00667261676D656E746174696F6E03
S2140404E02072656C6174656420636F6D6D616E6403
S2140404F0732E007365742D72782D77696E646F772A
S2140405002D73697A65006172746966696369616CE2
S2140405102D626C6F636B2D64726F700046696E6437
S21404052020616E642062696E642072656C61746515
S2140405306420636F6D6D616E64732E00696E6974FA
S2140405406961746F7200656E642D646576696365AF
S2140405502D737570706F72742072656C6174656447
S21404056020636F6D6D616E64732E00706F6C6C2DFE
S214040570636F6D706C657465642D63616C6C626129
S214040580636B00666F7263652D73686F72742D708B
S2140405906F6C6C00656E61626C655F747970650083
S2140405A0737461636B00617070007A636C006C65D1
S2140405B0676163795F61665F646562756700636F30
S2140405C0756E746572732072656C617465642063FD
S2140405D06F6D6D616E64732E007072696E742D6338
S2140405E06F756E7465722D747970650073696D70BD
S2140405F06C652D7072696E74007072696E742D74F9
S21404060068726573686F6C6473007365742D7468C0
S214040610726573686F6C640072657365742D7468B4
S214040620726573686F6C64730073656E642D7265AF
S2140406307175657374007365637572697479207275
S214040640656C6174656420636F6D6D616E647300C0
S2140406507365742D616C6C6F772D74727573742D5D
S21404066063656E7465722D72656A6F696E2D757337
S214040670696E672D77656C6C2D6B6E6F776E2D6B60
S2140406806579007365742D616C6C6F772D74727563
S21404069073742D63656E7465722D72656A6F696E08
S2140406A02D7573696E672D77656C6C2D6B6E6F7721
S2140406B06E2D6B65792D74696D656F757400736541
S2140406C0742D6B65792D726571756573742D706FF5
S2140406D06C696379006D66672D746F6B656E006177
S2140406E07073005365637572697479206170732042
S2140406F072656C6174656420636F6D6D616E64739E
S2140407002E004765742F736574204D464720746F1A
S2140407106B656E2E00656E64706F696E742072650C
S2140407206C6174656420636F6D6D616E64732E0016
S214040730656570726F6D207574696C697479207262
S214040740656C6174656420636F6D6D616E647300BF
S214040750536C6F74204D616E616765722072656CB0
S2140407606174656420636F6D6D616E647300626F9F
S2140407706F742D736C6F740065726173652D736C82
S2140407806F74006578742D666C6173682D696E6687
S2140407906F00736C6F74732D696E666F00507269A8
S2140407A06E74732074696D652E005072696E74736E
S2140407B0206174747269627574652E00436C656199
S2140407C0727320746865205A444F206C69737420D1
S2140407D06F6620636C69656E742028696E292063D1
S2140407E06C7573746572732E004164647320636C55
S2140407F075737465727320746F20746865206B6EED
S2140408006F776E20636C69656E742028696E292084
S214040810636C757374657273206F6E207468697385
S214040820206465766963652E00436C656172732087
S214040830746865205A444F206C697374206F662070
S214040840636C69656E7420286F75742920636C75F3
S21404085073746572732E004164647320636C7573DD
S2140408607465727320746F20746865206B6E6F777E
S2140408706E20636C69656E7420286F757429206316
S2140408806C757374657273206F6E20746869732058
S2140408906465766963652E0053656E647320616EC5
S2140408A020757064617465206368616E6E656C2083
S2140408B0726571756573742E006368616E6E656C1F
S2140408C01F0053656E647320616E207570646174D6
S2140408D065206368616E6E656C2070616765207262
S2140408E065712E2054686520737461636B2073658C
S2140408F06E6473206E776B20656E68616E636564E4
S214040900207570646174652072657120666F72204C
S2140409106E6F6E2D7A65726F20706167652E006348
S21404092068616E6E656C1F706167651F0050657246
S214040930666F726D7320616E20656E6572677920CE
S2140409407363616E2E007461726765744E6F6465BE
S21404095049641F7363616E4475726174696F6E1FB8
S2140409607363616E436F756E741F0042726F6164C9
S214040970636173747320746865204944206F66202D
S214040980746865206E6577206E6574776F726B2069
S2140409906D616E6167657220616E6420616374695F
S2140409A07665206368616E6E656C732E006E776B79
S2140409B04D676549641F6368616E6E656C4D61734F
S2140409C06B1F00506572666F726D7320616E2065D2
S2140409D06E65726779207363616E206F6E20676937
S2140409E076656E206368616E6E656C206D61736BF0
S2140409F02E007461726765744E6F646549641F7374
S214040A0063616E4475726174696F6E1F7363616EA1
S214040A10436F756E741F6368616E6E656C4D6173AB
S214040A206B1F0053656E64732061206E6574776F68
S214040A30726B206164647265737320726571756588
S214040A40737420666F722074686520676976656EB5
S214040A50204945454520616464726573732E0069B8
S214040A606565651F00526571756573747320616EE4
S214040A70204945454520616464726573732062614C
S214040A80736564206F6E206120676976656E206EDC
S214040A906F64652049442E006E6F646549641F00C8
S214040AA053656E647320612073696D706C65206491
S214040AB0657363726970746F72207265717565739D
S214040AC07420666F72207468652073686F72742071
S214040AD06164647265737320616E6420656E64700D
S214040AE06F696E74207370656369666965642E0049
S214040AF0646573741F746172676574456E64706FA1
S214040B00696E741F0053656E64732061206D617492
S214040B10636844657363726970746F727352657147
S214040B207565737420746F207468652067697665CC
S214040B306E2064657374696E6174696F6E2077697C
S214040B4074682074686520676976656E2070726FB5
S214040B5066696C652E006E6F646549641F70726FFB
S214040B6066696C651F0053656E64732061206E6F42
S214040B7064652064657363726970746F722072654D
S214040B80717565737420746F206120676976656E6D
S214040B9020746172676574206465766963652E00E7
S214040BA07461726765741F0053656E6473206120F8
S214040BB05A444F2042696E6420636F6D6D616E64A3
S214040BC020746F20612064657669636520737065A0
S214040BD063696669656420696E2074686520636F5E
S214040BE06D6D616E6420617267756D656E74732ECB
S214040BF00044657374696E6174696F6E1F536F7514
S214040C0072636520656E64706F696E741F446573E5
S214040C1074696E6174696F6E20656E64706F696E58
S214040C20741F636C757374657249441F72656D6FC7
S214040C30746545554936341F64657374455549369D
S214040C40341F0053656E647320616E20616374699B
S214040C50766520656E64706F696E74207265717552
S214040C6065737420746F20746865206465766963A0
S214040C706520776974682074686520676976656E90
S214040C802073686F72742049442E0053656E647333
S214040C9020616E20756E62696E642072657175657A
S214040CA0737420666F72206120756E696361737455
S214040CB02062696E64696E6720746F2074686520AC
S214040CC0746172676574206465766963652E007462
S214040CD061726765741F736F7572636520657569E5
S214040CE036341F736F7572636520656E64706F6942
S214040CF06E741F636C757374657249441F64657300
S214040D0074696E6174696F6E45554936341F64653F
S214040D107374696E6174696F6E20656E64706F6952
S214040D206E741F0053656E647320616E20756E6268
S214040D30696E64207265717565737420666F7220BF
S214040D4061206D756C7469636173742062696E6486
S214040D50696E6720746F20746865207461726765B5
S214040D6074206465766963652E00746172676574C1
S214040D701F736F757263652065756936341F736FEC
S214040D807572636520656E64706F696E741F636C3C
S214040D90757374657249441F67726F757041646435
S214040DA0726573731F0053656E64732061205A4422
S214040DB04F204D616E6167656D656E74204C65618C
S214040DC0766520636F6D6D616E6420746F20746841
S214040DD06520746172676574206465766963652E40
S214040DE0007461726765741F72656D6F766543681B
S214040DF0696C6472656E1F72656A6F696E1F005354
S214040E00656E64732061205A444F204D474D542D1F
S214040E1042696E64202842696E64696E6720546174
S214040E20626C6529205265717565737420746F2031
S214040E307468652074617267657420646576696396
S214040E40652E007461726765741F737461727449E9
S214040E506E6465781F0053656E64732061205A447F
S214040E604F204D474D542D4C514920284C51492074
S214040E705461626C652920526571756573742074BB
S214040E806F20746865207461726765742064657683
S214040E906963652E0053656E64732061205A444F5F
S214040EA020506F7765722044657363726970746F3F
S214040EB072205265717565737420746F207468654A
S214040EC020746172676574206465766963652E00B4
S214040ED053656E64732061205A444F20726F757494
S214040EE065207265717565737420636F6D6D616ED0
S214040EF06420746F20746865207461726765742E4C
S214040F00007461726765741F696E6465781F006992
S214040F106E6465781F65756936341F696E7374610F
S214040F206C6C436F64651F00696E6465781F657535
S214040F306936341F6B65791F005443206C696E6BE9
S214040F40206B6579207265717565737420706F6C9B
S214040F506963791F417070206C696E6B206B6579CC
S214040F60207265717565737420706F6C6963791F80
S214040F7000426F6F6C3A20616C6C6F7720747275E8
S214040F8073742063656E7465722072656A6F696E29
S214040F90207573696E672077656C6C2D6B6E6F7742
S214040FA06E206B65791F0070726F66696C654964A4
S214040FB01F636C757374657249641F00746172678D
S214040FC0657449641F00456E61626C6573207072B7
S214040FD0696E74696E67206F66205278206D65733B
S214040FE073616765732E0053657473207468652097
S214040FF062696E64696E67207461626C6500696E0E
S2140410006465781F636C75737465721F6C6F6361B7
S2140410106C45701F72656D6F746545701F657569E4
S21404102036341F00436C65617273207468652062F1
S214041030696E64696E67207461626C652E00507216
S214041040696E7473207468652062696E64696E677D
S214041050207461626C6520746F2074686520636F09
S2140410606D6D616E64206C696E652E00436C6561FF
S214041070727320616C6C2073656375726974792071
S2140410806B6579732E0044656C65746520746865B9
S21404109020737065636966696564206C696E6B208D
S2140410A06B657920696E6465782E005072696E747B
S2140410B07320616C6C207365637572697479206B38
S2140410C06579732E005465726D696E61746573205C
S2140410D0746865206D756C74692D50485920696E66
S2140410E074657266616365005573656420746F2069
S2140410F07374617274206D756C74692D5048592030
S214041100696E74657266616365206F7468657220C3
S2140411107468616E206E617469766520616E642001
S214041120666F726D20746865206E6574776F726B77
S2140411302E2054686520737461636B207573657321
S2140411402073616D652050616E4964206173206E62
S214041150617469766520726164696F206E65747760
S2140411606F726B2E00706167651F6368616E6E65D3
S2140411706C1F706F7765721F6F7074696F6E734D36
S21404118061736B20284269742030203D20526F75AD
S2140411907465727320616C6C6F7765642C20426989
S2140411A0742031203D2042726F6164636173742041
S2140411B0616C6C6F776564291F00417474656D708B
S2140411C0747320746F206368616E67652074686545
S2140411D0206368696C642074696D656F7574206F2C
S2140411E07074696F6E206D61736B20746F2066690E
S2140411F06C746572206F757420756E64657369729D
S21404120061626C652076616C7565732028652E674F
S2140412102E206E6F206D6F7265207468616E2033A9
S2140412202064617973292E0074696D656F75742066
S2140412306F7074696F6E206D61736B1F00537769EE
S2140412407463686573206265747765656E20646987
S21404125066666572656E74206B65657020616C6980
S2140412607665206D6F64657320737570706F727425
S2140412706564206279206120726F757465722E0031
S2140412804B65657020616C697665206D6F64651FBB
S214041290005072696E747320746865206375727288
S2140412A0656E74204E6F64652049442C204555496C
S2140412B036342C20616E642050616E2049442E0022
S2140412C0496E697469616C697A65732061206E651C
S2140412D074776F726B3B207468697320697320613E
S2140412E0207465737420636F6D6D616E642075730E
S2140412F0656420666F722074632D737761702D6F3A
S21404130075742074657374696E672E005365747300
S21404131020746865206E6574776F726B20696E64DE
S2140413206578207573656420627920616C6C20662C
S214041330757475726520434C4920636F6D6D616EDC
S21404134064732E20204265666F7265206578656337
S2140413507574696E67206120434C4920636F6D6D18
S214041360616E642C20746865206672616D65776FA3
S214041370726B20737769746368657320746F207466
S214041380686973206E6574776F726B2E20204166D1
S2140413907465722074686520636F6D6D616E642079
S2140413A066696E69736865732065786563757469C4
S2140413B06E672C20746865206672616D65776F723F
S2140413C06B207377697463686573206261636B204E
S2140413D0746F207468652070726576696F75732003
S2140413E06E6574776F726B2E202054686520434CAC
S2140413F0492075736573207468652073616D652074
S2140414006E6574776F726B20696E64657820756E8E
S21404141074696C20746865206465766963652072F7
S2140414206573657473206F72206974206973206312
S21404143068616E676564207468726F756768207487
S21404144068697320636F6D6D616E642E00417474F9
S214041450656D70747320746F206368616E676520B1
S214041460646576696365206F76657220746F2061A3
S21404147020646966666572656E74206368616E6E64
S214041480656C20676976656E20696E2074686520D1
S2140414906368616E6E656C20617267756D656E74E7
S2140414A02E00546865206368616E6E656C20746FE8
S2140414B0206368616E676520746F1F0066696E64DA
S2140414C0556E7573656450616E49640066696E6432
S2140414D04A6F696E61626C654E6574776F726B00F5
S2140414E05065726D697473206A6F696E696E6720E1
S2140414F06F6E20746865206E6574776F726B2066F5
S2140415006F72206120676976656E206E756D626500
S21404151072206F66207365636F6E647320414E4459
S2140415202062726F616463617374732061205A442D
S2140415304F204D676D74205065726D6974204A6F34
S214041540696E696E67207265717565737420746F51
S21404155020616C6C20726F75746572732E00412066
S21404156073696E676C65206279746520696E646958
S214041570636174696E6720686F77206C6F6E67208E
S214041580746865206465766963652073686F756C36
S214041590642068617665207065726D6974206A6F70
S2140415A0696E696E67207475726E6564206F6E204E
S2140415B0666F722E20412076616C7565206F6620FA
S2140415C030786666207475726E73206F6E20706550
S2140415D0726D6974206A6F696E20696E64656669E7
S2140415E06E6974656C792E1F00436865636B73209F
S2140415F06E6574776F726B20706A6F696E20737491
S214041600617475732E005772697465732074686507
S21404161020657874656E6465642070616E20494444
S21404162020666F7220746865206465766963652E2B
S2140416300065787470616E69641F0052656A6F692C
S2140416406E7320616E206578697374696E67206EA8
S2140416506574776F726B20696E206120736563759D
S2140416607265206F7220696E736563757265206D8E
S214041670616E6E657220776974682061206469669D
S214041680666572656E742064657669636520747930
S21404169070652E00426F6F6C65616E206E657477A0
S2140416A06F726B206B657920617661696C61626923
S2140416B06C6974791F4368616E6E656C206D617326
S2140416C06B1F416E20656E756D65726174696F6E11
S2140416D020696E6469636174696E67207468652046
S2140416E0646576696365207479706520746F20720A
S2140416F0656A6F696E2061732E5468652073746121
S214041700636B206F6E6C79206163636570747320FD
S214041710534C5F5A49474245455F454E445F4445EE
S2140417205649434520616E6420534C5F5A494742EC
S21404173045455F534C454550595F454E445F4445C7
S214041740564943452E1F0052654A6F696E732061E1
S214041750206E6574776F726B2E00426F6F6C6561D6
S2140417606E206E6574776F726B206B657920617678
S21404177061696C6162696C6974791F4368616E6E35
S214041780656C206D61736B1F004C65617665732014
S21404179061206E6574776F726B2E005475726E736B
S2140417A0207065726D6974206A6F696E696E672051
S2140417B06F6E20666F722074686520616D6F756E3B
S2140417C074206F662074696D6520696E6469636150
S2140417D07465642E00412073696E676C65206279B7
S2140417E0746520696E6469636174696E6720686FE6
S2140417F077206C6F6E67207468652064657669630D
S214041800652073686F756C64206861766520706502
S214041810726D6974206A6F696E696E67207475727A
S2140418206E206F6E20666F722E20412076616C7576
S21404183065206F662030786666207475726E732035
S2140418407065726D6974206A6F696E20696E64656E
S21404185066696E6974656C792E1F004A6F696E73CB
S2140418602061206E6574776F726B206F6E20612026
S214041870676976656E206368616E6E656C2C20778A
S214041880697468206120676976656E205458205014
S2140418906F77657220616E642050414E2049442E55
S2140418A000546865206368616E6E656C206F6E20F8
S2140418B0776869636820746F206A6F696E2074683D
S2140418C065206E6574776F726B1F4F6E652D627937
S2140418D07465207369676E65642076616C7565202F
S2140418E0696E6469636174696E6720746865205400
S2140418F05820506F77657220746861742074686528
S21404190020726164696F2073686F756C6420626509
S2140419102073657420746F1F5468652050414E20F0
S2140419204944206F6E20776869636820746F206A64
S2140419306F696E20746865206E6574776F726B1FAE
S21404194000466F726D732061206E6574776F726BDC
S214041950206F6E206120676976656E206368616E0D
S2140419606E656C2C207769746820612067697665DB
S2140419706E20545820506F77657220616E64205034
S214041980414E2049442E00546865206368616E6E9B
S214041990656C206F6E20776869636820746F2066B4
S2140419A06F726D20746865206E6574776F726B1F36
S2140419B04F6E652D62797465207369676E65642061
S2140419C076616C756520696E6469636174696E67B7
S2140419D02074686520545820506F776572207468A8
S2140419E061742074686520726164696F2073686F1F
S2140419F0756C642062652073657420746F1F546868
S214041A00652050414E204944206F6E2077686963F4
S214041A106820746F20666F726D20746865206E652A
S214041A2074776F726B1F005468697320696E6974EB
S214041A30696174657320612054434C4B207570644F
S214041A406174652070726F6365647572652E0053E9
S214041A507065636966792074686520616D6F756E5C
S214041A6074206F662074696D6520746F20776169D1
S214041A7074206166746572206F6E652054434C4B07
S214041A8020757064617465206F7065726174696F27
S214041A906E20636F6D706C65746573206265666F27
S214041AA0726520626567696E6E696E672061206E76
S214041AB065772054434C4B20757064617465206FC1
S214041AC07065726174696F6E2E0054686520616D6E
S214041AD06F756E74206F662074696D652062657418
S214041AE07765656E2073756273657175656E7420AF
S214041AF074727573742063656E746572206C696E97
S214041B006B206B6579207570646174657320696EEB
S214041B10206D696C6C697365636F6E64731F005324
S214041B206574206F7220636C6561722073746179CA
S214041B30206177616B65207768656E206E6F742010
S214041B406A6F696E656400536574206F7220636CF7
S214041B5065617220666F726365206177616B6500EC
S214041B60446973706C61792074686520736C65656C
S214041B70702073746174757300464F522054455335
S214041B8054494E4720505552504F534553202D200C
S214041B906761746865722074696D696E67206D6527
S214041BA0747269637320666F72207265706F7274E4
S214041BB0696E67207461626C65206F70657261740B
S214041BC0696F6E732E00436C65617273207468656A
S214041BD0206C617374207265706F72742074696D02
S214041BE065206F6620617474726962757465732EFD
S214041BF000416464732061206E657720656E74729C
S214041C007920746F20746865207265706F72742012
S214041C107461626C652E00546865206C6F63616C39
S214041C2020656E64706F696E742066726F6D2077BF
S214041C306869636820746865206174747269627583
S214041C407465206973207265706F727465641F54BE
S214041C50686520636C757374657220776865726551
S214041C60207468652061747472696275746520698D
S214041C7073206C6F63617465641F546865204944FF
S214041C80206F662074686520617474726962757466
S214041C9065206265696E67207265706F727465642C
S214041CA01F3020666F7220636C69656E742D7369CD
S214041CB064652061747472696275746573206F72EA
S214041CC0203120666F72207365727665722D736993
S214041CD0646520617474726962757465731F5468F0
S214041CE065206D696E696D756D207265706F7274AE
S214041CF0696E6720696E74657276616C2C206D65FA
S214041D0061737572656420696E207365636F6E64B3
S214041D10732E1F546865206D6178696D756D207229
S214041D2065706F7274696E6720696E746572766129
S214041D306C2C206D6561737572656420696E207302
S214041D4065636F6E64732E1F546865206D696E69D3
S214041D506D756D206368616E676520746F207468A6
S214041D606520617474726962757465207468617440
S214041D702077696C6C20726573756C7420696E20AC
S214041D8061207265706F7274206265696E67207375
S214041D90656E742E1F0052656D6F76657320616ED6
S214041DA020656E7472792066726F6D207468652083
S214041DB07265706F7274207461626C652E0054686C
S214041DC06520696E646578206F6620746865207285
S214041DD065706F727420746F2062652072656D6F13
S214041DE07665641F00436C6561727320616C6C20B9
S214041DF0656E74726965732066726F6D20746865AB
S214041E00207265706F7274207461626C652E005067
S214041E1072696E747320746865207265706F72746C
S214041E20207461626C652E00576970657320616C5E
S214041E306C206461746120696E2074686520737414
S214041E406F72616765206465766963652E005072FB
S214041E50696E747320617262697472617279206249
S214041E6079746573206F6620746865204F5441202A
S214041E70696D616765206F6E206469736B2E00540C
S214041E80686520696E646578206F662074686520CE
S214041E90696D61676520746F207072696E7420695D
S214041EA0747320646174611F546865206F6666737A
S214041EB0657420696E746F20746865204F544120E1
S214041EC0696D61676520746861742077696C6C203D
S214041ED06265207072696E7465641F005072696E64
S214041EE0747320696E666F726D6174696F6E2061BB
S214041EF0626F7574207468652073746F72616765A9
S214041F00206465766963652E0052656C6F61642093
S214041F107468652073746F7261676520646576699A
S214041F2063652E0044656C6574657320746865206B
S214041F30696D6167652061742074686520737065D7
S214041F4063696669656420696E6465782E00546802
S214041F506520696E646578206174207768696368B3
S214041F6020746F20626567696E2064656C657469A9
S214041F706E672074686520696D6167651F0050721E
S214041F80696E74732074686520696D616765732E65
S214041F9000456E61626C6573204F544120646F7710
S214041FA06E6772616465732E0044697361626C6562
S214041FB073204F544120646F776E67726164657353
S214041FC02E0053656E647320616E205570677261CF
S214041FD06465456E645265717565737420746F200C
S214041FE0616E204F5441207365727665722E0043ED
S214041FF0616E206265207573656420746F20647951
S2140420006E616D6963616C6C79207475726E206F95
S21404201066662073656E64696E6720706167652006
S2140420207265717565737473206F6E2074686520AD
S214042030636C69656E7420736964652C2069662018
S2140420407468652073657276657220646F65736E56
S214042050277420737570706F7274207468697320A7
S214042060666561747572652E00426F6F6C65616E8D
S2140420702076616C7565207475726E696E67206F64
S2140420806E20283129206F72206F6666202830293A
S2140420902074686520706167652072657175657364
S2140420A07420666C61671F0053656E647320616EEE
S2140420B020696D61676520626C6F636B2072657161
S2140420C07565737420666F7220612066696C65207E
S2140420D0746865207365727665722073686F756CB4
S2140420E064206E6F7420686176652E2020546573B4
S2140420F074206861726E657373206F6E6C79202825
S21404210074657374206361736520392E352E36200A
S2140421102D204D697373696E672046696C652900C6
S2140421205072696E747320696E666F726D6174693D
S2140421306F6E206F6E207468652063757272656EAC
S21404214074207374617465206F6620746865204F0C
S214042150544120636C69656E7420646F776E6C6F8F
S21404216061642E0053746F707320746865204F5436
S21404217041207374617465206D616368696E652EB1
S2140421800053746172747320746865204F54412040
S214042190636C69656E74207374617465206D616325
S2140421A068696E652E2054686520737461746520B2
S2140421B06D616368696E6520646973636F766572C2
S2140421C07320746865204F54412073657276657277
S2140421D02C207175657269657320666F72206E6552
S2140421E07720696D616765732C20646F776E6C6FFA
S2140421F06164732074686520696D61676573206126
S2140422006E6420776169747320666F7220746865E3
S2140422102073657276657220636F6D6D616E6420DF
S214042220746F20757067726164652E005072696EF3
S214042230747320746865206D616E75666163747569
S2140422407265722049442C20496D61676520547973
S21404225070652049442C20616E642056657273694B
S2140422606F6E20696E666F726D6174696F6E20742E
S214042270686174206172652075736564207768658B
S2140422806E2061207175657279206E657874206998
S2140422906D6167652069732073656E7420746F20A2
S2140422A07468652073657276657220627920746836
S2140422B06520636C69656E742E00506572666F7275
S2140422C06D73207369676E617475726520766572C6
S2140422D0696669636174696F6E206F6E20746865E1
S2140422E020696D6167652061742074686520737069
S2140422F06563696669656420696E6465782E005452
S214042300686520696E6465782061742077686963FF
S2140423106820746F20626567696E207665726966E8
S21404232069636174696F6E206F66207468652069DE
S2140423306D6167651F00426F6F746C6F6164732014
S21404234074686520696D61676520617420746865CA
S2140423502073706563696669656420696E64657870
S2140423602062792063616C6C696E672074686520EE
S2140423704F544120626F6F746C6F61642063616CAC
S2140423806C6261636B2E0054686520696E646578C0
S21404239020617420776869636820746F20626567BB
S2140423A0696E20626F6F746C6F6164696E67207407
S2140423B0686520696D6167651F005072696E747385
S2140423C020696E666F2061626F757420746865207C
S2140423D0696E7374616C6C656420626F6F746C6F85
S2140423E0616465722E00537562747261637473203F
S2140423F061206368616E6E656C2066726F6D206521
S214042400697468657220746865207072696D61729B
S21404241079206F72207365636F6E646172792063CE
S21404242068616E6E656C206D61736B206F662074D8
S2140424306865206E6574776F726B2D73746565724C
S214042440696E6720636F6D706F6E656E742E0054D0
S2140424506865206368616E6E656C206D61736B20C1
S214042460746F207375627472616374207468652077
S2140424706368616E6E656C2066726F6D1F54686566
S214042480206368616E6E656C20746F207375627469
S2140424907261637420746865206D61736B20667264
S2140424A06F6D1F00416464732061206368616E6E03
S2140424B0656C20746F20656974686572207468653D
S2140424C0207072696D617279206F72207365636F14
S2140424D06E64617279206368616E6E656C206D61EE
S2140424E0736B206F6620746865206E6574776F72F0
S2140424F06B2D7374656572696E6720636F6D706F9C
S2140425006E656E742E00546865206368616E6E6531
S2140425106C206D61736B20746F206164642061208D
S2140425206368616E6E656C20746F1F546865206303
S21404253068616E6E656C20746F2061646420746FCD
S21404254020746865206D61736B1F00536574732077
S21404255065697468657220746865207072696D6157
S2140425607279206F72207365636F6E64617279206E
S2140425706368616E6E656C206D61736B2E005468C3
S21404258065206368616E6E656C206D61736B207484
S2140425906F20737562747261637420746865206357
S2140425A068616E6E656C2066726F6D1F5468652078
S2140425B076616C756520746F207365742074686525
S2140425C0206368616E6E656C206D61736B20746F3A
S2140425D02E1F005365747320746865207072652D11
S2140425E0636F6E66696775726564206B65792073C0
S2140425F06F207468617420746865206A6F696E69F8
S2140426006E67206465766963652063616E20656E17
S21404261074657220746865206E6574776F726B2EAD
S21404262000536574732074686520707265636F6EFA
S21404263066696775726564206B65791F0053746FED
S214042640707320746865206E6574776F726B207380
S21404265074656572696E672070726F636573732E36
S2140426600053746172747320746865206E657477A1
S2140426706F726B207374656572696E672070726F13
S214042680636573732E0041206D61736B206F662043
S2140426906F7074696F6E7320666F7220696E6469FA
S2140426A0636174696E672073706563696669632025
S2140426B06265686176696F722077697468696E20EE
S2140426C0746865206E6574776F726B2D73746565B8
S2140426D072696E672070726F636573732E1F004491
S2140426E06973706C6179732074686520637572729F
S2140426F0656E7420737461747573206F66207468D5
S21404270065206E6574776F726B2073746565726985
S2140427106E672070726F636573732E00436C656119
S2140427207273207468652067726F757073207461A5
S214042730626C65206F6E20657665727920656E64BE
S214042740706F696E74005072696E747320696E6679
S2140427506F726D6174696F6E2061626F7574207438
S214042760686520636F6E74656E7473206F6620747C
S21404277068652067726F757073207461626C652E6D
S214042780004172746966696369616C6C792064726D
S2140427906F70732074686520626C6F636B206E754F
S2140427A06D62657220646566696E65642062792070
S2140427B07468652070617373656420617267756DF3
S2140427C0656E74206F6E6C79206F6E63652C206165
S2140427D06E64207468656E20616C6C6F7773206914
S2140427E0742075706F6E20612072657472792E0085
S2140427F054686520626C6F636B206E756D626572DB
S21404280020746F206172746966696369616C6C799F
S2140428102064726F7020746F20666F726365206127
S214042820207265747279202D2073657420746F206D
S2140428303078464620746F2064697361626C651F45
S21404284000536574732074686520726563656976E1
S214042850652077696E646F772073697A652E202009
S214042860427920646566696E6974696F6E20696E64
S2140428702074686520536D61727420456E657267B6
S214042880792070726F66696C65206974206D757343
S214042890742062652073657420746F20312062751D
S2140428A074207468697320616C6C6F777320697424
S2140428B020746F206265206368616E6765642E000D
S2140428C0546865206D6178206E756D626572206F40
S2140428D0662074686520626C6F636B732072656330
S2140428E06569766564206265666F726520616E2030
S2140428F04150532061636B2069732067656E65726F
S214042900617465641F004D616B6573207468697338
S214042910206E6F6465207374617274206964656EDA
S21404292074696679696E67206173206120746172C8
S21404293067657420666F722062696E64696E6720CC
S2140429407769746820616E20696E69746961746F52
S21404295072206E6F64652E0054686520656E647020
S2140429606F696E74206F6E20776869636820746F71
S21404297020626567696E207468652046696E6469BE
S2140429806E6720616E642042696E64696E672074A7
S21404299061726765742070726F636573731F004D90
S2140429A0616B65732074686973206E6F6465207349
S2140429B0746172742074686520696E6974696174E0
S2140429C06F722070617274206F662074686520666A
S2140429D0696E64696E6720616E642062696E6469FC
S2140429E06E672070726F636573732E00546865207B
S2140429F0656E64706F696E74206F6E2077686963A5
S214042A006820746F20626567696E20746865204666
S214042A10696E64696E6720616E642042696E6469DB
S214042A206E6720696E69746961746F722070726F64
S214042A30636573731F0053657473207768657468E1
S214042A4065722074686520434C4920666F7263651E
S214042A5073207468652064657669636520746F20E6
S214042A6073686F727420706F6C6C2E0054686520E7
S214042A7076616C756520696E6469636174696E67F6
S214042A802077686574686572207468652064657666
S214042A906963652073686F756C642073686F7274FD
S214042AA020706F6C6C1F00536574732077686574B0
S214042AB0686572207468652064657669636573204A
S214042AC0706F6C6C20636F6D706C657465642063E6
S214042AD0616C6C6261636B2066756E6374696F6E9D
S214042AE020697320656E61626C65642E00546865A7
S214042AF02076616C756520696E6469636174696EBD
S214042B0067207768657468657220746865206465F4
S214042B10766963657320706F6C6C20636F6D706C80
S214042B20657465642063616C6C6261636B206675B2
S214042B306E6374696F6E20697320656E61626C657E
S214042B40641F00446973706C61797320746865202F
S214042B50737461747573206F662074686520456E9F
S214042B6064204465766963657320706F6C6C696E67
S214042B70672E00456E61626C652F64697361626CD2
S214042B806520646562756720606C6567616379209B
S214042B90617070206672616D65776F726B20646514
S214042BA062756760207072696E7420747970652E21
S214042BB000456E61626C652F64697361626C651FA3
S214042BC000456E61626C652F64697361626C652092
S214042BD0646562756720607A636C60207072696EE3
S214042BE07420747970652E00456E61626C652F647E
S214042BF0697361626C6520646562756720606170E4
S214042C007060207072696E7420747970652E004549
S214042C106E61626C652F64697361626C65206465BD
S214042C206275672060636F726560207072696E7487
S214042C3020747970652E00456E61626C652F646938
S214042C407361626C65206465627567206073746185
S214042C50636B60207072696E7420747970652E00E0
S214042C6053656E6473206120726571756573742094
S214042C70666F72204F544120636F756E746572736D
S214042C802E0052657365747320616C6C20746872D0
S214042C906573686F6C64732076616C7565732074F5
S214042CA06F203078464646462E005365747320617E
S214042CB0207468726573686F6C642076616C7565E1
S214042CC020666F72206120706172746963756C612E
S214042CD0722074797065206F6620636F756E7465F4
S214042CE0722E0054797065206F6620636F756E745B
S214042CF065721F5468726573686F6C642056616CE5
S214042D0075651F005072696E74732074686520744C
S214042D1068726573686F6C6473206F6620616C6C90
S214042D202074686520636F756E746572732E004335
S214042D306C6561727320616C6C20636F756E74656C
S214042D40722076616C7565732E005072696E7473AA
S214042D5020616C6C20636F756E7465722076616C8E
S214042D607565732E005072696E74732074686520DE
S214042D7076616C7565206F6620746869732070616F
S214042D8072746963756C617220636F756E746572B4
S214042D902E0054686520636F756E746572207479AE
S214042DA0706520746F207072696E741F00507269AB
S214042DB06E747320616C6C20636F756E746572201C
S214042DC076616C75657320616E6420636C656172F0
S214042DD073207468656D2E00536574204D46472035
S214042DE0746F6B656E2C2043414E4E4F5420424503
S214042DF020554E53455420425920434C492E0050EA
S214042E0072696E74204D464720746F6B656E2E0093
S214042E105072696E742061637469766520657665A0
S214042E206E74732E0044697361626C652074686501
S214042E3020656E64706F696E7420666F72205A43E4
S214042E404C206D657373616765732E00456E647000
S214042E506F696E7420696E6465781F00456E6162E2
S214042E606C65732074686520656E64706F696E7433
S214042E7020666F72205A434C206D657373616765D4
S214042E80732E005072696E742073746174757320A7
S214042E906F6620656E64706F696E74732E00536877
S214042EA06F7773207468652076657273696F6E2019
S214042EB06F662074686520736F6674776172652E1A
S214042EC0005365742074686520636F6E6669677561
S214042ED0726564203830322E31352E342043434117
S214042EE0206D6F646520696E207468652072616465
S214042EF0696F2E2053656520646F63756D656E7407
S214042F006174696F6E20726567617264696E6720AA
S214042F105241494C5F494545453830323135345F76
S214042F204363614D6F64655F742E004120524149CE
S214042F304C5F494545453830323135345F4363612B
S214042F404D6F64655F742076616C75651F0052650D
S214042F507475726E732050544920726164696F20D0
S214042F60636F6E66696720696E666F726D617469F9
S214042F706F6E20746F2064657465726D696E65206B
S214042F8074686520504859207479706520626569B4
S214042F906E672075736564206279205241494C2E11
S214042FA02072657475726E2076616C75652069731F
S214042FB020656E756D205241494C5F49454545383C
S214042FC030323135345F507469526164696F436FCF
S214042FD06E6669675F7420652E6720205241494CEF
S214042FE05F494545453830323135345F5054495F82
S214042FF0524144494F5F434F4E4649475F3250342F
S21404300047485A203D203078303055205241494CAC
S2140430105F494545453830323135345F5054495F51
S214043020524144494F5F434F4E4649475F325034FE
S21404303047485A5F414E54444956203D2030783024
S2140430403155205241494C5F494545453830323167
S21404305035345F5054495F524144494F5F434F4EA5
S2140430604649475F32503447485A5F434F455820D5
S2140430703D203078303255205241494C5F49454511
S214043080453830323135345F5054495F52414449F3
S2140430904F5F434F4E4649475F32503447485A5F66
S2140430A0414E544449565F434F4558203D2030789E
S2140430B03033550053656E64732061207265616415
S2140430C0206174747220666F722074686520746957
S2140430D06D65206F6620746865206465766963652F
S2140430E0207370656369666965642E20497420736D
S2140430F0657473206120666C616720736F2077683F
S214043100656E206974206765747320746865207220
S2140431106573706F6E736520697420777269746561
S21404312073207468652074696D6520746F206974F3
S21404313073206F776E2074696D6520617474722EC7
S2140431400049641F737263456E64706F696E741F02
S21404315064657374456E64706F696E741F00576897
S214043160656E2073656E64696E67207573696E6735
S21404317020612062696E64696E672C2073706563D3
S214043180696669657320776865746865722061206E
S2140431906D756C7469636173742062696E64696EBC
S2140431A0672073686F756C64206265207573656448
S2140431B02E007573654D756C74696361737442692A
S2140431C06E64696E671F0053656E647320612070B9
S2140431D072652D6275666665726564206D756C74BD
S2140431E06963617374206D65737361676520746FBA
S2140431F0206120676976656E2067726F7570204956
S214043200442066726F6D206120676976656E20655E
S2140432106E64706F696E742E0067726F75704964A1
S2140432201F7372632D656E64706F696E741F00433E
S2140432307265617465732061206D6573736167657B
S2140432402062792073706563696679696E67207495
S2140432506865207261772062797465732E205573D1
S21404326065207468652073656E6420636F6D6D6198
S2140432706E6420746F2073656E6420746865206DB8
S214043280657373616765206F6E6365206974206873
S2140432906173206265656E20637265617465642E71
S2140432A02045783A207261772030783030304620D6
S2140432B07B303020304120303020313120323220F3
S2140432C033332034342035357D2073656E647320A3
S2140432D061206D65737361676520746F20636C7518
S2140432E073746572203135202830783030304629A2
S2140432F0206F66206C656E6774682038207768696E
S214043300636820696E636C756465732074686520F1
S2140433105A434C206865616465722E00436C75736D
S21404332074657249641F446174611F005265736555
S214043330747320746865206E6F64652E0057726916
S2140433407465732061206D6573736167652E00452F
S2140433506E64706F696E741F436C75737465722047
S21404336049441F4174747269627574652049441F28
S2140433704D61736B1F4461746120747970651F44DA
S21404338061746120627974651F00526561647320FC
S21404339061206D6573736167652E00456E64706F9A
S2140433A0696E741F436C75737465722049441F41BB
S2140433B074747269627574652049441F31206966A5
S2140433C02073657276657220646972656374696FCA
S2140433D06E2C203020696620636C69656E742064E8
S2140433E06972656374696F6E1F0053656E6473203B
S2140433F061206D6573736167652E00446573746937
S2140434006E6174696F6E1F536F7572636520656EA7
S21404341064706F696E741F44657374696E61746951
S2140434206F6E20656E64706F696E741F00536F75DF
S21404343072636520656E64706F696E741F004C69F4
S214043440737473207768696368206F7074696F6E2D
S214043450616C206C6962726172696573206F6620A4
S21404346074686520737461636B2061726520696D8E
S214043470706C656D656E746564206F6E2074686923
S21404348073206465766963652E005072696E747382
S21404349020696E666F726D6174696F6E2061626F0B
S2140434A0757420746865206E6574776F726B20730C
S2140434B0746174652C20636C7573746572732C2048
S2140434C0616E6420656E64706F696E74732E006F2F
S2140434D066667365741F005072696E747320696E35
S2140434E0666F726D6174696F6E20666F7220616CB0
S2140434F06C20617661696C61626C6520736C6F74B4
S214043500732E00526561647320726177206461745F
S214043510612066726F6D20666C6173682073746FC9
S214043520726167652E004164647265737320746FFC
S21404353020726561641F4E756D626572206F662029
S214043540627974657320746F20726561641F00501D
S21404355072696E747320666C6173682073746F721C
S21404356061676520696E666F726D6174696F6E2E31
S21404357000457261736573207468652073706563B3
S214043580696669656420736C6F742049442E005321
S214043590746F7261676520736C6F74206E756D62EC
S2140435A065721F00426F6F74732074686520696DBE
S2140435B061676520696E2074686520737065636949
S2140435C06669656420736C6F742049442E00434C0E
S2140435D04920696E7374616E6365206578616D70E9
S2140435E06C650064756D6D795F696E7374005A431B
S2140435F04C20636F6D6D616E647300626173696302
S21404360000676C6F62616C006D66672D636F64653E
S214043610007573652D6E6578742D73657175656EAA
S214043620636500782D64656661756C742D726573C8
S2140436307000746573742D726573706F6E73652D88
S2140436406F6E00746573742D726573706F6E736538
S2140436502D6F6666005A434C20626173696320636B
S2140436606C757374657220636F6D6D616E64730040
S2140436707274666400436F6D6D616E642074686175
S214043680742072657365747320616C6C2061747445
S2140436907269627574652076616C75657320746FE3
S2140436A020666163746F72792064656661756C74F4
S2140436B02E005241494C006C6F7765722D6D616324
S2140436C02D7261696C2D3830322E31352E342E63CE
S2140436D0006C69627261696C2E6100756E636C6160
S2140436E0696D6564006275666665722D6D616E61EE
S2140436F067656D656E742E63006576656E742D71F0
S214043700756575652E63007A69676265652D7570E3
S2140437107065722D6D61632E63006E6569676862FD
S2140437206F722E63006173736F63696174696F6E81
S2140437302E63003138323173003134323231003185
S21404374032310032730031323231313200313232AA
S21404375031310032383100383131003138323131CC
S214043760003132313131323132323231730031325A
S21404377032003132313132323100313131310032BE
S2140437803238006D61632D6D756C74692D6E6574C9
S214043790776F726B2E63006C65676163792D706159
S2140437A0636B65742D6275666665722E6300000130
S2140437B002030E312E312E322D34393264383563FD
S2140437C031000100010002030300060000000000AF
S2140437D00300000013B779FAC925DDB7ADF3CFE0CF
S2140437E0F1B614B80102000000000000FFFFFFFF5E
S2140437F001000000010000000000000000000000BE
S21404380000000000000000000000000000000000AF
S214043810000000000000000000000000000000009F
S21404382000000000033F1F00B5FE0200B1FE0200C8
S2140438308FFE02005DFE0200EDFE0200BFFE0200E7
S2140438405FFE02002C0000000202020300000000DB
S21404385001020000000801B4FC3804000008015A04
S214043860B838040000080040743804000000000063
S214043870000000000000FCFEFFFF00000000000047
S214043880FFFF000000000000FFFF00000000000033
S214043890FFFF00000000000040001806F4D20000FD
S2140438A02C00B0023DBE00001700F2000C7C0000A5
S2140438B00C0041009E4200006400FCFEFFFF000076
S2140438C000000000FFFF0000000000005A00F3069E
S2140438D0A554FEFF2100A301A1FEFFFF1100A600D0
S2140438E0832700000A006100DC26000006003B0077
S2140438F0F820000003001500AD130000C800FCFE0D
S214043900B4008B087BC0FBFF4D00E402E756FFFFC4
S2140439102C00A20183EBFFFF1A000301B31A000078
S2140439201100A300552900000A005E005A28000072
S21404393006003A0021220000040018007316000056
S21404394018ED03005AA003005AA003005AA003006F
S2140439505AA003005AA003005AA003005AA003006A
S2140439605AA003005AA003005AA003005AA003005A
S2140439705AA003005AA003005AA003005AA003004A
S2140439805AA003005AA003005AA003005AA003003A
S2140439905AA003005AA003005AA003005AA003002A
S2140439A05AA003005AA003005AA003005AA003001A
S2140439B068A003005AA003007DA003005AA00300D9
S2140439C05AA00300A2A003005AA003005AA00300B2
S2140439D05AA003005AA00300CAA003005AA003007A
S2140439E05AA003005AA003005AA00300E2A0030052
S2140439F05AA0030000A103000B0000000B00000007
S214043A000200000000002020000000000300000068
S214043A108C8C3C0000000000000000000000000049
S214043A20000000581200000000000000FFFFFFFF27
S214043A30FFFFFFFF554E4B00474F200042544C00FB
S214043A40474F3200474F3300474F3400474F350047
S214043A50474F3600474F3700474F3800474F390027
S214043A60474F4100474F4200474F4300474F4400EB
S214043A70474F4500474F46004A4D500042445200C7
S214043A805550520042544D004D534D0046544C0080
S214043A90554E4B00474F200042544C0042414400D0
S214043AA046544C00465243004F54410044534C0085
S214043AB04241500055504700544D4500464155007C
S214043AC0545A4600554E4B0050494E00454D34005E
S214043AD0554E4B0048562000554E4B004558500056
S214043AE04C574D00554E4B005242540044534C0024
S214043AF0454D3400554E4B0041535400554E4B0033
S214043B0056465900494E4800554E4B004C434B0010
S214043B1058544C004F424600554E4B004852440001
S214043B204D454D0042555300555347004442470007
S214043B30444D410056435400554E4B00555020000A
S214043B405250200041503000415031004150200076
S214043B504450200044454300343A0400383A0400F4
S214043B60903A0400C43A0400D03A0400D83A040058
S214043B70E43A0400F43A0400FC3A0400083B040067
S214043B80183B0400383B0400554E4B00464942009F
S214043B9042544C004558540050575200574447006E
S214043BA020535700435253004653480042414400B2
S214043BB0464C540042524F0001040103030601051B
S214043BC0010501090600060B0000070B050B0000A3
S214043BD000000000000000000400E40C0A000104D9
S214043BE0100100000005000200000300743E0400FB
S214043BF0703E04005C3E0400583E0400543E04003C
S214043C00503E04003E3E04002E3E0400143E0400D3
S214043C100C3E0400023E0400003E0400E83D04009E
S214043C20E53D0400DD3D0400CC3D0400BC3D04003D
S214043C30AA3D0400903D0400883D04007C3D040039
S214043C40783D0400743D0400663D04005B3D0400BA
S214043C50423D0400293D0400CD3C0400CC3C040055
S214043C60BC3C0400943C0400893C0400883C0400EA
S214043C70743C040000000000000000000000000087
S214043C8000000000000000000F000000000000001C
S214043C90000000000000000000000000000000001B
S214043CA0000000000000000000000000000000000B
S214043CB000000000000000000000000001000000FA
S214043CC00000000000000000000000000F000000DC
S214043CD000000000000000000000000000000000DB
S214043CE000000000000000000000000000000000CB
S214043CF000000000000000000000000000000000BB
S214043D0000000000000000000000000000000000AA
S214043D10000000000000000000000000000000009A
S214043D20000000000000000000000000000000008A
S214043D30000000000000000000000000000000007A
S214043D40000000000000000000000000000000006A
S214043D50000000000000000000000000000000005A
S214043D60000000000000000000000000000000004A
S214043D70000000000000000000000000FFFFFFFF3E
S214043D80FFFFFFFFFFFF0000000000000000000030
S214043D90000000000000000000000000000000001A
S214043DA0000000000000000000000000000000000A
S214043DB000000000000000000000000000000000FA
S214043DC000000000000000000000000000000000EA
S214043DD000000000000000000000000000FFFFFFDD
S214043DE0FFFFFFFFFF9C0000FF0000000000000034
S214043DF0000000000000000000000000800000003A
S214043E000000FFFFFFFFFFFFFFFFFFFF00000000B3
S214043E10FFFF00000000000000000000000000009B
S214043E200000000000000000000000000000FFFF8B
S214043E30FF0000000000000000000000000000007A
S214043E400000000000000000000000000000000069
S214043E500000000000000000000000000000000059
S214043E600000000000000000000000000000000049
S214043E7000000000FC030101010101010101010130
S214043E800101010101000000000000010020000003
S214043E9000000001010000200204110404021110B5
S214043EA01A080A021801081110111A080A04020D49
S214043EB00B19195C0110280B011400000000000007
S214043EC000000000000000000001010101010100E3
S214043ED001010101010101000001010100010001CD
S214043EE001000000000000000000000000000000C8
S214043EF000010000000000000000000000000000B8
S214043F0001FF010023E1010075E4010063E2010002
S214043F1063E5010062E1010079EB010064EE010053
S214043F2024E1010025E1010026E1010027E101006A
S214043F3028E1010029E101002AE101000000010056
S214043F408000010000010100800101000002010060
S214043F508002010020E201000003010000050100C8
S214043F6080050100000601002C890100800601007E
S214043F700007010001E5010002E501000008010058
S214043F80800801000040010086321010FFFFFFFF8A
S214043F90FFFFFFFF8EA9030094A903009AA903005C
S214043FA0A0A90300A6A903005677777777777777D3
S214043FB077777777777777775A6967426565416C5D
S214043FC06C69616E636530395A6967426565416C30
S214043FD06C69616E636530394E574B205374656562
S214043FE072696E67000095969595950507090D000C
S214043FF00000000000010203040600000CC20300D7
S214044000A7D50300C1D50300D8D50300EBD503001C
S214044010FBD503000FD6030021D6030031D60300D8
S2140440204DD6030062D603000208010D0D010101FE
S21404403012010000FFFFFFFFFFFFFFFF000000006C
S2140440400000000001090501000200000000000352
S2140440501EF1EE0B64400400A3E2030018ED030017
S214044060FE000000BFE20300C4410400000000009C
S214044070C9E20300B441040000000000D6E20300D5
S214044080A441040000000000E3E20300944104009D
S2140440900000000001E3030080410400000000006B
S2140440A0F9E203006C4104000000000000E3030092
S2140440B058410400000000000EE3030048410400D9
S2140440C00000000080E1030034410400000000000A
S2140440D007E30300244104000000000013E3030088
S2140440E01041040000000000BFA7030000410400C4
S2140440F000000000000000000000000000000000B7
S2140441006B15030024E3030061E30300010100FFD1
S2140441108DDC00008AE30300CFE303000101000105
S2140441200107FF0049DC00001CE4030087E40300E9
S214044130010100FF89DB0000A8E40300C1E40300DA
S21404414000010100FF0000007D150300E6E4030003
S2140441503EE503000101FF006515030055E5030075
S214044160ACE5030001010207FF0000005F15030031
S21404417055E50300ACE5030001010207FF0000005B
S2140441805915030055E50300ACE5030001010207D9
S214044190FF0000003DDB0000CDE503000CE6030055
S2140441A0010101FFDDDA00002BE6030070E60300E0
S2140441B0010000FF99DA00002BE6030070E6030016
S2140441C0010000FF21DB000097E603009DE40300E6
S2140441D000FF000053150300ECE60300B8110400CA
S2140441E0FF0000004D1503005FE70300B81104004C
S2140441F0FF00000079DA0000CEE7030043E803007E
S21404420000FF000051DA00005BE80300BDE803008D
S21404421000FF00003F150300CEE8030014E9030086
S21404422002FF000019DA00001DE9030091E903000B
S21404423001FF00000000000091EC030011000000E4
S2140442409DEC030012000000A5EC03001300000020
S214044250ADEC030021000000B5EC030022000000D2
S214044260BCEC030023000000C3EC0300AA0000001B
S214044270CAEC0300FF00000000000000FFFFFFFF81
S214044280FFFFFFFF00000000000000000000010820
S2140442900109020A030B040C050D060E070F08108D
S2140442A001180119021A031B041C051D061E071F0C
S2140442B008200121022203230424052506260727B5
S2140442C008280129022A032B042C052D062E072F65
S2140442D008300131023203380239043A08E004E1B6
S2140442E004E204E802E902EA04F008F1100000001F
S2140442F000000000040500005843040002000F00FC
S2140443008043040002000F00A843040002000F00CC
S214044310D043040002000F00F843040002000F001C
S2140443202044040002000F004844040002000F006A
S2140443307044040002000F009844040002000F00BA
S214044340C044040002000F00E844040002000F000A
S2140443501045040002000F00000000003845040069
S21404436003000000400000000000000019000000E8
S2140443705C45040004000F008000000000000000FC
S2140443800000000038450400030000004000000060
S21404439000000000190000005C45040004000F0043
S2140443A08000000000000000000000003845040003
S2140443B00300000040000000000000001900000098
S2140443C05C45040004000F008000000000000000AC
S2140443D00000000038450400030000004000000010
S2140443E000000000190000005C45040004000F00F3
S2140443F080000000000000000000000038450400B3
S2140444000300000040000000000000001900000047
S2140444105C45040004000F0080000000000000005B
S21404442000000000384504000300000040000000BF
S21404443000000000190000005C45040004000F00A2
S2140444408000000000000000000000003845040062
S21404445003000000400000000000000019000000F7
S2140444605C45040004000F0080000000000000000B
S214044470000000003845040003000000400000006F
S21404448000000000190000005C45040004000F0052
S2140444908000000000000000000000003845040012
S2140444A003000000400000000000000019000000A7
S2140444B05C45040004000F008000000000000000BB
S2140444C0000000003845040003000000400000001F
S2140444D000000000190000005C45040004000F0002
S2140444E080000000000000000000000038450400C2
S2140444F00300000040000000000000001900000057
S2140445005C45040004000F0080000000000000006A
S21404451000000000384504000300000040000000CE
S21404452000000000190000005C45040004000F00B1
S21404453080000000000000000000200120000000B1
S214044540080000000400422130000000D0450400AA
S21404455000FF420030000000000000000000F008E9
S21404456040000000F1450400010023044000000060
S214044570F945040006003001400000000000000079
S214044580FDFF2102400000000100000019000004A5
S2140445901900010119000204190003011900050499
S2140445A0190006011900070404004100E9FC000094
S2140445B006004100751D030019008100D919010089
S2140445C0190084006524010000800000000000003B
S2140445D006435553544F4D000000000000000000F1
S2140445E000000000000000000000000000000000C2
S2140445F000FFFFFFFFFFFFFFFFFFFFFFFF000401B9
S2140446000401040104010401040104010401040179
S214044610040104010401FFFFFFFFFFFFFFFFFFFF8C
S214044620FFFFFFFFFFFFFFFFFFFFFFFFFFFF00018E
S21404463002030405060708090A0B1F1C1F1E1F1E7B
S2140446401F1F1E1F1E1F07021F012F0037013F00DA
S2140446505701DF02E700FF02000000000000000030
S2140446600000000000000000000000000000000041
S21404467000000000000000000000000030F303000B
S2140446801900000036F30300FFFF000000000000DE
S21404469001F403000CF4030018ED030014F4030003
S2140446A022F4030018ED030035F4030040F403007D
S2140446B04EF4030052F4030062F4030014C3030030
S2140446C072F4030076F4030081F403008BF4030011
S2140446D095F4030099F40300A7F40300BBF4030065
S2140446E0D1F4030000800000000000000000000079
S2140446F000000000FFFFFFFFFF00000000000000B6
S2140447003DA8010000000000000000000000F03F8B
S2140447100000000000002440000000000000594093
S2140447200000000000408F40000000000088C340E6
S21404473000000000006AF8400000000080842E415B
S21404474000000000D01263410000000084D79741A7
S2140447500000000065CDCD418DC60300C45D040095
S21404476000000000F7FD0300B45D04000000000034
S214044770FCFD0300A45D040000000000FDFD030032
S214044780945D0400000000000EE30300805D040056
S2140447900000000001E303006C5D0400000000005C
S2140447A002FE03005C5D04000000000008FE030037
S2140447B04C5D0400000000000CFE03003C5D040099
S2140447C0000000001BFE03002C5D04000000000037
S2140447D038FE03001C5D04000000000041FE0300D8
S2140447E00C5D04000000000056FE0300FC5C0400A0
S2140447F0000000004FD40300EC5C0400000000003E
S21404480066FE0300AC5C0400000000006C020400BA
S214044810085404000000000019F20300C853040002
S214044820000000006DFE03000853040000000000B2
S21404483076FE03000C5204000000000083FE030012
S214044840B44D0400000000009FF403008C4C0400E8
S214044850000000008AFE03008C4C040001000000E7
S2140448608EFE03004C4C04000000000093FE030080
S214044870104B0400000000004CA10300104B040081
S2140448800100000083FE0300B44D04000000000095
S2140448909AFE0300B44D0400010000009FFE0300CE
S2140448A0DC4A040000000000A9FE0300DC4A040001
S2140448B001000000B1FE03000C49040000000000E3
S2140448C0C4A80300D848040000000000000000004C
S2140448D00000000000000000E8480400B5FE0300E5
S2140448E018ED0300FE000000CDFE0300B0540400E3
S2140448F00000000041030400A0540400000000006F
S2140449000000000000000000000000001C49040035
S214044910D2FE030018ED0300FE000000E8FE0300CC
S2140449203056040000000000EEFE0300205604008B
S21404493000000000F4FE030010560400000000000F
S214044940FDFE03000056040000000000FEA5030060
S214044950F05504000000000008A40300B855040045
S2140449600000000016AD0300A4550400000000007B
S21404497007FF0300945504000000000003A9030089
S21404498084550400000000000CFF03007455040066
S2140449900000000013FF030064550400000000003C
S2140449A0AFB70300545504000000000018FF0300CE
S2140449B0A84A0400000000001FFF0300504A040039
S2140449C00000000027FF03001C4A0400000000004B
S2140449D033FF0300E8490400000000000000000064
S2140449E00000000000000000F84904003EFF030039
S2140449F018ED0300FE00000088BD0300D054040038
S214044A0000000000E6DE0300C054040000000000BE
S214044A100000000000000000000000002C4A040013
S214044A205FFF030018ED0300FE00000088BD0300CE
S214044A30F054040000000000E6DE0300E054040026
S214044A40000000000000000000000000000000005D
S214044A50604A040081FF030018ED0300FE00000016
S214044A609FFF03004055040000000000900404006B
S214044A703055040000000000AEFF0300205504007B
S214044A8000000000B3FF03001055040000000000FF
S214044A90BAFF0300005504000000000000000000F8
S214044AA00000000000000000B84A0400BFFF030036
S214044AB018ED0300FE0000004ABD0300DC550400A8
S214044AC000000000DCFF0300C855040000000000DE
S214044AD0000000000000000000000000EC4A040093
S214044AE0E4FF030018ED0300FE00000000000400CD
S214044AF070560400000000009FF403006056040093
S214044B00000000000000000000000000000000009C
S214044B10204B04000500040018ED0300FE0000000E
S214044B201E00040020570400000000000BBA030017
S214044B30105704000000000027000400005704007B
S214044B4000000000000004005056040000000000AE
S214044B502C00040040560400000000003900040045
S214044B600C4C04000000000047000400D84B04006E
S214044B700000000055000400984B040000000000EC
S214044B806DFE03000853040000000000000000004F
S214044B900000000000000000A84B04005E000400B3
S214044BA018ED0300FE00000040360400F056040032
S214044BB00000000051360400E05604000000000027
S214044BC03CCE0300D05604000000000000000000A5
S214044BD00000000000000000E84B04007C00040015
S214044BE018ED0300FE000000A60004004057040071
S214044BF00000000027EF0300305704000000000008
S214044C000000000000000000000000001C4C04002F
S214044C10AD00040018ED0300FE000000C4A8030065
S214044C207457040000000000E6DE03006457040026
S214044C300000000090040400505704000000000028
S214044C400000000000000000000000005C4C0400AF
S214044C50CD00040018ED0300FE000000C4A8030005
S214044C60A457040000000000ED000400945704005C
S214044C7000000000E6DE0300845704000000000085
S214044C800000000000000000000000009C4C04002F
S214044C90F400040018ED0300FE0000000E010400FA
S214044CA0D858040000000000D6BE0300C85804000C
S214044CB00000000041010400B85804000000000091
S214044CC0FEA50300A8580400000000000FA6030079
S214044CD098580400000000001301040088580400DB
S214044CE0000000002B0104007858040000000000B7
S214044CF03401040068580400000000003B0104006E
S214044D005858040000000000470104002858040016
S214044D10000000009004040018580400000000007E
S214044D20560104000858040000000000FBCE0300EF
S214044D30F8570400000000005B010400E857040074
S214044D400000000072010400D857040000000000B0
S214044D5086010400C4570400000000009601040005
S214044D60B457040000000000A5010400804D0400B0
S214044D70000000000000000000000000000000002A
S214044D80904D0400AA01040018ED0300FE00000084
S214044D90C10104004858040000000000CA010400D1
S214044DA03858040000000000000000000000000066
S214044DB000000000C44D040018ED030018ED0300C5
S214044DC0FE000000D1010400485404000000000066
S214044DD0DE0104008C52040000000000E701040019
S214044DE0CC51040000000000FA01040098510400AD
S214044DF000000000080204006451040000000000E3
S214044E0016020400305104000000000024020400CE
S214044E10985004000000000035020400705004009E
S214044E200000000042020400D04F0400000000000E
S214044E304D020400784F04000000000060020400E5
S214044E40504F040000000000F2E10300EC4E0400A2
S214044E500000000073020400AC4E040000000000D2
S214044E607E020400784E04000000000000000000EB
S214044E700000000000000000884E040091020400B8
S214044E8018ED0300FE000000B5020400F858040004
S214044E9000000000BB020400E85804000000000004
S214044EA0000000000000000000000000BC4E0400EB
S214044EB0BF02040018ED0300FE000000F8BE030065
S214044EC02859040000000000F102040018590400E8
S214044ED000000000FD020400085904000000000061
S214044EE0000000000000000000000000FC4E04006B
S214044EF01303040018ED0300FE000000C4A803001A
S214044F008C59040000000000E6DE03007C5904000F
S214044F1000000000ECDE03006C59040000000000F2
S214044F2088BD030058590400000000002F03040045
S214044F3048590400000000004603040038590400E1
S214044F400000000000000000000000000000000058
S214044F50604F04005203040018ED0300FE00000036
S214044F60770304009C5904000000000000000000C1
S214044F700000000000000000884F04007C030400CA
S214044F8018ED0300FE000000A0030400EC59040022
S214044F9000000000ED000400DC59040000000000DE
S214044FA0AC030400CC59040000000000B303040062
S214044FB0BC59040000000000C0030400AC590400FF
S214044FC000000000000000000000000000000000D8
S214044FD0E04F0400CB03040018ED0300FE000000BD
S214044FE0390204009C5A040000000000E803040090
S214044FF08C5A0400000000008DC603007C5A04008E
S21404500000000000BBD503006C5A0400000000003A
S214045010A00104005C5A040000000000F8BE03006F
S2140450204C5A040000000000EF0304003C5A04003D
S21404503000000000FA0304002C5A040000000000DC
S214045040070404001C5A04000000000017040400AF
S2140450500C5A0400000000002A040400FC59040052
S2140450600000000000000000000000000000000037
S214045070805004003C04040018ED0300FE00000009
S2140450808DC60300AC5A04000000000000000000B7
S2140450900000000000000000A85004005A040400A9
S2140450A018ED0300FE000000F8BE03001C5B0400BD
S2140450B000000000BBD503000C5B040000000000E9
S2140450C0A0010400FC5A0400000000007D04040053
S2140450D0EC5A040000000000A9FF0300F05004008E
S2140450E000000000000000000000000000000000B7
S2140450F0005104009404040018ED0300FE000000B0
S21404510090040400DC5A04000000000088BD03007C
S214045110CC5A040000000000AA040400BC5A040090
S2140451200000000000000000000000000000000076
S21404513040510400B304040018ED0300FE00000010
S214045140C4A803003C5B040000000000E6DE030085
S2140451502C5B0400000000000000000000000000BB
S2140451600000000074510400D304040018ED03008A
S214045170FE000000F30404005C5B04000000000072
S214045180060504004C5B040000000000000000005C
S2140451900000000000000000A85104001C050400E4
S2140451A018ED0300FE0000003C0504007C5B0400D0
S2140451B0000000000BBA03006C5B04000000000053
S2140451C0000000000000000000000000DC510400A5
S2140451D04605040018ED0300FE000000F8BE0300B8
S2140451E0AC5B0400000000006B0504009C5B04003C
S2140451F000000000830504008C5B0400000000002F
S2140452000000000000000000000000001C52040023
S21404521018ED030018ED0300FE00000094050400DA
S21404522034520400000000000000000000000000EB
S214045230000000004452040018ED030018ED0300BB
S214045240FE000000A0050400FC5B04000000000053
S21404525090F40300EC5B040000000000A6050400C4
S214045260DC5B040000000000AA050400CC5B04001C
S21404527000000000AE050400BC5B04000000000053
S2140452800000000000000000000000009C52040023
S214045290BE05040018ED0300FE000000C4A80300C9
S2140452A07C5C040000000000D90504006C5C04006B
S2140452B000000000EC0504005C5C04000000000034
S2140452C0E6DE03004C5C040000000000F905040060
S2140452D03C5C0400000000000A0604002C5C040089
S2140452E000000000180604001C5C04000000000017
S2140452F0290604000C5C0400000000000000000006
S21404530000000000000000001853040036060400E5
S21404531018ED0300FE00000050060400A05604002A
S21404532000000000830604009056040000000000FD
S214045330BE0604008056040000000000D5060400E3
S2140453409453040000000000DF06040060530400C9
S2140453500000000000000000000000000000000044
S21404536070530400E306040018ED0300FE0000007A
S21404537040360400C0560400000000005136040005
S214045380B05604000000000000000000000000000A
S21404539000000000A45304000207040018ED0300F4
S2140453A0FE00000023BA03009C5C0400000000001A
S2140453B0900404008C5C0400000000000000000060
S2140453C00000000000000000D85304001507040085
S2140453D018ED0300FE000000C4A80300DC5C040013
S2140453E000000000A6000400CC5C040000000000DE
S2140453F027EF0300BC5C040000000000000000006F
S21404540000000000000000001854040030070400E8
S21404541018ED0300FE000000C0030400F45D040061
S21404542000000000F8BE0300E45D04000000000075
S2140454308DC60300D45D04000000000000000000D8
S2140454400000000000000000585404005007040048
S21404545018ED0300FE0000006E070400445E04001E
S2140454600000000078070400345E0400000000001A
S21404547083070400245E0400000000000EE303001B
S214045480145E04000000000092070400045E04009A
S2140454900000000000000000000000000000000003
S2140454A0311503009D07040018ED0300FF000000FB
S2140454B02D150300AA07040018ED0300FF000000E2
S2140454C08DE10000BC07040018ED0300FF00000097
S2140454D029E10000E9070400B10F040001FF000001
S2140454E08DE100002908040018ED0300FF00000009
S2140454F029E1000057080400B10F040001FF000072
S214045500C1E1000098080400B908040000FF000088
S214045510C1E10000C20804001F0904000000FF00E7
S2140455203DE200002D09040046090400010001FFC5
S214045530A9E200006B090400AD0904000102FF00A3
S2140455403DE20000C3090400F20904000100010260
S214045550FF000000B9DF0000230A04005F0A04000D
S21404556007FF0000D9DF0000650A0400980A04005B
S21404557001FF0000EDDF0000A00A0400F00A0400AA
S2140455800100FF0049E00000050B0400560B040070
S2140455900101FF001DE00000660B0400A00B0400E0
S2140455A001FF00009DE00000A80B0400F10B0400BE
S2140455B0010000010707FF00D9E20000430C0400C5
S2140455C0980A040001FF0000D9E300008B0C0400D5
S2140455D0CF0C0400010700010700FF008F1503002D
S2140455E0240D04006A0D04000107000101FF0000F9
S2140455F061E30000A60D0400E10D0400010000FFB5
S21404560031E30000FF0D0400430E04000100FF0018
S21404561001E30000560E0400430E04000100FF00E0
S214045620A9E30000950E0400A00B040001FF00008F
S21404563019E40000D00E0400010F04000100FF006E
S21404564049CD000018ED03000F0F0400000707FF04
S214045650EDCC000018ED0300280F0400000707FF38
S214045660F9D1000018ED0300340F040007FF000012
S214045670F9D1000018ED0300340F040007FF000002
S214045680E114030018ED0300390F04000000FF00C6
S214045690D5D1000018ED030022E6030001FF000048
S2140456A09DD1000018ED0300710F040000FF0000F8
S2140456B0CDCC000018ED030018ED0300FF00000039
S2140456C0CDCC000018ED030018ED0300FF00000029
S2140456D0B714030018ED030018ED0300FF000000E4
S2140456E0B714030018ED030018ED0300FF000000D4
S2140456F0B714030018ED030018ED0300FF000000C4
S2140457009DCC000018ED0300A70F04000101FF0064
S21404571089CC000018ED0300BC0F040001FF000054
S214045720B314030018ED030018ED0300FF00000097
S21404573051CC00008400040018ED0300FF000000B4
S21404574051CC0000C60F040018ED0300FF00000053
S214045750D1CD0000E70F0400FE0F04000001000096
S21404576007FF0000AF1403002410040018ED030024
S214045770FF0000004DCB00003E10040018ED0300AF
S214045780FF000000291503006C10040018ED030048
S214045790FF0000001B15030086100400080F040019
S2140457A000FF0000CDD40000AB10040018ED030089
S2140457B0FF00000021CA0000C510040018ED030015
S2140457C0FF000000B5C90000E810040065110400DD
S2140457D000000310FF00000091CA0000BA11040084
S2140457E02812040001FF000065CA00003D120400F0
S2140457F08012040000FF000079C900009112040022
S21404580018ED0300FF000000AD140300C0120400EE
S21404581018ED0300FF00000055C900000C13040037
S214045820080F040000FF000021C900004D14040006
S214045830A214040000FF000005C90000BC14040004
S21404584018ED0300FF000000E9C80000CC140400B3
S21404585018ED0300FF0000009D140300E01404008C
S2140458605E15040000FF0000B9C80000E915040036
S21404587018ED0300FF00000075C8000006160400BB
S2140458803116040007FF000035C800003B1604006C
S21404589094160400000500FFEDC700004717040037
S2140458A05A1704000002FF00C9C700008917040045
S2140458B018ED0300FF0000009D1403009B1704006E
S2140458C0D517040000FF00005DC700005B18040045
S2140458D0A1180400000301FF4DC70000411904008D
S2140458E087190400000301FFDD420100271A0400A3
S2140458F018ED0300FF000000372103004F1A0400D0
S214045900CA1A040002FF0000F9E700001F1B040087
S214045910B811040000FF0000C5E70000471B0400A0
S214045920B811040000FF000075E70000601B0400C7
S21404593018ED0300FF000000E9340100791B0400A1
S21404594018ED0300FF000000C1340100C61B04006C
S21404595018ED0300FF0000004D340100F11B0400A5
S214045960171C040000010100010102FF2534010098
S214045970961D0400BE1D040000FF0000053401004F
S214045980E51D040018ED0300FF0000004D33010080
S2140459900F1E040018ED0300FF000000092003009A
S2140459A0281E040018ED0300FF0000001D28010057
S2140459B04E1E04007F1E04000002FF006B1E030040
S2140459C0DC1E040018ED0300FF000000671E030041
S2140459D0091F040018ED0300FF000000D127010092
S2140459E0241F04004E1F040000FF00009125010040
S2140459F07E1F040018ED0300FF0000000D110100D7
S214045A00911F040018ED0300FF000000F5100100CC
S214045A10A91F040018ED0300FF000000E31D0300A7
S214045A20C21F040018ED0300FF000000CF1D030092
S214045A30EF1F04006920040000FF00009D240100FD
S214045A40A820040018ED0300FF0000008D230100C9
S214045A502021040018ED0300FF000000B10F010030
S214045A606421040018ED0300FF000000950F0100F8
S214045A708121040018ED0300FF0000000D10010052
S214045A802C22040018ED0300FF00000001100100A2
S214045A90BA220400FF22040000FF0000CD0F01001C
S214045AA0362304008723040000FF0000F90D0100DC
S214045AB0BA23040018ED0300FF0000009102010061
S214045AC0E62304004F2404000000FF0091020100B6
S214045AD0A4240400062504000000FF00310301008E
S214045AE04B2504007E2504000002FF003D1D030034
S214045AF0D32504002126040007FF000065040100E6
S214045B003D26040018ED0300FF00000079020100A2
S214045B10612604008626040000FF000085030100B9
S214045B20DF26040018ED0300FF00000049FC000017
S214045B301C27040018ED0300FF00000011FC000001
S214045B404627040018ED0300FF000000151C0300A0
S214045B5081270400F027040000FF00006DF5000014
S214045B6041280400C028040000FF0000071C0300AE
S214045B70062904005829040000FF0000E71B030060
S214045B809F290400EC29040000FF000041EE0000F9
S214045B90362A04006C2A040003FF000079EE000095
S214045BA0A72A0400ED2A040003FF000029ED0000E4
S214045BB0432B040018ED0300FF000000731B0300D2
S214045BC0732B0400B12B040000FF00006D1B0300C0
S214045BD0C12B0400B12B040000FF0000671B030068
S214045BE0E82B0400B12B040000FF0000611B030037
S214045BF00F2C0400B12B040000FF00005B1B030005
S214045C00372C0400B12B040000FF0000371B0300F0
S214045C10602C040018ED0300FF0000003D1B030089
S214045C20822C040018ED0300FF00000079EA00004F
S214045C30AA2C0400E32C04000001FF00A5EA0000DF
S214045C40042D040018ED0300FF000000391B0300B8
S214045C502F2D040018ED0300FF00000061EA000089
S214045C604A2D040018ED0300FF0000001DEA0000A2
S214045C70652D0400922D040000FF000005EA0000D4
S214045C80AD2D040018ED0300FF0000004DD2000007
S214045C90D82D040018ED0300FF0000004DD20000CC
S214045CA0FF2D040018ED0300FF0000003DC70000B0
S214045CB0102E040018ED0300FF00000009C70000C2
S214045CC0252E04004C2E040000FF000009C7000027
S214045CD05C2E04004C2E040000FF0000A1C6000049
S214045CE0832E040018ED0300FF0000009514030043
S214045CF09E2E040018ED0300FF000000FDC2000005
S214045D00C12E04002B2F040000FF0000DDC200009B
S214045D104E2F040018ED0300FF000000C5DE00004F
S214045D20B430040041310400010000FFA9DD000086
S214045D305E310400B231040000FF0000DDDD000027
S214045D40C7310400193204000100FF0049DD0000D9
S214045D502F3204001C3304000107FF0099140300CB
S214045D602C33040018ED0300FF000000A9D6000041
S214045D703D3304004F330400000101000007FF0018
S214045D80A1D500008A3304009B33040000010100FF
S214045D90FF000000DDDD0000EA330400FB330400EE
S214045DA0010000FF19D50000EA3304002D34040076
S214045DB000FF00007D7501003E34040018ED03006A
S214045DC0FF00000031C300008A34040018ED03000D
S214045DD0FF0000009741030018ED030018ED0300D0
S214045DE0FF0000004583010018ED030018ED0300D2
S214045DF0FF0000000983010018ED0300CF340400FF
S214045E0002FF0000B58A0100D734040018ED030031
S214045E10FF000000418A0100033504002635040013
S214045E200200FF00194203004F35040018ED03007A
S214045E30FF0000001D8A0100713504008F35040040
S214045E4002FF0000F5890100A43504008F35040024
S214045E5002FF000001000000244B002000000000A8
S214045E6000000000FFFF0000171B030000000000F6
S214045E7003000000FFFF0100F51B03000000000004
S214045E8004000000FFFF0100831C03000000000064
S214045E9004000000FFFF0000071D030000000000D0
S214045EA006000000FFFF0000791D0300000000004C
S214045EB019000000FFFF01000F1E0300AA050400DE
S214045EC04066002000000000000000000000000003
S214045ED000000000FB350400405F040000000000E2
S214045EE00136040054400400000000000836040094
S214045EF0244204000000000041030400144204008D
S214045F0000000000113604000442040000000000F3
S214045F1023360400F4410400000000003236040076
S214045F20E44104000000000043360400D4410400A9
S214045F300000000000000000000000000000000058
S214045F40505F04005536040018ED0300FE00000000
S214045F5070360400685F04000000000000000000C3
S214045F6000000000000000002B4603007536040005
S214045F7018ED0300FF03010001013F040201003F86
S214045F80040202003D040202003D04010200010274
S214045F900003010002023D040201000202020100A5
S214045FA00202000000202020202020202020282874
S214045FB028282820202020202020202020202020C0
S214045FC02020202020881010101010101010101000
S214045FD01010101010040404040404040404041030
S214045FE010101010101041414141414101010101BE
S214045FF00101010101010101010101010101010188
S2140460001010101010104242424242420202020293
S2140460100202020202020202020202020202020257
S2140460201010101020000000000000000000000007
S2140460300000000000000000000000000000000057
S2140460400000000000000000000000000000000047
S2140460500000000000000000000000000000000037
S2140460600000000000000000000000000000000027
S2140460700000000000000000000000000000000017
S2140460800000000000000000000000000000000007
S21404609000000000000000000000000000000000F7
S2140460A0000000000000000000000000A001000046
S2140460B08013002000021000C04F0020201500208E
S2140460C00000020800000000FFFFFFFFFFFFFFFFC5
S2140460D0FFFFFFFF000000000000000000000000BB
S2140460E00000000000000000000000002000000087
S2140460F08DB60100100000006DB70100000000011D
S214046100000001010001010120C001B800000000E8
S21404611000000000FFFFFFFFFFFFFFFFFFFFFFFF82
S214046120FFFFFFFFFFFFFFFFFFFFFFFFFFFFFFFF76
S214046130FFFFFFFF000102020303040506080C0C20
S2140461400C00010203040707C8C8C8C8C8C8C8C8E2
S214046150C8C8C8C8030404080808080800B801B872
S21404616002B800B0487D0400307D0400030404082F
S2140461700805000000000000000000000000000009
S21404618000000000EA06000048704C0F44700E0E33
S21404619030707E1302989A173870340F34705A0F82
S2140461A0307048102C7048102870D0112470E811F4
S2140461B020703E0F1C70901218700C1314703A0F57
S2140461C0B110086001D80A7104B87F78020C7E7892
S2140461D0641000C6881F00A01DB8707803B018604D
S2140461E00F3027B30F330111C04806987C0229B03C
S2140461F0086001D8087109DD047109BB1110166026
S214046200A048086004100112FF3221500860D048EC
S214046210086000880698381400C4441F00A000BA1A
S21404622003DF107109DF0672029836031DB8507832
S21404623000A04413281441158110086002D8147174
S21404624010880698201900C014C000B80698861B4B
S2140462500091069892020160B83020D806711EBCE0
S214046260637C784D5412F03240DE0472404804DBFE
S21404627008720DDD0C72044BEF3014480698F204D5
S21404628000C4E04000544412086201322140087CF5
S214046290811140D91C72B1123032CF4A013AB1DAB8
S2140462A0107208D8067104D80871804C237C567086
S2140462B0684C441200C4A41E00A04414413AF324BB
S2140462C00164415C412A047580B800C460400054EF
S2140462D081D8367140D90472237C084B0698F204A0
S2140462E004BA1CB9767900C1204001B835797F21FB
S2140462F06121007906B906A901D806710298100230
S214046300804C307C0298640208D86A7100C15440FC
S21404631000B8141110D95E71584C441280BDA26D99
S214046320FF25784C4412FC22513A2814104C00C223
S2140463300CC101B824122814086228140862281410
S21404634008622814304C304C00C11C4000B81411AC
S2140463501814086100C5284001B85415FF350471A7
S21404636010491814B04C441208620132067102989F
S2140463700401804C08D80C7107BA24D8047106BAF4
S214046380187004D80C7101BA40D80E7102BA0A709B
S21404639005BA20D8047203BA204C4411C04C181411
S2140463A0086118149111383111429111186110D9ED
S2140463B00472EF3200C1084001B8141110311E6196
S2140463C011422814A1110861181406986C1B18149D
S2140463D000C1084001B814111861FF31181400C137
S2140463E0448001B81411181408611814308802483F
S2140463F006989403009308DB047101F800A027B004
S2140464000F3000A01088B111186180D90A7100C13C
S214046410884000B80811009100A000C4684000B885
S214046420441000A000C0884000500411826104108B
S21404643082601050F07200A05415504512710698F0
S21404644002050698920407B8707802B841781EBA16
S2140464505B7A5C7A5D7A00C220C001B82412069882
S2140464602A1900C5481F00A05415511400C3FF0183
S2140464700000313D09647F3406989C020158512877
S2140464800475015841280E758111086102D90472F9
S214046490FF0FCC7007B8727800F8EBBD00C0441F3D
S2140464A000A00411113D10D91271FF33186300C106
S2140464B0781002B8381107B97479581000A00698F5
S2140464C092020D300472044809DC0472084800C1C4
S2140464D01CC101B8141100C3D01E00A091150435C8
S2140464E01A7218131CBB08D804716C7B04D8047188
S2140464F06A7B1DBB2F7C5B7B1670044B18131CBB7E
S21404650008D804716F7B04D804716D7B217C0C3031
S214046510026006987E040698C40B00B8B111186190
S21404652040D906720298580401BC00C2084001B85B
S21404653000DC0A7124150265604A0A702C4A241588
S21404654008654C4A043508D90471202400C13C1F50
S21404655000A0141200DC327120D8067101B80C7049
S214046560F0DA0C720CDB087102B80698860448242C
S21404657000C3384101B834138F7B0E7102B99113EE
S21404658008DB047203B928707C4914111110FD301D
S2140465900DDC1C7200C0A01E00A0041080D8107170
S2140465A000C0448001B80410E5200475804900C387
S2140465B0884000B8FFB80120114108710141181342
S2140465C00824014200C1284000B8141101411C658A
S2140465D05141911520351E6551411813281348134F
S2140465E000C3844000B8341003D81671073005DCA5
S2140465F01071B1108F780A7200C384C40350217BD3
S2140466001DB8507800B800C13C1F00A014121C60CE
S2140466102150F0300152281100A04024076400C025
S214046620FFFF0100013C17B0022001584028067500
S21404663018AC01EC00A0208800C020C001B80412E9
S21404664017B4211304123052F8711964402400C39D
S2140466505C1F00A0341014110698F60D1961009200
S21404666011592129067600BB11590698D60D876262
S214046670313B0472215A412A00A000C2686000B867
S214046680B8B91F610D49181200A0308801B911610C
S21404669000C30000C0FF3110312800BC002D0C756B
S2140466A0115418AC01EC312DF47019645113415592
S2140466B0312C009300A000C3C00FFEFF50B2313A45
S2140466C0014250AA00A006983E07FFB086780871DB
S2140466D05CB86B786E7800C2548001B800C0D81FCE
S2140466E000A004100812B822217A237A52B84178FE
S2140466F001B80C6021A809B819604CA800C0FFD1E5
S214046700C1FF4FB2013A00C0002E300001424FAA2A
S21404671024B86E78ACB9FFB004D804714CB923A978
S2140467200698A80500C01390010006982E0500A040
S2140467300698020519B81460FFB28C620F32826A9A
S214046740214006982E0549BC21B952B849B207DE45
S2140467502A7105DE0871627C607C1D0C617967789D
S21404676064786B786278657863786078617C010C0D
S214046770010C6878020C69786C78020C00C22C80D4
S21404678001B8277A287A267A6A78050C41790A0CA1
S214046790B11040D806710298BA06784A2B7A327A33
S2140467A0584A247A00C400011100404A00C01084EC
S2140467B000000812508800C584100100FBAD10BD0F
S2140467C001BB8A6B21B9FAA9C44A1812217A227A23
S2140467D000C0341F00A00410FCA8826441103030AE
S2140467E00129F9A9F8ADFBB08260FBA80330A065C7
S2140467F02110044820EC237A0410037A184A241142
S214046800DC4A01580029241004753150F8B111509F
S21404681081632A71514031400812FCB18461FCA99D
S2140468200F310E7117B0112817B111591028FA76C6
S214046830C44AF9B11812217A227AA0700095081277
S214046840F8A800C20C8001B8207A844A00B808125E
S214046850020CA44A087A020C21B84178784A0B7ACA
S214046860127A00C2C81F00A0FFB008D80472184AE3
S214046870241000DC0A7140A80422241041A80698BB
S2140468809C0200C2481F00A02410015100C4FF014E
S214046890000041391150081200A006983E0700BCBB
S2140468A000C20C8001B8217A52B84978020C4878A4
S2140468B0020C49B8417852AC21AC204A087A067AD0
S2140468C0077A49AC00A059B840785AB101D9FC728D
S2140468D0427857B8407858B101D9FC72427800A083
S2140468E000C20C8001B8217A227A21B8547852B8B2
S2140468F0BC4A24119979127107B915614CA96178BB
S21404690000BB03BC0C64147009B919614CA9417826
S21404691001BB126300C4002E300000C0FFD1C1FFCB
S2140469204FB1013941414FA9E44AC8B8081224AB13
S2140469304CB823A80698A80500C004900100FFB12F
S21404694086790471084806982E0500C08009004020
S21404695040A809B8FFB108D9047103B853A8B11008
S21404696004D80C7156BB607B57BA627A607A02D838
S2140469700C7156BB607B59BA627A607A04B86E783A
S2140469803DB8607800C05638000000C1B08001B839
S21404699014119979087200C0D604000000C124C0FE
S2140469A000B814119F79047208484CA82EB8FFB199
S2140469B008D906714AA804704BA80FB834A800C0BA
S2140469C00C5E000046B2014246AA00C12C4001B843
S2140469D0141108610631087100B90698501106981A
S2140469E03E14B11101D90E710698921B02D9067293
S2140469F00698A00C06983814511406989204069823
S214046A002A110698641700A006984E1701D80A7132
S214046A101CB85B7807B8757800B84CA84AA84BA889
S214046A2000C0F321FFFF46B1013946A904B86F78C8
S214046A3000A0FABC1964415C512C00C0581F00A089
S214046A400410012C0675069892040698780FB11067
S214046A50186005D8327140BA06980E1404B86578E2
S214046A60911004D816711CB86E7800C0684000B83F
S214046A7021780698781101400A721DB84278069863
S214046A804A1402985E0B1DB8717804B86C7841B845
S214046A90427863784478FFB104D906720298CA092A
S214046AA000C004900100FFB1867904710848069876
S214046AB02E0500C32C1F00A000C274C000B8241406
S214046AC0481300BC48121C4B1C4A2414481300BC30
S214046AD04812084B584A2414481301BC48124ABAB0
S214046AE0447A427A4BBA447A427AFFB08678047281
S214046AF0617A4CBA647A657A3DBA607A4DB942B81E
S214046B003FBB5B7966796179020C6479050C63791D
S214046B106079050C627965795A7900C2340102B845
S214046B20241305B819603140081242B86A78020C7A
S214046B304A78020C40BCFFB208DA06714ABA0670FC
S214046B404BBA627A657A677A667A6A79667B02985D
S214046B50A40A00C32C1F00A000C274C000B82414EA
S214046B6048131C4B1C4A241448133FBC48121C4AA6
S214046B7000BC4812084B444A2414481301BC48126B
S214046B804ABA647A627A4BBA647A627AFFB3867BCC
S214046B900472617A4CBA647A657A3DBA607A01D92D
S214046BA04E71647800C1708001B800C0800008008F
S214046BB008110698860B42B861784DB97F797E79BC
S214046BC06A7868786278020C7B790F0C7A79140CF0
S214046BD07479417860787579050CFFB208DA067125
S214046BE04AB804704BB8657801BC1664407002D984
S214046BF03C710698860B42B84DB96878407841785F
S214046C007F797E797B790F0C7A79140CFFB208DAD7
S214046C10087171794ABA067070794BBA7279657AD6
S214046C206A78020C4A78050C01BC1664020C417999
S214046C3040790C0C00C04C0102B848100698F204C7
S214046C4000C4784000B8007C00C0A01E00A0041158
S214046C5080D93271911104D92C727F20212004111D
S214046C60FD310DDD207200C0448001B80411E52119
S214046C70147600C0244001B804118A790871207C77
S214046C80104C207C2AB86278511400C0581F00A00B
S214046C900410012C17B001118768015841280E769C
S214046CA005218769415C412D112D067006989204D2
S214046CB042B84DBB7C7B6478020C29B868785114C2
S214046CC0404406750698920442B844782AB8427836
S214046CD0FFB101D90C7100C1548001B8CBB80811BA
S214046CE0911004D8147100C0A01E00A0041080D80F
S214046CF0067107B8537800F807B800C1CC1E00A088
S214046D0000C220C001B824122811777800F8B11008
S214046D109478387106989C02E4B9115911280676BD
S214046D2000B80C70A0B9115901290475A0B8826086
S214046D3000C3C01F00A03413012B341000C3FFFF90
S214046D4000FF42B13139114042A800A01DB091782D
S214046D50FA7142B86478020C00BA29AA00C45480B6
S214046D6001B842B84DB900C3C04001B83413977B8C
S214046D70047240EC020C44785C7953AA0A0C28147A
S214046D8042B84DB9FFB301DB2671244C00C3FF0F94
S214046D90FF0138145479407841785579020C5B79B0
S214046DA05A79140C5F795E794A784278347002DB3B
S214046DB01471527951795079020C5B795A795F795A
S214046DC05E791E7004DB1A7100C4FF07000000C35E
S214046DD0342102B848133FBB467B020C5B795A79D0
S214046DE03DBB407B4CBB447B457B00C3301F00A0AF
S214046DF03414403C207100C068C000B84810281302
S214046E001C4B1C48341448102813144B44483414A0
S214046E10481028134AAA4BAA04B86D781DB85178AE
S214046E205CB84B784E7800A000C074C000B804115B
S214046E30108800B9181068480411108801B90B614D
S214046E4018102C4804111088008800C1231C000068
S214046E5018104AB864784BB86478260C28B000C179
S214046E60FFFF0FF0113871B90B61114028A828B93B
S214046E707379747900C21010303045AA54790E0C18
S214046E8000C0E84001B8041100C23030101045AA12
S214046E900E0C0410008810880698620D009100906D
S214046EA020888F618F600698620D0090886A214062
S214046EB00112906A035800C13F3F00001138FFBC1E
S214046EC0022441281138014245AA28B953794AB800
S214046ED044784BB8447800900091181000912C48E0
S214046EE0181000916848181000A0916843609169D2
S214046EF04361115B012B112841603128315B00BAD4
S214046F00302806763128204A416330280676312810
S214046F10104A4163302806763128084A41633028EF
S214046F2006763128044A4163302806763128024A18
S214046F30416330280476014A00A0115910D906711D
S214046F400860086008D90471086004D904710460F4
S214046F5002D90471026001D90471016000A000BA6C
S214046F6001D806710148112A1F61016001D8F67222
S214046F700138F67200A000C220C001B824121159CC
S214046F802129127300210E7100C238C001B82412E0
S214046F900121212900A002B020D8147100C0B01E1F
S214046FA000A0041002B9457906987613EA7003B077
S214046FB09F78087200B806A800F806983E0700C531
S214046FC0641F00A05088044D1CBC00C0B41E00A062
S214046FD0811101D91E71407C009501150C4D508815
S214046FE0044DFFBB1863315B04110698EE0D31297E
S214046FF0F8750698681A54150698921B01D90872F3
S2140470000698580706700698F4071CBB547B069827
S2140470104E1701D8067202981A0FFFB901211038CC
S214047020F67281129B7AF07100C2448001B824146F
S21404703000C0C01E00A0041001130020041040501D
S2140470400C7200B90698280F18B90A7018B9069871
S214047050280F00B900B806981E0F704A08B806989C
S2140470601E0F00C2284000B814B806981E0F00C2AF
S214047070EC4001B80CB806981E0F202210B80698EB
S2140470801E0F1088308806985807009300910698BB
S214047090280F00C0C41E00A00412FFB9012121411C
S2140470A01810009500F8312811280410081200A0C2
S2140470B004B831281128F8B1181000A006988008E2
S2140470C00E700698C40B06988008069872120698E6
S2140470D012079112211900C02C4001B80A780978C9
S2140470E000F810B901BA0698041406982A110698EE
S2140470F0641700C5641F00A081109D78FC7200F818
S214047100911203321CB900C3A01E00A0341300C49D
S214047110B04000541DB84278707903DE0671447896
S2140471203A707179A11020D806710298541080DB49
S2140471301C7102D8187205B80814A1101030024841
S214047140081400B808149110086008141DB8627872
S214047150A11000DC0676517900BA06984E1701D8BD
S2140471602272911120311D61911004D80E7200C153
S214047170501F00A0141101D90A71208806985011D6
S214047180009200C1204000B801DB1871084C03DEF1
S2140471900471904C441400C3FF1F0000413BFF23BE
S2140471A03811944900C3384101B83413086380DBAE
S2140471B00C7103BA186206983C1008701862069898
S2140471C03C100C490879097914102140081100A0D4
S2140471D000BD0698760210B903DC047100B901BA42
S2140471E00698041402D9067100404E7203B1186161
S2140471F00F3106987811FFD82872811008D81871B4
S21404720006DD0A710698760203DC0C720698BC1139
S21404721006984A140C7006DD10710698C211487060
S21404722020B804A806DD107206988008069812078F
S21404723001F840B804A800F800C0A01E00A004137B
S214047240086301DB227191100111186111381DB910
S21404725010D8087144790298541002DBFA72A1130C
S21404726028DBF47203BD06981E11069880081DBA22
S2140472707F7A0698F20400C5681F00A00698760276
S21404728000BA03DC1672044DA11002D804711C4D1A
S21404729000C10CC101B80698AE045415212D0698F9
S2140472A03E050298AA08911001550335515001195C
S2140472B000A000C14C1F00A0141001D84271014860
S2140472C00860FE200E75811020D8087100C1501F7A
S2140472D000A0141101D9287100C02C4001B8041272
S2140472E0215108610F3118611152281000C008405E
S2140472F001B804119112215120311152211900A014
S214047300811380DB067201B800A000C314C001B864
S214047310341006302E726C4B34121C4B341018602A
S21404732002302072811080D8DE713410014A08625F
S2140473300460803021508C480A717F234D2334101A
S214047340013000A000BD06981E111CB84778457889
S214047350437802B8447800A0069880080698BC11C2
S21404736000C5741F00A0541506983E050298AA0886
S214047370B1138F7B0A7200C384C40350017B069842
S2140473803E1400C1384101B814118F790E7100C142
S214047390B84000B800BA06983C1050BA06980E14C6
S2140473A006987811FFD84A71911004D84872811053
S2140473B008601CD8407220D938721112FF3221514D
S2140473C0347180218021111400C0D81E00A004133B
S2140473D0FFBA3151113A215111531DB938107B7936
S2140473E040440E7200B900C2AC1E00A0181206700B
S2140473F004B860780698381400F800B900C2A440AF
S21404740000541812644A0AB918121CBA507A517AEF
S2140474101DB942795F7900A00698760207DC1072DF
S214047420911000200A75069872120298660F069844
S214047430120701B9911004D8047100B910BA06985D
S214047440041400BA0040347100C0A01E00A0041149
S214047450086101D9127104D9E2728110086001D85A
S214047460DA711DB8647800C11CC101B80698AE0470
S21404747001B81160002A047600BA00C5781F00A07F
S2140474805415212D069872120698580700C57C1FBD
S21404749000A000F800BC811108D9167280D92072A9
S2140474A001B910BA0698041400400E7101BC10709D
S2140474B00698BC1106984A1420B804A800F8069842
S2140474C0721281110231127100B900C214400054C4
S2140474D01812244A02B918120698BC1100C5801F57
S2140474E000A054150698F01A0298AA08041101215F
S2140474F014711CBA737A042004122811042004118F
S2140475000121F47200A00698F20401F806984E17BA
S21404751001D81671FFB9012110380E7281109B78BC
S214047520087104B9677900F8911010D8287100C55D
S2140475301CC101B854110698EE0D00C5C81E00A063
S21404754054155129EA7507B876781DB8447801B8F9
S21404755004A800F8B110186010D82E7100C050406E
S214047560005400C3084000B83114984C4411341138
S214047570086101D9FA7144122810086228100862BA
S214047580281008622810E8700298B0020698920242
S214047590113804721E6202BB00C1D81E00A014116A
S2140475A020390C72911210DA0672417B00A00698FC
S2140475B03E1400C2A01E00A0241220DA0472617BCE
S2140475C01CBA527A00A01CBA727A811204DAFC72CF
S2140475D000A01CB86B7800C0684000B82F7800A0E4
S2140475E006984E1701D83A7100C22C4001B82410F0
S2140475F00360911120310151383111501D60081279
S2140476001DB9457900C2448001B8241200C0C01ECA
S21404761000A004101820002004102050047165797E
S21404762010631EB9637900B902EC00CD114502EC73
S21404763000CC01DB087100BB0298D61803B84111D0
S2140476400731FA211C760621911210DA087102DD40
S21404765010721E7020B80698B20D3038147208B82E
S21404766006987E0400C02C4000B82978207800F8DC
S214047670056020D8067102980C1602EC00CA05B8FC
S21404768023DA187104DBDA7120DAD67110DAD272D2
S2140476901EB8617800B801DA067202EC00C89111CF
S2140476A010D9267100C1B81E00A014111150FF3065
S2140476B00C720761A110115002300A7180DB0A7245
S2140476C00AB89E701DB97C79186091111140211179
S2140476D0C031114001191EB8411108D904716678E9
S2140476E020D904726578A11002D80672C0DA1E7119
S2140476F01EB8273123DD087210DB1072607825DD92
S2140477000A7121DD087208DB0471627803B841113E
S21404771007310872A1152035AA7102DD2072A11165
S21404772020D9A07102D91672CCDA9872411140D9C8
S214047730927206B8054D5A720298AE142111404949
S214047740C0D94C71A03141154035026551410461E0
S214047750086308DA1E7204DA36721049A115023577
S214047760067110DB0E7201340A7108DB22711EB832
S2140477706778CC3211101A300ADC0872CCDE047139
S214047780FD3100C00D0F0C0D216001D85C7207B8E6
S2140477900298D81400BA411108D90C7102EC00CA38
S2140477A005B830DAEC720734F031036101DA04719B
S2140477B0014900C0F300A3E3216001D8D27100C0E0
S2140477C09814406821604030014440DA0471204C2B
S2140477D004320262204A111006301F60014218313A
S2140477E01D6111420298F614204A00C0051708507D
S2140477F02160113001422088FFBB0DDA507100C1B0
S214047800DE1B250180BC04DA107208DA0A7200C195
S21404781020841000E024A02408634143026401DAB3
S21404782006711E49024B00C0201F00A008633810D2
S214047830BC2002DA127101B91159A11380DB087158
S21404784000C100FCFF0118100298621800C4A01EB4
S21404785000A0441080D87C710092D0DA06710DDA4C
S2140478600C711EBD437DEFBD0698140304620DDA49
S2140478708672A11105D95C7100C2404000542412DE
S2140478801424281401D9067202D9327140D91E7103
S21404789002EC00CA211018320471FA2220D80472AD
S2140478A00822FE22087502EC00C8F87001D90E7191
S2140478B002EC00C802D9067204DC187200C0A01ECE
S2140478C000A004101D6001D806711EB8647807B8BD
S2140478D073780298D61800C0A01E00A0041080304A
S2140478E00A7100C0C41E00A0041000A006984E171B
S2140478F001D82E71911010D828728110A0D8227247
S21404790003B084781C7200C12C4001B814100DBA60
S214047910487A697A6B7A08111CB87B7807B8757848
S21404792000A0641000C6881F00A0C3B806987C0296
S21404793000C4441F00A014BA281400B8011AB110D9
S2140479408F780A7200C084C40350017891101030F6
S214047950011905BA06980E1402D9067101B804A8CE
S21404796000C0A01E00A004130698641180DB0671F4
S214047970029858141DBA7C7A01DB6A7100C2241F6F
S21404798000A024111114FF3402EC00C8FF24FA7678
S21404799008610698C20D046111380F300461111491
S2140479A0011141100698C20D01D8087203B8029856
S2140479B0D8140C4A01DB2271241011281128041251
S2140479C002300471106200C0FFFF0000213800C2BC
S2140479D0204000B8FF200812411008600698C20D27
S2140479E001D87C7120BC1033767100BB00C1201F07
S2140479F000A01415C021112C511218620F320E71FA
S214047A00408851140698FA184143009451120865A8
S214047A101C620F320E71411151140698FA181C6438
S214047A2041430865513B00C1DC1E00A0141111122D
S214047A3031100F30127100BA056101D80471114279
S214047A4001600FD8F472311003601E30047201B85E
S214047A50003A087204B80298D8140298C41600C0F3
S214047A60384101B804118F7914717F2069200411FC
S214047A700861303110DD06711DBA637A0698120368
S214047A8000F830885088FF34087102ECFF24F87040
S214047A9002EC00CD1410595001440421FF22F27266
S214047AA00F4C0095009300A000C1A81E00A014115E
S214047AB000A030880698421B8111086102D906721C
S214047AC00298061A1CBB557B086120D906710298D9
S214047AD0F6190088A11018600698201908211415B4
S214047AE0FC251EBB5C7B5D7B00C1084001B81411FD
S214047AF00731FE21307608D82A725113FC2334133A
S214047B0004DB20711863FF33315B00C110C000B87A
S214047B101411086180490C71FF31302954751EBB5D
S214047B207B7B10707B7B7C7B00DD04717D7B01BBE3
S214047B303815EC25541300DF5471042505DF547101
S214047B405415211120880698EE0D009251293E7591
S214047B5000C1084001B8141102DB0C710731315B17
S214047B6031292A760C7004DF0872016180D91E72EE
S214047B700698201900C010C000B80698861B069800
S214047B8020191411FFD9607202984C1A00900093C1
S214047B9000A05415A111186110D9A672082508D89A
S214047BA0A071082510D89A71208821110698EE0D28
S214047BB0FC255412112AF82554110C2520D80871D6
S214047BC0F025541110252029047621591815009201
S214047BD00298B81907B97179811010D80A711CB8BF
S214047BE0447802B841781CB9747904B9677900F806
S214047BF08110A0D808711CB9497900A0086002D881
S214047C00FA7106982019108806983E14106210DA45
S214047C10087108211415F025541100C20020FEFF37
S214047C20202912750698921B01D90A7206988008B4
S214047C300698120700941CBB41100C200698641387
S214047C4041110821141006986413312844111112A6
S214047C500861FF31FF3201221052107218611814A5
S214047C6004244413042438140C7018612141181495
S214047C7008240814029838144044147100C1AC1E39
S214047C8000A0141551131C630FDB0C7219650698BB
S214047C900205411500A000C3784000B83413807B69
S214047CA006720698120706983E1408BB51140698E6
S214047CB0B01A4415FC25541500C3784000B8341394
S214047CC0807B047100A002983E051CB900C3A01E68
S214047CD000A03413086308DB1A718113A0DB067155
S214047CE0497910706979086302DB087204B9677908
S214047CF000F800A08111086102D910711CB97579C9
S214047D00069820191411FF3100A0FFB900A0041032
S214047D1008211411F421081100A0811110611031FA
S214047D200E710698201908211411F821141100A0C8
S214047D30887F040000000000607D0400010000004D
S214047D400000000000F04902887F040000000000E4
S214047D50847D0400010000000000000000F04902D9
S214047D60A87D04004063598F404B4C000B000B0069
S214047D701A00FF7FD4660020000000002A82040058
S214047D8000000000987E04004063598F404B4C006E
S214047D900B000B001A00FF7FD466002000000000D2
S214047DA02882040000000000FC1F010388810400F0
S214047DB01CC0011000F807001CC0013014020800A3
S214047DC050C00100874130042440060107006200C9
S214047DD03870000000000000000000030068010F77
S214047DE040B8244058400101FC0069008040050169
S214047DF02363E0119BC34A74F00300000380000071
S214047E00BE0A0000E040010133000000F040040117
S214047E10590B0000640483078813C83A90200A00AC
S214047E2028410101001E00003C410B0100148C0097
S214047E30141A21282E343B42495043557698BA0CDE
S214047E4028690000010000000721286414171A009E
S214047E502004C869A1203A093C4201012900000017
S214047E60A080020170780300D5C00000A88001112C
S214047E70F0010000A88001310542CB01AC8001115D
S214047E80F0010000AC80013105228D00B0800101B4
S214047E9000030002FFFFFFFFFC1F0103D88104005C
S214047EA01CC0011000F807001CC00130F5020800D1
S214047EB050C001008741300C2440060107C0520020
S214047EC000000000000000000000000300000000A6
S214047ED000000000584001016402FF0080400501D4
S214047EE04B01A0089BC34A74F00300000000000086
S214047EF000000000E040010133000000F0400401EF
S214047F0000000000640483078813C83A9C200A0013
S214047F1028410101031000003C410B010000000051
S214047F200000000000000000000000000000000048
S214047F300000000001000000000000000000000037
S214047F4000000000000000003C42010100000000A8
S214047F50A080020170780300D5C00000A88001113B
S214047F60F0010000A88001310542CB01AC8001116C
S214047F70F0010000AC80013105228D00B0800101C3
S214047F8000030002FFFFFFFF0C4002000180140004
S214047F907F400000204002000000000000000000B7
S214047FA03040070000000000000000000000000051
S214047FB0000000000000000000000000A007000011
S214047FC050400100000000005C4002000000000079
S214047FD000000000A840010007000000B4400400B0
S214047FE000400000FF4C000000410000FF4D000070
S214047FF008C001000000000020C00110FF000000BF
S21404800020C001300043000024C00400EC80B30309
S2140480104375A802000000002E02000054C00300AE
S2140480200E2D09E654060708D1B6020064C00800FF
S2140480300430000040201006C8F248181FE8F60076
S214048040BD4B721511A3180510325476980A000019
S21404805088C00100000000000800010104070000B9
S214048060180001010000000020000101088400003F
S2140480701C4002011000000020F913045C400501B6
S2140480804108000001000000B0070800A700000037
S21404809000000000944007010101103050707F7FFB
S2140480A000000000000000000000000000000000C7
S2140480B000000000E440010100000000EC40010163
S2140480C07DA8D98B0041020100612000B756351205
S2140480D00C410301F95412002030042988BB4000E7
S2140480E02441010100000000304103016406660CCF
S2140480F00C010000E853FA00684103016404830796
S21404810088138200000000003042030100000000D3
S2140481100000000E000000004442010100000000C0
S214048120108001010300000038800201114910008C
S2140481300100000088800101000000009C8001010D
S214048140EB400200B48001013700000188000202FF
S214048150000C00044C00000094000102000400001F
S214048160D00002020E00000090029608E40001020D
S2140481703D094204F4000102000000001801010257
S21404818060005102FFFFFFFF1200000066666600F3
S214048190000000003C8204002C8204000000000062
S2140481A0001A9A00005A620280841E000420FE0010
S2140481B0114950020000000000000000000000000A
S2140481C00000000000000000B1841E000000000053
S2140481D00000000000000000120000006666660052
S2140481E0000000003C8204002C820400000C000006
S2140481F0001A9A00005A620280841E0004200000BE
S21404820011495002000000000000000000000000B9
S2140482100000000000000000B1841E000000000002
S214048220000000000000000005040000E119000042
S214048230E11900000000000000000000193F0106DC
S21404824004100100000101060010270000090000C8
S2140482500000000000000000D1BF010081BF010043
S2140482608DBF01007DC00100E54B03007F51030074
S21404827083510300875103008B5103008F51030081
S2140482800001030464EE01001000000024E1010074
S2140482901A00000079EB01001100000075E40100EB
S2140482A01100000063E511000400000023E1110042
S2140482B00400000025E101000800000026E101009A
S2140482C00A00000027E10100020000000000000090
S2140482D000000000358404002F8404000000000021
S2140482E036840400EF46040000000000E94604005B
S2140482F0EB46040000000000ED4604000D84040074
S2140483003B840400F0460400EA4604000000000033
S214048310EE46040028830400E7460400E84604000A
S214048320EC460400E6460400000203040508090AB5
S2140483300B0001020304051D2000B401080202001C
S214048340AA00FFFFFFFFFFFFFFFFFFFFED6E030026
S214048350E91C020065480200B5E50200754B020000
S2140483605358030055580300575803005958030040
S21404837075AC02001185020055C6020061DF0200DA
S214048380853902004D580300B18702004F58030098
S214048390892D0200515803004D4103007D3202002E
S2140483A0BD160300000000000013000000000000DB
S2140483B000000000010000003D8B020002000000E7
S2140483C04B69030003000000958A020004000000C5
S2140483D0C568030005000000358A0200000000009E
S2140483E0000000000023001B2200FF000000000025
S2140483F00C090202000000001C1A0B0303FF060807
S2140484000402020204020A0B030302030480FF02AE
S21404841004FF010101010800000000000000005AEA
S2140484206967426565416C6C69616E636530398065
S210048430008F8E8C80808006080C108064
S20C04843CA0C8FB7F010000004C
S21004844450840400D0620020C401000034
S2140484500000000000000000FFFF00000100000014
S2140484600000000000000000000000000000000003
S21404847000000000000000000000000000000000F3
S21404848000000000000000000000000000000000E3
S21404849000000000000000000000000000000000D3
S2140484A000000000000000000000000000000000C3
S2140484B000000000000000000000000000000000B3
S2140484C000000000000000000000000000000000A3
S2140484D00000000000000000000000000000000093
S2140484E00000000000000000000000000000000083
S2140484F00000000000000000000000000000000073
S2140485000000000000000000000000000000000062
S2140485100000000000000000000000000000000052
S2140485200000000000000000000000000000000042
S2140485300000000000000000000000000000000032
S2140485400000000000000000000000000001000021
S2140485500000F001080000000810002001002301BC
S2140485600400000010100020060030010100000086
S21404857014100020FFFFFFFFC0EA2101C0EA21011A
S2140485800080000000F049020C64002000600B002C
S2140485900080000014340020C8000000FE00000024
S2140485A0000000002838040018100020FFFFFFFF1A
S2140485B0D83B04003300000045E60000330000000A
S2140485C0011B030093B4030097B40300A4B4030090
S2140485D0B1B40300BEB40300CBB40300DEB403009E
S2140485E0F0B40300FDB403000AB5030017B5030096
S2140485F02CB503003FB5030051B5030066B5030070
S21404860075B5030086B5030095B50300A5B503004C
S214048610B1B50300BEB50300CEB50300E0B5030054
S214048620EFB50300FEB5030007B603001CB603004F
S21404863031B6030046B6030066B6030074B60300FC
S21404864093B60300AEB60300C1B60300CEB603006D
S214048650E3B60300F2B6030001B7030013B7030042
S21404866025B7030038B703004BB7030061B7030010
S214048670000000000F00000098B90300AFB9030023
S214048680FF000000000000000000000000000000E2
S21404869000000000000000000000000000000000D1
S2140486A00030E70400C818030CC2030011C203001C
S2140486B03EC2030069C2030097C20300C5C203009A
S2140486C0F4C2030021C3030051C3030081C30300A3
S2140486D0D1C30300FFFFFFFF00F80300FFFFFFFF07
S2140486E00000040000000400005C260570650020FD
S2140486F0060000005C5E0400000000000100190093
S21404870001000000FC3F00200100190001000000E9
S214048710FC3F00200100190001000000FC3F00207F
S2140487200100190001000000FC3F002001001900B0
S21404873001000000FC3F00200100190001000000B9
S214048740FC3F00200100190001000000FC3F00204F
S2140487500100190001000000FC3F00200100190080
S21404876001000000FC3F0020010019000100000089
S214048770FC3F00200100190001000000FC3F00201F
S2140487800100190001000000FC3F002008440020FE
S214048790000000000000000058470400244B00209E
S2140487A024660020E44D0020E335040006000000A3
S2140487B0000000000000000000000000BC5E040092
S2140487C0D45E0400EE35040018ED0300FE0000003D
S2140487D05466002000000000F44D00205C4E00208B
S2140487E0C44E00200000000000000000000000004E
S2140487F00000000000000000000000000000000070
S214048800000000000000000000000000000000005F
S214048810000000000000000000000000000000004F
S21404882077470300A8600400FFFFFFFFBB4A03006E
S214048830B74A0300FFFFFFFFBF4A0300FFFFFFFF27
S214048840FDEA0100FFFFFFFFFFFFFFFFFFFFFFFF43
S214048850FFFFFFFFFFFFFFFFFFFFFFFF000000001B
S21404886020A1070000000000298803000000000083
S21404887000000000000000000000000000000000EF
S2140488800000000000000000000000000454002067
S214048890F91202006D2C020018ED0300000000001F
S2140488A00000000000000000000000000454002047
S2140488B0911902000000000018ED030000000000FB
S2140488C00000000000000000000000000454002027
S2140488D0B92302006D2C020018ED0300000000000E
S2140488E0000000000000000000000000DB3604006A
S2140488F004540020113E02000000000018ED03009E
S214048900000000000000000000000000000000005E
S21404891004540020154702000000000018ED030070
S214048920000000000000000000000000000000003E
S21404893004540020715702000000000018ED0300E4
S214048940000000000000000000000000000000001E
S214048950B80B000004540020515B02000000000025
S21404896018ED0300000000000000000000000000F6
S21404897000000000045400203164020000000000DF
S21404898018ED0300000000000000000000000000D6
S2140489900000000004540020A1650200000000004E
S2140489A018ED0300000000000000000000000000B6
S2140489B00000000004540020875E0300000000004E
S2140489C018ED030000000000000000000000000096
S2140489D00000000004540020E968020000000000C3
S2140489E018ED030000000000000000000000000076
S2140489F000000000045400208D6D020000000000FA
S214048A0018ED030000000000000000000000000055
S214048A1000000000045400204F6B03000000000018
S214048A2018ED030000000000000000000000000035
S214048A30000000000454002005C6020000000000E8
S214048A4018ED030000000000000000000000000015
S214048A50000000009770030004540020D1DF0200D9
S214048A606D2C020018ED030000000000000000005A
S214048A7000000000000000000454002041E602004C
S214048A800000000018ED03000000000000000000D5
S214048A900000000000000000FFFFCEFAEFBEFFFF5C
S214048AA0FDFFFDFF0C002C01001E2C01400680007B
S214048AB0FFFF04F8FFFF0C00000000000000400069
S214048AC0FDFF2C019C000000FFFFFDFFFFFFFFFFE2
S214048AD060EA8000800010C1CDAB3201FFFFFFFFCB
S214048AE0FFFFFFFFFFFFFFFFFFFFFFFFFFFFFFFF8D
S214048AF0FFFFFFFFFFFFFFFFFFFFFFFF01FF05FF75
S214048B00FFFF0101FFFF0201FFFF640250FF0F0297
S214048B1008031E050216010A0C05200705100101AC
S214048B200F080101010104FF030101FF0C01FF40CE
S214048B305AB47F0150403000FFFFFF0B03FF050BC4
S214048B4001030105020201FFFFFFFFFFFFFFFF0114
S214048B500102FFFFFF010000BD4C0000954C000021
S80400747116
